{"type": "FeatureCollection", "features": [{"type": "Feature", "geometry": {"type": "Point", "coordinates": [98.97583, 18.79333]}, "properties": {"id": "cm-weedth-26fea720", "name": "1G SHOP", "nameTh": null, "nameEn": "1G SHOP", "cat": ["cannabis"], "province": "cm", "slug": "1g-shop-26720", "rank": 2}}, {"type": "Feature", "geometry": {"type": "Point", "coordinates": [98.98498, 18.79013]}, "properties": {"id": "cm-weedth-f17a5180", "name": "420 Design Studio", "nameTh": null, "nameEn": "420 Design Studio", "cat": ["cannabis"], "province": "cm", "slug": "420-design-studio-175180", "rank": 2}}, {"type": "Feature", "geometry": {"type": "Point", "coordinates": [98.98593, 18.77342]}, "properties": {"id": "cm-weedth-27c05b62", "name": "420 Network - Weed Dispensary and Medical Cannabis Clinic", "nameTh": null, "nameEn": "420 Network - Weed Dispensary and Medical Cannabis Clinic", "cat": ["cannabis"], "province": "cm", "slug": "420-network-weed-dispensary-and-medical-cannabis-clinic-270562", "rank": 2}}, {"type": "Feature", "geometry": {"type": "Point", "coordinates": [99.01067, 18.78732]}, "properties": {"id": "cm-weedth-be1ef760", "name": "420 Store (Nong Pa Khrang)", "nameTh": null, "nameEn": "420 Store (Nong Pa Khrang)", "cat": ["cannabis"], "province": "cm", "slug": "420-store-nong-pa-khrang-1760", "rank": 2}}, {"type": "Feature", "geometry": {"type": "Point", "coordinates": [98.97583, 18.79333]}, "properties": {"id": "cm-weedth-8d33c137", "name": "666 CNX Cannabis Hostel", "nameTh": null, "nameEn": "666 CNX Cannabis Hostel", "cat": ["cannabis"], "province": "cm", "slug": "666-cnx-cannabis-hostel-833137", "rank": 2}}, {"type": "Feature", "geometry": {"type": "Point", "coordinates": [99.03834, 18.84416]}, "properties": {"id": "cm-weedth-1f466c6f", "name": "AID Cannabis Stations - ร้านกัญชาแม่โจ้", "nameTh": "AID Cannabis Stations - ร้านกัญชาแม่โจ้", "nameEn": null, "cat": ["cannabis"], "province": "cm", "slug": "aid-cannabis-stations-14666", "rank": 2}}, {"type": "Feature", "geometry": {"type": "Point", "coordinates": [99.00065, 18.91561]}, "properties": {"id": "cm-weedth-685979b8", "name": "AID Cannabis Stations - ร้านกัญชาแม่โจ้", "nameTh": "AID Cannabis Stations - ร้านกัญชาแม่โจ้", "nameEn": null, "cat": ["cannabis"], "province": "cm", "slug": "aid-cannabis-stations-6859798", "rank": 2}}, {"type": "Feature", "geometry": {"type": "Point", "coordinates": [99.03834, 18.84416]}, "properties": {"id": "cm-weedth-978afe0c", "name": "Akarawin farm", "nameTh": null, "nameEn": "Akarawin farm", "cat": ["cannabis"], "province": "cm", "slug": "akarawin-farm-9780", "rank": 2}}, {"type": "Feature", "geometry": {"type": "Point", "coordinates": [98.98593, 18.77342]}, "properties": {"id": "cm-weedth-3344eef4", "name": "Alice weed farm", "nameTh": null, "nameEn": "Alice weed farm", "cat": ["cannabis"], "province": "cm", "slug": "alice-weed-farm-33444", "rank": 2}}, {"type": "Feature", "geometry": {"type": "Point", "coordinates": [98.98028, 18.8064]}, "properties": {"id": "cm-weedth-b37b1df5", "name": "Amazing Kush", "nameTh": null, "nameEn": "Amazing Kush", "cat": ["cannabis"], "province": "cm", "slug": "amazing-kush-3715", "rank": 2}}, {"type": "Feature", "geometry": {"type": "Point", "coordinates": [99.03834, 18.84416]}, "properties": {"id": "cm-weedth-17d50729", "name": "Astro Social Club & Lounge | Weed Cannabis กัญชา Ganja 大麻 マリファナ Marihuana", "nameTh": "Astro Social Club & Lounge | Weed Cannabis กัญชา Ganja 大麻 マリファナ Marihuana", "nameEn": null, "cat": ["cannabis"], "province": "cm", "slug": "astro-social-club-lounge-weed-cannabis-ganja-marihuana-1750729", "rank": 2}}, {"type": "Feature", "geometry": {"type": "Point", "coordinates": [99.03834, 18.84416]}, "properties": {"id": "cm-weedth-47427ba4", "name": "Astro Social Club & Lounge | Weed Cannabis กัญชา Ganja 大麻 マリファナ Marihuana", "nameTh": "Astro Social Club & Lounge | Weed Cannabis กัญชา Ganja 大麻 マリファナ Marihuana", "nameEn": null, "cat": ["cannabis"], "province": "cm", "slug": "astro-social-club-lounge-weed-cannabis-ganja-marihuana-474274", "rank": 2}}, {"type": "Feature", "geometry": {"type": "Point", "coordinates": [98.97583, 18.79333]}, "properties": {"id": "cm-weedth-ef7f14f4", "name": "Auntie Yen & Co. Cannabis Dispensary 大麻 (on 4th Floor)", "nameTh": null, "nameEn": "Auntie Yen & Co. Cannabis Dispensary 大麻 (on 4th Floor)", "cat": ["cannabis"], "province": "cm", "slug": "auntie-yen-co-cannabis-dispensary-on-4th-floor-7144", "rank": 2}}, {"type": "Feature", "geometry": {"type": "Point", "coordinates": [98.98498, 18.79013]}, "properties": {"id": "cm-weedth-2e0ca2f7", "name": "Aura Herb", "nameTh": null, "nameEn": "Aura Herb", "cat": ["cannabis"], "province": "cm", "slug": "aura-herb-2027", "rank": 2}}, {"type": "Feature", "geometry": {"type": "Point", "coordinates": [98.98498, 18.79013]}, "properties": {"id": "cm-weedth-f03226cb", "name": "Aura Herb", "nameTh": null, "nameEn": "Aura Herb", "cat": ["cannabis"], "province": "cm", "slug": "aura-herb-03226", "rank": 2}}, {"type": "Feature", "geometry": {"type": "Point", "coordinates": [98.97583, 18.79333]}, "properties": {"id": "cm-weedth-cc2cf50e", "name": "BANTHOM CANNABIS", "nameTh": null, "nameEn": "BANTHOM CANNABIS", "cat": ["cannabis"], "province": "cm", "slug": "banthom-cannabis-250", "rank": 2}}, {"type": "Feature", "geometry": {"type": "Point", "coordinates": [98.98593, 18.77342]}, "properties": {"id": "cm-weedth-43d27988", "name": "BC Green Grower Cafe", "nameTh": null, "nameEn": "BC Green Grower Cafe", "cat": ["cannabis"], "province": "cm", "slug": "bc-green-grower-cafe-4327988", "rank": 2}}, {"type": "Feature", "geometry": {"type": "Point", "coordinates": [98.97583, 18.79333]}, "properties": {"id": "cm-weedth-78e63e93", "name": "BC Green Grower Cafe สาขานิมมาน", "nameTh": "BC Green Grower Cafe สาขานิมมาน", "nameEn": null, "cat": ["cannabis"], "province": "cm", "slug": "bc-green-grower-cafe-786393", "rank": 2}}, {"type": "Feature", "geometry": {"type": "Point", "coordinates": [98.9923, 18.78902]}, "properties": {"id": "cm-weedth-3d429cfb", "name": "BEST WEED SHOP in Chiang mai - Matez weed shop#1 大麻 กัญชา", "nameTh": "BEST WEED SHOP in Chiang mai - Matez weed shop#1 大麻 กัญชา", "nameEn": null, "cat": ["cannabis"], "province": "cm", "slug": "best-weed-shop-in-chiang-mai-matez-weed-shop-1-3429", "rank": 2}}, {"type": "Feature", "geometry": {"type": "Point", "coordinates": [99.00684, 18.90323]}, "properties": {"id": "cm-weedth-fc1e421e", "name": "BIGJOINT - 420CNX (Weed Shop) 大麻店 MAEJO", "nameTh": null, "nameEn": "BIGJOINT - 420CNX (Weed Shop) 大麻店 MAEJO", "cat": ["cannabis"], "province": "cm", "slug": "bigjoint-420cnx-weed-shop-maejo-1421", "rank": 2}}, {"type": "Feature", "geometry": {"type": "Point", "coordinates": [99.01067, 18.78732]}, "properties": {"id": "cm-weedth-13e2cf97", "name": "BIO420LAB", "nameTh": null, "nameEn": "BIO420LAB", "cat": ["cannabis"], "province": "cm", "slug": "bio420lab-13297", "rank": 2}}, {"type": "Feature", "geometry": {"type": "Point", "coordinates": [99.11283, 18.85074]}, "properties": {"id": "cm-weedth-c898445a", "name": "BUDDYNICE FARM ร้านกัญชา cannabis shop", "nameTh": "BUDDYNICE FARM ร้านกัญชา cannabis shop", "nameEn": null, "cat": ["cannabis"], "province": "cm", "slug": "buddynice-farm-cannabis-shop-898445", "rank": 2}}, {"type": "Feature", "geometry": {"type": "Point", "coordinates": [98.99748, 18.79006]}, "properties": {"id": "cm-weedth-22c44930", "name": "BUDS BUNNY (weed store)", "nameTh": null, "nameEn": "BUDS BUNNY (weed store)", "cat": ["cannabis"], "province": "cm", "slug": "buds-bunny-weed-store-2244930", "rank": 2}}, {"type": "Feature", "geometry": {"type": "Point", "coordinates": [99.01067, 18.78732]}, "properties": {"id": "cm-weedth-97d754e9", "name": "BUDSTAR (weed store)", "nameTh": null, "nameEn": "BUDSTAR (weed store)", "cat": ["cannabis"], "province": "cm", "slug": "budstar-weed-store-977549", "rank": 2}}, {"type": "Feature", "geometry": {"type": "Point", "coordinates": [99.11232, 18.74523]}, "properties": {"id": "cm-weedth-3c52e8af", "name": "Bangrak farm", "nameTh": null, "nameEn": "Bangrak farm", "cat": ["cannabis"], "province": "cm", "slug": "bangrak-farm-3528", "rank": 2}}, {"type": "Feature", "geometry": {"type": "Point", "coordinates": [98.98593, 18.77342]}, "properties": {"id": "cm-weedth-39f3a6fa", "name": "Bb budz.cnx Weed Dispensary Chiang Mai.", "nameTh": null, "nameEn": "Bb budz.cnx Weed Dispensary Chiang Mai.", "cat": ["cannabis"], "province": "cm", "slug": "bb-budz-cnx-weed-dispensary-chiang-mai-3936", "rank": 2}}, {"type": "Feature", "geometry": {"type": "Point", "coordinates": [98.97583, 18.79333]}, "properties": {"id": "cm-weedth-33c5ad49", "name": "BiaBa (ร้านกัญชาเบียบ้า) Dispensary Flagship Store 大麻店", "nameTh": "BiaBa (ร้านกัญชาเบียบ้า) Dispensary Flagship Store 大麻店", "nameEn": null, "cat": ["cannabis"], "province": "cm", "slug": "biaba-dispensary-flagship-store-33549", "rank": 2}}, {"type": "Feature", "geometry": {"type": "Point", "coordinates": [99.01072, 18.78661]}, "properties": {"id": "cm-weedth-cb4df7d9", "name": "BiaBa (เบียบ้า) Dispensary Outlet 大麻店 ร้านกัญชา", "nameTh": "BiaBa (เบียบ้า) Dispensary Outlet 大麻店 ร้านกัญชา", "nameEn": null, "cat": ["cannabis"], "province": "cm", "slug": "biaba-dispensary-outlet-479", "rank": 2}}, {"type": "Feature", "geometry": {"type": "Point", "coordinates": [99.01067, 18.78732]}, "properties": {"id": "cm-weedth-ec0cef6e", "name": "Biolab Donchan Cannabis & Weed Shop 420 Chiang Mai", "nameTh": null, "nameEn": "Biolab Donchan Cannabis & Weed Shop 420 Chiang Mai", "cat": ["cannabis"], "province": "cm", "slug": "biolab-donchan-cannabis-weed-shop-420-chiang-mai-06", "rank": 2}}, {"type": "Feature", "geometry": {"type": "Point", "coordinates": [98.99839, 18.78125]}, "properties": {"id": "cm-weedth-ab5ce562", "name": "Bless cannabis 420", "nameTh": null, "nameEn": "Bless cannabis 420", "cat": ["cannabis"], "province": "cm", "slug": "bless-cannabis-420-5562", "rank": 2}}, {"type": "Feature", "geometry": {"type": "Point", "coordinates": [98.99839, 18.78125]}, "properties": {"id": "cm-weedth-49f37e1d", "name": "Bless cannabis cafe(เบลส์ กัญชา กาแฟ)", "nameTh": "Bless cannabis cafe(เบลส์ กัญชา กาแฟ)", "nameEn": null, "cat": ["cannabis"], "province": "cm", "slug": "bless-cannabis-cafe-49371", "rank": 2}}, {"type": "Feature", "geometry": {"type": "Point", "coordinates": [98.98498, 18.79013]}, "properties": {"id": "cm-weedth-a9be6c47", "name": "Blue Dream Cannabis Hotel & Dispensary", "nameTh": null, "nameEn": "Blue Dream Cannabis Hotel & Dispensary", "cat": ["cannabis"], "province": "cm", "slug": "blue-dream-cannabis-hotel-dispensary-9647", "rank": 2}}, {"type": "Feature", "geometry": {"type": "Point", "coordinates": [98.99748, 18.79006]}, "properties": {"id": "cm-weedth-09e7425f", "name": "Boo Bar Edible Cafe กำแพงดิน", "nameTh": "Boo Bar Edible Cafe กำแพงดิน", "nameEn": null, "cat": ["cannabis"], "province": "cm", "slug": "boo-bar-edible-cafe-097425", "rank": 2}}, {"type": "Feature", "geometry": {"type": "Point", "coordinates": [98.98873, 18.78379]}, "properties": {"id": "cm-weedth-35077c4d", "name": "Breeding Cannabis Dispensary", "nameTh": null, "nameEn": "Breeding Cannabis Dispensary", "cat": ["cannabis"], "province": "cm", "slug": "breeding-cannabis-dispensary-350774", "rank": 2}}, {"type": "Feature", "geometry": {"type": "Point", "coordinates": [98.98873, 18.78379]}, "properties": {"id": "cm-weedth-01f85647", "name": "Buddy Ben Cannabis @Chiang Mai Gate", "nameTh": null, "nameEn": "Buddy Ben Cannabis @Chiang Mai Gate", "cat": ["cannabis"], "province": "cm", "slug": "buddy-ben-cannabis-chiang-mai-gate-0185647", "rank": 2}}, {"type": "Feature", "geometry": {"type": "Point", "coordinates": [98.98593, 18.77342]}, "properties": {"id": "cm-weedth-5a753bdf", "name": "Buddy Ben Cannabis @Viengping", "nameTh": null, "nameEn": "Buddy Ben Cannabis @Viengping", "cat": ["cannabis"], "province": "cm", "slug": "buddy-ben-cannabis-viengping-5753", "rank": 2}}, {"type": "Feature", "geometry": {"type": "Point", "coordinates": [98.98873, 18.78379]}, "properties": {"id": "cm-weedth-c1892e89", "name": "Buds.me", "nameTh": null, "nameEn": "Buds.me", "cat": ["cannabis"], "province": "cm", "slug": "buds-me-189289", "rank": 2}}, {"type": "Feature", "geometry": {"type": "Point", "coordinates": [98.98096, 18.80229]}, "properties": {"id": "cm-weedth-78919b32", "name": "CANNA CULTURE GROW CHIANGMAI", "nameTh": null, "nameEn": "CANNA CULTURE GROW CHIANGMAI", "cat": ["cannabis"], "province": "cm", "slug": "canna-culture-grow-chiangmai-7891932", "rank": 2}}, {"type": "Feature", "geometry": {"type": "Point", "coordinates": [99.11283, 18.85074]}, "properties": {"id": "cm-weedth-526ade74", "name": "CBD101", "nameTh": null, "nameEn": "CBD101", "cat": ["cannabis"], "province": "cm", "slug": "cbd101-52674", "rank": 2}}, {"type": "Feature", "geometry": {"type": "Point", "coordinates": [98.97441, 18.80351]}, "properties": {"id": "cm-weedth-9b7f5fca", "name": "CCMOF", "nameTh": null, "nameEn": "CCMOF", "cat": ["cannabis"], "province": "cm", "slug": "ccmof-975", "rank": 2}}, {"type": "Feature", "geometry": {"type": "Point", "coordinates": [98.98593, 18.77342]}, "properties": {"id": "cm-weedth-f2f0f07b", "name": "CM Cannabis Shop", "nameTh": null, "nameEn": "CM Cannabis Shop", "cat": ["cannabis"], "province": "cm", "slug": "cm-cannabis-shop-2007", "rank": 2}}, {"type": "Feature", "geometry": {"type": "Point", "coordinates": [98.96803, 18.79655]}, "properties": {"id": "cm-osm-node-9983193656", "name": "Cannabee", "nameTh": null, "nameEn": "Cannabee", "cat": ["cannabis"], "province": "cm", "slug": "cannabee-9983193656", "rank": 2}}, {"type": "Feature", "geometry": {"type": "Point", "coordinates": [99.03834, 18.84416]}, "properties": {"id": "cm-weedth-c73b9076", "name": "Cannabinoid Cannabis Shop ร้านกัญชาแม่โจ้", "nameTh": "Cannabinoid Cannabis Shop ร้านกัญชาแม่โจ้", "nameEn": null, "cat": ["cannabis"], "province": "cm", "slug": "cannabinoid-cannabis-shop-739076", "rank": 2}}, {"type": "Feature", "geometry": {"type": "Point", "coordinates": [98.9899, 18.79307]}, "properties": {"id": "cm-osm-node-9982599350", "name": "Cannabis Café", "nameTh": null, "nameEn": "Cannabis Café", "cat": ["cannabis"], "province": "cm", "slug": "cannabis-caf-9982599350", "rank": 2}}, {"type": "Feature", "geometry": {"type": "Point", "coordinates": [99.01067, 18.78732]}, "properties": {"id": "cm-weedth-03426d4d", "name": "Cannabis Shop (Green Elephant 420)", "nameTh": null, "nameEn": "Cannabis Shop (Green Elephant 420)", "cat": ["cannabis"], "province": "cm", "slug": "cannabis-shop-green-elephant-420-034264", "rank": 2}}, {"type": "Feature", "geometry": {"type": "Point", "coordinates": [98.99459, 18.79009]}, "properties": {"id": "cm-weedth-44da30c1", "name": "Cannabis Shop @Yak", "nameTh": null, "nameEn": "Cannabis Shop @Yak", "cat": ["cannabis"], "province": "cm", "slug": "cannabis-shop-yak-44301", "rank": 2}}, {"type": "Feature", "geometry": {"type": "Point", "coordinates": [98.96788, 18.80945]}, "properties": {"id": "cm-weedth-27f6787d", "name": "Cannabis near me cnx", "nameTh": null, "nameEn": "Cannabis near me cnx", "cat": ["cannabis"], "province": "cm", "slug": "cannabis-near-me-cnx-276787", "rank": 2}}, {"type": "Feature", "geometry": {"type": "Point", "coordinates": [98.98012, 18.81024]}, "properties": {"id": "cm-weedth-f72772db", "name": "Cannabis near me cnx", "nameTh": null, "nameEn": "Cannabis near me cnx", "cat": ["cannabis"], "province": "cm", "slug": "cannabis-near-me-cnx-72772", "rank": 2}}, {"type": "Feature", "geometry": {"type": "Point", "coordinates": [99.03834, 18.84416]}, "properties": {"id": "cm-weedth-7b8f26e7", "name": "Cannabis shopห้วยโจ้", "nameTh": "Cannabis shopห้วยโจ้", "nameEn": null, "cat": ["cannabis"], "province": "cm", "slug": "cannabis-shop-78267", "rank": 2}}, {"type": "Feature", "geometry": {"type": "Point", "coordinates": [98.98341, 18.80082]}, "properties": {"id": "cm-weedth-d05a623d", "name": "Cannabis420cnx 大麻", "nameTh": null, "nameEn": "Cannabis420cnx 大麻", "cat": ["cannabis"], "province": "cm", "slug": "cannabis420cnx-05623", "rank": 2}}, {"type": "Feature", "geometry": {"type": "Point", "coordinates": [98.99883, 18.77312]}, "properties": {"id": "cm-weedth-75a8b693", "name": "Cannabizness.,co.ltd", "nameTh": null, "nameEn": "Cannabizness.,co.ltd", "cat": ["cannabis"], "province": "cm", "slug": "cannabizness-co-ltd-758693", "rank": 2}}, {"type": "Feature", "geometry": {"type": "Point", "coordinates": [98.98664, 18.77587]}, "properties": {"id": "cm-weedth-fbb67ce0", "name": "Cannii O Green", "nameTh": null, "nameEn": "Cannii O Green", "cat": ["cannabis"], "province": "cm", "slug": "cannii-o-green-670", "rank": 2}}, {"type": "Feature", "geometry": {"type": "Point", "coordinates": [98.98664, 18.77587]}, "properties": {"id": "cm-weedth-0f341784", "name": "Canniiogreen", "nameTh": null, "nameEn": "Canniiogreen", "cat": ["cannabis"], "province": "cm", "slug": "canniiogreen-0341784", "rank": 2}}, {"type": "Feature", "geometry": {"type": "Point", "coordinates": [98.98664, 18.77587]}, "properties": {"id": "cm-weedth-d970e691", "name": "Canniiogreen", "nameTh": null, "nameEn": "Canniiogreen", "cat": ["cannabis"], "province": "cm", "slug": "canniiogreen-970691", "rank": 2}}, {"type": "Feature", "geometry": {"type": "Point", "coordinates": [99.11232, 18.74523]}, "properties": {"id": "cm-weedth-5503f78c", "name": "Cannvas", "nameTh": null, "nameEn": "Cannvas", "cat": ["cannabis"], "province": "cm", "slug": "cannvas-550378", "rank": 2}}, {"type": "Feature", "geometry": {"type": "Point", "coordinates": [98.9232, 18.91479]}, "properties": {"id": "cm-weedth-cc046a11", "name": "Chief Weed Dispensary", "nameTh": null, "nameEn": "Chief Weed Dispensary", "cat": ["cannabis"], "province": "cm", "slug": "chief-weed-dispensary-04611", "rank": 2}}, {"type": "Feature", "geometry": {"type": "Point", "coordinates": [98.98993, 18.79594]}, "properties": {"id": "cm-osm-node-13605193091", "name": "Cloud 9", "nameTh": null, "nameEn": "Cloud 9", "cat": ["cannabis"], "province": "cm", "slug": "cloud-9-13605193091", "rank": 1}}, {"type": "Feature", "geometry": {"type": "Point", "coordinates": [98.99327, 18.78419]}, "properties": {"id": "cm-weedth-37850b2c", "name": "Cloud Cannabis Shop", "nameTh": null, "nameEn": "Cloud Cannabis Shop", "cat": ["cannabis"], "province": "cm", "slug": "cloud-cannabis-shop-378502", "rank": 2}}, {"type": "Feature", "geometry": {"type": "Point", "coordinates": [98.98998, 18.79576]}, "properties": {"id": "cm-weedth-f69d223f", "name": "Cloud9", "nameTh": null, "nameEn": "Cloud9", "cat": ["cannabis"], "province": "cm", "slug": "cloud9-69223", "rank": 2}}, {"type": "Feature", "geometry": {"type": "Point", "coordinates": [98.99057, 18.79616]}, "properties": {"id": "cm-weedth-6738a5ca", "name": "Codfeeshop", "nameTh": null, "nameEn": "Codfeeshop", "cat": ["cannabis"], "province": "cm", "slug": "codfeeshop-67385", "rank": 2}}, {"type": "Feature", "geometry": {"type": "Point", "coordinates": [98.98593, 18.77342]}, "properties": {"id": "cm-weedth-9b151e20", "name": "Coffee Shop - Cannabis Dispensary CM", "nameTh": null, "nameEn": "Coffee Shop - Cannabis Dispensary CM", "cat": ["cannabis"], "province": "cm", "slug": "coffee-shop-cannabis-dispensary-cm-915120", "rank": 2}}, {"type": "Feature", "geometry": {"type": "Point", "coordinates": [98.9232, 18.91479]}, "properties": {"id": "cm-weedth-c46906a7", "name": "Community Cannabis Farm Chiang Mai", "nameTh": null, "nameEn": "Community Cannabis Farm Chiang Mai", "cat": ["cannabis"], "province": "cm", "slug": "community-cannabis-farm-chiang-mai-469067", "rank": 2}}, {"type": "Feature", "geometry": {"type": "Point", "coordinates": [98.98028, 18.8064]}, "properties": {"id": "cm-weedth-f1bb1dfe", "name": "Cosmos Cannabis", "nameTh": null, "nameEn": "Cosmos Cannabis", "cat": ["cannabis"], "province": "cm", "slug": "cosmos-cannabis-11", "rank": 2}}, {"type": "Feature", "geometry": {"type": "Point", "coordinates": [99.03834, 18.84416]}, "properties": {"id": "cm-weedth-86c422cd", "name": "Cowboy Weed Shop Chiangmai", "nameTh": null, "nameEn": "Cowboy Weed Shop Chiangmai", "cat": ["cannabis"], "province": "cm", "slug": "cowboy-weed-shop-chiangmai-86422", "rank": 2}}, {"type": "Feature", "geometry": {"type": "Point", "coordinates": [99.11283, 18.85074]}, "properties": {"id": "cm-weedth-9bc9b54b", "name": "Cyclone Dispensary - Doi Saket weed ganja shop", "nameTh": null, "nameEn": "Cyclone Dispensary - Doi Saket weed ganja shop", "cat": ["cannabis"], "province": "cm", "slug": "cyclone-dispensary-doi-saket-weed-ganja-shop-9954", "rank": 2}}, {"type": "Feature", "geometry": {"type": "Point", "coordinates": [98.97875, 18.77496]}, "properties": {"id": "cm-weedth-1813148b", "name": "Cyclone Dispensary cannabis weed shop 大麻", "nameTh": null, "nameEn": "Cyclone Dispensary cannabis weed shop 大麻", "cat": ["cannabis"], "province": "cm", "slug": "cyclone-dispensary-cannabis-weed-shop-1813148", "rank": 2}}, {"type": "Feature", "geometry": {"type": "Point", "coordinates": [98.9232, 18.91479]}, "properties": {"id": "cm-weedth-bb1444e4", "name": "DOYDEE CANNABIS CLUB ( โดยดี )", "nameTh": "DOYDEE CANNABIS CLUB ( โดยดี )", "nameEn": null, "cat": ["cannabis"], "province": "cm", "slug": "doydee-cannabis-club-14444", "rank": 2}}, {"type": "Feature", "geometry": {"type": "Point", "coordinates": [99.01067, 18.78732]}, "properties": {"id": "cm-weedth-0c92473b", "name": "DeFarm Weed Shop", "nameTh": null, "nameEn": "DeFarm Weed Shop", "cat": ["cannabis"], "province": "cm", "slug": "defarm-weed-shop-092473", "rank": 2}}, {"type": "Feature", "geometry": {"type": "Point", "coordinates": [99.01067, 18.78732]}, "properties": {"id": "cm-weedth-4565ffe7", "name": "Direct Farm 2", "nameTh": null, "nameEn": "Direct Farm 2", "cat": ["cannabis"], "province": "cm", "slug": "direct-farm-2-45657", "rank": 2}}, {"type": "Feature", "geometry": {"type": "Point", "coordinates": [99.11283, 18.85074]}, "properties": {"id": "cm-weedth-5f4ee8f7", "name": "DoiSaWEED", "nameTh": null, "nameEn": "DoiSaWEED", "cat": ["cannabis"], "province": "cm", "slug": "doisaweed-5487", "rank": 2}}, {"type": "Feature", "geometry": {"type": "Point", "coordinates": [98.97583, 18.79333]}, "properties": {"id": "cm-weedth-f3f35375", "name": "EARTHGANG 0.G. CANNA DISPENSARY", "nameTh": null, "nameEn": "EARTHGANG 0.G. CANNA DISPENSARY", "cat": ["cannabis"], "province": "cm", "slug": "earthgang-0-g-canna-dispensary-335375", "rank": 2}}, {"type": "Feature", "geometry": {"type": "Point", "coordinates": [98.98593, 18.77342]}, "properties": {"id": "cm-weedth-e6f2378a", "name": "EVD", "nameTh": null, "nameEn": "EVD", "cat": ["cannabis"], "province": "cm", "slug": "evd-62378", "rank": 2}}, {"type": "Feature", "geometry": {"type": "Point", "coordinates": [98.97875, 18.77496]}, "properties": {"id": "cm-weedth-f7d9728d", "name": "Earthgang O.G. Cannabis Club", "nameTh": null, "nameEn": "Earthgang O.G. Cannabis Club", "cat": ["cannabis"], "province": "cm", "slug": "earthgang-o-g-cannabis-club-79728", "rank": 2}}, {"type": "Feature", "geometry": {"type": "Point", "coordinates": [98.9232, 18.91479]}, "properties": {"id": "cm-weedth-5e67e0ca", "name": "FIREFLIES GLOW", "nameTh": null, "nameEn": "FIREFLIES GLOW", "cat": ["cannabis"], "province": "cm", "slug": "fireflies-glow-5670", "rank": 2}}, {"type": "Feature", "geometry": {"type": "Point", "coordinates": [98.98498, 18.79013]}, "properties": {"id": "cm-weedth-b6e5c448", "name": "FUME DISPENSARY", "nameTh": null, "nameEn": "FUME DISPENSARY", "cat": ["cannabis"], "province": "cm", "slug": "fume-dispensary-65448", "rank": 2}}, {"type": "Feature", "geometry": {"type": "Point", "coordinates": [98.97014, 18.78506]}, "properties": {"id": "cm-weedth-5ada267b", "name": "Far East Monkeys", "nameTh": null, "nameEn": "Far East Monkeys", "cat": ["cannabis"], "province": "cm", "slug": "far-east-monkeys-5267", "rank": 2}}, {"type": "Feature", "geometry": {"type": "Point", "coordinates": [98.99748, 18.79006]}, "properties": {"id": "cm-weedth-243ddde2", "name": "Flying Tiger Cannabis Dispensary", "nameTh": null, "nameEn": "Flying Tiger Cannabis Dispensary", "cat": ["cannabis"], "province": "cm", "slug": "flying-tiger-cannabis-dispensary-2432", "rank": 2}}, {"type": "Feature", "geometry": {"type": "Point", "coordinates": [99.00193, 18.81263]}, "properties": {"id": "cm-weedth-5b5c14fa", "name": "FreeFlow Club", "nameTh": null, "nameEn": "FreeFlow Club", "cat": ["cannabis"], "province": "cm", "slug": "freeflow-club-5514", "rank": 2}}, {"type": "Feature", "geometry": {"type": "Point", "coordinates": [98.98553, 18.80386]}, "properties": {"id": "cm-weedth-54bf5c52", "name": "Full Fill Cannabis", "nameTh": null, "nameEn": "Full Fill Cannabis", "cat": ["cannabis"], "province": "cm", "slug": "full-fill-cannabis-54552", "rank": 2}}, {"type": "Feature", "geometry": {"type": "Point", "coordinates": [99.01067, 18.78732]}, "properties": {"id": "cm-weedth-48140180", "name": "GC Lab Cannabis shop CNX", "nameTh": null, "nameEn": "GC Lab Cannabis shop CNX", "cat": ["cannabis"], "province": "cm", "slug": "gc-lab-cannabis-shop-cnx-48140180", "rank": 2}}, {"type": "Feature", "geometry": {"type": "Point", "coordinates": [98.99397, 18.78506]}, "properties": {"id": "cm-osm-node-2113309950", "name": "GCT Cannabis", "nameTh": null, "nameEn": "GCT Cannabis", "cat": ["cannabis"], "province": "cm", "slug": "gct-cannabis-2113309950", "rank": 1}}, {"type": "Feature", "geometry": {"type": "Point", "coordinates": [98.97583, 18.79333]}, "properties": {"id": "cm-weedth-0b3390f7", "name": "GEEN Weed Cannabis Marihuana กัญชา", "nameTh": "GEEN Weed Cannabis Marihuana กัญชา", "nameEn": null, "cat": ["cannabis"], "province": "cm", "slug": "geen-weed-cannabis-marihuana-033907", "rank": 2}}, {"type": "Feature", "geometry": {"type": "Point", "coordinates": [98.97583, 18.79333]}, "properties": {"id": "cm-weedth-df4a5dde", "name": "GEEN&FRIENDS Weed Cannabis Marihuana กัญชา", "nameTh": "GEEN&FRIENDS Weed Cannabis Marihuana กัญชา", "nameEn": null, "cat": ["cannabis"], "province": "cm", "slug": "geen-friends-weed-cannabis-marihuana-45", "rank": 2}}, {"type": "Feature", "geometry": {"type": "Point", "coordinates": [99.11232, 18.74523]}, "properties": {"id": "cm-weedth-b0064e1b", "name": "GREEN LAND CNX", "nameTh": null, "nameEn": "GREEN LAND CNX", "cat": ["cannabis"], "province": "cm", "slug": "green-land-cnx-00641", "rank": 2}}, {"type": "Feature", "geometry": {"type": "Point", "coordinates": [98.99748, 18.79006]}, "properties": {"id": "cm-weedth-73f82d87", "name": "GREENLAND GREENCAFE", "nameTh": null, "nameEn": "GREENLAND GREENCAFE", "cat": ["cannabis"], "province": "cm", "slug": "greenland-greencafe-738287", "rank": 2}}, {"type": "Feature", "geometry": {"type": "Point", "coordinates": [98.97053, 18.78912]}, "properties": {"id": "cm-weedth-4c742ffa", "name": "Ganja CNX", "nameTh": null, "nameEn": "Ganja CNX", "cat": ["cannabis"], "province": "cm", "slug": "ganja-cnx-4742", "rank": 2}}, {"type": "Feature", "geometry": {"type": "Point", "coordinates": [98.97053, 18.78912]}, "properties": {"id": "cm-weedth-65f04d87", "name": "Ganja CNX", "nameTh": null, "nameEn": "Ganja CNX", "cat": ["cannabis"], "province": "cm", "slug": "ganja-cnx-650487", "rank": 2}}, {"type": "Feature", "geometry": {"type": "Point", "coordinates": [99.11283, 18.85074]}, "properties": {"id": "cm-weedth-4063b258", "name": "Ganja garden ( CNX )", "nameTh": null, "nameEn": "Ganja garden ( CNX )", "cat": ["cannabis"], "province": "cm", "slug": "ganja-garden-cnx-4063258", "rank": 2}}, {"type": "Feature", "geometry": {"type": "Point", "coordinates": [99.11283, 18.85074]}, "properties": {"id": "cm-weedth-b7ba8fc8", "name": "Ganja garden ( CNX )", "nameTh": null, "nameEn": "Ganja garden ( CNX )", "cat": ["cannabis"], "province": "cm", "slug": "ganja-garden-cnx-788", "rank": 2}}, {"type": "Feature", "geometry": {"type": "Point", "coordinates": [98.9164, 18.73845]}, "properties": {"id": "cm-weedth-d120569d", "name": "Get Rock Chill", "nameTh": null, "nameEn": "Get Rock Chill", "cat": ["cannabis"], "province": "cm", "slug": "get-rock-chill-120569", "rank": 2}}, {"type": "Feature", "geometry": {"type": "Point", "coordinates": [98.89094, 18.64311]}, "properties": {"id": "cm-weedth-3414d478", "name": "Global Partner Cannabis Farm", "nameTh": null, "nameEn": "Global Partner Cannabis Farm", "cat": ["cannabis"], "province": "cm", "slug": "global-partner-cannabis-farm-3414478", "rank": 2}}, {"type": "Feature", "geometry": {"type": "Point", "coordinates": [98.98976, 18.81214]}, "properties": {"id": "cm-weedth-e519fd3f", "name": "Go Green By kanya Weed Dispensary and Cannabis Central Festival", "nameTh": null, "nameEn": "Go Green By kanya Weed Dispensary and Cannabis Central Festival", "cat": ["cannabis"], "province": "cm", "slug": "go-green-by-kanya-weed-dispensary-and-cannabis-central-festi-5193", "rank": 2}}, {"type": "Feature", "geometry": {"type": "Point", "coordinates": [98.98976, 18.81214]}, "properties": {"id": "cm-weedth-6acd8f3e", "name": "Go Green by Kanya - Central Chiangmai", "nameTh": null, "nameEn": "Go Green by Kanya - Central Chiangmai", "cat": ["cannabis"], "province": "cm", "slug": "go-green-by-kanya-central-chiangmai-683", "rank": 2}}, {"type": "Feature", "geometry": {"type": "Point", "coordinates": [98.99327, 18.78419]}, "properties": {"id": "cm-weedth-b60d30dd", "name": "Go Green by Kanya - Weed Shop & Dispensary & Cannabis Tha Phae", "nameTh": null, "nameEn": "Go Green by Kanya - Weed Shop & Dispensary & Cannabis Tha Phae", "cat": ["cannabis"], "province": "cm", "slug": "go-green-by-kanya-weed-shop-dispensary-cannabis-tha-phae-6030", "rank": 2}}, {"type": "Feature", "geometry": {"type": "Point", "coordinates": [98.9164, 18.73845]}, "properties": {"id": "cm-weedth-d37a3b9a", "name": "Go Green by Kanya สาขา กาดฝรั่ง", "nameTh": "Go Green by Kanya สาขา กาดฝรั่ง", "nameEn": null, "cat": ["cannabis"], "province": "cm", "slug": "go-green-by-kanya-3739", "rank": 2}}, {"type": "Feature", "geometry": {"type": "Point", "coordinates": [98.99917, 18.78405]}, "properties": {"id": "cm-weedth-79b1f651", "name": "GoGreen Bar - Weed & Cannabis", "nameTh": null, "nameEn": "GoGreen Bar - Weed & Cannabis", "cat": ["cannabis"], "province": "cm", "slug": "gogreen-bar-weed-cannabis-791651", "rank": 2}}, {"type": "Feature", "geometry": {"type": "Point", "coordinates": [98.98593, 18.77342]}, "properties": {"id": "cm-weedth-03c6f872", "name": "GoGreen By Kanya - Mae Hia", "nameTh": null, "nameEn": "GoGreen By Kanya - Mae Hia", "cat": ["cannabis"], "province": "cm", "slug": "gogreen-by-kanya-mae-hia-036872", "rank": 2}}, {"type": "Feature", "geometry": {"type": "Point", "coordinates": [98.98593, 18.77342]}, "properties": {"id": "cm-weedth-bd7b31d1", "name": "GoGreen By Kanya - Mae Hia ร้านกัญชาที่ดีที่สุดในเชียงใหม่ The best cannabis weed and dispensary Chiangmai", "nameTh": "GoGreen By Kanya - Mae Hia ร้านกัญชาที่ดีที่สุดในเชียงใหม่ The best cannabis weed and dispensary Chiangmai", "nameEn": null, "cat": ["cannabis"], "province": "cm", "slug": "gogreen-by-kanya-mae-hia-the-best-cannabis-weed-and-dispensa-7311", "rank": 2}}, {"type": "Feature", "geometry": {"type": "Point", "coordinates": [98.96727, 18.80246]}, "properties": {"id": "cm-weedth-00d4a2f0", "name": "GoGreen by Kanya - MAYA Chiang Mai", "nameTh": null, "nameEn": "GoGreen by Kanya - MAYA Chiang Mai", "cat": ["cannabis"], "province": "cm", "slug": "gogreen-by-kanya-maya-chiang-mai-00420", "rank": 2}}, {"type": "Feature", "geometry": {"type": "Point", "coordinates": [99.01067, 18.78732]}, "properties": {"id": "cm-weedth-bbfba30c", "name": "GoGreen by Kanya - Ruamchok Mall ร้านกัญชาที่ดีที่สุดในเชียงใหม่ The best cannabis weed and dispensary Chiangmai", "nameTh": "GoGreen by Kanya - Ruamchok Mall ร้านกัญชาที่ดีที่สุดในเชียงใหม่ The best cannabis weed and dispensary Chiangmai", "nameEn": null, "cat": ["cannabis"], "province": "cm", "slug": "gogreen-by-kanya-ruamchok-mall-the-best-cannabis-weed-and-di-30", "rank": 2}}, {"type": "Feature", "geometry": {"type": "Point", "coordinates": [98.96579, 18.79577]}, "properties": {"id": "cm-weedth-2236882b", "name": "GoGreen by Kanya - The Best Weed Shop Cannabis & Dispensary Nimman", "nameTh": null, "nameEn": "GoGreen by Kanya - The Best Weed Shop Cannabis & Dispensary Nimman", "cat": ["cannabis"], "province": "cm", "slug": "gogreen-by-kanya-the-best-weed-shop-cannabis-dispensary-nimm-2236882", "rank": 2}}, {"type": "Feature", "geometry": {"type": "Point", "coordinates": [98.96655, 18.81226]}, "properties": {"id": "cm-weedth-99001b2a", "name": "GoGreen by Kanya - The Best Weed Shop Dispensary Jed Yod", "nameTh": null, "nameEn": "GoGreen by Kanya - The Best Weed Shop Dispensary Jed Yod", "cat": ["cannabis"], "province": "cm", "slug": "gogreen-by-kanya-the-best-weed-shop-dispensary-jed-yod-990012", "rank": 2}}, {"type": "Feature", "geometry": {"type": "Point", "coordinates": [98.98593, 18.77342]}, "properties": {"id": "cm-weedth-456e3787", "name": "GoGreen by Kanya - WEEDNimman", "nameTh": null, "nameEn": "GoGreen by Kanya - WEEDNimman", "cat": ["cannabis"], "province": "cm", "slug": "gogreen-by-kanya-weednimman-4563787", "rank": 2}}, {"type": "Feature", "geometry": {"type": "Point", "coordinates": [98.98873, 18.78379]}, "properties": {"id": "cm-weedth-81b1b627", "name": "GoGreen by Kanya - Weed Shop & Cannabis Go Cnx Chiangmai Gate", "nameTh": null, "nameEn": "GoGreen by Kanya - Weed Shop & Cannabis Go Cnx Chiangmai Gate", "cat": ["cannabis"], "province": "cm", "slug": "gogreen-by-kanya-weed-shop-cannabis-go-cnx-chiangmai-gate-811627", "rank": 2}}, {"type": "Feature", "geometry": {"type": "Point", "coordinates": [98.97583, 18.79333]}, "properties": {"id": "cm-weedth-221dbcd9", "name": "GoGreen by Kanya - Weed Shop Dispensary & Cannabis Nimman Soi 1", "nameTh": null, "nameEn": "GoGreen by Kanya - Weed Shop Dispensary & Cannabis Nimman Soi 1", "cat": ["cannabis"], "province": "cm", "slug": "gogreen-by-kanya-weed-shop-dispensary-cannabis-nimman-soi-1-2219", "rank": 2}}, {"type": "Feature", "geometry": {"type": "Point", "coordinates": [98.98498, 18.79013]}, "properties": {"id": "cm-weedth-1b376d83", "name": "Goatdafi cannabis", "nameTh": null, "nameEn": "Goatdafi cannabis", "cat": ["cannabis"], "province": "cm", "slug": "goatdafi-cannabis-137683", "rank": 2}}, {"type": "Feature", "geometry": {"type": "Point", "coordinates": [98.98602, 18.79536]}, "properties": {"id": "cm-weedth-40e79c40", "name": "Good Cannabis", "nameTh": null, "nameEn": "Good Cannabis", "cat": ["cannabis"], "province": "cm", "slug": "good-cannabis-407940", "rank": 2}}, {"type": "Feature", "geometry": {"type": "Point", "coordinates": [98.98012, 18.81024]}, "properties": {"id": "cm-weedth-8cda44d3", "name": "Green Bean - Cannabis Cafe", "nameTh": null, "nameEn": "Green Bean - Cannabis Cafe", "cat": ["cannabis"], "province": "cm", "slug": "green-bean-cannabis-cafe-8443", "rank": 2}}, {"type": "Feature", "geometry": {"type": "Point", "coordinates": [98.94379, 18.77571]}, "properties": {"id": "cm-weedth-72fb8795", "name": "Green Dog Cannabis Dispensary", "nameTh": null, "nameEn": "Green Dog Cannabis Dispensary", "cat": ["cannabis"], "province": "cm", "slug": "green-dog-cannabis-dispensary-728795", "rank": 2}}, {"type": "Feature", "geometry": {"type": "Point", "coordinates": [98.94379, 18.77571]}, "properties": {"id": "cm-weedth-8f45060b", "name": "Green Dog Cannabis Dispensary", "nameTh": null, "nameEn": "Green Dog Cannabis Dispensary", "cat": ["cannabis"], "province": "cm", "slug": "green-dog-cannabis-dispensary-845060", "rank": 2}}, {"type": "Feature", "geometry": {"type": "Point", "coordinates": [98.98498, 18.79013]}, "properties": {"id": "cm-weedth-68302757", "name": "Green Ganesha 2 - Organic Weed Dispensary & Farm", "nameTh": null, "nameEn": "Green Ganesha 2 - Organic Weed Dispensary & Farm", "cat": ["cannabis"], "province": "cm", "slug": "green-ganesha-2-organic-weed-dispensary-farm-68302757", "rank": 2}}, {"type": "Feature", "geometry": {"type": "Point", "coordinates": [98.9932, 18.78829]}, "properties": {"id": "cm-weedth-7c8d6d2a", "name": "Green Ganesha Organic Cannabis Shop & Lounge", "nameTh": null, "nameEn": "Green Ganesha Organic Cannabis Shop & Lounge", "cat": ["cannabis"], "province": "cm", "slug": "green-ganesha-organic-cannabis-shop-lounge-7862", "rank": 2}}, {"type": "Feature", "geometry": {"type": "Point", "coordinates": [98.98498, 18.79013]}, "properties": {"id": "cm-weedth-0acca266", "name": "Green Lab Cnx cannabis dispensary", "nameTh": null, "nameEn": "Green Lab Cnx cannabis dispensary", "cat": ["cannabis"], "province": "cm", "slug": "green-lab-cnx-cannabis-dispensary-0266", "rank": 2}}, {"type": "Feature", "geometry": {"type": "Point", "coordinates": [98.9854, 18.78148]}, "properties": {"id": "cm-weedth-2efe10c1", "name": "Green Light Cannabis CNX", "nameTh": null, "nameEn": "Green Light Cannabis CNX", "cat": ["cannabis"], "province": "cm", "slug": "green-light-cannabis-cnx-2101", "rank": 2}}, {"type": "Feature", "geometry": {"type": "Point", "coordinates": [99.01388, 18.74297]}, "properties": {"id": "cm-weedth-67d36407", "name": "Green Machine CNX Cannabis Dispensary ร้านกัญชา", "nameTh": "Green Machine CNX Cannabis Dispensary ร้านกัญชา", "nameEn": null, "cat": ["cannabis"], "province": "cm", "slug": "green-machine-cnx-cannabis-dispensary-6736407", "rank": 2}}, {"type": "Feature", "geometry": {"type": "Point", "coordinates": [98.98498, 18.79013]}, "properties": {"id": "cm-weedth-c0984321", "name": "Green Man 420", "nameTh": null, "nameEn": "Green Man 420", "cat": ["cannabis"], "province": "cm", "slug": "green-man-420-0984321", "rank": 2}}, {"type": "Feature", "geometry": {"type": "Point", "coordinates": [98.98593, 18.77342]}, "properties": {"id": "cm-weedth-a4fe7a69", "name": "Green Queen - Cannabis Shop", "nameTh": null, "nameEn": "Green Queen - Cannabis Shop", "cat": ["cannabis"], "province": "cm", "slug": "green-queen-cannabis-shop-4769", "rank": 2}}, {"type": "Feature", "geometry": {"type": "Point", "coordinates": [99.01067, 18.78732]}, "properties": {"id": "cm-weedth-fd11366c", "name": "Green Secret", "nameTh": null, "nameEn": "Green Secret", "cat": ["cannabis"], "province": "cm", "slug": "green-secret-11366", "rank": 2}}, {"type": "Feature", "geometry": {"type": "Point", "coordinates": [99.09689, 18.76093]}, "properties": {"id": "cm-weedth-722561f5", "name": "Green Sloth Weed Shop420", "nameTh": null, "nameEn": "Green Sloth Weed Shop420", "cat": ["cannabis"], "province": "cm", "slug": "green-sloth-weed-shop420-7225615", "rank": 2}}, {"type": "Feature", "geometry": {"type": "Point", "coordinates": [98.9232, 18.91479]}, "properties": {"id": "cm-weedth-bb093628", "name": "Green Wave - Organic Cannabis Farm", "nameTh": null, "nameEn": "Green Wave - Organic Cannabis Farm", "cat": ["cannabis"], "province": "cm", "slug": "green-wave-organic-cannabis-farm-093628", "rank": 2}}, {"type": "Feature", "geometry": {"type": "Point", "coordinates": [98.98012, 18.81024]}, "properties": {"id": "cm-weedth-ca4de9ee", "name": "Green Way 420 CNX – Weed Shop Santitham Chiang Mai", "nameTh": null, "nameEn": "Green Way 420 CNX – Weed Shop Santitham Chiang Mai", "cat": ["cannabis"], "province": "cm", "slug": "green-way-420-cnx-weed-shop-santitham-chiang-mai-49", "rank": 2}}, {"type": "Feature", "geometry": {"type": "Point", "coordinates": [98.98873, 18.78379]}, "properties": {"id": "cm-weedth-7ea79c15", "name": "GreenWave CNX", "nameTh": null, "nameEn": "GreenWave CNX", "cat": ["cannabis"], "province": "cm", "slug": "greenwave-cnx-77915", "rank": 2}}, {"type": "Feature", "geometry": {"type": "Point", "coordinates": [98.98593, 18.77342]}, "properties": {"id": "cm-weedth-24bc2678", "name": "Greencrack Dispensary - Weed shop Pa-daet, Chiangmai.", "nameTh": null, "nameEn": "Greencrack Dispensary - Weed shop Pa-daet, Chiangmai.", "cat": ["cannabis"], "province": "cm", "slug": "greencrack-dispensary-weed-shop-pa-daet-chiangmai-242678", "rank": 2}}, {"type": "Feature", "geometry": {"type": "Point", "coordinates": [98.98088, 18.74611]}, "properties": {"id": "cm-weedth-7d84c48e", "name": "Greencrack Dispensary - Weed shop Pa-daet, Chiangmai.", "nameTh": null, "nameEn": "Greencrack Dispensary - Weed shop Pa-daet, Chiangmai.", "cat": ["cannabis"], "province": "cm", "slug": "greencrack-dispensary-weed-shop-pa-daet-chiangmai-78448", "rank": 2}}, {"type": "Feature", "geometry": {"type": "Point", "coordinates": [98.97583, 18.79333]}, "properties": {"id": "cm-weedth-c6af7e0b", "name": "Greenhead Clinic - Nimman", "nameTh": null, "nameEn": "Greenhead Clinic - Nimman", "cat": ["cannabis"], "province": "cm", "slug": "greenhead-clinic-nimman-670", "rank": 2}}, {"type": "Feature", "geometry": {"type": "Point", "coordinates": [98.99702, 18.78642]}, "properties": {"id": "cm-weedth-fab95a66", "name": "Greenland Cannabis 420 (Thailand) กรีนแลนด์ แคนนาบิส 420 (ไทยแลนด์)", "nameTh": "Greenland Cannabis 420 (Thailand) กรีนแลนด์ แคนนาบิส 420 (ไทยแลนด์)", "nameEn": null, "cat": ["cannabis"], "province": "cm", "slug": "greenland-cannabis-420-thailand-420-9566", "rank": 2}}, {"type": "Feature", "geometry": {"type": "Point", "coordinates": [99.03834, 18.84416]}, "properties": {"id": "cm-weedth-f71c5629", "name": "Grow Peace Organic", "nameTh": null, "nameEn": "Grow Peace Organic", "cat": ["cannabis"], "province": "cm", "slug": "grow-peace-organic-715629", "rank": 2}}, {"type": "Feature", "geometry": {"type": "Point", "coordinates": [98.98245, 18.77638]}, "properties": {"id": "cm-weedth-dc00c50d", "name": "Growers Without Borders CNX", "nameTh": null, "nameEn": "Growers Without Borders CNX", "cat": ["cannabis"], "province": "cm", "slug": "growers-without-borders-cnx-0050", "rank": 2}}, {"type": "Feature", "geometry": {"type": "Point", "coordinates": [99.01067, 18.78732]}, "properties": {"id": "cm-weedth-64e5b952", "name": "HAF CNX Cannabis l Rubbish Tattoo Gallery | 大麻与纹身艺术", "nameTh": null, "nameEn": "HAF CNX Cannabis l Rubbish Tattoo Gallery | 大麻与纹身艺术", "cat": ["cannabis"], "province": "cm", "slug": "haf-cnx-cannabis-l-rubbish-tattoo-gallery-645952", "rank": 2}}, {"type": "Feature", "geometry": {"type": "Point", "coordinates": [98.9232, 18.91479]}, "properties": {"id": "cm-weedth-caf1ea32", "name": "HEAVY CANDY (Garden)", "nameTh": null, "nameEn": "HEAVY CANDY (Garden)", "cat": ["cannabis"], "province": "cm", "slug": "heavy-candy-garden-132", "rank": 2}}, {"type": "Feature", "geometry": {"type": "Point", "coordinates": [98.98553, 18.80386]}, "properties": {"id": "cm-weedth-bc14d49f", "name": "HEAVY CANDY (Shop)", "nameTh": null, "nameEn": "HEAVY CANDY (Shop)", "cat": ["cannabis"], "province": "cm", "slug": "heavy-candy-shop-1449", "rank": 2}}, {"type": "Feature", "geometry": {"type": "Point", "coordinates": [99.00284, 18.83753]}, "properties": {"id": "cm-weedth-f04fecda", "name": "HEAVY CANDY (Shop)", "nameTh": null, "nameEn": "HEAVY CANDY (Shop)", "cat": ["cannabis"], "province": "cm", "slug": "heavy-candy-shop-04", "rank": 2}}, {"type": "Feature", "geometry": {"type": "Point", "coordinates": [98.97583, 18.79333]}, "properties": {"id": "cm-weedth-aad0c8fa", "name": "HIGHS3NBERG SUPPLY Weed Dispensary & Head Shop", "nameTh": null, "nameEn": "HIGHS3NBERG SUPPLY Weed Dispensary & Head Shop", "cat": ["cannabis"], "province": "cm", "slug": "highs3nberg-supply-weed-dispensary-head-shop-08", "rank": 2}}, {"type": "Feature", "geometry": {"type": "Point", "coordinates": [98.98012, 18.81024]}, "properties": {"id": "cm-weedth-508a4bec", "name": "HIGHZONE CANNABIS", "nameTh": null, "nameEn": "HIGHZONE CANNABIS", "cat": ["cannabis"], "province": "cm", "slug": "highzone-cannabis-5084", "rank": 2}}, {"type": "Feature", "geometry": {"type": "Point", "coordinates": [98.98012, 18.81024]}, "properties": {"id": "cm-weedth-fded1f81", "name": "HIGHZONE CANNABIS", "nameTh": null, "nameEn": "HIGHZONE CANNABIS", "cat": ["cannabis"], "province": "cm", "slug": "highzone-cannabis-181", "rank": 2}}, {"type": "Feature", "geometry": {"type": "Point", "coordinates": [98.98012, 18.81024]}, "properties": {"id": "cm-weedth-2533ed59", "name": "HYBRID", "nameTh": null, "nameEn": "HYBRID", "cat": ["cannabis"], "province": "cm", "slug": "hybrid-253359", "rank": 2}}, {"type": "Feature", "geometry": {"type": "Point", "coordinates": [98.99119, 18.79224]}, "properties": {"id": "cm-osm-node-13266867246", "name": "Hannah Organic", "nameTh": null, "nameEn": "Hannah Organic", "cat": ["cannabis"], "province": "cm", "slug": "hannah-organic-13266867246", "rank": 3}}, {"type": "Feature", "geometry": {"type": "Point", "coordinates": [98.99883, 18.77312]}, "properties": {"id": "cm-weedth-28889bef", "name": "Happy Cannabis shop", "nameTh": null, "nameEn": "Happy Cannabis shop", "cat": ["cannabis"], "province": "cm", "slug": "happy-cannabis-shop-28889", "rank": 2}}, {"type": "Feature", "geometry": {"type": "Point", "coordinates": [98.99883, 18.77312]}, "properties": {"id": "cm-weedth-09b947d8", "name": "Happy cannabis กัญชาเชียงใหม่", "nameTh": "Happy cannabis กัญชาเชียงใหม่", "nameEn": null, "cat": ["cannabis"], "province": "cm", "slug": "happy-cannabis-099478", "rank": 2}}, {"type": "Feature", "geometry": {"type": "Point", "coordinates": [98.99748, 18.79006]}, "properties": {"id": "cm-weedth-fe5dde09", "name": "Have a good time Exotic CNX", "nameTh": null, "nameEn": "Have a good time Exotic CNX", "cat": ["cannabis"], "province": "cm", "slug": "have-a-good-time-exotic-cnx-509", "rank": 2}}, {"type": "Feature", "geometry": {"type": "Point", "coordinates": [98.98593, 18.77342]}, "properties": {"id": "cm-weedth-f90be719", "name": "Haze Buds Cannabis Dispensary - Chiang Mai Gate Weed Store", "nameTh": null, "nameEn": "Haze Buds Cannabis Dispensary - Chiang Mai Gate Weed Store", "cat": ["cannabis"], "province": "cm", "slug": "haze-buds-cannabis-dispensary-chiang-mai-gate-weed-store-90719", "rank": 2}}, {"type": "Feature", "geometry": {"type": "Point", "coordinates": [98.99839, 18.78125]}, "properties": {"id": "cm-weedth-50c98acd", "name": "Haze Buds Cannabis Dispensary - Sridonchai Weed Store", "nameTh": null, "nameEn": "Haze Buds Cannabis Dispensary - Sridonchai Weed Store", "cat": ["cannabis"], "province": "cm", "slug": "haze-buds-cannabis-dispensary-sridonchai-weed-store-5098", "rank": 2}}, {"type": "Feature", "geometry": {"type": "Point", "coordinates": [98.97583, 18.79333]}, "properties": {"id": "cm-weedth-e3d7b80e", "name": "Haze Buds Cannabis Dispensary - Sunday Walking Street Weed Store", "nameTh": null, "nameEn": "Haze Buds Cannabis Dispensary - Sunday Walking Street Weed Store", "cat": ["cannabis"], "province": "cm", "slug": "haze-buds-cannabis-dispensary-sunday-walking-street-weed-sto-3780", "rank": 2}}, {"type": "Feature", "geometry": {"type": "Point", "coordinates": [99.11232, 18.74523]}, "properties": {"id": "cm-weedth-f9b36d3f", "name": "Herbal Heights", "nameTh": null, "nameEn": "Herbal Heights", "cat": ["cannabis"], "province": "cm", "slug": "herbal-heights-9363", "rank": 2}}, {"type": "Feature", "geometry": {"type": "Point", "coordinates": [98.98602, 18.79536]}, "properties": {"id": "cm-weedth-4931a239", "name": "High Are You weed shop Chiangmai", "nameTh": null, "nameEn": "High Are You weed shop Chiangmai", "cat": ["cannabis"], "province": "cm", "slug": "high-are-you-weed-shop-chiangmai-4931239", "rank": 2}}, {"type": "Feature", "geometry": {"type": "Point", "coordinates": [98.98498, 18.79013]}, "properties": {"id": "cm-weedth-4907cbf2", "name": "High Infinity", "nameTh": null, "nameEn": "High Infinity", "cat": ["cannabis"], "province": "cm", "slug": "high-infinity-49072", "rank": 2}}, {"type": "Feature", "geometry": {"type": "Point", "coordinates": [99.00127, 18.78833]}, "properties": {"id": "cm-osm-node-9982674527", "name": "High Queen CNX", "nameTh": null, "nameEn": "High Queen CNX", "cat": ["cannabis"], "province": "cm", "slug": "high-queen-cnx-9982674527", "rank": 1}}, {"type": "Feature", "geometry": {"type": "Point", "coordinates": [98.93438, 18.73815]}, "properties": {"id": "cm-osm-way-1098454510", "name": "High Speed 420 Weed Shop & Medical Cannabis Dispensary", "nameTh": null, "nameEn": "High Speed 420 Weed Shop & Medical Cannabis Dispensary", "cat": ["cannabis"], "province": "cm", "slug": "high-speed-420-weed-shop-medical-cannabis-dispensary-1098454510", "rank": 3}}, {"type": "Feature", "geometry": {"type": "Point", "coordinates": [98.98012, 18.81024]}, "properties": {"id": "cm-weedth-52522936", "name": "High Zone cannabis&weed 420", "nameTh": null, "nameEn": "High Zone cannabis&weed 420", "cat": ["cannabis"], "province": "cm", "slug": "high-zone-cannabis-weed-420-52522936", "rank": 2}}, {"type": "Feature", "geometry": {"type": "Point", "coordinates": [98.9164, 18.73845]}, "properties": {"id": "cm-weedth-eefe1593", "name": "High style cannabis shop", "nameTh": null, "nameEn": "High style cannabis shop", "cat": ["cannabis"], "province": "cm", "slug": "high-style-cannabis-shop-1593", "rank": 2}}, {"type": "Feature", "geometry": {"type": "Point", "coordinates": [98.98012, 18.81024]}, "properties": {"id": "cm-weedth-a196d508", "name": "HighFactory. cannabis / weed / dispensary", "nameTh": null, "nameEn": "HighFactory. cannabis / weed / dispensary", "cat": ["cannabis"], "province": "cm", "slug": "highfactory-cannabis-weed-dispensary-196508", "rank": 2}}, {"type": "Feature", "geometry": {"type": "Point", "coordinates": [98.98664, 18.77587]}, "properties": {"id": "cm-weedth-52e921d5", "name": "HighHub CNX Cannabis Shop", "nameTh": null, "nameEn": "HighHub CNX Cannabis Shop", "cat": ["cannabis"], "province": "cm", "slug": "highhub-cnx-cannabis-shop-529215", "rank": 2}}, {"type": "Feature", "geometry": {"type": "Point", "coordinates": [98.96822, 18.79413]}, "properties": {"id": "cm-weedth-76e3f07a", "name": "Hightown Cannabis & Grower Community ( ร้านกัญชาเชียงใหม่ Cannabis Shop )", "nameTh": "Hightown Cannabis & Grower Community ( ร้านกัญชาเชียงใหม่ Cannabis Shop )", "nameEn": null, "cat": ["cannabis"], "province": "cm", "slug": "hightown-cannabis-grower-community-cannabis-shop-76307", "rank": 2}}, {"type": "Feature", "geometry": {"type": "Point", "coordinates": [98.99748, 18.79006]}, "properties": {"id": "cm-weedth-daa43c3c", "name": "Hightown Chinatown Rooftop Cafe & Cannabis", "nameTh": null, "nameEn": "Hightown Chinatown Rooftop Cafe & Cannabis", "cat": ["cannabis"], "province": "cm", "slug": "hightown-chinatown-rooftop-cafe-cannabis-433", "rank": 2}}, {"type": "Feature", "geometry": {"type": "Point", "coordinates": [98.98012, 18.81024]}, "properties": {"id": "cm-weedth-b652c678", "name": "Hightown High Peace Cannabis สันติยัน Santiyun 大麻 ( ร้านกัญชาเชียงใหม่ Cannabis Shop ) ขายส่งกัญชาอันดับหนึ่งเชียงใหม่", "nameTh": "Hightown High Peace Cannabis สันติยัน Santiyun 大麻 ( ร้านกัญชาเชียงใหม่ Cannabis Shop ) ขายส่งกัญชาอันดับหนึ่งเชียงใหม่", "nameEn": null, "cat": ["cannabis"], "province": "cm", "slug": "hightown-high-peace-cannabis-santiyun-cannabis-shop-652678", "rank": 2}}, {"type": "Feature", "geometry": {"type": "Point", "coordinates": [98.97583, 18.79333]}, "properties": {"id": "cm-weedth-2e1cf628", "name": "Hightown Nimman (Mohhom) - ไฮทาวน์ นิมมาน (ม่อฮ่อม)", "nameTh": "Hightown Nimman (Mohhom) - ไฮทาวน์ นิมมาน (ม่อฮ่อม)", "nameEn": null, "cat": ["cannabis"], "province": "cm", "slug": "hightown-nimman-mohhom-21628", "rank": 2}}, {"type": "Feature", "geometry": {"type": "Point", "coordinates": [98.99748, 18.79006]}, "properties": {"id": "cm-weedth-b219c5bd", "name": "Hightown thaphae", "nameTh": null, "nameEn": "Hightown thaphae", "cat": ["cannabis"], "province": "cm", "slug": "hightown-thaphae-2195", "rank": 2}}, {"type": "Feature", "geometry": {"type": "Point", "coordinates": [98.98498, 18.79013]}, "properties": {"id": "cm-weedth-e148df32", "name": "Hightown thaphae", "nameTh": null, "nameEn": "Hightown thaphae", "cat": ["cannabis"], "province": "cm", "slug": "hightown-thaphae-14832", "rank": 2}}, {"type": "Feature", "geometry": {"type": "Point", "coordinates": [98.98593, 18.77342]}, "properties": {"id": "cm-weedth-3b10363e", "name": "Hippysor Cnx Cannabis", "nameTh": null, "nameEn": "Hippysor Cnx Cannabis", "cat": ["cannabis"], "province": "cm", "slug": "hippysor-cnx-cannabis-310363", "rank": 2}}, {"type": "Feature", "geometry": {"type": "Point", "coordinates": [98.97583, 18.79333]}, "properties": {"id": "cm-weedth-906ca166", "name": "Hold Weed CNX", "nameTh": null, "nameEn": "Hold Weed CNX", "cat": ["cannabis"], "province": "cm", "slug": "hold-weed-cnx-906166", "rank": 2}}, {"type": "Feature", "geometry": {"type": "Point", "coordinates": [98.98593, 18.77342]}, "properties": {"id": "cm-weedth-3e2726d3", "name": "Home grown - weed shop", "nameTh": null, "nameEn": "Home grown - weed shop", "cat": ["cannabis"], "province": "cm", "slug": "home-grown-weed-shop-327263", "rank": 2}}, {"type": "Feature", "geometry": {"type": "Point", "coordinates": [98.9932, 18.78829]}, "properties": {"id": "cm-weedth-727ce2c6", "name": "House of weed & bar", "nameTh": null, "nameEn": "House of weed & bar", "cat": ["cannabis"], "province": "cm", "slug": "house-of-weed-bar-72726", "rank": 2}}, {"type": "Feature", "geometry": {"type": "Point", "coordinates": [98.98498, 18.79013]}, "properties": {"id": "cm-weedth-45b92d95", "name": "Hugkun420 (cannabis)weed shop", "nameTh": null, "nameEn": "Hugkun420 (cannabis)weed shop", "cat": ["cannabis"], "province": "cm", "slug": "hugkun420-cannabis-weed-shop-459295", "rank": 2}}, {"type": "Feature", "geometry": {"type": "Point", "coordinates": [99.03834, 18.84416]}, "properties": {"id": "cm-weedth-5515f9ea", "name": "Huhh doobie DISPENSARY", "nameTh": null, "nameEn": "Huhh doobie DISPENSARY", "cat": ["cannabis"], "province": "cm", "slug": "huhh-doobie-dispensary-55159", "rank": 2}}, {"type": "Feature", "geometry": {"type": "Point", "coordinates": [98.97583, 18.79333]}, "properties": {"id": "cm-weedth-69105d5e", "name": "Impala64 Cannabis Dispensary Shop CNX", "nameTh": null, "nameEn": "Impala64 Cannabis Dispensary Shop CNX", "cat": ["cannabis"], "province": "cm", "slug": "impala64-cannabis-dispensary-shop-cnx-691055", "rank": 2}}, {"type": "Feature", "geometry": {"type": "Point", "coordinates": [98.9164, 18.73845]}, "properties": {"id": "cm-weedth-a0cd13fb", "name": "Impala64 Cannabis Dispensary Shop Kad Farang", "nameTh": null, "nameEn": "Impala64 Cannabis Dispensary Shop Kad Farang", "cat": ["cannabis"], "province": "cm", "slug": "impala64-cannabis-dispensary-shop-kad-farang-013", "rank": 2}}, {"type": "Feature", "geometry": {"type": "Point", "coordinates": [98.98012, 18.81024]}, "properties": {"id": "cm-weedth-1ee2bcec", "name": "Impala64 Santitham (Rebranding : Octagram) Cannabis Dispensary Shop ร้านกัญชาเชียงใหม่ 大麻", "nameTh": "Impala64 Santitham (Rebranding : Octagram) Cannabis Dispensary Shop ร้านกัญชาเชียงใหม่ 大麻", "nameEn": null, "cat": ["cannabis"], "province": "cm", "slug": "impala64-santitham-rebranding-octagram-cannabis-dispensary-s-12", "rank": 2}}, {"type": "Feature", "geometry": {"type": "Point", "coordinates": [99.01388, 18.74297]}, "properties": {"id": "cm-weedth-d939f37c", "name": "Johnweed Cannabis Shop", "nameTh": null, "nameEn": "Johnweed Cannabis Shop", "cat": ["cannabis"], "province": "cm", "slug": "johnweed-cannabis-shop-93937", "rank": 2}}, {"type": "Feature", "geometry": {"type": "Point", "coordinates": [98.9932, 18.78829]}, "properties": {"id": "cm-weedth-e99fb946", "name": "Jumping monkey Dispensary", "nameTh": null, "nameEn": "Jumping monkey Dispensary", "cat": ["cannabis"], "province": "cm", "slug": "jumping-monkey-dispensary-99946", "rank": 2}}, {"type": "Feature", "geometry": {"type": "Point", "coordinates": [98.97583, 18.79333]}, "properties": {"id": "cm-weedth-6bb3654e", "name": "KOKORO: weed cafe Bar:cannabis ChiangMai", "nameTh": null, "nameEn": "KOKORO: weed cafe Bar:cannabis ChiangMai", "cat": ["cannabis"], "province": "cm", "slug": "kokoro-weed-cafe-bar-cannabis-chiangmai-63654", "rank": 2}}, {"type": "Feature", "geometry": {"type": "Point", "coordinates": [98.98498, 18.79013]}, "properties": {"id": "cm-weedth-a791cc4b", "name": "Kendy", "nameTh": null, "nameEn": "Kendy", "cat": ["cannabis"], "province": "cm", "slug": "kendy-7914", "rank": 2}}, {"type": "Feature", "geometry": {"type": "Point", "coordinates": [98.97956, 18.80217]}, "properties": {"id": "cm-weedth-0d5c33a4", "name": "King Cannabis Chiang Mai & Buddy's Kush", "nameTh": null, "nameEn": "King Cannabis Chiang Mai & Buddy's Kush", "cat": ["cannabis"], "province": "cm", "slug": "king-cannabis-chiang-mai-buddy-s-kush-05334", "rank": 2}}, {"type": "Feature", "geometry": {"type": "Point", "coordinates": [98.99641, 18.78966]}, "properties": {"id": "cm-weedth-cd602c08", "name": "Kinkumi cannabis", "nameTh": null, "nameEn": "Kinkumi cannabis", "cat": ["cannabis"], "province": "cm", "slug": "kinkumi-cannabis-60208", "rank": 2}}, {"type": "Feature", "geometry": {"type": "Point", "coordinates": [98.98593, 18.77342]}, "properties": {"id": "cm-weedth-54690538", "name": "Know cannabis - Weed shop", "nameTh": null, "nameEn": "Know cannabis - Weed shop", "cat": ["cannabis"], "province": "cm", "slug": "know-cannabis-weed-shop-54690538", "rank": 2}}, {"type": "Feature", "geometry": {"type": "Point", "coordinates": [98.97583, 18.79333]}, "properties": {"id": "cm-weedth-2f6033ca", "name": "LET'S GET HIGH CNX AIRPORT | cannabis store marijuana weed กัญชา", "nameTh": "LET'S GET HIGH CNX AIRPORT | cannabis store marijuana weed กัญชา", "nameEn": null, "cat": ["cannabis"], "province": "cm", "slug": "let-s-get-high-cnx-airport-cannabis-store-marijuana-weed-26033", "rank": 2}}, {"type": "Feature", "geometry": {"type": "Point", "coordinates": [98.9232, 18.91479]}, "properties": {"id": "cm-weedth-8a638e2c", "name": "LET'S GET HIGH CNX Branch3 Maerim | cannabis store marijuana weed กัญชา", "nameTh": "LET'S GET HIGH CNX Branch3 Maerim | cannabis store marijuana weed กัญชา", "nameEn": null, "cat": ["cannabis"], "province": "cm", "slug": "let-s-get-high-cnx-branch3-maerim-cannabis-store-marijuana-w-86382", "rank": 2}}, {"type": "Feature", "geometry": {"type": "Point", "coordinates": [98.98593, 18.77342]}, "properties": {"id": "cm-weedth-f24695f8", "name": "LET'S GET HIGH CNX | cannabis store marijuana weed กัญชา", "nameTh": "LET'S GET HIGH CNX | cannabis store marijuana weed กัญชา", "nameEn": null, "cat": ["cannabis"], "province": "cm", "slug": "let-s-get-high-cnx-cannabis-store-marijuana-weed-246958", "rank": 2}}, {"type": "Feature", "geometry": {"type": "Point", "coordinates": [98.99839, 18.78125]}, "properties": {"id": "cm-weedth-09466ba0", "name": "LET’S GET HIGH CNX Branch2 | cannabis store marijuana weed กัญชา", "nameTh": "LET’S GET HIGH CNX Branch2 | cannabis store marijuana weed กัญชา", "nameEn": null, "cat": ["cannabis"], "province": "cm", "slug": "let-s-get-high-cnx-branch2-cannabis-store-marijuana-weed-094660", "rank": 2}}, {"type": "Feature", "geometry": {"type": "Point", "coordinates": [98.98593, 18.77342]}, "properties": {"id": "cm-weedth-90b4cfa8", "name": "LET’s GET HIGH CNX", "nameTh": null, "nameEn": "LET’s GET HIGH CNX", "cat": ["cannabis"], "province": "cm", "slug": "let-s-get-high-cnx-9048", "rank": 2}}, {"type": "Feature", "geometry": {"type": "Point", "coordinates": [98.97583, 18.79333]}, "properties": {"id": "cm-weedth-97bb95eb", "name": "Lady cannabis", "nameTh": null, "nameEn": "Lady cannabis", "cat": ["cannabis"], "province": "cm", "slug": "lady-cannabis-9795", "rank": 2}}, {"type": "Feature", "geometry": {"type": "Point", "coordinates": [98.98602, 18.79536]}, "properties": {"id": "cm-weedth-9937d062", "name": "Lady cannabis", "nameTh": null, "nameEn": "Lady cannabis", "cat": ["cannabis"], "province": "cm", "slug": "lady-cannabis-9937062", "rank": 2}}, {"type": "Feature", "geometry": {"type": "Point", "coordinates": [98.9932, 18.78829]}, "properties": {"id": "cm-weedth-83c33575", "name": "Lanna&Cannabis", "nameTh": null, "nameEn": "Lanna&Cannabis", "cat": ["cannabis"], "province": "cm", "slug": "lanna-cannabis-8333575", "rank": 2}}, {"type": "Feature", "geometry": {"type": "Point", "coordinates": [98.9932, 18.78829]}, "properties": {"id": "cm-weedth-a062691e", "name": "Lanna&Cannabis", "nameTh": null, "nameEn": "Lanna&Cannabis", "cat": ["cannabis"], "province": "cm", "slug": "lanna-cannabis-062691", "rank": 2}}, {"type": "Feature", "geometry": {"type": "Point", "coordinates": [98.99365, 18.78833]}, "properties": {"id": "cm-osm-node-10243655788", "name": "Leafers Cannabis", "nameTh": null, "nameEn": "Leafers Cannabis", "cat": ["cannabis"], "province": "cm", "slug": "leafers-cannabis-10243655788", "rank": 2}}, {"type": "Feature", "geometry": {"type": "Point", "coordinates": [98.98498, 18.79013]}, "properties": {"id": "cm-weedth-5e7ac272", "name": "Leafers Cannabis Dispensary 大麻", "nameTh": null, "nameEn": "Leafers Cannabis Dispensary 大麻", "cat": ["cannabis"], "province": "cm", "slug": "leafers-cannabis-dispensary-57272", "rank": 2}}, {"type": "Feature", "geometry": {"type": "Point", "coordinates": [98.98593, 18.77342]}, "properties": {"id": "cm-weedth-272c6db2", "name": "Let’s get high cnx cannabis shop", "nameTh": null, "nameEn": "Let’s get high cnx cannabis shop", "cat": ["cannabis"], "province": "cm", "slug": "let-s-get-high-cnx-cannabis-shop-27262", "rank": 2}}, {"type": "Feature", "geometry": {"type": "Point", "coordinates": [98.98593, 18.77342]}, "properties": {"id": "cm-weedth-dc52b92b", "name": "Lords of weed", "nameTh": null, "nameEn": "Lords of weed", "cat": ["cannabis"], "province": "cm", "slug": "lords-of-weed-5292", "rank": 2}}, {"type": "Feature", "geometry": {"type": "Point", "coordinates": [98.9923, 18.78902]}, "properties": {"id": "cm-weedth-9dcfdc21", "name": "Love Cannabis Chiang Mai", "nameTh": null, "nameEn": "Love Cannabis Chiang Mai", "cat": ["cannabis"], "province": "cm", "slug": "love-cannabis-chiang-mai-921", "rank": 2}}, {"type": "Feature", "geometry": {"type": "Point", "coordinates": [98.98883, 18.79075]}, "properties": {"id": "cm-weedth-907a3f5c", "name": "Luksoob", "nameTh": null, "nameEn": "Luksoob", "cat": ["cannabis"], "province": "cm", "slug": "luksoob-90735", "rank": 2}}, {"type": "Feature", "geometry": {"type": "Point", "coordinates": [98.98498, 18.79013]}, "properties": {"id": "cm-weedth-7d0d972d", "name": "LungYim CNX2 Cannabis ,weed shop", "nameTh": null, "nameEn": "LungYim CNX2 Cannabis ,weed shop", "cat": ["cannabis"], "province": "cm", "slug": "lungyim-cnx2-cannabis-weed-shop-70972", "rank": 2}}, {"type": "Feature", "geometry": {"type": "Point", "coordinates": [98.99748, 18.79006]}, "properties": {"id": "cm-weedth-57dc2c09", "name": "LungYim OG CNX weed shop", "nameTh": null, "nameEn": "LungYim OG CNX weed shop", "cat": ["cannabis"], "province": "cm", "slug": "lungyim-og-cnx-weed-shop-57209", "rank": 2}}, {"type": "Feature", "geometry": {"type": "Point", "coordinates": [98.98245, 18.77638]}, "properties": {"id": "cm-weedth-3bb4555c", "name": "M Studio", "nameTh": null, "nameEn": "M Studio", "cat": ["cannabis"], "province": "cm", "slug": "m-studio-34555", "rank": 2}}, {"type": "Feature", "geometry": {"type": "Point", "coordinates": [98.98593, 18.77342]}, "properties": {"id": "cm-weedth-2eb6c68c", "name": "MCM Cannabis", "nameTh": null, "nameEn": "MCM Cannabis", "cat": ["cannabis"], "province": "cm", "slug": "mcm-cannabis-2668", "rank": 2}}, {"type": "Feature", "geometry": {"type": "Point", "coordinates": [98.98873, 18.78379]}, "properties": {"id": "cm-weedth-229cb1a0", "name": "MEDELLÍN - Yes, we cannabis (420 weed shop 大麻 마리화나)", "nameTh": null, "nameEn": "MEDELLÍN - Yes, we cannabis (420 weed shop 大麻 마리화나)", "cat": ["cannabis"], "province": "cm", "slug": "medell-n-yes-we-cannabis-420-weed-shop-22910", "rank": 2}}, {"type": "Feature", "geometry": {"type": "Point", "coordinates": [98.97053, 18.78912]}, "properties": {"id": "cm-weedth-c3c9ec94", "name": "MIND HIGH cannabis shop (ร้านกัญชา MIND HIGH)", "nameTh": "MIND HIGH cannabis shop (ร้านกัญชา MIND HIGH)", "nameEn": null, "cat": ["cannabis"], "province": "cm", "slug": "mind-high-cannabis-shop-mind-high-3994", "rank": 2}}, {"type": "Feature", "geometry": {"type": "Point", "coordinates": [98.98593, 18.77342]}, "properties": {"id": "cm-weedth-912021cc", "name": "MOMON​ Weed​ Shop​ (Pa Deat)", "nameTh": null, "nameEn": "MOMON​ Weed​ Shop​ (Pa Deat)", "cat": ["cannabis"], "province": "cm", "slug": "momon-weed-shop-pa-deat-912021", "rank": 2}}, {"type": "Feature", "geometry": {"type": "Point", "coordinates": [98.97875, 18.77496]}, "properties": {"id": "cm-weedth-adbea62d", "name": "Marijuana Cannabis shop Dispensary 大麻", "nameTh": null, "nameEn": "Marijuana Cannabis shop Dispensary 大麻", "cat": ["cannabis"], "province": "cm", "slug": "marijuana-cannabis-shop-dispensary-62", "rank": 2}}, {"type": "Feature", "geometry": {"type": "Point", "coordinates": [98.98553, 18.80386]}, "properties": {"id": "cm-weedth-adfe24ca", "name": "Marijuana MO (ร้านกัญชามาลีฮวนน่า โม)", "nameTh": "Marijuana MO (ร้านกัญชามาลีฮวนน่า โม)", "nameEn": null, "cat": ["cannabis"], "province": "cm", "slug": "marijuana-mo-24", "rank": 2}}, {"type": "Feature", "geometry": {"type": "Point", "coordinates": [98.98012, 18.81024]}, "properties": {"id": "cm-weedth-4ac19ef1", "name": "Mary Jane CNX", "nameTh": null, "nameEn": "Mary Jane CNX", "cat": ["cannabis"], "province": "cm", "slug": "mary-jane-cnx-4191", "rank": 2}}, {"type": "Feature", "geometry": {"type": "Point", "coordinates": [99.01067, 18.78732]}, "properties": {"id": "cm-weedth-d4a84344", "name": "Master Witch Village", "nameTh": null, "nameEn": "Master Witch Village", "cat": ["cannabis"], "province": "cm", "slug": "master-witch-village-484344", "rank": 2}}, {"type": "Feature", "geometry": {"type": "Point", "coordinates": [98.99233, 18.78913]}, "properties": {"id": "cm-osm-node-9982674526", "name": "Mavoix Coffee & Weed", "nameTh": null, "nameEn": "Mavoix Coffee & Weed", "cat": ["cannabis"], "province": "cm", "slug": "mavoix-coffee-weed-9982674526", "rank": 2}}, {"type": "Feature", "geometry": {"type": "Point", "coordinates": [98.97053, 18.78912]}, "properties": {"id": "cm-weedth-a6d08cec", "name": "Mellow - Premium Dispensary", "nameTh": null, "nameEn": "Mellow - Premium Dispensary", "cat": ["cannabis"], "province": "cm", "slug": "mellow-premium-dispensary-608", "rank": 2}}, {"type": "Feature", "geometry": {"type": "Point", "coordinates": [99.00284, 18.83753]}, "properties": {"id": "cm-weedth-be86a0a9", "name": "MikeBuds Cannabis Dispensary 大麻", "nameTh": null, "nameEn": "MikeBuds Cannabis Dispensary 大麻", "cat": ["cannabis"], "province": "cm", "slug": "mikebuds-cannabis-dispensary-8609", "rank": 2}}, {"type": "Feature", "geometry": {"type": "Point", "coordinates": [98.97053, 18.78912]}, "properties": {"id": "cm-weedth-eb876cbb", "name": "Mind high cannabis shop", "nameTh": null, "nameEn": "Mind high cannabis shop", "cat": ["cannabis"], "province": "cm", "slug": "mind-high-cannabis-shop-876", "rank": 2}}, {"type": "Feature", "geometry": {"type": "Point", "coordinates": [99.00684, 18.90323]}, "properties": {"id": "cm-weedth-cb230e51", "name": "Moonshine Cafe", "nameTh": null, "nameEn": "Moonshine Cafe", "cat": ["cannabis"], "province": "cm", "slug": "moonshine-cafe-23051", "rank": 2}}, {"type": "Feature", "geometry": {"type": "Point", "coordinates": [99.01067, 18.78732]}, "properties": {"id": "cm-weedth-226fe80a", "name": "Mountain Boyz Cannabis (Weed Shop)", "nameTh": null, "nameEn": "Mountain Boyz Cannabis (Weed Shop)", "cat": ["cannabis"], "province": "cm", "slug": "mountain-boyz-cannabis-weed-shop-22680", "rank": 2}}, {"type": "Feature", "geometry": {"type": "Point", "coordinates": [98.98028, 18.8064]}, "properties": {"id": "cm-weedth-2010eb58", "name": "Mr.Black X SeeKoonRoy", "nameTh": null, "nameEn": "Mr.Black X SeeKoonRoy", "cat": ["cannabis"], "province": "cm", "slug": "mr-black-x-seekoonroy-201058", "rank": 2}}, {"type": "Feature", "geometry": {"type": "Point", "coordinates": [98.9832, 18.81449]}, "properties": {"id": "cm-weedth-52fc9014", "name": "Mr.GREENCNX Weed Shop 大麻店", "nameTh": null, "nameEn": "Mr.GREENCNX Weed Shop 大麻店", "cat": ["cannabis"], "province": "cm", "slug": "mr-greencnx-weed-shop-529014", "rank": 2}}, {"type": "Feature", "geometry": {"type": "Point", "coordinates": [98.98498, 18.79013]}, "properties": {"id": "cm-weedth-3fd87e6e", "name": "Mr.Purple Cnx.", "nameTh": null, "nameEn": "Mr.Purple Cnx.", "cat": ["cannabis"], "province": "cm", "slug": "mr-purple-cnx-3876", "rank": 2}}, {"type": "Feature", "geometry": {"type": "Point", "coordinates": [98.99883, 18.77312]}, "properties": {"id": "cm-weedth-adee5333", "name": "Mr.Tree CNX - Cannabis Social Club Chiang Mai", "nameTh": null, "nameEn": "Mr.Tree CNX - Cannabis Social Club Chiang Mai", "cat": ["cannabis"], "province": "cm", "slug": "mr-tree-cnx-cannabis-social-club-chiang-mai-5333", "rank": 2}}, {"type": "Feature", "geometry": {"type": "Point", "coordinates": [98.99748, 18.79006]}, "properties": {"id": "cm-weedth-a9fb9fd3", "name": "Muang420 Canabis shop", "nameTh": null, "nameEn": "Muang420 Canabis shop", "cat": ["cannabis"], "province": "cm", "slug": "muang420-canabis-shop-993", "rank": 2}}, {"type": "Feature", "geometry": {"type": "Point", "coordinates": [99.11283, 18.85074]}, "properties": {"id": "cm-weedth-c65fcff4", "name": "NGK Organic Farm And Cannabis Farm Tour", "nameTh": null, "nameEn": "NGK Organic Farm And Cannabis Farm Tour", "cat": ["cannabis"], "province": "cm", "slug": "ngk-organic-farm-and-cannabis-farm-tour-654", "rank": 2}}, {"type": "Feature", "geometry": {"type": "Point", "coordinates": [99.00684, 18.90323]}, "properties": {"id": "cm-weedth-d4c608c7", "name": "Neontown.maejo Weed Dispensary - สาขาแม่โจ้", "nameTh": "Neontown.maejo Weed Dispensary - สาขาแม่โจ้", "nameEn": null, "cat": ["cannabis"], "province": "cm", "slug": "neontown-maejo-weed-dispensary-46087", "rank": 2}}, {"type": "Feature", "geometry": {"type": "Point", "coordinates": [98.98593, 18.77342]}, "properties": {"id": "cm-weedth-5a6bfb24", "name": "Nha Farm Cannabis shop", "nameTh": null, "nameEn": "Nha Farm Cannabis shop", "cat": ["cannabis"], "province": "cm", "slug": "nha-farm-cannabis-shop-5624", "rank": 2}}, {"type": "Feature", "geometry": {"type": "Point", "coordinates": [98.9164, 18.73845]}, "properties": {"id": "cm-weedth-7230ed17", "name": "NongKwai Cannabis Shop", "nameTh": null, "nameEn": "NongKwai Cannabis Shop", "cat": ["cannabis"], "province": "cm", "slug": "nongkwai-cannabis-shop-723017", "rank": 2}}, {"type": "Feature", "geometry": {"type": "Point", "coordinates": [98.98553, 18.80386]}, "properties": {"id": "cm-weedth-0c19511d", "name": "Northern Grower", "nameTh": null, "nameEn": "Northern Grower", "cat": ["cannabis"], "province": "cm", "slug": "northern-grower-019511", "rank": 2}}, {"type": "Feature", "geometry": {"type": "Point", "coordinates": [98.97024, 18.79807]}, "properties": {"id": "cm-osm-node-10177747877", "name": "Old Town", "nameTh": null, "nameEn": "Old Town", "cat": ["cannabis"], "province": "cm", "slug": "old-town-10177747877", "rank": 2}}, {"type": "Feature", "geometry": {"type": "Point", "coordinates": [98.9164, 18.73845]}, "properties": {"id": "cm-weedth-7a169c1d", "name": "OmakaSAEP by Goc Lab", "nameTh": null, "nameEn": "OmakaSAEP by Goc Lab", "cat": ["cannabis"], "province": "cm", "slug": "omakasaep-by-goc-lab-71691", "rank": 2}}, {"type": "Feature", "geometry": {"type": "Point", "coordinates": [98.98498, 18.79013]}, "properties": {"id": "cm-weedth-ddb12edd", "name": "One Work Agri Maker วันเวิร์ค อกรีเม็กเกอร์ Cannabis CNX", "nameTh": "One Work Agri Maker วันเวิร์ค อกรีเม็กเกอร์ Cannabis CNX", "nameEn": null, "cat": ["cannabis"], "province": "cm", "slug": "one-work-agri-maker-cannabis-cnx-12", "rank": 2}}, {"type": "Feature", "geometry": {"type": "Point", "coordinates": [98.98593, 18.77342]}, "properties": {"id": "cm-weedth-6b76242e", "name": "PJB Weed Aholic", "nameTh": null, "nameEn": "PJB Weed Aholic", "cat": ["cannabis"], "province": "cm", "slug": "pjb-weed-aholic-676242", "rank": 2}}, {"type": "Feature", "geometry": {"type": "Point", "coordinates": [98.99883, 18.77312]}, "properties": {"id": "cm-weedth-b0450ff1", "name": "POP-UP CNX Cheap Weed Store & Cannabis Dispensary", "nameTh": null, "nameEn": "POP-UP CNX Cheap Weed Store & Cannabis Dispensary", "cat": ["cannabis"], "province": "cm", "slug": "pop-up-cnx-cheap-weed-store-cannabis-dispensary-04501", "rank": 2}}, {"type": "Feature", "geometry": {"type": "Point", "coordinates": [98.99748, 18.79006]}, "properties": {"id": "cm-weedth-59cf0055", "name": "POTS (People Of The Sun)", "nameTh": null, "nameEn": "POTS (People Of The Sun)", "cat": ["cannabis"], "province": "cm", "slug": "pots-people-of-the-sun-590055", "rank": 2}}, {"type": "Feature", "geometry": {"type": "Point", "coordinates": [98.98498, 18.79013]}, "properties": {"id": "cm-weedth-cb71fd9d", "name": "PSYSQUARE", "nameTh": null, "nameEn": "PSYSQUARE", "cat": ["cannabis"], "province": "cm", "slug": "psysquare-719", "rank": 2}}, {"type": "Feature", "geometry": {"type": "Point", "coordinates": [98.99883, 18.77312]}, "properties": {"id": "cm-weedth-327ce472", "name": "Pingnakorn Hair and Massage", "nameTh": null, "nameEn": "Pingnakorn Hair and Massage", "cat": ["cannabis"], "province": "cm", "slug": "pingnakorn-hair-and-massage-327472", "rank": 2}}, {"type": "Feature", "geometry": {"type": "Point", "coordinates": [98.97583, 18.79333]}, "properties": {"id": "cm-weedth-bd1e0a8c", "name": "Pink Leaf Maya@", "nameTh": null, "nameEn": "Pink Leaf Maya@", "cat": ["cannabis"], "province": "cm", "slug": "pink-leaf-maya-108", "rank": 2}}, {"type": "Feature", "geometry": {"type": "Point", "coordinates": [98.96822, 18.79504]}, "properties": {"id": "cm-weedth-a236d2bc", "name": "Pink Leaf Nimman Soi 17", "nameTh": null, "nameEn": "Pink Leaf Nimman Soi 17", "cat": ["cannabis"], "province": "cm", "slug": "pink-leaf-nimman-soi-17-2362", "rank": 2}}, {"type": "Feature", "geometry": {"type": "Point", "coordinates": [99.01388, 18.74297]}, "properties": {"id": "cm-weedth-30cd8af8", "name": "Pink Palace Cannabis Dispensary วังชมภูกัญชา-ไทย cannabis-m", "nameTh": "Pink Palace Cannabis Dispensary วังชมภูกัญชา-ไทย cannabis-m", "nameEn": null, "cat": ["cannabis"], "province": "cm", "slug": "pink-palace-cannabis-dispensary-cannabis-m-3088", "rank": 2}}, {"type": "Feature", "geometry": {"type": "Point", "coordinates": [98.98593, 18.77342]}, "properties": {"id": "cm-weedth-fe7523df", "name": "Pink​ Leaf​ Factory -Mae Hia", "nameTh": null, "nameEn": "Pink​ Leaf​ Factory -Mae Hia", "cat": ["cannabis"], "province": "cm", "slug": "pink-leaf-factory-mae-hia-7523", "rank": 2}}, {"type": "Feature", "geometry": {"type": "Point", "coordinates": [98.98873, 18.78379]}, "properties": {"id": "cm-weedth-091d563e", "name": "Plan B Cannabis Clinic @Chiang Mai", "nameTh": null, "nameEn": "Plan B Cannabis Clinic @Chiang Mai", "cat": ["cannabis"], "province": "cm", "slug": "plan-b-cannabis-clinic-chiang-mai-091563", "rank": 2}}, {"type": "Feature", "geometry": {"type": "Point", "coordinates": [98.98593, 18.77342]}, "properties": {"id": "cm-weedth-3bc69dc8", "name": "PrikPot", "nameTh": null, "nameEn": "PrikPot", "cat": ["cannabis"], "province": "cm", "slug": "prikpot-3698", "rank": 2}}, {"type": "Feature", "geometry": {"type": "Point", "coordinates": [98.98593, 18.77342]}, "properties": {"id": "cm-weedth-65e10def", "name": "PrikPot", "nameTh": null, "nameEn": "PrikPot", "cat": ["cannabis"], "province": "cm", "slug": "prikpot-6510", "rank": 2}}, {"type": "Feature", "geometry": {"type": "Point", "coordinates": [98.94009, 18.74291]}, "properties": {"id": "cm-osm-node-10778022045", "name": "PrikPot Lounge", "nameTh": null, "nameEn": "PrikPot Lounge", "cat": ["cannabis"], "province": "cm", "slug": "prikpot-lounge-10778022045", "rank": 1}}, {"type": "Feature", "geometry": {"type": "Point", "coordinates": [98.97583, 18.79333]}, "properties": {"id": "cm-weedth-0a7c7d2d", "name": "RabBuds", "nameTh": null, "nameEn": "RabBuds", "cat": ["cannabis"], "province": "cm", "slug": "rabbuds-0772", "rank": 2}}, {"type": "Feature", "geometry": {"type": "Point", "coordinates": [98.97583, 18.79333]}, "properties": {"id": "cm-weedth-9a6fe7e5", "name": "RabBuds", "nameTh": null, "nameEn": "RabBuds", "cat": ["cannabis"], "province": "cm", "slug": "rabbuds-9675", "rank": 2}}, {"type": "Feature", "geometry": {"type": "Point", "coordinates": [98.98593, 18.77342]}, "properties": {"id": "cm-weedth-73621566", "name": "Rainbow Weed Babe", "nameTh": null, "nameEn": "Rainbow Weed Babe", "cat": ["cannabis"], "province": "cm", "slug": "rainbow-weed-babe-73621566", "rank": 2}}, {"type": "Feature", "geometry": {"type": "Point", "coordinates": [98.99748, 18.79006]}, "properties": {"id": "cm-weedth-e7714232", "name": "Red Buds.cnx", "nameTh": null, "nameEn": "Red Buds.cnx", "cat": ["cannabis"], "province": "cm", "slug": "red-buds-cnx-7714232", "rank": 2}}, {"type": "Feature", "geometry": {"type": "Point", "coordinates": [98.9164, 18.73845]}, "properties": {"id": "cm-weedth-4f2feccb", "name": "Relax Time รีแลกซ์ ไทม์ - CANNABIS Health Product", "nameTh": "Relax Time รีแลกซ์ ไทม์ - CANNABIS Health Product", "nameEn": null, "cat": ["cannabis"], "province": "cm", "slug": "relax-time-cannabis-health-product-42", "rank": 2}}, {"type": "Feature", "geometry": {"type": "Point", "coordinates": [98.9164, 18.73845]}, "properties": {"id": "cm-weedth-71e96ec2", "name": "Relax Time รีแลกซ์ ไทม์ - CANNABIS Health Product", "nameTh": "Relax Time รีแลกซ์ ไทม์ - CANNABIS Health Product", "nameEn": null, "cat": ["cannabis"], "province": "cm", "slug": "relax-time-cannabis-health-product-71962", "rank": 2}}, {"type": "Feature", "geometry": {"type": "Point", "coordinates": [98.98553, 18.80386]}, "properties": {"id": "cm-weedth-b06ade6f", "name": "Roll Up Studio Weed café", "nameTh": null, "nameEn": "Roll Up Studio Weed café", "cat": ["cannabis"], "province": "cm", "slug": "roll-up-studio-weed-caf-066", "rank": 2}}, {"type": "Feature", "geometry": {"type": "Point", "coordinates": [98.98976, 18.81214]}, "properties": {"id": "cm-weedth-fcc70bad", "name": "Roller High", "nameTh": null, "nameEn": "Roller High", "cat": ["cannabis"], "province": "cm", "slug": "roller-high-70", "rank": 2}}, {"type": "Feature", "geometry": {"type": "Point", "coordinates": [98.98553, 18.80386]}, "properties": {"id": "cm-weedth-6224ae4c", "name": "Rolling Weed store", "nameTh": null, "nameEn": "Rolling Weed store", "cat": ["cannabis"], "province": "cm", "slug": "rolling-weed-store-62244", "rank": 2}}, {"type": "Feature", "geometry": {"type": "Point", "coordinates": [98.9832, 18.81449]}, "properties": {"id": "cm-weedth-0e8f237b", "name": "Ruttigan Weed CNX", "nameTh": null, "nameEn": "Ruttigan Weed CNX", "cat": ["cannabis"], "province": "cm", "slug": "ruttigan-weed-cnx-08237", "rank": 2}}, {"type": "Feature", "geometry": {"type": "Point", "coordinates": [98.94379, 18.77571]}, "properties": {"id": "cm-weedth-79366913", "name": "SAMURAI WEED × VapeMania®︎", "nameTh": null, "nameEn": "SAMURAI WEED × VapeMania®︎", "cat": ["cannabis"], "province": "cm", "slug": "samurai-weed-vapemania-79366913", "rank": 2}}, {"type": "Feature", "geometry": {"type": "Point", "coordinates": [98.97583, 18.79333]}, "properties": {"id": "cm-weedth-faf04e2f", "name": "SAMURAI WEED × VapeMania®︎", "nameTh": null, "nameEn": "SAMURAI WEED × VapeMania®︎", "cat": ["cannabis"], "province": "cm", "slug": "samurai-weed-vapemania-042", "rank": 2}}, {"type": "Feature", "geometry": {"type": "Point", "coordinates": [98.98873, 18.78379]}, "properties": {"id": "cm-weedth-2062dabc", "name": "SIR CANNABIS เซอร์แคนนาบิส สาขาประตูท่าแพ", "nameTh": "SIR CANNABIS เซอร์แคนนาบิส สาขาประตูท่าแพ", "nameEn": null, "cat": ["cannabis"], "province": "cm", "slug": "sir-cannabis-2062", "rank": 2}}, {"type": "Feature", "geometry": {"type": "Point", "coordinates": [98.98873, 18.78379]}, "properties": {"id": "cm-weedth-7e82fc7a", "name": "SIR CANNABIS เซอร์แคนนาบิส สาขาประตูท่าแพ", "nameTh": "SIR CANNABIS เซอร์แคนนาบิส สาขาประตูท่าแพ", "nameEn": null, "cat": ["cannabis"], "province": "cm", "slug": "sir-cannabis-7827", "rank": 2}}, {"type": "Feature", "geometry": {"type": "Point", "coordinates": [99.09689, 18.76093]}, "properties": {"id": "cm-weedth-8215ad45", "name": "SKP Cannabis - กัญชา", "nameTh": "SKP Cannabis - กัญชา", "nameEn": null, "cat": ["cannabis"], "province": "cm", "slug": "skp-cannabis-821545", "rank": 2}}, {"type": "Feature", "geometry": {"type": "Point", "coordinates": [98.99748, 18.79006]}, "properties": {"id": "cm-weedth-416056bf", "name": "SKP Cannabis 2 - Weed Dispensary Chiang Mai", "nameTh": null, "nameEn": "SKP Cannabis 2 - Weed Dispensary Chiang Mai", "cat": ["cannabis"], "province": "cm", "slug": "skp-cannabis-2-weed-dispensary-chiang-mai-416056", "rank": 2}}, {"type": "Feature", "geometry": {"type": "Point", "coordinates": [98.99748, 18.79006]}, "properties": {"id": "cm-weedth-f7a494a6", "name": "SKP Cannabis 2 - กัญชา", "nameTh": "SKP Cannabis 2 - กัญชา", "nameEn": null, "cat": ["cannabis"], "province": "cm", "slug": "skp-cannabis-2-74946", "rank": 2}}, {"type": "Feature", "geometry": {"type": "Point", "coordinates": [98.98553, 18.80386]}, "properties": {"id": "cm-weedth-12476f9d", "name": "SWEEDcnx Cannabis Dispensary 大麻藥房", "nameTh": null, "nameEn": "SWEEDcnx Cannabis Dispensary 大麻藥房", "cat": ["cannabis"], "province": "cm", "slug": "sweedcnx-cannabis-dispensary-124769", "rank": 2}}, {"type": "Feature", "geometry": {"type": "Point", "coordinates": [98.9232, 18.91479]}, "properties": {"id": "cm-weedth-8e773d71", "name": "Sai Thong Hemp Product", "nameTh": null, "nameEn": "Sai Thong Hemp Product", "cat": ["cannabis"], "province": "cm", "slug": "sai-thong-hemp-product-877371", "rank": 2}}, {"type": "Feature", "geometry": {"type": "Point", "coordinates": [98.99748, 18.79006]}, "properties": {"id": "cm-weedth-500fbbe6", "name": "Sambrvk Kulture Dispensary", "nameTh": null, "nameEn": "Sambrvk Kulture Dispensary", "cat": ["cannabis"], "province": "cm", "slug": "sambrvk-kulture-dispensary-5006", "rank": 2}}, {"type": "Feature", "geometry": {"type": "Point", "coordinates": [98.98873, 18.78379]}, "properties": {"id": "cm-weedth-bb4658e6", "name": "Saneha Ganja", "nameTh": null, "nameEn": "Saneha Ganja", "cat": ["cannabis"], "province": "cm", "slug": "saneha-ganja-46586", "rank": 2}}, {"type": "Feature", "geometry": {"type": "Point", "coordinates": [98.98873, 18.78379]}, "properties": {"id": "cm-weedth-85ca1d9e", "name": "Saneha Ganja Cannabis shop", "nameTh": null, "nameEn": "Saneha Ganja Cannabis shop", "cat": ["cannabis"], "province": "cm", "slug": "saneha-ganja-cannabis-shop-8519", "rank": 2}}, {"type": "Feature", "geometry": {"type": "Point", "coordinates": [98.98028, 18.8064]}, "properties": {"id": "cm-weedth-f443c11a", "name": "Santa WeeD Dispensary", "nameTh": null, "nameEn": "Santa WeeD Dispensary", "cat": ["cannabis"], "province": "cm", "slug": "santa-weed-dispensary-44311", "rank": 2}}, {"type": "Feature", "geometry": {"type": "Point", "coordinates": [98.9674, 18.79832]}, "properties": {"id": "cm-osm-node-9983193657", "name": "Sawan Pot", "nameTh": null, "nameEn": "Sawan Pot", "cat": ["cannabis"], "province": "cm", "slug": "sawan-pot-9983193657", "rank": 2}}, {"type": "Feature", "geometry": {"type": "Point", "coordinates": [98.98498, 18.79013]}, "properties": {"id": "cm-weedth-031b3dbd", "name": "See You To More Rolls", "nameTh": null, "nameEn": "See You To More Rolls", "cat": ["cannabis"], "province": "cm", "slug": "see-you-to-more-rolls-0313", "rank": 2}}, {"type": "Feature", "geometry": {"type": "Point", "coordinates": [99.02989, 18.78754]}, "properties": {"id": "cm-weedth-2ea05b49", "name": "Seeyou cannabis", "nameTh": null, "nameEn": "Seeyou cannabis", "cat": ["cannabis"], "province": "cm", "slug": "seeyou-cannabis-20549", "rank": 2}}, {"type": "Feature", "geometry": {"type": "Point", "coordinates": [98.98012, 18.81024]}, "properties": {"id": "cm-weedth-ef774395", "name": "Selling Bai Kratom and Cannabis", "nameTh": null, "nameEn": "Selling Bai Kratom and Cannabis", "cat": ["cannabis"], "province": "cm", "slug": "selling-bai-kratom-and-cannabis-774395", "rank": 2}}, {"type": "Feature", "geometry": {"type": "Point", "coordinates": [98.98593, 18.77342]}, "properties": {"id": "cm-weedth-f05796b0", "name": "SipSome Cannabis (YEANYAN)", "nameTh": null, "nameEn": "SipSome Cannabis (YEANYAN)", "cat": ["cannabis"], "province": "cm", "slug": "sipsome-cannabis-yeanyan-057960", "rank": 2}}, {"type": "Feature", "geometry": {"type": "Point", "coordinates": [98.98757, 18.80038]}, "properties": {"id": "cm-weedth-56c4df7c", "name": "Six One Nine Farm & Music Community", "nameTh": null, "nameEn": "Six One Nine Farm & Music Community", "cat": ["cannabis"], "province": "cm", "slug": "six-one-nine-farm-music-community-5647", "rank": 2}}, {"type": "Feature", "geometry": {"type": "Point", "coordinates": [98.99113, 18.78439]}, "properties": {"id": "cm-weedth-9b1bb887", "name": "Smile Cannabis CNX", "nameTh": null, "nameEn": "Smile Cannabis CNX", "cat": ["cannabis"], "province": "cm", "slug": "smile-cannabis-cnx-91887", "rank": 2}}, {"type": "Feature", "geometry": {"type": "Point", "coordinates": [98.95242, 18.74662]}, "properties": {"id": "cm-osm-node-10777553748", "name": "Smile Culture", "nameTh": null, "nameEn": "Smile Culture", "cat": ["cannabis"], "province": "cm", "slug": "smile-culture-10777553748", "rank": 2}}, {"type": "Feature", "geometry": {"type": "Point", "coordinates": [98.98498, 18.79013]}, "properties": {"id": "cm-weedth-d3649866", "name": "Snoop Duck CNX", "nameTh": null, "nameEn": "Snoop Duck CNX", "cat": ["cannabis"], "province": "cm", "slug": "snoop-duck-cnx-3649866", "rank": 2}}, {"type": "Feature", "geometry": {"type": "Point", "coordinates": [98.99917, 18.78405]}, "properties": {"id": "cm-weedth-c2e68820", "name": "Soft rock 420 (Weed)", "nameTh": null, "nameEn": "Soft rock 420 (Weed)", "cat": ["cannabis"], "province": "cm", "slug": "soft-rock-420-weed-268820", "rank": 2}}, {"type": "Feature", "geometry": {"type": "Point", "coordinates": [98.9232, 18.91479]}, "properties": {"id": "cm-weedth-c1bfb305", "name": "Somsomผัก", "nameTh": "Somsomผัก", "nameEn": null, "cat": ["cannabis"], "province": "cm", "slug": "somsom-1305", "rank": 2}}, {"type": "Feature", "geometry": {"type": "Point", "coordinates": [99.00684, 18.90323]}, "properties": {"id": "cm-weedth-d088e9af", "name": "Soul garden maejo", "nameTh": null, "nameEn": "Soul garden maejo", "cat": ["cannabis"], "province": "cm", "slug": "soul-garden-maejo-0889", "rank": 2}}, {"type": "Feature", "geometry": {"type": "Point", "coordinates": [99.11232, 18.74523]}, "properties": {"id": "cm-weedth-17374ff6", "name": "Space Farm San Kamphaeng - Weed Shop Cannabis Dispensary 大麻商店 cửa hàng cần sa ဆေးခြောက်ဆိုင်", "nameTh": null, "nameEn": "Space Farm San Kamphaeng - Weed Shop Cannabis Dispensary 大麻商店 cửa hàng cần sa ဆေးခြောက်ဆိုင်", "cat": ["cannabis"], "province": "cm", "slug": "space-farm-san-kamphaeng-weed-shop-cannabis-dispensary-c-a-h-173746", "rank": 2}}, {"type": "Feature", "geometry": {"type": "Point", "coordinates": [99.01067, 18.78732]}, "properties": {"id": "cm-weedth-0efa1f41", "name": "Space Farm Train Station - Weed Shop Cannabis Dispensary 大麻商店 cửa hàng cần sa ဆေးခြောက်ဆိုင်", "nameTh": null, "nameEn": "Space Farm Train Station - Weed Shop Cannabis Dispensary 大麻商店 cửa hàng cần sa ဆေးခြောက်ဆိုင်", "cat": ["cannabis"], "province": "cm", "slug": "space-farm-train-station-weed-shop-cannabis-dispensary-c-a-h-0141", "rank": 2}}, {"type": "Feature", "geometry": {"type": "Point", "coordinates": [99.01067, 18.78732]}, "properties": {"id": "cm-weedth-df99bacc", "name": "Space Farm Train Station - Weed Shop Cannabis Dispensary 大麻商店 cửa hàng cần sa ဆေးခြောက်ဆိုင်", "nameTh": null, "nameEn": "Space Farm Train Station - Weed Shop Cannabis Dispensary 大麻商店 cửa hàng cần sa ဆေးခြောက်ဆိုင်", "cat": ["cannabis"], "province": "cm", "slug": "space-farm-train-station-weed-shop-cannabis-dispensary-c-a-h-99", "rank": 2}}, {"type": "Feature", "geometry": {"type": "Point", "coordinates": [98.99883, 18.77312]}, "properties": {"id": "cm-weedth-9433214f", "name": "Space OG Weed Shop 大麻", "nameTh": null, "nameEn": "Space OG Weed Shop 大麻", "cat": ["cannabis"], "province": "cm", "slug": "space-og-weed-shop-9433214", "rank": 2}}, {"type": "Feature", "geometry": {"type": "Point", "coordinates": [98.97122, 18.7987]}, "properties": {"id": "cm-osm-node-10177747875", "name": "Space Trees Thailand", "nameTh": null, "nameEn": "Space Trees Thailand", "cat": ["cannabis"], "province": "cm", "slug": "space-trees-thailand-10177747875", "rank": 2}}, {"type": "Feature", "geometry": {"type": "Point", "coordinates": [98.99376, 18.79022]}, "properties": {"id": "cm-osm-node-10281777733", "name": "Space Weed", "nameTh": null, "nameEn": "Space Weed", "cat": ["cannabis"], "province": "cm", "slug": "space-weed-10281777733", "rank": 2}}, {"type": "Feature", "geometry": {"type": "Point", "coordinates": [98.97053, 18.78912]}, "properties": {"id": "cm-weedth-5c471726", "name": "Spacetime.cnx Dispensary Floor 3", "nameTh": null, "nameEn": "Spacetime.cnx Dispensary Floor 3", "cat": ["cannabis"], "province": "cm", "slug": "spacetime-cnx-dispensary-floor-3-5471726", "rank": 2}}, {"type": "Feature", "geometry": {"type": "Point", "coordinates": [98.97053, 18.78912]}, "properties": {"id": "cm-weedth-77bc3869", "name": "Spacetime.cnx Dispensary Floor 3", "nameTh": null, "nameEn": "Spacetime.cnx Dispensary Floor 3", "cat": ["cannabis"], "province": "cm", "slug": "spacetime-cnx-dispensary-floor-3-773869", "rank": 2}}, {"type": "Feature", "geometry": {"type": "Point", "coordinates": [98.99884, 18.78666]}, "properties": {"id": "cm-osm-node-9982674528", "name": "Stash CDXX", "nameTh": null, "nameEn": "Stash CDXX", "cat": ["cannabis"], "province": "cm", "slug": "stash-cdxx-9982674528", "rank": 1}}, {"type": "Feature", "geometry": {"type": "Point", "coordinates": [98.99748, 18.79006]}, "properties": {"id": "cm-weedth-f72fe2f3", "name": "Stash Dispensary", "nameTh": null, "nameEn": "Stash Dispensary", "cat": ["cannabis"], "province": "cm", "slug": "stash-dispensary-7223", "rank": 2}}, {"type": "Feature", "geometry": {"type": "Point", "coordinates": [99.01388, 18.74297]}, "properties": {"id": "cm-weedth-4bfc04e7", "name": "Sti Suk Farm", "nameTh": null, "nameEn": "Sti Suk Farm", "cat": ["cannabis"], "province": "cm", "slug": "sti-suk-farm-4047", "rank": 2}}, {"type": "Feature", "geometry": {"type": "Point", "coordinates": [99.03834, 18.84416]}, "properties": {"id": "cm-weedth-959550c8", "name": "Stock g Grower Cnx", "nameTh": null, "nameEn": "Stock g Grower Cnx", "cat": ["cannabis"], "province": "cm", "slug": "stock-g-grower-cnx-9595508", "rank": 2}}, {"type": "Feature", "geometry": {"type": "Point", "coordinates": [99.03834, 18.84416]}, "properties": {"id": "cm-weedth-03a1e1d1", "name": "Stock g grower cnx", "nameTh": null, "nameEn": "Stock g grower cnx", "cat": ["cannabis"], "province": "cm", "slug": "stock-g-grower-cnx-03111", "rank": 2}}, {"type": "Feature", "geometry": {"type": "Point", "coordinates": [98.99374, 18.75479]}, "properties": {"id": "cm-weedth-1626febc", "name": "Stoned Age Dispensary", "nameTh": null, "nameEn": "Stoned Age Dispensary", "cat": ["cannabis"], "province": "cm", "slug": "stoned-age-dispensary-1626", "rank": 2}}, {"type": "Feature", "geometry": {"type": "Point", "coordinates": [98.98813, 18.7856]}, "properties": {"id": "cm-osm-node-9989449793", "name": "Stoner CNX", "nameTh": null, "nameEn": "Stoner CNX", "cat": ["cannabis"], "province": "cm", "slug": "stoner-cnx-9989449793", "rank": 1}}, {"type": "Feature", "geometry": {"type": "Point", "coordinates": [98.97583, 18.79333]}, "properties": {"id": "cm-weedth-60eac079", "name": "Stoner Cnx (Nimmanhaemin brunch)", "nameTh": null, "nameEn": "Stoner Cnx (Nimmanhaemin brunch)", "cat": ["cannabis"], "province": "cm", "slug": "stoner-cnx-nimmanhaemin-brunch-60079", "rank": 2}}, {"type": "Feature", "geometry": {"type": "Point", "coordinates": [98.97583, 18.79333]}, "properties": {"id": "cm-weedth-3b6051e3", "name": "Stoner’s Club", "nameTh": null, "nameEn": "Stoner’s Club", "cat": ["cannabis"], "province": "cm", "slug": "stoner-s-club-360513", "rank": 2}}, {"type": "Feature", "geometry": {"type": "Point", "coordinates": [98.99947, 18.78578]}, "properties": {"id": "cm-osm-way-1484032986", "name": "Sudyod Ganja", "nameTh": null, "nameEn": "Sudyod Ganja", "cat": ["cannabis"], "province": "cm", "slug": "sudyod-ganja-1484032986", "rank": 1}}, {"type": "Feature", "geometry": {"type": "Point", "coordinates": [99.00684, 18.90323]}, "properties": {"id": "cm-weedth-aed261e6", "name": "Sugar leaf lover CNX", "nameTh": null, "nameEn": "Sugar leaf lover CNX", "cat": ["cannabis"], "province": "cm", "slug": "sugar-leaf-lover-cnx-2616", "rank": 2}}, {"type": "Feature", "geometry": {"type": "Point", "coordinates": [98.98498, 18.79013]}, "properties": {"id": "cm-weedth-efa3976f", "name": "Sun Grown Valley - Cannabis Dispensary & Farm 大麻 ร้านกัญชา", "nameTh": "Sun Grown Valley - Cannabis Dispensary & Farm 大麻 ร้านกัญชา", "nameEn": null, "cat": ["cannabis"], "province": "cm", "slug": "sun-grown-valley-cannabis-dispensary-farm-3976", "rank": 2}}, {"type": "Feature", "geometry": {"type": "Point", "coordinates": [98.98873, 18.78379]}, "properties": {"id": "cm-weedth-ea617d03", "name": "Sungular@Kampangdin", "nameTh": null, "nameEn": "Sungular@Kampangdin", "cat": ["cannabis"], "province": "cm", "slug": "sungular-kampangdin-61703", "rank": 2}}, {"type": "Feature", "geometry": {"type": "Point", "coordinates": [98.98498, 18.79013]}, "properties": {"id": "cm-weedth-7f9e3aee", "name": "Sungular@changphuak (Weed cafe)", "nameTh": null, "nameEn": "Sungular@changphuak (Weed cafe)", "cat": ["cannabis"], "province": "cm", "slug": "sungular-changphuak-weed-cafe-793", "rank": 2}}, {"type": "Feature", "geometry": {"type": "Point", "coordinates": [98.99883, 18.77312]}, "properties": {"id": "cm-weedth-458fade9", "name": "Sungular@sangtawan(4แยกแสงตะวัน)", "nameTh": "Sungular@sangtawan(4แยกแสงตะวัน)", "nameEn": null, "cat": ["cannabis"], "province": "cm", "slug": "sungular-sangtawan-4-4589", "rank": 2}}, {"type": "Feature", "geometry": {"type": "Point", "coordinates": [99.11283, 18.85074]}, "properties": {"id": "cm-weedth-daa0155a", "name": "Superbud Dispensary - Northsides Cannabis 大麻店 Marijuana", "nameTh": null, "nameEn": "Superbud Dispensary - Northsides Cannabis 大麻店 Marijuana", "cat": ["cannabis"], "province": "cm", "slug": "superbud-dispensary-northsides-cannabis-marijuana-0155", "rank": 2}}, {"type": "Feature", "geometry": {"type": "Point", "coordinates": [98.9164, 18.73845]}, "properties": {"id": "cm-weedth-2f41cf72", "name": "Superbud Farm", "nameTh": null, "nameEn": "Superbud Farm", "cat": ["cannabis"], "province": "cm", "slug": "superbud-farm-24172", "rank": 2}}, {"type": "Feature", "geometry": {"type": "Point", "coordinates": [98.98012, 18.81024]}, "properties": {"id": "cm-weedth-2860f6a9", "name": "Superbud Living Room Weedshop 24hrs 大麻", "nameTh": null, "nameEn": "Superbud Living Room Weedshop 24hrs 大麻", "cat": ["cannabis"], "province": "cm", "slug": "superbud-living-room-weedshop-24hrs-286069", "rank": 2}}, {"type": "Feature", "geometry": {"type": "Point", "coordinates": [98.97749, 18.79625]}, "properties": {"id": "cm-weedth-37a6114b", "name": "Superbud@Weed Shop Ganj Chiang - Best Cannabis in Chiangmai 大麻店", "nameTh": null, "nameEn": "Superbud@Weed Shop Ganj Chiang - Best Cannabis in Chiangmai 大麻店", "cat": ["cannabis"], "province": "cm", "slug": "superbud-weed-shop-ganj-chiang-best-cannabis-in-chiangmai-376114", "rank": 2}}, {"type": "Feature", "geometry": {"type": "Point", "coordinates": [98.98553, 18.80386]}, "properties": {"id": "cm-weedth-5c149f5a", "name": "Sweed CNX", "nameTh": null, "nameEn": "Sweed CNX", "cat": ["cannabis"], "province": "cm", "slug": "sweed-cnx-51495", "rank": 2}}, {"type": "Feature", "geometry": {"type": "Point", "coordinates": [98.99748, 18.79006]}, "properties": {"id": "cm-weedth-7152384d", "name": "Sweedies Cannabis Dispensary 大麻藥房", "nameTh": null, "nameEn": "Sweedies Cannabis Dispensary 大麻藥房", "cat": ["cannabis"], "province": "cm", "slug": "sweedies-cannabis-dispensary-7152384", "rank": 2}}, {"type": "Feature", "geometry": {"type": "Point", "coordinates": [98.9232, 18.91479]}, "properties": {"id": "cm-weedth-062171d9", "name": "Sweet Cloud Cannabis", "nameTh": null, "nameEn": "Sweet Cloud Cannabis", "cat": ["cannabis"], "province": "cm", "slug": "sweet-cloud-cannabis-0621719", "rank": 2}}, {"type": "Feature", "geometry": {"type": "Point", "coordinates": [98.98785, 18.7882]}, "properties": {"id": "cm-weedth-caca8d45", "name": "TBE - organic boutique", "nameTh": null, "nameEn": "TBE - organic boutique", "cat": ["cannabis"], "province": "cm", "slug": "tbe-organic-boutique-845", "rank": 2}}, {"type": "Feature", "geometry": {"type": "Point", "coordinates": [98.89094, 18.64311]}, "properties": {"id": "cm-weedth-677e6d6e", "name": "TERPs", "nameTh": null, "nameEn": "TERPs", "cat": ["cannabis"], "province": "cm", "slug": "terps-67766", "rank": 2}}, {"type": "Feature", "geometry": {"type": "Point", "coordinates": [99.01072, 18.78661]}, "properties": {"id": "cm-weedth-65da6d12", "name": "TH.C. Organic Farm", "nameTh": null, "nameEn": "TH.C. Organic Farm", "cat": ["cannabis"], "province": "cm", "slug": "th-c-organic-farm-65612", "rank": 2}}, {"type": "Feature", "geometry": {"type": "Point", "coordinates": [98.99748, 18.79006]}, "properties": {"id": "cm-weedth-adfaf175", "name": "THAI HERB CO.", "nameTh": null, "nameEn": "THAI HERB CO.", "cat": ["cannabis"], "province": "cm", "slug": "thai-herb-co-175", "rank": 2}}, {"type": "Feature", "geometry": {"type": "Point", "coordinates": [99.11283, 18.85074]}, "properties": {"id": "cm-weedth-67065ca9", "name": "THC Craft", "nameTh": null, "nameEn": "THC Craft", "cat": ["cannabis"], "province": "cm", "slug": "thc-craft-670659", "rank": 2}}, {"type": "Feature", "geometry": {"type": "Point", "coordinates": [98.98873, 18.78379]}, "properties": {"id": "cm-weedth-dcf7286f", "name": "THC Rooftop bar", "nameTh": null, "nameEn": "THC Rooftop bar", "cat": ["cannabis"], "province": "cm", "slug": "thc-rooftop-bar-7286", "rank": 2}}, {"type": "Feature", "geometry": {"type": "Point", "coordinates": [98.96579, 18.79577]}, "properties": {"id": "cm-weedth-88550d98", "name": "THE DISPENSARY Nimman - Premium Cannabis", "nameTh": null, "nameEn": "THE DISPENSARY Nimman - Premium Cannabis", "cat": ["cannabis"], "province": "cm", "slug": "the-dispensary-nimman-premium-cannabis-8855098", "rank": 2}}, {"type": "Feature", "geometry": {"type": "Point", "coordinates": [98.9164, 18.73845]}, "properties": {"id": "cm-weedth-302bd5a5", "name": "THE HYPE COMPANY - cannabis cultivation , weed shop , Cannabis Dispensary 大麻 Marijuanas", "nameTh": null, "nameEn": "THE HYPE COMPANY - cannabis cultivation , weed shop , Cannabis Dispensary 大麻 Marijuanas", "cat": ["cannabis"], "province": "cm", "slug": "the-hype-company-cannabis-cultivation-weed-shop-cannabis-dis-30255", "rank": 2}}, {"type": "Feature", "geometry": {"type": "Point", "coordinates": [98.98553, 18.80386]}, "properties": {"id": "cm-weedth-0e645323", "name": "THE SUN WEEDS", "nameTh": null, "nameEn": "THE SUN WEEDS", "cat": ["cannabis"], "province": "cm", "slug": "the-sun-weeds-0645323", "rank": 2}}, {"type": "Feature", "geometry": {"type": "Point", "coordinates": [98.98593, 18.77342]}, "properties": {"id": "cm-weedth-25ddd8f6", "name": "Take some weeds & Tattoo", "nameTh": null, "nameEn": "Take some weeds & Tattoo", "cat": ["cannabis"], "province": "cm", "slug": "take-some-weeds-tattoo-2586", "rank": 2}}, {"type": "Feature", "geometry": {"type": "Point", "coordinates": [99.00065, 18.91561]}, "properties": {"id": "cm-weedth-e1aaba71", "name": "Tegridy Farm Coffee Shop", "nameTh": null, "nameEn": "Tegridy Farm Coffee Shop", "cat": ["cannabis"], "province": "cm", "slug": "tegridy-farm-coffee-shop-171", "rank": 2}}, {"type": "Feature", "geometry": {"type": "Point", "coordinates": [99.01067, 18.78732]}, "properties": {"id": "cm-weedth-dd9192a9", "name": "Tenderloin WEED Chiang Mai - Cannabis Dispensary 大麻", "nameTh": null, "nameEn": "Tenderloin WEED Chiang Mai - Cannabis Dispensary 大麻", "cat": ["cannabis"], "province": "cm", "slug": "tenderloin-weed-chiang-mai-cannabis-dispensary-91929", "rank": 2}}, {"type": "Feature", "geometry": {"type": "Point", "coordinates": [98.97583, 18.79333]}, "properties": {"id": "cm-weedth-879c98ff", "name": "Termtemcnx", "nameTh": null, "nameEn": "Termtemcnx", "cat": ["cannabis"], "province": "cm", "slug": "termtemcnx-87998", "rank": 2}}, {"type": "Feature", "geometry": {"type": "Point", "coordinates": [98.97829, 18.78864]}, "properties": {"id": "cm-weedth-43b08e1e", "name": "Terp Buddeez - Kratom & Cannabis (Weed Dispensary)", "nameTh": null, "nameEn": "Terp Buddeez - Kratom & Cannabis (Weed Dispensary)", "cat": ["cannabis"], "province": "cm", "slug": "terp-buddeez-kratom-cannabis-weed-dispensary-43081", "rank": 2}}, {"type": "Feature", "geometry": {"type": "Point", "coordinates": [99.03834, 18.84416]}, "properties": {"id": "cm-weedth-a566d7db", "name": "TerpZilla Cannabis Dispensary weed ganja marijuana ร้านกัญชา 大麻 マリファナ गांजा 대마초", "nameTh": "TerpZilla Cannabis Dispensary weed ganja marijuana ร้านกัญชา 大麻 マリファナ गांजा 대마초", "nameEn": null, "cat": ["cannabis"], "province": "cm", "slug": "terpzilla-cannabis-dispensary-weed-ganja-marijuana-5667", "rank": 2}}, {"type": "Feature", "geometry": {"type": "Point", "coordinates": [98.98593, 18.77342]}, "properties": {"id": "cm-weedth-8b1155e1", "name": "Thai Grower Club Airport Chiang Mai", "nameTh": null, "nameEn": "Thai Grower Club Airport Chiang Mai", "cat": ["cannabis"], "province": "cm", "slug": "thai-grower-club-airport-chiang-mai-811551", "rank": 2}}, {"type": "Feature", "geometry": {"type": "Point", "coordinates": [98.97829, 18.78864]}, "properties": {"id": "cm-weedth-61f5e09c", "name": "Thai Grower Club Chiang Mai", "nameTh": null, "nameEn": "Thai Grower Club Chiang Mai", "cat": ["cannabis"], "province": "cm", "slug": "thai-grower-club-chiang-mai-61509", "rank": 2}}, {"type": "Feature", "geometry": {"type": "Point", "coordinates": [98.97026, 18.79449]}, "properties": {"id": "cm-osm-node-12591881531", "name": "Thai Top Shelf", "nameTh": null, "nameEn": "Thai Top Shelf", "cat": ["cannabis"], "province": "cm", "slug": "thai-top-shelf-12591881531", "rank": 1}}, {"type": "Feature", "geometry": {"type": "Point", "coordinates": [98.98498, 18.79013]}, "properties": {"id": "cm-weedth-04c538fb", "name": "ThaiWeedShop", "nameTh": null, "nameEn": "ThaiWeedShop", "cat": ["cannabis"], "province": "cm", "slug": "thaiweedshop-04538", "rank": 2}}, {"type": "Feature", "geometry": {"type": "Point", "coordinates": [99.03834, 18.84416]}, "properties": {"id": "cm-weedth-a1c185bb", "name": "The Best Area cannabis", "nameTh": null, "nameEn": "The Best Area cannabis", "cat": ["cannabis"], "province": "cm", "slug": "the-best-area-cannabis-1185", "rank": 2}}, {"type": "Feature", "geometry": {"type": "Point", "coordinates": [98.9164, 18.73845]}, "properties": {"id": "cm-weedth-208f2491", "name": "The Dank Store", "nameTh": null, "nameEn": "The Dank Store", "cat": ["cannabis"], "province": "cm", "slug": "the-dank-store-2082491", "rank": 2}}, {"type": "Feature", "geometry": {"type": "Point", "coordinates": [98.98553, 18.80386]}, "properties": {"id": "cm-weedth-edcbb3ec", "name": "The Duchess Cannabis Near Me.", "nameTh": null, "nameEn": "The Duchess Cannabis Near Me.", "cat": ["cannabis"], "province": "cm", "slug": "the-duchess-cannabis-near-me-3", "rank": 2}}, {"type": "Feature", "geometry": {"type": "Point", "coordinates": [98.99748, 18.79006]}, "properties": {"id": "cm-weedth-5204a722", "name": "The Glory Days", "nameTh": null, "nameEn": "The Glory Days", "cat": ["cannabis"], "province": "cm", "slug": "the-glory-days-5204722", "rank": 2}}, {"type": "Feature", "geometry": {"type": "Point", "coordinates": [99.02989, 18.78754]}, "properties": {"id": "cm-weedth-b8af01bd", "name": "The God Flower", "nameTh": null, "nameEn": "The God Flower", "cat": ["cannabis"], "province": "cm", "slug": "the-god-flower-801", "rank": 2}}, {"type": "Feature", "geometry": {"type": "Point", "coordinates": [98.99748, 18.79006]}, "properties": {"id": "cm-weedth-ead98e46", "name": "The God Flower Premium Branch2 Cannabis Dispensary Tha Phae Gate Chiang Mai", "nameTh": null, "nameEn": "The God Flower Premium Branch2 Cannabis Dispensary Tha Phae Gate Chiang Mai", "cat": ["cannabis"], "province": "cm", "slug": "the-god-flower-premium-branch2-cannabis-dispensary-tha-phae-9846", "rank": 2}}, {"type": "Feature", "geometry": {"type": "Point", "coordinates": [98.99748, 18.79006]}, "properties": {"id": "cm-weedth-e6b536c7", "name": "The Greenroom Changmoi", "nameTh": null, "nameEn": "The Greenroom Changmoi", "cat": ["cannabis"], "province": "cm", "slug": "the-greenroom-changmoi-65367", "rank": 2}}, {"type": "Feature", "geometry": {"type": "Point", "coordinates": [99.01388, 18.74297]}, "properties": {"id": "cm-weedth-54387249", "name": "The Honey Pot", "nameTh": null, "nameEn": "The Honey Pot", "cat": ["cannabis"], "province": "cm", "slug": "the-honey-pot-54387249", "rank": 2}}, {"type": "Feature", "geometry": {"type": "Point", "coordinates": [98.9164, 18.73845]}, "properties": {"id": "cm-weedth-c56a5f1f", "name": "The Hype Company-Cannabis,大麻,대마초,marijuana", "nameTh": null, "nameEn": "The Hype Company-Cannabis,大麻,대마초,marijuana", "cat": ["cannabis"], "province": "cm", "slug": "the-hype-company-cannabis-marijuana-5651", "rank": 2}}, {"type": "Feature", "geometry": {"type": "Point", "coordinates": [98.9854, 18.78148]}, "properties": {"id": "cm-weedth-a1663e5d", "name": "The Joint Cannabis Dispensary Weed Shop", "nameTh": null, "nameEn": "The Joint Cannabis Dispensary Weed Shop", "cat": ["cannabis"], "province": "cm", "slug": "the-joint-cannabis-dispensary-weed-shop-16635", "rank": 2}}, {"type": "Feature", "geometry": {"type": "Point", "coordinates": [99.01067, 18.78732]}, "properties": {"id": "cm-weedth-26592099", "name": "The River Bar", "nameTh": null, "nameEn": "The River Bar", "cat": ["cannabis"], "province": "cm", "slug": "the-river-bar-26592099", "rank": 2}}, {"type": "Feature", "geometry": {"type": "Point", "coordinates": [98.97583, 18.79333]}, "properties": {"id": "cm-weedth-19baaac9", "name": "The Spot Cannabis Dispensary | ร้านกัญชาเชียงใหม่ Cannabis shop Chiang Mai", "nameTh": "The Spot Cannabis Dispensary | ร้านกัญชาเชียงใหม่ Cannabis shop Chiang Mai", "nameEn": null, "cat": ["cannabis"], "province": "cm", "slug": "the-spot-cannabis-dispensary-cannabis-shop-chiang-mai-199", "rank": 2}}, {"type": "Feature", "geometry": {"type": "Point", "coordinates": [98.97391, 18.81139]}, "properties": {"id": "cm-weedth-67fe2685", "name": "The buds station (weed cannabis dispensary ร้านขายกัญชา)", "nameTh": "The buds station (weed cannabis dispensary ร้านขายกัญชา)", "nameEn": null, "cat": ["cannabis"], "province": "cm", "slug": "the-buds-station-weed-cannabis-dispensary-672685", "rank": 2}}, {"type": "Feature", "geometry": {"type": "Point", "coordinates": [98.97391, 18.81139]}, "properties": {"id": "cm-weedth-e39f4b59", "name": "The buds station (weed cannabis dispensary ร้านขายกัญชา)", "nameTh": "The buds station (weed cannabis dispensary ร้านขายกัญชา)", "nameEn": null, "cat": ["cannabis"], "province": "cm", "slug": "the-buds-station-weed-cannabis-dispensary-39459", "rank": 2}}, {"type": "Feature", "geometry": {"type": "Point", "coordinates": [99.01067, 18.78732]}, "properties": {"id": "cm-weedth-53f2d9f3", "name": "The carter's", "nameTh": null, "nameEn": "The carter's", "cat": ["cannabis"], "province": "cm", "slug": "the-carter-s-53293", "rank": 2}}, {"type": "Feature", "geometry": {"type": "Point", "coordinates": [98.98012, 18.81024]}, "properties": {"id": "cm-weedth-66cfa2bb", "name": "The green Sky cannabis weed", "nameTh": null, "nameEn": "The green Sky cannabis weed", "cat": ["cannabis"], "province": "cm", "slug": "the-green-sky-cannabis-weed-662", "rank": 2}}, {"type": "Feature", "geometry": {"type": "Point", "coordinates": [98.98012, 18.81024]}, "properties": {"id": "cm-weedth-61dee9a5", "name": "The jungle bar น้ำกระท่อม กัญชาเชียงใหม่", "nameTh": "The jungle bar น้ำกระท่อม กัญชาเชียงใหม่", "nameEn": null, "cat": ["cannabis"], "province": "cm", "slug": "the-jungle-bar-6195", "rank": 2}}, {"type": "Feature", "geometry": {"type": "Point", "coordinates": [98.98593, 18.77342]}, "properties": {"id": "cm-weedth-d0ea3c9f", "name": "Tiststyletattoo", "nameTh": null, "nameEn": "Tiststyletattoo", "cat": ["cannabis"], "province": "cm", "slug": "tiststyletattoo-039", "rank": 2}}, {"type": "Feature", "geometry": {"type": "Point", "coordinates": [98.9749, 18.79901]}, "properties": {"id": "cm-osm-node-13437706097", "name": "Toemyim", "nameTh": null, "nameEn": "Toemyim", "cat": ["cannabis"], "province": "cm", "slug": "toemyim-13437706097", "rank": 1}}, {"type": "Feature", "geometry": {"type": "Point", "coordinates": [98.97583, 18.79333]}, "properties": {"id": "cm-weedth-e960f788", "name": "Top Genetics Weed Shop and Cannabis Dispensary", "nameTh": null, "nameEn": "Top Genetics Weed Shop and Cannabis Dispensary", "cat": ["cannabis"], "province": "cm", "slug": "top-genetics-weed-shop-and-cannabis-dispensary-960788", "rank": 2}}, {"type": "Feature", "geometry": {"type": "Point", "coordinates": [99.09689, 18.76093]}, "properties": {"id": "cm-weedth-54a00f42", "name": "Treecoma", "nameTh": null, "nameEn": "Treecoma", "cat": ["cannabis"], "province": "cm", "slug": "treecoma-540042", "rank": 2}}, {"type": "Feature", "geometry": {"type": "Point", "coordinates": [98.99748, 18.79006]}, "properties": {"id": "cm-weedth-be5d25fc", "name": "Trichome cnx cannabis cafe", "nameTh": null, "nameEn": "Trichome cnx cannabis cafe", "cat": ["cannabis"], "province": "cm", "slug": "trichome-cnx-cannabis-cafe-525", "rank": 2}}, {"type": "Feature", "geometry": {"type": "Point", "coordinates": [99.00684, 18.90323]}, "properties": {"id": "cm-weedth-f0245ddb", "name": "Turn up 420 Store 3", "nameTh": null, "nameEn": "Turn up 420 Store 3", "cat": ["cannabis"], "province": "cm", "slug": "turn-up-420-store-3-0245", "rank": 2}}, {"type": "Feature", "geometry": {"type": "Point", "coordinates": [99.00684, 18.90323]}, "properties": {"id": "cm-weedth-59e4b9ef", "name": "Turn up 420 Store 4(Premium Cannabis)", "nameTh": null, "nameEn": "Turn up 420 Store 4(Premium Cannabis)", "cat": ["cannabis"], "province": "cm", "slug": "turn-up-420-store-4-premium-cannabis-5949", "rank": 2}}, {"type": "Feature", "geometry": {"type": "Point", "coordinates": [98.97583, 18.79333]}, "properties": {"id": "cm-weedth-012b4631", "name": "UP 420 (Weed Station) Cannabis Store", "nameTh": null, "nameEn": "UP 420 (Weed Station) Cannabis Store", "cat": ["cannabis"], "province": "cm", "slug": "up-420-weed-station-cannabis-store-0124631", "rank": 2}}, {"type": "Feature", "geometry": {"type": "Point", "coordinates": [99.00684, 18.90323]}, "properties": {"id": "cm-weedth-4fddb0d4", "name": "UP 420 (Weed Station) Cannabis Store", "nameTh": null, "nameEn": "UP 420 (Weed Station) Cannabis Store", "cat": ["cannabis"], "province": "cm", "slug": "up-420-weed-station-cannabis-store-404", "rank": 2}}, {"type": "Feature", "geometry": {"type": "Point", "coordinates": [98.9164, 18.73845]}, "properties": {"id": "cm-weedth-63a7bc13", "name": "UP 420 (Weed Station) Cannabis Store", "nameTh": null, "nameEn": "UP 420 (Weed Station) Cannabis Store", "cat": ["cannabis"], "province": "cm", "slug": "up-420-weed-station-cannabis-store-63713", "rank": 2}}, {"type": "Feature", "geometry": {"type": "Point", "coordinates": [98.98012, 18.81024]}, "properties": {"id": "cm-weedth-2aa40cf6", "name": "Uncle Thor cannabis", "nameTh": null, "nameEn": "Uncle Thor cannabis", "cat": ["cannabis"], "province": "cm", "slug": "uncle-thor-cannabis-2406", "rank": 2}}, {"type": "Feature", "geometry": {"type": "Point", "coordinates": [99.01067, 18.78732]}, "properties": {"id": "cm-weedth-4665f632", "name": "Uni Weed Cannabis shop", "nameTh": null, "nameEn": "Uni Weed Cannabis shop", "cat": ["cannabis"], "province": "cm", "slug": "uni-weed-cannabis-shop-4665632", "rank": 2}}, {"type": "Feature", "geometry": {"type": "Point", "coordinates": [99.01067, 18.78732]}, "properties": {"id": "cm-weedth-e5c801bb", "name": "Uni Weed Cannabis shop", "nameTh": null, "nameEn": "Uni Weed Cannabis shop", "cat": ["cannabis"], "province": "cm", "slug": "uni-weed-cannabis-shop-5801", "rank": 2}}, {"type": "Feature", "geometry": {"type": "Point", "coordinates": [98.99748, 18.79006]}, "properties": {"id": "cm-weedth-dda8a981", "name": "Unwind , Weed ,Cannabis ,Dispensary", "nameTh": null, "nameEn": "Unwind , Weed ,Cannabis ,Dispensary", "cat": ["cannabis"], "province": "cm", "slug": "unwind-weed-cannabis-dispensary-8981", "rank": 2}}, {"type": "Feature", "geometry": {"type": "Point", "coordinates": [99.11232, 18.74523]}, "properties": {"id": "cm-weedth-b542fdb6", "name": "V HIGH THC cannabis Farm วีไฮ ฟาร์มกัญชา 大麻", "nameTh": "V HIGH THC cannabis Farm วีไฮ ฟาร์มกัญชา 大麻", "nameEn": null, "cat": ["cannabis"], "province": "cm", "slug": "v-high-thc-cannabis-farm-5426", "rank": 2}}, {"type": "Feature", "geometry": {"type": "Point", "coordinates": [99.11232, 18.74523]}, "properties": {"id": "cm-weedth-c858ae8c", "name": "V HIGH THC cannabis Farm วีไฮ ฟาร์มกัญชา 大麻", "nameTh": "V HIGH THC cannabis Farm วีไฮ ฟาร์มกัญชา 大麻", "nameEn": null, "cat": ["cannabis"], "province": "cm", "slug": "v-high-thc-cannabis-farm-8588", "rank": 2}}, {"type": "Feature", "geometry": {"type": "Point", "coordinates": [99.00412, 18.7131]}, "properties": {"id": "cm-weedth-f379776e", "name": "Verdant Remedy - Indoor Cannabis Farm by บจก. ท้องฟ้า กรุ๊ป", "nameTh": "Verdant Remedy - Indoor Cannabis Farm by บจก. ท้องฟ้า กรุ๊ป", "nameEn": null, "cat": ["cannabis"], "province": "cm", "slug": "verdant-remedy-indoor-cannabis-farm-by-379776", "rank": 2}}, {"type": "Feature", "geometry": {"type": "Point", "coordinates": [99.01067, 18.78732]}, "properties": {"id": "cm-weedth-3e10bd20", "name": "WEED GANG", "nameTh": null, "nameEn": "WEED GANG", "cat": ["cannabis"], "province": "cm", "slug": "weed-gang-31020", "rank": 2}}, {"type": "Feature", "geometry": {"type": "Point", "coordinates": [98.98873, 18.78379]}, "properties": {"id": "cm-weedth-b501c34b", "name": "WEED HANDSOME - CANNABIS DISPENSARY 大麻 Marijuanas & SMOKING AREA [ WEED SHOP ]", "nameTh": null, "nameEn": "WEED HANDSOME - CANNABIS DISPENSARY 大麻 Marijuanas & SMOKING AREA [ WEED SHOP ]", "cat": ["cannabis"], "province": "cm", "slug": "weed-handsome-cannabis-dispensary-marijuanas-smoking-area-we-50134", "rank": 2}}, {"type": "Feature", "geometry": {"type": "Point", "coordinates": [98.98949, 18.78383]}, "properties": {"id": "cm-osm-node-13016037946", "name": "WEED HANDSOMECnX", "nameTh": null, "nameEn": "WEED HANDSOMECnX", "cat": ["cannabis"], "province": "cm", "slug": "weed-handsomecnx-13016037946", "rank": 3}}, {"type": "Feature", "geometry": {"type": "Point", "coordinates": [99.01067, 18.78732]}, "properties": {"id": "cm-weedth-0af23197", "name": "WEED HOUSE 89", "nameTh": null, "nameEn": "WEED HOUSE 89", "cat": ["cannabis"], "province": "cm", "slug": "weed-house-89-023197", "rank": 2}}, {"type": "Feature", "geometry": {"type": "Point", "coordinates": [98.99839, 18.78125]}, "properties": {"id": "cm-weedth-3c009bc5", "name": "WEED KING Cannabis store Dispensary 大麻 marijuanas Edible конопля", "nameTh": null, "nameEn": "WEED KING Cannabis store Dispensary 大麻 marijuanas Edible конопля", "cat": ["cannabis"], "province": "cm", "slug": "weed-king-cannabis-store-dispensary-marijuanas-edible-30095", "rank": 2}}, {"type": "Feature", "geometry": {"type": "Point", "coordinates": [98.99839, 18.78125]}, "properties": {"id": "cm-weedth-8ef83ffa", "name": "WEED PACK", "nameTh": null, "nameEn": "WEED PACK", "cat": ["cannabis"], "province": "cm", "slug": "weed-pack-883", "rank": 2}}, {"type": "Feature", "geometry": {"type": "Point", "coordinates": [98.99839, 18.78125]}, "properties": {"id": "cm-weedth-3b285064", "name": "WEED PACK (weed store)", "nameTh": null, "nameEn": "WEED PACK (weed store)", "cat": ["cannabis"], "province": "cm", "slug": "weed-pack-weed-store-3285064", "rank": 2}}, {"type": "Feature", "geometry": {"type": "Point", "coordinates": [99.03834, 18.84416]}, "properties": {"id": "cm-weedth-2f5c248c", "name": "WEED.WIW (วี๊ด.วิ้ว)", "nameTh": "WEED.WIW (วี๊ด.วิ้ว)", "nameEn": null, "cat": ["cannabis"], "province": "cm", "slug": "weed-wiw-25248", "rank": 2}}, {"type": "Feature", "geometry": {"type": "Point", "coordinates": [98.99249, 18.78872]}, "properties": {"id": "cm-osm-node-9982674525", "name": "Wake n' Bake", "nameTh": null, "nameEn": "Wake n' Bake", "cat": ["cannabis"], "province": "cm", "slug": "wake-n-bake-9982674525", "rank": 1}}, {"type": "Feature", "geometry": {"type": "Point", "coordinates": [99.00849, 18.755]}, "properties": {"id": "cm-osm-node-13014824212", "name": "Wanna High 420 CNX", "nameTh": null, "nameEn": "Wanna High 420 CNX", "cat": ["cannabis"], "province": "cm", "slug": "wanna-high-420-cnx-13014824212", "rank": 1}}, {"type": "Feature", "geometry": {"type": "Point", "coordinates": [98.97583, 18.79333]}, "properties": {"id": "cm-weedth-56015c56", "name": "WeeDs Bloom CNX", "nameTh": null, "nameEn": "WeeDs Bloom CNX", "cat": ["cannabis"], "province": "cm", "slug": "weeds-bloom-cnx-5601556", "rank": 2}}, {"type": "Feature", "geometry": {"type": "Point", "coordinates": [98.982, 18.79248]}, "properties": {"id": "cm-weedth-5b1cf795", "name": "Weed All Day cannabis shop cnx", "nameTh": null, "nameEn": "Weed All Day cannabis shop cnx", "cat": ["cannabis"], "province": "cm", "slug": "weed-all-day-cannabis-shop-cnx-51795", "rank": 2}}, {"type": "Feature", "geometry": {"type": "Point", "coordinates": [98.98602, 18.79536]}, "properties": {"id": "cm-weedth-25c0061c", "name": "Weed Aloha Cannabis CNX", "nameTh": null, "nameEn": "Weed Aloha Cannabis CNX", "cat": ["cannabis"], "province": "cm", "slug": "weed-aloha-cannabis-cnx-250061", "rank": 2}}, {"type": "Feature", "geometry": {"type": "Point", "coordinates": [98.98281, 18.78575]}, "properties": {"id": "cm-weedth-4f50d75f", "name": "Weed Amsterdam Cafe Catnabis", "nameTh": null, "nameEn": "Weed Amsterdam Cafe Catnabis", "cat": ["cannabis"], "province": "cm", "slug": "weed-amsterdam-cafe-catnabis-45075", "rank": 2}}, {"type": "Feature", "geometry": {"type": "Point", "coordinates": [98.96565, 18.7999]}, "properties": {"id": "cm-osm-node-12588829769", "name": "Weed Area 420 nimman", "nameTh": null, "nameEn": "Weed Area 420 nimman", "cat": ["cannabis"], "province": "cm", "slug": "weed-area-420-nimman-12588829769", "rank": 1}}, {"type": "Feature", "geometry": {"type": "Point", "coordinates": [98.98553, 18.80386]}, "properties": {"id": "cm-weedth-402aec91", "name": "Weed Bud (Organic Dispensary)", "nameTh": null, "nameEn": "Weed Bud (Organic Dispensary)", "cat": ["cannabis"], "province": "cm", "slug": "weed-bud-organic-dispensary-40291", "rank": 2}}, {"type": "Feature", "geometry": {"type": "Point", "coordinates": [98.98012, 18.81024]}, "properties": {"id": "cm-weedth-6298f9a4", "name": "Weed Candy - Weed Shop Open24hr ร้านกัญชา24ชั่วโมง Cannabis Store", "nameTh": "Weed Candy - Weed Shop Open24hr ร้านกัญชา24ชั่วโมง Cannabis Store", "nameEn": null, "cat": ["cannabis"], "province": "cm", "slug": "weed-candy-weed-shop-open24hr-24-cannabis-store-629894", "rank": 2}}, {"type": "Feature", "geometry": {"type": "Point", "coordinates": [98.98553, 18.80386]}, "properties": {"id": "cm-weedth-64e5d8a8", "name": "Weed Candy - Weed Shop Open24hr ร้านกัญชา24ชั่วโมง Cannabis Store", "nameTh": "Weed Candy - Weed Shop Open24hr ร้านกัญชา24ชั่วโมง Cannabis Store", "nameEn": null, "cat": ["cannabis"], "province": "cm", "slug": "weed-candy-weed-shop-open24hr-24-cannabis-store-64588", "rank": 2}}, {"type": "Feature", "geometry": {"type": "Point", "coordinates": [98.98012, 18.81024]}, "properties": {"id": "cm-weedth-6d041bc5", "name": "Weed Candy - Weed Shop Open24hr ร้านกัญชา24ชั่วโมง Cannabis Store", "nameTh": "Weed Candy - Weed Shop Open24hr ร้านกัญชา24ชั่วโมง Cannabis Store", "nameEn": null, "cat": ["cannabis"], "province": "cm", "slug": "weed-candy-weed-shop-open24hr-24-cannabis-store-60415", "rank": 2}}, {"type": "Feature", "geometry": {"type": "Point", "coordinates": [98.98873, 18.78379]}, "properties": {"id": "cm-weedth-b3aff7fb", "name": "Weed Chaser - Cannabis Dispensary 大麻 marijuana марихуана", "nameTh": null, "nameEn": "Weed Chaser - Cannabis Dispensary 大麻 marijuana марихуана", "cat": ["cannabis"], "province": "cm", "slug": "weed-chaser-cannabis-dispensary-marijuana-37", "rank": 2}}, {"type": "Feature", "geometry": {"type": "Point", "coordinates": [98.98873, 18.78379]}, "properties": {"id": "cm-weedth-170955ff", "name": "Weed Chaser - Weed Shop Open24hrs Cannabis Store Dispensary Chiang Mai", "nameTh": null, "nameEn": "Weed Chaser - Weed Shop Open24hrs Cannabis Store Dispensary Chiang Mai", "cat": ["cannabis"], "province": "cm", "slug": "weed-chaser-weed-shop-open24hrs-cannabis-store-dispensary-ch-170955", "rank": 2}}, {"type": "Feature", "geometry": {"type": "Point", "coordinates": [98.98012, 18.81024]}, "properties": {"id": "cm-weedth-814c226d", "name": "Weed Em Boyz Cannabis Dispensary 大麻 Marijuanas", "nameTh": null, "nameEn": "Weed Em Boyz Cannabis Dispensary 大麻 Marijuanas", "cat": ["cannabis"], "province": "cm", "slug": "weed-em-boyz-cannabis-dispensary-marijuanas-814226", "rank": 2}}, {"type": "Feature", "geometry": {"type": "Point", "coordinates": [98.99883, 18.77312]}, "properties": {"id": "cm-weedth-1e9f77e0", "name": "Weed Every day Cannabis shop cnx 大麻 marijuana", "nameTh": null, "nameEn": "Weed Every day Cannabis shop cnx 大麻 marijuana", "cat": ["cannabis"], "province": "cm", "slug": "weed-every-day-cannabis-shop-cnx-marijuana-19770", "rank": 2}}, {"type": "Feature", "geometry": {"type": "Point", "coordinates": [98.98602, 18.79536]}, "properties": {"id": "cm-weedth-96729e27", "name": "Weed Keef", "nameTh": null, "nameEn": "Weed Keef", "cat": ["cannabis"], "province": "cm", "slug": "weed-keef-9672927", "rank": 2}}, {"type": "Feature", "geometry": {"type": "Point", "coordinates": [98.97583, 18.79333]}, "properties": {"id": "cm-weedth-5fb9366d", "name": "Weed Land ร้านกัญชา เชียงใหม่", "nameTh": "Weed Land ร้านกัญชา เชียงใหม่", "nameEn": null, "cat": ["cannabis"], "province": "cm", "slug": "weed-land-59366", "rank": 2}}, {"type": "Feature", "geometry": {"type": "Point", "coordinates": [98.98553, 18.80386]}, "properties": {"id": "cm-weedth-328058dc", "name": "Weed Mayan CNX | Cannabis Store, Weed Shop & Dispensary Chiang Mai", "nameTh": null, "nameEn": "Weed Mayan CNX | Cannabis Store, Weed Shop & Dispensary Chiang Mai", "cat": ["cannabis"], "province": "cm", "slug": "weed-mayan-cnx-cannabis-store-weed-shop-dispensary-chiang-ma-328058", "rank": 2}}, {"type": "Feature", "geometry": {"type": "Point", "coordinates": [98.99589, 18.79332]}, "properties": {"id": "cm-weedth-b7be33a4", "name": "Weed Point (วีด พอยท์)", "nameTh": "Weed Point (วีด พอยท์)", "nameEn": null, "cat": ["cannabis"], "province": "cm", "slug": "weed-point-7334", "rank": 2}}, {"type": "Feature", "geometry": {"type": "Point", "coordinates": [98.98088, 18.74611]}, "properties": {"id": "cm-weedth-8c809f30", "name": "Weed Shop Green Crack - Cannabis Dispensary", "nameTh": null, "nameEn": "Weed Shop Green Crack - Cannabis Dispensary", "cat": ["cannabis"], "province": "cm", "slug": "weed-shop-green-crack-cannabis-dispensary-880930", "rank": 2}}, {"type": "Feature", "geometry": {"type": "Point", "coordinates": [98.98498, 18.79013]}, "properties": {"id": "cm-weedth-8556cd0e", "name": "Weed Shop High are U oldtown", "nameTh": null, "nameEn": "Weed Shop High are U oldtown", "cat": ["cannabis"], "province": "cm", "slug": "weed-shop-high-are-u-oldtown-85560", "rank": 2}}, {"type": "Feature", "geometry": {"type": "Point", "coordinates": [99.01388, 18.74297]}, "properties": {"id": "cm-weedth-8fcf32b0", "name": "Weed Shop High-risk Dispensary", "nameTh": null, "nameEn": "Weed Shop High-risk Dispensary", "cat": ["cannabis"], "province": "cm", "slug": "weed-shop-high-risk-dispensary-8320", "rank": 2}}, {"type": "Feature", "geometry": {"type": "Point", "coordinates": [98.98281, 18.78575]}, "properties": {"id": "cm-weedth-18fae3d1", "name": "Weed Shop Highway 420 Cannabis Dispensary 大麻 Marijuanas", "nameTh": null, "nameEn": "Weed Shop Highway 420 Cannabis Dispensary 大麻 Marijuanas", "cat": ["cannabis"], "province": "cm", "slug": "weed-shop-highway-420-cannabis-dispensary-marijuanas-1831", "rank": 2}}, {"type": "Feature", "geometry": {"type": "Point", "coordinates": [99.01067, 18.78732]}, "properties": {"id": "cm-weedth-4a636b91", "name": "Weed Shop SuperBud@Tunghotel-Dispensary 大麻商店 марихуана マリファナ", "nameTh": null, "nameEn": "Weed Shop SuperBud@Tunghotel-Dispensary 大麻商店 марихуана マリファナ", "cat": ["cannabis"], "province": "cm", "slug": "weed-shop-superbud-tunghotel-dispensary-463691", "rank": 2}}, {"type": "Feature", "geometry": {"type": "Point", "coordinates": [98.98602, 18.79536]}, "properties": {"id": "cm-weedth-d866c6f0", "name": "Weed Shop Superbud @Chang Phueak Gate - Cannabis dispensary 大麻 конопля", "nameTh": null, "nameEn": "Weed Shop Superbud @Chang Phueak Gate - Cannabis dispensary 大麻 конопля", "cat": ["cannabis"], "province": "cm", "slug": "weed-shop-superbud-chang-phueak-gate-cannabis-dispensary-86660", "rank": 2}}, {"type": "Feature", "geometry": {"type": "Point", "coordinates": [99.00703, 18.77334]}, "properties": {"id": "cm-weedth-137ec94b", "name": "Weed Shop Superbud@Saraphi", "nameTh": null, "nameEn": "Weed Shop Superbud@Saraphi", "cat": ["cannabis"], "province": "cm", "slug": "weed-shop-superbud-saraphi-13794", "rank": 2}}, {"type": "Feature", "geometry": {"type": "Point", "coordinates": [98.98012, 18.81024]}, "properties": {"id": "cm-weedth-f127ecf1", "name": "Weed Shops Green Crack - Cannabis Dispensary 泰国大麻 marijuana марихуана", "nameTh": null, "nameEn": "Weed Shops Green Crack - Cannabis Dispensary 泰国大麻 marijuana марихуана", "cat": ["cannabis"], "province": "cm", "slug": "weed-shops-green-crack-cannabis-dispensary-marijuana-1271", "rank": 2}}, {"type": "Feature", "geometry": {"type": "Point", "coordinates": [99.01388, 18.74297]}, "properties": {"id": "cm-weedth-9df39e98", "name": "Weed Shops Highrisk - Cannabis Dispensary 大麻 Marijuana марихуана タイの大麻", "nameTh": null, "nameEn": "Weed Shops Highrisk - Cannabis Dispensary 大麻 Marijuana марихуана タイの大麻", "cat": ["cannabis"], "province": "cm", "slug": "weed-shops-highrisk-cannabis-dispensary-marijuana-93998", "rank": 2}}, {"type": "Feature", "geometry": {"type": "Point", "coordinates": [98.98106, 18.80797]}, "properties": {"id": "cm-weedth-57906902", "name": "Weed Station & Cannabis (ร้านกัญชา)", "nameTh": "Weed Station & Cannabis (ร้านกัญชา)", "nameEn": null, "cat": ["cannabis"], "province": "cm", "slug": "weed-station-cannabis-57906902", "rank": 2}}, {"type": "Feature", "geometry": {"type": "Point", "coordinates": [98.99495, 18.78361]}, "properties": {"id": "cm-weedth-ab82b516", "name": "Weed Time420 Cannabis shop dispensary 大麻 Marijuanas", "nameTh": null, "nameEn": "Weed Time420 Cannabis shop dispensary 大麻 Marijuanas", "cat": ["cannabis"], "province": "cm", "slug": "weed-time420-cannabis-shop-dispensary-marijuanas-82516", "rank": 2}}, {"type": "Feature", "geometry": {"type": "Point", "coordinates": [99.11232, 18.74523]}, "properties": {"id": "cm-weedth-2fd2db66", "name": "Weed U - Weed Shop ร้านกัญชา Cannabis Store Chiang Mai", "nameTh": "Weed U - Weed Shop ร้านกัญชา Cannabis Store Chiang Mai", "nameEn": null, "cat": ["cannabis"], "province": "cm", "slug": "weed-u-weed-shop-cannabis-store-chiang-mai-2266", "rank": 2}}, {"type": "Feature", "geometry": {"type": "Point", "coordinates": [99.01262, 18.82762]}, "properties": {"id": "cm-osm-node-13303153000", "name": "Weed Wiw", "nameTh": "ร้านกัญชา วี๊ด.วิ้ว รวมโชค", "nameEn": "Weed Wiw", "cat": ["cannabis"], "province": "cm", "slug": "weed-wiw-13303153000", "rank": 5}}, {"type": "Feature", "geometry": {"type": "Point", "coordinates": [98.96749, 18.85716]}, "properties": {"id": "cm-osm-node-13303176356", "name": "Weed Wiw", "nameTh": "ร้านกัญชา วี๊ด.วิ้ว ดอนแก้ว", "nameEn": "Weed Wiw", "cat": ["cannabis"], "province": "cm", "slug": "weed-wiw-13303176356", "rank": 4}}, {"type": "Feature", "geometry": {"type": "Point", "coordinates": [98.99883, 18.77312]}, "properties": {"id": "cm-weedth-77210670", "name": "Weed Zard - Weed Shop ร้านกัญชา 24 ชั่วโมง Open24hrs Airport", "nameTh": "Weed Zard - Weed Shop ร้านกัญชา 24 ชั่วโมง Open24hrs Airport", "nameEn": null, "cat": ["cannabis"], "province": "cm", "slug": "weed-zard-weed-shop-24-open24hrs-airport-77210670", "rank": 2}}, {"type": "Feature", "geometry": {"type": "Point", "coordinates": [98.98664, 18.77587]}, "properties": {"id": "cm-weedth-e17152ad", "name": "Weed Zone420 Cannabis shop Dispensary 大麻 marijuanas", "nameTh": null, "nameEn": "Weed Zone420 Cannabis shop Dispensary 大麻 marijuanas", "cat": ["cannabis"], "province": "cm", "slug": "weed-zone420-cannabis-shop-dispensary-marijuanas-17152", "rank": 2}}, {"type": "Feature", "geometry": {"type": "Point", "coordinates": [98.9232, 18.91479]}, "properties": {"id": "cm-weedth-9fbc2944", "name": "Weed in wood", "nameTh": null, "nameEn": "Weed in wood", "cat": ["cannabis"], "province": "cm", "slug": "weed-in-wood-92944", "rank": 2}}, {"type": "Feature", "geometry": {"type": "Point", "coordinates": [98.98498, 18.79013]}, "properties": {"id": "cm-weedth-883e9e8d", "name": "WeedSup – Weed Shop 24 hr. ร้านกัญชา 24 ชั่วโมง | Chiang Mai", "nameTh": "WeedSup – Weed Shop 24 hr. ร้านกัญชา 24 ชั่วโมง | Chiang Mai", "nameEn": null, "cat": ["cannabis"], "province": "cm", "slug": "weedsup-weed-shop-24-hr-24-chiang-mai-88398", "rank": 2}}, {"type": "Feature", "geometry": {"type": "Point", "coordinates": [99.11232, 18.74523]}, "properties": {"id": "cm-weedth-b04ca692", "name": "WeedU - Legal Cannabis dispensary 大麻 Marihuana マリファナ", "nameTh": null, "nameEn": "WeedU - Legal Cannabis dispensary 大麻 Marihuana マリファナ", "cat": ["cannabis"], "province": "cm", "slug": "weedu-legal-cannabis-dispensary-marihuana-04692", "rank": 2}}, {"type": "Feature", "geometry": {"type": "Point", "coordinates": [98.98498, 18.79013]}, "properties": {"id": "cm-weedth-9cc0639f", "name": "Weederland", "nameTh": null, "nameEn": "Weederland", "cat": ["cannabis"], "province": "cm", "slug": "weederland-90639", "rank": 2}}, {"type": "Feature", "geometry": {"type": "Point", "coordinates": [99.01067, 18.78732]}, "properties": {"id": "cm-weedth-20576238", "name": "Weederland สาขา2", "nameTh": "Weederland สาขา2", "nameEn": null, "cat": ["cannabis"], "province": "cm", "slug": "weederland-2-20576238", "rank": 2}}, {"type": "Feature", "geometry": {"type": "Point", "coordinates": [99.01067, 18.78732]}, "properties": {"id": "cm-weedth-84f83feb", "name": "Weederland.branch2 (สาขา2)", "nameTh": "Weederland.branch2 (สาขา2)", "nameEn": null, "cat": ["cannabis"], "province": "cm", "slug": "weederland-branch2-2-8483", "rank": 2}}, {"type": "Feature", "geometry": {"type": "Point", "coordinates": [98.97583, 18.79333]}, "properties": {"id": "cm-weedth-d669fd86", "name": "Weeds bloom outlet", "nameTh": null, "nameEn": "Weeds bloom outlet", "cat": ["cannabis"], "province": "cm", "slug": "weeds-bloom-outlet-66986", "rank": 2}}, {"type": "Feature", "geometry": {"type": "Point", "coordinates": [98.98088, 18.74611]}, "properties": {"id": "cm-weedth-f6460c13", "name": "WhereIsWeed Cannabis Shop 大麻 marijuanas", "nameTh": null, "nameEn": "WhereIsWeed Cannabis Shop 大麻 marijuanas", "cat": ["cannabis"], "province": "cm", "slug": "whereisweed-cannabis-shop-marijuanas-646013", "rank": 2}}, {"type": "Feature", "geometry": {"type": "Point", "coordinates": [98.98498, 18.79013]}, "properties": {"id": "cm-weedth-a3b6dfaa", "name": "Wisdom Cannabis Farm", "nameTh": null, "nameEn": "Wisdom Cannabis Farm", "cat": ["cannabis"], "province": "cm", "slug": "wisdom-cannabis-farm-36", "rank": 2}}, {"type": "Feature", "geometry": {"type": "Point", "coordinates": [98.98593, 18.77342]}, "properties": {"id": "cm-weedth-868a6a01", "name": "Wonderful Chiang Mai Travel", "nameTh": null, "nameEn": "Wonderful Chiang Mai Travel", "cat": ["cannabis"], "province": "cm", "slug": "wonderful-chiang-mai-travel-868601", "rank": 2}}, {"type": "Feature", "geometry": {"type": "Point", "coordinates": [99.00065, 18.91561]}, "properties": {"id": "cm-weedth-7c8c7fec", "name": "Yellow SMS Kush", "nameTh": null, "nameEn": "Yellow SMS Kush", "cat": ["cannabis"], "province": "cm", "slug": "yellow-sms-kush-787", "rank": 2}}, {"type": "Feature", "geometry": {"type": "Point", "coordinates": [99.00684, 18.90323]}, "properties": {"id": "cm-weedth-e748dc93", "name": "Yellow sms meajo cnx", "nameTh": null, "nameEn": "Yellow sms meajo cnx", "cat": ["cannabis"], "province": "cm", "slug": "yellow-sms-meajo-cnx-74893", "rank": 2}}, {"type": "Feature", "geometry": {"type": "Point", "coordinates": [99.20976, 19.92061]}, "properties": {"id": "cm-osm-node-10559319309", "name": "Yield lab cannabis dispensary", "nameTh": null, "nameEn": "Yield lab cannabis dispensary", "cat": ["cannabis"], "province": "cm", "slug": "yield-lab-cannabis-dispensary-10559319309", "rank": 2}}, {"type": "Feature", "geometry": {"type": "Point", "coordinates": [99.11232, 18.74523]}, "properties": {"id": "cm-weedth-ebae7615", "name": "Ying Green Homestay", "nameTh": null, "nameEn": "Ying Green Homestay", "cat": ["cannabis"], "province": "cm", "slug": "ying-green-homestay-7615", "rank": 2}}, {"type": "Feature", "geometry": {"type": "Point", "coordinates": [98.9232, 18.91479]}, "properties": {"id": "cm-weedth-f3a2d96f", "name": "Young Blood", "nameTh": null, "nameEn": "Young Blood", "cat": ["cannabis"], "province": "cm", "slug": "young-blood-3296", "rank": 2}}, {"type": "Feature", "geometry": {"type": "Point", "coordinates": [98.9232, 18.91479]}, "properties": {"id": "cm-weedth-2712422e", "name": "Youngblood cannabis", "nameTh": null, "nameEn": "Youngblood cannabis", "cat": ["cannabis"], "province": "cm", "slug": "youngblood-cannabis-2712422", "rank": 2}}, {"type": "Feature", "geometry": {"type": "Point", "coordinates": [98.98012, 18.81024]}, "properties": {"id": "cm-weedth-a5b7a707", "name": "Yun UP Studio", "nameTh": null, "nameEn": "Yun UP Studio", "cat": ["cannabis"], "province": "cm", "slug": "yun-up-studio-57707", "rank": 2}}, {"type": "Feature", "geometry": {"type": "Point", "coordinates": [98.99748, 18.79006]}, "properties": {"id": "cm-weedth-1c0007ce", "name": "bong chiangmai by tibtee (ติ๊บตี่)", "nameTh": "bong chiangmai by tibtee (ติ๊บตี่)", "nameEn": null, "cat": ["cannabis"], "province": "cm", "slug": "bong-chiangmai-by-tibtee-10007", "rank": 2}}, {"type": "Feature", "geometry": {"type": "Point", "coordinates": [99.00417, 18.80012]}, "properties": {"id": "cm-weedth-99205ef7", "name": "cannabis weed 420 By JUJUBE CANNABIS", "nameTh": null, "nameEn": "cannabis weed 420 By JUJUBE CANNABIS", "cat": ["cannabis"], "province": "cm", "slug": "cannabis-weed-420-by-jujube-cannabis-992057", "rank": 2}}, {"type": "Feature", "geometry": {"type": "Point", "coordinates": [98.98498, 18.79013]}, "properties": {"id": "cm-weedth-37c3aab9", "name": "feelhighs", "nameTh": null, "nameEn": "feelhighs", "cat": ["cannabis"], "province": "cm", "slug": "feelhighs-3739", "rank": 2}}, {"type": "Feature", "geometry": {"type": "Point", "coordinates": [99.11232, 18.74523]}, "properties": {"id": "cm-weedth-9d2c03a9", "name": "gunchala", "nameTh": null, "nameEn": "gunchala", "cat": ["cannabis"], "province": "cm", "slug": "gunchala-92039", "rank": 2}}, {"type": "Feature", "geometry": {"type": "Point", "coordinates": [99.11232, 18.74523]}, "properties": {"id": "cm-weedth-af4e97cb", "name": "gunchala", "nameTh": null, "nameEn": "gunchala", "cat": ["cannabis"], "province": "cm", "slug": "gunchala-497", "rank": 2}}, {"type": "Feature", "geometry": {"type": "Point", "coordinates": [99.01388, 18.74297]}, "properties": {"id": "cm-weedth-b640e1c0", "name": "home weed home โฮมวีทโฮม", "nameTh": "home weed home โฮมวีทโฮม", "nameEn": null, "cat": ["cannabis"], "province": "cm", "slug": "home-weed-home-64010", "rank": 2}}, {"type": "Feature", "geometry": {"type": "Point", "coordinates": [98.98553, 18.80386]}, "properties": {"id": "cm-weedth-e7831ef6", "name": "iQ99 CANNABIS FARM", "nameTh": null, "nameEn": "iQ99 CANNABIS FARM", "cat": ["cannabis"], "province": "cm", "slug": "iq99-cannabis-farm-78316", "rank": 2}}, {"type": "Feature", "geometry": {"type": "Point", "coordinates": [98.98593, 18.77342]}, "properties": {"id": "cm-weedth-b52fc2bb", "name": "iZAP", "nameTh": null, "nameEn": "iZAP", "cat": ["cannabis"], "province": "cm", "slug": "izap-522", "rank": 2}}, {"type": "Feature", "geometry": {"type": "Point", "coordinates": [98.92589, 18.74331]}, "properties": {"id": "cm-osm-node-11295824999", "name": "stuff cannabis dispensary", "nameTh": null, "nameEn": "stuff cannabis dispensary", "cat": ["cannabis"], "province": "cm", "slug": "stuff-cannabis-dispensary-11295824999", "rank": 4}}, {"type": "Feature", "geometry": {"type": "Point", "coordinates": [98.9164, 18.73845]}, "properties": {"id": "cm-weedth-04da8341", "name": "กระท่อมหางดง - Cannabis shop", "nameTh": "กระท่อมหางดง - Cannabis shop", "nameEn": null, "cat": ["cannabis"], "province": "cm", "slug": "cannabis-shop-048341", "rank": 2}}, {"type": "Feature", "geometry": {"type": "Point", "coordinates": [98.98012, 18.81024]}, "properties": {"id": "cm-weedth-f35b8d04", "name": "กัญชา กัญเอง กาดมาลิน", "nameTh": "กัญชา กัญเอง กาดมาลิน", "nameEn": null, "cat": ["cannabis"], "province": "cm", "slug": "35804", "rank": 2}}, {"type": "Feature", "geometry": {"type": "Point", "coordinates": [98.95131, 18.73159]}, "properties": {"id": "cm-osm-node-13996857490", "name": "กัญชา วี๊ด.วิ้ว หางดง", "nameTh": "กัญชา วี๊ด.วิ้ว หางดง", "nameEn": null, "cat": ["cannabis"], "province": "cm", "slug": "13996857490", "rank": 3}}, {"type": "Feature", "geometry": {"type": "Point", "coordinates": [98.9704, 18.81036]}, "properties": {"id": "cm-weedth-33e769ac", "name": "กัญชากระท่อมเชียงใหม่ (เจ็ดยอด-ช่างเคี่ยน)", "nameTh": "กัญชากระท่อมเชียงใหม่ (เจ็ดยอด-ช่างเคี่ยน)", "nameEn": null, "cat": ["cannabis"], "province": "cm", "slug": "33769", "rank": 2}}, {"type": "Feature", "geometry": {"type": "Point", "coordinates": [99.03834, 18.84416]}, "properties": {"id": "cm-weedth-d6e60771", "name": "กัญชาสันทราย420 sansai420 Cannabis shop", "nameTh": "กัญชาสันทราย420 sansai420 Cannabis shop", "nameEn": null, "cat": ["cannabis"], "province": "cm", "slug": "420-sansai420-cannabis-shop-660771", "rank": 2}}, {"type": "Feature", "geometry": {"type": "Point", "coordinates": [99.01067, 18.78732]}, "properties": {"id": "cm-weedth-5aa41c28", "name": "กัญญ์ยา ชาอารมณ์ดี", "nameTh": "กัญญ์ยา ชาอารมณ์ดี", "nameEn": null, "cat": ["cannabis"], "province": "cm", "slug": "54128", "rank": 2}}, {"type": "Feature", "geometry": {"type": "Point", "coordinates": [98.9164, 18.73845]}, "properties": {"id": "cm-weedth-27ca2a30", "name": "กัญทูโก", "nameTh": "กัญทูโก", "nameEn": null, "cat": ["cannabis"], "province": "cm", "slug": "27230", "rank": 2}}, {"type": "Feature", "geometry": {"type": "Point", "coordinates": [98.98012, 18.81024]}, "properties": {"id": "cm-weedth-a8ea30d7", "name": "ก้าวแก้ว Ganja", "nameTh": "ก้าวแก้ว Ganja", "nameEn": null, "cat": ["cannabis"], "province": "cm", "slug": "ganja-8307", "rank": 2}}, {"type": "Feature", "geometry": {"type": "Point", "coordinates": [98.98553, 18.80386]}, "properties": {"id": "cm-weedth-b5d7ff3d", "name": "ครัวนงลักษณ์", "nameTh": "ครัวนงลักษณ์", "nameEn": null, "cat": ["cannabis"], "province": "cm", "slug": "573", "rank": 2}}, {"type": "Feature", "geometry": {"type": "Point", "coordinates": [98.98976, 18.81214]}, "properties": {"id": "cm-weedth-72056710", "name": "คาเฟ่ ชากัญ ตัวแทนจำหน่ายภาคเหนือ", "nameTh": "คาเฟ่ ชากัญ ตัวแทนจำหน่ายภาคเหนือ", "nameEn": null, "cat": ["cannabis"], "province": "cm", "slug": "72056710", "rank": 2}}, {"type": "Feature", "geometry": {"type": "Point", "coordinates": [98.89094, 18.64311]}, "properties": {"id": "cm-weedth-269cfa0a", "name": "จำหน่ายใบกระท่อม krathom", "nameTh": "จำหน่ายใบกระท่อม krathom", "nameEn": null, "cat": ["cannabis"], "province": "cm", "slug": "krathom-2690", "rank": 2}}, {"type": "Feature", "geometry": {"type": "Point", "coordinates": [99.01388, 18.74297]}, "properties": {"id": "cm-weedth-8cf0cdce", "name": "ซุปเปอร์ วีด SUPER WEED", "nameTh": "ซุปเปอร์ วีด SUPER WEED", "nameEn": null, "cat": ["cannabis"], "province": "cm", "slug": "super-weed-80", "rank": 2}}, {"type": "Feature", "geometry": {"type": "Point", "coordinates": [99.03834, 18.84416]}, "properties": {"id": "cm-weedth-2e72eea9", "name": "ตาหวาน คาเฟ่ Tawaan Cafe x Cannabis Shop", "nameTh": "ตาหวาน คาเฟ่ Tawaan Cafe x Cannabis Shop", "nameEn": null, "cat": ["cannabis"], "province": "cm", "slug": "tawaan-cafe-x-cannabis-shop-2729", "rank": 2}}, {"type": "Feature", "geometry": {"type": "Point", "coordinates": [99.11283, 18.85074]}, "properties": {"id": "cm-weedth-33794b0d", "name": "บจก.ซาลัส ไบโอซูติคอล", "nameTh": "บจก.ซาลัส ไบโอซูติคอล", "nameEn": null, "cat": ["cannabis"], "province": "cm", "slug": "337940", "rank": 2}}, {"type": "Feature", "geometry": {"type": "Point", "coordinates": [99.11283, 18.85074]}, "properties": {"id": "cm-weedth-0835a7fa", "name": "บ้านคำบุญศรี", "nameTh": "บ้านคำบุญศรี", "nameEn": null, "cat": ["cannabis"], "province": "cm", "slug": "08357", "rank": 2}}, {"type": "Feature", "geometry": {"type": "Point", "coordinates": [98.98012, 18.81024]}, "properties": {"id": "cm-weedth-62b41a2b", "name": "ผึ้งน้อย คาเฟ่ เชียงใหม่", "nameTh": "ผึ้งน้อย คาเฟ่ เชียงใหม่", "nameEn": null, "cat": ["cannabis"], "province": "cm", "slug": "62412", "rank": 2}}, {"type": "Feature", "geometry": {"type": "Point", "coordinates": [99.01067, 18.78732]}, "properties": {"id": "cm-weedth-21d54354", "name": "พาเพลิน แคนนาบิส ( Papern Cannabis )", "nameTh": "พาเพลิน แคนนาบิส ( Papern Cannabis )", "nameEn": null, "cat": ["cannabis"], "province": "cm", "slug": "papern-cannabis-2154354", "rank": 2}}, {"type": "Feature", "geometry": {"type": "Point", "coordinates": [98.98593, 18.77342]}, "properties": {"id": "cm-weedth-415ab9a8", "name": "พิมพ์นิยม PIMNIYOM Cafe", "nameTh": "พิมพ์นิยม PIMNIYOM Cafe", "nameEn": null, "cat": ["cannabis"], "province": "cm", "slug": "pimniyom-cafe-41598", "rank": 2}}, {"type": "Feature", "geometry": {"type": "Point", "coordinates": [98.97441, 18.80351]}, "properties": {"id": "cm-weedth-98e50bed", "name": "ฟาร์มกัญชาดอกไม้เมืองเหนือTheNorthernFlower", "nameTh": "ฟาร์มกัญชาดอกไม้เมืองเหนือTheNorthernFlower", "nameEn": null, "cat": ["cannabis"], "province": "cm", "slug": "thenorthernflower-9850", "rank": 2}}, {"type": "Feature", "geometry": {"type": "Point", "coordinates": [99.03834, 18.84416]}, "properties": {"id": "cm-weedth-5fae47a2", "name": "ฟาร์มกัญชาทางการแพทย์ ม.แม่โจ้", "nameTh": "ฟาร์มกัญชาทางการแพทย์ ม.แม่โจ้", "nameEn": null, "cat": ["cannabis"], "province": "cm", "slug": "5472", "rank": 2}}, {"type": "Feature", "geometry": {"type": "Point", "coordinates": [98.89094, 18.64311]}, "properties": {"id": "cm-weedth-92cb9c41", "name": "มือเย็นแคนนาบิส - Mueyen Cannabis", "nameTh": "มือเย็นแคนนาบิส - Mueyen Cannabis", "nameEn": null, "cat": ["cannabis"], "province": "cm", "slug": "mueyen-cannabis-92941", "rank": 2}}, {"type": "Feature", "geometry": {"type": "Point", "coordinates": [99.01146, 18.81622]}, "properties": {"id": "cm-weedth-760764d6", "name": "ริดซี่สมุนไพร เชียงใหม่", "nameTh": "ริดซี่สมุนไพร เชียงใหม่", "nameEn": null, "cat": ["cannabis"], "province": "cm", "slug": "7607646", "rank": 2}}, {"type": "Feature", "geometry": {"type": "Point", "coordinates": [98.99748, 18.79006]}, "properties": {"id": "cm-weedth-9a53d0fb", "name": "ร้าน Ma-Yum", "nameTh": "ร้าน Ma-Yum", "nameEn": null, "cat": ["cannabis"], "province": "cm", "slug": "ma-yum-9530", "rank": 2}}, {"type": "Feature", "geometry": {"type": "Point", "coordinates": [99.03834, 18.84416]}, "properties": {"id": "cm-weedth-752b2c10", "name": "ร้านGet", "nameTh": "ร้านGet", "nameEn": null, "cat": ["cannabis"], "province": "cm", "slug": "get-752210", "rank": 2}}, {"type": "Feature", "geometry": {"type": "Point", "coordinates": [98.99883, 18.77312]}, "properties": {"id": "cm-weedth-1f6890e5", "name": "ร้านกัญชา 420 Cannabis Shop Kad Anusarn", "nameTh": "ร้านกัญชา 420 Cannabis Shop Kad Anusarn", "nameEn": null, "cat": ["cannabis"], "province": "cm", "slug": "420-cannabis-shop-kad-anusarn-168905", "rank": 2}}, {"type": "Feature", "geometry": {"type": "Point", "coordinates": [99.11283, 18.85074]}, "properties": {"id": "cm-weedth-52fad90b", "name": "ร้านกัญชา MM Grower (WeedS & Cannabis shop)", "nameTh": "ร้านกัญชา MM Grower (WeedS & Cannabis shop)", "nameEn": null, "cat": ["cannabis"], "province": "cm", "slug": "mm-grower-weeds-cannabis-shop-5290", "rank": 2}}, {"type": "Feature", "geometry": {"type": "Point", "coordinates": [99.11283, 18.85074]}, "properties": {"id": "cm-weedth-10d208e7", "name": "ร้านกัญชา MOMON Weed Shop", "nameTh": "ร้านกัญชา MOMON Weed Shop", "nameEn": null, "cat": ["cannabis"], "province": "cm", "slug": "momon-weed-shop-102087", "rank": 2}}, {"type": "Feature", "geometry": {"type": "Point", "coordinates": [99.00684, 18.90323]}, "properties": {"id": "cm-weedth-09b833f9", "name": "ร้านกัญชา Mr.green Cannabis Shop", "nameTh": "ร้านกัญชา Mr.green Cannabis Shop", "nameEn": null, "cat": ["cannabis"], "province": "cm", "slug": "mr-green-cannabis-shop-098339", "rank": 2}}, {"type": "Feature", "geometry": {"type": "Point", "coordinates": [99.03834, 18.84416]}, "properties": {"id": "cm-weedth-f33b00c7", "name": "ร้านกัญชา SWEED FLOWER CANNABIS SHOP Dispensary", "nameTh": "ร้านกัญชา SWEED FLOWER CANNABIS SHOP Dispensary", "nameEn": null, "cat": ["cannabis"], "province": "cm", "slug": "sweed-flower-cannabis-shop-dispensary-33007", "rank": 2}}, {"type": "Feature", "geometry": {"type": "Point", "coordinates": [99.03834, 18.84416]}, "properties": {"id": "cm-weedth-16ec007f", "name": "ร้านกัญชา THE PURELY CANNABIS SHOP (ร้านกัญชาแม่โจ้)", "nameTh": "ร้านกัญชา THE PURELY CANNABIS SHOP (ร้านกัญชาแม่โจ้)", "nameEn": null, "cat": ["cannabis"], "province": "cm", "slug": "the-purely-cannabis-shop-16007", "rank": 2}}, {"type": "Feature", "geometry": {"type": "Point", "coordinates": [99.03834, 18.84416]}, "properties": {"id": "cm-weedth-e6309aef", "name": "ร้านกัญชา The Best Area", "nameTh": "ร้านกัญชา The Best Area", "nameEn": null, "cat": ["cannabis"], "province": "cm", "slug": "the-best-area-6309", "rank": 2}}, {"type": "Feature", "geometry": {"type": "Point", "coordinates": [99.02223, 18.79859]}, "properties": {"id": "cm-weedth-92603374", "name": "ร้านกัญชา WEED KA SIS (Cannabis Shop)", "nameTh": "ร้านกัญชา WEED KA SIS (Cannabis Shop)", "nameEn": null, "cat": ["cannabis"], "province": "cm", "slug": "weed-ka-sis-cannabis-shop-92603374", "rank": 2}}, {"type": "Feature", "geometry": {"type": "Point", "coordinates": [99.01067, 18.78732]}, "properties": {"id": "cm-weedth-aa6bf429", "name": "ร้านกัญชา WEED.WIW Nong Pa Khrang (วี๊ด.วิ้ว หนองป่าครั่ง)", "nameTh": "ร้านกัญชา WEED.WIW Nong Pa Khrang (วี๊ด.วิ้ว หนองป่าครั่ง)", "nameEn": null, "cat": ["cannabis"], "province": "cm", "slug": "weed-wiw-nong-pa-khrang-6429", "rank": 2}}, {"type": "Feature", "geometry": {"type": "Point", "coordinates": [99.01388, 18.74297]}, "properties": {"id": "cm-weedth-2583cac1", "name": "ร้านกัญชา ซุปเปอร์วีด SUPER WEED 大麻", "nameTh": "ร้านกัญชา ซุปเปอร์วีด SUPER WEED 大麻", "nameEn": null, "cat": ["cannabis"], "province": "cm", "slug": "super-weed-25831", "rank": 2}}, {"type": "Feature", "geometry": {"type": "Point", "coordinates": [99.01067, 18.78732]}, "properties": {"id": "cm-weedth-a47f3da4", "name": "ร้านกัญชา ท็อป แคนนาบิส - Top cannabis 大麻", "nameTh": "ร้านกัญชา ท็อป แคนนาบิส - Top cannabis 大麻", "nameEn": null, "cat": ["cannabis"], "province": "cm", "slug": "top-cannabis-4734", "rank": 2}}, {"type": "Feature", "geometry": {"type": "Point", "coordinates": [99.03834, 18.84416]}, "properties": {"id": "cm-weedth-2ae82981", "name": "ร้านกัญชา วี๊ด.วิ้ว รวมโชค WEED.WIW Ruam Chok Cannabis shop", "nameTh": "ร้านกัญชา วี๊ด.วิ้ว รวมโชค WEED.WIW Ruam Chok Cannabis shop", "nameEn": null, "cat": ["cannabis"], "province": "cm", "slug": "weed-wiw-ruam-chok-cannabis-shop-282981", "rank": 2}}, {"type": "Feature", "geometry": {"type": "Point", "coordinates": [99.03834, 18.84416]}, "properties": {"id": "cm-weedth-69ead3be", "name": "ร้านกัญชา สันทราย420 sansai420 Cannabis shop Dispensary", "nameTh": "ร้านกัญชา สันทราย420 sansai420 Cannabis shop Dispensary", "nameEn": null, "cat": ["cannabis"], "province": "cm", "slug": "420-sansai420-cannabis-shop-dispensary-693", "rank": 2}}, {"type": "Feature", "geometry": {"type": "Point", "coordinates": [98.98553, 18.80386]}, "properties": {"id": "cm-weedth-da79b345", "name": "ร้านกัญชาPpn420cnx", "nameTh": "ร้านกัญชาPpn420cnx", "nameEn": null, "cat": ["cannabis"], "province": "cm", "slug": "ppn420cnx-79345", "rank": 2}}, {"type": "Feature", "geometry": {"type": "Point", "coordinates": [99.03834, 18.84416]}, "properties": {"id": "cm-weedth-400f655e", "name": "ร้านกัญชาเชียงใหม่ Energy Cannabis Shop", "nameTh": "ร้านกัญชาเชียงใหม่ Energy Cannabis Shop", "nameEn": null, "cat": ["cannabis"], "province": "cm", "slug": "energy-cannabis-shop-400655", "rank": 2}}, {"type": "Feature", "geometry": {"type": "Point", "coordinates": [99.11232, 18.74523]}, "properties": {"id": "cm-weedth-c5711c88", "name": "ร้านกัญชาเชียงใหม่ high relax", "nameTh": "ร้านกัญชาเชียงใหม่ high relax", "nameEn": null, "cat": ["cannabis"], "province": "cm", "slug": "high-relax-571188", "rank": 2}}, {"type": "Feature", "geometry": {"type": "Point", "coordinates": [99.01388, 18.74297]}, "properties": {"id": "cm-weedth-fc1ef8ba", "name": "ร้านกัญชาใกล้ฉัน เติมยิ้ม แยกพรอม TOEMYIM", "nameTh": "ร้านกัญชาใกล้ฉัน เติมยิ้ม แยกพรอม TOEMYIM", "nameEn": null, "cat": ["cannabis"], "province": "cm", "slug": "toemyim-18", "rank": 2}}, {"type": "Feature", "geometry": {"type": "Point", "coordinates": [98.9832, 18.81449]}, "properties": {"id": "cm-weedth-7be41d29", "name": "ร้านกัญชาใกล้ฉัน เติมยิ้มบ้านท่อ Cannabis shop near me (Toemyim Baanthor)", "nameTh": "ร้านกัญชาใกล้ฉัน เติมยิ้มบ้านท่อ Cannabis shop near me (Toemyim Baanthor)", "nameEn": null, "cat": ["cannabis"], "province": "cm", "slug": "cannabis-shop-near-me-toemyim-baanthor-74129", "rank": 2}}, {"type": "Feature", "geometry": {"type": "Point", "coordinates": [98.89094, 18.64311]}, "properties": {"id": "cm-weedth-5062c763", "name": "ร้านกัญชาใกล้ฉันสันป่าตอง เติมยิ้มสันป่าตอง (เติมยิ้ม) cannabis shop near me (Toemyim Sanpatong)", "nameTh": "ร้านกัญชาใกล้ฉันสันป่าตอง เติมยิ้มสันป่าตอง (เติมยิ้ม) cannabis shop near me (Toemyim Sanpatong)", "nameEn": null, "cat": ["cannabis"], "province": "cm", "slug": "cannabis-shop-near-me-toemyim-sanpatong-5062763", "rank": 2}}, {"type": "Feature", "geometry": {"type": "Point", "coordinates": [98.89094, 18.64311]}, "properties": {"id": "cm-weedth-c81801cf", "name": "ร้านกัญชาใกล้ฉันสันป่าตอง(เติมยิ้ม)cannabis shop near me (Toemyim)", "nameTh": "ร้านกัญชาใกล้ฉันสันป่าตอง(เติมยิ้ม)cannabis shop near me (Toemyim)", "nameEn": null, "cat": ["cannabis"], "province": "cm", "slug": "cannabis-shop-near-me-toemyim-81801", "rank": 2}}, {"type": "Feature", "geometry": {"type": "Point", "coordinates": [99.01388, 18.74297]}, "properties": {"id": "cm-weedth-26f5b334", "name": "ร้านกัญชาใกล้ฉันสารภี เติมยิ้มสารภี (เติมยิ้ม) cannabis shop near me (Toemyim Saraphi)", "nameTh": "ร้านกัญชาใกล้ฉันสารภี เติมยิ้มสารภี (เติมยิ้ม) cannabis shop near me (Toemyim Saraphi)", "nameEn": null, "cat": ["cannabis"], "province": "cm", "slug": "cannabis-shop-near-me-toemyim-saraphi-265334", "rank": 2}}, {"type": "Feature", "geometry": {"type": "Point", "coordinates": [99.11283, 18.85074]}, "properties": {"id": "cm-weedth-a3deadad", "name": "ร้านกัญชาใกล้ฉันหนองหอย เติมยิ้มหนองหอย (เติมยิ้ม) cannabis shop near me (Toemyim Nonghoi)", "nameTh": "ร้านกัญชาใกล้ฉันหนองหอย เติมยิ้มหนองหอย (เติมยิ้ม) cannabis shop near me (Toemyim Nonghoi)", "nameEn": null, "cat": ["cannabis"], "province": "cm", "slug": "cannabis-shop-near-me-toemyim-nonghoi-3", "rank": 2}}, {"type": "Feature", "geometry": {"type": "Point", "coordinates": [98.9164, 18.73845]}, "properties": {"id": "cm-weedth-9477d678", "name": "ร้านกัญชาใกล้ฉันหางดง เติมยิ้มหางดง (เติมยิ้ม) cannabis shop near me (Toemyim hangdong)", "nameTh": "ร้านกัญชาใกล้ฉันหางดง เติมยิ้มหางดง (เติมยิ้ม) cannabis shop near me (Toemyim hangdong)", "nameEn": null, "cat": ["cannabis"], "province": "cm", "slug": "cannabis-shop-near-me-toemyim-hangdong-9477678", "rank": 2}}, {"type": "Feature", "geometry": {"type": "Point", "coordinates": [98.9164, 18.73845]}, "properties": {"id": "cm-weedth-6603ad39", "name": "ร้านกัญชาใกล้ฉันหางดง(เติมยิ้ม)cannabis shop near me (Toemyim Hangdong)", "nameTh": "ร้านกัญชาใกล้ฉันหางดง(เติมยิ้ม)cannabis shop near me (Toemyim Hangdong)", "nameEn": null, "cat": ["cannabis"], "province": "cm", "slug": "cannabis-shop-near-me-toemyim-hangdong-660339", "rank": 2}}, {"type": "Feature", "geometry": {"type": "Point", "coordinates": [98.98593, 18.77342]}, "properties": {"id": "cm-weedth-018b481a", "name": "ร้านกัญชาใกล้ฉันเชียงใหม่พร้อมส่ง", "nameTh": "ร้านกัญชาใกล้ฉันเชียงใหม่พร้อมส่ง", "nameEn": null, "cat": ["cannabis"], "province": "cm", "slug": "018481", "rank": 2}}, {"type": "Feature", "geometry": {"type": "Point", "coordinates": [98.98012, 18.81024]}, "properties": {"id": "cm-weedth-23b60ba5", "name": "ร้านกัญชา​ BUDSTOP2 Cannabis Dispensary", "nameTh": "ร้านกัญชา​ BUDSTOP2 Cannabis Dispensary", "nameEn": null, "cat": ["cannabis"], "province": "cm", "slug": "budstop2-cannabis-dispensary-23605", "rank": 2}}, {"type": "Feature", "geometry": {"type": "Point", "coordinates": [98.97583, 18.79333]}, "properties": {"id": "cm-weedth-f111db72", "name": "ร้านกัญชา​ BUDSTOP3​ Cannabis​ Dispensary​", "nameTh": "ร้านกัญชา​ BUDSTOP3​ Cannabis​ Dispensary​", "nameEn": null, "cat": ["cannabis"], "province": "cm", "slug": "budstop3-cannabis-dispensary-11172", "rank": 2}}, {"type": "Feature", "geometry": {"type": "Point", "coordinates": [98.98553, 18.80386]}, "properties": {"id": "cm-weedth-245ed6e7", "name": "ร้านขายกัญชา Ppn420 CNX", "nameTh": "ร้านขายกัญชา Ppn420 CNX", "nameEn": null, "cat": ["cannabis"], "province": "cm", "slug": "ppn420-cnx-24567", "rank": 2}}, {"type": "Feature", "geometry": {"type": "Point", "coordinates": [99.03834, 18.84416]}, "properties": {"id": "cm-weedth-33b473ad", "name": "ร้านขายกัญชาสันทราย โซฮายสันทราย SO’HIGH cannabis shop", "nameTh": "ร้านขายกัญชาสันทราย โซฮายสันทราย SO’HIGH cannabis shop", "nameEn": null, "cat": ["cannabis"], "province": "cm", "slug": "so-high-cannabis-shop-33473", "rank": 2}}, {"type": "Feature", "geometry": {"type": "Point", "coordinates": [99.03834, 18.84416]}, "properties": {"id": "cm-weedth-e656a02d", "name": "ร้านขายกัญชาสันทราย โซฮายสันทราย SO’HIGH cannabis shop", "nameTh": "ร้านขายกัญชาสันทราย โซฮายสันทราย SO’HIGH cannabis shop", "nameEn": null, "cat": ["cannabis"], "province": "cm", "slug": "so-high-cannabis-shop-65602", "rank": 2}}, {"type": "Feature", "geometry": {"type": "Point", "coordinates": [99.03834, 18.84416]}, "properties": {"id": "cm-weedth-d46590e2", "name": "ร้านปลูกกัญ Home Grower outdoor indoor Cannabi dispensary shop , 大麻商店, ဆေးခြောက်ဆိုင်, 대마초 가게 , マリファナショップ", "nameTh": "ร้านปลูกกัญ Home Grower outdoor indoor Cannabi dispensary shop , 大麻商店, ဆေးခြောက်ဆိုင်, 대마초 가게 , マリファナショップ", "nameEn": null, "cat": ["cannabis"], "province": "cm", "slug": "home-grower-outdoor-indoor-cannabi-dispensary-shop-465902", "rank": 2}}, {"type": "Feature", "geometry": {"type": "Point", "coordinates": [99.03834, 18.84416]}, "properties": {"id": "cm-weedth-da64e51e", "name": "ร้านเจได ฟีนิกกัญ", "nameTh": "ร้านเจได ฟีนิกกัญ", "nameEn": null, "cat": ["cannabis"], "province": "cm", "slug": "6451", "rank": 2}}, {"type": "Feature", "geometry": {"type": "Point", "coordinates": [98.97583, 18.79333]}, "properties": {"id": "cm-weedth-e211146c", "name": "ร้านเช่ารถมอเตอร์ไซค์ เชียงใหม่ (Motorbike Rental) หน้า มช.", "nameTh": "ร้านเช่ารถมอเตอร์ไซค์ เชียงใหม่ (Motorbike Rental) หน้า มช.", "nameEn": null, "cat": ["cannabis"], "province": "cm", "slug": "motorbike-rental-211146", "rank": 2}}, {"type": "Feature", "geometry": {"type": "Point", "coordinates": [98.99748, 18.79006]}, "properties": {"id": "cm-weedth-34c6bef3", "name": "ลุงยิ้ม CNX weed shop", "nameTh": "ลุงยิ้ม CNX weed shop", "nameEn": null, "cat": ["cannabis"], "province": "cm", "slug": "cnx-weed-shop-3463", "rank": 2}}, {"type": "Feature", "geometry": {"type": "Point", "coordinates": [98.98553, 18.80386]}, "properties": {"id": "cm-weedth-b3355bf7", "name": "วาฬ เอดูเคชั่น", "nameTh": "วาฬ เอดูเคชั่น", "nameEn": null, "cat": ["cannabis"], "province": "cm", "slug": "33557", "rank": 2}}, {"type": "Feature", "geometry": {"type": "Point", "coordinates": [98.9232, 18.91479]}, "properties": {"id": "cm-weedth-ea8eb82d", "name": "ศูนย์ความเป็นเลิศด้านกัญชาและเกษตรอินทรีย์นานาชาติ", "nameTh": "ศูนย์ความเป็นเลิศด้านกัญชาและเกษตรอินทรีย์นานาชาติ", "nameEn": null, "cat": ["cannabis"], "province": "cm", "slug": "882", "rank": 2}}, {"type": "Feature", "geometry": {"type": "Point", "coordinates": [98.98593, 18.77342]}, "properties": {"id": "cm-weedth-c5186322", "name": "ส.สมิงกัญ(S.sminggun)", "nameTh": "ส.สมิงกัญ(S.sminggun)", "nameEn": null, "cat": ["cannabis"], "province": "cm", "slug": "s-sminggun-5186322", "rank": 2}}, {"type": "Feature", "geometry": {"type": "Point", "coordinates": [98.98553, 18.80386]}, "properties": {"id": "cm-weedth-8a025831", "name": "สกั๊งค์ แคนนาบิส", "nameTh": "สกั๊งค์ แคนนาบิส", "nameEn": null, "cat": ["cannabis"], "province": "cm", "slug": "8025831", "rank": 2}}, {"type": "Feature", "geometry": {"type": "Point", "coordinates": [98.97769, 18.8051]}, "properties": {"id": "cm-osm-way-1168325529", "name": "สมุนไพรใบกระท่อม", "nameTh": "สมุนไพรใบกระท่อม", "nameEn": "Kratom Chiang Mai", "cat": ["cannabis"], "province": "cm", "slug": "kratom-chiang-mai-1168325529", "rank": 3}}, {"type": "Feature", "geometry": {"type": "Point", "coordinates": [99.01388, 18.74297]}, "properties": {"id": "cm-weedth-0784af81", "name": "อโรคยาเดอสารภี หมอแก้มหอม", "nameTh": "อโรคยาเดอสารภี หมอแก้มหอม", "nameEn": null, "cat": ["cannabis"], "province": "cm", "slug": "078481", "rank": 2}}, {"type": "Feature", "geometry": {"type": "Point", "coordinates": [99.11283, 18.85074]}, "properties": {"id": "cm-weedth-51164abe", "name": "เติมยิ้มดอยสะเก็ด ร้านกัญชาใกล้ฉันดอยสะเก็ด (เติมยิ้ม) cannabis shop near me (Toemyim doisaket)", "nameTh": "เติมยิ้มดอยสะเก็ด ร้านกัญชาใกล้ฉันดอยสะเก็ด (เติมยิ้ม) cannabis shop near me (Toemyim doisaket)", "nameEn": null, "cat": ["cannabis"], "province": "cm", "slug": "cannabis-shop-near-me-toemyim-doisaket-51164", "rank": 2}}, {"type": "Feature", "geometry": {"type": "Point", "coordinates": [99.11283, 18.85074]}, "properties": {"id": "cm-weedth-d156c162", "name": "เติมยิ้มดอยสะเก็ด ร้านกัญชาใกล้ฉันดอยสะเก็ด (เติมยิ้ม) cannabis shop near me (Toemyim doisaket)", "nameTh": "เติมยิ้มดอยสะเก็ด ร้านกัญชาใกล้ฉันดอยสะเก็ด (เติมยิ้ม) cannabis shop near me (Toemyim doisaket)", "nameEn": null, "cat": ["cannabis"], "province": "cm", "slug": "cannabis-shop-near-me-toemyim-doisaket-156162", "rank": 2}}, {"type": "Feature", "geometry": {"type": "Point", "coordinates": [98.98553, 18.80386]}, "properties": {"id": "cm-weedth-44998dd0", "name": "เติมยิ้มสันติธรรม ร้านกัญชาใกล้ฉันสันติธรรม (เติมยิ้ม) cannabis shopnearme (Toemyim santitham)", "nameTh": "เติมยิ้มสันติธรรม ร้านกัญชาใกล้ฉันสันติธรรม (เติมยิ้ม) cannabis shopnearme (Toemyim santitham)", "nameEn": null, "cat": ["cannabis"], "province": "cm", "slug": "cannabis-shopnearme-toemyim-santitham-449980", "rank": 2}}, {"type": "Feature", "geometry": {"type": "Point", "coordinates": [99.03834, 18.84416]}, "properties": {"id": "cm-weedth-22e0264b", "name": "เติมยิ้มสันนาเม็ง ร้านกัญชาใกล้ฉัน cannabis shop near me (Toemyim sannameng)", "nameTh": "เติมยิ้มสันนาเม็ง ร้านกัญชาใกล้ฉัน cannabis shop near me (Toemyim sannameng)", "nameEn": null, "cat": ["cannabis"], "province": "cm", "slug": "cannabis-shop-near-me-toemyim-sannameng-220264", "rank": 2}}, {"type": "Feature", "geometry": {"type": "Point", "coordinates": [99.01388, 18.74297]}, "properties": {"id": "cm-weedth-91fd6d9c", "name": "เอ็ดดี้อารมณ์ดี EDDIE A-ROM DEE กัญชา", "nameTh": "เอ็ดดี้อารมณ์ดี EDDIE A-ROM DEE กัญชา", "nameEn": null, "cat": ["cannabis"], "province": "cm", "slug": "eddie-a-rom-dee-9169", "rank": 2}}, {"type": "Feature", "geometry": {"type": "Point", "coordinates": [99.11232, 18.74523]}, "properties": {"id": "cm-weedth-2a2060f2", "name": "โรงกัญชาดอยยาว Cannabis Farm", "nameTh": "โรงกัญชาดอยยาว Cannabis Farm", "nameEn": null, "cat": ["cannabis"], "province": "cm", "slug": "cannabis-farm-220602", "rank": 2}}, {"type": "Feature", "geometry": {"type": "Point", "coordinates": [99.11232, 18.74523]}, "properties": {"id": "cm-weedth-f0ada799", "name": "โรงกัญชาดอยยาว Cannabis Farm", "nameTh": "โรงกัญชาดอยยาว Cannabis Farm", "nameEn": null, "cat": ["cannabis"], "province": "cm", "slug": "cannabis-farm-0799", "rank": 2}}]}