{"type": "FeatureCollection", "features": [{"type": "Feature", "geometry": {"type": "Point", "coordinates": [98.8944741, 18.6770703]}, "properties": {"id": "cm-osm-node-5536666321", "name": ".", "nameTh": null, "nameEn": "Loi", "cat": ["essentials"], "province": "cm"}}, {"type": "Feature", "geometry": {"type": "Point", "coordinates": [98.8508659, 18.6338359]}, "properties": {"id": "cm-osm-node-1580999288", "name": "108", "nameTh": null, "nameEn": "108", "cat": ["essentials"], "province": "cm"}}, {"type": "Feature", "geometry": {"type": "Point", "coordinates": [99.1285045, 18.7313233]}, "properties": {"id": "cm-osm-node-1802712339", "name": "108 Shop", "nameTh": null, "nameEn": "108 Shop", "cat": ["essentials"], "province": "cm"}}, {"type": "Feature", "geometry": {"type": "Point", "coordinates": [99.0244056, 18.6075819]}, "properties": {"id": "cm-osm-node-2606544337", "name": "108 Shop", "nameTh": null, "nameEn": "108 Shop", "cat": ["essentials"], "province": "cm"}}, {"type": "Feature", "geometry": {"type": "Point", "coordinates": [99.0203655, 18.885568]}, "properties": {"id": "cm-osm-node-3359291366", "name": "108 Shop", "nameTh": null, "nameEn": "108 Shop", "cat": ["essentials"], "province": "cm"}}, {"type": "Feature", "geometry": {"type": "Point", "coordinates": [98.9526541, 18.7956992]}, "properties": {"id": "cm-osm-way-1130917211", "name": "422", "nameTh": null, "nameEn": "422", "cat": ["essentials"], "province": "cm"}}, {"type": "Feature", "geometry": {"type": "Point", "coordinates": [98.9929264, 18.7863937]}, "properties": {"id": "cm-osm-way-482772359", "name": "7-11", "nameTh": "หลอด biers", "nameEn": "Bier Stube", "cat": ["essentials"], "province": "cm"}}, {"type": "Feature", "geometry": {"type": "Point", "coordinates": [99.0159009, 18.8080144]}, "properties": {"id": "cm-osm-node-10110426947", "name": "7-Eleven", "nameTh": null, "nameEn": "7-Eleven", "cat": ["essentials"], "province": "cm"}}, {"type": "Feature", "geometry": {"type": "Point", "coordinates": [99.1174528, 18.746447]}, "properties": {"id": "cm-osm-node-1020060071", "name": "7-Eleven", "nameTh": null, "nameEn": "7-Eleven", "cat": ["essentials"], "province": "cm"}}, {"type": "Feature", "geometry": {"type": "Point", "coordinates": [98.9875075, 18.7809171]}, "properties": {"id": "cm-osm-node-1030391638", "name": "7-Eleven", "nameTh": null, "nameEn": "7-Eleven", "cat": ["essentials"], "province": "cm"}}, {"type": "Feature", "geometry": {"type": "Point", "coordinates": [98.9994224, 18.7770144]}, "properties": {"id": "cm-osm-node-1034645681", "name": "7-Eleven", "nameTh": null, "nameEn": "7-Eleven", "cat": ["essentials"], "province": "cm"}}, {"type": "Feature", "geometry": {"type": "Point", "coordinates": [99.0415965, 18.761789]}, "properties": {"id": "cm-osm-node-1042837264", "name": "7-Eleven", "nameTh": null, "nameEn": "7-Eleven", "cat": ["essentials"], "province": "cm"}}, {"type": "Feature", "geometry": {"type": "Point", "coordinates": [98.9060042, 18.6543792]}, "properties": {"id": "cm-osm-node-1058644297", "name": "7-Eleven", "nameTh": null, "nameEn": "7-Eleven", "cat": ["essentials"], "province": "cm"}}, {"type": "Feature", "geometry": {"type": "Point", "coordinates": [98.922701, 18.6914272]}, "properties": {"id": "cm-osm-node-10604213354", "name": "7-Eleven", "nameTh": null, "nameEn": "7-Eleven", "cat": ["essentials"], "province": "cm"}}, {"type": "Feature", "geometry": {"type": "Point", "coordinates": [99.0170241, 18.8015985]}, "properties": {"id": "cm-osm-node-10617407225", "name": "7-Eleven", "nameTh": null, "nameEn": "7-Eleven", "cat": ["essentials"], "province": "cm"}}, {"type": "Feature", "geometry": {"type": "Point", "coordinates": [98.9664296, 18.7979398]}, "properties": {"id": "cm-osm-node-1074593974", "name": "7-Eleven", "nameTh": null, "nameEn": "7-Eleven", "cat": ["essentials"], "province": "cm"}}, {"type": "Feature", "geometry": {"type": "Point", "coordinates": [98.9660239, 18.7414582]}, "properties": {"id": "cm-osm-node-10778022018", "name": "7-Eleven", "nameTh": null, "nameEn": "7-Eleven", "cat": ["essentials"], "province": "cm"}}, {"type": "Feature", "geometry": {"type": "Point", "coordinates": [98.9457658, 18.6893419]}, "properties": {"id": "cm-osm-node-11030137805", "name": "7-Eleven", "nameTh": null, "nameEn": "7-Eleven", "cat": ["essentials"], "province": "cm"}}, {"type": "Feature", "geometry": {"type": "Point", "coordinates": [98.9875732, 18.8163468]}, "properties": {"id": "cm-osm-node-11135208705", "name": "7-Eleven", "nameTh": null, "nameEn": "7/11", "cat": ["essentials"], "province": "cm"}}, {"type": "Feature", "geometry": {"type": "Point", "coordinates": [99.0053003, 18.81381]}, "properties": {"id": "cm-osm-node-11217695113", "name": "7-Eleven", "nameTh": null, "nameEn": "7-Eleven", "cat": ["essentials"], "province": "cm"}}, {"type": "Feature", "geometry": {"type": "Point", "coordinates": [98.9660709, 18.796832]}, "properties": {"id": "cm-osm-node-1131144927", "name": "7-Eleven", "nameTh": null, "nameEn": "7-Eleven", "cat": ["essentials"], "province": "cm"}}, {"type": "Feature", "geometry": {"type": "Point", "coordinates": [99.0064969, 18.7702264]}, "properties": {"id": "cm-osm-node-11414225140", "name": "7-Eleven", "nameTh": null, "nameEn": "7-Eleven", "cat": ["essentials"], "province": "cm"}}, {"type": "Feature", "geometry": {"type": "Point", "coordinates": [98.9658092, 18.7023162]}, "properties": {"id": "cm-osm-node-11575590342", "name": "7-Eleven", "nameTh": null, "nameEn": "7-Eleven", "cat": ["essentials"], "province": "cm"}}, {"type": "Feature", "geometry": {"type": "Point", "coordinates": [99.1307089, 18.6587333]}, "properties": {"id": "cm-osm-node-11581270440", "name": "7-Eleven", "nameTh": null, "nameEn": "7-Eleven", "cat": ["essentials"], "province": "cm"}}, {"type": "Feature", "geometry": {"type": "Point", "coordinates": [98.9691948, 19.0389529]}, "properties": {"id": "cm-osm-node-11610147635", "name": "7-Eleven", "nameTh": null, "nameEn": "7-Eleven", "cat": ["essentials"], "province": "cm"}}, {"type": "Feature", "geometry": {"type": "Point", "coordinates": [98.9930016, 18.744595]}, "properties": {"id": "cm-osm-node-11647437407", "name": "7-Eleven", "nameTh": null, "nameEn": "7-Eleven", "cat": ["essentials"], "province": "cm"}}, {"type": "Feature", "geometry": {"type": "Point", "coordinates": [98.9954626, 18.7771824]}, "properties": {"id": "cm-osm-node-11648354865", "name": "7-Eleven", "nameTh": null, "nameEn": "7-Eleven", "cat": ["essentials"], "province": "cm"}}, {"type": "Feature", "geometry": {"type": "Point", "coordinates": [98.9460146, 18.7709767]}, "properties": {"id": "cm-osm-node-11668248426", "name": "7-Eleven", "nameTh": null, "nameEn": "7-Eleven", "cat": ["essentials"], "province": "cm"}}, {"type": "Feature", "geometry": {"type": "Point", "coordinates": [99.0670955, 18.7953025]}, "properties": {"id": "cm-osm-node-11755248961", "name": "7-Eleven", "nameTh": null, "nameEn": "7-Eleven", "cat": ["essentials"], "province": "cm"}}, {"type": "Feature", "geometry": {"type": "Point", "coordinates": [98.9750687, 18.7202345]}, "properties": {"id": "cm-osm-node-12213166971", "name": "7-Eleven", "nameTh": null, "nameEn": "7-Eleven", "cat": ["essentials"], "province": "cm"}}, {"type": "Feature", "geometry": {"type": "Point", "coordinates": [99.0116902, 18.8144575]}, "properties": {"id": "cm-osm-node-12347384603", "name": "7-Eleven", "nameTh": null, "nameEn": "7-Eleven", "cat": ["essentials"], "province": "cm"}}, {"type": "Feature", "geometry": {"type": "Point", "coordinates": [99.02189, 18.8067677]}, "properties": {"id": "cm-osm-node-12603110771", "name": "7-Eleven", "nameTh": null, "nameEn": "7-Eleven", "cat": ["essentials"], "province": "cm"}}, {"type": "Feature", "geometry": {"type": "Point", "coordinates": [98.9382952, 18.6226718]}, "properties": {"id": "cm-osm-node-1285741655", "name": "7-Eleven", "nameTh": null, "nameEn": "7-Eleven", "cat": ["essentials"], "province": "cm"}}, {"type": "Feature", "geometry": {"type": "Point", "coordinates": [98.8968514, 18.6175779]}, "properties": {"id": "cm-osm-node-1287571782", "name": "7-Eleven", "nameTh": null, "nameEn": "7-Eleven", "cat": ["essentials"], "province": "cm"}}, {"type": "Feature", "geometry": {"type": "Point", "coordinates": [99.0237295, 18.7842979]}, "properties": {"id": "cm-osm-node-13027791819", "name": "7-Eleven", "nameTh": null, "nameEn": "7-Eleven", "cat": ["essentials"], "province": "cm"}}, {"type": "Feature", "geometry": {"type": "Point", "coordinates": [98.9251649, 18.9496307]}, "properties": {"id": "cm-osm-node-13406787533", "name": "7-Eleven", "nameTh": null, "nameEn": "7-Eleven", "cat": ["essentials"], "province": "cm"}}, {"type": "Feature", "geometry": {"type": "Point", "coordinates": [99.0128377, 18.8395695]}, "properties": {"id": "cm-osm-node-13457321727", "name": "7-Eleven", "nameTh": null, "nameEn": "7-Eleven", "cat": ["essentials"], "province": "cm"}}, {"type": "Feature", "geometry": {"type": "Point", "coordinates": [99.0294639, 18.7941458]}, "properties": {"id": "cm-osm-node-1350007396", "name": "7-Eleven", "nameTh": null, "nameEn": "7-Eleven", "cat": ["essentials"], "province": "cm"}}, {"type": "Feature", "geometry": {"type": "Point", "coordinates": [99.0281366, 18.7940564]}, "properties": {"id": "cm-osm-node-1350009156", "name": "7-Eleven", "nameTh": null, "nameEn": "7-Eleven", "cat": ["essentials"], "province": "cm"}}, {"type": "Feature", "geometry": {"type": "Point", "coordinates": [98.96902, 18.7986068]}, "properties": {"id": "cm-osm-node-13516631656", "name": "7-Eleven", "nameTh": "7-Eleven", "nameEn": null, "cat": ["essentials"], "province": "cm"}}, {"type": "Feature", "geometry": {"type": "Point", "coordinates": [98.9691657, 18.7985797]}, "properties": {"id": "cm-osm-node-13531386802", "name": "7-Eleven", "nameTh": null, "nameEn": "7-Eleven", "cat": ["essentials"], "province": "cm"}}, {"type": "Feature", "geometry": {"type": "Point", "coordinates": [99.0236129, 18.7623204]}, "properties": {"id": "cm-osm-node-1353289156", "name": "7-Eleven", "nameTh": null, "nameEn": "7-Eleven", "cat": ["essentials"], "province": "cm"}}, {"type": "Feature", "geometry": {"type": "Point", "coordinates": [99.009372, 18.7526226]}, "properties": {"id": "cm-osm-node-1358869282", "name": "7-Eleven", "nameTh": null, "nameEn": "7-Eleven", "cat": ["essentials"], "province": "cm"}}, {"type": "Feature", "geometry": {"type": "Point", "coordinates": [98.9584642, 18.7789245]}, "properties": {"id": "cm-osm-node-1489645366", "name": "7-Eleven", "nameTh": null, "nameEn": "7-Eleven", "cat": ["essentials"], "province": "cm"}}, {"type": "Feature", "geometry": {"type": "Point", "coordinates": [98.9938127, 18.7911707]}, "properties": {"id": "cm-osm-node-1491349953", "name": "7-Eleven", "nameTh": null, "nameEn": "7-Eleven", "cat": ["essentials"], "province": "cm"}}, {"type": "Feature", "geometry": {"type": "Point", "coordinates": [98.9614907, 18.7905346]}, "properties": {"id": "cm-osm-node-1492467188", "name": "7-Eleven", "nameTh": null, "nameEn": "7-Eleven", "cat": ["essentials"], "province": "cm"}}, {"type": "Feature", "geometry": {"type": "Point", "coordinates": [99.1220071, 18.7432203]}, "properties": {"id": "cm-osm-node-1508535774", "name": "7-Eleven", "nameTh": null, "nameEn": "7-Eleven", "cat": ["essentials"], "province": "cm"}}, {"type": "Feature", "geometry": {"type": "Point", "coordinates": [99.0426295, 18.6811183]}, "properties": {"id": "cm-osm-node-1539268410", "name": "7-Eleven", "nameTh": null, "nameEn": "7-Eleven", "cat": ["essentials"], "province": "cm"}}, {"type": "Feature", "geometry": {"type": "Point", "coordinates": [99.056575, 18.7543589]}, "properties": {"id": "cm-osm-node-1563350803", "name": "7-Eleven", "nameTh": null, "nameEn": "7-Eleven", "cat": ["essentials"], "province": "cm"}}, {"type": "Feature", "geometry": {"type": "Point", "coordinates": [99.0284553, 18.8887942]}, "properties": {"id": "cm-osm-node-1577804363", "name": "7-Eleven", "nameTh": null, "nameEn": "7-Eleven", "cat": ["essentials"], "province": "cm"}}, {"type": "Feature", "geometry": {"type": "Point", "coordinates": [98.9555243, 18.7221399]}, "properties": {"id": "cm-osm-node-1579924982", "name": "7-Eleven", "nameTh": null, "nameEn": "7-Eleven", "cat": ["essentials"], "province": "cm"}}, {"type": "Feature", "geometry": {"type": "Point", "coordinates": [98.9257238, 18.6941025]}, "properties": {"id": "cm-osm-node-1583821997", "name": "7-Eleven", "nameTh": null, "nameEn": "7-Eleven", "cat": ["essentials"], "province": "cm"}}, {"type": "Feature", "geometry": {"type": "Point", "coordinates": [98.9414978, 18.7483976]}, "properties": {"id": "cm-osm-node-1588327464", "name": "7-Eleven", "nameTh": null, "nameEn": "7-Eleven", "cat": ["essentials"], "province": "cm"}}, {"type": "Feature", "geometry": {"type": "Point", "coordinates": [98.9207078, 18.6888722]}, "properties": {"id": "cm-osm-node-1589074360", "name": "7-Eleven", "nameTh": null, "nameEn": "7-Eleven", "cat": ["essentials"], "province": "cm"}}, {"type": "Feature", "geometry": {"type": "Point", "coordinates": [98.9562041, 18.8073847]}, "properties": {"id": "cm-osm-node-1595585874", "name": "7-Eleven", "nameTh": null, "nameEn": "7-Eleven", "cat": ["essentials"], "province": "cm"}}, {"type": "Feature", "geometry": {"type": "Point", "coordinates": [98.9861647, 18.7959662]}, "properties": {"id": "cm-osm-node-1595614860", "name": "7-Eleven", "nameTh": null, "nameEn": "7-Eleven", "cat": ["essentials"], "province": "cm"}}, {"type": "Feature", "geometry": {"type": "Point", "coordinates": [98.9589897, 18.8059509]}, "properties": {"id": "cm-osm-node-1595614864", "name": "7-Eleven", "nameTh": null, "nameEn": "7-Eleven", "cat": ["essentials"], "province": "cm"}}, {"type": "Feature", "geometry": {"type": "Point", "coordinates": [99.0112206, 18.8090468]}, "properties": {"id": "cm-osm-node-1616141878", "name": "7-Eleven", "nameTh": null, "nameEn": "7-Eleven", "cat": ["essentials"], "province": "cm"}}, {"type": "Feature", "geometry": {"type": "Point", "coordinates": [98.99392, 18.7963351]}, "properties": {"id": "cm-osm-node-1617076614", "name": "7-Eleven", "nameTh": null, "nameEn": "7-Eleven", "cat": ["essentials"], "province": "cm"}}, {"type": "Feature", "geometry": {"type": "Point", "coordinates": [98.9819543, 18.7919419]}, "properties": {"id": "cm-osm-node-1618122063", "name": "7-Eleven", "nameTh": null, "nameEn": "7-Eleven", "cat": ["essentials"], "province": "cm"}}, {"type": "Feature", "geometry": {"type": "Point", "coordinates": [98.9876249, 18.7914491]}, "properties": {"id": "cm-osm-node-1619287964", "name": "7-Eleven", "nameTh": null, "nameEn": "7-Eleven", "cat": ["essentials"], "province": "cm"}}, {"type": "Feature", "geometry": {"type": "Point", "coordinates": [98.9828506, 18.7886832]}, "properties": {"id": "cm-osm-node-1619445283", "name": "7-Eleven", "nameTh": null, "nameEn": "7-Eleven", "cat": ["essentials"], "province": "cm"}}, {"type": "Feature", "geometry": {"type": "Point", "coordinates": [99.1256339, 18.6510875]}, "properties": {"id": "cm-osm-node-1664177330", "name": "7-Eleven", "nameTh": null, "nameEn": "7-Eleven", "cat": ["essentials"], "province": "cm"}}, {"type": "Feature", "geometry": {"type": "Point", "coordinates": [98.9562503, 18.7905807]}, "properties": {"id": "cm-osm-node-1814987327", "name": "7-Eleven", "nameTh": null, "nameEn": "7-Eleven", "cat": ["essentials"], "province": "cm"}}, {"type": "Feature", "geometry": {"type": "Point", "coordinates": [98.9610676, 18.7992667]}, "properties": {"id": "cm-osm-node-1819823722", "name": "7-Eleven", "nameTh": null, "nameEn": "7-Eleven", "cat": ["essentials"], "province": "cm"}}, {"type": "Feature", "geometry": {"type": "Point", "coordinates": [99.02077, 18.8478492]}, "properties": {"id": "cm-osm-node-1862656725", "name": "7-Eleven", "nameTh": null, "nameEn": "7-Eleven", "cat": ["essentials"], "province": "cm"}}, {"type": "Feature", "geometry": {"type": "Point", "coordinates": [99.0171253, 18.8456394]}, "properties": {"id": "cm-osm-node-1862656739", "name": "7-Eleven", "nameTh": null, "nameEn": "7-Eleven", "cat": ["essentials"], "province": "cm"}}, {"type": "Feature", "geometry": {"type": "Point", "coordinates": [99.0515434, 18.8741256]}, "properties": {"id": "cm-osm-node-1874844752", "name": "7-Eleven", "nameTh": null, "nameEn": "7-Eleven", "cat": ["essentials"], "province": "cm"}}, {"type": "Feature", "geometry": {"type": "Point", "coordinates": [99.0068687, 18.7602326]}, "properties": {"id": "cm-osm-node-1931786094", "name": "7-Eleven", "nameTh": null, "nameEn": "7-Eleven", "cat": ["essentials"], "province": "cm"}}, {"type": "Feature", "geometry": {"type": "Point", "coordinates": [99.0054737, 18.7655483]}, "properties": {"id": "cm-osm-node-1931787953", "name": "7-Eleven", "nameTh": null, "nameEn": "7-Eleven", "cat": ["essentials"], "province": "cm"}}, {"type": "Feature", "geometry": {"type": "Point", "coordinates": [99.0088548, 18.7976345]}, "properties": {"id": "cm-osm-node-1936293993", "name": "7-Eleven", "nameTh": null, "nameEn": "7-Eleven", "cat": ["essentials"], "province": "cm"}}, {"type": "Feature", "geometry": {"type": "Point", "coordinates": [98.9629841, 18.7200334]}, "properties": {"id": "cm-osm-node-1954752006", "name": "7-Eleven", "nameTh": null, "nameEn": "7-Eleven", "cat": ["essentials"], "province": "cm"}}, {"type": "Feature", "geometry": {"type": "Point", "coordinates": [98.9949929, 18.7436894]}, "properties": {"id": "cm-osm-node-1956905698", "name": "7-Eleven", "nameTh": null, "nameEn": "7-Eleven", "cat": ["essentials"], "province": "cm"}}, {"type": "Feature", "geometry": {"type": "Point", "coordinates": [99.0192505, 18.800608]}, "properties": {"id": "cm-osm-node-2002017233", "name": "7-Eleven", "nameTh": null, "nameEn": "7-Eleven", "cat": ["essentials"], "province": "cm"}}, {"type": "Feature", "geometry": {"type": "Point", "coordinates": [98.9814504, 18.8058882]}, "properties": {"id": "cm-osm-node-2038072655", "name": "7-Eleven", "nameTh": null, "nameEn": "7-Eleven", "cat": ["essentials"], "province": "cm"}}, {"type": "Feature", "geometry": {"type": "Point", "coordinates": [98.9884059, 18.786093]}, "properties": {"id": "cm-osm-node-2040001657", "name": "7-Eleven", "nameTh": null, "nameEn": "7-Eleven", "cat": ["essentials"], "province": "cm"}}, {"type": "Feature", "geometry": {"type": "Point", "coordinates": [99.0162904, 18.7839908]}, "properties": {"id": "cm-osm-node-2062356171", "name": "7-Eleven", "nameTh": null, "nameEn": "7-Eleven", "cat": ["essentials"], "province": "cm"}}, {"type": "Feature", "geometry": {"type": "Point", "coordinates": [99.0684934, 18.7898028]}, "properties": {"id": "cm-osm-node-2089617386", "name": "7-Eleven", "nameTh": null, "nameEn": "7-Eleven", "cat": ["essentials"], "province": "cm"}}, {"type": "Feature", "geometry": {"type": "Point", "coordinates": [98.9902433, 18.7991334]}, "properties": {"id": "cm-osm-node-2090246433", "name": "7-Eleven", "nameTh": null, "nameEn": "7-Eleven", "cat": ["essentials"], "province": "cm"}}, {"type": "Feature", "geometry": {"type": "Point", "coordinates": [99.0407563, 18.7966278]}, "properties": {"id": "cm-osm-node-2095787886", "name": "7-Eleven", "nameTh": null, "nameEn": "7-Eleven", "cat": ["essentials"], "province": "cm"}}, {"type": "Feature", "geometry": {"type": "Point", "coordinates": [98.970868, 18.7950411]}, "properties": {"id": "cm-osm-node-2099113282", "name": "7-Eleven", "nameTh": null, "nameEn": "7-Eleven", "cat": ["essentials"], "province": "cm"}}, {"type": "Feature", "geometry": {"type": "Point", "coordinates": [98.9799654, 18.8001171]}, "properties": {"id": "cm-osm-node-2099426586", "name": "7-Eleven", "nameTh": null, "nameEn": "7-Eleven", "cat": ["essentials"], "province": "cm"}}, {"type": "Feature", "geometry": {"type": "Point", "coordinates": [98.9852375, 18.8047595]}, "properties": {"id": "cm-osm-node-2100755383", "name": "7-Eleven", "nameTh": null, "nameEn": "7-Eleven", "cat": ["essentials"], "province": "cm"}}, {"type": "Feature", "geometry": {"type": "Point", "coordinates": [98.9893771, 18.8375605]}, "properties": {"id": "cm-osm-node-2102612742", "name": "7-Eleven", "nameTh": null, "nameEn": "7-Eleven", "cat": ["essentials"], "province": "cm"}}, {"type": "Feature", "geometry": {"type": "Point", "coordinates": [98.993303, 18.7920267]}, "properties": {"id": "cm-osm-node-2292110790", "name": "7-Eleven", "nameTh": null, "nameEn": "7-Eleven", "cat": ["essentials"], "province": "cm"}}, {"type": "Feature", "geometry": {"type": "Point", "coordinates": [99.0835463, 18.7393423]}, "properties": {"id": "cm-osm-node-2307998393", "name": "7-Eleven", "nameTh": null, "nameEn": "7-Eleven", "cat": ["essentials"], "province": "cm"}}, {"type": "Feature", "geometry": {"type": "Point", "coordinates": [98.9757343, 18.7897903]}, "properties": {"id": "cm-osm-node-2337768921", "name": "7-Eleven", "nameTh": null, "nameEn": "7-Eleven", "cat": ["essentials"], "province": "cm"}}, {"type": "Feature", "geometry": {"type": "Point", "coordinates": [99.0404216, 18.7682474]}, "properties": {"id": "cm-osm-node-2342018523", "name": "7-Eleven", "nameTh": null, "nameEn": "7-Eleven", "cat": ["essentials"], "province": "cm"}}, {"type": "Feature", "geometry": {"type": "Point", "coordinates": [98.9501762, 18.79167]}, "properties": {"id": "cm-osm-node-2435124433", "name": "7-Eleven", "nameTh": null, "nameEn": "7-Eleven", "cat": ["essentials"], "province": "cm"}}, {"type": "Feature", "geometry": {"type": "Point", "coordinates": [98.9784463, 18.7898363]}, "properties": {"id": "cm-osm-node-2466325290", "name": "7-Eleven", "nameTh": null, "nameEn": "7-Eleven", "cat": ["essentials"], "province": "cm"}}, {"type": "Feature", "geometry": {"type": "Point", "coordinates": [99.1277244, 18.8693899]}, "properties": {"id": "cm-osm-node-2477476570", "name": "7-Eleven", "nameTh": null, "nameEn": "7-Eleven", "cat": ["essentials"], "province": "cm"}}, {"type": "Feature", "geometry": {"type": "Point", "coordinates": [98.9787329, 18.8045529]}, "properties": {"id": "cm-osm-node-2509993172", "name": "7-Eleven", "nameTh": null, "nameEn": "7-Eleven", "cat": ["essentials"], "province": "cm"}}, {"type": "Feature", "geometry": {"type": "Point", "coordinates": [99.0109694, 18.8141597]}, "properties": {"id": "cm-osm-node-2517090141", "name": "7-Eleven", "nameTh": null, "nameEn": "7-Eleven", "cat": ["essentials"], "province": "cm"}}, {"type": "Feature", "geometry": {"type": "Point", "coordinates": [98.981114, 18.8028246]}, "properties": {"id": "cm-osm-node-2530336690", "name": "7-Eleven", "nameTh": null, "nameEn": "7-Eleven", "cat": ["essentials"], "province": "cm"}}, {"type": "Feature", "geometry": {"type": "Point", "coordinates": [98.9729918, 18.8038056]}, "properties": {"id": "cm-osm-node-2530413336", "name": "7-Eleven", "nameTh": null, "nameEn": "7-Eleven", "cat": ["essentials"], "province": "cm"}}, {"type": "Feature", "geometry": {"type": "Point", "coordinates": [98.9781726, 18.8023985]}, "properties": {"id": "cm-osm-node-2530435337", "name": "7-Eleven", "nameTh": null, "nameEn": "7-Eleven", "cat": ["essentials"], "province": "cm"}}, {"type": "Feature", "geometry": {"type": "Point", "coordinates": [98.9458273, 18.9133855]}, "properties": {"id": "cm-osm-node-2556193498", "name": "7-Eleven", "nameTh": null, "nameEn": "7-Eleven", "cat": ["essentials"], "province": "cm"}}, {"type": "Feature", "geometry": {"type": "Point", "coordinates": [98.9448159, 18.9152554]}, "properties": {"id": "cm-osm-node-2556220802", "name": "7-Eleven", "nameTh": null, "nameEn": "7-Eleven", "cat": ["essentials"], "province": "cm"}}, {"type": "Feature", "geometry": {"type": "Point", "coordinates": [98.9934434, 18.8051623]}, "properties": {"id": "cm-osm-node-2580478784", "name": "7-Eleven", "nameTh": null, "nameEn": "7-Eleven", "cat": ["essentials"], "province": "cm"}}, {"type": "Feature", "geometry": {"type": "Point", "coordinates": [99.1272017, 18.7345304]}, "properties": {"id": "cm-osm-node-2581651718", "name": "7-Eleven", "nameTh": null, "nameEn": "7-Eleven", "cat": ["essentials"], "province": "cm"}}, {"type": "Feature", "geometry": {"type": "Point", "coordinates": [99.0051462, 18.9018595]}, "properties": {"id": "cm-osm-node-2587314929", "name": "7-Eleven", "nameTh": null, "nameEn": "7-Eleven", "cat": ["essentials"], "province": "cm"}}, {"type": "Feature", "geometry": {"type": "Point", "coordinates": [99.0434552, 18.8451539]}, "properties": {"id": "cm-osm-node-2590185736", "name": "7-Eleven", "nameTh": null, "nameEn": "7-Eleven", "cat": ["essentials"], "province": "cm"}}, {"type": "Feature", "geometry": {"type": "Point", "coordinates": [99.0312194, 18.7827935]}, "properties": {"id": "cm-osm-node-2595939982", "name": "7-Eleven", "nameTh": null, "nameEn": "7-Eleven", "cat": ["essentials"], "province": "cm"}}, {"type": "Feature", "geometry": {"type": "Point", "coordinates": [99.0290009, 18.8158675]}, "properties": {"id": "cm-osm-node-2600091532", "name": "7-Eleven", "nameTh": null, "nameEn": "7-Eleven", "cat": ["essentials"], "province": "cm"}}, {"type": "Feature", "geometry": {"type": "Point", "coordinates": [99.0145014, 18.8613834]}, "properties": {"id": "cm-osm-node-2600943728", "name": "7-Eleven", "nameTh": null, "nameEn": "7-Eleven", "cat": ["essentials"], "province": "cm"}}, {"type": "Feature", "geometry": {"type": "Point", "coordinates": [99.0117178, 18.8911156]}, "properties": {"id": "cm-osm-node-2600986664", "name": "7-Eleven", "nameTh": null, "nameEn": "7-Eleven", "cat": ["essentials"], "province": "cm"}}, {"type": "Feature", "geometry": {"type": "Point", "coordinates": [98.9989471, 18.7726217]}, "properties": {"id": "cm-osm-node-2609696943", "name": "7-Eleven", "nameTh": null, "nameEn": "7-Eleven", "cat": ["essentials"], "province": "cm"}}, {"type": "Feature", "geometry": {"type": "Point", "coordinates": [98.9870618, 18.7815478]}, "properties": {"id": "cm-osm-node-2609696944", "name": "7-Eleven", "nameTh": null, "nameEn": "7-Eleven", "cat": ["essentials"], "province": "cm"}}, {"type": "Feature", "geometry": {"type": "Point", "coordinates": [98.9879254, 18.7815367]}, "properties": {"id": "cm-osm-node-2609696945", "name": "7-Eleven", "nameTh": null, "nameEn": "7-Eleven", "cat": ["essentials"], "province": "cm"}}, {"type": "Feature", "geometry": {"type": "Point", "coordinates": [98.9757115, 18.7973392]}, "properties": {"id": "cm-osm-node-2609696946", "name": "7-Eleven", "nameTh": null, "nameEn": "7-Eleven", "cat": ["essentials"], "province": "cm"}}, {"type": "Feature", "geometry": {"type": "Point", "coordinates": [98.9986585, 18.7691746]}, "properties": {"id": "cm-osm-node-2610123180", "name": "7-Eleven", "nameTh": null, "nameEn": "7-Eleven", "cat": ["essentials"], "province": "cm"}}, {"type": "Feature", "geometry": {"type": "Point", "coordinates": [98.9993941, 18.7795977]}, "properties": {"id": "cm-osm-node-2610123183", "name": "7-Eleven", "nameTh": null, "nameEn": "7-Eleven", "cat": ["essentials"], "province": "cm"}}, {"type": "Feature", "geometry": {"type": "Point", "coordinates": [99.0249941, 18.7633403]}, "properties": {"id": "cm-osm-node-2610146257", "name": "7-Eleven", "nameTh": null, "nameEn": "7-Eleven", "cat": ["essentials"], "province": "cm"}}, {"type": "Feature", "geometry": {"type": "Point", "coordinates": [98.9703528, 18.7917578]}, "properties": {"id": "cm-osm-node-2632210804", "name": "7-Eleven", "nameTh": null, "nameEn": "7-Eleven", "cat": ["essentials"], "province": "cm"}}, {"type": "Feature", "geometry": {"type": "Point", "coordinates": [98.9655461, 18.7894653]}, "properties": {"id": "cm-osm-node-2638649069", "name": "7-Eleven", "nameTh": null, "nameEn": "7-Eleven", "cat": ["essentials"], "province": "cm"}}, {"type": "Feature", "geometry": {"type": "Point", "coordinates": [98.972789, 18.788912]}, "properties": {"id": "cm-osm-node-2638687780", "name": "7-Eleven", "nameTh": null, "nameEn": "7-Eleven", "cat": ["essentials"], "province": "cm"}}, {"type": "Feature", "geometry": {"type": "Point", "coordinates": [98.9698449, 18.7890422]}, "properties": {"id": "cm-osm-node-2638687785", "name": "7-Eleven", "nameTh": null, "nameEn": "7-Eleven", "cat": ["essentials"], "province": "cm"}}, {"type": "Feature", "geometry": {"type": "Point", "coordinates": [99.0053234, 18.7838149]}, "properties": {"id": "cm-osm-node-2648382126", "name": "7-Eleven", "nameTh": null, "nameEn": "7-Eleven", "cat": ["essentials"], "province": "cm"}}, {"type": "Feature", "geometry": {"type": "Point", "coordinates": [98.9990795, 18.7963582]}, "properties": {"id": "cm-osm-node-2649636478", "name": "7-Eleven", "nameTh": null, "nameEn": "7-Eleven", "cat": ["essentials"], "province": "cm"}}, {"type": "Feature", "geometry": {"type": "Point", "coordinates": [98.9581363, 18.791703]}, "properties": {"id": "cm-osm-node-2650752229", "name": "7-Eleven", "nameTh": null, "nameEn": "7-Eleven", "cat": ["essentials"], "province": "cm"}}, {"type": "Feature", "geometry": {"type": "Point", "coordinates": [99.0008474, 18.8012446]}, "properties": {"id": "cm-osm-node-2650782949", "name": "7-Eleven", "nameTh": null, "nameEn": "7-Eleven", "cat": ["essentials"], "province": "cm"}}, {"type": "Feature", "geometry": {"type": "Point", "coordinates": [98.999066, 18.7841298]}, "properties": {"id": "cm-osm-node-2655201559", "name": "7-Eleven", "nameTh": null, "nameEn": "7-Eleven", "cat": ["essentials"], "province": "cm"}}, {"type": "Feature", "geometry": {"type": "Point", "coordinates": [98.9600437, 18.800416]}, "properties": {"id": "cm-osm-node-2660452152", "name": "7-Eleven", "nameTh": null, "nameEn": "7-Eleven", "cat": ["essentials"], "province": "cm"}}, {"type": "Feature", "geometry": {"type": "Point", "coordinates": [98.969239, 18.8047806]}, "properties": {"id": "cm-osm-node-2660469647", "name": "7-Eleven", "nameTh": null, "nameEn": "7-Eleven", "cat": ["essentials"], "province": "cm"}}, {"type": "Feature", "geometry": {"type": "Point", "coordinates": [99.0024121, 18.8105251]}, "properties": {"id": "cm-osm-node-2660472373", "name": "7-Eleven", "nameTh": null, "nameEn": "7-Eleven", "cat": ["essentials"], "province": "cm"}}, {"type": "Feature", "geometry": {"type": "Point", "coordinates": [99.005874, 18.763432]}, "properties": {"id": "cm-osm-node-2661432120", "name": "7-Eleven", "nameTh": null, "nameEn": "7-Eleven", "cat": ["essentials"], "province": "cm"}}, {"type": "Feature", "geometry": {"type": "Point", "coordinates": [98.9212674, 18.7093028]}, "properties": {"id": "cm-osm-node-2670834423", "name": "7-Eleven", "nameTh": null, "nameEn": "7-Eleven", "cat": ["essentials"], "province": "cm"}}, {"type": "Feature", "geometry": {"type": "Point", "coordinates": [99.0165808, 18.7961492]}, "properties": {"id": "cm-osm-node-2682488387", "name": "7-Eleven", "nameTh": null, "nameEn": "7-Eleven", "cat": ["essentials"], "province": "cm"}}, {"type": "Feature", "geometry": {"type": "Point", "coordinates": [99.0098649, 18.8012065]}, "properties": {"id": "cm-osm-node-2682539780", "name": "7-Eleven", "nameTh": null, "nameEn": "7-Eleven", "cat": ["essentials"], "province": "cm"}}, {"type": "Feature", "geometry": {"type": "Point", "coordinates": [99.0133014, 18.8920243]}, "properties": {"id": "cm-osm-node-2682577301", "name": "7-Eleven", "nameTh": null, "nameEn": "7-Eleven", "cat": ["essentials"], "province": "cm"}}, {"type": "Feature", "geometry": {"type": "Point", "coordinates": [98.8955959, 18.6253038]}, "properties": {"id": "cm-osm-node-2684213287", "name": "7-Eleven", "nameTh": null, "nameEn": "7-Eleven", "cat": ["essentials"], "province": "cm"}}, {"type": "Feature", "geometry": {"type": "Point", "coordinates": [98.9186296, 18.6822481]}, "properties": {"id": "cm-osm-node-2685558607", "name": "7-Eleven", "nameTh": null, "nameEn": "7-Eleven", "cat": ["essentials"], "province": "cm"}}, {"type": "Feature", "geometry": {"type": "Point", "coordinates": [98.9537154, 18.7350843]}, "properties": {"id": "cm-osm-node-2685576115", "name": "7-Eleven", "nameTh": null, "nameEn": "7-Eleven", "cat": ["essentials"], "province": "cm"}}, {"type": "Feature", "geometry": {"type": "Point", "coordinates": [98.9543399, 18.7352959]}, "properties": {"id": "cm-osm-node-2685576116", "name": "7-Eleven", "nameTh": null, "nameEn": "7-Eleven", "cat": ["essentials"], "province": "cm"}}, {"type": "Feature", "geometry": {"type": "Point", "coordinates": [98.9710428, 18.7977347]}, "properties": {"id": "cm-osm-node-2696290620", "name": "7-Eleven", "nameTh": null, "nameEn": "7-Eleven", "cat": ["essentials"], "province": "cm"}}, {"type": "Feature", "geometry": {"type": "Point", "coordinates": [98.9797174, 18.8251936]}, "properties": {"id": "cm-osm-node-2799031404", "name": "7-Eleven", "nameTh": null, "nameEn": "7-Eleven", "cat": ["essentials"], "province": "cm"}}, {"type": "Feature", "geometry": {"type": "Point", "coordinates": [98.9947547, 18.7571555]}, "properties": {"id": "cm-osm-node-2982575644", "name": "7-Eleven", "nameTh": null, "nameEn": "7-Eleven", "cat": ["essentials"], "province": "cm"}}, {"type": "Feature", "geometry": {"type": "Point", "coordinates": [99.009889, 18.7851232]}, "properties": {"id": "cm-osm-node-2984533333", "name": "7-Eleven", "nameTh": null, "nameEn": "7-Eleven", "cat": ["essentials"], "province": "cm"}}, {"type": "Feature", "geometry": {"type": "Point", "coordinates": [99.0486546, 18.7572894]}, "properties": {"id": "cm-osm-node-3124163116", "name": "7-Eleven", "nameTh": null, "nameEn": "7-Eleven", "cat": ["essentials"], "province": "cm"}}, {"type": "Feature", "geometry": {"type": "Point", "coordinates": [99.0169387, 18.799455]}, "properties": {"id": "cm-osm-node-3152484461", "name": "7-Eleven", "nameTh": null, "nameEn": "7-Eleven", "cat": ["essentials"], "province": "cm"}}, {"type": "Feature", "geometry": {"type": "Point", "coordinates": [99.110953, 18.721176]}, "properties": {"id": "cm-osm-node-3153832561", "name": "7-Eleven", "nameTh": null, "nameEn": "7-Eleven", "cat": ["essentials"], "province": "cm"}}, {"type": "Feature", "geometry": {"type": "Point", "coordinates": [98.9932462, 18.8110973]}, "properties": {"id": "cm-osm-node-3184683033", "name": "7-Eleven", "nameTh": null, "nameEn": "7-Eleven", "cat": ["essentials"], "province": "cm"}}, {"type": "Feature", "geometry": {"type": "Point", "coordinates": [98.9974005, 18.7997578]}, "properties": {"id": "cm-osm-node-3297927098", "name": "7-Eleven", "nameTh": null, "nameEn": "7-Eleven", "cat": ["essentials"], "province": "cm"}}, {"type": "Feature", "geometry": {"type": "Point", "coordinates": [98.9964438, 18.7812672]}, "properties": {"id": "cm-osm-node-3298800097", "name": "7-Eleven", "nameTh": null, "nameEn": "7-Eleven", "cat": ["essentials"], "province": "cm"}}, {"type": "Feature", "geometry": {"type": "Point", "coordinates": [98.9883291, 18.7951913]}, "properties": {"id": "cm-osm-node-3298800098", "name": "7-Eleven", "nameTh": null, "nameEn": "7-Eleven", "cat": ["essentials"], "province": "cm"}}, {"type": "Feature", "geometry": {"type": "Point", "coordinates": [98.9751031, 18.8055626]}, "properties": {"id": "cm-osm-node-3311589186", "name": "7-Eleven", "nameTh": null, "nameEn": "7-Eleven", "cat": ["essentials"], "province": "cm"}}, {"type": "Feature", "geometry": {"type": "Point", "coordinates": [98.9538182, 18.7930808]}, "properties": {"id": "cm-osm-node-3319117712", "name": "7-Eleven", "nameTh": null, "nameEn": "7-Eleven", "cat": ["essentials"], "province": "cm"}}, {"type": "Feature", "geometry": {"type": "Point", "coordinates": [98.9501317, 18.7700901]}, "properties": {"id": "cm-osm-node-3341640391", "name": "7-Eleven", "nameTh": null, "nameEn": "7-Eleven", "cat": ["essentials"], "province": "cm"}}, {"type": "Feature", "geometry": {"type": "Point", "coordinates": [98.9703512, 18.7417085]}, "properties": {"id": "cm-osm-node-3342167098", "name": "7-Eleven", "nameTh": null, "nameEn": "7-Eleven", "cat": ["essentials"], "province": "cm"}}, {"type": "Feature", "geometry": {"type": "Point", "coordinates": [99.0172274, 18.8856041]}, "properties": {"id": "cm-osm-node-3359291367", "name": "7-Eleven", "nameTh": null, "nameEn": "7-Eleven", "cat": ["essentials"], "province": "cm"}}, {"type": "Feature", "geometry": {"type": "Point", "coordinates": [99.0505675, 18.7786779]}, "properties": {"id": "cm-osm-node-3383962933", "name": "7-Eleven", "nameTh": null, "nameEn": "7-Eleven", "cat": ["essentials"], "province": "cm"}}, {"type": "Feature", "geometry": {"type": "Point", "coordinates": [99.1364852, 18.7370429]}, "properties": {"id": "cm-osm-node-3383965571", "name": "7-Eleven", "nameTh": null, "nameEn": "7-Eleven", "cat": ["essentials"], "province": "cm"}}, {"type": "Feature", "geometry": {"type": "Point", "coordinates": [98.9796188, 18.7725444]}, "properties": {"id": "cm-osm-node-3401514793", "name": "7-Eleven", "nameTh": null, "nameEn": "7-Eleven", "cat": ["essentials"], "province": "cm"}}, {"type": "Feature", "geometry": {"type": "Point", "coordinates": [98.9954968, 18.7846131]}, "properties": {"id": "cm-osm-node-3415499426", "name": "7-Eleven", "nameTh": null, "nameEn": "7-Eleven", "cat": ["essentials"], "province": "cm"}}, {"type": "Feature", "geometry": {"type": "Point", "coordinates": [99.0003899, 18.7835083]}, "properties": {"id": "cm-osm-node-3416994640", "name": "7-Eleven", "nameTh": null, "nameEn": "7-Eleven", "cat": ["essentials"], "province": "cm"}}, {"type": "Feature", "geometry": {"type": "Point", "coordinates": [99.0007959, 18.7857915]}, "properties": {"id": "cm-osm-node-3417307169", "name": "7-Eleven", "nameTh": null, "nameEn": "7-Eleven", "cat": ["essentials"], "province": "cm"}}, {"type": "Feature", "geometry": {"type": "Point", "coordinates": [99.0114285, 18.7622722]}, "properties": {"id": "cm-osm-node-3606253655", "name": "7-Eleven", "nameTh": null, "nameEn": "7-Eleven", "cat": ["essentials"], "province": "cm"}}, {"type": "Feature", "geometry": {"type": "Point", "coordinates": [98.9954425, 18.7587558]}, "properties": {"id": "cm-osm-node-3607394779", "name": "7-Eleven", "nameTh": null, "nameEn": "7-Eleven", "cat": ["essentials"], "province": "cm"}}, {"type": "Feature", "geometry": {"type": "Point", "coordinates": [98.9897055, 18.7545743]}, "properties": {"id": "cm-osm-node-3607456993", "name": "7-Eleven", "nameTh": null, "nameEn": "7-Eleven", "cat": ["essentials"], "province": "cm"}}, {"type": "Feature", "geometry": {"type": "Point", "coordinates": [98.9852754, 18.7710262]}, "properties": {"id": "cm-osm-node-3652948358", "name": "7-Eleven", "nameTh": null, "nameEn": "7-Eleven", "cat": ["essentials"], "province": "cm"}}, {"type": "Feature", "geometry": {"type": "Point", "coordinates": [98.973687, 18.8082398]}, "properties": {"id": "cm-osm-node-3779647860", "name": "7-Eleven", "nameTh": null, "nameEn": "7-Eleven", "cat": ["essentials"], "province": "cm"}}, {"type": "Feature", "geometry": {"type": "Point", "coordinates": [99.0156939, 18.7368144]}, "properties": {"id": "cm-osm-node-3870411642", "name": "7-Eleven", "nameTh": null, "nameEn": "7-Eleven", "cat": ["essentials"], "province": "cm"}}, {"type": "Feature", "geometry": {"type": "Point", "coordinates": [99.0202665, 18.8165888]}, "properties": {"id": "cm-osm-node-3912487238", "name": "7-Eleven", "nameTh": null, "nameEn": "7-Eleven", "cat": ["essentials"], "province": "cm"}}, {"type": "Feature", "geometry": {"type": "Point", "coordinates": [99.0183803, 18.8196424]}, "properties": {"id": "cm-osm-node-3915585391", "name": "7-Eleven", "nameTh": null, "nameEn": "7-Eleven", "cat": ["essentials"], "province": "cm"}}, {"type": "Feature", "geometry": {"type": "Point", "coordinates": [98.969045, 18.8508946]}, "properties": {"id": "cm-osm-node-3937204911", "name": "7-Eleven", "nameTh": null, "nameEn": "7-Eleven", "cat": ["essentials"], "province": "cm"}}, {"type": "Feature", "geometry": {"type": "Point", "coordinates": [98.9568284, 18.7921691]}, "properties": {"id": "cm-osm-node-4018140121", "name": "7-Eleven", "nameTh": null, "nameEn": "7-Eleven", "cat": ["essentials"], "province": "cm"}}, {"type": "Feature", "geometry": {"type": "Point", "coordinates": [98.9934234, 18.7726267]}, "properties": {"id": "cm-osm-node-4064638403", "name": "7-Eleven", "nameTh": null, "nameEn": "7-Eleven", "cat": ["essentials"], "province": "cm"}}, {"type": "Feature", "geometry": {"type": "Point", "coordinates": [98.980503, 18.7397944]}, "properties": {"id": "cm-osm-node-4067902170", "name": "7-Eleven", "nameTh": null, "nameEn": "7-Eleven", "cat": ["essentials"], "province": "cm"}}, {"type": "Feature", "geometry": {"type": "Point", "coordinates": [99.0006845, 18.7205268]}, "properties": {"id": "cm-osm-node-4098825737", "name": "7-Eleven", "nameTh": null, "nameEn": "7-Eleven", "cat": ["essentials"], "province": "cm"}}, {"type": "Feature", "geometry": {"type": "Point", "coordinates": [99.0255321, 18.7892525]}, "properties": {"id": "cm-osm-node-4102796840", "name": "7-Eleven", "nameTh": null, "nameEn": "7-Eleven", "cat": ["essentials"], "province": "cm"}}, {"type": "Feature", "geometry": {"type": "Point", "coordinates": [99.0634358, 18.7508552]}, "properties": {"id": "cm-osm-node-4115297795", "name": "7-Eleven", "nameTh": null, "nameEn": "7-Eleven", "cat": ["essentials"], "province": "cm"}}, {"type": "Feature", "geometry": {"type": "Point", "coordinates": [99.0301416, 18.804969]}, "properties": {"id": "cm-osm-node-4160790070", "name": "7-Eleven", "nameTh": null, "nameEn": "7-Eleven", "cat": ["essentials"], "province": "cm"}}, {"type": "Feature", "geometry": {"type": "Point", "coordinates": [99.0118101, 18.8253357]}, "properties": {"id": "cm-osm-node-4213689893", "name": "7-Eleven", "nameTh": null, "nameEn": "7-Eleven", "cat": ["essentials"], "province": "cm"}}, {"type": "Feature", "geometry": {"type": "Point", "coordinates": [98.9824008, 18.815664]}, "properties": {"id": "cm-osm-node-4216607001", "name": "7-Eleven", "nameTh": null, "nameEn": "7-Eleven", "cat": ["essentials"], "province": "cm"}}, {"type": "Feature", "geometry": {"type": "Point", "coordinates": [98.9849918, 18.8073975]}, "properties": {"id": "cm-osm-node-4252082831", "name": "7-Eleven", "nameTh": null, "nameEn": "7-Eleven", "cat": ["essentials"], "province": "cm"}}, {"type": "Feature", "geometry": {"type": "Point", "coordinates": [98.9653596, 18.7513471]}, "properties": {"id": "cm-osm-node-4358814722", "name": "7-Eleven", "nameTh": null, "nameEn": "7-Eleven", "cat": ["essentials"], "province": "cm"}}, {"type": "Feature", "geometry": {"type": "Point", "coordinates": [99.0251435, 18.8283557]}, "properties": {"id": "cm-osm-node-4384883557", "name": "7-Eleven", "nameTh": null, "nameEn": "7-Eleven", "cat": ["essentials"], "province": "cm"}}, {"type": "Feature", "geometry": {"type": "Point", "coordinates": [99.0247205, 18.7990583]}, "properties": {"id": "cm-osm-node-4427268745", "name": "7-Eleven", "nameTh": null, "nameEn": "7-Eleven", "cat": ["essentials"], "province": "cm"}}, {"type": "Feature", "geometry": {"type": "Point", "coordinates": [98.9689979, 18.8526477]}, "properties": {"id": "cm-osm-node-4480923151", "name": "7-Eleven", "nameTh": null, "nameEn": "7-Eleven", "cat": ["essentials"], "province": "cm"}}, {"type": "Feature", "geometry": {"type": "Point", "coordinates": [98.9718611, 18.8452533]}, "properties": {"id": "cm-osm-node-4480923768", "name": "7-Eleven", "nameTh": null, "nameEn": "7-Eleven", "cat": ["essentials"], "province": "cm"}}, {"type": "Feature", "geometry": {"type": "Point", "coordinates": [98.9900368, 18.7937884]}, "properties": {"id": "cm-osm-node-4484769089", "name": "7-Eleven", "nameTh": "7-Eleven", "nameEn": null, "cat": ["essentials"], "province": "cm"}}, {"type": "Feature", "geometry": {"type": "Point", "coordinates": [99.037556, 18.7122625]}, "properties": {"id": "cm-osm-node-4509362290", "name": "7-Eleven", "nameTh": null, "nameEn": "7-Eleven", "cat": ["essentials"], "province": "cm"}}, {"type": "Feature", "geometry": {"type": "Point", "coordinates": [99.0340747, 18.7152138]}, "properties": {"id": "cm-osm-node-4509362291", "name": "7-Eleven", "nameTh": null, "nameEn": "7-Eleven", "cat": ["essentials"], "province": "cm"}}, {"type": "Feature", "geometry": {"type": "Point", "coordinates": [99.0416667, 18.6497643]}, "properties": {"id": "cm-osm-node-4509445499", "name": "7-Eleven", "nameTh": null, "nameEn": "7-Eleven", "cat": ["essentials"], "province": "cm"}}, {"type": "Feature", "geometry": {"type": "Point", "coordinates": [98.9356989, 18.7075662]}, "properties": {"id": "cm-osm-node-4532822024", "name": "7-Eleven", "nameTh": null, "nameEn": "7-Eleven", "cat": ["essentials"], "province": "cm"}}, {"type": "Feature", "geometry": {"type": "Point", "coordinates": [99.0108621, 18.7990416]}, "properties": {"id": "cm-osm-node-4557856200", "name": "7-Eleven", "nameTh": null, "nameEn": "7-Eleven", "cat": ["essentials"], "province": "cm"}}, {"type": "Feature", "geometry": {"type": "Point", "coordinates": [98.9592894, 18.786241]}, "properties": {"id": "cm-osm-node-4559286249", "name": "7-Eleven", "nameTh": null, "nameEn": "7-Eleven", "cat": ["essentials"], "province": "cm"}}, {"type": "Feature", "geometry": {"type": "Point", "coordinates": [99.0127364, 18.8368103]}, "properties": {"id": "cm-osm-node-4587843668", "name": "7-Eleven", "nameTh": null, "nameEn": "7-Eleven", "cat": ["essentials"], "province": "cm"}}, {"type": "Feature", "geometry": {"type": "Point", "coordinates": [99.016923, 18.8001364]}, "properties": {"id": "cm-osm-node-4686850689", "name": "7-Eleven", "nameTh": "7-Eleven", "nameEn": null, "cat": ["essentials"], "province": "cm"}}, {"type": "Feature", "geometry": {"type": "Point", "coordinates": [98.9521381, 18.7935041]}, "properties": {"id": "cm-osm-node-4739211070", "name": "7-Eleven", "nameTh": null, "nameEn": "7-Eleven", "cat": ["essentials"], "province": "cm"}}, {"type": "Feature", "geometry": {"type": "Point", "coordinates": [99.0022439, 18.7814072]}, "properties": {"id": "cm-osm-node-4876346924", "name": "7-Eleven", "nameTh": null, "nameEn": "7-Eleven", "cat": ["essentials"], "province": "cm"}}, {"type": "Feature", "geometry": {"type": "Point", "coordinates": [99.0118467, 18.8857221]}, "properties": {"id": "cm-osm-node-5107884122", "name": "7-Eleven", "nameTh": null, "nameEn": "7-11", "cat": ["essentials"], "province": "cm"}}, {"type": "Feature", "geometry": {"type": "Point", "coordinates": [98.9477759, 18.7251187]}, "properties": {"id": "cm-osm-node-5313772740", "name": "7-Eleven", "nameTh": null, "nameEn": "7-Eleven", "cat": ["essentials"], "province": "cm"}}, {"type": "Feature", "geometry": {"type": "Point", "coordinates": [99.036144, 18.7952212]}, "properties": {"id": "cm-osm-node-5348338285", "name": "7-Eleven", "nameTh": null, "nameEn": "7-Eleven", "cat": ["essentials"], "province": "cm"}}, {"type": "Feature", "geometry": {"type": "Point", "coordinates": [98.9837305, 18.7680003]}, "properties": {"id": "cm-osm-node-5455786828", "name": "7-Eleven", "nameTh": null, "nameEn": "7-Eleven", "cat": ["essentials"], "province": "cm"}}, {"type": "Feature", "geometry": {"type": "Point", "coordinates": [98.9684781, 18.7981184]}, "properties": {"id": "cm-osm-node-5466020683", "name": "7-Eleven", "nameTh": null, "nameEn": "7-Eleven", "cat": ["essentials"], "province": "cm"}}, {"type": "Feature", "geometry": {"type": "Point", "coordinates": [98.9957938, 18.7616347]}, "properties": {"id": "cm-osm-node-5482188468", "name": "7-Eleven", "nameTh": null, "nameEn": "7-Eleven", "cat": ["essentials"], "province": "cm"}}, {"type": "Feature", "geometry": {"type": "Point", "coordinates": [98.9546927, 18.7833133]}, "properties": {"id": "cm-osm-node-5989927476", "name": "7-Eleven", "nameTh": null, "nameEn": "7-Eleven", "cat": ["essentials"], "province": "cm"}}, {"type": "Feature", "geometry": {"type": "Point", "coordinates": [99.0472976, 18.7589617]}, "properties": {"id": "cm-osm-node-6004761433", "name": "7-Eleven", "nameTh": null, "nameEn": "7-Eleven", "cat": ["essentials"], "province": "cm"}}, {"type": "Feature", "geometry": {"type": "Point", "coordinates": [99.0198931, 18.8310742]}, "properties": {"id": "cm-osm-node-6108133285", "name": "7-Eleven", "nameTh": null, "nameEn": "7-Eleven", "cat": ["essentials"], "province": "cm"}}, {"type": "Feature", "geometry": {"type": "Point", "coordinates": [98.9903607, 18.7843293]}, "properties": {"id": "cm-osm-node-6117383885", "name": "7-Eleven", "nameTh": null, "nameEn": "7-Eleven", "cat": ["essentials"], "province": "cm"}}, {"type": "Feature", "geometry": {"type": "Point", "coordinates": [98.9548476, 18.8085074]}, "properties": {"id": "cm-osm-node-6255529250", "name": "7-Eleven", "nameTh": null, "nameEn": "7-Eleven", "cat": ["essentials"], "province": "cm"}}, {"type": "Feature", "geometry": {"type": "Point", "coordinates": [98.9896236, 18.7755941]}, "properties": {"id": "cm-osm-node-6261749447", "name": "7-Eleven", "nameTh": null, "nameEn": "7-Eleven", "cat": ["essentials"], "province": "cm"}}, {"type": "Feature", "geometry": {"type": "Point", "coordinates": [98.976746, 18.767838]}, "properties": {"id": "cm-osm-node-6352068902", "name": "7-Eleven", "nameTh": null, "nameEn": "7 eleven", "cat": ["essentials"], "province": "cm"}}, {"type": "Feature", "geometry": {"type": "Point", "coordinates": [98.9848731, 18.7787465]}, "properties": {"id": "cm-osm-node-6352076492", "name": "7-Eleven", "nameTh": null, "nameEn": "7 eleven", "cat": ["essentials"], "province": "cm"}}, {"type": "Feature", "geometry": {"type": "Point", "coordinates": [98.9816498, 18.7837446]}, "properties": {"id": "cm-osm-node-6352082587", "name": "7-Eleven", "nameTh": null, "nameEn": "7-Eleven", "cat": ["essentials"], "province": "cm"}}, {"type": "Feature", "geometry": {"type": "Point", "coordinates": [99.0000209, 18.7832238]}, "properties": {"id": "cm-osm-node-6545649502", "name": "7-Eleven", "nameTh": null, "nameEn": "7-Eleven", "cat": ["essentials"], "province": "cm"}}, {"type": "Feature", "geometry": {"type": "Point", "coordinates": [99.0011917, 18.8137258]}, "properties": {"id": "cm-osm-node-6561351164", "name": "7-Eleven", "nameTh": null, "nameEn": "7-Eleven", "cat": ["essentials"], "province": "cm"}}, {"type": "Feature", "geometry": {"type": "Point", "coordinates": [99.0490199, 18.7445104]}, "properties": {"id": "cm-osm-node-6587790785", "name": "7-Eleven", "nameTh": null, "nameEn": "7-Eleven", "cat": ["essentials"], "province": "cm"}}, {"type": "Feature", "geometry": {"type": "Point", "coordinates": [98.9375233, 18.7642701]}, "properties": {"id": "cm-osm-node-6868990378", "name": "7-Eleven", "nameTh": null, "nameEn": "7-Eleven", "cat": ["essentials"], "province": "cm"}}, {"type": "Feature", "geometry": {"type": "Point", "coordinates": [99.1354862, 18.872934]}, "properties": {"id": "cm-osm-node-694942450", "name": "7-Eleven", "nameTh": null, "nameEn": "7-Eleven", "cat": ["essentials"], "province": "cm"}}, {"type": "Feature", "geometry": {"type": "Point", "coordinates": [99.0222765, 18.8069299]}, "properties": {"id": "cm-osm-node-695008010", "name": "7-Eleven", "nameTh": null, "nameEn": "7-Eleven", "cat": ["essentials"], "province": "cm"}}, {"type": "Feature", "geometry": {"type": "Point", "coordinates": [99.0273547, 18.8105078]}, "properties": {"id": "cm-osm-node-695008016", "name": "7-Eleven", "nameTh": null, "nameEn": "7-Eleven", "cat": ["essentials"], "province": "cm"}}, {"type": "Feature", "geometry": {"type": "Point", "coordinates": [98.9547826, 18.7215448]}, "properties": {"id": "cm-osm-node-7041143254", "name": "7-Eleven", "nameTh": null, "nameEn": "7-Eleven", "cat": ["essentials"], "province": "cm"}}, {"type": "Feature", "geometry": {"type": "Point", "coordinates": [99.0075016, 18.7217015]}, "properties": {"id": "cm-osm-node-7153494725", "name": "7-Eleven", "nameTh": null, "nameEn": "7-Eleven", "cat": ["essentials"], "province": "cm"}}, {"type": "Feature", "geometry": {"type": "Point", "coordinates": [99.0743425, 18.8441973]}, "properties": {"id": "cm-osm-node-719463355", "name": "7-Eleven", "nameTh": null, "nameEn": "7-Eleven", "cat": ["essentials"], "province": "cm"}}, {"type": "Feature", "geometry": {"type": "Point", "coordinates": [98.9960905, 18.7883003]}, "properties": {"id": "cm-osm-node-7196723887", "name": "7-Eleven", "nameTh": null, "nameEn": "7-Eleven", "cat": ["essentials"], "province": "cm"}}, {"type": "Feature", "geometry": {"type": "Point", "coordinates": [99.1052757, 18.7944118]}, "properties": {"id": "cm-osm-node-7205677286", "name": "7-Eleven", "nameTh": null, "nameEn": "7-Eleven", "cat": ["essentials"], "province": "cm"}}, {"type": "Feature", "geometry": {"type": "Point", "coordinates": [99.1043933, 18.7938093]}, "properties": {"id": "cm-osm-node-725620368", "name": "7-Eleven", "nameTh": null, "nameEn": "7-Eleven", "cat": ["essentials"], "province": "cm"}}, {"type": "Feature", "geometry": {"type": "Point", "coordinates": [99.0742473, 18.7680703]}, "properties": {"id": "cm-osm-node-725620427", "name": "7-Eleven", "nameTh": null, "nameEn": "7-Eleven", "cat": ["essentials"], "province": "cm"}}, {"type": "Feature", "geometry": {"type": "Point", "coordinates": [98.9595445, 18.8060035]}, "properties": {"id": "cm-osm-node-725689632", "name": "7-Eleven", "nameTh": null, "nameEn": "7-Eleven", "cat": ["essentials"], "province": "cm"}}, {"type": "Feature", "geometry": {"type": "Point", "coordinates": [98.9466099, 18.8087882]}, "properties": {"id": "cm-osm-node-725689676", "name": "7-Eleven", "nameTh": null, "nameEn": "7-Eleven", "cat": ["essentials"], "province": "cm"}}, {"type": "Feature", "geometry": {"type": "Point", "coordinates": [98.9627112, 18.7952619]}, "properties": {"id": "cm-osm-node-725689741", "name": "7-Eleven", "nameTh": null, "nameEn": "7-Eleven", "cat": ["essentials"], "province": "cm"}}, {"type": "Feature", "geometry": {"type": "Point", "coordinates": [98.9929076, 18.7863488]}, "properties": {"id": "cm-osm-node-7426419778", "name": "7-Eleven", "nameTh": null, "nameEn": "7-Eleven", "cat": ["essentials"], "province": "cm"}}, {"type": "Feature", "geometry": {"type": "Point", "coordinates": [99.0113114, 18.8111861]}, "properties": {"id": "cm-osm-node-772433650", "name": "7-Eleven", "nameTh": null, "nameEn": "7-Eleven", "cat": ["essentials"], "province": "cm"}}, {"type": "Feature", "geometry": {"type": "Point", "coordinates": [99.0458328, 18.7215473]}, "properties": {"id": "cm-osm-node-7809156490", "name": "7-Eleven", "nameTh": null, "nameEn": "7-Eleven", "cat": ["essentials"], "province": "cm"}}, {"type": "Feature", "geometry": {"type": "Point", "coordinates": [99.0795669, 18.765236]}, "properties": {"id": "cm-osm-node-838775340", "name": "7-Eleven", "nameTh": null, "nameEn": "7-Eleven", "cat": ["essentials"], "province": "cm"}}, {"type": "Feature", "geometry": {"type": "Point", "coordinates": [99.0819908, 18.7651116]}, "properties": {"id": "cm-osm-node-838775359", "name": "7-Eleven", "nameTh": null, "nameEn": "7-Eleven", "cat": ["essentials"], "province": "cm"}}, {"type": "Feature", "geometry": {"type": "Point", "coordinates": [99.0090887, 18.8947529]}, "properties": {"id": "cm-osm-node-840185285", "name": "7-Eleven", "nameTh": null, "nameEn": "7-Eleven", "cat": ["essentials"], "province": "cm"}}, {"type": "Feature", "geometry": {"type": "Point", "coordinates": [98.9831159, 18.680291]}, "properties": {"id": "cm-osm-node-856566123", "name": "7-Eleven", "nameTh": null, "nameEn": "7-Eleven", "cat": ["essentials"], "province": "cm"}}, {"type": "Feature", "geometry": {"type": "Point", "coordinates": [99.0716567, 18.7698267]}, "properties": {"id": "cm-osm-node-863464773", "name": "7-Eleven", "nameTh": null, "nameEn": "7-Eleven", "cat": ["essentials"], "province": "cm"}}, {"type": "Feature", "geometry": {"type": "Point", "coordinates": [99.07637, 18.7440388]}, "properties": {"id": "cm-osm-node-8687339330", "name": "7-Eleven", "nameTh": null, "nameEn": "7-Eleven", "cat": ["essentials"], "province": "cm"}}, {"type": "Feature", "geometry": {"type": "Point", "coordinates": [99.0403774, 18.7694313]}, "properties": {"id": "cm-osm-node-8690800396", "name": "7-Eleven", "nameTh": null, "nameEn": "7-Eleven", "cat": ["essentials"], "province": "cm"}}, {"type": "Feature", "geometry": {"type": "Point", "coordinates": [99.0530992, 18.8308803]}, "properties": {"id": "cm-osm-node-8699173889", "name": "7-Eleven", "nameTh": null, "nameEn": "7-Eleven", "cat": ["essentials"], "province": "cm"}}, {"type": "Feature", "geometry": {"type": "Point", "coordinates": [99.0008418, 18.7909178]}, "properties": {"id": "cm-osm-node-915481295", "name": "7-Eleven", "nameTh": null, "nameEn": "7-Eleven", "cat": ["essentials"], "province": "cm"}}, {"type": "Feature", "geometry": {"type": "Point", "coordinates": [98.9376387, 18.7425267]}, "properties": {"id": "cm-osm-node-9168934580", "name": "7-Eleven", "nameTh": null, "nameEn": "7-Eleven", "cat": ["essentials"], "province": "cm"}}, {"type": "Feature", "geometry": {"type": "Point", "coordinates": [98.9680129, 18.8525222]}, "properties": {"id": "cm-osm-node-9242248916", "name": "7-Eleven", "nameTh": null, "nameEn": "7-Eleven", "cat": ["essentials"], "province": "cm"}}, {"type": "Feature", "geometry": {"type": "Point", "coordinates": [99.0376429, 18.7213339]}, "properties": {"id": "cm-osm-node-9492146646", "name": "7-Eleven", "nameTh": null, "nameEn": "7-Eleven", "cat": ["essentials"], "province": "cm"}}, {"type": "Feature", "geometry": {"type": "Point", "coordinates": [98.9835251, 18.9577198]}, "properties": {"id": "cm-osm-way-1015401895", "name": "7-Eleven", "nameTh": null, "nameEn": "7-Eleven", "cat": ["essentials"], "province": "cm"}}, {"type": "Feature", "geometry": {"type": "Point", "coordinates": [98.9917134, 18.9206379]}, "properties": {"id": "cm-osm-way-1017064983", "name": "7-Eleven", "nameTh": null, "nameEn": "7-Eleven", "cat": ["essentials"], "province": "cm"}}, {"type": "Feature", "geometry": {"type": "Point", "coordinates": [99.0148028, 18.8687762]}, "properties": {"id": "cm-osm-way-1024260980", "name": "7-Eleven", "nameTh": null, "nameEn": "7-Eleven", "cat": ["essentials"], "province": "cm"}}, {"type": "Feature", "geometry": {"type": "Point", "coordinates": [98.8298666, 18.6039263]}, "properties": {"id": "cm-osm-way-1025984972", "name": "7-Eleven", "nameTh": null, "nameEn": "7-Eleven", "cat": ["essentials"], "province": "cm"}}, {"type": "Feature", "geometry": {"type": "Point", "coordinates": [99.0521947, 18.8645045]}, "properties": {"id": "cm-osm-way-1028247813", "name": "7-Eleven", "nameTh": null, "nameEn": "7-Eleven", "cat": ["essentials"], "province": "cm"}}, {"type": "Feature", "geometry": {"type": "Point", "coordinates": [99.0335956, 18.8832379]}, "properties": {"id": "cm-osm-way-1028248221", "name": "7-Eleven", "nameTh": null, "nameEn": "7-Eleven", "cat": ["essentials"], "province": "cm"}}, {"type": "Feature", "geometry": {"type": "Point", "coordinates": [98.990621, 18.9281347]}, "properties": {"id": "cm-osm-way-1028264257", "name": "7-Eleven", "nameTh": null, "nameEn": "7-Eleven", "cat": ["essentials"], "province": "cm"}}, {"type": "Feature", "geometry": {"type": "Point", "coordinates": [99.0187441, 18.7470822]}, "properties": {"id": "cm-osm-way-1029578477", "name": "7-Eleven", "nameTh": null, "nameEn": "7-Eleven", "cat": ["essentials"], "province": "cm"}}, {"type": "Feature", "geometry": {"type": "Point", "coordinates": [99.0885689, 18.7346047]}, "properties": {"id": "cm-osm-way-1035238802", "name": "7-Eleven", "nameTh": null, "nameEn": "7-Eleven", "cat": ["essentials"], "province": "cm"}}, {"type": "Feature", "geometry": {"type": "Point", "coordinates": [99.0132567, 18.7452509]}, "properties": {"id": "cm-osm-way-1042232735", "name": "7-Eleven", "nameTh": null, "nameEn": "7-Eleven", "cat": ["essentials"], "province": "cm"}}, {"type": "Feature", "geometry": {"type": "Point", "coordinates": [99.0243725, 18.7272725]}, "properties": {"id": "cm-osm-way-1046827915", "name": "7-Eleven", "nameTh": null, "nameEn": "7-Eleven", "cat": ["essentials"], "province": "cm"}}, {"type": "Feature", "geometry": {"type": "Point", "coordinates": [98.9817118, 18.6745401]}, "properties": {"id": "cm-osm-way-1046827933", "name": "7-Eleven", "nameTh": null, "nameEn": "7-Eleven", "cat": ["essentials"], "province": "cm"}}, {"type": "Feature", "geometry": {"type": "Point", "coordinates": [99.052328, 18.7468658]}, "properties": {"id": "cm-osm-way-1103149956", "name": "7-Eleven", "nameTh": null, "nameEn": "7-Eleven", "cat": ["essentials"], "province": "cm"}}, {"type": "Feature", "geometry": {"type": "Point", "coordinates": [99.0137052, 18.8521373]}, "properties": {"id": "cm-osm-way-1105456570", "name": "7-Eleven", "nameTh": null, "nameEn": "7-Eleven", "cat": ["essentials"], "province": "cm"}}, {"type": "Feature", "geometry": {"type": "Point", "coordinates": [98.9779271, 18.7941268]}, "properties": {"id": "cm-osm-way-1106554072", "name": "7-Eleven", "nameTh": null, "nameEn": "7-Eleven", "cat": ["essentials"], "province": "cm"}}, {"type": "Feature", "geometry": {"type": "Point", "coordinates": [99.0238171, 18.8411161]}, "properties": {"id": "cm-osm-way-1110949519", "name": "7-Eleven", "nameTh": null, "nameEn": "7-Eleven", "cat": ["essentials"], "province": "cm"}}, {"type": "Feature", "geometry": {"type": "Point", "coordinates": [98.9416807, 18.7476476]}, "properties": {"id": "cm-osm-way-1111262309", "name": "7-Eleven", "nameTh": null, "nameEn": "7-Eleven", "cat": ["essentials"], "province": "cm"}}, {"type": "Feature", "geometry": {"type": "Point", "coordinates": [98.9539293, 18.7459194]}, "properties": {"id": "cm-osm-way-1112902284", "name": "7-Eleven", "nameTh": null, "nameEn": "7-Eleven", "cat": ["essentials"], "province": "cm"}}, {"type": "Feature", "geometry": {"type": "Point", "coordinates": [99.0362066, 18.8337601]}, "properties": {"id": "cm-osm-way-1113305915", "name": "7-Eleven", "nameTh": null, "nameEn": "7-Eleven", "cat": ["essentials"], "province": "cm"}}, {"type": "Feature", "geometry": {"type": "Point", "coordinates": [98.9234306, 18.7247546]}, "properties": {"id": "cm-osm-way-1130565272", "name": "7-Eleven", "nameTh": null, "nameEn": "7-Eleven", "cat": ["essentials"], "province": "cm"}}, {"type": "Feature", "geometry": {"type": "Point", "coordinates": [98.9307258, 18.7239078]}, "properties": {"id": "cm-osm-way-1130565274", "name": "7-Eleven", "nameTh": null, "nameEn": "7-Eleven", "cat": ["essentials"], "province": "cm"}}, {"type": "Feature", "geometry": {"type": "Point", "coordinates": [98.8506456, 18.6470199]}, "properties": {"id": "cm-osm-way-1158419063", "name": "7-Eleven", "nameTh": null, "nameEn": "7-Eleven", "cat": ["essentials"], "province": "cm"}}, {"type": "Feature", "geometry": {"type": "Point", "coordinates": [98.9378642, 18.7414761]}, "properties": {"id": "cm-osm-way-1160860839", "name": "7-Eleven", "nameTh": null, "nameEn": "7-Eleven", "cat": ["essentials"], "province": "cm"}}, {"type": "Feature", "geometry": {"type": "Point", "coordinates": [98.9867363, 18.800338]}, "properties": {"id": "cm-osm-way-1215513811", "name": "7-Eleven", "nameTh": null, "nameEn": "7-Eleven", "cat": ["essentials"], "province": "cm"}}, {"type": "Feature", "geometry": {"type": "Point", "coordinates": [99.0116861, 18.7518107]}, "properties": {"id": "cm-osm-way-1219765834", "name": "7-Eleven", "nameTh": null, "nameEn": "7-Eleven", "cat": ["essentials"], "province": "cm"}}, {"type": "Feature", "geometry": {"type": "Point", "coordinates": [98.9855843, 18.8650722]}, "properties": {"id": "cm-osm-way-1231350830", "name": "7-Eleven", "nameTh": null, "nameEn": "7-Eleven", "cat": ["essentials"], "province": "cm"}}, {"type": "Feature", "geometry": {"type": "Point", "coordinates": [98.9404009, 18.9331401]}, "properties": {"id": "cm-osm-way-1236268025", "name": "7-Eleven", "nameTh": null, "nameEn": "7-Eleven", "cat": ["essentials"], "province": "cm"}}, {"type": "Feature", "geometry": {"type": "Point", "coordinates": [99.1236842, 18.6504263]}, "properties": {"id": "cm-osm-way-1245755316", "name": "7-Eleven", "nameTh": null, "nameEn": "7-Eleven", "cat": ["essentials"], "province": "cm"}}, {"type": "Feature", "geometry": {"type": "Point", "coordinates": [98.9902302, 18.7742111]}, "properties": {"id": "cm-osm-way-1253163166", "name": "7-Eleven", "nameTh": null, "nameEn": "7-Eleven", "cat": ["essentials"], "province": "cm"}}, {"type": "Feature", "geometry": {"type": "Point", "coordinates": [98.9972552, 18.6870616]}, "properties": {"id": "cm-osm-way-1263467854", "name": "7-Eleven", "nameTh": null, "nameEn": "7-Eleven", "cat": ["essentials"], "province": "cm"}}, {"type": "Feature", "geometry": {"type": "Point", "coordinates": [98.9678297, 18.8715305]}, "properties": {"id": "cm-osm-way-1320710083", "name": "7-Eleven", "nameTh": null, "nameEn": "7-Eleven", "cat": ["essentials"], "province": "cm"}}, {"type": "Feature", "geometry": {"type": "Point", "coordinates": [98.9502756, 18.6166526]}, "properties": {"id": "cm-osm-way-1341573374", "name": "7-Eleven", "nameTh": null, "nameEn": "7-Eleven", "cat": ["essentials"], "province": "cm"}}, {"type": "Feature", "geometry": {"type": "Point", "coordinates": [99.0266697, 18.7445233]}, "properties": {"id": "cm-osm-way-1347043769", "name": "7-Eleven", "nameTh": null, "nameEn": "7-Eleven", "cat": ["essentials"], "province": "cm"}}, {"type": "Feature", "geometry": {"type": "Point", "coordinates": [98.9381067, 18.6230295]}, "properties": {"id": "cm-osm-way-1347997787", "name": "7-Eleven", "nameTh": null, "nameEn": "7-Eleven", "cat": ["essentials"], "province": "cm"}}, {"type": "Feature", "geometry": {"type": "Point", "coordinates": [99.0422735, 18.8375754]}, "properties": {"id": "cm-osm-way-1348153356", "name": "7-Eleven", "nameTh": null, "nameEn": "7-Eleven", "cat": ["essentials"], "province": "cm"}}, {"type": "Feature", "geometry": {"type": "Point", "coordinates": [99.0362267, 18.8173859]}, "properties": {"id": "cm-osm-way-1348863966", "name": "7-Eleven", "nameTh": null, "nameEn": "7-Eleven", "cat": ["essentials"], "province": "cm"}}, {"type": "Feature", "geometry": {"type": "Point", "coordinates": [98.8464713, 18.642132]}, "properties": {"id": "cm-osm-way-1351978238", "name": "7-Eleven", "nameTh": null, "nameEn": "7-Eleven", "cat": ["essentials"], "province": "cm"}}, {"type": "Feature", "geometry": {"type": "Point", "coordinates": [99.0812438, 18.8410123]}, "properties": {"id": "cm-osm-way-1357701253", "name": "7-Eleven", "nameTh": null, "nameEn": "7-Eleven", "cat": ["essentials"], "province": "cm"}}, {"type": "Feature", "geometry": {"type": "Point", "coordinates": [98.978247, 18.7512699]}, "properties": {"id": "cm-osm-way-1359725232", "name": "7-Eleven", "nameTh": null, "nameEn": "7-Eleven", "cat": ["essentials"], "province": "cm"}}, {"type": "Feature", "geometry": {"type": "Point", "coordinates": [99.0442242, 18.6435912]}, "properties": {"id": "cm-osm-way-1360315542", "name": "7-Eleven", "nameTh": null, "nameEn": "7-Eleven", "cat": ["essentials"], "province": "cm"}}, {"type": "Feature", "geometry": {"type": "Point", "coordinates": [98.9878858, 18.7173881]}, "properties": {"id": "cm-osm-way-1420369784", "name": "7-Eleven", "nameTh": null, "nameEn": "7-Eleven", "cat": ["essentials"], "province": "cm"}}, {"type": "Feature", "geometry": {"type": "Point", "coordinates": [98.9818717, 18.9761378]}, "properties": {"id": "cm-osm-way-1459501777", "name": "7-Eleven", "nameTh": null, "nameEn": "7-Eleven", "cat": ["essentials"], "province": "cm"}}, {"type": "Feature", "geometry": {"type": "Point", "coordinates": [98.9543472, 18.8907813]}, "properties": {"id": "cm-osm-way-1461423984", "name": "7-Eleven", "nameTh": null, "nameEn": "7-Eleven", "cat": ["essentials"], "province": "cm"}}, {"type": "Feature", "geometry": {"type": "Point", "coordinates": [98.8286471, 18.602601]}, "properties": {"id": "cm-osm-way-1461676076", "name": "7-Eleven", "nameTh": null, "nameEn": "7-Eleven", "cat": ["essentials"], "province": "cm"}}, {"type": "Feature", "geometry": {"type": "Point", "coordinates": [99.11764, 18.8640323]}, "properties": {"id": "cm-osm-way-1465028841", "name": "7-Eleven", "nameTh": null, "nameEn": "7-Eleven", "cat": ["essentials"], "province": "cm"}}, {"type": "Feature", "geometry": {"type": "Point", "coordinates": [99.0630608, 18.836587]}, "properties": {"id": "cm-osm-way-1468154737", "name": "7-Eleven", "nameTh": null, "nameEn": "7-Eleven", "cat": ["essentials"], "province": "cm"}}, {"type": "Feature", "geometry": {"type": "Point", "coordinates": [98.9078985, 18.7064502]}, "properties": {"id": "cm-osm-way-1482523090", "name": "7-Eleven", "nameTh": null, "nameEn": "7-Eleven", "cat": ["essentials"], "province": "cm"}}, {"type": "Feature", "geometry": {"type": "Point", "coordinates": [98.9177007, 18.6777833]}, "properties": {"id": "cm-osm-way-1482535779", "name": "7-Eleven", "nameTh": null, "nameEn": "7-Eleven", "cat": ["essentials"], "province": "cm"}}, {"type": "Feature", "geometry": {"type": "Point", "coordinates": [98.9929699, 18.7872965]}, "properties": {"id": "cm-osm-way-238151855", "name": "7-Eleven", "nameTh": null, "nameEn": "7-Eleven", "cat": ["essentials"], "province": "cm"}}, {"type": "Feature", "geometry": {"type": "Point", "coordinates": [99.0146194, 18.738717]}, "properties": {"id": "cm-osm-way-241743665", "name": "7-Eleven", "nameTh": null, "nameEn": "7-Eleven", "cat": ["essentials"], "province": "cm"}}, {"type": "Feature", "geometry": {"type": "Point", "coordinates": [98.833764, 18.8920727]}, "properties": {"id": "cm-osm-way-272514190", "name": "7-Eleven", "nameTh": null, "nameEn": "7-Eleven", "cat": ["essentials"], "province": "cm"}}, {"type": "Feature", "geometry": {"type": "Point", "coordinates": [99.0520019, 18.6692404]}, "properties": {"id": "cm-osm-way-282467209", "name": "7-Eleven", "nameTh": null, "nameEn": "7-Eleven", "cat": ["essentials"], "province": "cm"}}, {"type": "Feature", "geometry": {"type": "Point", "coordinates": [98.9626558, 18.8099305]}, "properties": {"id": "cm-osm-way-314669226", "name": "7-Eleven", "nameTh": null, "nameEn": "7-Eleven", "cat": ["essentials"], "province": "cm"}}, {"type": "Feature", "geometry": {"type": "Point", "coordinates": [98.958319, 18.8107276]}, "properties": {"id": "cm-osm-way-314669227", "name": "7-Eleven", "nameTh": null, "nameEn": "7-Eleven", "cat": ["essentials"], "province": "cm"}}, {"type": "Feature", "geometry": {"type": "Point", "coordinates": [98.9639447, 18.808091]}, "properties": {"id": "cm-osm-way-314669370", "name": "7-Eleven", "nameTh": null, "nameEn": "7-Eleven", "cat": ["essentials"], "province": "cm"}}, {"type": "Feature", "geometry": {"type": "Point", "coordinates": [98.9677321, 18.8072142]}, "properties": {"id": "cm-osm-way-314669430", "name": "7-Eleven", "nameTh": null, "nameEn": "7-Eleven", "cat": ["essentials"], "province": "cm"}}, {"type": "Feature", "geometry": {"type": "Point", "coordinates": [98.9648646, 18.8027272]}, "properties": {"id": "cm-osm-way-314670472", "name": "7-Eleven", "nameTh": null, "nameEn": "7-Eleven", "cat": ["essentials"], "province": "cm"}}, {"type": "Feature", "geometry": {"type": "Point", "coordinates": [98.9170963, 18.9197555]}, "properties": {"id": "cm-osm-way-317471533", "name": "7-Eleven", "nameTh": null, "nameEn": "7-Eleven", "cat": ["essentials"], "province": "cm"}}, {"type": "Feature", "geometry": {"type": "Point", "coordinates": [98.9987066, 18.8409927]}, "properties": {"id": "cm-osm-way-317522726", "name": "7-Eleven", "nameTh": null, "nameEn": "7-Eleven", "cat": ["essentials"], "province": "cm"}}, {"type": "Feature", "geometry": {"type": "Point", "coordinates": [99.0244195, 18.784227]}, "properties": {"id": "cm-osm-way-331484639", "name": "7-Eleven", "nameTh": null, "nameEn": "7-Eleven", "cat": ["essentials"], "province": "cm"}}, {"type": "Feature", "geometry": {"type": "Point", "coordinates": [98.9731407, 18.8193084]}, "properties": {"id": "cm-osm-way-331504418", "name": "7-Eleven", "nameTh": null, "nameEn": "7-Eleven", "cat": ["essentials"], "province": "cm"}}, {"type": "Feature", "geometry": {"type": "Point", "coordinates": [98.9588972, 18.7846201]}, "properties": {"id": "cm-osm-way-342887914", "name": "7-Eleven", "nameTh": null, "nameEn": "7-Eleven", "cat": ["essentials"], "province": "cm"}}, {"type": "Feature", "geometry": {"type": "Point", "coordinates": [99.0499939, 18.6791017]}, "properties": {"id": "cm-osm-way-367603296", "name": "7-Eleven", "nameTh": null, "nameEn": "7-Eleven", "cat": ["essentials"], "province": "cm"}}, {"type": "Feature", "geometry": {"type": "Point", "coordinates": [99.0619019, 18.8038861]}, "properties": {"id": "cm-osm-way-383966888", "name": "7-Eleven", "nameTh": null, "nameEn": "7-Eleven", "cat": ["essentials"], "province": "cm"}}, {"type": "Feature", "geometry": {"type": "Point", "coordinates": [98.9414857, 18.9142239]}, "properties": {"id": "cm-osm-way-387748587", "name": "7-Eleven", "nameTh": null, "nameEn": "7-Eleven", "cat": ["essentials"], "province": "cm"}}, {"type": "Feature", "geometry": {"type": "Point", "coordinates": [98.9410619, 18.746713]}, "properties": {"id": "cm-osm-way-406380653", "name": "7-Eleven", "nameTh": null, "nameEn": "7-Eleven", "cat": ["essentials"], "province": "cm"}}, {"type": "Feature", "geometry": {"type": "Point", "coordinates": [99.0153462, 18.8922124]}, "properties": {"id": "cm-osm-way-424983079", "name": "7-Eleven", "nameTh": null, "nameEn": "7-Eleven", "cat": ["essentials"], "province": "cm"}}, {"type": "Feature", "geometry": {"type": "Point", "coordinates": [98.9733753, 18.8143227]}, "properties": {"id": "cm-osm-way-438485245", "name": "7-Eleven", "nameTh": null, "nameEn": "7-Eleven", "cat": ["essentials"], "province": "cm"}}, {"type": "Feature", "geometry": {"type": "Point", "coordinates": [98.963461, 18.8111774]}, "properties": {"id": "cm-osm-way-440798681", "name": "7-Eleven", "nameTh": null, "nameEn": "7-Eleven", "cat": ["essentials"], "province": "cm"}}, {"type": "Feature", "geometry": {"type": "Point", "coordinates": [98.9915908, 18.7903336]}, "properties": {"id": "cm-osm-way-481723943", "name": "7-Eleven", "nameTh": null, "nameEn": "7-Eleven", "cat": ["essentials"], "province": "cm"}}, {"type": "Feature", "geometry": {"type": "Point", "coordinates": [98.9949911, 18.7878837]}, "properties": {"id": "cm-osm-way-482773625", "name": "7-Eleven", "nameTh": null, "nameEn": "7-Eleven", "cat": ["essentials"], "province": "cm"}}, {"type": "Feature", "geometry": {"type": "Point", "coordinates": [98.9901388, 18.8123615]}, "properties": {"id": "cm-osm-way-529099390", "name": "7-Eleven", "nameTh": null, "nameEn": "7-Eleven", "cat": ["essentials"], "province": "cm"}}, {"type": "Feature", "geometry": {"type": "Point", "coordinates": [98.9576678, 18.8128518]}, "properties": {"id": "cm-osm-way-529106180", "name": "7-Eleven", "nameTh": null, "nameEn": "7-Eleven", "cat": ["essentials"], "province": "cm"}}, {"type": "Feature", "geometry": {"type": "Point", "coordinates": [99.0120205, 18.7591944]}, "properties": {"id": "cm-osm-way-544114219", "name": "7-Eleven", "nameTh": null, "nameEn": "7-Eleven", "cat": ["essentials"], "province": "cm"}}, {"type": "Feature", "geometry": {"type": "Point", "coordinates": [99.0345083, 18.7475269]}, "properties": {"id": "cm-osm-way-544243055", "name": "7-Eleven", "nameTh": null, "nameEn": "7-Eleven", "cat": ["essentials"], "province": "cm"}}, {"type": "Feature", "geometry": {"type": "Point", "coordinates": [98.9852482, 18.714706]}, "properties": {"id": "cm-osm-way-544559166", "name": "7-Eleven", "nameTh": null, "nameEn": "7-Eleven", "cat": ["essentials"], "province": "cm"}}, {"type": "Feature", "geometry": {"type": "Point", "coordinates": [99.0790552, 18.846312]}, "properties": {"id": "cm-osm-way-552940658", "name": "7-Eleven", "nameTh": null, "nameEn": "7/11", "cat": ["essentials"], "province": "cm"}}, {"type": "Feature", "geometry": {"type": "Point", "coordinates": [99.0293446, 18.7693565]}, "properties": {"id": "cm-osm-way-560600829", "name": "7-Eleven", "nameTh": null, "nameEn": "7-Eleven", "cat": ["essentials"], "province": "cm"}}, {"type": "Feature", "geometry": {"type": "Point", "coordinates": [98.9544728, 18.7878964]}, "properties": {"id": "cm-osm-way-575410489", "name": "7-Eleven", "nameTh": null, "nameEn": "7-Eleven", "cat": ["essentials"], "province": "cm"}}, {"type": "Feature", "geometry": {"type": "Point", "coordinates": [99.0059381, 18.8281869]}, "properties": {"id": "cm-osm-way-650462849", "name": "7-Eleven", "nameTh": null, "nameEn": "7-Eleven", "cat": ["essentials"], "province": "cm"}}, {"type": "Feature", "geometry": {"type": "Point", "coordinates": [98.9432733, 18.9188369]}, "properties": {"id": "cm-osm-way-657097388", "name": "7-Eleven", "nameTh": null, "nameEn": "7-Eleven", "cat": ["essentials"], "province": "cm"}}, {"type": "Feature", "geometry": {"type": "Point", "coordinates": [98.9925701, 18.7637614]}, "properties": {"id": "cm-osm-way-668009032", "name": "7-Eleven", "nameTh": null, "nameEn": "7-Eleven", "cat": ["essentials"], "province": "cm"}}, {"type": "Feature", "geometry": {"type": "Point", "coordinates": [98.9878696, 18.8054187]}, "properties": {"id": "cm-osm-way-668372095", "name": "7-Eleven", "nameTh": null, "nameEn": "7-Eleven", "cat": ["essentials"], "province": "cm"}}, {"type": "Feature", "geometry": {"type": "Point", "coordinates": [98.8873803, 18.6717678]}, "properties": {"id": "cm-osm-way-675330119", "name": "7-Eleven", "nameTh": null, "nameEn": "7-Eleven", "cat": ["essentials"], "province": "cm"}}, {"type": "Feature", "geometry": {"type": "Point", "coordinates": [98.9726323, 18.7718503]}, "properties": {"id": "cm-osm-way-676260810", "name": "7-Eleven", "nameTh": null, "nameEn": "7-Eleven", "cat": ["essentials"], "province": "cm"}}, {"type": "Feature", "geometry": {"type": "Point", "coordinates": [98.9702102, 18.7873293]}, "properties": {"id": "cm-osm-way-688966852", "name": "7-Eleven", "nameTh": null, "nameEn": "7-Eleven", "cat": ["essentials"], "province": "cm"}}, {"type": "Feature", "geometry": {"type": "Point", "coordinates": [98.9525024, 18.7470295]}, "properties": {"id": "cm-osm-way-690821542", "name": "7-Eleven", "nameTh": null, "nameEn": "7-Eleven", "cat": ["essentials"], "province": "cm"}}, {"type": "Feature", "geometry": {"type": "Point", "coordinates": [99.0150845, 18.8756094]}, "properties": {"id": "cm-osm-way-739556148", "name": "7-Eleven", "nameTh": null, "nameEn": "7-Eleven", "cat": ["essentials"], "province": "cm"}}, {"type": "Feature", "geometry": {"type": "Point", "coordinates": [98.9402587, 18.922492]}, "properties": {"id": "cm-osm-way-741830437", "name": "7-Eleven", "nameTh": null, "nameEn": "7-Eleven", "cat": ["essentials"], "province": "cm"}}, {"type": "Feature", "geometry": {"type": "Point", "coordinates": [99.0573022, 18.833821]}, "properties": {"id": "cm-osm-way-746278574", "name": "7-Eleven", "nameTh": null, "nameEn": "7-Eleven", "cat": ["essentials"], "province": "cm"}}, {"type": "Feature", "geometry": {"type": "Point", "coordinates": [98.9699287, 18.8121636]}, "properties": {"id": "cm-osm-way-747784895", "name": "7-Eleven", "nameTh": "7-Eleven", "nameEn": null, "cat": ["essentials"], "province": "cm"}}, {"type": "Feature", "geometry": {"type": "Point", "coordinates": [98.9940087, 18.6850664]}, "properties": {"id": "cm-osm-way-748925661", "name": "7-Eleven", "nameTh": null, "nameEn": "7-Eleven", "cat": ["essentials"], "province": "cm"}}, {"type": "Feature", "geometry": {"type": "Point", "coordinates": [98.9956757, 18.8319671]}, "properties": {"id": "cm-osm-way-750968453", "name": "7-Eleven", "nameTh": null, "nameEn": "7-Eleven", "cat": ["essentials"], "province": "cm"}}, {"type": "Feature", "geometry": {"type": "Point", "coordinates": [98.9428878, 18.9428548]}, "properties": {"id": "cm-osm-way-758740272", "name": "7-Eleven", "nameTh": null, "nameEn": "7-Eleven", "cat": ["essentials"], "province": "cm"}}, {"type": "Feature", "geometry": {"type": "Point", "coordinates": [98.961079, 18.7969117]}, "properties": {"id": "cm-osm-way-776107614", "name": "7-Eleven", "nameTh": null, "nameEn": "7-Eleven", "cat": ["essentials"], "province": "cm"}}, {"type": "Feature", "geometry": {"type": "Point", "coordinates": [99.1030928, 18.7535686]}, "properties": {"id": "cm-osm-way-777288653", "name": "7-Eleven", "nameTh": null, "nameEn": "7-Eleven", "cat": ["essentials"], "province": "cm"}}, {"type": "Feature", "geometry": {"type": "Point", "coordinates": [98.9396375, 18.7332373]}, "properties": {"id": "cm-osm-way-956444482", "name": "7-Eleven", "nameTh": null, "nameEn": "7-Eleven", "cat": ["essentials"], "province": "cm"}}, {"type": "Feature", "geometry": {"type": "Point", "coordinates": [99.0371168, 18.7559443]}, "properties": {"id": "cm-osm-node-3150609110", "name": "7-Eleven (เชียงขาง)", "nameTh": "7-11 เชียงขาง", "nameEn": "7-Eleven", "cat": ["essentials"], "province": "cm"}}, {"type": "Feature", "geometry": {"type": "Point", "coordinates": [98.988219, 18.7869056]}, "properties": {"id": "cm-osm-node-12498251801", "name": "7-eleven", "nameTh": null, "nameEn": "7-eleven", "cat": ["essentials"], "province": "cm"}}, {"type": "Feature", "geometry": {"type": "Point", "coordinates": [98.9876986, 18.8163441]}, "properties": {"id": "cm-osm-node-11164939505", "name": "7/11", "nameTh": null, "nameEn": "7/11", "cat": ["essentials"], "province": "cm"}}, {"type": "Feature", "geometry": {"type": "Point", "coordinates": [98.9919238, 18.8171007]}, "properties": {"id": "cm-osm-node-11164940005", "name": "7/11", "nameTh": null, "nameEn": "7/11", "cat": ["essentials"], "province": "cm"}}, {"type": "Feature", "geometry": {"type": "Point", "coordinates": [98.9530624, 18.7973579]}, "properties": {"id": "cm-osm-node-1923370067", "name": "7/11", "nameTh": null, "nameEn": "7/11", "cat": ["essentials"], "province": "cm"}}, {"type": "Feature", "geometry": {"type": "Point", "coordinates": [99.0090231, 18.7520427]}, "properties": {"id": "cm-osm-node-9252808361", "name": "89 Pharmacy", "nameTh": null, "nameEn": "89 Pharmacy", "cat": ["essentials"], "province": "cm"}}, {"type": "Feature", "geometry": {"type": "Point", "coordinates": [99.0078831, 18.7518534]}, "properties": {"id": "cm-osm-node-7345993069", "name": "89 Plaza Post Office", "nameTh": null, "nameEn": "89 Plaza Post Office", "cat": ["essentials"], "province": "cm"}}, {"type": "Feature", "geometry": {"type": "Point", "coordinates": [98.9660426, 18.7961758]}, "properties": {"id": "cm-osm-node-2685045433", "name": "99 Pharmacy", "nameTh": null, "nameEn": "99 Pharmacy", "cat": ["essentials"], "province": "cm"}}, {"type": "Feature", "geometry": {"type": "Point", "coordinates": [98.9836329, 18.7809814]}, "properties": {"id": "cm-osm-node-2607637705", "name": "AEON", "nameTh": null, "nameEn": "Aeon", "cat": ["essentials"], "province": "cm"}}, {"type": "Feature", "geometry": {"type": "Point", "coordinates": [98.9741231, 18.7689028]}, "properties": {"id": "cm-osm-node-3347631778", "name": "AEON", "nameTh": null, "nameEn": "AEON", "cat": ["essentials"], "province": "cm"}}, {"type": "Feature", "geometry": {"type": "Point", "coordinates": [99.0180693, 18.8062031]}, "properties": {"id": "cm-osm-node-3249111053", "name": "AEON Thana Sinsap", "nameTh": null, "nameEn": "AEON Thana Sinsap", "cat": ["essentials"], "province": "cm"}}, {"type": "Feature", "geometry": {"type": "Point", "coordinates": [98.9968402, 18.8088322]}, "properties": {"id": "cm-osm-node-2607655450", "name": "Aeon", "nameTh": null, "nameEn": "Aeon", "cat": ["essentials"], "province": "cm"}}, {"type": "Feature", "geometry": {"type": "Point", "coordinates": [99.022285, 18.7990933]}, "properties": {"id": "cm-osm-node-2607657480", "name": "Aeon", "nameTh": null, "nameEn": "Aeon", "cat": ["essentials"], "province": "cm"}}, {"type": "Feature", "geometry": {"type": "Point", "coordinates": [98.9991221, 18.776301]}, "properties": {"id": "cm-osm-node-8459772517", "name": "All Inter Express TNT, DHL, FedEx", "nameTh": null, "nameEn": "All Inter Express TNT, DHL, FedEx", "cat": ["essentials"], "province": "cm"}}, {"type": "Feature", "geometry": {"type": "Point", "coordinates": [98.9598283, 18.8092391]}, "properties": {"id": "cm-osm-node-3318037427", "name": "Art", "nameTh": null, "nameEn": "Art", "cat": ["essentials"], "province": "cm"}}, {"type": "Feature", "geometry": {"type": "Point", "coordinates": [98.9977687, 18.7767958]}, "properties": {"id": "cm-osm-node-4273017089", "name": "BB Massage and Laundry", "nameTh": null, "nameEn": "BB Massage and Laundry", "cat": ["essentials", "massage"], "province": "cm"}}, {"type": "Feature", "geometry": {"type": "Point", "coordinates": [98.976793, 18.7041572]}, "properties": {"id": "cm-osm-way-1341740287", "name": "Bab Suan Mang", "nameTh": null, "nameEn": "Bab Suan Mang", "cat": ["essentials"], "province": "cm"}}, {"type": "Feature", "geometry": {"type": "Point", "coordinates": [99.1152297, 18.7979661]}, "properties": {"id": "cm-osm-node-1429723518", "name": "Ban San Faan", "nameTh": null, "nameEn": "Ban San Faan", "cat": ["essentials"], "province": "cm"}}, {"type": "Feature", "geometry": {"type": "Point", "coordinates": [98.9132795, 18.667528]}, "properties": {"id": "cm-osm-node-1058635989", "name": "Bangkok Bank", "nameTh": null, "nameEn": "Bangkok Bank", "cat": ["essentials"], "province": "cm"}}, {"type": "Feature", "geometry": {"type": "Point", "coordinates": [98.9759934, 18.7897314]}, "properties": {"id": "cm-osm-node-2337768915", "name": "Bangkok Bank", "nameTh": null, "nameEn": "Bangkok Bank", "cat": ["essentials"], "province": "cm"}}, {"type": "Feature", "geometry": {"type": "Point", "coordinates": [98.9467453, 18.6887473]}, "properties": {"id": "cm-osm-node-3174284861", "name": "Bangkok Bank", "nameTh": null, "nameEn": "Bangkok Bank", "cat": ["essentials"], "province": "cm"}}, {"type": "Feature", "geometry": {"type": "Point", "coordinates": [99.0106987, 18.8235409]}, "properties": {"id": "cm-osm-node-4213662159", "name": "Bangkok Bank", "nameTh": null, "nameEn": "Bangkok Bank", "cat": ["essentials"], "province": "cm"}}, {"type": "Feature", "geometry": {"type": "Point", "coordinates": [98.9973092, 18.7767673]}, "properties": {"id": "cm-osm-node-4423570364", "name": "Benz Minimarket", "nameTh": null, "nameEn": "Benz Minimarket", "cat": ["essentials"], "province": "cm"}}, {"type": "Feature", "geometry": {"type": "Point", "coordinates": [98.9856728, 18.7797066]}, "properties": {"id": "cm-osm-node-6352068895", "name": "Best wash (self service laundry)", "nameTh": null, "nameEn": "Best wash (self service laundry)", "cat": ["essentials"], "province": "cm"}}, {"type": "Feature", "geometry": {"type": "Point", "coordinates": [98.9919688, 18.8178135]}, "properties": {"id": "cm-osm-node-11077841307", "name": "Bid C Mini", "nameTh": null, "nameEn": "Bid C Mini", "cat": ["essentials"], "province": "cm"}}, {"type": "Feature", "geometry": {"type": "Point", "coordinates": [98.9822917, 18.9771082]}, "properties": {"id": "cm-osm-node-13385837099", "name": "Big C Mini", "nameTh": "มินิบิ๊กซี", "nameEn": "Big C Mini", "cat": ["essentials"], "province": "cm"}}, {"type": "Feature", "geometry": {"type": "Point", "coordinates": [98.9977974, 18.7810532]}, "properties": {"id": "cm-osm-node-4867347423", "name": "Big C Mini", "nameTh": null, "nameEn": "Big C Mini", "cat": ["essentials"], "province": "cm"}}, {"type": "Feature", "geometry": {"type": "Point", "coordinates": [98.9472134, 18.9088993]}, "properties": {"id": "cm-osm-way-1128461395", "name": "Big C Mini", "nameTh": "มินิบิ๊กซี", "nameEn": "Big C Mini", "cat": ["essentials"], "province": "cm"}}, {"type": "Feature", "geometry": {"type": "Point", "coordinates": [98.9755405, 18.8009895]}, "properties": {"id": "cm-osm-way-1465099441", "name": "Big C Mini", "nameTh": "มินิบิ๊กซี", "nameEn": "Big C Mini", "cat": ["essentials"], "province": "cm"}}, {"type": "Feature", "geometry": {"type": "Point", "coordinates": [98.9764873, 18.7771768]}, "properties": {"id": "cm-osm-way-384456229", "name": "Big C Mini", "nameTh": null, "nameEn": "Big C Mini", "cat": ["essentials"], "province": "cm"}}, {"type": "Feature", "geometry": {"type": "Point", "coordinates": [98.9784867, 18.8115423]}, "properties": {"id": "cm-osm-way-525727349", "name": "Big C Mini", "nameTh": "มินิบิ๊กซี", "nameEn": "Big C Mini", "cat": ["essentials"], "province": "cm"}}, {"type": "Feature", "geometry": {"type": "Point", "coordinates": [99.0355709, 18.7645985]}, "properties": {"id": "cm-osm-way-551839378", "name": "Big C Mini", "nameTh": null, "nameEn": "Big C Mini", "cat": ["essentials"], "province": "cm"}}, {"type": "Feature", "geometry": {"type": "Point", "coordinates": [98.9930289, 18.7724645]}, "properties": {"id": "cm-osm-way-653545572", "name": "Big C Mini", "nameTh": null, "nameEn": "Big C Mini", "cat": ["essentials"], "province": "cm"}}, {"type": "Feature", "geometry": {"type": "Point", "coordinates": [98.9444089, 18.9528825]}, "properties": {"id": "cm-osm-way-674030361", "name": "Big C Mini", "nameTh": null, "nameEn": "Big C Mini", "cat": ["essentials"], "province": "cm"}}, {"type": "Feature", "geometry": {"type": "Point", "coordinates": [98.9881453, 18.8033288]}, "properties": {"id": "cm-osm-node-12543092101", "name": "Big C mini", "nameTh": null, "nameEn": "Big C mini", "cat": ["essentials"], "province": "cm"}}, {"type": "Feature", "geometry": {"type": "Point", "coordinates": [99.0207089, 18.8476188]}, "properties": {"id": "cm-osm-node-8420780818", "name": "Big C mini", "nameTh": null, "nameEn": "Big C mini", "cat": ["essentials"], "province": "cm"}}, {"type": "Feature", "geometry": {"type": "Point", "coordinates": [99.0146819, 18.7397653]}, "properties": {"id": "cm-osm-node-5151284143", "name": "Big Pro", "nameTh": null, "nameEn": "Big Pro", "cat": ["essentials"], "province": "cm"}}, {"type": "Feature", "geometry": {"type": "Point", "coordinates": [99.0814219, 18.7653721]}, "properties": {"id": "cm-osm-node-880589714", "name": "Bo Sang Post Office", "nameTh": null, "nameEn": "Bo Sang Post Office", "cat": ["essentials"], "province": "cm"}}, {"type": "Feature", "geometry": {"type": "Point", "coordinates": [98.9670433, 18.802223]}, "properties": {"id": "cm-osm-node-13533539045", "name": "Boots", "nameTh": null, "nameEn": "Boots", "cat": ["essentials"], "province": "cm"}}, {"type": "Feature", "geometry": {"type": "Point", "coordinates": [98.9894318, 18.7906688]}, "properties": {"id": "cm-osm-node-1619218793", "name": "CP Fresh Mart", "nameTh": null, "nameEn": "CP Fresh Mart", "cat": ["essentials"], "province": "cm"}}, {"type": "Feature", "geometry": {"type": "Point", "coordinates": [99.0290807, 18.8159781]}, "properties": {"id": "cm-osm-node-2637894792", "name": "CP Fresh Mart", "nameTh": null, "nameEn": "CP Fresh Mart", "cat": ["essentials"], "province": "cm"}}, {"type": "Feature", "geometry": {"type": "Point", "coordinates": [98.9894142, 18.7749079]}, "properties": {"id": "cm-osm-node-2656881137", "name": "CP Fresh Mart", "nameTh": null, "nameEn": "CP Fresh Mart", "cat": ["essentials"], "province": "cm"}}, {"type": "Feature", "geometry": {"type": "Point", "coordinates": [99.0119476, 18.8268]}, "properties": {"id": "cm-osm-node-2682577299", "name": "CP Fresh Mart", "nameTh": null, "nameEn": "CP Fresh Mart", "cat": ["essentials"], "province": "cm"}}, {"type": "Feature", "geometry": {"type": "Point", "coordinates": [98.8962747, 18.6197358]}, "properties": {"id": "cm-osm-node-2684219742", "name": "CP Fresh Mart", "nameTh": null, "nameEn": "CP Fresh Mart", "cat": ["essentials"], "province": "cm"}}, {"type": "Feature", "geometry": {"type": "Point", "coordinates": [98.9896682, 18.8361505]}, "properties": {"id": "cm-osm-node-3184683024", "name": "CP Fresh Mart", "nameTh": null, "nameEn": "CP Fresh Mart", "cat": ["essentials"], "province": "cm"}}, {"type": "Feature", "geometry": {"type": "Point", "coordinates": [98.9459135, 18.9131763]}, "properties": {"id": "cm-osm-node-3341015117", "name": "CP Fresh Mart", "nameTh": null, "nameEn": "CP Fresh Mart", "cat": ["essentials"], "province": "cm"}}, {"type": "Feature", "geometry": {"type": "Point", "coordinates": [99.0368699, 18.7123263]}, "properties": {"id": "cm-osm-node-4509361878", "name": "CP Fresh Mart", "nameTh": null, "nameEn": "CP Fresh Mart", "cat": ["essentials"], "province": "cm"}}, {"type": "Feature", "geometry": {"type": "Point", "coordinates": [98.9653593, 18.789489]}, "properties": {"id": "cm-osm-node-4559279125", "name": "CP Fresh Mart", "nameTh": null, "nameEn": "CP Fresh Mart", "cat": ["essentials"], "province": "cm"}}, {"type": "Feature", "geometry": {"type": "Point", "coordinates": [99.0430757, 18.7610556]}, "properties": {"id": "cm-osm-node-8690756836", "name": "CP Fresh Mart", "nameTh": null, "nameEn": "CP Fresh Mart", "cat": ["essentials"], "province": "cm"}}, {"type": "Feature", "geometry": {"type": "Point", "coordinates": [98.9209043, 18.6891234]}, "properties": {"id": "cm-osm-node-2685576111", "name": "CP Freshmart", "nameTh": "ซีพี เฟรชมาร์ท", "nameEn": "CP Freshmart", "cat": ["essentials"], "province": "cm"}}, {"type": "Feature", "geometry": {"type": "Point", "coordinates": [98.9863902, 18.7980055]}, "properties": {"id": "cm-osm-node-2420202261", "name": "CTK Mart", "nameTh": null, "nameEn": "CTK Mart", "cat": ["essentials"], "province": "cm"}}, {"type": "Feature", "geometry": {"type": "Point", "coordinates": [98.9879853, 18.7807651]}, "properties": {"id": "cm-osm-node-9388413417", "name": "Chaipat Plus Premium Pork", "nameTh": null, "nameEn": "Chaipat Plus Premium Pork", "cat": ["essentials"], "province": "cm"}}, {"type": "Feature", "geometry": {"type": "Point", "coordinates": [98.9822967, 18.7828345]}, "properties": {"id": "cm-osm-node-13428050264", "name": "Chanaplace", "nameTh": null, "nameEn": "Chanaplace", "cat": ["essentials"], "province": "cm"}}, {"type": "Feature", "geometry": {"type": "Point", "coordinates": [98.9850788, 18.806277]}, "properties": {"id": "cm-osm-node-1208350048", "name": "Chang Phuak Post Office", "nameTh": null, "nameEn": "Chang Phuak Post Office", "cat": ["essentials"], "province": "cm"}}, {"type": "Feature", "geometry": {"type": "Point", "coordinates": [98.9683195, 18.7684598]}, "properties": {"id": "cm-osm-node-259974994", "name": "Chiang Mai Airport", "nameTh": null, "nameEn": "Chiang Mai Airport", "cat": ["essentials"], "province": "cm"}}, {"type": "Feature", "geometry": {"type": "Point", "coordinates": [99.0112159, 18.8242145]}, "properties": {"id": "cm-osm-node-4213709714", "name": "Cimb Thai", "nameTh": null, "nameEn": "Cimb Thai", "cat": ["essentials"], "province": "cm"}}, {"type": "Feature", "geometry": {"type": "Point", "coordinates": [98.986005, 18.8012682]}, "properties": {"id": "cm-osm-node-6541055593", "name": "Citi Bank", "nameTh": null, "nameEn": "Citi Bank", "cat": ["essentials"], "province": "cm"}}, {"type": "Feature", "geometry": {"type": "Point", "coordinates": [98.9709867, 18.8373691]}, "properties": {"id": "cm-osm-node-3384530382", "name": "City Hall Post Office", "nameTh": null, "nameEn": "City Hall Post Office", "cat": ["essentials"], "province": "cm"}}, {"type": "Feature", "geometry": {"type": "Point", "coordinates": [99.0085034, 18.7575095]}, "properties": {"id": "cm-osm-node-3412153329", "name": "City Mart", "nameTh": null, "nameEn": "City Mart", "cat": ["essentials"], "province": "cm"}}, {"type": "Feature", "geometry": {"type": "Point", "coordinates": [98.998466, 18.7835825]}, "properties": {"id": "cm-osm-node-4176602491", "name": "Clean & Care Laundry", "nameTh": null, "nameEn": "Clean & Care Laundry", "cat": ["essentials"], "province": "cm"}}, {"type": "Feature", "geometry": {"type": "Point", "coordinates": [98.9411049, 18.7464835]}, "properties": {"id": "cm-osm-node-10794696763", "name": "Clean Pro Express", "nameTh": null, "nameEn": "Clean Pro Express", "cat": ["essentials"], "province": "cm"}}, {"type": "Feature", "geometry": {"type": "Point", "coordinates": [98.9826305, 18.7816444]}, "properties": {"id": "cm-osm-node-4886910421", "name": "CleanPro", "nameTh": "CleanPro", "nameEn": "24hr Self Service Laundry", "cat": ["essentials"], "province": "cm"}}, {"type": "Feature", "geometry": {"type": "Point", "coordinates": [99.0012717, 18.8239492]}, "properties": {"id": "cm-osm-node-11228415381", "name": "Co-Op Minimart", "nameTh": null, "nameEn": "Co-Op Minimart", "cat": ["essentials"], "province": "cm"}}, {"type": "Feature", "geometry": {"type": "Point", "coordinates": [99.0012722, 18.823954]}, "properties": {"id": "cm-osm-way-1210724743", "name": "Co-Op Minimart", "nameTh": null, "nameEn": "Co-Op Minimart", "cat": ["essentials"], "province": "cm"}}, {"type": "Feature", "geometry": {"type": "Point", "coordinates": [99.1338886, 18.8734814]}, "properties": {"id": "cm-osm-node-2993394075", "name": "Co-op Coffee Green", "nameTh": null, "nameEn": "Co-op Coffee Green", "cat": ["essentials"], "province": "cm"}}, {"type": "Feature", "geometry": {"type": "Point", "coordinates": [98.9649612, 18.7406606]}, "properties": {"id": "cm-osm-node-10777553750", "name": "Code Clean", "nameTh": null, "nameEn": "Code Clean", "cat": ["essentials"], "province": "cm"}}, {"type": "Feature", "geometry": {"type": "Point", "coordinates": [98.9814845, 18.8044413]}, "properties": {"id": "cm-osm-node-4351257789", "name": "Coin Laundry", "nameTh": null, "nameEn": "Coin Laundry", "cat": ["essentials"], "province": "cm"}}, {"type": "Feature", "geometry": {"type": "Point", "coordinates": [98.9937409, 18.7900477]}, "properties": {"id": "cm-osm-way-650706600", "name": "Coin Laundry", "nameTh": null, "nameEn": "Coin Laundry", "cat": ["essentials"], "province": "cm"}}, {"type": "Feature", "geometry": {"type": "Point", "coordinates": [98.9979503, 18.7772311]}, "properties": {"id": "cm-osm-node-5865421938", "name": "Coin operated laundry", "nameTh": null, "nameEn": "Coin operated laundry", "cat": ["essentials"], "province": "cm"}}, {"type": "Feature", "geometry": {"type": "Point", "coordinates": [99.0073093, 18.8636014]}, "properties": {"id": "cm-osm-way-739554074", "name": "Convenience Store", "nameTh": null, "nameEn": "Convenience Store", "cat": ["essentials"], "province": "cm"}}, {"type": "Feature", "geometry": {"type": "Point", "coordinates": [98.9919548, 18.7864129]}, "properties": {"id": "cm-osm-node-4430081797", "name": "Corner Store", "nameTh": null, "nameEn": "Corner Store", "cat": ["essentials"], "province": "cm"}}, {"type": "Feature", "geometry": {"type": "Point", "coordinates": [98.9996094, 18.785947]}, "properties": {"id": "cm-osm-node-13607389371", "name": "DHL", "nameTh": null, "nameEn": "DHL", "cat": ["essentials"], "province": "cm"}}, {"type": "Feature", "geometry": {"type": "Point", "coordinates": [98.9764534, 18.7709879]}, "properties": {"id": "cm-osm-node-2532301610", "name": "DHL", "nameTh": "DHL", "nameEn": null, "cat": ["essentials"], "province": "cm"}}, {"type": "Feature", "geometry": {"type": "Point", "coordinates": [98.9930765, 18.7883942]}, "properties": {"id": "cm-osm-node-5686754821", "name": "DHL", "nameTh": null, "nameEn": "DHL", "cat": ["essentials"], "province": "cm"}}, {"type": "Feature", "geometry": {"type": "Point", "coordinates": [98.987663, 18.7958447]}, "properties": {"id": "cm-osm-node-6161312685", "name": "DHL", "nameTh": null, "nameEn": "DHL", "cat": ["essentials"], "province": "cm"}}, {"type": "Feature", "geometry": {"type": "Point", "coordinates": [99.0087904, 18.7528795]}, "properties": {"id": "cm-osm-node-9252808367", "name": "Dara Supermarket", "nameTh": null, "nameEn": "Dara Supermarket", "cat": ["essentials"], "province": "cm"}}, {"type": "Feature", "geometry": {"type": "Point", "coordinates": [99.131066, 18.8707546]}, "properties": {"id": "cm-osm-node-6067652488", "name": "Doi Saket Turn Off sign", "nameTh": null, "nameEn": "Doi Saket Turn Off sign", "cat": ["essentials"], "province": "cm"}}, {"type": "Feature", "geometry": {"type": "Point", "coordinates": [98.9787162, 18.8015474]}, "properties": {"id": "cm-osm-node-11936106069", "name": "Dr Tiger Laundry", "nameTh": null, "nameEn": "Dr Tiger Laundry", "cat": ["essentials"], "province": "cm"}}, {"type": "Feature", "geometry": {"type": "Point", "coordinates": [98.9928136, 18.7877019]}, "properties": {"id": "cm-osm-node-208372026", "name": "EMS", "nameTh": null, "nameEn": "EMS Post Office", "cat": ["essentials"], "province": "cm"}}, {"type": "Feature", "geometry": {"type": "Point", "coordinates": [98.9751739, 18.7991023]}, "properties": {"id": "cm-osm-node-13437706098", "name": "Eve Pharmacy", "nameTh": null, "nameEn": "Eve Pharmacy", "cat": ["essentials"], "province": "cm"}}, {"type": "Feature", "geometry": {"type": "Point", "coordinates": [98.9736254, 18.7889108]}, "properties": {"id": "cm-osm-node-13459906301", "name": "Fascino", "nameTh": null, "nameEn": "Fascino", "cat": ["essentials"], "province": "cm"}}, {"type": "Feature", "geometry": {"type": "Point", "coordinates": [99.0217235, 18.8070076]}, "properties": {"id": "cm-osm-node-12603110749", "name": "Fascino Pharmacy", "nameTh": null, "nameEn": "Fascino Pharmacy", "cat": ["essentials"], "province": "cm"}}, {"type": "Feature", "geometry": {"type": "Point", "coordinates": [99.0253729, 18.7874621]}, "properties": {"id": "cm-osm-way-105149392", "name": "FedEx", "nameTh": null, "nameEn": "FedEx", "cat": ["essentials"], "province": "cm"}}, {"type": "Feature", "geometry": {"type": "Point", "coordinates": [98.975503, 18.7693089]}, "properties": {"id": "cm-osm-node-3347631784", "name": "First Drug", "nameTh": null, "nameEn": "First Drug", "cat": ["essentials"], "province": "cm"}}, {"type": "Feature", "geometry": {"type": "Point", "coordinates": [98.9322019, 18.7015431]}, "properties": {"id": "cm-osm-node-3476127843", "name": "First Drug", "nameTh": null, "nameEn": "First Drug", "cat": ["essentials"], "province": "cm"}}, {"type": "Feature", "geometry": {"type": "Point", "coordinates": [99.0011201, 18.7743954]}, "properties": {"id": "cm-osm-node-2648578466", "name": "Fresh Mart", "nameTh": null, "nameEn": "Fresh Mart", "cat": ["essentials"], "province": "cm"}}, {"type": "Feature", "geometry": {"type": "Point", "coordinates": [99.0115395, 18.760921]}, "properties": {"id": "cm-osm-node-3606223704", "name": "Fresh Mart", "nameTh": null, "nameEn": "Fresh Mart", "cat": ["essentials"], "province": "cm"}}, {"type": "Feature", "geometry": {"type": "Point", "coordinates": [99.0914641, 18.8531796]}, "properties": {"id": "cm-osm-node-9500735167", "name": "Fresh Mart", "nameTh": null, "nameEn": "Fresh Mart", "cat": ["essentials"], "province": "cm"}}, {"type": "Feature", "geometry": {"type": "Point", "coordinates": [98.9770152, 18.7967862]}, "properties": {"id": "cm-osm-way-246778881", "name": "Goverment Savings Bank", "nameTh": null, "nameEn": "Goverment Savings Bank", "cat": ["essentials"], "province": "cm"}}, {"type": "Feature", "geometry": {"type": "Point", "coordinates": [98.9987174, 18.7903646]}, "properties": {"id": "cm-osm-way-658996890", "name": "Goverment Savings Bank", "nameTh": null, "nameEn": "Goverment Savings Bank", "cat": ["essentials"], "province": "cm"}}, {"type": "Feature", "geometry": {"type": "Point", "coordinates": [98.9808455, 18.776622]}, "properties": {"id": "cm-osm-node-6352068904", "name": "Government Savings", "nameTh": null, "nameEn": "Government Savings", "cat": ["essentials"], "province": "cm"}}, {"type": "Feature", "geometry": {"type": "Point", "coordinates": [99.0284849, 18.7828744]}, "properties": {"id": "cm-osm-node-1418916619", "name": "Government Savings Bank", "nameTh": null, "nameEn": "Government Savings Bank", "cat": ["essentials"], "province": "cm"}}, {"type": "Feature", "geometry": {"type": "Point", "coordinates": [98.9744041, 18.7988676]}, "properties": {"id": "cm-osm-node-2199032486", "name": "Green Store", "nameTh": null, "nameEn": "Green Store", "cat": ["essentials"], "province": "cm"}}, {"type": "Feature", "geometry": {"type": "Point", "coordinates": [98.9248025, 18.693975]}, "properties": {"id": "cm-osm-node-2576988509", "name": "Hang Dong Post Office", "nameTh": null, "nameEn": "Hang Dong Post Office", "cat": ["essentials"], "province": "cm"}}, {"type": "Feature", "geometry": {"type": "Point", "coordinates": [99.0009564, 18.7878191]}, "properties": {"id": "cm-osm-node-915457024", "name": "ICBC", "nameTh": null, "nameEn": "ICBC", "cat": ["essentials"], "province": "cm"}}, {"type": "Feature", "geometry": {"type": "Point", "coordinates": [98.9951901, 18.8016681]}, "properties": {"id": "cm-osm-node-4129474489", "name": "Inter Express Logistics Co.", "nameTh": null, "nameEn": "Inter Express Logistics Co.", "cat": ["essentials"], "province": "cm"}}, {"type": "Feature", "geometry": {"type": "Point", "coordinates": [99.0454779, 18.7111666]}, "properties": {"id": "cm-osm-way-1030910064", "name": "Ithanin", "nameTh": null, "nameEn": "Ithanin", "cat": ["essentials"], "province": "cm"}}, {"type": "Feature", "geometry": {"type": "Point", "coordinates": [99.019888, 18.7472023]}, "properties": {"id": "cm-osm-node-9620789015", "name": "J&T Home", "nameTh": null, "nameEn": "J&T Home", "cat": ["essentials"], "province": "cm"}}, {"type": "Feature", "geometry": {"type": "Point", "coordinates": [99.0285113, 18.7836499]}, "properties": {"id": "cm-osm-node-1192339580", "name": "Jiffy", "nameTh": null, "nameEn": "Jiffy", "cat": ["essentials"], "province": "cm"}}, {"type": "Feature", "geometry": {"type": "Point", "coordinates": [99.0279998, 18.778968]}, "properties": {"id": "cm-osm-node-1795272241", "name": "Jiffy", "nameTh": null, "nameEn": "Jiffy", "cat": ["essentials"], "province": "cm"}}, {"type": "Feature", "geometry": {"type": "Point", "coordinates": [98.9729643, 18.7634754]}, "properties": {"id": "cm-osm-node-2442339904", "name": "Jiffy", "nameTh": "จิฟฟี่", "nameEn": "Jiffy", "cat": ["essentials"], "province": "cm"}}, {"type": "Feature", "geometry": {"type": "Point", "coordinates": [98.98303, 18.7963795]}, "properties": {"id": "cm-osm-node-3317920526", "name": "Jiffy", "nameTh": null, "nameEn": "Jiffy", "cat": ["essentials"], "province": "cm"}}, {"type": "Feature", "geometry": {"type": "Point", "coordinates": [99.0119561, 18.8290862]}, "properties": {"id": "cm-osm-way-317524263", "name": "Jiffy", "nameTh": "จิฟฟี่", "nameEn": "Jiffy", "cat": ["essentials"], "province": "cm"}}, {"type": "Feature", "geometry": {"type": "Point", "coordinates": [98.9513757, 18.7307362]}, "properties": {"id": "cm-osm-way-599074125", "name": "Jiffy", "nameTh": null, "nameEn": "Jiffy", "cat": ["essentials"], "province": "cm"}}, {"type": "Feature", "geometry": {"type": "Point", "coordinates": [99.0156856, 18.8667477]}, "properties": {"id": "cm-osm-way-739554804", "name": "Jiffy", "nameTh": null, "nameEn": "Jiffy", "cat": ["essentials"], "province": "cm"}}, {"type": "Feature", "geometry": {"type": "Point", "coordinates": [98.9972301, 18.7933556]}, "properties": {"id": "cm-osm-node-6587304243", "name": "K Bank", "nameTh": null, "nameEn": "K Bank", "cat": ["essentials"], "province": "cm"}}, {"type": "Feature", "geometry": {"type": "Point", "coordinates": [99.1229426, 18.7154582]}, "properties": {"id": "cm-osm-node-974382529", "name": "K Twenty-Four", "nameTh": null, "nameEn": "K Twenty-Four", "cat": ["essentials"], "province": "cm"}}, {"type": "Feature", "geometry": {"type": "Point", "coordinates": [98.9496826, 18.7633959]}, "properties": {"id": "cm-osm-node-11668248428", "name": "K. M. Convenience Store", "nameTh": null, "nameEn": "K. M. Convenience Store", "cat": ["essentials"], "province": "cm"}}, {"type": "Feature", "geometry": {"type": "Point", "coordinates": [98.998446, 18.7909505]}, "properties": {"id": "cm-osm-node-7597437386", "name": "Kasem Stores", "nameTh": null, "nameEn": "Kasem Stores", "cat": ["essentials"], "province": "cm"}}, {"type": "Feature", "geometry": {"type": "Point", "coordinates": [98.9940177, 18.7809016]}, "properties": {"id": "cm-osm-node-1026006141", "name": "Kasikorn Bank", "nameTh": null, "nameEn": "Kasikorn Bank", "cat": ["essentials"], "province": "cm"}}, {"type": "Feature", "geometry": {"type": "Point", "coordinates": [98.9956462, 18.844497]}, "properties": {"id": "cm-osm-node-10073144199", "name": "Kerry Express", "nameTh": null, "nameEn": "Kerry Express", "cat": ["essentials"], "province": "cm"}}, {"type": "Feature", "geometry": {"type": "Point", "coordinates": [99.0080595, 18.7552041]}, "properties": {"id": "cm-osm-node-10102580262", "name": "Kerry Express", "nameTh": null, "nameEn": "Kerry Express", "cat": ["essentials"], "province": "cm"}}, {"type": "Feature", "geometry": {"type": "Point", "coordinates": [98.9707071, 18.7960389]}, "properties": {"id": "cm-osm-node-10102582820", "name": "Kerry Express", "nameTh": null, "nameEn": "Kerry Express", "cat": ["essentials"], "province": "cm"}}, {"type": "Feature", "geometry": {"type": "Point", "coordinates": [99.0241323, 18.842268]}, "properties": {"id": "cm-osm-node-11693439048", "name": "Kerry Express", "nameTh": null, "nameEn": "Kerry Express", "cat": ["essentials"], "province": "cm"}}, {"type": "Feature", "geometry": {"type": "Point", "coordinates": [98.9858534, 18.7815992]}, "properties": {"id": "cm-osm-node-4437354117", "name": "Kerry Express", "nameTh": null, "nameEn": "Kerry Express", "cat": ["essentials"], "province": "cm"}}, {"type": "Feature", "geometry": {"type": "Point", "coordinates": [98.9605156, 18.7411397]}, "properties": {"id": "cm-osm-node-5510722799", "name": "Kerry Express", "nameTh": null, "nameEn": "Kerry Express", "cat": ["essentials"], "province": "cm"}}, {"type": "Feature", "geometry": {"type": "Point", "coordinates": [98.9632103, 18.7885226]}, "properties": {"id": "cm-osm-node-6065596594", "name": "Kerry Express", "nameTh": null, "nameEn": "Kerry Express", "cat": ["essentials"], "province": "cm"}}, {"type": "Feature", "geometry": {"type": "Point", "coordinates": [99.0146348, 18.8753297]}, "properties": {"id": "cm-osm-node-6369674085", "name": "Kerry Express", "nameTh": null, "nameEn": "Kerry Express", "cat": ["essentials"], "province": "cm"}}, {"type": "Feature", "geometry": {"type": "Point", "coordinates": [98.9599563, 18.8029076]}, "properties": {"id": "cm-osm-node-6961550688", "name": "Kerry Express", "nameTh": null, "nameEn": "Kerry Express", "cat": ["essentials"], "province": "cm"}}, {"type": "Feature", "geometry": {"type": "Point", "coordinates": [98.9767895, 18.7751698]}, "properties": {"id": "cm-osm-node-6992284790", "name": "Kerry Express", "nameTh": null, "nameEn": "Kerry Express", "cat": ["essentials"], "province": "cm"}}, {"type": "Feature", "geometry": {"type": "Point", "coordinates": [98.9773723, 18.8075282]}, "properties": {"id": "cm-osm-node-8491502424", "name": "Kerry Express", "nameTh": null, "nameEn": "Kerry Express", "cat": ["essentials"], "province": "cm"}}, {"type": "Feature", "geometry": {"type": "Point", "coordinates": [98.8254961, 18.6024694]}, "properties": {"id": "cm-osm-way-841775952", "name": "Kerry Express", "nameTh": null, "nameEn": "Kerry Express", "cat": ["essentials"], "province": "cm"}}, {"type": "Feature", "geometry": {"type": "Point", "coordinates": [98.9846933, 18.8123598]}, "properties": {"id": "cm-osm-node-5956238685", "name": "Kiatnakin Bank", "nameTh": null, "nameEn": "Kiatnakin Bank", "cat": ["essentials"], "province": "cm"}}, {"type": "Feature", "geometry": {"type": "Point", "coordinates": [98.9831583, 18.7883247]}, "properties": {"id": "cm-osm-node-6354525185", "name": "Krung Thai", "nameTh": null, "nameEn": "Krung Thai", "cat": ["essentials"], "province": "cm"}}, {"type": "Feature", "geometry": {"type": "Point", "coordinates": [98.9670003, 18.8029112]}, "properties": {"id": "cm-osm-node-7055916587", "name": "Krungsri Bank", "nameTh": null, "nameEn": "Krungsri Bank", "cat": ["essentials"], "province": "cm"}}, {"type": "Feature", "geometry": {"type": "Point", "coordinates": [99.0077896, 18.7575939]}, "properties": {"id": "cm-osm-node-1361121066", "name": "Krungthai Bank", "nameTh": null, "nameEn": "Krungthai Bank", "cat": ["essentials"], "province": "cm"}}, {"type": "Feature", "geometry": {"type": "Point", "coordinates": [99.0135339, 18.8239071]}, "properties": {"id": "cm-osm-node-4593074891", "name": "LH Bank", "nameTh": null, "nameEn": "LH Bank", "cat": ["essentials"], "province": "cm"}}, {"type": "Feature", "geometry": {"type": "Point", "coordinates": [99.0007991, 18.7906772]}, "properties": {"id": "cm-osm-node-6163744195", "name": "LH Bank (best exchange rate)", "nameTh": null, "nameEn": "LH Bank (best exchange rate)", "cat": ["essentials"], "province": "cm"}}, {"type": "Feature", "geometry": {"type": "Point", "coordinates": [99.0749913, 18.7431834]}, "properties": {"id": "cm-osm-node-8629208380", "name": "Laundori", "nameTh": null, "nameEn": "Laundori", "cat": ["essentials"], "province": "cm"}}, {"type": "Feature", "geometry": {"type": "Point", "coordinates": [98.9818712, 18.796878]}, "properties": {"id": "cm-osm-node-7125682483", "name": "Laundromat", "nameTh": null, "nameEn": "Laundromat", "cat": ["essentials"], "province": "cm"}}, {"type": "Feature", "geometry": {"type": "Point", "coordinates": [98.9905173, 18.785072]}, "properties": {"id": "cm-osm-node-6796226396", "name": "Laundry", "nameTh": null, "nameEn": "Laundry", "cat": ["essentials"], "province": "cm"}}, {"type": "Feature", "geometry": {"type": "Point", "coordinates": [98.9827662, 18.7874401]}, "properties": {"id": "cm-osm-node-7103990187", "name": "Laundry", "nameTh": null, "nameEn": "Laundry", "cat": ["essentials"], "province": "cm"}}, {"type": "Feature", "geometry": {"type": "Point", "coordinates": [98.9905322, 18.7841225]}, "properties": {"id": "cm-osm-node-6482441287", "name": "Laundry Express 3 Hr Chiang Mai", "nameTh": null, "nameEn": "Laundry Express 3 Hr Chiang Mai", "cat": ["essentials"], "province": "cm"}}, {"type": "Feature", "geometry": {"type": "Point", "coordinates": [98.9671961, 18.8113829]}, "properties": {"id": "cm-osm-node-2144917963", "name": "Laundry Home", "nameTh": null, "nameEn": "Laundry Home", "cat": ["essentials"], "province": "cm"}}, {"type": "Feature", "geometry": {"type": "Point", "coordinates": [98.9905431, 18.7838852]}, "properties": {"id": "cm-osm-node-6796226486", "name": "Laundry Mrs. Clean", "nameTh": null, "nameEn": "Laundry Mrs. Clean", "cat": ["essentials"], "province": "cm"}}, {"type": "Feature", "geometry": {"type": "Point", "coordinates": [98.9826383, 18.7892511]}, "properties": {"id": "cm-osm-node-11407178348", "name": "Laundry Station & Cafe", "nameTh": null, "nameEn": "Laundry Station & Cafe", "cat": ["essentials"], "province": "cm"}}, {"type": "Feature", "geometry": {"type": "Point", "coordinates": [98.9782312, 18.8012962]}, "properties": {"id": "cm-osm-node-9785869274", "name": "LaundryBar", "nameTh": null, "nameEn": "LaundryBar", "cat": ["essentials"], "province": "cm"}}, {"type": "Feature", "geometry": {"type": "Point", "coordinates": [99.0208937, 18.8480414]}, "properties": {"id": "cm-osm-way-418263407", "name": "Lotus Express", "nameTh": null, "nameEn": "Lotus Express", "cat": ["essentials"], "province": "cm"}}, {"type": "Feature", "geometry": {"type": "Point", "coordinates": [99.0095837, 18.7524305]}, "properties": {"id": "cm-osm-node-1358898658", "name": "Lotus's", "nameTh": null, "nameEn": "Lotus's", "cat": ["essentials"], "province": "cm"}}, {"type": "Feature", "geometry": {"type": "Point", "coordinates": [98.9976741, 18.7926454]}, "properties": {"id": "cm-osm-node-2649636470", "name": "Lotus's", "nameTh": null, "nameEn": "Lotus's", "cat": ["essentials"], "province": "cm"}}, {"type": "Feature", "geometry": {"type": "Point", "coordinates": [98.9753746, 18.8350709]}, "properties": {"id": "cm-osm-node-725689637", "name": "Lotus's", "nameTh": null, "nameEn": "Lotus's", "cat": ["essentials"], "province": "cm"}}, {"type": "Feature", "geometry": {"type": "Point", "coordinates": [98.9823928, 18.8656465]}, "properties": {"id": "cm-osm-way-1243368012", "name": "Lotus's", "nameTh": null, "nameEn": "Lotus's", "cat": ["essentials"], "province": "cm"}}, {"type": "Feature", "geometry": {"type": "Point", "coordinates": [99.0580083, 18.8342762]}, "properties": {"id": "cm-osm-way-1421481396", "name": "Lotus's", "nameTh": null, "nameEn": "Lotus's", "cat": ["essentials"], "province": "cm"}}, {"type": "Feature", "geometry": {"type": "Point", "coordinates": [98.9280464, 18.7241092]}, "properties": {"id": "cm-osm-way-244115196", "name": "Lotus's", "nameTh": null, "nameEn": "Lotus's", "cat": ["essentials"], "province": "cm"}}, {"type": "Feature", "geometry": {"type": "Point", "coordinates": [98.9672525, 18.807629]}, "properties": {"id": "cm-osm-way-668015256", "name": "Lotus's", "nameTh": null, "nameEn": "Lotus's", "cat": ["essentials"], "province": "cm"}}, {"type": "Feature", "geometry": {"type": "Point", "coordinates": [99.0049814, 18.8139059]}, "properties": {"id": "cm-osm-node-3366969393", "name": "Lotus's Go Fresh", "nameTh": null, "nameEn": "Lotus's Go Fresh", "cat": ["essentials"], "province": "cm"}}, {"type": "Feature", "geometry": {"type": "Point", "coordinates": [98.9550198, 18.7453201]}, "properties": {"id": "cm-osm-way-309928143", "name": "Lotus's Go Fresh", "nameTh": null, "nameEn": "Lotus's Go Fresh", "cat": ["essentials"], "province": "cm"}}, {"type": "Feature", "geometry": {"type": "Point", "coordinates": [98.9903733, 18.7742183]}, "properties": {"id": "cm-osm-way-668806032", "name": "Lotus's Go Fresh", "nameTh": null, "nameEn": "Lotus's Go Fresh", "cat": ["essentials"], "province": "cm"}}, {"type": "Feature", "geometry": {"type": "Point", "coordinates": [98.9877001, 18.7815367]}, "properties": {"id": "cm-osm-node-1030391641", "name": "Lotus's go fresh", "nameTh": null, "nameEn": "Lotus's go fresh", "cat": ["essentials"], "province": "cm"}}, {"type": "Feature", "geometry": {"type": "Point", "coordinates": [99.1048604, 18.7936824]}, "properties": {"id": "cm-osm-node-1362557139", "name": "Lotus's go fresh", "nameTh": null, "nameEn": "Lotus's go fresh", "cat": ["essentials"], "province": "cm"}}, {"type": "Feature", "geometry": {"type": "Point", "coordinates": [99.0414919, 18.7618449]}, "properties": {"id": "cm-osm-node-1455694190", "name": "Lotus's go fresh", "nameTh": null, "nameEn": "Lotus's go fresh", "cat": ["essentials"], "province": "cm"}}, {"type": "Feature", "geometry": {"type": "Point", "coordinates": [98.9609356, 18.7907343]}, "properties": {"id": "cm-osm-node-1489645286", "name": "Lotus's go fresh", "nameTh": null, "nameEn": "Lotus's go fresh", "cat": ["essentials"], "province": "cm"}}, {"type": "Feature", "geometry": {"type": "Point", "coordinates": [99.1226424, 18.7427455]}, "properties": {"id": "cm-osm-node-1508541570", "name": "Lotus's go fresh", "nameTh": null, "nameEn": "Lotus's go fresh", "cat": ["essentials"], "province": "cm"}}, {"type": "Feature", "geometry": {"type": "Point", "coordinates": [98.9417615, 18.7470188]}, "properties": {"id": "cm-osm-node-1588327842", "name": "Lotus's go fresh", "nameTh": null, "nameEn": "Lotus's go fresh", "cat": ["essentials"], "province": "cm"}}, {"type": "Feature", "geometry": {"type": "Point", "coordinates": [99.0515187, 18.8744705]}, "properties": {"id": "cm-osm-node-1874845675", "name": "Lotus's go fresh", "nameTh": null, "nameEn": "Lotus's go fresh", "cat": ["essentials"], "province": "cm"}}, {"type": "Feature", "geometry": {"type": "Point", "coordinates": [98.9208101, 18.6890293]}, "properties": {"id": "cm-osm-node-2230597304", "name": "Lotus's go fresh", "nameTh": null, "nameEn": "Lotus's go fresh", "cat": ["essentials"], "province": "cm"}}, {"type": "Feature", "geometry": {"type": "Point", "coordinates": [98.9847932, 18.7958818]}, "properties": {"id": "cm-osm-node-3091942581", "name": "Lotus's go fresh", "nameTh": null, "nameEn": "Lotus's go fresh", "cat": ["essentials"], "province": "cm"}}, {"type": "Feature", "geometry": {"type": "Point", "coordinates": [98.9500687, 18.7698544]}, "properties": {"id": "cm-osm-node-3205899955", "name": "Lotus's go fresh", "nameTh": null, "nameEn": "Lotus's go fresh", "cat": ["essentials"], "province": "cm"}}, {"type": "Feature", "geometry": {"type": "Point", "coordinates": [98.9893211, 18.8365713]}, "properties": {"id": "cm-osm-node-3340959344", "name": "Lotus's go fresh", "nameTh": null, "nameEn": "Lotus's go fresh", "cat": ["essentials"], "province": "cm"}}, {"type": "Feature", "geometry": {"type": "Point", "coordinates": [99.0423004, 18.6490577]}, "properties": {"id": "cm-osm-node-4509445497", "name": "Lotus's go fresh", "nameTh": null, "nameEn": "Lotus's go fresh", "cat": ["essentials"], "province": "cm"}}, {"type": "Feature", "geometry": {"type": "Point", "coordinates": [99.1356121, 18.8729707]}, "properties": {"id": "cm-osm-node-694942453", "name": "Lotus's go fresh", "nameTh": null, "nameEn": "Lotus's go fresh", "cat": ["essentials"], "province": "cm"}}, {"type": "Feature", "geometry": {"type": "Point", "coordinates": [99.0224978, 18.8263894]}, "properties": {"id": "cm-osm-node-6960251155", "name": "Lotus's go fresh", "nameTh": null, "nameEn": "Lotus's go fresh", "cat": ["essentials"], "province": "cm"}}, {"type": "Feature", "geometry": {"type": "Point", "coordinates": [99.0092476, 18.8945231]}, "properties": {"id": "cm-osm-node-840185269", "name": "Lotus's go fresh", "nameTh": null, "nameEn": "Lotus's go fresh", "cat": ["essentials"], "province": "cm"}}, {"type": "Feature", "geometry": {"type": "Point", "coordinates": [99.0522382, 18.8302114]}, "properties": {"id": "cm-osm-node-8699198246", "name": "Lotus's go fresh", "nameTh": null, "nameEn": "Lotus's go fresh", "cat": ["essentials"], "province": "cm"}}, {"type": "Feature", "geometry": {"type": "Point", "coordinates": [98.9123556, 18.9178376]}, "properties": {"id": "cm-osm-way-1128462893", "name": "Lotus's go fresh", "nameTh": null, "nameEn": "Lotus's go fresh", "cat": ["essentials"], "province": "cm"}}, {"type": "Feature", "geometry": {"type": "Point", "coordinates": [99.0135719, 18.8512864]}, "properties": {"id": "cm-osm-way-1352808279", "name": "Lotus's go fresh", "nameTh": null, "nameEn": "Lotus's go fresh", "cat": ["essentials"], "province": "cm"}}, {"type": "Feature", "geometry": {"type": "Point", "coordinates": [98.9464046, 18.9120439]}, "properties": {"id": "cm-osm-way-1456802849", "name": "Lotus's go fresh", "nameTh": null, "nameEn": "Lotus's go fresh", "cat": ["essentials"], "province": "cm"}}, {"type": "Feature", "geometry": {"type": "Point", "coordinates": [98.9411903, 18.9346447]}, "properties": {"id": "cm-osm-way-1456803702", "name": "Lotus's go fresh", "nameTh": null, "nameEn": "Lotus's go fresh", "cat": ["essentials"], "province": "cm"}}, {"type": "Feature", "geometry": {"type": "Point", "coordinates": [98.9818473, 18.9767246]}, "properties": {"id": "cm-osm-way-1459501775", "name": "Lotus's go fresh", "nameTh": null, "nameEn": "Lotus's go fresh", "cat": ["essentials"], "province": "cm"}}, {"type": "Feature", "geometry": {"type": "Point", "coordinates": [98.981941, 18.8165631]}, "properties": {"id": "cm-osm-way-331504419", "name": "Lotus's go fresh", "nameTh": null, "nameEn": "Lotus's go fresh", "cat": ["essentials"], "province": "cm"}}, {"type": "Feature", "geometry": {"type": "Point", "coordinates": [98.9662978, 18.7975523]}, "properties": {"id": "cm-osm-way-481786770", "name": "Lotus's go fresh", "nameTh": null, "nameEn": "Lotus's go fresh", "cat": ["essentials"], "province": "cm"}}, {"type": "Feature", "geometry": {"type": "Point", "coordinates": [98.9824497, 18.6803107]}, "properties": {"id": "cm-osm-way-843530953", "name": "Lotus's go fresh", "nameTh": null, "nameEn": "Lotus's go fresh", "cat": ["essentials"], "province": "cm"}}, {"type": "Feature", "geometry": {"type": "Point", "coordinates": [99.0967488, 18.7456918]}, "properties": {"id": "cm-osm-node-1208952270", "name": "Lucky Store", "nameTh": null, "nameEn": "Lucky Store", "cat": ["essentials"], "province": "cm"}}, {"type": "Feature", "geometry": {"type": "Point", "coordinates": [98.9848214, 18.78249]}, "properties": {"id": "cm-osm-node-7001610990", "name": "M&N Coffee & Laundry", "nameTh": null, "nameEn": "Laundry and coffee", "cat": ["essentials"], "province": "cm"}}, {"type": "Feature", "geometry": {"type": "Point", "coordinates": [98.9162194, 18.7018957]}, "properties": {"id": "cm-osm-way-523144858", "name": "Mae Tachang Municipality", "nameTh": null, "nameEn": "Mae Tachang Municipality", "cat": ["essentials"], "province": "cm"}}, {"type": "Feature", "geometry": {"type": "Point", "coordinates": [98.9859585, 18.7766313]}, "properties": {"id": "cm-osm-node-12428726001", "name": "Maru Laundry", "nameTh": null, "nameEn": "Maru Laundry", "cat": ["essentials"], "province": "cm"}}, {"type": "Feature", "geometry": {"type": "Point", "coordinates": [98.9305558, 18.9394821]}, "properties": {"id": "cm-osm-way-1481655568", "name": "Masterclean Laundry Co.", "nameTh": null, "nameEn": "Masterclean Laundry Co.", "cat": ["essentials"], "province": "cm"}}, {"type": "Feature", "geometry": {"type": "Point", "coordinates": [98.9716322, 18.7201784]}, "properties": {"id": "cm-osm-way-1049614138", "name": "Max Mart", "nameTh": null, "nameEn": "Max Mart", "cat": ["essentials"], "province": "cm"}}, {"type": "Feature", "geometry": {"type": "Point", "coordinates": [98.9754853, 18.8341202]}, "properties": {"id": "cm-osm-way-525729844", "name": "Max Mart", "nameTh": null, "nameEn": "Max Mart", "cat": ["essentials"], "province": "cm"}}, {"type": "Feature", "geometry": {"type": "Point", "coordinates": [98.976554, 18.7702602]}, "properties": {"id": "cm-osm-node-13592444201", "name": "Maybank", "nameTh": null, "nameEn": "Maybank", "cat": ["essentials"], "province": "cm"}}, {"type": "Feature", "geometry": {"type": "Point", "coordinates": [98.9769907, 18.7694741]}, "properties": {"id": "cm-osm-node-4880215861", "name": "Maybank", "nameTh": null, "nameEn": "Maybank", "cat": ["essentials"], "province": "cm"}}, {"type": "Feature", "geometry": {"type": "Point", "coordinates": [99.1214901, 18.7436057]}, "properties": {"id": "cm-osm-node-5307634567", "name": "Mini Big C", "nameTh": null, "nameEn": "Mini Big C", "cat": ["essentials"], "province": "cm"}}, {"type": "Feature", "geometry": {"type": "Point", "coordinates": [98.9598002, 18.8042602]}, "properties": {"id": "cm-osm-node-5923690585", "name": "Mini Big C", "nameTh": null, "nameEn": "Mini Big C", "cat": ["essentials"], "province": "cm"}}, {"type": "Feature", "geometry": {"type": "Point", "coordinates": [98.989896, 18.7741088]}, "properties": {"id": "cm-osm-node-6261770307", "name": "Mini Big C", "nameTh": null, "nameEn": "Mini Big C", "cat": ["essentials"], "province": "cm"}}, {"type": "Feature", "geometry": {"type": "Point", "coordinates": [98.9976602, 18.7982628]}, "properties": {"id": "cm-osm-node-6351675986", "name": "Mini Big C", "nameTh": null, "nameEn": "Big c", "cat": ["essentials"], "province": "cm"}}, {"type": "Feature", "geometry": {"type": "Point", "coordinates": [99.0250258, 18.8286425]}, "properties": {"id": "cm-osm-node-6960251156", "name": "Mini Big C", "nameTh": null, "nameEn": "Mini Big C", "cat": ["essentials"], "province": "cm"}}, {"type": "Feature", "geometry": {"type": "Point", "coordinates": [99.056983, 18.7540916]}, "properties": {"id": "cm-osm-node-8690208966", "name": "Mini Big C", "nameTh": null, "nameEn": "Mini Big C", "cat": ["essentials"], "province": "cm"}}, {"type": "Feature", "geometry": {"type": "Point", "coordinates": [99.0121552, 18.7470969]}, "properties": {"id": "cm-osm-node-9620777658", "name": "Mini Big C", "nameTh": null, "nameEn": "Mini Big C", "cat": ["essentials"], "province": "cm"}}, {"type": "Feature", "geometry": {"type": "Point", "coordinates": [98.977472, 18.8051006]}, "properties": {"id": "cm-osm-way-1168325528", "name": "Mini Big C", "nameTh": null, "nameEn": "Mini Big C", "cat": ["essentials"], "province": "cm"}}, {"type": "Feature", "geometry": {"type": "Point", "coordinates": [98.9821363, 18.8177302]}, "properties": {"id": "cm-osm-way-444091640", "name": "Mini Big C", "nameTh": null, "nameEn": "Mini Big C", "cat": ["essentials"], "province": "cm"}}, {"type": "Feature", "geometry": {"type": "Point", "coordinates": [98.9963758, 18.7601812]}, "properties": {"id": "cm-osm-node-12709479601", "name": "Mini BigC", "nameTh": null, "nameEn": "Mini BigC", "cat": ["essentials"], "province": "cm"}}, {"type": "Feature", "geometry": {"type": "Point", "coordinates": [98.9784691, 18.7906626]}, "properties": {"id": "cm-osm-node-3385507275", "name": "Modern Drug", "nameTh": null, "nameEn": "Modern Drug", "cat": ["essentials"], "province": "cm"}}, {"type": "Feature", "geometry": {"type": "Point", "coordinates": [98.9733823, 18.8000525]}, "properties": {"id": "cm-osm-node-3304475324", "name": "Morning Laundry", "nameTh": null, "nameEn": "Morning Laundry", "cat": ["essentials"], "province": "cm"}}, {"type": "Feature", "geometry": {"type": "Point", "coordinates": [98.9766614, 18.8968519]}, "properties": {"id": "cm-osm-node-4418737568", "name": "Mueang Kaeo Municipal Building", "nameTh": null, "nameEn": "Mueang Kaeo Municipal Building", "cat": ["essentials"], "province": "cm"}}, {"type": "Feature", "geometry": {"type": "Point", "coordinates": [98.9968279, 18.7970545]}, "properties": {"id": "cm-osm-node-4536336405", "name": "Mungmai 88 Food", "nameTh": "เมืองใหม่88ฟู้ด", "nameEn": "Mungmai 88 Food", "cat": ["essentials"], "province": "cm"}}, {"type": "Feature", "geometry": {"type": "Point", "coordinates": [98.9159836, 18.8080717]}, "properties": {"id": "cm-osm-node-4572491689", "name": "National Park Headquarters", "nameTh": null, "nameEn": "National Park Headquarters", "cat": ["essentials"], "province": "cm"}}, {"type": "Feature", "geometry": {"type": "Point", "coordinates": [99.009115, 18.7518026]}, "properties": {"id": "cm-osm-node-9252808357", "name": "Nim Express", "nameTh": null, "nameEn": "Nim Express", "cat": ["essentials"], "province": "cm"}}, {"type": "Feature", "geometry": {"type": "Point", "coordinates": [99.0297105, 18.6860438]}, "properties": {"id": "cm-osm-way-553522853", "name": "Nong Faek Municipal Building", "nameTh": null, "nameEn": "Nong Faek Municipal Building", "cat": ["essentials"], "province": "cm"}}, {"type": "Feature", "geometry": {"type": "Point", "coordinates": [99.1313204, 18.9096626]}, "properties": {"id": "cm-osm-node-5316212233", "name": "Nong's Laundry", "nameTh": null, "nameEn": "Nong's Laundry", "cat": ["essentials"], "province": "cm"}}, {"type": "Feature", "geometry": {"type": "Point", "coordinates": [98.9479592, 18.617686]}, "properties": {"id": "cm-osm-way-240507157", "name": "NongTong Post Office", "nameTh": null, "nameEn": "NongTong Post Office", "cat": ["essentials"], "province": "cm"}}, {"type": "Feature", "geometry": {"type": "Point", "coordinates": [98.9626747, 18.8011013]}, "properties": {"id": "cm-osm-node-4596241380", "name": "OT Minimart", "nameTh": null, "nameEn": "OT Minimart", "cat": ["essentials"], "province": "cm"}}, {"type": "Feature", "geometry": {"type": "Point", "coordinates": [98.9672254, 18.8696227]}, "properties": {"id": "cm-osm-node-12231729837", "name": "Omma Laundry", "nameTh": null, "nameEn": "Omma Laundry", "cat": ["essentials"], "province": "cm"}}, {"type": "Feature", "geometry": {"type": "Point", "coordinates": [98.9660762, 18.741763]}, "properties": {"id": "cm-osm-node-10778022016", "name": "Otteri", "nameTh": null, "nameEn": "Otteri", "cat": ["essentials"], "province": "cm"}}, {"type": "Feature", "geometry": {"type": "Point", "coordinates": [99.0883658, 18.73431]}, "properties": {"id": "cm-osm-node-11347643091", "name": "Otteri", "nameTh": null, "nameEn": "Otteri", "cat": ["essentials"], "province": "cm"}}, {"type": "Feature", "geometry": {"type": "Point", "coordinates": [98.9928138, 18.7841328]}, "properties": {"id": "cm-osm-node-6514349387", "name": "Otteri", "nameTh": null, "nameEn": "Otteri", "cat": ["essentials"], "province": "cm"}}, {"type": "Feature", "geometry": {"type": "Point", "coordinates": [99.0245361, 18.7958735]}, "properties": {"id": "cm-osm-node-12351558345", "name": "Otteri Wash & Dry", "nameTh": null, "nameEn": "Otteri Wash & Dry", "cat": ["essentials"], "province": "cm"}}, {"type": "Feature", "geometry": {"type": "Point", "coordinates": [98.9912179, 18.7644842]}, "properties": {"id": "cm-osm-node-9561715979", "name": "Otteri Wash & Dry", "nameTh": null, "nameEn": "Otteri Wash & Dry", "cat": ["essentials"], "province": "cm"}}, {"type": "Feature", "geometry": {"type": "Point", "coordinates": [98.9937952, 18.7909341]}, "properties": {"id": "cm-osm-node-6110434688", "name": "Otteri laundry", "nameTh": null, "nameEn": "Otteri laundry", "cat": ["essentials"], "province": "cm"}}, {"type": "Feature", "geometry": {"type": "Point", "coordinates": [98.9937989, 18.7909834]}, "properties": {"id": "cm-osm-node-6351319485", "name": "Otteri wash and dry", "nameTh": null, "nameEn": "Otteri wash and dry", "cat": ["essentials"], "province": "cm"}}, {"type": "Feature", "geometry": {"type": "Point", "coordinates": [98.9944748, 18.625891]}, "properties": {"id": "cm-osm-way-1256038465", "name": "P & P Minimart", "nameTh": null, "nameEn": "P & P Minimart", "cat": ["essentials"], "province": "cm"}}, {"type": "Feature", "geometry": {"type": "Point", "coordinates": [98.9949461, 18.7840387]}, "properties": {"id": "cm-osm-node-1477733913", "name": "PJ บ้านเครื่องดื่ม", "nameTh": "PJ บ้านเครื่องดื่ม", "nameEn": "PJ", "cat": ["essentials"], "province": "cm"}}, {"type": "Feature", "geometry": {"type": "Point", "coordinates": [99.0191037, 18.8005384]}, "properties": {"id": "cm-osm-node-2002017642", "name": "PS Pharmacy", "nameTh": null, "nameEn": "PS Pharmacy", "cat": ["essentials"], "province": "cm"}}, {"type": "Feature", "geometry": {"type": "Point", "coordinates": [99.0313925, 18.794465]}, "properties": {"id": "cm-osm-node-2187933954", "name": "Payap University Post Office", "nameTh": null, "nameEn": "Payap University Post Office", "cat": ["essentials"], "province": "cm"}}, {"type": "Feature", "geometry": {"type": "Point", "coordinates": [98.994161, 18.7850261]}, "properties": {"id": "cm-osm-node-2113309878", "name": "PharmFriend", "nameTh": null, "nameEn": "PharmFriend", "cat": ["essentials"], "province": "cm"}}, {"type": "Feature", "geometry": {"type": "Point", "coordinates": [98.9649486, 18.7405659]}, "properties": {"id": "cm-osm-node-10093942441", "name": "Pharma Mate", "nameTh": null, "nameEn": "Pharma Mate", "cat": ["essentials"], "province": "cm"}}, {"type": "Feature", "geometry": {"type": "Point", "coordinates": [99.009145, 18.752983]}, "properties": {"id": "cm-osm-node-3331426911", "name": "Pharma \\Choice", "nameTh": null, "nameEn": "Pharma \\Choice", "cat": ["essentials"], "province": "cm"}}, {"type": "Feature", "geometry": {"type": "Point", "coordinates": [98.9670372, 18.8021268]}, "properties": {"id": "cm-osm-node-3287356497", "name": "Pharmacare Plus", "nameTh": null, "nameEn": "Pharmacare Plus", "cat": ["essentials"], "province": "cm"}}, {"type": "Feature", "geometry": {"type": "Point", "coordinates": [98.9705433, 18.8792724]}, "properties": {"id": "cm-osm-node-11707782228", "name": "Pharmacy", "nameTh": null, "nameEn": "Pharmacy", "cat": ["essentials"], "province": "cm"}}, {"type": "Feature", "geometry": {"type": "Point", "coordinates": [98.9664665, 18.7979992]}, "properties": {"id": "cm-osm-node-1074593976", "name": "Quality Drug", "nameTh": null, "nameEn": "Quality Drug", "cat": ["essentials"], "province": "cm"}}, {"type": "Feature", "geometry": {"type": "Point", "coordinates": [98.9660572, 18.797672]}, "properties": {"id": "cm-osm-node-4556484689", "name": "Red Box Service", "nameTh": null, "nameEn": "Red Box Service", "cat": ["essentials"], "province": "cm"}}, {"type": "Feature", "geometry": {"type": "Point", "coordinates": [99.0374984, 18.8348275]}, "properties": {"id": "cm-osm-node-3540896307", "name": "Rimping Grocery", "nameTh": null, "nameEn": "Rimping Grocery", "cat": ["essentials"], "province": "cm"}}, {"type": "Feature", "geometry": {"type": "Point", "coordinates": [98.9530025, 18.7928063]}, "properties": {"id": "cm-osm-node-13135642801", "name": "Rolling Wash & Dry", "nameTh": null, "nameEn": "Rolling Wash & Dry", "cat": ["essentials"], "province": "cm"}}, {"type": "Feature", "geometry": {"type": "Point", "coordinates": [98.9859972, 18.8116434]}, "properties": {"id": "cm-osm-way-747481957", "name": "SME Development Bank", "nameTh": null, "nameEn": "SME Development Bank", "cat": ["essentials"], "province": "cm"}}, {"type": "Feature", "geometry": {"type": "Point", "coordinates": [99.0030702, 18.7850795]}, "properties": {"id": "cm-osm-node-5344083121", "name": "Sakol Money Exchange", "nameTh": "สากลการค้า", "nameEn": "Sakol Money Exchange", "cat": ["essentials"], "province": "cm"}}, {"type": "Feature", "geometry": {"type": "Point", "coordinates": [98.976813, 18.7800384]}, "properties": {"id": "cm-osm-way-336067058", "name": "Sam Yaek Suanprung Post Office", "nameTh": null, "nameEn": "Sam Yaek Suanprung Post Office", "cat": ["essentials"], "province": "cm"}}, {"type": "Feature", "geometry": {"type": "Point", "coordinates": [98.8666668, 19.0481933]}, "properties": {"id": "cm-osm-way-416676896", "name": "San Payang Post Office", "nameTh": null, "nameEn": "San Payang Post Office", "cat": ["essentials"], "province": "cm"}}, {"type": "Feature", "geometry": {"type": "Point", "coordinates": [98.9947594, 18.7842219]}, "properties": {"id": "cm-osm-node-5316110822", "name": "Selfservice Laundry", "nameTh": null, "nameEn": "Selfservice Laundry", "cat": ["essentials"], "province": "cm"}}, {"type": "Feature", "geometry": {"type": "Point", "coordinates": [99.0481109, 18.6223271]}, "properties": {"id": "cm-osm-way-560752800", "name": "Shell Select", "nameTh": null, "nameEn": "Shell Select", "cat": ["essentials"], "province": "cm"}}, {"type": "Feature", "geometry": {"type": "Point", "coordinates": [98.9662679, 18.7522669]}, "properties": {"id": "cm-osm-node-4449627840", "name": "Shell Select ทองธนพล สาขาสนามบิน", "nameTh": "Shell Select ทองธนพล สาขาสนามบิน", "nameEn": "Shell Select Thongthanaphon - Airport", "cat": ["essentials"], "province": "cm"}}, {"type": "Feature", "geometry": {"type": "Point", "coordinates": [98.9737566, 18.7979163]}, "properties": {"id": "cm-osm-way-193289762", "name": "Shell Select ทองธนพล สาขาห้วยแก้ว", "nameTh": "Shell Select ทองธนพล สาขาห้วยแก้ว", "nameEn": "Shell Select Thongthanaphon - Huay Kaew", "cat": ["essentials"], "province": "cm"}}, {"type": "Feature", "geometry": {"type": "Point", "coordinates": [99.013718, 18.7857935]}, "properties": {"id": "cm-osm-way-528012040", "name": "Shell Select ทองธนพล สาขาเจริญเมือง", "nameTh": "Shell Select ทองธนพล สาขาเจริญเมือง", "nameEn": "Shell Select Thongthanaphon - Charoen Muang", "cat": ["essentials"], "province": "cm"}}, {"type": "Feature", "geometry": {"type": "Point", "coordinates": [99.0010332, 18.7838063]}, "properties": {"id": "cm-osm-node-4732114730", "name": "Shipping Cargo Service", "nameTh": null, "nameEn": "Shipping Cargo Service", "cat": ["essentials"], "province": "cm"}}, {"type": "Feature", "geometry": {"type": "Point", "coordinates": [98.9910857, 18.7906272]}, "properties": {"id": "cm-osm-node-7005730908", "name": "Shogun Minimart", "nameTh": null, "nameEn": "Shogun Minimart", "cat": ["essentials"], "province": "cm"}}, {"type": "Feature", "geometry": {"type": "Point", "coordinates": [98.9877475, 18.7907793]}, "properties": {"id": "cm-osm-node-4597779096", "name": "Si Phum Thailand Post Office", "nameTh": null, "nameEn": "Si Phum Thailand Post Office", "cat": ["essentials"], "province": "cm"}}, {"type": "Feature", "geometry": {"type": "Point", "coordinates": [98.9884929, 18.7832664]}, "properties": {"id": "cm-osm-node-1029528119", "name": "Siam Commercial Bank", "nameTh": null, "nameEn": "Siam Commercial Bank", "cat": ["essentials"], "province": "cm"}}, {"type": "Feature", "geometry": {"type": "Point", "coordinates": [98.9135869, 18.6677854]}, "properties": {"id": "cm-osm-node-1058635947", "name": "Siam Commercial Bank", "nameTh": null, "nameEn": "Siam Commercial Bank", "cat": ["essentials"], "province": "cm"}}, {"type": "Feature", "geometry": {"type": "Point", "coordinates": [99.0271434, 18.8103427]}, "properties": {"id": "cm-osm-node-6592175284", "name": "Siam Commercial Bank", "nameTh": null, "nameEn": "Siam Commercial Bank", "cat": ["essentials"], "province": "cm"}}, {"type": "Feature", "geometry": {"type": "Point", "coordinates": [98.9871498, 18.8115772]}, "properties": {"id": "cm-osm-way-275286703", "name": "Siam First Express Cargo", "nameTh": null, "nameEn": "Siam First Express Cargo", "cat": ["essentials"], "province": "cm"}}, {"type": "Feature", "geometry": {"type": "Point", "coordinates": [98.9912633, 18.7941177]}, "properties": {"id": "cm-osm-node-13528769801", "name": "Soi 9 Service", "nameTh": null, "nameEn": "Soi 9 Service", "cat": ["essentials"], "province": "cm"}}, {"type": "Feature", "geometry": {"type": "Point", "coordinates": [98.9858344, 18.8038873]}, "properties": {"id": "cm-osm-way-345419260", "name": "Standard Chartered", "nameTh": null, "nameEn": "Standard Chartered", "cat": ["essentials"], "province": "cm"}}, {"type": "Feature", "geometry": {"type": "Point", "coordinates": [98.9943712, 18.7925869]}, "properties": {"id": "cm-osm-node-4507430390", "name": "T.K laundry", "nameTh": null, "nameEn": "T.K laundry", "cat": ["essentials"], "province": "cm"}}, {"type": "Feature", "geometry": {"type": "Point", "coordinates": [99.0063104, 18.768448]}, "properties": {"id": "cm-osm-node-1173899449", "name": "TESCO Lotus Express", "nameTh": null, "nameEn": "TESCO Lotus Express", "cat": ["essentials"], "province": "cm"}}, {"type": "Feature", "geometry": {"type": "Point", "coordinates": [98.9783189, 18.8036013]}, "properties": {"id": "cm-osm-node-2530393021", "name": "TESCO Lotus Express", "nameTh": null, "nameEn": "TESCO Lotus Express", "cat": ["essentials"], "province": "cm"}}, {"type": "Feature", "geometry": {"type": "Point", "coordinates": [99.0745315, 18.8443078]}, "properties": {"id": "cm-osm-node-2650807937", "name": "TESCO Lotus Express", "nameTh": null, "nameEn": "TESCO Lotus Express", "cat": ["essentials"], "province": "cm"}}, {"type": "Feature", "geometry": {"type": "Point", "coordinates": [98.8954039, 18.625811]}, "properties": {"id": "cm-osm-node-2684213282", "name": "TESCO Lotus Express", "nameTh": null, "nameEn": "TESCO Lotus Express", "cat": ["essentials"], "province": "cm"}}, {"type": "Feature", "geometry": {"type": "Point", "coordinates": [98.9932335, 18.7911876]}, "properties": {"id": "cm-osm-node-3298818262", "name": "TESCO Lotus Express", "nameTh": null, "nameEn": "TESCO Lotus Express", "cat": ["essentials"], "province": "cm"}}, {"type": "Feature", "geometry": {"type": "Point", "coordinates": [98.9715799, 18.8459063]}, "properties": {"id": "cm-osm-node-4480923766", "name": "TESCO Lotus Express", "nameTh": null, "nameEn": "TESCO Lotus Express", "cat": ["essentials"], "province": "cm"}}, {"type": "Feature", "geometry": {"type": "Point", "coordinates": [99.0335263, 18.7155099]}, "properties": {"id": "cm-osm-node-4509361879", "name": "TESCO Lotus Express", "nameTh": null, "nameEn": "TESCO Lotus Express", "cat": ["essentials"], "province": "cm"}}, {"type": "Feature", "geometry": {"type": "Point", "coordinates": [98.9601781, 18.8071455]}, "properties": {"id": "cm-osm-way-651491382", "name": "TESCO Lotus Express", "nameTh": null, "nameEn": "TESCO Lotus Express", "cat": ["essentials"], "province": "cm"}}, {"type": "Feature", "geometry": {"type": "Point", "coordinates": [98.9529841, 18.7985676]}, "properties": {"id": "cm-osm-node-7947528785", "name": "TT minimart", "nameTh": null, "nameEn": "TT minimart", "cat": ["essentials"], "province": "cm"}}, {"type": "Feature", "geometry": {"type": "Point", "coordinates": [99.0132975, 18.7433656]}, "properties": {"id": "cm-osm-way-526450101", "name": "Tambon Nong Phueng Municipal Building", "nameTh": null, "nameEn": "Tambon Nong Phueng Municipal Building", "cat": ["essentials"], "province": "cm"}}, {"type": "Feature", "geometry": {"type": "Point", "coordinates": [98.9894304, 18.7553303]}, "properties": {"id": "cm-osm-way-404847988", "name": "Tambon Pa Daet City Hall", "nameTh": null, "nameEn": "Tambon Pa Daet City Hall", "cat": ["essentials"], "province": "cm"}}, {"type": "Feature", "geometry": {"type": "Point", "coordinates": [99.0182972, 18.8068697]}, "properties": {"id": "cm-osm-node-12619854893", "name": "Thailand Post (2nd Floor)", "nameTh": null, "nameEn": "Thailand Post (2nd Floor)", "cat": ["essentials"], "province": "cm"}}, {"type": "Feature", "geometry": {"type": "Point", "coordinates": [98.9661284, 18.7971458]}, "properties": {"id": "cm-osm-node-3417318993", "name": "Thanachart Bank", "nameTh": null, "nameEn": "Thanachart Bank", "cat": ["essentials"], "province": "cm"}}, {"type": "Feature", "geometry": {"type": "Point", "coordinates": [98.9905562, 18.7837507]}, "properties": {"id": "cm-osm-node-6267827315", "name": "The Corner Minimart", "nameTh": null, "nameEn": "The Corner Minimart", "cat": ["essentials"], "province": "cm"}}, {"type": "Feature", "geometry": {"type": "Point", "coordinates": [98.9683216, 18.7698309]}, "properties": {"id": "cm-osm-node-1474872537", "name": "The Royal Project", "nameTh": null, "nameEn": "The Royal Project", "cat": ["essentials"], "province": "cm"}}, {"type": "Feature", "geometry": {"type": "Point", "coordinates": [99.0242037, 18.8417505]}, "properties": {"id": "cm-osm-node-11699181025", "name": "The Wash", "nameTh": null, "nameEn": "The Wash", "cat": ["essentials"], "province": "cm"}}, {"type": "Feature", "geometry": {"type": "Point", "coordinates": [99.014813, 18.8750182]}, "properties": {"id": "cm-osm-node-12521853891", "name": "The Wash", "nameTh": null, "nameEn": "The Wash", "cat": ["essentials"], "province": "cm"}}, {"type": "Feature", "geometry": {"type": "Point", "coordinates": [99.0141769, 18.8842075]}, "properties": {"id": "cm-osm-node-11590200012", "name": "Tiger Mart", "nameTh": null, "nameEn": "Tiger Mart", "cat": ["essentials"], "province": "cm"}}, {"type": "Feature", "geometry": {"type": "Point", "coordinates": [99.0545303, 18.7772101]}, "properties": {"id": "cm-osm-node-3376408642", "name": "Tiger Mart", "nameTh": null, "nameEn": "Tiger Mart", "cat": ["essentials"], "province": "cm"}}, {"type": "Feature", "geometry": {"type": "Point", "coordinates": [98.9744196, 18.7632167]}, "properties": {"id": "cm-osm-node-4449627841", "name": "Tiger Mart", "nameTh": null, "nameEn": "Tiger Mart", "cat": ["essentials"], "province": "cm"}}, {"type": "Feature", "geometry": {"type": "Point", "coordinates": [98.9745186, 18.8084809]}, "properties": {"id": "cm-osm-node-2674745558", "name": "Tigermart", "nameTh": null, "nameEn": "Tigermart", "cat": ["essentials"], "province": "cm"}}, {"type": "Feature", "geometry": {"type": "Point", "coordinates": [99.0057147, 18.7655824]}, "properties": {"id": "cm-osm-node-13277627101", "name": "Tops daily PT Nong Hoi", "nameTh": null, "nameEn": "Tops daily PT Nong Hoi", "cat": ["essentials"], "province": "cm"}}, {"type": "Feature", "geometry": {"type": "Point", "coordinates": [98.9753089, 18.7696318]}, "properties": {"id": "cm-osm-node-3347664221", "name": "UOB", "nameTh": null, "nameEn": "UOB", "cat": ["essentials"], "province": "cm"}}, {"type": "Feature", "geometry": {"type": "Point", "coordinates": [98.9700701, 18.7998275]}, "properties": {"id": "cm-osm-way-323672783", "name": "UOB", "nameTh": null, "nameEn": "UOB", "cat": ["essentials"], "province": "cm"}}, {"type": "Feature", "geometry": {"type": "Point", "coordinates": [99.0012763, 18.788003]}, "properties": {"id": "cm-osm-way-495778858", "name": "UOB", "nameTh": null, "nameEn": "UOB", "cat": ["essentials"], "province": "cm"}}, {"type": "Feature", "geometry": {"type": "Point", "coordinates": [99.0001516, 18.7827613]}, "properties": {"id": "cm-osm-node-1685433812", "name": "UOB Bank", "nameTh": null, "nameEn": "UOB Bank", "cat": ["essentials"], "province": "cm"}}, {"type": "Feature", "geometry": {"type": "Point", "coordinates": [98.9884489, 18.7951878]}, "properties": {"id": "cm-osm-node-2678552871", "name": "UPS", "nameTh": null, "nameEn": "UPS", "cat": ["essentials"], "province": "cm"}}, {"type": "Feature", "geometry": {"type": "Point", "coordinates": [99.0182718, 18.8081921]}, "properties": {"id": "cm-osm-node-2771807727", "name": "UPS", "nameTh": null, "nameEn": "UPS", "cat": ["essentials"], "province": "cm"}}, {"type": "Feature", "geometry": {"type": "Point", "coordinates": [98.9816566, 18.7833566]}, "properties": {"id": "cm-osm-node-5608475221", "name": "Urban Green", "nameTh": null, "nameEn": "Urban Green", "cat": ["essentials"], "province": "cm"}}, {"type": "Feature", "geometry": {"type": "Point", "coordinates": [98.9916072, 18.79282]}, "properties": {"id": "cm-osm-node-5582581121", "name": "Wash Dry Iron", "nameTh": null, "nameEn": "Wash Dry Iron", "cat": ["essentials"], "province": "cm"}}, {"type": "Feature", "geometry": {"type": "Point", "coordinates": [98.9885948, 18.7785618]}, "properties": {"id": "cm-osm-node-7003552085", "name": "Wash up", "nameTh": null, "nameEn": "Laundry", "cat": ["essentials"], "province": "cm"}}, {"type": "Feature", "geometry": {"type": "Point", "coordinates": [98.9745697, 18.7974266]}, "properties": {"id": "cm-osm-node-12433886001", "name": "WashMe", "nameTh": null, "nameEn": "WashMe", "cat": ["essentials"], "province": "cm"}}, {"type": "Feature", "geometry": {"type": "Point", "coordinates": [99.0319663, 18.888915]}, "properties": {"id": "cm-osm-node-13747448203", "name": "WashXpress หลิ่งมื่น (แม่โจ้) เชียงใหม่", "nameTh": "WashXpress หลิ่งมื่น (แม่โจ้) เชียงใหม่", "nameEn": null, "cat": ["essentials"], "province": "cm"}}, {"type": "Feature", "geometry": {"type": "Point", "coordinates": [98.9321805, 18.7017462]}, "properties": {"id": "cm-osm-node-3476127842", "name": "Watson", "nameTh": null, "nameEn": "Watson", "cat": ["essentials"], "province": "cm"}}, {"type": "Feature", "geometry": {"type": "Point", "coordinates": [99.009013, 18.7520972]}, "properties": {"id": "cm-osm-node-9252808362", "name": "Watsons", "nameTh": null, "nameEn": "Watsons", "cat": ["essentials"], "province": "cm"}}, {"type": "Feature", "geometry": {"type": "Point", "coordinates": [98.9631792, 18.8084617]}, "properties": {"id": "cm-osm-node-2609583870", "name": "Welcome Mart", "nameTh": null, "nameEn": "Welcome Mart", "cat": ["essentials"], "province": "cm"}}, {"type": "Feature", "geometry": {"type": "Point", "coordinates": [98.9929111, 18.7853931]}, "properties": {"id": "cm-osm-node-4337927190", "name": "fair trade shop", "nameTh": null, "nameEn": "fair trade shop", "cat": ["essentials"], "province": "cm"}}, {"type": "Feature", "geometry": {"type": "Point", "coordinates": [98.9906791, 18.7879222]}, "properties": {"id": "cm-osm-node-5783761753", "name": "flea market Friday", "nameTh": null, "nameEn": "flea market Friday", "cat": ["essentials"], "province": "cm"}}, {"type": "Feature", "geometry": {"type": "Point", "coordinates": [98.9853893, 18.79368]}, "properties": {"id": "cm-osm-node-9784521017", "name": "laundry service home", "nameTh": null, "nameEn": "laundry service home", "cat": ["essentials"], "province": "cm"}}, {"type": "Feature", "geometry": {"type": "Point", "coordinates": [99.028978, 18.8156769]}, "properties": {"id": "cm-osm-node-6592175282", "name": "mini Big C", "nameTh": null, "nameEn": "mini Big C", "cat": ["essentials"], "province": "cm"}}, {"type": "Feature", "geometry": {"type": "Point", "coordinates": [98.9812096, 18.8061849]}, "properties": {"id": "cm-osm-node-2530379633", "name": "snow white", "nameTh": null, "nameEn": "snow white", "cat": ["essentials"], "province": "cm"}}, {"type": "Feature", "geometry": {"type": "Point", "coordinates": [99.0702001, 18.8401314]}, "properties": {"id": "cm-osm-node-13974029601", "name": "washing machine", "nameTh": null, "nameEn": "washing machine", "cat": ["essentials"], "province": "cm"}}, {"type": "Feature", "geometry": {"type": "Point", "coordinates": [98.999166, 18.7777992]}, "properties": {"id": "cm-osm-node-1030318048", "name": "กรุงศรี", "nameTh": "กรุงศรี", "nameEn": "Krungsri", "cat": ["essentials"], "province": "cm"}}, {"type": "Feature", "geometry": {"type": "Point", "coordinates": [98.9732201, 18.7637861]}, "properties": {"id": "cm-osm-node-1791584104", "name": "กรุงศรี", "nameTh": "กรุงศรี", "nameEn": "Bank of Ayudhya", "cat": ["essentials"], "province": "cm"}}, {"type": "Feature", "geometry": {"type": "Point", "coordinates": [98.9749694, 18.769805]}, "properties": {"id": "cm-osm-node-3347664215", "name": "กรุงศรี", "nameTh": "กรุงศรี", "nameEn": "Bank of Ayudhya", "cat": ["essentials"], "province": "cm"}}, {"type": "Feature", "geometry": {"type": "Point", "coordinates": [98.9754497, 18.7693619]}, "properties": {"id": "cm-osm-node-9533893225", "name": "กรุงศรี", "nameTh": "กรุงศรี", "nameEn": "Bank of Ayudhya", "cat": ["essentials"], "province": "cm"}}, {"type": "Feature", "geometry": {"type": "Point", "coordinates": [98.9981942, 18.7886125]}, "properties": {"id": "cm-osm-way-334692201", "name": "กรุงศรี", "nameTh": "กรุงศรี", "nameEn": "Krungsri", "cat": ["essentials"], "province": "cm"}}, {"type": "Feature", "geometry": {"type": "Point", "coordinates": [98.9448929, 18.9161666]}, "properties": {"id": "cm-osm-way-387748593", "name": "กรุงศรี", "nameTh": "กรุงศรี", "nameEn": "Krungsri", "cat": ["essentials"], "province": "cm"}}, {"type": "Feature", "geometry": {"type": "Point", "coordinates": [99.1207554, 18.7437977]}, "properties": {"id": "cm-osm-way-473935808", "name": "กรุงศรี", "nameTh": "กรุงศรี", "nameEn": "Krungsri", "cat": ["essentials"], "province": "cm"}}, {"type": "Feature", "geometry": {"type": "Point", "coordinates": [98.8217088, 18.6002667]}, "properties": {"id": "cm-osm-node-12617671602", "name": "กฤษฎาพานิชย์", "nameTh": "กฤษฎาพานิชย์", "nameEn": null, "cat": ["essentials"], "province": "cm"}}, {"type": "Feature", "geometry": {"type": "Point", "coordinates": [98.998934, 18.7543799]}, "properties": {"id": "cm-osm-node-11652195486", "name": "กันเอง", "nameTh": "กันเอง", "nameEn": "Friendly Laundry", "cat": ["essentials"], "province": "cm"}}, {"type": "Feature", "geometry": {"type": "Point", "coordinates": [99.1420945, 18.7991007]}, "properties": {"id": "cm-osm-node-3412110317", "name": "กิ่งทอง", "nameTh": "กิ่งทอง", "nameEn": null, "cat": ["essentials"], "province": "cm"}}, {"type": "Feature", "geometry": {"type": "Point", "coordinates": [98.9938178, 18.7873958]}, "properties": {"id": "cm-osm-way-482771557", "name": "คลังยาท่าแพ", "nameTh": "คลังยาท่าแพ", "nameEn": "Klangya Thapae", "cat": ["essentials"], "province": "cm"}}, {"type": "Feature", "geometry": {"type": "Point", "coordinates": [98.8217365, 18.6001794]}, "properties": {"id": "cm-osm-node-12617692801", "name": "จันทร์เพ็ญ,แม่วาง", "nameTh": "จันทร์เพ็ญ,แม่วาง", "nameEn": null, "cat": ["essentials"], "province": "cm"}}, {"type": "Feature", "geometry": {"type": "Point", "coordinates": [98.9987492, 18.7691358]}, "properties": {"id": "cm-osm-node-5271206221", "name": "ชอยส์มินิสโตร์ ช้างคลาน", "nameTh": "ชอยส์มินิสโตร์ ช้างคลาน", "nameEn": null, "cat": ["essentials"], "province": "cm"}}, {"type": "Feature", "geometry": {"type": "Point", "coordinates": [98.8217473, 18.6000706]}, "properties": {"id": "cm-osm-node-12617649502", "name": "ชัยมงคลการค้า,แม่วาง", "nameTh": "ชัยมงคลการค้า,แม่วาง", "nameEn": null, "cat": ["essentials"], "province": "cm"}}, {"type": "Feature", "geometry": {"type": "Point", "coordinates": [98.95732, 18.8486223]}, "properties": {"id": "cm-osm-node-12767951021", "name": "ซักผ้าหยอดเหรียญ", "nameTh": "ซักผ้าหยอดเหรียญ", "nameEn": null, "cat": ["essentials"], "province": "cm"}}, {"type": "Feature", "geometry": {"type": "Point", "coordinates": [98.9864414, 18.7977971]}, "properties": {"id": "cm-osm-node-2420202284", "name": "ซีไอเอ็มบี ไทย", "nameTh": "ซีไอเอ็มบี ไทย", "nameEn": "CIMB THAI", "cat": ["essentials"], "province": "cm"}}, {"type": "Feature", "geometry": {"type": "Point", "coordinates": [98.9992852, 18.7756736]}, "properties": {"id": "cm-osm-node-2610123126", "name": "ซีไอเอ็มบี ไทย", "nameTh": "ซีไอเอ็มบี ไทย", "nameEn": "CIMB THAI", "cat": ["essentials"], "province": "cm"}}, {"type": "Feature", "geometry": {"type": "Point", "coordinates": [98.9657534, 18.789409]}, "properties": {"id": "cm-osm-node-2638649036", "name": "ซีไอเอ็มบี ไทย", "nameTh": "ซีไอเอ็มบี ไทย", "nameEn": "CIMB THAI", "cat": ["essentials"], "province": "cm"}}, {"type": "Feature", "geometry": {"type": "Point", "coordinates": [98.9741371, 18.7688079]}, "properties": {"id": "cm-osm-node-3347631781", "name": "ซีไอเอ็มบี ไทย", "nameTh": "ซีไอเอ็มบี ไทย", "nameEn": "CIMB THAI", "cat": ["essentials"], "province": "cm"}}, {"type": "Feature", "geometry": {"type": "Point", "coordinates": [98.9547439, 18.7983731]}, "properties": {"id": "cm-osm-node-3182206735", "name": "ตู้ซักผ้าหยอดเหรียญ", "nameTh": "ตู้ซักผ้าหยอดเหรียญ", "nameEn": null, "cat": ["essentials"], "province": "cm"}}, {"type": "Feature", "geometry": {"type": "Point", "coordinates": [98.9556074, 18.7986176]}, "properties": {"id": "cm-osm-node-3182208501", "name": "ตู้ซักผ้าหยอดเหรียญ", "nameTh": "ตู้ซักผ้าหยอดเหรียญ", "nameEn": null, "cat": ["essentials"], "province": "cm"}}, {"type": "Feature", "geometry": {"type": "Point", "coordinates": [98.9556803, 18.7980352]}, "properties": {"id": "cm-osm-node-3182208507", "name": "ตู้ซักผ้าหยอดเหรียญ", "nameTh": "ตู้ซักผ้าหยอดเหรียญ", "nameEn": null, "cat": ["essentials"], "province": "cm"}}, {"type": "Feature", "geometry": {"type": "Point", "coordinates": [98.953662, 18.7998769]}, "properties": {"id": "cm-osm-node-3182208525", "name": "ตู้ซักผ้าหยอดเหรียญ", "nameTh": "ตู้ซักผ้าหยอดเหรียญ", "nameEn": null, "cat": ["essentials"], "province": "cm"}}, {"type": "Feature", "geometry": {"type": "Point", "coordinates": [98.9520369, 18.7975068]}, "properties": {"id": "cm-osm-node-3182208526", "name": "ตู้ซักผ้าหยอดเหรียญ", "nameTh": "ตู้ซักผ้าหยอดเหรียญ", "nameEn": null, "cat": ["essentials"], "province": "cm"}}, {"type": "Feature", "geometry": {"type": "Point", "coordinates": [98.9501805, 18.7996362]}, "properties": {"id": "cm-osm-node-3182208856", "name": "ตู้ซักผ้าหยอดเหรียญ", "nameTh": "ตู้ซักผ้าหยอดเหรียญ", "nameEn": null, "cat": ["essentials"], "province": "cm"}}, {"type": "Feature", "geometry": {"type": "Point", "coordinates": [98.9519803, 18.7976844]}, "properties": {"id": "cm-osm-node-3182209103", "name": "ตู้ซักผ้าหยอดเหรียญ", "nameTh": "ตู้ซักผ้าหยอดเหรียญ", "nameEn": null, "cat": ["essentials"], "province": "cm"}}, {"type": "Feature", "geometry": {"type": "Point", "coordinates": [99.1381267, 18.7360354]}, "properties": {"id": "cm-osm-way-97828815", "name": "ต้อม มินิสโตร์", "nameTh": "ต้อม มินิสโตร์", "nameEn": "Tom Mini Store", "cat": ["essentials"], "province": "cm"}}, {"type": "Feature", "geometry": {"type": "Point", "coordinates": [98.9189389, 18.6868188]}, "properties": {"id": "cm-osm-way-675336766", "name": "ทีว่าการอำเภอหางดง", "nameTh": "ทีว่าการอำเภอหางดง", "nameEn": "Hang Dong Municipal Offices", "cat": ["essentials"], "province": "cm"}}, {"type": "Feature", "geometry": {"type": "Point", "coordinates": [98.9507857, 18.7619448]}, "properties": {"id": "cm-osm-node-7524645351", "name": "ที่ทำการผู้ใหญ่บ้านหมู่ที่ 15 บ้านทรายคำ", "nameTh": "ที่ทำการผู้ใหญ่บ้านหมู่ที่ 15 บ้านทรายคำ", "nameEn": null, "cat": ["essentials"], "province": "cm"}}, {"type": "Feature", "geometry": {"type": "Point", "coordinates": [99.1365333, 18.8708283]}, "properties": {"id": "cm-osm-way-388713705", "name": "ที่ว่าการอำเภอดอยสะเก็ด", "nameTh": "ที่ว่าการอำเภอดอยสะเก็ด", "nameEn": "Doi Saket Administration Office", "cat": ["essentials"], "province": "cm"}}, {"type": "Feature", "geometry": {"type": "Point", "coordinates": [98.8956221, 18.6286006]}, "properties": {"id": "cm-osm-node-2684202265", "name": "ที่ว่าการอำเภอสันป่าตอง", "nameTh": "ที่ว่าการอำเภอสันป่าตอง", "nameEn": "Amphoe San Pa Tong Administration", "cat": ["essentials"], "province": "cm"}}, {"type": "Feature", "geometry": {"type": "Point", "coordinates": [99.0364158, 18.713363]}, "properties": {"id": "cm-osm-way-651098913", "name": "ที่ว่าการอำเภอสารภี", "nameTh": "ที่ว่าการอำเภอสารภี", "nameEn": "Saraphi District Office", "cat": ["essentials"], "province": "cm"}}, {"type": "Feature", "geometry": {"type": "Point", "coordinates": [98.9446827, 18.9140656]}, "properties": {"id": "cm-osm-way-525732815", "name": "ที่ว่าการอำเภอแม่ริม", "nameTh": "ที่ว่าการอำเภอแม่ริม", "nameEn": "Mae Rim District Office", "cat": ["essentials"], "province": "cm"}}, {"type": "Feature", "geometry": {"type": "Point", "coordinates": [98.9879878, 18.844117]}, "properties": {"id": "cm-osm-way-367106484", "name": "ท่าเดื่อมินิมาร์ท", "nameTh": "ท่าเดื่อมินิมาร์ท", "nameEn": null, "cat": ["essentials"], "province": "cm"}}, {"type": "Feature", "geometry": {"type": "Point", "coordinates": [99.0028246, 18.7852417]}, "properties": {"id": "cm-osm-node-1130949809", "name": "ธ.เจริญเภสัช", "nameTh": "ธ.เจริญเภสัช", "nameEn": "Mini Market", "cat": ["essentials"], "province": "cm"}}, {"type": "Feature", "geometry": {"type": "Point", "coordinates": [99.0784592, 18.7654798]}, "properties": {"id": "cm-osm-node-3266711561", "name": "ธกส", "nameTh": "ธกส", "nameEn": "Baac", "cat": ["essentials"], "province": "cm"}}, {"type": "Feature", "geometry": {"type": "Point", "coordinates": [99.0178821, 18.8063101]}, "properties": {"id": "cm-osm-node-3249111055", "name": "ธนาคารกรุงศรีอยุธยา", "nameTh": "ธนาคารกรุงศรีอยุธยา", "nameEn": "Bank of Ayudhya", "cat": ["essentials"], "province": "cm"}}, {"type": "Feature", "geometry": {"type": "Point", "coordinates": [98.9673139, 18.8020753]}, "properties": {"id": "cm-osm-node-3287356488", "name": "ธนาคารกรุงศรีอยุธยา", "nameTh": "ธนาคารกรุงศรีอยุธยา", "nameEn": "Bank of Ayudhya", "cat": ["essentials"], "province": "cm"}}, {"type": "Feature", "geometry": {"type": "Point", "coordinates": [98.9864368, 18.7988637]}, "properties": {"id": "cm-osm-way-323015495", "name": "ธนาคารกรุงศรีอยุธยา", "nameTh": "ธนาคารกรุงศรีอยุธยา", "nameEn": "Bank of Ayudhya", "cat": ["essentials"], "province": "cm"}}, {"type": "Feature", "geometry": {"type": "Point", "coordinates": [98.9869646, 18.7809417]}, "properties": {"id": "cm-osm-node-1029522385", "name": "ธนาคารกรุงเทพ", "nameTh": "ธนาคารกรุงเทพ", "nameEn": "Bangkok Bank", "cat": ["essentials"], "province": "cm"}}, {"type": "Feature", "geometry": {"type": "Point", "coordinates": [99.0094744, 18.7522307]}, "properties": {"id": "cm-osm-node-1358873985", "name": "ธนาคารกรุงเทพ", "nameTh": "ธนาคารกรุงเทพ", "nameEn": "Bangkok Bank", "cat": ["essentials"], "province": "cm"}}, {"type": "Feature", "geometry": {"type": "Point", "coordinates": [99.1263496, 18.6523162]}, "properties": {"id": "cm-osm-node-1664177331", "name": "ธนาคารกรุงเทพ", "nameTh": "ธนาคารกรุงเทพ", "nameEn": "Bangkok Bank", "cat": ["essentials"], "province": "cm"}}, {"type": "Feature", "geometry": {"type": "Point", "coordinates": [98.9507284, 18.8018465]}, "properties": {"id": "cm-osm-node-2434757093", "name": "ธนาคารกรุงเทพ", "nameTh": "ธนาคารกรุงเทพ", "nameEn": "Bangkok Bank", "cat": ["essentials"], "province": "cm"}}, {"type": "Feature", "geometry": {"type": "Point", "coordinates": [98.9455263, 18.9128707]}, "properties": {"id": "cm-osm-node-2556220769", "name": "ธนาคารกรุงเทพ", "nameTh": "ธนาคารกรุงเทพ", "nameEn": "Bangkok Bank", "cat": ["essentials"], "province": "cm"}}, {"type": "Feature", "geometry": {"type": "Point", "coordinates": [99.0280421, 18.81095]}, "properties": {"id": "cm-osm-node-2600091523", "name": "ธนาคารกรุงเทพ", "nameTh": "ธนาคารกรุงเทพ", "nameEn": "Bangkok Bank", "cat": ["essentials"], "province": "cm"}}, {"type": "Feature", "geometry": {"type": "Point", "coordinates": [99.0096522, 18.8934522]}, "properties": {"id": "cm-osm-node-2601003841", "name": "ธนาคารกรุงเทพ", "nameTh": "ธนาคารกรุงเทพ", "nameEn": "Bangkok Bank", "cat": ["essentials"], "province": "cm"}}, {"type": "Feature", "geometry": {"type": "Point", "coordinates": [98.9993748, 18.7788346]}, "properties": {"id": "cm-osm-node-2610123154", "name": "ธนาคารกรุงเทพ", "nameTh": "ธนาคารกรุงเทพ", "nameEn": "Bangkok Bank", "cat": ["essentials"], "province": "cm"}}, {"type": "Feature", "geometry": {"type": "Point", "coordinates": [98.9652008, 18.7894814]}, "properties": {"id": "cm-osm-node-2638649044", "name": "ธนาคารกรุงเทพ", "nameTh": "ธนาคารกรุงเทพ", "nameEn": "Bangkok Bank", "cat": ["essentials"], "province": "cm"}}, {"type": "Feature", "geometry": {"type": "Point", "coordinates": [98.895465, 18.626117]}, "properties": {"id": "cm-osm-node-2684213286", "name": "ธนาคารกรุงเทพ", "nameTh": "ธนาคารกรุงเทพ", "nameEn": "Bangkok Bank", "cat": ["essentials"], "province": "cm"}}, {"type": "Feature", "geometry": {"type": "Point", "coordinates": [99.0181376, 18.8061569]}, "properties": {"id": "cm-osm-node-3249111054", "name": "ธนาคารกรุงเทพ", "nameTh": "ธนาคารกรุงเทพ", "nameEn": "Bangkok Bank", "cat": ["essentials"], "province": "cm"}}, {"type": "Feature", "geometry": {"type": "Point", "coordinates": [98.9756748, 18.7691511]}, "properties": {"id": "cm-osm-node-3347664214", "name": "ธนาคารกรุงเทพ", "nameTh": "ธนาคารกรุงเทพ", "nameEn": "Bangkok Bank", "cat": ["essentials"], "province": "cm"}}, {"type": "Feature", "geometry": {"type": "Point", "coordinates": [99.0002949, 18.7851602]}, "properties": {"id": "cm-osm-node-3417307150", "name": "ธนาคารกรุงเทพ", "nameTh": "ธนาคารกรุงเทพ", "nameEn": "Bangkok Bank", "cat": ["essentials"], "province": "cm"}}, {"type": "Feature", "geometry": {"type": "Point", "coordinates": [98.9857642, 18.8055505]}, "properties": {"id": "cm-osm-node-3862580746", "name": "ธนาคารกรุงเทพ", "nameTh": "ธนาคารกรุงเทพ", "nameEn": "Bangkok Bank", "cat": ["essentials"], "province": "cm"}}, {"type": "Feature", "geometry": {"type": "Point", "coordinates": [98.9834552, 18.7809888]}, "properties": {"id": "cm-osm-node-3892932436", "name": "ธนาคารกรุงเทพ", "nameTh": "ธนาคารกรุงเทพ", "nameEn": "Bangkok Bank", "cat": ["essentials"], "province": "cm"}}, {"type": "Feature", "geometry": {"type": "Point", "coordinates": [99.009194, 18.7870529]}, "properties": {"id": "cm-osm-node-4509283282", "name": "ธนาคารกรุงเทพ", "nameTh": "ธนาคารกรุงเทพ", "nameEn": "Bangkok Bank", "cat": ["essentials"], "province": "cm"}}, {"type": "Feature", "geometry": {"type": "Point", "coordinates": [99.0331123, 18.7158217]}, "properties": {"id": "cm-osm-node-4509361877", "name": "ธนาคารกรุงเทพ", "nameTh": "ธนาคารกรุงเทพ", "nameEn": "Bangkok Bank", "cat": ["essentials"], "province": "cm"}}, {"type": "Feature", "geometry": {"type": "Point", "coordinates": [99.0426455, 18.6461231]}, "properties": {"id": "cm-osm-node-4509445495", "name": "ธนาคารกรุงเทพ", "nameTh": "ธนาคารกรุงเทพ", "nameEn": "Bangkok Bank", "cat": ["essentials"], "province": "cm"}}, {"type": "Feature", "geometry": {"type": "Point", "coordinates": [98.9995015, 18.7813187]}, "properties": {"id": "cm-osm-node-4559245760", "name": "ธนาคารกรุงเทพ", "nameTh": "ธนาคารกรุงเทพ", "nameEn": "Bangkok Bank", "cat": ["essentials"], "province": "cm"}}, {"type": "Feature", "geometry": {"type": "Point", "coordinates": [99.0135325, 18.8239668]}, "properties": {"id": "cm-osm-node-4593074890", "name": "ธนาคารกรุงเทพ", "nameTh": "ธนาคารกรุงเทพ", "nameEn": "Bangkok Bank", "cat": ["essentials"], "province": "cm"}}, {"type": "Feature", "geometry": {"type": "Point", "coordinates": [99.134659, 18.8722753]}, "properties": {"id": "cm-osm-node-688348668", "name": "ธนาคารกรุงเทพ", "nameTh": "ธนาคารกรุงเทพ", "nameEn": "Bangkok Bank", "cat": ["essentials"], "province": "cm"}}, {"type": "Feature", "geometry": {"type": "Point", "coordinates": [98.9662095, 18.7973958]}, "properties": {"id": "cm-osm-node-7026349606", "name": "ธนาคารกรุงเทพ", "nameTh": "ธนาคารกรุงเทพ", "nameEn": "Bangkok Bank", "cat": ["essentials"], "province": "cm"}}, {"type": "Feature", "geometry": {"type": "Point", "coordinates": [98.9613807, 18.7431609]}, "properties": {"id": "cm-osm-node-907784582", "name": "ธนาคารกรุงเทพ", "nameTh": "ธนาคารกรุงเทพ", "nameEn": "Bangkok Bank", "cat": ["essentials"], "province": "cm"}}, {"type": "Feature", "geometry": {"type": "Point", "coordinates": [98.9997678, 18.7880242]}, "properties": {"id": "cm-osm-node-915457030", "name": "ธนาคารกรุงเทพ", "nameTh": "ธนาคารกรุงเทพ", "nameEn": "Bangkok Bank", "cat": ["essentials"], "province": "cm"}}, {"type": "Feature", "geometry": {"type": "Point", "coordinates": [98.9858984, 18.7992956]}, "properties": {"id": "cm-osm-way-103541464", "name": "ธนาคารกรุงเทพ", "nameTh": "ธนาคารกรุงเทพ", "nameEn": "Bangkok Bank", "cat": ["essentials"], "province": "cm"}}, {"type": "Feature", "geometry": {"type": "Point", "coordinates": [98.9454971, 18.9128565]}, "properties": {"id": "cm-osm-way-1456802836", "name": "ธนาคารกรุงเทพ", "nameTh": "ธนาคารกรุงเทพ", "nameEn": "Bangkok Bank", "cat": ["essentials"], "province": "cm"}}, {"type": "Feature", "geometry": {"type": "Point", "coordinates": [98.996862, 18.7958683]}, "properties": {"id": "cm-osm-way-291818793", "name": "ธนาคารกรุงเทพ", "nameTh": "ธนาคารกรุงเทพ", "nameEn": "Bangkok Bank", "cat": ["essentials"], "province": "cm"}}, {"type": "Feature", "geometry": {"type": "Point", "coordinates": [98.9199367, 18.688159]}, "properties": {"id": "cm-osm-way-390189269", "name": "ธนาคารกรุงเทพ", "nameTh": "ธนาคารกรุงเทพ", "nameEn": "Bangkok Bank", "cat": ["essentials"], "province": "cm"}}, {"type": "Feature", "geometry": {"type": "Point", "coordinates": [98.9663122, 18.7976369]}, "properties": {"id": "cm-osm-way-481786758", "name": "ธนาคารกรุงเทพ", "nameTh": "ธนาคารกรุงเทพ", "nameEn": "Bangkok Bank", "cat": ["essentials"], "province": "cm"}}, {"type": "Feature", "geometry": {"type": "Point", "coordinates": [98.9996054, 18.7909687]}, "properties": {"id": "cm-osm-way-672595995", "name": "ธนาคารกรุงเทพ", "nameTh": "ธนาคารกรุงเทพ", "nameEn": "Bangkok Bank", "cat": ["essentials"], "province": "cm"}}, {"type": "Feature", "geometry": {"type": "Point", "coordinates": [99.0800938, 18.7650483]}, "properties": {"id": "cm-osm-way-83229290", "name": "ธนาคารกรุงเทพ", "nameTh": "ธนาคารกรุงเทพ", "nameEn": "Bangkok Bank", "cat": ["essentials"], "province": "cm"}}, {"type": "Feature", "geometry": {"type": "Point", "coordinates": [98.9866288, 18.7809608]}, "properties": {"id": "cm-osm-node-11231325093", "name": "ธนาคารกรุงไทย", "nameTh": "ธนาคารกรุงไทย", "nameEn": "Krung Thai Bank", "cat": ["essentials"], "province": "cm"}}, {"type": "Feature", "geometry": {"type": "Point", "coordinates": [98.9660656, 18.789347]}, "properties": {"id": "cm-osm-node-1474256576", "name": "ธนาคารกรุงไทย", "nameTh": "ธนาคารกรุงไทย", "nameEn": "Krungthai Bank", "cat": ["essentials"], "province": "cm"}}, {"type": "Feature", "geometry": {"type": "Point", "coordinates": [99.1220117, 18.7428693]}, "properties": {"id": "cm-osm-node-1508539566", "name": "ธนาคารกรุงไทย", "nameTh": "ธนาคารกรุงไทย", "nameEn": "Krungthai Bank", "cat": ["essentials"], "province": "cm"}}, {"type": "Feature", "geometry": {"type": "Point", "coordinates": [98.9831883, 18.7884207]}, "properties": {"id": "cm-osm-node-1619445280", "name": "ธนาคารกรุงไทย", "nameTh": "ธนาคารกรุงไทย", "nameEn": "Krungthai Bank", "cat": ["essentials"], "province": "cm"}}, {"type": "Feature", "geometry": {"type": "Point", "coordinates": [98.9506653, 18.8019111]}, "properties": {"id": "cm-osm-node-2434758530", "name": "ธนาคารกรุงไทย", "nameTh": "ธนาคารกรุงไทย", "nameEn": "Krungthai Bank", "cat": ["essentials"], "province": "cm"}}, {"type": "Feature", "geometry": {"type": "Point", "coordinates": [98.9994124, 18.779283]}, "properties": {"id": "cm-osm-node-2610123168", "name": "ธนาคารกรุงไทย", "nameTh": "ธนาคารกรุงไทย", "nameEn": "Krungthai Bank", "cat": ["essentials"], "province": "cm"}}, {"type": "Feature", "geometry": {"type": "Point", "coordinates": [99.0807124, 18.7646768]}, "properties": {"id": "cm-osm-node-2637312729", "name": "ธนาคารกรุงไทย", "nameTh": "ธนาคารกรุงไทย", "nameEn": "Krung Thai Bank", "cat": ["essentials"], "province": "cm"}}, {"type": "Feature", "geometry": {"type": "Point", "coordinates": [99.0180049, 18.8062215]}, "properties": {"id": "cm-osm-node-3249112261", "name": "ธนาคารกรุงไทย", "nameTh": "ธนาคารกรุงไทย", "nameEn": "Krungthai Bank", "cat": ["essentials"], "province": "cm"}}, {"type": "Feature", "geometry": {"type": "Point", "coordinates": [98.8964452, 18.6205491]}, "properties": {"id": "cm-osm-node-3322301002", "name": "ธนาคารกรุงไทย", "nameTh": "ธนาคารกรุงไทย", "nameEn": "Krungthai Bank", "cat": ["essentials"], "province": "cm"}}, {"type": "Feature", "geometry": {"type": "Point", "coordinates": [98.975605, 18.7692072]}, "properties": {"id": "cm-osm-node-3347664217", "name": "ธนาคารกรุงไทย", "nameTh": "ธนาคารกรุงไทย", "nameEn": "Krung Thai Bank", "cat": ["essentials"], "province": "cm"}}, {"type": "Feature", "geometry": {"type": "Point", "coordinates": [98.922174, 18.6899279]}, "properties": {"id": "cm-osm-node-3379252965", "name": "ธนาคารกรุงไทย", "nameTh": "ธนาคารกรุงไทย", "nameEn": "Krungthai Bank", "cat": ["essentials"], "province": "cm"}}, {"type": "Feature", "geometry": {"type": "Point", "coordinates": [98.9764298, 18.7713228]}, "properties": {"id": "cm-osm-node-3401323393", "name": "ธนาคารกรุงไทย", "nameTh": "ธนาคารกรุงไทย", "nameEn": "Krung Thai Bank", "cat": ["essentials"], "province": "cm"}}, {"type": "Feature", "geometry": {"type": "Point", "coordinates": [99.1341542, 18.8719798]}, "properties": {"id": "cm-osm-node-3409869443", "name": "ธนาคารกรุงไทย", "nameTh": "ธนาคารกรุงไทย", "nameEn": "Krungthai Bank", "cat": ["essentials"], "province": "cm"}}, {"type": "Feature", "geometry": {"type": "Point", "coordinates": [99.0007422, 18.7854649]}, "properties": {"id": "cm-osm-node-3417307154", "name": "ธนาคารกรุงไทย", "nameTh": "ธนาคารกรุงไทย", "nameEn": "Krung Thai Bank", "cat": ["essentials"], "province": "cm"}}, {"type": "Feature", "geometry": {"type": "Point", "coordinates": [99.000255, 18.7909782]}, "properties": {"id": "cm-osm-node-3419811897", "name": "ธนาคารกรุงไทย", "nameTh": "ธนาคารกรุงไทย", "nameEn": "Krungthai Bank", "cat": ["essentials"], "province": "cm"}}, {"type": "Feature", "geometry": {"type": "Point", "coordinates": [98.9724318, 18.7584435]}, "properties": {"id": "cm-osm-node-3419871306", "name": "ธนาคารกรุงไทย", "nameTh": "ธนาคารกรุงไทย", "nameEn": "Krung Thai Bank", "cat": ["essentials"], "province": "cm"}}, {"type": "Feature", "geometry": {"type": "Point", "coordinates": [98.9963719, 18.78844]}, "properties": {"id": "cm-osm-way-148630591", "name": "ธนาคารกรุงไทย", "nameTh": "ธนาคารกรุงไทย", "nameEn": "Krung Thai Bank", "cat": ["essentials"], "province": "cm"}}, {"type": "Feature", "geometry": {"type": "Point", "coordinates": [98.9828572, 18.8161534]}, "properties": {"id": "cm-osm-way-274986066", "name": "ธนาคารกรุงไทย", "nameTh": "ธนาคารกรุงไทย", "nameEn": "Krung Thai Bank", "cat": ["essentials"], "province": "cm"}}, {"type": "Feature", "geometry": {"type": "Point", "coordinates": [98.9856365, 18.8018354]}, "properties": {"id": "cm-osm-way-275284872", "name": "ธนาคารกรุงไทย", "nameTh": "ธนาคารกรุงไทย", "nameEn": "Krungthai Bank", "cat": ["essentials"], "province": "cm"}}, {"type": "Feature", "geometry": {"type": "Point", "coordinates": [99.0075895, 18.8972001]}, "properties": {"id": "cm-osm-way-280173390", "name": "ธนาคารกรุงไทย", "nameTh": "ธนาคารกรุงไทย", "nameEn": "Krungthai Bank", "cat": ["essentials"], "province": "cm"}}, {"type": "Feature", "geometry": {"type": "Point", "coordinates": [98.9460799, 18.9114455]}, "properties": {"id": "cm-osm-way-327272890", "name": "ธนาคารกรุงไทย", "nameTh": "ธนาคารกรุงไทย", "nameEn": "Krung Thai Bank", "cat": ["essentials"], "province": "cm"}}, {"type": "Feature", "geometry": {"type": "Point", "coordinates": [99.0081378, 18.7580017]}, "properties": {"id": "cm-osm-way-397604435", "name": "ธนาคารกรุงไทย", "nameTh": "ธนาคารกรุงไทย", "nameEn": "Krungthai Bank", "cat": ["essentials"], "province": "cm"}}, {"type": "Feature", "geometry": {"type": "Point", "coordinates": [99.008538, 18.7867541]}, "properties": {"id": "cm-osm-way-521762463", "name": "ธนาคารกรุงไทย", "nameTh": "ธนาคารกรุงไทย", "nameEn": "Krungthai Bank", "cat": ["essentials"], "province": "cm"}}, {"type": "Feature", "geometry": {"type": "Point", "coordinates": [98.9595097, 18.8055593]}, "properties": {"id": "cm-osm-way-554756555", "name": "ธนาคารกรุงไทย", "nameTh": "ธนาคารกรุงไทย", "nameEn": "Krungthai Bank", "cat": ["essentials"], "province": "cm"}}, {"type": "Feature", "geometry": {"type": "Point", "coordinates": [98.9417352, 18.7469178]}, "properties": {"id": "cm-osm-node-10778022046", "name": "ธนาคารกสิกรไทย", "nameTh": "ธนาคารกสิกรไทย", "nameEn": "Kasikorn Bank", "cat": ["essentials"], "province": "cm"}}, {"type": "Feature", "geometry": {"type": "Point", "coordinates": [98.9995127, 18.7775309]}, "properties": {"id": "cm-osm-node-11276486323", "name": "ธนาคารกสิกรไทย", "nameTh": "ธนาคารกสิกรไทย", "nameEn": "Kasikornbank", "cat": ["essentials"], "province": "cm"}}, {"type": "Feature", "geometry": {"type": "Point", "coordinates": [98.985548, 18.8049625]}, "properties": {"id": "cm-osm-node-2100755384", "name": "ธนาคารกสิกรไทย", "nameTh": "ธนาคารกสิกรไทย", "nameEn": "Kasikorn Bank", "cat": ["essentials"], "province": "cm"}}, {"type": "Feature", "geometry": {"type": "Point", "coordinates": [98.9971997, 18.8089275]}, "properties": {"id": "cm-osm-node-2607655451", "name": "ธนาคารกสิกรไทย", "nameTh": "ธนาคารกสิกรไทย", "nameEn": "Kasikornbank", "cat": ["essentials"], "province": "cm"}}, {"type": "Feature", "geometry": {"type": "Point", "coordinates": [98.9437901, 18.9170477]}, "properties": {"id": "cm-osm-node-2611030935", "name": "ธนาคารกสิกรไทย", "nameTh": "ธนาคารกสิกรไทย", "nameEn": "Kasikornbank", "cat": ["essentials"], "province": "cm"}}, {"type": "Feature", "geometry": {"type": "Point", "coordinates": [99.0114073, 18.8235694]}, "properties": {"id": "cm-osm-node-2641511936", "name": "ธนาคารกสิกรไทย", "nameTh": "ธนาคารกสิกรไทย", "nameEn": "Kasikornbank", "cat": ["essentials"], "province": "cm"}}, {"type": "Feature", "geometry": {"type": "Point", "coordinates": [98.8954089, 18.6242074]}, "properties": {"id": "cm-osm-node-2685466297", "name": "ธนาคารกสิกรไทย", "nameTh": "ธนาคารกสิกรไทย", "nameEn": "Kasikorn Bank", "cat": ["essentials"], "province": "cm"}}, {"type": "Feature", "geometry": {"type": "Point", "coordinates": [99.0178196, 18.8063637]}, "properties": {"id": "cm-osm-node-3249111060", "name": "ธนาคารกสิกรไทย", "nameTh": "ธนาคารกสิกรไทย", "nameEn": "Kasikorn Bank", "cat": ["essentials"], "province": "cm"}}, {"type": "Feature", "geometry": {"type": "Point", "coordinates": [98.9670559, 18.8026057]}, "properties": {"id": "cm-osm-node-3287356495", "name": "ธนาคารกสิกรไทย", "nameTh": "ธนาคารกสิกรไทย", "nameEn": "Kasikornbank", "cat": ["essentials"], "province": "cm"}}, {"type": "Feature", "geometry": {"type": "Point", "coordinates": [99.0087234, 18.8953976]}, "properties": {"id": "cm-osm-node-3340987269", "name": "ธนาคารกสิกรไทย", "nameTh": "ธนาคารกสิกรไทย", "nameEn": "Kasikorn Bank", "cat": ["essentials"], "province": "cm"}}, {"type": "Feature", "geometry": {"type": "Point", "coordinates": [98.9744424, 18.7687881]}, "properties": {"id": "cm-osm-node-3347633195", "name": "ธนาคารกสิกรไทย", "nameTh": "ธนาคารกสิกรไทย", "nameEn": "Kasikornbank", "cat": ["essentials"], "province": "cm"}}, {"type": "Feature", "geometry": {"type": "Point", "coordinates": [98.975535, 18.7692358]}, "properties": {"id": "cm-osm-node-3347664216", "name": "ธนาคารกสิกรไทย", "nameTh": "ธนาคารกสิกรไทย", "nameEn": "Kasikornbank", "cat": ["essentials"], "province": "cm"}}, {"type": "Feature", "geometry": {"type": "Point", "coordinates": [99.0002322, 18.7829766]}, "properties": {"id": "cm-osm-node-3416997054", "name": "ธนาคารกสิกรไทย", "nameTh": "ธนาคารกสิกรไทย", "nameEn": "Kasikorn Bank", "cat": ["essentials"], "province": "cm"}}, {"type": "Feature", "geometry": {"type": "Point", "coordinates": [99.0005022, 18.7910175]}, "properties": {"id": "cm-osm-node-3419811896", "name": "ธนาคารกสิกรไทย", "nameTh": "ธนาคารกสิกรไทย", "nameEn": "Kasikorn Bank", "cat": ["essentials"], "province": "cm"}}, {"type": "Feature", "geometry": {"type": "Point", "coordinates": [98.9750924, 18.7663265]}, "properties": {"id": "cm-osm-node-3419871305", "name": "ธนาคารกสิกรไทย", "nameTh": "ธนาคารกสิกรไทย", "nameEn": "Kasikornbank", "cat": ["essentials"], "province": "cm"}}, {"type": "Feature", "geometry": {"type": "Point", "coordinates": [98.9313391, 18.7011962]}, "properties": {"id": "cm-osm-node-3476121784", "name": "ธนาคารกสิกรไทย", "nameTh": "ธนาคารกสิกรไทย", "nameEn": "Kasikornbank", "cat": ["essentials"], "province": "cm"}}, {"type": "Feature", "geometry": {"type": "Point", "coordinates": [99.1196123, 18.7448255]}, "properties": {"id": "cm-osm-node-3607175493", "name": "ธนาคารกสิกรไทย", "nameTh": "ธนาคารกสิกรไทย", "nameEn": "Kasikorn Bank", "cat": ["essentials"], "province": "cm"}}, {"type": "Feature", "geometry": {"type": "Point", "coordinates": [99.00907, 18.7519021]}, "properties": {"id": "cm-osm-node-3860662407", "name": "ธนาคารกสิกรไทย", "nameTh": "ธนาคารกสิกรไทย", "nameEn": "Kasikornbank", "cat": ["essentials"], "province": "cm"}}, {"type": "Feature", "geometry": {"type": "Point", "coordinates": [98.9933536, 18.7934452]}, "properties": {"id": "cm-osm-node-4454180037", "name": "ธนาคารกสิกรไทย", "nameTh": "ธนาคารกสิกรไทย", "nameEn": "Kasikorn Bank", "cat": ["essentials"], "province": "cm"}}, {"type": "Feature", "geometry": {"type": "Point", "coordinates": [99.0279562, 18.8102836]}, "properties": {"id": "cm-osm-node-6592339650", "name": "ธนาคารกสิกรไทย", "nameTh": "ธนาคารกสิกรไทย", "nameEn": "Kasikorn Bank", "cat": ["essentials"], "province": "cm"}}, {"type": "Feature", "geometry": {"type": "Point", "coordinates": [99.0011784, 18.7893186]}, "properties": {"id": "cm-osm-node-915447886", "name": "ธนาคารกสิกรไทย", "nameTh": "ธนาคารกสิกรไทย", "nameEn": "Kasikornbank", "cat": ["essentials"], "province": "cm"}}, {"type": "Feature", "geometry": {"type": "Point", "coordinates": [99.037796, 18.7118605]}, "properties": {"id": "cm-osm-way-101459737", "name": "ธนาคารกสิกรไทย", "nameTh": "ธนาคารกสิกรไทย", "nameEn": "Kasikorn Bank", "cat": ["essentials"], "province": "cm"}}, {"type": "Feature", "geometry": {"type": "Point", "coordinates": [98.9971778, 18.787946]}, "properties": {"id": "cm-osm-way-102771767", "name": "ธนาคารกสิกรไทย", "nameTh": "ธนาคารกสิกรไทย", "nameEn": "Kasikorn Bank", "cat": ["essentials"], "province": "cm"}}, {"type": "Feature", "geometry": {"type": "Point", "coordinates": [98.9531763, 18.8032253]}, "properties": {"id": "cm-osm-way-235413760", "name": "ธนาคารกสิกรไทย", "nameTh": "ธนาคารกสิกรไทย", "nameEn": "Kasikorn Bank", "cat": ["essentials"], "province": "cm"}}, {"type": "Feature", "geometry": {"type": "Point", "coordinates": [99.0050178, 18.7578836]}, "properties": {"id": "cm-osm-way-287045361", "name": "ธนาคารกสิกรไทย", "nameTh": "ธนาคารกสิกรไทย", "nameEn": "Kasikorn Bank", "cat": ["essentials"], "province": "cm"}}, {"type": "Feature", "geometry": {"type": "Point", "coordinates": [98.9647379, 18.7895244]}, "properties": {"id": "cm-osm-way-437325041", "name": "ธนาคารกสิกรไทย", "nameTh": "ธนาคารกสิกรไทย", "nameEn": "Kasikornbank", "cat": ["essentials"], "province": "cm"}}, {"type": "Feature", "geometry": {"type": "Point", "coordinates": [98.9655676, 18.7960387]}, "properties": {"id": "cm-osm-way-451373767", "name": "ธนาคารกสิกรไทย", "nameTh": "ธนาคารกสิกรไทย", "nameEn": "Kasikornbank", "cat": ["essentials"], "province": "cm"}}, {"type": "Feature", "geometry": {"type": "Point", "coordinates": [99.0242216, 18.7837653]}, "properties": {"id": "cm-osm-way-582887583", "name": "ธนาคารกสิกรไทย", "nameTh": "ธนาคารกสิกรไทย", "nameEn": "Kasikorn Bank", "cat": ["essentials"], "province": "cm"}}, {"type": "Feature", "geometry": {"type": "Point", "coordinates": [99.0803811, 18.7648839]}, "properties": {"id": "cm-osm-way-83250063", "name": "ธนาคารกสิกรไทย", "nameTh": "ธนาคารกสิกรไทย", "nameEn": "Kasikornbank", "cat": ["essentials"], "province": "cm"}}, {"type": "Feature", "geometry": {"type": "Point", "coordinates": [98.9576206, 18.7908452]}, "properties": {"id": "cm-osm-node-1518736558", "name": "ธนาคารทหารไทย", "nameTh": "ธนาคารทหารไทย", "nameEn": "TMBThanachart Bank", "cat": ["essentials"], "province": "cm"}}, {"type": "Feature", "geometry": {"type": "Point", "coordinates": [98.9994033, 18.7791789]}, "properties": {"id": "cm-osm-node-2610123159", "name": "ธนาคารทหารไทย", "nameTh": "ธนาคารทหารไทย", "nameEn": "TTB", "cat": ["essentials"], "province": "cm"}}, {"type": "Feature", "geometry": {"type": "Point", "coordinates": [98.9854905, 18.8026643]}, "properties": {"id": "cm-osm-node-2682524177", "name": "ธนาคารทหารไทย", "nameTh": "ธนาคารทหารไทย", "nameEn": "TMB", "cat": ["essentials"], "province": "cm"}}, {"type": "Feature", "geometry": {"type": "Point", "coordinates": [99.0179152, 18.8062751]}, "properties": {"id": "cm-osm-node-3249112265", "name": "ธนาคารทหารไทย", "nameTh": "ธนาคารทหารไทย", "nameEn": "TMB", "cat": ["essentials"], "province": "cm"}}, {"type": "Feature", "geometry": {"type": "Point", "coordinates": [98.9669336, 18.8024658]}, "properties": {"id": "cm-osm-node-3287356499", "name": "ธนาคารทหารไทย", "nameTh": "ธนาคารทหารไทย", "nameEn": "TMBThanachart Bank", "cat": ["essentials"], "province": "cm"}}, {"type": "Feature", "geometry": {"type": "Point", "coordinates": [98.9751853, 18.7696083]}, "properties": {"id": "cm-osm-node-3347664220", "name": "ธนาคารทหารไทย", "nameTh": "ธนาคารทหารไทย", "nameEn": "TMBThanachart Bank", "cat": ["essentials"], "province": "cm"}}, {"type": "Feature", "geometry": {"type": "Point", "coordinates": [98.9736147, 18.7888639]}, "properties": {"id": "cm-osm-node-4559256795", "name": "ธนาคารทหารไทย", "nameTh": "ธนาคารทหารไทย", "nameEn": "TMB", "cat": ["essentials"], "province": "cm"}}, {"type": "Feature", "geometry": {"type": "Point", "coordinates": [98.9668878, 18.7982628]}, "properties": {"id": "cm-osm-node-5342686021", "name": "ธนาคารทหารไทย", "nameTh": "ธนาคารทหารไทย", "nameEn": "TMBThanachart Bank", "cat": ["essentials"], "province": "cm"}}, {"type": "Feature", "geometry": {"type": "Point", "coordinates": [98.9959259, 18.7895795]}, "properties": {"id": "cm-osm-way-258866777", "name": "ธนาคารทหารไทย", "nameTh": "ธนาคารทหารไทย", "nameEn": "TMB", "cat": ["essentials"], "province": "cm"}}, {"type": "Feature", "geometry": {"type": "Point", "coordinates": [99.007038, 18.787116]}, "properties": {"id": "cm-osm-way-528013069", "name": "ธนาคารทหารไทย", "nameTh": "ธนาคารทหารไทย", "nameEn": "TMB", "cat": ["essentials"], "province": "cm"}}, {"type": "Feature", "geometry": {"type": "Point", "coordinates": [98.9841274, 18.8110711]}, "properties": {"id": "cm-osm-node-8810215717", "name": "ธนาคารทิสโก้ สาขาเชียงใหม่", "nameTh": "ธนาคารทิสโก้ สาขาเชียงใหม่", "nameEn": "Tisco Bank", "cat": ["essentials"], "province": "cm"}}, {"type": "Feature", "geometry": {"type": "Point", "coordinates": [98.9993271, 18.7783095]}, "properties": {"id": "cm-osm-node-1030318052", "name": "ธนาคารธนชาต", "nameTh": "ธนาคารธนชาต", "nameEn": "Thanachart Bank", "cat": ["essentials"], "province": "cm"}}, {"type": "Feature", "geometry": {"type": "Point", "coordinates": [98.97521, 18.7696989]}, "properties": {"id": "cm-osm-node-3347634197", "name": "ธนาคารธนชาต", "nameTh": "ธนาคารธนชาต", "nameEn": "Thanachart Bank", "cat": ["essentials"], "province": "cm"}}, {"type": "Feature", "geometry": {"type": "Point", "coordinates": [98.9225841, 18.6904776]}, "properties": {"id": "cm-osm-node-3379252968", "name": "ธนาคารธนชาต", "nameTh": "ธนาคารธนชาต", "nameEn": "Thanachart Bank", "cat": ["essentials"], "province": "cm"}}, {"type": "Feature", "geometry": {"type": "Point", "coordinates": [99.0012066, 18.7897621]}, "properties": {"id": "cm-osm-node-3420883894", "name": "ธนาคารธนชาต", "nameTh": "ธนาคารธนชาต", "nameEn": "Thanachart Bank", "cat": ["essentials"], "province": "cm"}}, {"type": "Feature", "geometry": {"type": "Point", "coordinates": [98.9846816, 18.8108853]}, "properties": {"id": "cm-osm-way-345419277", "name": "ธนาคารธนชาต", "nameTh": "ธนาคารธนชาต", "nameEn": "Thanachart Bank", "cat": ["essentials"], "province": "cm"}}, {"type": "Feature", "geometry": {"type": "Point", "coordinates": [98.9967615, 18.7883318]}, "properties": {"id": "cm-osm-way-361095185", "name": "ธนาคารธนชาต", "nameTh": "ธนาคารธนชาต", "nameEn": "Thanachart Bank", "cat": ["essentials"], "province": "cm"}}, {"type": "Feature", "geometry": {"type": "Point", "coordinates": [99.118536, 18.7455585]}, "properties": {"id": "cm-osm-node-1154004037", "name": "ธนาคารออมสิน", "nameTh": "ธนาคารออมสิน", "nameEn": "Government Savings Bank", "cat": ["essentials"], "province": "cm"}}, {"type": "Feature", "geometry": {"type": "Point", "coordinates": [99.0087122, 18.8952348]}, "properties": {"id": "cm-osm-node-2601015221", "name": "ธนาคารออมสิน", "nameTh": "ธนาคารออมสิน", "nameEn": "Government Savings Bank", "cat": ["essentials"], "province": "cm"}}, {"type": "Feature", "geometry": {"type": "Point", "coordinates": [98.9990659, 18.7767046]}, "properties": {"id": "cm-osm-node-2610123144", "name": "ธนาคารออมสิน", "nameTh": "ธนาคารออมสิน", "nameEn": "Government Savings Bank", "cat": ["essentials"], "province": "cm"}}, {"type": "Feature", "geometry": {"type": "Point", "coordinates": [99.1339808, 18.8718742]}, "properties": {"id": "cm-osm-node-2615684342", "name": "ธนาคารออมสิน", "nameTh": "ธนาคารออมสิน", "nameEn": "Government Savings Bank", "cat": ["essentials"], "province": "cm"}}, {"type": "Feature", "geometry": {"type": "Point", "coordinates": [99.0115417, 18.8237369]}, "properties": {"id": "cm-osm-node-2641511938", "name": "ธนาคารออมสิน", "nameTh": "ธนาคารออมสิน", "nameEn": "Government Savings Bank", "cat": ["essentials"], "province": "cm"}}, {"type": "Feature", "geometry": {"type": "Point", "coordinates": [99.0054896, 18.764459]}, "properties": {"id": "cm-osm-node-2661435857", "name": "ธนาคารออมสิน", "nameTh": "ธนาคารออมสิน", "nameEn": "Government Savings Bank", "cat": ["essentials"], "province": "cm"}}, {"type": "Feature", "geometry": {"type": "Point", "coordinates": [99.0178567, 18.8063415]}, "properties": {"id": "cm-osm-node-3249111058", "name": "ธนาคารออมสิน", "nameTh": "ธนาคารออมสิน", "nameEn": "Government Savings Bank", "cat": ["essentials"], "province": "cm"}}, {"type": "Feature", "geometry": {"type": "Point", "coordinates": [98.967204, 18.7990254]}, "properties": {"id": "cm-osm-node-3276155578", "name": "ธนาคารออมสิน", "nameTh": "ธนาคารออมสิน", "nameEn": "Government Savings Bank", "cat": ["essentials"], "province": "cm"}}, {"type": "Feature", "geometry": {"type": "Point", "coordinates": [98.9669947, 18.8025671]}, "properties": {"id": "cm-osm-node-3287356492", "name": "ธนาคารออมสิน", "nameTh": "ธนาคารออมสิน", "nameEn": "Government Savings Bank", "cat": ["essentials"], "province": "cm"}}, {"type": "Feature", "geometry": {"type": "Point", "coordinates": [98.9742676, 18.7688278]}, "properties": {"id": "cm-osm-node-3347631787", "name": "ธนาคารออมสิน", "nameTh": "ธนาคารออมสิน", "nameEn": "Government Savings Bank", "cat": ["essentials"], "province": "cm"}}, {"type": "Feature", "geometry": {"type": "Point", "coordinates": [98.9752315, 18.7697535]}, "properties": {"id": "cm-osm-node-3347631788", "name": "ธนาคารออมสิน", "nameTh": "ธนาคารออมสิน", "nameEn": "Government Savings Bank", "cat": ["essentials"], "province": "cm"}}, {"type": "Feature", "geometry": {"type": "Point", "coordinates": [99.03182, 18.8131849]}, "properties": {"id": "cm-osm-node-4586011901", "name": "ธนาคารออมสิน", "nameTh": "ธนาคารออมสิน", "nameEn": "Government Savings Bank", "cat": ["essentials"], "province": "cm"}}, {"type": "Feature", "geometry": {"type": "Point", "coordinates": [99.0380354, 18.7117278]}, "properties": {"id": "cm-osm-way-101459738", "name": "ธนาคารออมสิน", "nameTh": "ธนาคารออมสิน", "nameEn": "Government Savings Bank", "cat": ["essentials"], "province": "cm"}}, {"type": "Feature", "geometry": {"type": "Point", "coordinates": [98.9860144, 18.7976143]}, "properties": {"id": "cm-osm-way-103541466", "name": "ธนาคารออมสิน", "nameTh": "ธนาคารออมสิน", "nameEn": "Government Savings Bank", "cat": ["essentials"], "province": "cm"}}, {"type": "Feature", "geometry": {"type": "Point", "coordinates": [98.9454674, 18.9130064]}, "properties": {"id": "cm-osm-way-1456802835", "name": "ธนาคารออมสิน", "nameTh": "ธนาคารออมสิน", "nameEn": "Government Savings Bank", "cat": ["essentials"], "province": "cm"}}, {"type": "Feature", "geometry": {"type": "Point", "coordinates": [98.9544522, 18.8044308]}, "properties": {"id": "cm-osm-way-235413720", "name": "ธนาคารออมสิน", "nameTh": "ธนาคารออมสิน", "nameEn": "Government Savings Bank", "cat": ["essentials"], "province": "cm"}}, {"type": "Feature", "geometry": {"type": "Point", "coordinates": [98.9959099, 18.7882045]}, "properties": {"id": "cm-osm-way-361095171", "name": "ธนาคารออมสิน", "nameTh": "ธนาคารออมสิน", "nameEn": "Government Savings Bank", "cat": ["essentials"], "province": "cm"}}, {"type": "Feature", "geometry": {"type": "Point", "coordinates": [98.9673088, 18.8002053]}, "properties": {"id": "cm-osm-node-3276155577", "name": "ธนาคารอาคารสงเคราะห์", "nameTh": "ธนาคารอาคารสงเคราะห์", "nameEn": "Government Housing Bank", "cat": ["essentials"], "province": "cm"}}, {"type": "Feature", "geometry": {"type": "Point", "coordinates": [99.0112411, 18.8920426]}, "properties": {"id": "cm-osm-node-3339981119", "name": "ธนาคารอาคารสงเคราะห์", "nameTh": "ธนาคารอาคารสงเคราะห์", "nameEn": "Government Housing Bank", "cat": ["essentials"], "province": "cm"}}, {"type": "Feature", "geometry": {"type": "Point", "coordinates": [98.9752034, 18.7697332]}, "properties": {"id": "cm-osm-node-3347631786", "name": "ธนาคารอาคารสงเคราะห์", "nameTh": "ธนาคารอาคารสงเคราะห์", "nameEn": "Government Housing Bank", "cat": ["essentials"], "province": "cm"}}, {"type": "Feature", "geometry": {"type": "Point", "coordinates": [99.1218801, 18.743065]}, "properties": {"id": "cm-osm-node-4679695827", "name": "ธนาคารอาคารสงเคราะห์", "nameTh": "ธนาคารอาคารสงเคราะห์", "nameEn": "Government Housing Bank", "cat": ["essentials"], "province": "cm"}}, {"type": "Feature", "geometry": {"type": "Point", "coordinates": [98.959313, 18.786151]}, "properties": {"id": "cm-osm-node-8892109841", "name": "ธนาคารอาคารสงเคราะห์", "nameTh": "ธนาคารอาคารสงเคราะห์", "nameEn": "Government Housing Bank", "cat": ["essentials"], "province": "cm"}}, {"type": "Feature", "geometry": {"type": "Point", "coordinates": [99.0188249, 18.800942]}, "properties": {"id": "cm-osm-way-323078815", "name": "ธนาคารอาคารสงเคราะห์", "nameTh": "ธนาคารอาคารสงเคราะห์", "nameEn": "Government Housing Bank", "cat": ["essentials"], "province": "cm"}}, {"type": "Feature", "geometry": {"type": "Point", "coordinates": [98.9744214, 18.7688477]}, "properties": {"id": "cm-osm-node-3347631791", "name": "ธนาคารอิสลามแห่งประเทศไทย", "nameTh": "ธนาคารอิสลามแห่งประเทศไทย", "nameEn": "Islamic Bank of Thailand", "cat": ["essentials"], "province": "cm"}}, {"type": "Feature", "geometry": {"type": "Point", "coordinates": [99.0005346, 18.7844502]}, "properties": {"id": "cm-osm-node-3416994635", "name": "ธนาคารอิสลามแห่งประเทศไทย", "nameTh": "ธนาคารอิสลามแห่งประเทศไทย", "nameEn": "Islamic Bank of Thailand", "cat": ["essentials"], "province": "cm"}}, {"type": "Feature", "geometry": {"type": "Point", "coordinates": [98.9313027, 18.7011538]}, "properties": {"id": "cm-osm-node-5149373658", "name": "ธนาคารอิสลามแห่งประเทศไทย", "nameTh": "ธนาคารอิสลามแห่งประเทศไทย", "nameEn": "Islamic Bank of Thailand", "cat": ["essentials"], "province": "cm"}}, {"type": "Feature", "geometry": {"type": "Point", "coordinates": [98.9859049, 18.7996082]}, "properties": {"id": "cm-osm-way-324506879", "name": "ธนาคารอิสลามแห่งประเทศไทย", "nameTh": "ธนาคารอิสลามแห่งประเทศไทย", "nameEn": "Islamic Bank of Thailand", "cat": ["essentials"], "province": "cm"}}, {"type": "Feature", "geometry": {"type": "Point", "coordinates": [98.982412, 18.9769722]}, "properties": {"id": "cm-osm-way-1459501776", "name": "ธนาคารเพื่อการเกษตรและสหกรณ์การเกษตร", "nameTh": "ธนาคารเพื่อการเกษตรและสหกรณ์การเกษตร", "nameEn": "Bank for Agriculture and Agricultural Co-operatives", "cat": ["essentials"], "province": "cm"}}, {"type": "Feature", "geometry": {"type": "Point", "coordinates": [99.0064357, 18.8993211]}, "properties": {"id": "cm-osm-node-2601028742", "name": "ธนาคารเพื่อการเกษตรและสหกรณ์การเกษตร ธ.ก.ส.", "nameTh": "ธนาคารเพื่อการเกษตรและสหกรณ์การเกษตร ธ.ก.ส.", "nameEn": "Bank for Agriculture and Agricultural Cooperatives (BAAC)", "cat": ["essentials"], "province": "cm"}}, {"type": "Feature", "geometry": {"type": "Point", "coordinates": [98.9419192, 18.7467253]}, "properties": {"id": "cm-osm-node-3243798862", "name": "ธนาคารเพื่อการเกษตรและสหกรณ์การเกษตร ธ.ก.ส.", "nameTh": "ธนาคารเพื่อการเกษตรและสหกรณ์การเกษตร ธ.ก.ส.", "nameEn": "Bank for Agriculture and Agricultural Cooperatives (BAAC)", "cat": ["essentials"], "province": "cm"}}, {"type": "Feature", "geometry": {"type": "Point", "coordinates": [98.9614689, 18.743154]}, "properties": {"id": "cm-osm-node-3406304425", "name": "ธนาคารเพื่อการเกษตรและสหกรณ์การเกษตร ธ.ก.ส.", "nameTh": "ธนาคารเพื่อการเกษตรและสหกรณ์การเกษตร ธ.ก.ส.", "nameEn": "Bank for Agriculture and Agricultural Cooperatives (BAAC)", "cat": ["essentials"], "province": "cm"}}, {"type": "Feature", "geometry": {"type": "Point", "coordinates": [98.9820997, 18.6808316]}, "properties": {"id": "cm-osm-node-7868520192", "name": "ธนาคารเพื่อการเกษตรและสหกรณ์การเกษตร ธ.ก.ส.", "nameTh": "ธนาคารเพื่อการเกษตรและสหกรณ์การเกษตร ธ.ก.ส.", "nameEn": "Bank for Agriculture and Agricultural Cooperatives (BAAC)", "cat": ["essentials"], "province": "cm"}}, {"type": "Feature", "geometry": {"type": "Point", "coordinates": [98.9871924, 18.7935976]}, "properties": {"id": "cm-osm-way-251437032", "name": "ธนาคารเพื่อการเกษตรและสหกรณ์การเกษตร ธ.ก.ส.", "nameTh": "ธนาคารเพื่อการเกษตรและสหกรณ์การเกษตร ธ.ก.ส.", "nameEn": "Bank for Agriculture and Agricultural Cooperatives (BAAC)", "cat": ["essentials"], "province": "cm"}}, {"type": "Feature", "geometry": {"type": "Point", "coordinates": [99.032317, 18.8200387]}, "properties": {"id": "cm-osm-way-701970726", "name": "ธนาคารเพื่อการเกษตรและสหกรณ์การเกษตร ธ.ก.ส.", "nameTh": "ธนาคารเพื่อการเกษตรและสหกรณ์การเกษตร ธ.ก.ส.", "nameEn": "Bank for Agriculture and Agricultural Cooperatives (BAAC)", "cat": ["essentials"], "province": "cm"}}, {"type": "Feature", "geometry": {"type": "Point", "coordinates": [99.1157771, 18.7468378]}, "properties": {"id": "cm-osm-way-97838956", "name": "ธนาคารเพื่อการเกษตรและสหกรณ์การเกษตร ธ.ก.ส.", "nameTh": "ธนาคารเพื่อการเกษตรและสหกรณ์การเกษตร ธ.ก.ส.", "nameEn": "Bank for Agriculture and Agricultural Cooperatives (BAAC)", "cat": ["essentials"], "province": "cm"}}, {"type": "Feature", "geometry": {"type": "Point", "coordinates": [98.9991885, 18.7779112]}, "properties": {"id": "cm-osm-node-1030318036", "name": "ธนาคารไทยพาณิชย์", "nameTh": "ธนาคารไทยพาณิชย์", "nameEn": "Siam Commercial Bank", "cat": ["essentials"], "province": "cm"}}, {"type": "Feature", "geometry": {"type": "Point", "coordinates": [98.9970384, 18.7976229]}, "properties": {"id": "cm-osm-node-1365397658", "name": "ธนาคารไทยพาณิชย์", "nameTh": "ธนาคารไทยพาณิชย์", "nameEn": "Siam Commercial Bank", "cat": ["essentials"], "province": "cm"}}, {"type": "Feature", "geometry": {"type": "Point", "coordinates": [99.1218172, 18.7433913]}, "properties": {"id": "cm-osm-node-1508535748", "name": "ธนาคารไทยพาณิชย์", "nameTh": "ธนาคารไทยพาณิชย์", "nameEn": "Siam Commercial Bank", "cat": ["essentials"], "province": "cm"}}, {"type": "Feature", "geometry": {"type": "Point", "coordinates": [98.9460612, 18.9128751]}, "properties": {"id": "cm-osm-node-2556220775", "name": "ธนาคารไทยพาณิชย์", "nameTh": "ธนาคารไทยพาณิชย์", "nameEn": "Siam Commercial Bank", "cat": ["essentials"], "province": "cm"}}, {"type": "Feature", "geometry": {"type": "Point", "coordinates": [99.0093125, 18.894148]}, "properties": {"id": "cm-osm-node-2601003845", "name": "ธนาคารไทยพาณิชย์", "nameTh": "ธนาคารไทยพาณิชย์", "nameEn": "Siam Commercial Bank", "cat": ["essentials"], "province": "cm"}}, {"type": "Feature", "geometry": {"type": "Point", "coordinates": [98.9792845, 18.827059]}, "properties": {"id": "cm-osm-node-2799032401", "name": "ธนาคารไทยพาณิชย์", "nameTh": "ธนาคารไทยพาณิชย์", "nameEn": "Siam Commercial Bank", "cat": ["essentials"], "province": "cm"}}, {"type": "Feature", "geometry": {"type": "Point", "coordinates": [99.0179581, 18.8062437]}, "properties": {"id": "cm-osm-node-3249112263", "name": "ธนาคารไทยพาณิชย์", "nameTh": "ธนาคารไทยพาณิชย์", "nameEn": "Siam Commercial Bank", "cat": ["essentials"], "province": "cm"}}, {"type": "Feature", "geometry": {"type": "Point", "coordinates": [98.972977, 18.76196]}, "properties": {"id": "cm-osm-node-3329435793", "name": "ธนาคารไทยพาณิชย์", "nameTh": "ธนาคารไทยพาณิชย์", "nameEn": "Siam Commercial Bank", "cat": ["essentials"], "province": "cm"}}, {"type": "Feature", "geometry": {"type": "Point", "coordinates": [98.9617629, 18.7430999]}, "properties": {"id": "cm-osm-node-3342167095", "name": "ธนาคารไทยพาณิชย์", "nameTh": "ธนาคารไทยพาณิชย์", "nameEn": "Siam Commercial Bank", "cat": ["essentials"], "province": "cm"}}, {"type": "Feature", "geometry": {"type": "Point", "coordinates": [98.9750123, 18.7698331]}, "properties": {"id": "cm-osm-node-3347664218", "name": "ธนาคารไทยพาณิชย์", "nameTh": "ธนาคารไทยพาณิชย์", "nameEn": "Siam Commercial Bank", "cat": ["essentials"], "province": "cm"}}, {"type": "Feature", "geometry": {"type": "Point", "coordinates": [98.9932043, 18.7905176]}, "properties": {"id": "cm-osm-node-336239111", "name": "ธนาคารไทยพาณิชย์", "nameTh": "ธนาคารไทยพาณิชย์", "nameEn": "Siam Commercial Bank", "cat": ["essentials"], "province": "cm"}}, {"type": "Feature", "geometry": {"type": "Point", "coordinates": [98.9708173, 18.7892989]}, "properties": {"id": "cm-osm-node-3369589475", "name": "ธนาคารไทยพาณิชย์", "nameTh": "ธนาคารไทยพาณิชย์", "nameEn": "Siam Commercial Bank", "cat": ["essentials"], "province": "cm"}}, {"type": "Feature", "geometry": {"type": "Point", "coordinates": [98.8952856, 18.6251954]}, "properties": {"id": "cm-osm-node-3379252967", "name": "ธนาคารไทยพาณิชย์", "nameTh": "ธนาคารไทยพาณิชย์", "nameEn": "Siam Commercial Bank", "cat": ["essentials"], "province": "cm"}}, {"type": "Feature", "geometry": {"type": "Point", "coordinates": [98.9723477, 18.7584588]}, "properties": {"id": "cm-osm-node-3419871308", "name": "ธนาคารไทยพาณิชย์", "nameTh": "ธนาคารไทยพาณิชย์", "nameEn": "Siam Commercial Bank", "cat": ["essentials"], "province": "cm"}}, {"type": "Feature", "geometry": {"type": "Point", "coordinates": [98.9858914, 18.8055565]}, "properties": {"id": "cm-osm-node-3862580752", "name": "ธนาคารไทยพาณิชย์", "nameTh": "ธนาคารไทยพาณิชย์", "nameEn": "Siam Commercial Bank", "cat": ["essentials"], "province": "cm"}}, {"type": "Feature", "geometry": {"type": "Point", "coordinates": [99.0430167, 18.6452555]}, "properties": {"id": "cm-osm-node-4509445496", "name": "ธนาคารไทยพาณิชย์", "nameTh": "ธนาคารไทยพาณิชย์", "nameEn": "Siam Commercial Bank", "cat": ["essentials"], "province": "cm"}}, {"type": "Feature", "geometry": {"type": "Point", "coordinates": [99.0135258, 18.8238462]}, "properties": {"id": "cm-osm-node-4593074893", "name": "ธนาคารไทยพาณิชย์", "nameTh": "ธนาคารไทยพาณิชย์", "nameEn": "Siam Commercial Bank", "cat": ["essentials"], "province": "cm"}}, {"type": "Feature", "geometry": {"type": "Point", "coordinates": [98.974963, 18.7895748]}, "properties": {"id": "cm-osm-node-4679478892", "name": "ธนาคารไทยพาณิชย์", "nameTh": "ธนาคารไทยพาณิชย์", "nameEn": "Siam Commercial Bank", "cat": ["essentials"], "province": "cm"}}, {"type": "Feature", "geometry": {"type": "Point", "coordinates": [99.0110864, 18.7988547]}, "properties": {"id": "cm-osm-node-6587270774", "name": "ธนาคารไทยพาณิชย์", "nameTh": "ธนาคารไทยพาณิชย์", "nameEn": "Siam Commercial Bank", "cat": ["essentials"], "province": "cm"}}, {"type": "Feature", "geometry": {"type": "Point", "coordinates": [99.0116917, 18.8242172]}, "properties": {"id": "cm-osm-node-773476567", "name": "ธนาคารไทยพาณิชย์", "nameTh": "ธนาคารไทยพาณิชย์", "nameEn": "Siam Commercial Bank", "cat": ["essentials"], "province": "cm"}}, {"type": "Feature", "geometry": {"type": "Point", "coordinates": [99.0822407, 18.7648999]}, "properties": {"id": "cm-osm-node-863449027", "name": "ธนาคารไทยพาณิชย์", "nameTh": "ธนาคารไทยพาณิชย์", "nameEn": "Siam Commercial Bank", "cat": ["essentials"], "province": "cm"}}, {"type": "Feature", "geometry": {"type": "Point", "coordinates": [98.9541809, 18.8038843]}, "properties": {"id": "cm-osm-way-235413653", "name": "ธนาคารไทยพาณิชย์", "nameTh": "ธนาคารไทยพาณิชย์", "nameEn": "Siam Commercial Bank", "cat": ["essentials"], "province": "cm"}}, {"type": "Feature", "geometry": {"type": "Point", "coordinates": [98.9671915, 18.7988513]}, "properties": {"id": "cm-osm-way-320911361", "name": "ธนาคารไทยพาณิชย์", "nameTh": "ธนาคารไทยพาณิชย์", "nameEn": "Siam Commercial Bank", "cat": ["essentials"], "province": "cm"}}, {"type": "Feature", "geometry": {"type": "Point", "coordinates": [98.9856752, 18.8014137]}, "properties": {"id": "cm-osm-way-322216087", "name": "ธนาคารไทยพาณิชย์", "nameTh": "ธนาคารไทยพาณิชย์", "nameEn": "Siam Commercial Bank", "cat": ["essentials"], "province": "cm"}}, {"type": "Feature", "geometry": {"type": "Point", "coordinates": [99.0005205, 18.7873396]}, "properties": {"id": "cm-osm-way-99685173", "name": "ธนาคารไทยพาณิชย์", "nameTh": "ธนาคารไทยพาณิชย์", "nameEn": "Siam Commercial Bank", "cat": ["essentials"], "province": "cm"}}, {"type": "Feature", "geometry": {"type": "Point", "coordinates": [98.9979739, 18.7920342]}, "properties": {"id": "cm-osm-way-99685180", "name": "ธนาคารไทยพาณิชย์", "nameTh": "ธนาคารไทยพาณิชย์", "nameEn": "Siam Commercial Bank", "cat": ["essentials"], "province": "cm"}}, {"type": "Feature", "geometry": {"type": "Point", "coordinates": [99.0112724, 18.7622511]}, "properties": {"id": "cm-osm-node-4809256622", "name": "บิ๊กซี", "nameTh": "บิ๊กซี", "nameEn": "Big C mini", "cat": ["essentials"], "province": "cm"}}, {"type": "Feature", "geometry": {"type": "Point", "coordinates": [98.9639452, 18.823367]}, "properties": {"id": "cm-osm-way-279086330", "name": "บ้านทองมินิมาร์ท", "nameTh": "บ้านทองมินิมาร์ท", "nameEn": "Ban Thong Minimart", "cat": ["essentials"], "province": "cm"}}, {"type": "Feature", "geometry": {"type": "Point", "coordinates": [99.0317432, 18.8863514]}, "properties": {"id": "cm-osm-node-13005623536", "name": "ปณ.แม่โจ้", "nameTh": "ปณ.แม่โจ้", "nameEn": null, "cat": ["essentials"], "province": "cm"}}, {"type": "Feature", "geometry": {"type": "Point", "coordinates": [98.8217774, 18.6002806]}, "properties": {"id": "cm-osm-node-12617671601", "name": "ป้าบาง แม่วาง", "nameTh": "ป้าบาง แม่วาง", "nameEn": null, "cat": ["essentials"], "province": "cm"}}, {"type": "Feature", "geometry": {"type": "Point", "coordinates": [98.8216775, 18.6002152]}, "properties": {"id": "cm-osm-node-12617642102", "name": "ป้าหลอด", "nameTh": "ป้าหลอด", "nameEn": null, "cat": ["essentials"], "province": "cm"}}, {"type": "Feature", "geometry": {"type": "Point", "coordinates": [99.0280959, 18.8110818]}, "properties": {"id": "cm-osm-node-4356811092", "name": "ฝ้าย เบเกอรี่", "nameTh": "ฝ้าย เบเกอรี่", "nameEn": null, "cat": ["essentials"], "province": "cm"}}, {"type": "Feature", "geometry": {"type": "Point", "coordinates": [98.9414503, 18.9350509]}, "properties": {"id": "cm-osm-node-4594671203", "name": "พี่น้องเภสัช", "nameTh": "พี่น้องเภสัช", "nameEn": "Phinong Pharmacy", "cat": ["essentials"], "province": "cm"}}, {"type": "Feature", "geometry": {"type": "Point", "coordinates": [99.0136692, 18.8008421]}, "properties": {"id": "cm-osm-node-2650790830", "name": "ฟาสซิโน", "nameTh": "ฟาสซิโน", "nameEn": "Phasino", "cat": ["essentials"], "province": "cm"}}, {"type": "Feature", "geometry": {"type": "Point", "coordinates": [98.9474361, 18.863029]}, "properties": {"id": "cm-osm-node-9441621562", "name": "มานิตย์ มินิมาร์ท", "nameTh": "มานิตย์ มินิมาร์ท", "nameEn": null, "cat": ["essentials"], "province": "cm"}}, {"type": "Feature", "geometry": {"type": "Point", "coordinates": [98.9827062, 18.7682672]}, "properties": {"id": "cm-osm-node-4582158291", "name": "มินิบิ๊กซี", "nameTh": "มินิบิ๊กซี", "nameEn": "Mini BigC", "cat": ["essentials"], "province": "cm"}}, {"type": "Feature", "geometry": {"type": "Point", "coordinates": [98.8217239, 18.600429]}, "properties": {"id": "cm-osm-node-12617704401", "name": "มีลักษณ์การค้า,แม่วาง", "nameTh": "มีลักษณ์การค้า,แม่วาง", "nameEn": null, "cat": ["essentials"], "province": "cm"}}, {"type": "Feature", "geometry": {"type": "Point", "coordinates": [98.993145, 18.7895034]}, "properties": {"id": "cm-osm-way-481723928", "name": "มูลเมืองเภสัช", "nameTh": "มูลเมืองเภสัช", "nameEn": "Moonmuang Pharmacy", "cat": ["essentials"], "province": "cm"}}, {"type": "Feature", "geometry": {"type": "Point", "coordinates": [98.9190949, 18.6904251]}, "properties": {"id": "cm-osm-node-12617501902", "name": "ยุภาการค้า", "nameTh": "ยุภาการค้า", "nameEn": null, "cat": ["essentials"], "province": "cm"}}, {"type": "Feature", "geometry": {"type": "Point", "coordinates": [98.9846234, 18.8004768]}, "properties": {"id": "cm-osm-node-3312085672", "name": "รวมภัณฑ์", "nameTh": "รวมภัณฑ์", "nameEn": null, "cat": ["essentials"], "province": "cm"}}, {"type": "Feature", "geometry": {"type": "Point", "coordinates": [98.9743536, 18.804559]}, "properties": {"id": "cm-osm-node-3311383798", "name": "ร้านกระดังงา", "nameTh": "ร้านกระดังงา", "nameEn": null, "cat": ["essentials"], "province": "cm"}}, {"type": "Feature", "geometry": {"type": "Point", "coordinates": [98.9778195, 18.7497962]}, "properties": {"id": "cm-osm-node-4293930191", "name": "ร้านขายของ", "nameTh": "ร้านขายของ", "nameEn": null, "cat": ["essentials"], "province": "cm"}}, {"type": "Feature", "geometry": {"type": "Point", "coordinates": [98.9426803, 18.7476656]}, "properties": {"id": "cm-osm-node-10168498001", "name": "ร้านขายยา", "nameTh": "ร้านขายยา", "nameEn": null, "cat": ["essentials", "medical"], "province": "cm"}}, {"type": "Feature", "geometry": {"type": "Point", "coordinates": [98.9583508, 18.7916787]}, "properties": {"id": "cm-osm-node-6519106999", "name": "ร้านขายยา", "nameTh": "ร้านขายยา", "nameEn": null, "cat": ["essentials"], "province": "cm"}}, {"type": "Feature", "geometry": {"type": "Point", "coordinates": [98.94181, 18.748088]}, "properties": {"id": "cm-osm-way-1111381048", "name": "ร้านขายยา", "nameTh": "ร้านขายยา", "nameEn": null, "cat": ["essentials", "medical"], "province": "cm"}}, {"type": "Feature", "geometry": {"type": "Point", "coordinates": [98.9683026, 18.7682035]}, "properties": {"id": "cm-osm-node-1474871809", "name": "ร้านขายยา ฟาม่าเวย์", "nameTh": "ร้านขายยา ฟาม่าเวย์", "nameEn": "Pharmaway", "cat": ["essentials"], "province": "cm"}}, {"type": "Feature", "geometry": {"type": "Point", "coordinates": [98.9678221, 18.7696245]}, "properties": {"id": "cm-osm-node-1474872628", "name": "ร้านขายยา ฟาม่าเวย์", "nameTh": "ร้านขายยา ฟาม่าเวย์", "nameEn": "Pharmaway", "cat": ["essentials"], "province": "cm"}}, {"type": "Feature", "geometry": {"type": "Point", "coordinates": [98.9573892, 18.7919654]}, "properties": {"id": "cm-osm-node-6519106997", "name": "ร้านขายยา ใส่ใจ", "nameTh": "ร้านขายยา ใส่ใจ", "nameEn": null, "cat": ["essentials"], "province": "cm"}}, {"type": "Feature", "geometry": {"type": "Point", "coordinates": [98.9740482, 18.7902129]}, "properties": {"id": "cm-osm-node-4678680766", "name": "ร้านค้าสวัสดิการ ชั้น 7", "nameTh": "ร้านค้าสวัสดิการ ชั้น 7", "nameEn": "Convenience Store (7F)", "cat": ["essentials"], "province": "cm"}}, {"type": "Feature", "geometry": {"type": "Point", "coordinates": [98.8875816, 18.7533632]}, "properties": {"id": "cm-osm-node-2548892228", "name": "ร้านจำเรียง", "nameTh": "ร้านจำเรียง", "nameEn": "Ran Chamriang", "cat": ["essentials"], "province": "cm"}}, {"type": "Feature", "geometry": {"type": "Point", "coordinates": [98.9561811, 18.789739]}, "properties": {"id": "cm-osm-node-4353683215", "name": "ร้านซักรีด", "nameTh": "ร้านซักรีด", "nameEn": null, "cat": ["essentials"], "province": "cm"}}, {"type": "Feature", "geometry": {"type": "Point", "coordinates": [98.9558002, 18.7891165]}, "properties": {"id": "cm-osm-node-4353683216", "name": "ร้านซักรีด", "nameTh": "ร้านซักรีด", "nameEn": null, "cat": ["essentials"], "province": "cm"}}, {"type": "Feature", "geometry": {"type": "Point", "coordinates": [99.0333677, 18.925298]}, "properties": {"id": "cm-osm-node-4592901699", "name": "ร้านนายภูมิ", "nameTh": "ร้านนายภูมิ", "nameEn": "Nai Phum", "cat": ["essentials"], "province": "cm"}}, {"type": "Feature", "geometry": {"type": "Point", "coordinates": [98.9802221, 18.7879954]}, "properties": {"id": "cm-osm-node-3388703312", "name": "ร้านน้องโบ", "nameTh": "ร้านน้องโบ", "nameEn": "Nong Bo", "cat": ["essentials"], "province": "cm"}}, {"type": "Feature", "geometry": {"type": "Point", "coordinates": [98.9560848, 18.7828737]}, "properties": {"id": "cm-osm-node-4559288558", "name": "ร้านป้าจินต์", "nameTh": "ร้านป้าจินต์", "nameEn": "Pa Chin", "cat": ["essentials"], "province": "cm"}}, {"type": "Feature", "geometry": {"type": "Point", "coordinates": [99.0050437, 18.645145]}, "properties": {"id": "cm-osm-way-546216942", "name": "ร้านยายคำ", "nameTh": "ร้านยายคำ", "nameEn": null, "cat": ["essentials"], "province": "cm"}}, {"type": "Feature", "geometry": {"type": "Point", "coordinates": [98.9417154, 18.7472312]}, "properties": {"id": "cm-osm-node-10168279338", "name": "ร้านยาสวนดอก", "nameTh": "ร้านยาสวนดอก", "nameEn": null, "cat": ["essentials", "medical"], "province": "cm"}}, {"type": "Feature", "geometry": {"type": "Point", "coordinates": [98.9507474, 18.8016745]}, "properties": {"id": "cm-osm-node-12856044898", "name": "ร้านสหกรณ์มหาวิทยาลัยเชียงใหม่ จำกัด", "nameTh": "ร้านสหกรณ์มหาวิทยาลัยเชียงใหม่ จำกัด", "nameEn": "Chiang Mai University Cooperative Store", "cat": ["essentials"], "province": "cm"}}, {"type": "Feature", "geometry": {"type": "Point", "coordinates": [98.9698127, 18.7915993]}, "properties": {"id": "cm-osm-node-3421271718", "name": "ร้านสหกรณ์มหาวิทยาลัยเชียงใหม่ จำกัด", "nameTh": "ร้านสหกรณ์มหาวิทยาลัยเชียงใหม่ จำกัด", "nameEn": "CMU coop", "cat": ["essentials"], "province": "cm"}}, {"type": "Feature", "geometry": {"type": "Point", "coordinates": [98.9452853, 18.9861303]}, "properties": {"id": "cm-osm-way-1128461797", "name": "ร้านสะดวกซื้อ", "nameTh": "ร้านสะดวกซื้อ", "nameEn": "7-Eleven", "cat": ["essentials"], "province": "cm"}}, {"type": "Feature", "geometry": {"type": "Point", "coordinates": [99.1392294, 18.7596076]}, "properties": {"id": "cm-osm-node-4554412847", "name": "ร้านสุภาวรรณ", "nameTh": "ร้านสุภาวรรณ", "nameEn": "Supha Wan", "cat": ["essentials"], "province": "cm"}}, {"type": "Feature", "geometry": {"type": "Point", "coordinates": [98.9983284, 18.6538559]}, "properties": {"id": "cm-osm-node-5296622527", "name": "ร้านโกตง", "nameTh": "ร้านโกตง", "nameEn": "Ko Tong Shop", "cat": ["essentials"], "province": "cm"}}, {"type": "Feature", "geometry": {"type": "Point", "coordinates": [98.9985197, 18.7973373]}, "properties": {"id": "cm-osm-node-4391164689", "name": "ร้านไพโรจ รับซื้อขาย เครื่องเทศและผักทุกชนิด", "nameTh": "ร้านไพโรจ รับซื้อขาย เครื่องเทศและผักทุกชนิด", "nameEn": null, "cat": ["essentials"], "province": "cm"}}, {"type": "Feature", "geometry": {"type": "Point", "coordinates": [99.015613, 18.8855484]}, "properties": {"id": "cm-osm-node-4358581246", "name": "วัน สต๊อบ มินิมาร์ท", "nameTh": "วัน สต๊อบ มินิมาร์ท", "nameEn": null, "cat": ["essentials"], "province": "cm"}}, {"type": "Feature", "geometry": {"type": "Point", "coordinates": [98.9261746, 18.6959154]}, "properties": {"id": "cm-osm-node-12617324301", "name": "วิไล Express", "nameTh": "วิไล Express", "nameEn": null, "cat": ["essentials"], "province": "cm"}}, {"type": "Feature", "geometry": {"type": "Point", "coordinates": [98.9708208, 18.8371329]}, "properties": {"id": "cm-osm-relation-4649553", "name": "ศาลากลางจังหวัดเชียงใหม่", "nameTh": "ศาลากลางจังหวัดเชียงใหม่", "nameEn": "Chiang Mai City Hall", "cat": ["essentials"], "province": "cm"}}, {"type": "Feature", "geometry": {"type": "Point", "coordinates": [99.0443516, 18.8373701]}, "properties": {"id": "cm-osm-way-390012454", "name": "ศูนย์ราชการ เทศบาลสันทรายหลวง", "nameTh": "ศูนย์ราชการ เทศบาลสันทรายหลวง", "nameEn": "San Sai Luang Government Center", "cat": ["essentials"], "province": "cm"}}, {"type": "Feature", "geometry": {"type": "Point", "coordinates": [98.9708186, 18.7950399]}, "properties": {"id": "cm-osm-node-2102452682", "name": "สปีด โพสต์ ไทยแลนด์", "nameTh": "สปีด โพสต์ ไทยแลนด์", "nameEn": "Speed Post Thailand", "cat": ["essentials"], "province": "cm"}}, {"type": "Feature", "geometry": {"type": "Point", "coordinates": [98.8080942, 18.6015971]}, "properties": {"id": "cm-osm-node-3382928642", "name": "สองพี่น้องการค้า", "nameTh": "สองพี่น้องการค้า", "nameEn": null, "cat": ["essentials"], "province": "cm"}}, {"type": "Feature", "geometry": {"type": "Point", "coordinates": [98.9538726, 18.7930226]}, "properties": {"id": "cm-osm-node-2650709902", "name": "สานใจ", "nameTh": "สานใจ", "nameEn": null, "cat": ["essentials"], "province": "cm"}}, {"type": "Feature", "geometry": {"type": "Point", "coordinates": [99.0031965, 18.7528662]}, "properties": {"id": "cm-osm-way-524824170", "name": "สำนักงนเทศบาลหนองหอย", "nameTh": "สำนักงนเทศบาลหนองหอย", "nameEn": "Nong Hoi Municipality Building", "cat": ["essentials"], "province": "cm"}}, {"type": "Feature", "geometry": {"type": "Point", "coordinates": [99.0016761, 18.7998054]}, "properties": {"id": "cm-osm-node-2649653894", "name": "สำนักงาน แขวงนครพิงค์", "nameTh": "สำนักงาน แขวงนครพิงค์", "nameEn": "Nakhonping Municipal office", "cat": ["essentials"], "province": "cm"}}, {"type": "Feature", "geometry": {"type": "Point", "coordinates": [99.0389188, 18.6535187]}, "properties": {"id": "cm-osm-node-4509728287", "name": "สำนักงานเทศบาล ตำบลอุโมงค์", "nameTh": "สำนักงานเทศบาล ตำบลอุโมงค์", "nameEn": "Tambon Umong District Office", "cat": ["essentials"], "province": "cm"}}, {"type": "Feature", "geometry": {"type": "Point", "coordinates": [99.1370422, 18.8437638]}, "properties": {"id": "cm-osm-node-2019590555", "name": "สำนักงานเทศบาลตำบลป่าป้อง", "nameTh": "สำนักงานเทศบาลตำบลป่าป้อง", "nameEn": null, "cat": ["essentials"], "province": "cm"}}, {"type": "Feature", "geometry": {"type": "Point", "coordinates": [99.1149023, 18.7462358]}, "properties": {"id": "cm-osm-node-897573809", "name": "สำนักงานเทศบาลตำบลสันกำแพง", "nameTh": "สำนักงานเทศบาลตำบลสันกำแพง", "nameEn": "San Kamphaeng District Municipal Office", "cat": ["essentials"], "province": "cm"}}, {"type": "Feature", "geometry": {"type": "Point", "coordinates": [98.9985425, 18.7954263]}, "properties": {"id": "cm-osm-way-103002139", "name": "สำนักงานเทศบาลนครเชียงใหม่", "nameTh": "สำนักงานเทศบาลนครเชียงใหม่", "nameEn": "Thesaban Chiang Mai Office", "cat": ["essentials"], "province": "cm"}}, {"type": "Feature", "geometry": {"type": "Point", "coordinates": [98.9499498, 18.7695768]}, "properties": {"id": "cm-osm-way-307535924", "name": "สำนักงานเทศบาลเมืองสุเทพ", "nameTh": "สำนักงานเทศบาลเมืองสุเทพ", "nameEn": "Suthep Towm Municipality Office", "cat": ["essentials"], "province": "cm"}}, {"type": "Feature", "geometry": {"type": "Point", "coordinates": [99.078414, 18.7590779]}, "properties": {"id": "cm-osm-way-418125796", "name": "สำนักงานเทสบาลตำบลต้นเปา", "nameTh": "สำนักงานเทสบาลตำบลต้นเปา", "nameEn": "Tonpao Town Municipality", "cat": ["essentials"], "province": "cm"}}, {"type": "Feature", "geometry": {"type": "Point", "coordinates": [99.0064808, 18.7689342]}, "properties": {"id": "cm-osm-way-405981790", "name": "สำนักงานแขวงกาวิละ", "nameTh": "สำนักงานแขวงกาวิละ", "nameEn": "Kawila Office", "cat": ["essentials"], "province": "cm"}}, {"type": "Feature", "geometry": {"type": "Point", "coordinates": [99.0165006, 18.906873]}, "properties": {"id": "cm-osm-node-4592640792", "name": "หนุ่ยน้ำแข็ง", "nameTh": "หนุ่ยน้ำแข็ง", "nameEn": "Nui Namkhaeng", "cat": ["essentials"], "province": "cm"}}, {"type": "Feature", "geometry": {"type": "Point", "coordinates": [99.1321915, 18.9093625]}, "properties": {"id": "cm-osm-node-2603386962", "name": "หยก มินิมาร์ท", "nameTh": "หยก มินิมาร์ท", "nameEn": "Yok Minimart", "cat": ["essentials"], "province": "cm"}}, {"type": "Feature", "geometry": {"type": "Point", "coordinates": [99.0550147, 18.7681488]}, "properties": {"id": "cm-osm-node-1143726687", "name": "องด์การบริหารส่วนตําบลสันกลาง", "nameTh": "องด์การบริหารส่วนตําบลสันกลาง", "nameEn": null, "cat": ["essentials"], "province": "cm"}}, {"type": "Feature", "geometry": {"type": "Point", "coordinates": [99.0268158, 18.8460361]}, "properties": {"id": "cm-osm-way-175696579", "name": "อบฅ. หนองจ๊อม", "nameTh": "อบฅ. หนองจ๊อม", "nameEn": "Orbortor Nongjom", "cat": ["essentials"], "province": "cm"}}, {"type": "Feature", "geometry": {"type": "Point", "coordinates": [99.0596995, 18.7818575]}, "properties": {"id": "cm-osm-node-2089773593", "name": "อัญญ์ช้อป", "nameTh": "อัญญ์ช้อป", "nameEn": "An Shop", "cat": ["essentials"], "province": "cm"}}, {"type": "Feature", "geometry": {"type": "Point", "coordinates": [98.9818114, 18.7829345]}, "properties": {"id": "cm-osm-node-11359736106", "name": "อีฟ ฟาร์มาซี", "nameTh": "อีฟ ฟาร์มาซี", "nameEn": "Eve Pharmacy", "cat": ["essentials"], "province": "cm"}}, {"type": "Feature", "geometry": {"type": "Point", "coordinates": [98.9839793, 18.8050221]}, "properties": {"id": "cm-osm-node-3298048827", "name": "ฮองเย", "nameTh": "ฮองเย", "nameEn": "Hong Ye", "cat": ["essentials"], "province": "cm"}}, {"type": "Feature", "geometry": {"type": "Point", "coordinates": [98.9813394, 18.7847838]}, "properties": {"id": "cm-osm-node-6567944597", "name": "เครื่องซักผ้าหยอดเหรียญ", "nameTh": "เครื่องซักผ้าหยอดเหรียญ", "nameEn": "Coin Laundry", "cat": ["essentials"], "province": "cm"}}, {"type": "Feature", "geometry": {"type": "Point", "coordinates": [98.9008023, 18.6859442]}, "properties": {"id": "cm-osm-node-12617345918", "name": "เจ๊กล้วย", "nameTh": "เจ๊กล้วย", "nameEn": null, "cat": ["essentials"], "province": "cm"}}, {"type": "Feature", "geometry": {"type": "Point", "coordinates": [98.920873, 18.6908924]}, "properties": {"id": "cm-osm-node-12617535201", "name": "เจ๊อัมพร ตลาดหางดง", "nameTh": "เจ๊อัมพร ตลาดหางดง", "nameEn": null, "cat": ["essentials"], "province": "cm"}}, {"type": "Feature", "geometry": {"type": "Point", "coordinates": [99.0185965, 18.8079417]}, "properties": {"id": "cm-osm-node-3394781921", "name": "เซ็นทรัล เฟสติวัล เชียงใหม่", "nameTh": "เซ็นทรัล เฟสติวัล เชียงใหม่", "nameEn": "Post Office Central Festival", "cat": ["essentials"], "province": "cm"}}, {"type": "Feature", "geometry": {"type": "Point", "coordinates": [98.8894694, 18.7502675]}, "properties": {"id": "cm-osm-node-1583694575", "name": "เทศบาลตำบลบ้านปง", "nameTh": "เทศบาลตำบลบ้านปง", "nameEn": null, "cat": ["essentials"], "province": "cm"}}, {"type": "Feature", "geometry": {"type": "Point", "coordinates": [98.9833935, 18.9465554]}, "properties": {"id": "cm-osm-way-444494405", "name": "เทศบาลตำบลหนองหาร", "nameTh": "เทศบาลตำบลหนองหาร", "nameEn": "Nong Han District", "cat": ["essentials"], "province": "cm"}}, {"type": "Feature", "geometry": {"type": "Point", "coordinates": [99.0927463, 18.8916509]}, "properties": {"id": "cm-osm-way-207683131", "name": "เทศบาลตำบลหนองแหย่ง", "nameTh": "เทศบาลตำบลหนองแหย่ง", "nameEn": "Nong Yaeng Subdistrict Municipality", "cat": ["essentials"], "province": "cm"}}, {"type": "Feature", "geometry": {"type": "Point", "coordinates": [98.9663344, 18.7968757]}, "properties": {"id": "cm-osm-node-3417322296", "name": "เมดิก้า ฮับ", "nameTh": "เมดิก้า ฮับ", "nameEn": "Medica Hub", "cat": ["essentials"], "province": "cm"}}, {"type": "Feature", "geometry": {"type": "Point", "coordinates": [98.9990091, 18.7762653]}, "properties": {"id": "cm-osm-node-3394760978", "name": "เวชไพศาลฟาร์ม่า", "nameTh": "เวชไพศาลฟาร์ม่า", "nameEn": null, "cat": ["essentials"], "province": "cm"}}, {"type": "Feature", "geometry": {"type": "Point", "coordinates": [98.9603552, 18.7914543]}, "properties": {"id": "cm-osm-way-91933367", "name": "โครงการหลวง", "nameTh": "โครงการหลวง", "nameEn": "Royal Project Shop", "cat": ["essentials"], "province": "cm"}}, {"type": "Feature", "geometry": {"type": "Point", "coordinates": [98.8968404, 18.6195247]}, "properties": {"id": "cm-osm-node-2684219744", "name": "โปรษณีย์สันป่าตอง", "nameTh": "โปรษณีย์สันป่าตอง", "nameEn": "San Patong Post Office", "cat": ["essentials"], "province": "cm"}}, {"type": "Feature", "geometry": {"type": "Point", "coordinates": [98.8073167, 18.6021437]}, "properties": {"id": "cm-osm-node-12617620701", "name": "โฟกัส แม่วาง", "nameTh": "โฟกัส แม่วาง", "nameEn": null, "cat": ["essentials"], "province": "cm"}}, {"type": "Feature", "geometry": {"type": "Point", "coordinates": [98.9985999, 18.7731013]}, "properties": {"id": "cm-osm-node-1029531631", "name": "ไปรษณีย์ ช้างคลาน", "nameTh": "ไปรษณีย์ ช้างคลาน", "nameEn": "Chiang Khlan Post Office", "cat": ["essentials"], "province": "cm"}}, {"type": "Feature", "geometry": {"type": "Point", "coordinates": [99.12872, 18.8698909]}, "properties": {"id": "cm-osm-node-688348666", "name": "ไปรษณีย์ ดอยสะเก็ด", "nameTh": "ไปรษณีย์ ดอยสะเก็ด", "nameEn": "Doi Saket Post Office", "cat": ["essentials"], "province": "cm"}}, {"type": "Feature", "geometry": {"type": "Point", "coordinates": [98.9946777, 18.8097104]}, "properties": {"id": "cm-osm-way-224819485", "name": "ไปรษณีย์ ตลาดคำเที่ยง", "nameTh": "ไปรษณีย์ ตลาดคำเที่ยง", "nameEn": "Talat Kam Tieng", "cat": ["essentials"], "province": "cm"}}, {"type": "Feature", "geometry": {"type": "Point", "coordinates": [98.987703, 18.7909063]}, "properties": {"id": "cm-osm-node-4336683611", "name": "ไปรษณีย์ ศรีภูมิ", "nameTh": "ไปรษณีย์ ศรีภูมิ", "nameEn": "Si Phum Post Office", "cat": ["essentials"], "province": "cm"}}, {"type": "Feature", "geometry": {"type": "Point", "coordinates": [98.8206847, 18.886111]}, "properties": {"id": "cm-osm-way-813665232", "name": "ไปรษณีย์ สาขาโป่งแยง", "nameTh": "ไปรษณีย์ สาขาโป่งแยง", "nameEn": "Pong Yaeng Post Office", "cat": ["essentials"], "province": "cm"}}, {"type": "Feature", "geometry": {"type": "Point", "coordinates": [99.0058087, 18.7687478]}, "properties": {"id": "cm-osm-node-1173899491", "name": "ไปรษณีย์ หนองหอย", "nameTh": "ไปรษณีย์ หนองหอย", "nameEn": "Nong Hoi Post Office", "cat": ["essentials"], "province": "cm"}}, {"type": "Feature", "geometry": {"type": "Point", "coordinates": [99.0411148, 18.6507093]}, "properties": {"id": "cm-osm-node-4509434039", "name": "ไปรษณีย์ อุโมงค์", "nameTh": "ไปรษณีย์ อุโมงค์", "nameEn": "Umong Post Office", "cat": ["essentials"], "province": "cm"}}, {"type": "Feature", "geometry": {"type": "Point", "coordinates": [99.0148357, 18.7856653]}, "properties": {"id": "cm-osm-node-1435271101", "name": "ไปรษณีย์ เชียงใหม่", "nameTh": "ไปรษณีย์ เชียงใหม่", "nameEn": "Chiang Mai Post Office", "cat": ["essentials"], "province": "cm"}}, {"type": "Feature", "geometry": {"type": "Point", "coordinates": [99.0028269, 18.7884362]}, "properties": {"id": "cm-osm-way-96423035", "name": "ไปรษณีย์ แม่ปิง", "nameTh": "ไปรษณีย์ แม่ปิง", "nameEn": "Mae Ping Post Office", "cat": ["essentials"], "province": "cm"}}, {"type": "Feature", "geometry": {"type": "Point", "coordinates": [98.9453538, 18.9132386]}, "properties": {"id": "cm-osm-way-327272891", "name": "ไปรษณีย์ แม่ริม", "nameTh": "ไปรษณีย์ แม่ริม", "nameEn": "Maerim Post Office", "cat": ["essentials"], "province": "cm"}}, {"type": "Feature", "geometry": {"type": "Point", "coordinates": [99.0222389, 18.8068944]}, "properties": {"id": "cm-osm-node-3202632193", "name": "ไปรษณีย์ แยกศาลเด็ก", "nameTh": "ไปรษณีย์ แยกศาลเด็ก", "nameEn": "Yaek San Dek Post Office", "cat": ["essentials"], "province": "cm"}}, {"type": "Feature", "geometry": {"type": "Point", "coordinates": [98.9825013, 18.7863943]}, "properties": {"id": "cm-osm-way-238831216", "name": "ไปรษณีย์พระสิงห์", "nameTh": "ไปรษณีย์พระสิงห์", "nameEn": "Phra Singh post office", "cat": ["essentials"], "province": "cm"}}, {"type": "Feature", "geometry": {"type": "Point", "coordinates": [99.1196983, 18.7446369]}, "properties": {"id": "cm-osm-node-2581638228", "name": "ไปรษณีย์สันกำแพง", "nameTh": "ไปรษณีย์สันกำแพง", "nameEn": "San Kamphaeng Post Office", "cat": ["essentials"], "province": "cm"}}, {"type": "Feature", "geometry": {"type": "Point", "coordinates": [99.0437247, 18.8442484]}, "properties": {"id": "cm-osm-node-2590185731", "name": "ไปรษณีย์สันทราย", "nameTh": "ไปรษณีย์สันทราย", "nameEn": "Sansai Post Office", "cat": ["essentials"], "province": "cm"}}, {"type": "Feature", "geometry": {"type": "Point", "coordinates": [99.0075982, 18.7565717]}, "properties": {"id": "cm-osm-node-13078786796", "name": "ไปรษณีย์ไทย", "nameTh": "ไปรษณีย์ไทย", "nameEn": "Thailand Post", "cat": ["essentials"], "province": "cm"}}, {"type": "Feature", "geometry": {"type": "Point", "coordinates": [98.970853, 18.790026]}, "properties": {"id": "cm-osm-node-3658923949", "name": "ไปรษณีย์ไทย", "nameTh": "ไปรษณีย์ไทย", "nameEn": "Thailand Post", "cat": ["essentials"], "province": "cm"}}, {"type": "Feature", "geometry": {"type": "Point", "coordinates": [98.9594852, 18.7419648]}, "properties": {"id": "cm-osm-way-825349196", "name": "ไปรษณีย์ไทย", "nameTh": "ไปรษณีย์ไทย", "nameEn": null, "cat": ["essentials"], "province": "cm"}}, {"type": "Feature", "geometry": {"type": "Point", "coordinates": [99.0632379, 18.7516476]}, "properties": {"id": "cm-osm-way-738407515", "name": "ไปรษณีย์ไทย ปตท.สันกำแพง", "nameTh": "ไปรษณีย์ไทย ปตท.สันกำแพง", "nameEn": "PTT San Kamphaeng Post Office", "cat": ["essentials"], "province": "cm"}}, {"type": "Feature", "geometry": {"type": "Point", "coordinates": [98.9543362, 18.8041782]}, "properties": {"id": "cm-osm-way-325238406", "name": "ไปรษณีย์ไทย มหาวิทยาลัยเชียงใหม่", "nameTh": "ไปรษณีย์ไทย มหาวิทยาลัยเชียงใหม่", "nameEn": "Chiangmai University Post Office", "cat": ["essentials"], "province": "cm"}}, {"type": "Feature", "geometry": {"type": "Point", "coordinates": [99.1390268, 18.7340155]}, "properties": {"id": "cm-osm-node-1135524408", "name": "้้เฉลิม", "nameTh": "้้เฉลิม", "nameEn": "Chaloem", "cat": ["essentials"], "province": "cm"}}]}