{"type": "FeatureCollection", "features": [{"type": "Feature", "geometry": {"type": "Point", "coordinates": [98.9563706, 18.7453524]}, "properties": {"id": "cm-osm-node-6333007967", "name": "\"ะ\"", "cat": ["food"], "province": "cm"}}, {"type": "Feature", "geometry": {"type": "Point", "coordinates": [98.9530232, 18.7929885]}, "properties": {"id": "cm-osm-way-797193381", "name": "(วัน)ชัยโยเกิร์ตสดปั่น", "cat": ["food"], "province": "cm"}}, {"type": "Feature", "geometry": {"type": "Point", "coordinates": [99.0207629, 18.7284202]}, "properties": {"id": "cm-osm-node-5664436709", "name": "102/1 อาหารตามสั่ง", "cat": ["food"], "province": "cm"}}, {"type": "Feature", "geometry": {"type": "Point", "coordinates": [98.9173188, 18.7314936]}, "properties": {"id": "cm-osm-node-11508095574", "name": "12 Feb Homey Cafe", "cat": ["food"], "province": "cm"}}, {"type": "Feature", "geometry": {"type": "Point", "coordinates": [99.000855, 18.8318568]}, "properties": {"id": "cm-osm-node-12801978151", "name": "1678 Cafe", "cat": ["food"], "province": "cm"}}, {"type": "Feature", "geometry": {"type": "Point", "coordinates": [98.9826438, 18.7822738]}, "properties": {"id": "cm-osm-node-6943938685", "name": "2 C’s Sons", "cat": ["food"], "province": "cm"}}, {"type": "Feature", "geometry": {"type": "Point", "coordinates": [98.9898902, 18.7999682]}, "properties": {"id": "cm-osm-node-6232754364", "name": "2024년 철거(폐업) 완료", "cat": ["food"], "province": "cm"}}, {"type": "Feature", "geometry": {"type": "Point", "coordinates": [98.9695226, 18.866472]}, "properties": {"id": "cm-osm-way-1247597445", "name": "273 Brew House", "cat": ["food"], "province": "cm"}}, {"type": "Feature", "geometry": {"type": "Point", "coordinates": [98.968933, 18.8134612]}, "properties": {"id": "cm-osm-node-13944613858", "name": "2StreetCoffeeCrew", "cat": ["food"], "province": "cm"}}, {"type": "Feature", "geometry": {"type": "Point", "coordinates": [98.9536949, 18.6801088]}, "properties": {"id": "cm-osm-node-11911389882", "name": "69 Cafe", "cat": ["food"], "province": "cm"}}, {"type": "Feature", "geometry": {"type": "Point", "coordinates": [98.9771252, 18.8013343]}, "properties": {"id": "cm-osm-node-4336604589", "name": "7-", "cat": ["food"], "province": "cm"}}, {"type": "Feature", "geometry": {"type": "Point", "coordinates": [98.9661399, 18.7961669]}, "properties": {"id": "cm-osm-node-3741019925", "name": "72 Café", "cat": ["food"], "province": "cm"}}, {"type": "Feature", "geometry": {"type": "Point", "coordinates": [98.9795256, 18.8105732]}, "properties": {"id": "cm-osm-node-3384275334", "name": "74 Coffee", "cat": ["food"], "province": "cm"}}, {"type": "Feature", "geometry": {"type": "Point", "coordinates": [99.0526808, 18.8606222]}, "properties": {"id": "cm-osm-node-13092045056", "name": "88 Rustic Jungle Café", "cat": ["food"], "province": "cm"}}, {"type": "Feature", "geometry": {"type": "Point", "coordinates": [98.938113, 18.7676068]}, "properties": {"id": "cm-osm-node-13531478362", "name": "99 Villa & Cafe", "cat": ["food"], "province": "cm"}}, {"type": "Feature", "geometry": {"type": "Point", "coordinates": [98.9741637, 18.8151578]}, "properties": {"id": "cm-osm-node-6157885189", "name": "9P Coffee Cuisine Garden", "cat": ["food"], "province": "cm"}}, {"type": "Feature", "geometry": {"type": "Point", "coordinates": [99.0331143, 18.8301879]}, "properties": {"id": "cm-osm-node-10767466658", "name": "9kao Coffee", "cat": ["food"], "province": "cm"}}, {"type": "Feature", "geometry": {"type": "Point", "coordinates": [99.0000455, 18.781056]}, "properties": {"id": "cm-osm-node-3326560622", "name": "9th Level Cafe", "cat": ["food"], "province": "cm"}}, {"type": "Feature", "geometry": {"type": "Point", "coordinates": [98.9682308, 18.7974297]}, "properties": {"id": "cm-osm-node-1797000716", "name": "9th Street", "cat": ["food"], "province": "cm"}}, {"type": "Feature", "geometry": {"type": "Point", "coordinates": [98.9960684, 18.7768184]}, "properties": {"id": "cm-osm-node-5941633292", "name": "A Day In Chiang Mai", "cat": ["food"], "province": "cm"}}, {"type": "Feature", "geometry": {"type": "Point", "coordinates": [98.9768205, 18.7963749]}, "properties": {"id": "cm-osm-node-5915461228", "name": "A.B.C.D.", "cat": ["food"], "province": "cm"}}, {"type": "Feature", "geometry": {"type": "Point", "coordinates": [98.9836456, 18.7953134]}, "properties": {"id": "cm-osm-node-12513656179", "name": "ASMR Cafe & Wellness", "cat": ["food"], "province": "cm"}}, {"type": "Feature", "geometry": {"type": "Point", "coordinates": [99.0999108, 18.8566004]}, "properties": {"id": "cm-osm-node-2417600317", "name": "Abacus Coffee", "cat": ["food"], "province": "cm"}}, {"type": "Feature", "geometry": {"type": "Point", "coordinates": [99.0735263, 18.8430851]}, "properties": {"id": "cm-osm-node-9409591056", "name": "Aileen Coffee CNX", "cat": ["food"], "province": "cm"}}, {"type": "Feature", "geometry": {"type": "Point", "coordinates": [98.9897414, 18.781579]}, "properties": {"id": "cm-osm-way-809387730", "name": "Airniversary Camp & Cafe", "cat": ["food"], "province": "cm"}}, {"type": "Feature", "geometry": {"type": "Point", "coordinates": [98.9845326, 18.8021628]}, "properties": {"id": "cm-osm-node-3862580751", "name": "Ajiyoshi Yatai Ramen", "cat": ["food"], "province": "cm"}}, {"type": "Feature", "geometry": {"type": "Point", "coordinates": [98.9800245, 18.8032255]}, "properties": {"id": "cm-osm-node-2527662833", "name": "Akha Ama", "cat": ["food"], "province": "cm"}}, {"type": "Feature", "geometry": {"type": "Point", "coordinates": [98.9925981, 18.7939974]}, "properties": {"id": "cm-osm-node-13202532002", "name": "Akha Ama (The New Original)", "cat": ["food"], "province": "cm"}}, {"type": "Feature", "geometry": {"type": "Point", "coordinates": [98.9925601, 18.7940271]}, "properties": {"id": "cm-osm-node-13293742701", "name": "Akha Ama Coffee (The New Original)", "cat": ["food"], "province": "cm"}}, {"type": "Feature", "geometry": {"type": "Point", "coordinates": [98.9832154, 18.7884299]}, "properties": {"id": "cm-osm-node-2404044286", "name": "Akha Ama Phrasingh", "cat": ["food"], "province": "cm"}}, {"type": "Feature", "geometry": {"type": "Point", "coordinates": [98.9580744, 18.7629369]}, "properties": {"id": "cm-osm-node-6612783998", "name": "Aki Choux Cream", "cat": ["food"], "province": "cm"}}, {"type": "Feature", "geometry": {"type": "Point", "coordinates": [98.9186926, 18.9445554]}, "properties": {"id": "cm-osm-node-9531353917", "name": "Akma Ama Living Factory", "cat": ["food"], "province": "cm"}}, {"type": "Feature", "geometry": {"type": "Point", "coordinates": [99.0181119, 18.8439377]}, "properties": {"id": "cm-osm-node-4608389285", "name": "Aleenta Coffea", "cat": ["food"], "province": "cm"}}, {"type": "Feature", "geometry": {"type": "Point", "coordinates": [98.9934756, 18.7870734]}, "properties": {"id": "cm-osm-node-7416638353", "name": "All Seasons Travel Cafe", "cat": ["food"], "province": "cm"}}, {"type": "Feature", "geometry": {"type": "Point", "coordinates": [99.0414882, 18.7204734]}, "properties": {"id": "cm-osm-node-5277373426", "name": "All about Coffee", "cat": ["food"], "province": "cm"}}, {"type": "Feature", "geometry": {"type": "Point", "coordinates": [98.9881958, 18.7866945]}, "properties": {"id": "cm-osm-node-6975613485", "name": "Allway Café", "cat": ["food"], "province": "cm"}}, {"type": "Feature", "geometry": {"type": "Point", "coordinates": [98.9923512, 18.7851048]}, "properties": {"id": "cm-osm-node-11515561369", "name": "Am. Tony Antique Shop & Coffee", "cat": ["food"], "province": "cm"}}, {"type": "Feature", "geometry": {"type": "Point", "coordinates": [98.9699694, 18.817899]}, "properties": {"id": "cm-osm-node-4670339990", "name": "Amalgamate", "cat": ["food"], "province": "cm"}}, {"type": "Feature", "geometry": {"type": "Point", "coordinates": [98.9896184, 18.7809654]}, "properties": {"id": "cm-osm-node-6961423285", "name": "Analog", "cat": ["food"], "province": "cm"}}, {"type": "Feature", "geometry": {"type": "Point", "coordinates": [98.9352921, 18.912493]}, "properties": {"id": "cm-osm-node-3779091784", "name": "Ann and Coffee", "cat": ["food"], "province": "cm"}}, {"type": "Feature", "geometry": {"type": "Point", "coordinates": [98.999752, 18.8108475]}, "properties": {"id": "cm-osm-way-525728487", "name": "Antique Europe", "cat": ["food"], "province": "cm"}}, {"type": "Feature", "geometry": {"type": "Point", "coordinates": [98.9953659, 18.7891918]}, "properties": {"id": "cm-osm-node-13908740201", "name": "Aob-Sook", "cat": ["food"], "province": "cm"}}, {"type": "Feature", "geometry": {"type": "Point", "coordinates": [98.9785385, 18.8028438]}, "properties": {"id": "cm-osm-way-408595880", "name": "Aom Coffe House", "cat": ["food"], "province": "cm"}}, {"type": "Feature", "geometry": {"type": "Point", "coordinates": [99.0247482, 18.7304215]}, "properties": {"id": "cm-osm-node-5119393759", "name": "App Cafe", "cat": ["food"], "province": "cm"}}, {"type": "Feature", "geometry": {"type": "Point", "coordinates": [98.9825343, 18.8153558]}, "properties": {"id": "cm-osm-way-1462186282", "name": "Arabusta Coffee", "cat": ["food"], "province": "cm"}}, {"type": "Feature", "geometry": {"type": "Point", "coordinates": [98.9783271, 18.7873799]}, "properties": {"id": "cm-osm-node-11900168469", "name": "Area 41 Coffee&Cafe", "cat": ["food"], "province": "cm"}}, {"type": "Feature", "geometry": {"type": "Point", "coordinates": [98.979813, 18.8053753]}, "properties": {"id": "cm-osm-node-13159000467", "name": "Areemitr", "cat": ["food"], "province": "cm"}}, {"type": "Feature", "geometry": {"type": "Point", "coordinates": [98.9987724, 18.7700105]}, "properties": {"id": "cm-osm-node-1685453396", "name": "Arom D Shop", "cat": ["food"], "province": "cm"}}, {"type": "Feature", "geometry": {"type": "Point", "coordinates": [98.9674348, 18.7977215]}, "properties": {"id": "cm-osm-node-1796992466", "name": "Aroma", "cat": ["food"], "province": "cm"}}, {"type": "Feature", "geometry": {"type": "Point", "coordinates": [99.0020532, 18.7896931]}, "properties": {"id": "cm-osm-node-5994901904", "name": "Around 18 Grams", "cat": ["food"], "province": "cm"}}, {"type": "Feature", "geometry": {"type": "Point", "coordinates": [99.0816374, 18.7647206]}, "properties": {"id": "cm-osm-node-1459660867", "name": "Art Bosang Coffee House", "cat": ["food"], "province": "cm"}}, {"type": "Feature", "geometry": {"type": "Point", "coordinates": [98.9574681, 18.806441]}, "properties": {"id": "cm-osm-node-4811280524", "name": "Art Roastery Huay Kaew", "cat": ["food"], "province": "cm"}}, {"type": "Feature", "geometry": {"type": "Point", "coordinates": [98.9776141, 18.7996494]}, "properties": {"id": "cm-osm-node-3285298562", "name": "Artisan", "cat": ["food"], "province": "cm"}}, {"type": "Feature", "geometry": {"type": "Point", "coordinates": [98.9820289, 18.7758005]}, "properties": {"id": "cm-osm-node-5933370533", "name": "Artisan", "cat": ["food"], "province": "cm"}}, {"type": "Feature", "geometry": {"type": "Point", "coordinates": [98.9860652, 18.7864298]}, "properties": {"id": "cm-osm-node-6018778386", "name": "Asaksa cafe", "cat": ["food"], "province": "cm"}}, {"type": "Feature", "geometry": {"type": "Point", "coordinates": [98.9531222, 18.7650241]}, "properties": {"id": "cm-osm-node-4555359051", "name": "Asama", "cat": ["food"], "province": "cm"}}, {"type": "Feature", "geometry": {"type": "Point", "coordinates": [98.9961213, 18.7850986]}, "properties": {"id": "cm-osm-node-3414272473", "name": "At Fifteen", "cat": ["food"], "province": "cm"}}, {"type": "Feature", "geometry": {"type": "Point", "coordinates": [99.0076734, 18.7781134]}, "properties": {"id": "cm-osm-node-10290963933", "name": "At Ta Rote Cafe", "cat": ["food"], "province": "cm"}}, {"type": "Feature", "geometry": {"type": "Point", "coordinates": [98.9645092, 18.8068]}, "properties": {"id": "cm-osm-way-442372049", "name": "Atelier 36", "cat": ["food"], "province": "cm"}}, {"type": "Feature", "geometry": {"type": "Point", "coordinates": [98.9535067, 18.8035006]}, "properties": {"id": "cm-osm-node-10618376817", "name": "Au Choix Coffee", "cat": ["food"], "province": "cm"}}, {"type": "Feature", "geometry": {"type": "Point", "coordinates": [98.955317, 18.801952]}, "properties": {"id": "cm-osm-node-2434773550", "name": "Au choix", "cat": ["food"], "province": "cm"}}, {"type": "Feature", "geometry": {"type": "Point", "coordinates": [98.9408161, 18.929642]}, "properties": {"id": "cm-osm-node-9874312817", "name": "Ausaa", "cat": ["food"], "province": "cm"}}, {"type": "Feature", "geometry": {"type": "Point", "coordinates": [98.9591937, 18.8031695]}, "properties": {"id": "cm-osm-node-6108998986", "name": "BBQ Pork Buffet", "cat": ["food"], "province": "cm"}}, {"type": "Feature", "geometry": {"type": "Point", "coordinates": [98.958218, 18.7913399]}, "properties": {"id": "cm-osm-node-12523097855", "name": "BM DIARY coffee", "cat": ["food"], "province": "cm"}}, {"type": "Feature", "geometry": {"type": "Point", "coordinates": [98.9813041, 18.8016747]}, "properties": {"id": "cm-osm-node-12434994569", "name": "BOB Coffee", "cat": ["food"], "province": "cm"}}, {"type": "Feature", "geometry": {"type": "Point", "coordinates": [99.0071111, 18.7851364]}, "properties": {"id": "cm-osm-node-3579808793", "name": "BUS Coffee", "cat": ["food"], "province": "cm"}}, {"type": "Feature", "geometry": {"type": "Point", "coordinates": [98.9054029, 18.8420495]}, "properties": {"id": "cm-osm-node-13478692584", "name": "Ba Rung Cafe", "cat": ["food"], "province": "cm"}}, {"type": "Feature", "geometry": {"type": "Point", "coordinates": [98.9291217, 18.9126485]}, "properties": {"id": "cm-osm-node-3106841846", "name": "Baa Baa Black Cafe", "cat": ["food"], "province": "cm"}}, {"type": "Feature", "geometry": {"type": "Point", "coordinates": [99.0060547, 18.7952743]}, "properties": {"id": "cm-osm-node-9779121017", "name": "Baan 104 Coffee and Bakery", "cat": ["food"], "province": "cm"}}, {"type": "Feature", "geometry": {"type": "Point", "coordinates": [98.8369242, 18.8942164]}, "properties": {"id": "cm-osm-node-3355620166", "name": "Baan Doi", "cat": ["food"], "province": "cm"}}, {"type": "Feature", "geometry": {"type": "Point", "coordinates": [98.972442, 18.8039631]}, "properties": {"id": "cm-osm-way-1162793798", "name": "Baan Mae", "cat": ["food"], "province": "cm"}}, {"type": "Feature", "geometry": {"type": "Point", "coordinates": [98.8548777, 18.6342734]}, "properties": {"id": "cm-osm-node-5430635021", "name": "Baan Nok Cafe", "cat": ["food"], "province": "cm"}}, {"type": "Feature", "geometry": {"type": "Point", "coordinates": [99.0334225, 18.798837]}, "properties": {"id": "cm-osm-node-8690841996", "name": "Baguayoa Cafe", "cat": ["food"], "province": "cm"}}, {"type": "Feature", "geometry": {"type": "Point", "coordinates": [99.0383348, 18.7172075]}, "properties": {"id": "cm-osm-node-3426798762", "name": "Ban Coffee", "cat": ["food"], "province": "cm"}}, {"type": "Feature", "geometry": {"type": "Point", "coordinates": [99.028015, 18.733813]}, "properties": {"id": "cm-osm-node-3418924493", "name": "Ban Panfa Cafe & Bakery", "cat": ["food"], "province": "cm"}}, {"type": "Feature", "geometry": {"type": "Point", "coordinates": [98.9680381, 18.7962926]}, "properties": {"id": "cm-osm-node-12397204001", "name": "Bangpun coffee bar", "cat": ["food"], "province": "cm"}}, {"type": "Feature", "geometry": {"type": "Point", "coordinates": [98.975933, 18.8021762]}, "properties": {"id": "cm-osm-node-11915089170", "name": "Bannom", "cat": ["food"], "province": "cm"}}, {"type": "Feature", "geometry": {"type": "Point", "coordinates": [99.0026165, 18.786657]}, "properties": {"id": "cm-osm-node-6237761489", "name": "Banviang Coffee", "cat": ["food"], "province": "cm"}}, {"type": "Feature", "geometry": {"type": "Point", "coordinates": [98.9622803, 18.8098793]}, "properties": {"id": "cm-osm-node-4744942856", "name": "Barefoot Café", "cat": ["food"], "province": "cm"}}, {"type": "Feature", "geometry": {"type": "Point", "coordinates": [98.9909582, 18.7922887]}, "properties": {"id": "cm-osm-node-5207893922", "name": "Bart", "cat": ["food"], "province": "cm"}}, {"type": "Feature", "geometry": {"type": "Point", "coordinates": [98.9909934, 18.7922084]}, "properties": {"id": "cm-osm-node-5192931721", "name": "Bart Coffe", "cat": ["food"], "province": "cm"}}, {"type": "Feature", "geometry": {"type": "Point", "coordinates": [98.9483393, 18.7941517]}, "properties": {"id": "cm-osm-node-10855533287", "name": "Basecamp trail cafe", "cat": ["food"], "province": "cm"}}, {"type": "Feature", "geometry": {"type": "Point", "coordinates": [98.9943372, 18.784981]}, "properties": {"id": "cm-osm-node-820836279", "name": "Batch : Baked & Brew", "cat": ["food"], "province": "cm"}}, {"type": "Feature", "geometry": {"type": "Point", "coordinates": [98.9859317, 18.7761074]}, "properties": {"id": "cm-osm-node-9458502619", "name": "Beam & Col Cafe", "cat": ["food"], "province": "cm"}}, {"type": "Feature", "geometry": {"type": "Point", "coordinates": [98.9711552, 18.7990218]}, "properties": {"id": "cm-osm-node-13202532001", "name": "Beans + Liquor", "cat": ["food"], "province": "cm"}}, {"type": "Feature", "geometry": {"type": "Point", "coordinates": [98.9933223, 18.7828939]}, "properties": {"id": "cm-osm-node-5208044724", "name": "Bear Hug Cafe", "cat": ["food"], "province": "cm"}}, {"type": "Feature", "geometry": {"type": "Point", "coordinates": [98.9167095, 18.9203634]}, "properties": {"id": "cm-osm-node-3237458360", "name": "Beatles Station", "cat": ["food"], "province": "cm"}}, {"type": "Feature", "geometry": {"type": "Point", "coordinates": [98.9952621, 18.7665929]}, "properties": {"id": "cm-osm-node-4064637987", "name": "Bee Healthy", "cat": ["food"], "province": "cm"}}, {"type": "Feature", "geometry": {"type": "Point", "coordinates": [98.948544, 18.7786748]}, "properties": {"id": "cm-osm-node-5269237521", "name": "Begin Again", "cat": ["food"], "province": "cm"}}, {"type": "Feature", "geometry": {"type": "Point", "coordinates": [98.9773536, 18.7097779]}, "properties": {"id": "cm-osm-way-1038999093", "name": "Bella Goose Cafe on the Pond", "cat": ["food"], "province": "cm"}}, {"type": "Feature", "geometry": {"type": "Point", "coordinates": [98.9990017, 18.7812489]}, "properties": {"id": "cm-osm-node-2655145988", "name": "Bella Goose Coffee", "cat": ["food"], "province": "cm"}}, {"type": "Feature", "geometry": {"type": "Point", "coordinates": [98.9507881, 18.8017185]}, "properties": {"id": "cm-osm-node-7109110685", "name": "Bellinee's", "cat": ["food"], "province": "cm"}}, {"type": "Feature", "geometry": {"type": "Point", "coordinates": [98.9778182, 18.7995455]}, "properties": {"id": "cm-osm-node-3285298563", "name": "Beloved Shop", "cat": ["food"], "province": "cm"}}, {"type": "Feature", "geometry": {"type": "Point", "coordinates": [98.9038306, 18.9074598]}, "properties": {"id": "cm-osm-node-6062515601", "name": "Between Cafe", "cat": ["food"], "province": "cm"}}, {"type": "Feature", "geometry": {"type": "Point", "coordinates": [98.9825068, 18.7810959]}, "properties": {"id": "cm-osm-node-3388725586", "name": "Bike Cafe", "cat": ["food"], "province": "cm"}}, {"type": "Feature", "geometry": {"type": "Point", "coordinates": [98.9825282, 18.7835172]}, "properties": {"id": "cm-osm-way-406417296", "name": "Bird Forest Tea Gallery", "cat": ["food"], "province": "cm"}}, {"type": "Feature", "geometry": {"type": "Point", "coordinates": [98.9821684, 18.7868302]}, "properties": {"id": "cm-osm-node-5203532422", "name": "Bistro Terrace", "cat": ["food"], "province": "cm"}}, {"type": "Feature", "geometry": {"type": "Point", "coordinates": [99.1215275, 18.7433157]}, "properties": {"id": "cm-osm-node-3337437293", "name": "Bitter and Sweet", "cat": ["food"], "province": "cm"}}, {"type": "Feature", "geometry": {"type": "Point", "coordinates": [98.9581545, 18.6953903]}, "properties": {"id": "cm-osm-node-9488518119", "name": "Black Biscuit", "cat": ["food"], "province": "cm"}}, {"type": "Feature", "geometry": {"type": "Point", "coordinates": [98.9679282, 18.7674429]}, "properties": {"id": "cm-osm-node-12609032485", "name": "Black Canyon", "cat": ["food"], "province": "cm"}}, {"type": "Feature", "geometry": {"type": "Point", "coordinates": [99.0138363, 18.8243832]}, "properties": {"id": "cm-osm-node-2517085338", "name": "Black Canyon", "cat": ["food"], "province": "cm"}}, {"type": "Feature", "geometry": {"type": "Point", "coordinates": [98.9753422, 18.7694082]}, "properties": {"id": "cm-osm-node-3347631779", "name": "Black Canyon", "cat": ["food"], "province": "cm"}}, {"type": "Feature", "geometry": {"type": "Point", "coordinates": [98.9682865, 18.7703675]}, "properties": {"id": "cm-osm-node-1474872898", "name": "Black Canyon Coffee", "cat": ["food"], "province": "cm"}}, {"type": "Feature", "geometry": {"type": "Point", "coordinates": [98.9705619, 18.7895896]}, "properties": {"id": "cm-osm-node-3242156461", "name": "Black Canyon Coffee", "cat": ["food"], "province": "cm"}}, {"type": "Feature", "geometry": {"type": "Point", "coordinates": [99.0184091, 18.806559]}, "properties": {"id": "cm-osm-node-3249111057", "name": "Black Canyon Coffee", "cat": ["food"], "province": "cm"}}, {"type": "Feature", "geometry": {"type": "Point", "coordinates": [99.0254946, 18.7893274]}, "properties": {"id": "cm-osm-node-5405123023", "name": "Black Canyon Coffee", "cat": ["food"], "province": "cm"}}, {"type": "Feature", "geometry": {"type": "Point", "coordinates": [98.9618965, 18.7431008]}, "properties": {"id": "cm-osm-node-907784576", "name": "Black Canyon Coffee", "cat": ["food"], "province": "cm"}}, {"type": "Feature", "geometry": {"type": "Point", "coordinates": [98.9654459, 18.7950112]}, "properties": {"id": "cm-osm-node-4496361990", "name": "Black Ground", "cat": ["food"], "province": "cm"}}, {"type": "Feature", "geometry": {"type": "Point", "coordinates": [99.0169489, 18.7994235]}, "properties": {"id": "cm-osm-node-4416236897", "name": "Black coffee smile", "cat": ["food"], "province": "cm"}}, {"type": "Feature", "geometry": {"type": "Point", "coordinates": [98.9671688, 18.8059508]}, "properties": {"id": "cm-osm-node-4402185591", "name": "Blending Room Coffee", "cat": ["food"], "province": "cm"}}, {"type": "Feature", "geometry": {"type": "Point", "coordinates": [98.9816274, 18.7829691]}, "properties": {"id": "cm-osm-node-12306896388", "name": "Bloomin' Moon", "cat": ["food"], "province": "cm"}}, {"type": "Feature", "geometry": {"type": "Point", "coordinates": [98.9233161, 18.9229571]}, "properties": {"id": "cm-osm-way-1236191069", "name": "Blooming Flower and Picnic", "cat": ["food"], "province": "cm"}}, {"type": "Feature", "geometry": {"type": "Point", "coordinates": [99.0244915, 18.7988202]}, "properties": {"id": "cm-osm-node-4427268751", "name": "Blue Cafe", "cat": ["food"], "province": "cm"}}, {"type": "Feature", "geometry": {"type": "Point", "coordinates": [98.9590745, 18.7945012]}, "properties": {"id": "cm-osm-node-10586858705", "name": "Blue Coffee", "cat": ["food"], "province": "cm"}}, {"type": "Feature", "geometry": {"type": "Point", "coordinates": [98.9845013, 18.7885685]}, "properties": {"id": "cm-osm-node-13959574618", "name": "Blue Coffee", "cat": ["food"], "province": "cm"}}, {"type": "Feature", "geometry": {"type": "Point", "coordinates": [98.9886906, 18.788255]}, "properties": {"id": "cm-osm-node-5987644570", "name": "Blue Coffee", "cat": ["food"], "province": "cm"}}, {"type": "Feature", "geometry": {"type": "Point", "coordinates": [98.9732732, 18.8121927]}, "properties": {"id": "cm-osm-node-6157885188", "name": "Blue Hut Cafe", "cat": ["food"], "province": "cm"}}, {"type": "Feature", "geometry": {"type": "Point", "coordinates": [98.9928815, 18.7859385]}, "properties": {"id": "cm-osm-node-5119166721", "name": "Board game cafe", "cat": ["food"], "province": "cm"}}, {"type": "Feature", "geometry": {"type": "Point", "coordinates": [98.9914746, 18.7860289]}, "properties": {"id": "cm-osm-node-3957108529", "name": "Bodhi Tree 1 Café", "cat": ["food"], "province": "cm"}}, {"type": "Feature", "geometry": {"type": "Point", "coordinates": [98.9869415, 18.7561984]}, "properties": {"id": "cm-osm-way-1420846453", "name": "Bok Bok Cafe", "cat": ["food"], "province": "cm"}}, {"type": "Feature", "geometry": {"type": "Point", "coordinates": [98.9569982, 18.7339819]}, "properties": {"id": "cm-osm-node-4963189664", "name": "Bon Bon Cafe", "cat": ["food"], "province": "cm"}}, {"type": "Feature", "geometry": {"type": "Point", "coordinates": [99.0707681, 18.8419431]}, "properties": {"id": "cm-osm-node-4608589190", "name": "Bonbon Cafe", "cat": ["food"], "province": "cm"}}, {"type": "Feature", "geometry": {"type": "Point", "coordinates": [98.9644235, 18.8157484]}, "properties": {"id": "cm-osm-node-4800200323", "name": "Boon Cafe", "cat": ["food"], "province": "cm"}}, {"type": "Feature", "geometry": {"type": "Point", "coordinates": [98.977919, 18.792297]}, "properties": {"id": "cm-osm-node-4646472290", "name": "Boon Raksa", "cat": ["food"], "province": "cm"}}, {"type": "Feature", "geometry": {"type": "Point", "coordinates": [98.9958003, 18.7837594]}, "properties": {"id": "cm-osm-node-1477737616", "name": "Born 2", "cat": ["food"], "province": "cm"}}, {"type": "Feature", "geometry": {"type": "Point", "coordinates": [98.9807222, 18.7817607]}, "properties": {"id": "cm-osm-node-11386909636", "name": "Bowls & Breads", "cat": ["food"], "province": "cm"}}, {"type": "Feature", "geometry": {"type": "Point", "coordinates": [99.0077779, 18.7568607]}, "properties": {"id": "cm-osm-node-13014660944", "name": "Box Coffee", "cat": ["food"], "province": "cm"}}, {"type": "Feature", "geometry": {"type": "Point", "coordinates": [98.9841306, 18.7895311]}, "properties": {"id": "cm-osm-node-5613364523", "name": "Brain awake coworking space", "cat": ["food"], "province": "cm"}}, {"type": "Feature", "geometry": {"type": "Point", "coordinates": [98.9947571, 18.7903368]}, "properties": {"id": "cm-osm-node-9828034417", "name": "Brewginning Coffee", "cat": ["food"], "province": "cm"}}, {"type": "Feature", "geometry": {"type": "Point", "coordinates": [99.0080957, 18.787243]}, "properties": {"id": "cm-osm-node-13154250037", "name": "Brewing Room", "cat": ["food"], "province": "cm"}}, {"type": "Feature", "geometry": {"type": "Point", "coordinates": [99.0080439, 18.787237]}, "properties": {"id": "cm-osm-node-13202529005", "name": "Brewing Room", "cat": ["food"], "province": "cm"}}, {"type": "Feature", "geometry": {"type": "Point", "coordinates": [99.0967807, 18.745632]}, "properties": {"id": "cm-osm-node-13426244005", "name": "Brewology 89 Coffee", "cat": ["food"], "province": "cm"}}, {"type": "Feature", "geometry": {"type": "Point", "coordinates": [98.9550588, 18.7834252]}, "properties": {"id": "cm-osm-node-6752738085", "name": "Brick Bistro", "cat": ["food"], "province": "cm"}}, {"type": "Feature", "geometry": {"type": "Point", "coordinates": [98.9827274, 18.7883877]}, "properties": {"id": "cm-osm-node-4961026130", "name": "Brown Rice Organic Cafe", "cat": ["food"], "province": "cm"}}, {"type": "Feature", "geometry": {"type": "Point", "coordinates": [99.0396114, 18.8335468]}, "properties": {"id": "cm-osm-node-13428443754", "name": "Bualuang Studio Coffee&Arts", "cat": ["food"], "province": "cm"}}, {"type": "Feature", "geometry": {"type": "Point", "coordinates": [99.0080952, 18.7972281]}, "properties": {"id": "cm-osm-node-2726518791", "name": "Bud's Ice Cream", "cat": ["food"], "province": "cm"}}, {"type": "Feature", "geometry": {"type": "Point", "coordinates": [98.9265335, 18.7247673]}, "properties": {"id": "cm-osm-node-4348232705", "name": "Buff Cafe", "cat": ["food"], "province": "cm"}}, {"type": "Feature", "geometry": {"type": "Point", "coordinates": [98.9812188, 18.781751]}, "properties": {"id": "cm-osm-node-10301639809", "name": "Bumrungburi BRB Cafe", "cat": ["food"], "province": "cm"}}, {"type": "Feature", "geometry": {"type": "Point", "coordinates": [98.9373024, 18.7350798]}, "properties": {"id": "cm-osm-node-6014380186", "name": "Bunny Buns", "cat": ["food"], "province": "cm"}}, {"type": "Feature", "geometry": {"type": "Point", "coordinates": [98.9862071, 18.7934764]}, "properties": {"id": "cm-osm-node-6728843986", "name": "Burkta Cafe", "cat": ["food"], "province": "cm"}}, {"type": "Feature", "geometry": {"type": "Point", "coordinates": [99.0099611, 18.8242179]}, "properties": {"id": "cm-osm-way-62055399", "name": "Bus Cafè", "cat": ["food"], "province": "cm"}}, {"type": "Feature", "geometry": {"type": "Point", "coordinates": [98.9709092, 18.7983961]}, "properties": {"id": "cm-osm-node-10796235258", "name": "Butterfly Conection Cafe", "cat": ["food"], "province": "cm"}}, {"type": "Feature", "geometry": {"type": "Point", "coordinates": [98.9850322, 18.8101413]}, "properties": {"id": "cm-osm-node-6700467244", "name": "By'N", "cat": ["food"], "province": "cm"}}, {"type": "Feature", "geometry": {"type": "Point", "coordinates": [98.9651506, 18.7022118]}, "properties": {"id": "cm-osm-node-11512597509", "name": "C-Fa", "cat": ["food"], "province": "cm"}}, {"type": "Feature", "geometry": {"type": "Point", "coordinates": [98.952814, 18.8015102]}, "properties": {"id": "cm-osm-node-2434791424", "name": "C.M.U Bookstore Coffee", "cat": ["food"], "province": "cm"}}, {"type": "Feature", "geometry": {"type": "Point", "coordinates": [99.0133747, 18.8002834]}, "properties": {"id": "cm-osm-node-6587304254", "name": "CHINCHA", "cat": ["food"], "province": "cm"}}, {"type": "Feature", "geometry": {"type": "Point", "coordinates": [98.9917714, 18.7829663]}, "properties": {"id": "cm-osm-node-6265198592", "name": "CM Smoothie House", "cat": ["food"], "province": "cm"}}, {"type": "Feature", "geometry": {"type": "Point", "coordinates": [99.0029729, 18.7839564]}, "properties": {"id": "cm-osm-node-6014750904", "name": "CUBE cafe", "cat": ["food"], "province": "cm"}}, {"type": "Feature", "geometry": {"type": "Point", "coordinates": [99.0883662, 18.733988]}, "properties": {"id": "cm-osm-node-11285129143", "name": "Cafe Amazon", "cat": ["food"], "province": "cm"}}, {"type": "Feature", "geometry": {"type": "Point", "coordinates": [99.1340051, 18.8721608]}, "properties": {"id": "cm-osm-node-12347254201", "name": "Cafe Amazon", "cat": ["food"], "province": "cm"}}, {"type": "Feature", "geometry": {"type": "Point", "coordinates": [99.0118848, 18.8285283]}, "properties": {"id": "cm-osm-node-2519563448", "name": "Cafe Amazon", "cat": ["food"], "province": "cm"}}, {"type": "Feature", "geometry": {"type": "Point", "coordinates": [98.957054, 18.807375]}, "properties": {"id": "cm-osm-node-4413425463", "name": "Cafe Amazon", "cat": ["food"], "province": "cm"}}, {"type": "Feature", "geometry": {"type": "Point", "coordinates": [99.0360635, 18.7947311]}, "properties": {"id": "cm-osm-node-5348338286", "name": "Cafe Amazon", "cat": ["food"], "province": "cm"}}, {"type": "Feature", "geometry": {"type": "Point", "coordinates": [99.0192842, 18.747076]}, "properties": {"id": "cm-osm-way-1046158877", "name": "Cafe Amazon", "cat": ["food"], "province": "cm"}}, {"type": "Feature", "geometry": {"type": "Point", "coordinates": [99.0162868, 18.8670483]}, "properties": {"id": "cm-osm-way-739554805", "name": "Cafe Amazon", "cat": ["food"], "province": "cm"}}, {"type": "Feature", "geometry": {"type": "Point", "coordinates": [98.992187, 18.7927559]}, "properties": {"id": "cm-osm-node-3369623290", "name": "Cafe Arte", "cat": ["food"], "province": "cm"}}, {"type": "Feature", "geometry": {"type": "Point", "coordinates": [98.9986166, 18.7860191]}, "properties": {"id": "cm-osm-node-2597971867", "name": "Cafe Blanco", "cat": ["food"], "province": "cm"}}, {"type": "Feature", "geometry": {"type": "Point", "coordinates": [98.9792952, 18.7478866]}, "properties": {"id": "cm-osm-node-3901216868", "name": "Cafe Caliente", "cat": ["food"], "province": "cm"}}, {"type": "Feature", "geometry": {"type": "Point", "coordinates": [98.9640579, 18.8025376]}, "properties": {"id": "cm-osm-node-4553840431", "name": "Cafe De JJ", "cat": ["food"], "province": "cm"}}, {"type": "Feature", "geometry": {"type": "Point", "coordinates": [98.9825929, 18.78767]}, "properties": {"id": "cm-osm-node-7023395505", "name": "Cafe De Maross", "cat": ["food"], "province": "cm"}}, {"type": "Feature", "geometry": {"type": "Point", "coordinates": [98.971144, 19.012415]}, "properties": {"id": "cm-osm-node-3923317011", "name": "Cafe Depu Coffee & Ice Cream", "cat": ["food"], "province": "cm"}}, {"type": "Feature", "geometry": {"type": "Point", "coordinates": [98.9654573, 18.7959725]}, "properties": {"id": "cm-osm-node-4476976180", "name": "Cafe Kantary", "cat": ["food"], "province": "cm"}}, {"type": "Feature", "geometry": {"type": "Point", "coordinates": [98.9939463, 18.922019]}, "properties": {"id": "cm-osm-node-2610694860", "name": "Cafe Long Do", "cat": ["food"], "province": "cm"}}, {"type": "Feature", "geometry": {"type": "Point", "coordinates": [98.9506237, 18.7499451]}, "properties": {"id": "cm-osm-node-9387792314", "name": "Cafe Reste", "cat": ["food"], "province": "cm"}}, {"type": "Feature", "geometry": {"type": "Point", "coordinates": [98.9986512, 18.7859404]}, "properties": {"id": "cm-osm-node-6241110485", "name": "Cafe Waan", "cat": ["food"], "province": "cm"}}, {"type": "Feature", "geometry": {"type": "Point", "coordinates": [98.9477054, 18.7479556]}, "properties": {"id": "cm-osm-way-723744484", "name": "Cafe de Kemrex", "cat": ["food"], "province": "cm"}}, {"type": "Feature", "geometry": {"type": "Point", "coordinates": [99.0054657, 18.7710016]}, "properties": {"id": "cm-osm-node-3908107549", "name": "Cafe de Krabi", "cat": ["food"], "province": "cm"}}, {"type": "Feature", "geometry": {"type": "Point", "coordinates": [99.0006815, 18.781053]}, "properties": {"id": "cm-osm-node-1101287698", "name": "Cafe de L'Amour", "cat": ["food"], "province": "cm"}}, {"type": "Feature", "geometry": {"type": "Point", "coordinates": [98.9988636, 18.7872085]}, "properties": {"id": "cm-osm-node-2414298003", "name": "Cafe de Sirin", "cat": ["food"], "province": "cm"}}, {"type": "Feature", "geometry": {"type": "Point", "coordinates": [98.9810926, 18.8041183]}, "properties": {"id": "cm-osm-node-9404139417", "name": "Cafe de Sot", "cat": ["food"], "province": "cm"}}, {"type": "Feature", "geometry": {"type": "Point", "coordinates": [98.988476, 18.785469]}, "properties": {"id": "cm-osm-node-1006843145", "name": "Cafe de Thaan Aoan", "cat": ["food"], "province": "cm"}}, {"type": "Feature", "geometry": {"type": "Point", "coordinates": [98.992148, 18.9600392]}, "properties": {"id": "cm-osm-node-2183015152", "name": "Cafe de la Flora", "cat": ["food"], "province": "cm"}}, {"type": "Feature", "geometry": {"type": "Point", "coordinates": [98.9985363, 18.7840002]}, "properties": {"id": "cm-osm-node-2655180134", "name": "Cafe' de Siam", "cat": ["food"], "province": "cm"}}, {"type": "Feature", "geometry": {"type": "Point", "coordinates": [98.9683286, 18.7693728]}, "properties": {"id": "cm-osm-node-1474872064", "name": "Caffe Ritazza", "cat": ["food"], "province": "cm"}}, {"type": "Feature", "geometry": {"type": "Point", "coordinates": [99.0548282, 18.7772728]}, "properties": {"id": "cm-osm-node-3376408641", "name": "Caffeine", "cat": ["food"], "province": "cm"}}, {"type": "Feature", "geometry": {"type": "Point", "coordinates": [99.0101158, 18.7869377]}, "properties": {"id": "cm-osm-node-5132374224", "name": "Caffeine No. 5 Coffee", "cat": ["food"], "province": "cm"}}, {"type": "Feature", "geometry": {"type": "Point", "coordinates": [98.9744687, 18.8035538]}, "properties": {"id": "cm-osm-node-3996636060", "name": "Caffè B{e}arista", "cat": ["food"], "province": "cm"}}, {"type": "Feature", "geometry": {"type": "Point", "coordinates": [98.9749723, 18.7207504]}, "properties": {"id": "cm-osm-node-10773546986", "name": "Café Amazon", "cat": ["food"], "province": "cm"}}, {"type": "Feature", "geometry": {"type": "Point", "coordinates": [98.9660024, 18.7424094]}, "properties": {"id": "cm-osm-node-10778022015", "name": "Café Amazon", "cat": ["food"], "province": "cm"}}, {"type": "Feature", "geometry": {"type": "Point", "coordinates": [98.9856545, 18.8018733]}, "properties": {"id": "cm-osm-node-11121177294", "name": "Café Amazon", "cat": ["food"], "province": "cm"}}, {"type": "Feature", "geometry": {"type": "Point", "coordinates": [99.1310897, 18.6587739]}, "properties": {"id": "cm-osm-node-11581270446", "name": "Café Amazon", "cat": ["food"], "province": "cm"}}, {"type": "Feature", "geometry": {"type": "Point", "coordinates": [98.9608754, 18.7968752]}, "properties": {"id": "cm-osm-node-12031519067", "name": "Café Amazon", "cat": ["food"], "province": "cm"}}, {"type": "Feature", "geometry": {"type": "Point", "coordinates": [99.0088434, 18.7525023]}, "properties": {"id": "cm-osm-node-13052183920", "name": "Café Amazon", "cat": ["food"], "province": "cm"}}, {"type": "Feature", "geometry": {"type": "Point", "coordinates": [99.0715326, 18.7698664]}, "properties": {"id": "cm-osm-node-1381345475", "name": "Café Amazon", "cat": ["food"], "province": "cm"}}, {"type": "Feature", "geometry": {"type": "Point", "coordinates": [98.8878486, 18.6713892]}, "properties": {"id": "cm-osm-node-3121493939", "name": "Café Amazon", "cat": ["food"], "province": "cm"}}, {"type": "Feature", "geometry": {"type": "Point", "coordinates": [99.0119025, 18.8088946]}, "properties": {"id": "cm-osm-node-3184594339", "name": "Café Amazon", "cat": ["food"], "province": "cm"}}, {"type": "Feature", "geometry": {"type": "Point", "coordinates": [99.0162646, 18.7966562]}, "properties": {"id": "cm-osm-node-3242156462", "name": "Café Amazon", "cat": ["food"], "province": "cm"}}, {"type": "Feature", "geometry": {"type": "Point", "coordinates": [98.983031, 18.7964216]}, "properties": {"id": "cm-osm-node-3317920525", "name": "Café Amazon", "cat": ["food"], "province": "cm"}}, {"type": "Feature", "geometry": {"type": "Point", "coordinates": [99.0143678, 18.7386061]}, "properties": {"id": "cm-osm-node-3409866633", "name": "Café Amazon", "cat": ["food"], "province": "cm"}}, {"type": "Feature", "geometry": {"type": "Point", "coordinates": [98.9592036, 18.784619]}, "properties": {"id": "cm-osm-node-3498459991", "name": "Café Amazon", "cat": ["food"], "province": "cm"}}, {"type": "Feature", "geometry": {"type": "Point", "coordinates": [98.9725203, 18.7721614]}, "properties": {"id": "cm-osm-node-3810861066", "name": "Café Amazon", "cat": ["food"], "province": "cm"}}, {"type": "Feature", "geometry": {"type": "Point", "coordinates": [99.0635285, 18.7514855]}, "properties": {"id": "cm-osm-node-4115297791", "name": "Café Amazon", "cat": ["food"], "province": "cm"}}, {"type": "Feature", "geometry": {"type": "Point", "coordinates": [98.9515876, 18.7306756]}, "properties": {"id": "cm-osm-node-8990242296", "name": "Café Amazon", "cat": ["food"], "province": "cm"}}, {"type": "Feature", "geometry": {"type": "Point", "coordinates": [99.0494197, 18.6786968]}, "properties": {"id": "cm-osm-way-1017739602", "name": "Café Amazon", "cat": ["food"], "province": "cm"}}, {"type": "Feature", "geometry": {"type": "Point", "coordinates": [99.0380853, 18.7217262]}, "properties": {"id": "cm-osm-way-1029578473", "name": "Café Amazon", "cat": ["food"], "province": "cm"}}, {"type": "Feature", "geometry": {"type": "Point", "coordinates": [99.0297624, 18.7694244]}, "properties": {"id": "cm-osm-way-365937068", "name": "Café Amazon", "cat": ["food"], "province": "cm"}}, {"type": "Feature", "geometry": {"type": "Point", "coordinates": [98.985165, 18.7019959]}, "properties": {"id": "cm-osm-way-1467597753", "name": "Café Der Ray", "cat": ["food"], "province": "cm"}}, {"type": "Feature", "geometry": {"type": "Point", "coordinates": [98.9818871, 18.7948892]}, "properties": {"id": "cm-osm-node-7794425963", "name": "Café Rom-D", "cat": ["food"], "province": "cm"}}, {"type": "Feature", "geometry": {"type": "Point", "coordinates": [98.9883037, 18.7899164]}, "properties": {"id": "cm-osm-node-3287033149", "name": "Café de Museum", "cat": ["food"], "province": "cm"}}, {"type": "Feature", "geometry": {"type": "Point", "coordinates": [98.9675019, 18.8011842]}, "properties": {"id": "cm-osm-node-2969701534", "name": "Camellia & Co.", "cat": ["food"], "province": "cm"}}, {"type": "Feature", "geometry": {"type": "Point", "coordinates": [98.9809462, 18.7683677]}, "properties": {"id": "cm-osm-node-9354595439", "name": "Caramellow", "cat": ["food"], "province": "cm"}}, {"type": "Feature", "geometry": {"type": "Point", "coordinates": [98.9474332, 18.6873272]}, "properties": {"id": "cm-osm-node-3174252561", "name": "Casa Shadé", "cat": ["food"], "province": "cm"}}, {"type": "Feature", "geometry": {"type": "Point", "coordinates": [98.9913369, 18.7951141]}, "properties": {"id": "cm-osm-node-6226411085", "name": "Cat Brothers Cafe", "cat": ["food"], "province": "cm"}}, {"type": "Feature", "geometry": {"type": "Point", "coordinates": [98.9657175, 18.7991208]}, "properties": {"id": "cm-osm-node-4596223590", "name": "Cat Me", "cat": ["food"], "province": "cm"}}, {"type": "Feature", "geometry": {"type": "Point", "coordinates": [98.9445179, 19.026098]}, "properties": {"id": "cm-osm-node-4594764320", "name": "Cat's Coffee", "cat": ["food"], "province": "cm"}}, {"type": "Feature", "geometry": {"type": "Point", "coordinates": [98.9579089, 18.8063487]}, "properties": {"id": "cm-osm-node-3819711686", "name": "Catmosphere Cat Café", "cat": ["food"], "province": "cm"}}, {"type": "Feature", "geometry": {"type": "Point", "coordinates": [99.1098792, 18.866123]}, "properties": {"id": "cm-osm-node-13604835663", "name": "Cats Station Cafe", "cat": ["food"], "province": "cm"}}, {"type": "Feature", "geometry": {"type": "Point", "coordinates": [98.9876294, 18.7821241]}, "properties": {"id": "cm-osm-node-7161802785", "name": "Cha Malay - Café @ Garage", "cat": ["food"], "province": "cm"}}, {"type": "Feature", "geometry": {"type": "Point", "coordinates": [98.9772474, 18.7743793]}, "properties": {"id": "cm-osm-node-6992284987", "name": "Cha ta yom", "cat": ["food"], "province": "cm"}}, {"type": "Feature", "geometry": {"type": "Point", "coordinates": [98.9711444, 18.7716448]}, "properties": {"id": "cm-osm-node-9393959935", "name": "Cham Chaa Coffee", "cat": ["food"], "province": "cm"}}, {"type": "Feature", "geometry": {"type": "Point", "coordinates": [98.9833268, 18.8881539]}, "properties": {"id": "cm-osm-node-4419748789", "name": "Chanctonbury Tea & Garden", "cat": ["food"], "province": "cm"}}, {"type": "Feature", "geometry": {"type": "Point", "coordinates": [98.9862302, 18.7882629]}, "properties": {"id": "cm-osm-node-7178932385", "name": "Chanya’s", "cat": ["food"], "province": "cm"}}, {"type": "Feature", "geometry": {"type": "Point", "coordinates": [99.0881616, 18.7510056]}, "properties": {"id": "cm-osm-node-13439262901", "name": "Chaosua cafe", "cat": ["food"], "province": "cm"}}, {"type": "Feature", "geometry": {"type": "Point", "coordinates": [98.9745443, 18.7973853]}, "properties": {"id": "cm-osm-node-10677606512", "name": "Chapter One", "cat": ["food"], "province": "cm"}}, {"type": "Feature", "geometry": {"type": "Point", "coordinates": [98.9865441, 18.793196]}, "properties": {"id": "cm-osm-node-13386088901", "name": "Cheesetober", "cat": ["food"], "province": "cm"}}, {"type": "Feature", "geometry": {"type": "Point", "coordinates": [98.9842009, 18.7996188]}, "properties": {"id": "cm-osm-node-11726454425", "name": "Chiang Cafe", "cat": ["food"], "province": "cm"}}, {"type": "Feature", "geometry": {"type": "Point", "coordinates": [98.9937116, 18.7845309]}, "properties": {"id": "cm-osm-node-6163753385", "name": "Chiang Mai Coffee", "cat": ["food"], "province": "cm"}}, {"type": "Feature", "geometry": {"type": "Point", "coordinates": [98.990241, 18.7910105]}, "properties": {"id": "cm-osm-node-1491288849", "name": "Chiang Mai Tea House", "cat": ["food"], "province": "cm"}}, {"type": "Feature", "geometry": {"type": "Point", "coordinates": [98.9377505, 18.9125013]}, "properties": {"id": "cm-osm-node-3341012238", "name": "Chill Chill Cup", "cat": ["food"], "province": "cm"}}, {"type": "Feature", "geometry": {"type": "Point", "coordinates": [98.918667, 18.6825052]}, "properties": {"id": "cm-osm-node-3933516649", "name": "Chillan Coffee", "cat": ["food"], "province": "cm"}}, {"type": "Feature", "geometry": {"type": "Point", "coordinates": [98.977189, 18.7746534]}, "properties": {"id": "cm-osm-node-6992285187", "name": "Choc Coffee", "cat": ["food"], "province": "cm"}}, {"type": "Feature", "geometry": {"type": "Point", "coordinates": [99.0000276, 18.7882502]}, "properties": {"id": "cm-osm-node-12584529801", "name": "Chocolate", "cat": ["food"], "province": "cm"}}, {"type": "Feature", "geometry": {"type": "Point", "coordinates": [98.9628997, 18.807175]}, "properties": {"id": "cm-osm-way-421101571", "name": "Cholly Cafe", "cat": ["food"], "province": "cm"}}, {"type": "Feature", "geometry": {"type": "Point", "coordinates": [98.9454271, 18.7482571]}, "properties": {"id": "cm-osm-node-5608450921", "name": "Chom Cafe and Restaurant", "cat": ["food"], "province": "cm"}}, {"type": "Feature", "geometry": {"type": "Point", "coordinates": [98.8751661, 19.0085177]}, "properties": {"id": "cm-osm-way-1481326013", "name": "Chomdao Cafe", "cat": ["food"], "province": "cm"}}, {"type": "Feature", "geometry": {"type": "Point", "coordinates": [98.9683793, 18.7976849]}, "properties": {"id": "cm-osm-node-3287854761", "name": "Chuen", "cat": ["food"], "province": "cm"}}, {"type": "Feature", "geometry": {"type": "Point", "coordinates": [99.0001187, 18.7084994]}, "properties": {"id": "cm-osm-node-4079924526", "name": "Chuen-Jit Coffee", "cat": ["food"], "province": "cm"}}, {"type": "Feature", "geometry": {"type": "Point", "coordinates": [98.9484966, 18.776518]}, "properties": {"id": "cm-osm-node-7153152185", "name": "Churro Churro", "cat": ["food"], "province": "cm"}}, {"type": "Feature", "geometry": {"type": "Point", "coordinates": [98.9987528, 18.7927629]}, "properties": {"id": "cm-osm-node-11465208469", "name": "Cieste - Cafe and Hotel", "cat": ["food"], "province": "cm"}}, {"type": "Feature", "geometry": {"type": "Point", "coordinates": [98.9918228, 18.7903749]}, "properties": {"id": "cm-osm-node-1491320808", "name": "City Cafe", "cat": ["food"], "province": "cm"}}, {"type": "Feature", "geometry": {"type": "Point", "coordinates": [98.9872802, 18.7821599]}, "properties": {"id": "cm-osm-node-3440864915", "name": "Clay Studio Café", "cat": ["food"], "province": "cm"}}, {"type": "Feature", "geometry": {"type": "Point", "coordinates": [98.9560608, 18.7899219]}, "properties": {"id": "cm-osm-node-2650709899", "name": "Club Diva", "cat": ["food"], "province": "cm"}}, {"type": "Feature", "geometry": {"type": "Point", "coordinates": [98.8961175, 18.6790981]}, "properties": {"id": "cm-osm-node-3832005203", "name": "Co-co Shop", "cat": ["food"], "province": "cm"}}, {"type": "Feature", "geometry": {"type": "Point", "coordinates": [98.9888522, 18.781586]}, "properties": {"id": "cm-osm-node-7023419521", "name": "Coco Cafe", "cat": ["food"], "province": "cm"}}, {"type": "Feature", "geometry": {"type": "Point", "coordinates": [98.9685537, 18.7965619]}, "properties": {"id": "cm-osm-node-6734839585", "name": "Coco Corner Coconut", "cat": ["food"], "province": "cm"}}, {"type": "Feature", "geometry": {"type": "Point", "coordinates": [98.993247, 18.7917257]}, "properties": {"id": "cm-osm-node-6579636078", "name": "Cocoa 6", "cat": ["food"], "province": "cm"}}, {"type": "Feature", "geometry": {"type": "Point", "coordinates": [99.1166219, 18.8708435]}, "properties": {"id": "cm-osm-node-13540019101", "name": "Cof & Fur", "cat": ["food"], "province": "cm"}}, {"type": "Feature", "geometry": {"type": "Point", "coordinates": [99.1293606, 18.7535083]}, "properties": {"id": "cm-osm-node-4556047500", "name": "Coffactry", "cat": ["food"], "province": "cm"}}, {"type": "Feature", "geometry": {"type": "Point", "coordinates": [98.9965711, 18.7952914]}, "properties": {"id": "cm-osm-node-3237872029", "name": "Coffee & Bakery", "cat": ["food"], "province": "cm"}}, {"type": "Feature", "geometry": {"type": "Point", "coordinates": [98.9793738, 18.8825685]}, "properties": {"id": "cm-osm-node-4418737565", "name": "Coffee & Bakery", "cat": ["food"], "province": "cm"}}, {"type": "Feature", "geometry": {"type": "Point", "coordinates": [99.0008121, 18.7569838]}, "properties": {"id": "cm-osm-node-4763900042", "name": "Coffee & Me", "cat": ["food"], "province": "cm"}}, {"type": "Feature", "geometry": {"type": "Point", "coordinates": [98.993475, 18.7856336]}, "properties": {"id": "cm-osm-node-1041286678", "name": "Coffee & Relax", "cat": ["food"], "province": "cm"}}, {"type": "Feature", "geometry": {"type": "Point", "coordinates": [99.001063, 18.7880491]}, "properties": {"id": "cm-osm-node-12584073202", "name": "Coffee & Tea", "cat": ["food"], "province": "cm"}}, {"type": "Feature", "geometry": {"type": "Point", "coordinates": [98.9915472, 18.7797528]}, "properties": {"id": "cm-osm-node-2652920111", "name": "Coffee 2 Days", "cat": ["food"], "province": "cm"}}, {"type": "Feature", "geometry": {"type": "Point", "coordinates": [98.9785334, 18.7922356]}, "properties": {"id": "cm-osm-node-4711076389", "name": "Coffee Addict", "cat": ["food"], "province": "cm"}}, {"type": "Feature", "geometry": {"type": "Point", "coordinates": [98.9888978, 18.7945267]}, "properties": {"id": "cm-osm-node-4706095492", "name": "Coffee And More", "cat": ["food"], "province": "cm"}}, {"type": "Feature", "geometry": {"type": "Point", "coordinates": [98.991466, 18.790996]}, "properties": {"id": "cm-osm-node-1133608908", "name": "Coffee Bar", "cat": ["food"], "province": "cm"}}, {"type": "Feature", "geometry": {"type": "Point", "coordinates": [98.9767251, 18.7695779]}, "properties": {"id": "cm-osm-node-4880216345", "name": "Coffee Bee", "cat": ["food"], "province": "cm"}}, {"type": "Feature", "geometry": {"type": "Point", "coordinates": [99.0027155, 18.785907]}, "properties": {"id": "cm-osm-node-3417167515", "name": "Coffee Bug", "cat": ["food"], "province": "cm"}}, {"type": "Feature", "geometry": {"type": "Point", "coordinates": [98.987602, 18.785574]}, "properties": {"id": "cm-osm-node-1107234875", "name": "Coffee Bull", "cat": ["food"], "province": "cm"}}, {"type": "Feature", "geometry": {"type": "Point", "coordinates": [98.9803179, 18.8033676]}, "properties": {"id": "cm-osm-node-3298008463", "name": "Coffee Champ", "cat": ["food"], "province": "cm"}}, {"type": "Feature", "geometry": {"type": "Point", "coordinates": [98.9875017, 18.7856565]}, "properties": {"id": "cm-osm-node-4129821990", "name": "Coffee Cop", "cat": ["food"], "province": "cm"}}, {"type": "Feature", "geometry": {"type": "Point", "coordinates": [99.0489814, 18.7571736]}, "properties": {"id": "cm-osm-node-2039805560", "name": "Coffee Corner", "cat": ["food"], "province": "cm"}}, {"type": "Feature", "geometry": {"type": "Point", "coordinates": [98.9801371, 18.7720137]}, "properties": {"id": "cm-osm-node-3716323839", "name": "Coffee Culture", "cat": ["food"], "province": "cm"}}, {"type": "Feature", "geometry": {"type": "Point", "coordinates": [98.9822388, 18.8149187]}, "properties": {"id": "cm-osm-node-13411757456", "name": "Coffee Deve Roaster", "cat": ["food"], "province": "cm"}}, {"type": "Feature", "geometry": {"type": "Point", "coordinates": [99.0061082, 18.6142069]}, "properties": {"id": "cm-osm-node-5229243000", "name": "Coffee Fangun", "cat": ["food"], "province": "cm"}}, {"type": "Feature", "geometry": {"type": "Point", "coordinates": [98.9933801, 18.7837721]}, "properties": {"id": "cm-osm-node-4925330434", "name": "Coffee Garden", "cat": ["food"], "province": "cm"}}, {"type": "Feature", "geometry": {"type": "Point", "coordinates": [99.0175562, 18.7984826]}, "properties": {"id": "cm-osm-node-3152478861", "name": "Coffee House", "cat": ["food"], "province": "cm"}}, {"type": "Feature", "geometry": {"type": "Point", "coordinates": [98.9438691, 18.7299945]}, "properties": {"id": "cm-osm-node-8305114873", "name": "Coffee House @ Khaomao-Khaofang", "cat": ["food"], "province": "cm"}}, {"type": "Feature", "geometry": {"type": "Point", "coordinates": [98.9703376, 18.7983256]}, "properties": {"id": "cm-osm-node-11425558688", "name": "Coffee INC. Nicohub", "cat": ["food"], "province": "cm"}}, {"type": "Feature", "geometry": {"type": "Point", "coordinates": [99.0091468, 18.7856657]}, "properties": {"id": "cm-osm-node-2984537933", "name": "Coffee Journey", "cat": ["food"], "province": "cm"}}, {"type": "Feature", "geometry": {"type": "Point", "coordinates": [98.9795641, 18.8066293]}, "properties": {"id": "cm-osm-node-4353876797", "name": "Coffee Love", "cat": ["food"], "province": "cm"}}, {"type": "Feature", "geometry": {"type": "Point", "coordinates": [99.0268155, 18.7504115]}, "properties": {"id": "cm-osm-node-3418977493", "name": "Coffee Lover Chiang Mai", "cat": ["food"], "province": "cm"}}, {"type": "Feature", "geometry": {"type": "Point", "coordinates": [98.9831606, 18.7856576]}, "properties": {"id": "cm-osm-node-3384100280", "name": "Coffee Lovers", "cat": ["food"], "province": "cm"}}, {"type": "Feature", "geometry": {"type": "Point", "coordinates": [98.9588544, 18.8003986]}, "properties": {"id": "cm-osm-node-7136176764", "name": "Coffee Munao", "cat": ["food"], "province": "cm"}}, {"type": "Feature", "geometry": {"type": "Point", "coordinates": [99.0161825, 18.7600487]}, "properties": {"id": "cm-osm-node-2984068640", "name": "Coffee Payap", "cat": ["food"], "province": "cm"}}, {"type": "Feature", "geometry": {"type": "Point", "coordinates": [98.9912419, 18.7895267]}, "properties": {"id": "cm-osm-node-5626559221", "name": "Coffee Plus", "cat": ["food"], "province": "cm"}}, {"type": "Feature", "geometry": {"type": "Point", "coordinates": [98.9960661, 18.7810716]}, "properties": {"id": "cm-osm-node-5185937222", "name": "Coffee Point Changmai", "cat": ["food"], "province": "cm"}}, {"type": "Feature", "geometry": {"type": "Point", "coordinates": [98.9970946, 18.7464484]}, "properties": {"id": "cm-osm-way-622172612", "name": "Coffee Pooh", "cat": ["food"], "province": "cm"}}, {"type": "Feature", "geometry": {"type": "Point", "coordinates": [98.9511352, 18.7946037]}, "properties": {"id": "cm-osm-node-5346609684", "name": "Coffee Shop", "cat": ["food"], "province": "cm"}}, {"type": "Feature", "geometry": {"type": "Point", "coordinates": [98.9816905, 18.7835953]}, "properties": {"id": "cm-osm-node-5702387255", "name": "Coffee Station", "cat": ["food"], "province": "cm"}}, {"type": "Feature", "geometry": {"type": "Point", "coordinates": [98.9900152, 18.7902374]}, "properties": {"id": "cm-osm-node-6433469585", "name": "Coffee Telling", "cat": ["food"], "province": "cm"}}, {"type": "Feature", "geometry": {"type": "Point", "coordinates": [99.0830053, 18.766212]}, "properties": {"id": "cm-osm-node-1093720093", "name": "Coffee Time", "cat": ["food"], "province": "cm"}}, {"type": "Feature", "geometry": {"type": "Point", "coordinates": [98.9973974, 18.7947482]}, "properties": {"id": "cm-osm-node-3266843183", "name": "Coffee Time", "cat": ["food"], "province": "cm"}}, {"type": "Feature", "geometry": {"type": "Point", "coordinates": [99.0506925, 18.756235]}, "properties": {"id": "cm-osm-node-1895792122", "name": "Coffee Times", "cat": ["food"], "province": "cm"}}, {"type": "Feature", "geometry": {"type": "Point", "coordinates": [98.9940509, 18.7795004]}, "properties": {"id": "cm-osm-node-1477518782", "name": "Coffee Waf", "cat": ["food"], "province": "cm"}}, {"type": "Feature", "geometry": {"type": "Point", "coordinates": [99.0181162, 18.8068847]}, "properties": {"id": "cm-osm-node-2865846901", "name": "Coffee World", "cat": ["food"], "province": "cm"}}, {"type": "Feature", "geometry": {"type": "Point", "coordinates": [98.9755892, 18.7693707]}, "properties": {"id": "cm-osm-node-3347631782", "name": "Coffee World", "cat": ["food"], "province": "cm"}}, {"type": "Feature", "geometry": {"type": "Point", "coordinates": [99.0169774, 18.783889]}, "properties": {"id": "cm-osm-node-2562531648", "name": "Coffee de Trains", "cat": ["food"], "province": "cm"}}, {"type": "Feature", "geometry": {"type": "Point", "coordinates": [99.0424401, 18.680932]}, "properties": {"id": "cm-osm-node-7142705125", "name": "Coffee in Love", "cat": ["food"], "province": "cm"}}, {"type": "Feature", "geometry": {"type": "Point", "coordinates": [98.9897921, 18.7872314]}, "properties": {"id": "cm-osm-node-2466333305", "name": "Coffee in Narrow", "cat": ["food"], "province": "cm"}}, {"type": "Feature", "geometry": {"type": "Point", "coordinates": [98.951235, 18.8202689]}, "properties": {"id": "cm-osm-node-4889011525", "name": "Coffee or Me", "cat": ["food"], "province": "cm"}}, {"type": "Feature", "geometry": {"type": "Point", "coordinates": [99.000067, 18.837912]}, "properties": {"id": "cm-osm-node-5141991928", "name": "Coffee shop", "cat": ["food"], "province": "cm"}}, {"type": "Feature", "geometry": {"type": "Point", "coordinates": [98.9974086, 18.7883917]}, "properties": {"id": "cm-osm-way-668376842", "name": "Coffee-Y", "cat": ["food"], "province": "cm"}}, {"type": "Feature", "geometry": {"type": "Point", "coordinates": [98.9715717, 18.7933253]}, "properties": {"id": "cm-osm-node-3421245743", "name": "Coffeebooz", "cat": ["food"], "province": "cm"}}, {"type": "Feature", "geometry": {"type": "Point", "coordinates": [98.967651, 18.799596]}, "properties": {"id": "cm-osm-node-1127592858", "name": "Cofésta", "cat": ["food"], "province": "cm"}}, {"type": "Feature", "geometry": {"type": "Point", "coordinates": [98.9971361, 18.8059743]}, "properties": {"id": "cm-osm-node-4225761969", "name": "Collina", "cat": ["food"], "province": "cm"}}, {"type": "Feature", "geometry": {"type": "Point", "coordinates": [98.990186, 18.7923413]}, "properties": {"id": "cm-osm-node-4559427489", "name": "Come on coffe", "cat": ["food"], "province": "cm"}}, {"type": "Feature", "geometry": {"type": "Point", "coordinates": [98.9477027, 18.9089176]}, "properties": {"id": "cm-osm-node-3149195389", "name": "Cool Cafe", "cat": ["food"], "province": "cm"}}, {"type": "Feature", "geometry": {"type": "Point", "coordinates": [98.9931205, 18.7884469]}, "properties": {"id": "cm-osm-node-5758046621", "name": "CoolMuang", "cat": ["food"], "province": "cm"}}, {"type": "Feature", "geometry": {"type": "Point", "coordinates": [98.9537863, 18.7838421]}, "properties": {"id": "cm-osm-node-6089830785", "name": "Corner Coff", "cat": ["food"], "province": "cm"}}, {"type": "Feature", "geometry": {"type": "Point", "coordinates": [98.9644626, 18.8083653]}, "properties": {"id": "cm-osm-node-6722728185", "name": "Cornerhouse Fifteen", "cat": ["food"], "province": "cm"}}, {"type": "Feature", "geometry": {"type": "Point", "coordinates": [98.9661312, 18.7946677]}, "properties": {"id": "cm-osm-node-2099411773", "name": "Cosmos Cafe", "cat": ["food"], "province": "cm"}}, {"type": "Feature", "geometry": {"type": "Point", "coordinates": [98.9678609, 18.8042812]}, "properties": {"id": "cm-osm-node-4265515989", "name": "Cottontree", "cat": ["food"], "province": "cm"}}, {"type": "Feature", "geometry": {"type": "Point", "coordinates": [98.9136981, 18.6683978]}, "properties": {"id": "cm-osm-node-1058639339", "name": "Country Home", "cat": ["food"], "province": "cm"}}, {"type": "Feature", "geometry": {"type": "Point", "coordinates": [99.0404185, 18.7040717]}, "properties": {"id": "cm-osm-node-4433825762", "name": "Cowboy Coffee", "cat": ["food"], "province": "cm"}}, {"type": "Feature", "geometry": {"type": "Point", "coordinates": [98.9887346, 18.7791532]}, "properties": {"id": "cm-osm-node-3843126639", "name": "Cozy Cafe Chiangmai", "cat": ["food"], "province": "cm"}}, {"type": "Feature", "geometry": {"type": "Point", "coordinates": [98.9735946, 18.7952468]}, "properties": {"id": "cm-osm-node-12620112808", "name": "Creativitea", "cat": ["food"], "province": "cm"}}, {"type": "Feature", "geometry": {"type": "Point", "coordinates": [98.8621003, 18.7721784]}, "properties": {"id": "cm-osm-node-7189617385", "name": "Creek Cafe", "cat": ["food"], "province": "cm"}}, {"type": "Feature", "geometry": {"type": "Point", "coordinates": [98.9959699, 18.7842684]}, "properties": {"id": "cm-osm-node-3414272474", "name": "Crema Cafe", "cat": ["food"], "province": "cm"}}, {"type": "Feature", "geometry": {"type": "Point", "coordinates": [99.0083358, 18.7871884]}, "properties": {"id": "cm-osm-node-13154250035", "name": "Cult Caffeine", "cat": ["food"], "province": "cm"}}, {"type": "Feature", "geometry": {"type": "Point", "coordinates": [98.8966168, 18.6297624]}, "properties": {"id": "cm-osm-node-2685512392", "name": "Cup & Cake", "cat": ["food"], "province": "cm"}}, {"type": "Feature", "geometry": {"type": "Point", "coordinates": [98.9983188, 18.7902356]}, "properties": {"id": "cm-osm-node-6734219085", "name": "Cup coffee house", "cat": ["food"], "province": "cm"}}, {"type": "Feature", "geometry": {"type": "Point", "coordinates": [98.984307, 18.8045388]}, "properties": {"id": "cm-osm-node-13159144043", "name": "Curry Puff Coffee", "cat": ["food"], "province": "cm"}}, {"type": "Feature", "geometry": {"type": "Point", "coordinates": [98.8400255, 18.7904796]}, "properties": {"id": "cm-osm-node-13257248680", "name": "Cypress Lanes", "cat": ["food"], "province": "cm"}}, {"type": "Feature", "geometry": {"type": "Point", "coordinates": [98.9770663, 18.7944501]}, "properties": {"id": "cm-osm-node-12301174699", "name": "D Cafe Coffee", "cat": ["food"], "province": "cm"}}, {"type": "Feature", "geometry": {"type": "Point", "coordinates": [98.9580416, 18.79184]}, "properties": {"id": "cm-osm-node-4360574586", "name": "D-Milk ไมโลดิบ", "cat": ["food"], "province": "cm"}}, {"type": "Feature", "geometry": {"type": "Point", "coordinates": [99.0204327, 18.8001993]}, "properties": {"id": "cm-osm-node-9430021019", "name": "DECATHLON CHIANGMAI", "cat": ["food"], "province": "cm"}}, {"type": "Feature", "geometry": {"type": "Point", "coordinates": [98.9673561, 18.8008396]}, "properties": {"id": "cm-osm-node-5108961825", "name": "DOM cafe", "cat": ["food"], "province": "cm"}}, {"type": "Feature", "geometry": {"type": "Point", "coordinates": [98.9926224, 18.7852302]}, "properties": {"id": "cm-osm-node-4929780921", "name": "Dada Cafe", "cat": ["food"], "province": "cm"}}, {"type": "Feature", "geometry": {"type": "Point", "coordinates": [98.9509103, 18.7915582]}, "properties": {"id": "cm-osm-node-7140789085", "name": "Dadam K Bistro Café", "cat": ["food"], "province": "cm"}}, {"type": "Feature", "geometry": {"type": "Point", "coordinates": [98.9548887, 18.7455688]}, "properties": {"id": "cm-osm-node-6176060485", "name": "Daddy’s Antique", "cat": ["food"], "province": "cm"}}, {"type": "Feature", "geometry": {"type": "Point", "coordinates": [98.9996991, 18.7877996]}, "properties": {"id": "cm-osm-node-7035543286", "name": "Daifa garden", "cat": ["food"], "province": "cm"}}, {"type": "Feature", "geometry": {"type": "Point", "coordinates": [98.9934816, 18.7841295]}, "properties": {"id": "cm-osm-node-2211037641", "name": "Dailycious", "cat": ["food"], "province": "cm"}}, {"type": "Feature", "geometry": {"type": "Point", "coordinates": [98.9418811, 18.7309786]}, "properties": {"id": "cm-osm-node-5313364627", "name": "Danissa Bakery & Cafe", "cat": ["food"], "province": "cm"}}, {"type": "Feature", "geometry": {"type": "Point", "coordinates": [98.9899425, 18.7943757]}, "properties": {"id": "cm-osm-node-6195852585", "name": "Dark roast", "cat": ["food"], "province": "cm"}}, {"type": "Feature", "geometry": {"type": "Point", "coordinates": [98.9872715, 18.7774265]}, "properties": {"id": "cm-osm-node-2658260600", "name": "De Cassowary", "cat": ["food"], "province": "cm"}}, {"type": "Feature", "geometry": {"type": "Point", "coordinates": [99.0142727, 18.7401259]}, "properties": {"id": "cm-osm-node-3409866635", "name": "Deco Coffee & Tea", "cat": ["food"], "province": "cm"}}, {"type": "Feature", "geometry": {"type": "Point", "coordinates": [98.9696581, 18.7967367]}, "properties": {"id": "cm-osm-node-1797039541", "name": "Dejavu Cafe", "cat": ["food"], "province": "cm"}}, {"type": "Feature", "geometry": {"type": "Point", "coordinates": [99.0773539, 18.7661195]}, "properties": {"id": "cm-osm-node-8333233834", "name": "Dek-Cha บ่อสร้าง", "cat": ["food"], "province": "cm"}}, {"type": "Feature", "geometry": {"type": "Point", "coordinates": [99.0230718, 18.7626582]}, "properties": {"id": "cm-osm-node-5221139063", "name": "Delicafe", "cat": ["food"], "province": "cm"}}, {"type": "Feature", "geometry": {"type": "Point", "coordinates": [98.9466508, 18.7483185]}, "properties": {"id": "cm-osm-node-3436867170", "name": "Design Coffee", "cat": ["food"], "province": "cm"}}, {"type": "Feature", "geometry": {"type": "Point", "coordinates": [98.8286046, 18.887841]}, "properties": {"id": "cm-osm-way-644697906", "name": "Di Bosco", "cat": ["food"], "province": "cm"}}, {"type": "Feature", "geometry": {"type": "Point", "coordinates": [98.9683147, 18.798654]}, "properties": {"id": "cm-osm-node-11941932827", "name": "Diciotto", "cat": ["food"], "province": "cm"}}, {"type": "Feature", "geometry": {"type": "Point", "coordinates": [99.0128479, 18.8288448]}, "properties": {"id": "cm-osm-node-3979200909", "name": "Doi Cafe & Roasting", "cat": ["food"], "province": "cm"}}, {"type": "Feature", "geometry": {"type": "Point", "coordinates": [98.9933958, 18.7841473]}, "properties": {"id": "cm-osm-node-6163754085", "name": "Doi Caffe", "cat": ["food"], "province": "cm"}}, {"type": "Feature", "geometry": {"type": "Point", "coordinates": [98.9899659, 18.7823754]}, "properties": {"id": "cm-osm-node-1618868156", "name": "Doi Chaang", "cat": ["food"], "province": "cm"}}, {"type": "Feature", "geometry": {"type": "Point", "coordinates": [99.0032854, 18.7422351]}, "properties": {"id": "cm-osm-node-1819897327", "name": "Doi Chaang", "cat": ["food"], "province": "cm"}}, {"type": "Feature", "geometry": {"type": "Point", "coordinates": [99.0120337, 18.8282003]}, "properties": {"id": "cm-osm-node-2450538522", "name": "Doi Chaang", "cat": ["food"], "province": "cm"}}, {"type": "Feature", "geometry": {"type": "Point", "coordinates": [98.9655721, 18.7946383]}, "properties": {"id": "cm-osm-node-2660438580", "name": "Doi Chaang", "cat": ["food"], "province": "cm"}}, {"type": "Feature", "geometry": {"type": "Point", "coordinates": [98.9573464, 18.8073988]}, "properties": {"id": "cm-osm-node-3242548890", "name": "Doi Chaang", "cat": ["food"], "province": "cm"}}, {"type": "Feature", "geometry": {"type": "Point", "coordinates": [98.8902499, 18.7488085]}, "properties": {"id": "cm-osm-node-3256172105", "name": "Doi Chaang", "cat": ["food"], "province": "cm"}}, {"type": "Feature", "geometry": {"type": "Point", "coordinates": [98.9537885, 18.7768008]}, "properties": {"id": "cm-osm-node-3341093652", "name": "Doi Chaang", "cat": ["food"], "province": "cm"}}, {"type": "Feature", "geometry": {"type": "Point", "coordinates": [99.029143, 18.7825668]}, "properties": {"id": "cm-osm-node-5149373628", "name": "Doi Chaang", "cat": ["food"], "province": "cm"}}, {"type": "Feature", "geometry": {"type": "Point", "coordinates": [98.9764231, 18.7712587]}, "properties": {"id": "cm-osm-node-1903665319", "name": "Doi Chaang Coffee", "cat": ["food"], "province": "cm"}}, {"type": "Feature", "geometry": {"type": "Point", "coordinates": [98.9470885, 18.6873889]}, "properties": {"id": "cm-osm-node-2576988506", "name": "Doi Chaang Coffee", "cat": ["food"], "province": "cm"}}, {"type": "Feature", "geometry": {"type": "Point", "coordinates": [98.9988356, 18.7869225]}, "properties": {"id": "cm-osm-node-2655153486", "name": "Doi Chang", "cat": ["food"], "province": "cm"}}, {"type": "Feature", "geometry": {"type": "Point", "coordinates": [98.9877289, 18.7907398]}, "properties": {"id": "cm-osm-node-4358697789", "name": "Doi Chang", "cat": ["food"], "province": "cm"}}, {"type": "Feature", "geometry": {"type": "Point", "coordinates": [98.9874284, 18.7934717]}, "properties": {"id": "cm-osm-node-6611483785", "name": "Doi Chang", "cat": ["food"], "province": "cm"}}, {"type": "Feature", "geometry": {"type": "Point", "coordinates": [99.002852, 18.7514629]}, "properties": {"id": "cm-osm-node-7345993063", "name": "Doi Luang Coffee", "cat": ["food"], "province": "cm"}}, {"type": "Feature", "geometry": {"type": "Point", "coordinates": [99.1365517, 18.8711154]}, "properties": {"id": "cm-osm-node-4036093761", "name": "Doi Saket Coffee", "cat": ["food"], "province": "cm"}}, {"type": "Feature", "geometry": {"type": "Point", "coordinates": [99.1338267, 18.8735205]}, "properties": {"id": "cm-osm-node-3184375941", "name": "Doi Saket Coffee Green", "cat": ["food"], "province": "cm"}}, {"type": "Feature", "geometry": {"type": "Point", "coordinates": [99.0112918, 18.8254172]}, "properties": {"id": "cm-osm-node-4460077989", "name": "Doi Taeng Coffee", "cat": ["food"], "province": "cm"}}, {"type": "Feature", "geometry": {"type": "Point", "coordinates": [98.9694759, 18.8407274]}, "properties": {"id": "cm-osm-node-8812800067", "name": "Doi Taeng Coffee", "cat": ["food"], "province": "cm"}}, {"type": "Feature", "geometry": {"type": "Point", "coordinates": [98.9672331, 18.8000098]}, "properties": {"id": "cm-osm-node-1127593603", "name": "Doi Tung", "cat": ["food"], "province": "cm"}}, {"type": "Feature", "geometry": {"type": "Point", "coordinates": [98.9949414, 18.8074891]}, "properties": {"id": "cm-osm-node-2428725795", "name": "Doi Tung Coffee", "cat": ["food"], "province": "cm"}}, {"type": "Feature", "geometry": {"type": "Point", "coordinates": [98.96681, 18.797998]}, "properties": {"id": "cm-osm-node-1074595753", "name": "Dolcetto' Cafe", "cat": ["food"], "province": "cm"}}, {"type": "Feature", "geometry": {"type": "Point", "coordinates": [98.9934907, 18.7944578]}, "properties": {"id": "cm-osm-node-11927308169", "name": "Dollar Coffee", "cat": ["food"], "province": "cm"}}, {"type": "Feature", "geometry": {"type": "Point", "coordinates": [98.996743, 18.7881454]}, "properties": {"id": "cm-osm-node-6175929285", "name": "Doppio", "cat": ["food"], "province": "cm"}}, {"type": "Feature", "geometry": {"type": "Point", "coordinates": [98.9674288, 18.8013006]}, "properties": {"id": "cm-osm-node-2922091901", "name": "Doqaholic Cafe", "cat": ["food"], "province": "cm"}}, {"type": "Feature", "geometry": {"type": "Point", "coordinates": [98.9529954, 18.8036767]}, "properties": {"id": "cm-osm-node-2434785831", "name": "Double Click Cafe", "cat": ["food"], "province": "cm"}}, {"type": "Feature", "geometry": {"type": "Point", "coordinates": [99.0434185, 18.8961494]}, "properties": {"id": "cm-osm-node-5195686872", "name": "Ducky Coffee", "cat": ["food"], "province": "cm"}}, {"type": "Feature", "geometry": {"type": "Point", "coordinates": [98.9657581, 18.7962597]}, "properties": {"id": "cm-osm-node-2660438583", "name": "Dude Cafe", "cat": ["food"], "province": "cm"}}, {"type": "Feature", "geometry": {"type": "Point", "coordinates": [99.0372038, 18.8350639]}, "properties": {"id": "cm-osm-node-3540899195", "name": "Dunkin' Donuts", "cat": ["food"], "province": "cm"}}, {"type": "Feature", "geometry": {"type": "Point", "coordinates": [98.9709051, 18.7979776]}, "properties": {"id": "cm-osm-node-10300237609", "name": "Durianism Café", "cat": ["food"], "province": "cm"}}, {"type": "Feature", "geometry": {"type": "Point", "coordinates": [99.0599953, 18.7734307]}, "properties": {"id": "cm-osm-node-11345717670", "name": "E-ly Café", "cat": ["food"], "province": "cm"}}, {"type": "Feature", "geometry": {"type": "Point", "coordinates": [99.0099787, 18.8008598]}, "properties": {"id": "cm-osm-node-9326497622", "name": "ENTHEOS Coffee House", "cat": ["food"], "province": "cm"}}, {"type": "Feature", "geometry": {"type": "Point", "coordinates": [99.0009827, 18.7882801]}, "properties": {"id": "cm-osm-node-13459481301", "name": "Early Bird", "cat": ["food"], "province": "cm"}}, {"type": "Feature", "geometry": {"type": "Point", "coordinates": [98.9889111, 18.8057262]}, "properties": {"id": "cm-osm-node-11499304969", "name": "Early Owls", "cat": ["food"], "province": "cm"}}, {"type": "Feature", "geometry": {"type": "Point", "coordinates": [98.9791661, 18.7927305]}, "properties": {"id": "cm-osm-node-3385507274", "name": "East Coffee", "cat": ["food"], "province": "cm"}}, {"type": "Feature", "geometry": {"type": "Point", "coordinates": [99.0083089, 18.7645157]}, "properties": {"id": "cm-osm-node-4009513093", "name": "Eight Cafe Chiangmai", "cat": ["food"], "province": "cm"}}, {"type": "Feature", "geometry": {"type": "Point", "coordinates": [99.1164617, 18.722494]}, "properties": {"id": "cm-osm-node-4579341189", "name": "Elefant Coffe shop", "cat": ["food"], "province": "cm"}}, {"type": "Feature", "geometry": {"type": "Point", "coordinates": [98.9666709, 18.7983603]}, "properties": {"id": "cm-osm-node-1074594027", "name": "Ember", "cat": ["food"], "province": "cm"}}, {"type": "Feature", "geometry": {"type": "Point", "coordinates": [99.0204087, 18.818291]}, "properties": {"id": "cm-osm-node-6535361986", "name": "Enjoy Café", "cat": ["food"], "province": "cm"}}, {"type": "Feature", "geometry": {"type": "Point", "coordinates": [99.0417346, 18.7617185]}, "properties": {"id": "cm-osm-node-4636802719", "name": "Es'satto Coffee", "cat": ["food"], "province": "cm"}}, {"type": "Feature", "geometry": {"type": "Point", "coordinates": [98.9656811, 18.7950699]}, "properties": {"id": "cm-osm-node-9872187518", "name": "Everyday Vegan", "cat": ["food"], "province": "cm"}}, {"type": "Feature", "geometry": {"type": "Point", "coordinates": [98.9706621, 18.7950638]}, "properties": {"id": "cm-osm-node-6542873679", "name": "FIVE STAR MIX", "cat": ["food"], "province": "cm"}}, {"type": "Feature", "geometry": {"type": "Point", "coordinates": [98.987445, 18.7933766]}, "properties": {"id": "cm-osm-node-5623443421", "name": "Fact Café", "cat": ["food"], "province": "cm"}}, {"type": "Feature", "geometry": {"type": "Point", "coordinates": [98.9862193, 18.79296]}, "properties": {"id": "cm-osm-way-492846842", "name": "Fahtara", "cat": ["food"], "province": "cm"}}, {"type": "Feature", "geometry": {"type": "Point", "coordinates": [98.9843786, 18.8020156]}, "properties": {"id": "cm-osm-node-2468772713", "name": "Fang Coffee", "cat": ["food"], "province": "cm"}}, {"type": "Feature", "geometry": {"type": "Point", "coordinates": [98.9749273, 18.7695495]}, "properties": {"id": "cm-osm-node-3347631783", "name": "Fang Coffee", "cat": ["food"], "province": "cm"}}, {"type": "Feature", "geometry": {"type": "Point", "coordinates": [98.9840997, 18.777944]}, "properties": {"id": "cm-osm-node-6377522006", "name": "Farango Cafe & Restaurant", "cat": ["food"], "province": "cm"}}, {"type": "Feature", "geometry": {"type": "Point", "coordinates": [98.8690646, 19.0278698]}, "properties": {"id": "cm-osm-way-760876001", "name": "Farm Cafe", "cat": ["food"], "province": "cm"}}, {"type": "Feature", "geometry": {"type": "Point", "coordinates": [99.0132601, 18.8004689]}, "properties": {"id": "cm-osm-node-5160870421", "name": "Farm Kid Cafe", "cat": ["food"], "province": "cm"}}, {"type": "Feature", "geometry": {"type": "Point", "coordinates": [98.9950809, 18.7590467]}, "properties": {"id": "cm-osm-node-13482987001", "name": "Farm Story House", "cat": ["food"], "province": "cm"}}, {"type": "Feature", "geometry": {"type": "Point", "coordinates": [98.9949689, 18.7628698]}, "properties": {"id": "cm-osm-node-1615247948", "name": "Fat Cat", "cat": ["food"], "province": "cm"}}, {"type": "Feature", "geometry": {"type": "Point", "coordinates": [98.969276, 18.7944658]}, "properties": {"id": "cm-osm-node-3421278244", "name": "Favour Art Cafe", "cat": ["food"], "province": "cm"}}, {"type": "Feature", "geometry": {"type": "Point", "coordinates": [98.9926567, 18.7788735]}, "properties": {"id": "cm-osm-node-11708182623", "name": "Feel Friday", "cat": ["food"], "province": "cm"}}, {"type": "Feature", "geometry": {"type": "Point", "coordinates": [99.0054932, 18.765594]}, "properties": {"id": "cm-osm-node-12092875878", "name": "Fellowship Cafe & Co-working", "cat": ["food"], "province": "cm"}}, {"type": "Feature", "geometry": {"type": "Point", "coordinates": [98.9820298, 18.7933869]}, "properties": {"id": "cm-osm-node-3385494997", "name": "Fern Forest Cafe", "cat": ["food"], "province": "cm"}}, {"type": "Feature", "geometry": {"type": "Point", "coordinates": [98.9704209, 18.7884858]}, "properties": {"id": "cm-osm-node-13202529002", "name": "Fernpresso", "cat": ["food"], "province": "cm"}}, {"type": "Feature", "geometry": {"type": "Point", "coordinates": [98.9602786, 18.7609363]}, "properties": {"id": "cm-osm-node-5291429172", "name": "Fernpresso", "cat": ["food"], "province": "cm"}}, {"type": "Feature", "geometry": {"type": "Point", "coordinates": [98.9059272, 18.8411165]}, "properties": {"id": "cm-osm-node-8863648117", "name": "Fernpresso", "cat": ["food"], "province": "cm"}}, {"type": "Feature", "geometry": {"type": "Point", "coordinates": [98.8866423, 18.7486351]}, "properties": {"id": "cm-osm-node-5583840795", "name": "Field Good", "cat": ["food"], "province": "cm"}}, {"type": "Feature", "geometry": {"type": "Point", "coordinates": [99.0085946, 18.7547329]}, "properties": {"id": "cm-osm-node-5201216548", "name": "Fieow Coffee Room", "cat": ["food"], "province": "cm"}}, {"type": "Feature", "geometry": {"type": "Point", "coordinates": [98.9645387, 18.7896576]}, "properties": {"id": "cm-osm-node-9520878417", "name": "Find Coffee", "cat": ["food"], "province": "cm"}}, {"type": "Feature", "geometry": {"type": "Point", "coordinates": [98.9703994, 18.7857407]}, "properties": {"id": "cm-osm-node-12591619151", "name": "First Officer Coffee Roasters", "cat": ["food"], "province": "cm"}}, {"type": "Feature", "geometry": {"type": "Point", "coordinates": [98.9718083, 18.7991652]}, "properties": {"id": "cm-osm-node-7138603085", "name": "Fixie Koff", "cat": ["food"], "province": "cm"}}, {"type": "Feature", "geometry": {"type": "Point", "coordinates": [98.9636755, 18.8009515]}, "properties": {"id": "cm-osm-node-4596241387", "name": "Flapping Duck", "cat": ["food"], "province": "cm"}}, {"type": "Feature", "geometry": {"type": "Point", "coordinates": [98.9067629, 18.9069208]}, "properties": {"id": "cm-osm-node-9483003735", "name": "Fleur Cafe and Eatery", "cat": ["food"], "province": "cm"}}, {"type": "Feature", "geometry": {"type": "Point", "coordinates": [98.9067457, 18.9069507]}, "properties": {"id": "cm-osm-node-9396413517", "name": "Fleur Café & Eatery", "cat": ["food"], "province": "cm"}}, {"type": "Feature", "geometry": {"type": "Point", "coordinates": [98.9671043, 18.81223]}, "properties": {"id": "cm-osm-node-7072049862", "name": "Fleur de Mai", "cat": ["food"], "province": "cm"}}, {"type": "Feature", "geometry": {"type": "Point", "coordinates": [98.9797918, 18.8034904]}, "properties": {"id": "cm-osm-node-4466102295", "name": "Flips and Flips donuts", "cat": ["food"], "province": "cm"}}, {"type": "Feature", "geometry": {"type": "Point", "coordinates": [99.0080682, 18.7870335]}, "properties": {"id": "cm-osm-node-13154250038", "name": "Flo Coffee Brewers", "cat": ["food"], "province": "cm"}}, {"type": "Feature", "geometry": {"type": "Point", "coordinates": [98.9689167, 18.794847]}, "properties": {"id": "cm-osm-node-6984212486", "name": "Flour Flour", "cat": ["food"], "province": "cm"}}, {"type": "Feature", "geometry": {"type": "Point", "coordinates": [98.8628917, 18.8912586]}, "properties": {"id": "cm-osm-node-12503348514", "name": "Flying Draco", "cat": ["food"], "province": "cm"}}, {"type": "Feature", "geometry": {"type": "Point", "coordinates": [98.9686317, 18.7987485]}, "properties": {"id": "cm-osm-node-9943960117", "name": "Fohhide", "cat": ["food"], "province": "cm"}}, {"type": "Feature", "geometry": {"type": "Point", "coordinates": [98.9762486, 18.8022807]}, "properties": {"id": "cm-osm-node-6087117988", "name": "Fongnom Fongnom", "cat": ["food"], "province": "cm"}}, {"type": "Feature", "geometry": {"type": "Point", "coordinates": [98.9616048, 18.8060406]}, "properties": {"id": "cm-osm-node-10836941005", "name": "Food 4 thought", "cat": ["food"], "province": "cm"}}, {"type": "Feature", "geometry": {"type": "Point", "coordinates": [99.1099982, 18.7218546]}, "properties": {"id": "cm-osm-node-10095031626", "name": "Forte Coffee", "cat": ["food"], "province": "cm"}}, {"type": "Feature", "geometry": {"type": "Point", "coordinates": [99.0134317, 18.8287987]}, "properties": {"id": "cm-osm-node-4352243455", "name": "Four Heavens Cafe & Bistro", "cat": ["food"], "province": "cm"}}, {"type": "Feature", "geometry": {"type": "Point", "coordinates": [98.972149, 18.7941209]}, "properties": {"id": "cm-osm-node-6041336985", "name": "Free bird café", "cat": ["food"], "province": "cm"}}, {"type": "Feature", "geometry": {"type": "Point", "coordinates": [98.9636922, 18.795028]}, "properties": {"id": "cm-osm-node-4596413944", "name": "Frenchie Cafe", "cat": ["food"], "province": "cm"}}, {"type": "Feature", "geometry": {"type": "Point", "coordinates": [98.9511414, 18.7992362]}, "properties": {"id": "cm-osm-node-12993682601", "name": "Fresh & Mild", "cat": ["food"], "province": "cm"}}, {"type": "Feature", "geometry": {"type": "Point", "coordinates": [98.9570683, 18.7936839]}, "properties": {"id": "cm-osm-node-5346617708", "name": "Fresh & Mild", "cat": ["food"], "province": "cm"}}, {"type": "Feature", "geometry": {"type": "Point", "coordinates": [98.9574782, 18.8071719]}, "properties": {"id": "cm-osm-node-6388713888", "name": "Fresh Break Cafe", "cat": ["food"], "province": "cm"}}, {"type": "Feature", "geometry": {"type": "Point", "coordinates": [98.9748004, 18.7914797]}, "properties": {"id": "cm-osm-node-4905277321", "name": "Fresh& Mild", "cat": ["food"], "province": "cm"}}, {"type": "Feature", "geometry": {"type": "Point", "coordinates": [99.0056712, 18.7834859]}, "properties": {"id": "cm-osm-node-4796690555", "name": "Fresher Juice Bar", "cat": ["food"], "province": "cm"}}, {"type": "Feature", "geometry": {"type": "Point", "coordinates": [98.9861858, 18.7815676]}, "properties": {"id": "cm-osm-node-13347292501", "name": "Friend Coffee", "cat": ["food"], "province": "cm"}}, {"type": "Feature", "geometry": {"type": "Point", "coordinates": [98.9708977, 18.80727]}, "properties": {"id": "cm-osm-node-1014351915", "name": "Friendly Coffee", "cat": ["food"], "province": "cm"}}, {"type": "Feature", "geometry": {"type": "Point", "coordinates": [98.995483, 18.792549]}, "properties": {"id": "cm-osm-node-5129804131", "name": "Fruit Smoothie Cafe", "cat": ["food"], "province": "cm"}}, {"type": "Feature", "geometry": {"type": "Point", "coordinates": [98.9660692, 18.7962483]}, "properties": {"id": "cm-osm-node-3400287976", "name": "Fruiturday", "cat": ["food"], "province": "cm"}}, {"type": "Feature", "geometry": {"type": "Point", "coordinates": [98.992679, 18.7879159]}, "properties": {"id": "cm-osm-node-4748011323", "name": "Fruiturday", "cat": ["food"], "province": "cm"}}, {"type": "Feature", "geometry": {"type": "Point", "coordinates": [98.982757, 18.7680592]}, "properties": {"id": "cm-osm-node-4718001135", "name": "Fuel Coffee", "cat": ["food"], "province": "cm"}}, {"type": "Feature", "geometry": {"type": "Point", "coordinates": [98.9519891, 18.6990154]}, "properties": {"id": "cm-osm-node-11875326094", "name": "Fumei Coffee", "cat": ["food"], "province": "cm"}}, {"type": "Feature", "geometry": {"type": "Point", "coordinates": [98.9904253, 18.7839112]}, "properties": {"id": "cm-osm-node-5162833822", "name": "Funky Monkey", "cat": ["food"], "province": "cm"}}, {"type": "Feature", "geometry": {"type": "Point", "coordinates": [98.9924582, 18.7918768]}, "properties": {"id": "cm-osm-node-3456825435", "name": "Funkydog", "cat": ["food"], "province": "cm"}}, {"type": "Feature", "geometry": {"type": "Point", "coordinates": [98.9890023, 18.7815758]}, "properties": {"id": "cm-osm-node-14038578831", "name": "GAAD Coffee/Bar & Conversation", "cat": ["food"], "province": "cm"}}, {"type": "Feature", "geometry": {"type": "Point", "coordinates": [98.9774978, 18.7930992]}, "properties": {"id": "cm-osm-node-10173025900", "name": "GOKAKU (โก กา กุ)", "cat": ["food"], "province": "cm"}}, {"type": "Feature", "geometry": {"type": "Point", "coordinates": [98.9932418, 18.790623]}, "properties": {"id": "cm-osm-node-4557856199", "name": "GRASP 1981 Espresso Bar", "cat": ["food"], "province": "cm"}}, {"type": "Feature", "geometry": {"type": "Point", "coordinates": [98.9866593, 18.790265]}, "properties": {"id": "cm-osm-node-10931030905", "name": "Gallery Drip Coffee Chiang Mai", "cat": ["food"], "province": "cm"}}, {"type": "Feature", "geometry": {"type": "Point", "coordinates": [98.9785496, 18.7917787]}, "properties": {"id": "cm-osm-node-11478245227", "name": "Game Mezz", "cat": ["food"], "province": "cm"}}, {"type": "Feature", "geometry": {"type": "Point", "coordinates": [99.0835219, 18.766579]}, "properties": {"id": "cm-osm-node-2581625565", "name": "Game Online & Internet", "cat": ["food"], "province": "cm"}}, {"type": "Feature", "geometry": {"type": "Point", "coordinates": [99.0161509, 18.8012938]}, "properties": {"id": "cm-osm-node-5375098626", "name": "Ganesh Cafe", "cat": ["food"], "province": "cm"}}, {"type": "Feature", "geometry": {"type": "Point", "coordinates": [98.9841259, 18.7451925]}, "properties": {"id": "cm-osm-node-4049736452", "name": "Ganesha Kaffee", "cat": ["food"], "province": "cm"}}, {"type": "Feature", "geometry": {"type": "Point", "coordinates": [98.9682246, 18.795136]}, "properties": {"id": "cm-osm-node-13968283014", "name": "Gapple", "cat": ["food"], "province": "cm"}}, {"type": "Feature", "geometry": {"type": "Point", "coordinates": [98.9730892, 18.7888682]}, "properties": {"id": "cm-osm-node-2661676325", "name": "Gateaux House", "cat": ["food"], "province": "cm"}}, {"type": "Feature", "geometry": {"type": "Point", "coordinates": [98.9960863, 18.7882762]}, "properties": {"id": "cm-osm-node-5933370534", "name": "Gateway", "cat": ["food"], "province": "cm"}}, {"type": "Feature", "geometry": {"type": "Point", "coordinates": [98.9669854, 18.8522677]}, "properties": {"id": "cm-osm-node-4522532754", "name": "Gedhawa", "cat": ["food"], "province": "cm"}}, {"type": "Feature", "geometry": {"type": "Point", "coordinates": [98.9694898, 18.7981283]}, "properties": {"id": "cm-osm-node-3287791861", "name": "Gelabar", "cat": ["food"], "province": "cm"}}, {"type": "Feature", "geometry": {"type": "Point", "coordinates": [98.9926798, 18.7852145]}, "properties": {"id": "cm-osm-node-6235531092", "name": "Gelato World", "cat": ["food"], "province": "cm"}}, {"type": "Feature", "geometry": {"type": "Point", "coordinates": [99.0029981, 18.7857693]}, "properties": {"id": "cm-osm-node-3417167516", "name": "Genocafe", "cat": ["food"], "province": "cm"}}, {"type": "Feature", "geometry": {"type": "Point", "coordinates": [99.0182069, 18.8076973]}, "properties": {"id": "cm-osm-node-2865857601", "name": "Gloria Jean's Coffee", "cat": ["food"], "province": "cm"}}, {"type": "Feature", "geometry": {"type": "Point", "coordinates": [98.9692709, 18.7975913]}, "properties": {"id": "cm-osm-node-3287846761", "name": "Goat Coffee", "cat": ["food"], "province": "cm"}}, {"type": "Feature", "geometry": {"type": "Point", "coordinates": [99.0030245, 18.7835917]}, "properties": {"id": "cm-osm-node-10250166809", "name": "Going up", "cat": ["food"], "province": "cm"}}, {"type": "Feature", "geometry": {"type": "Point", "coordinates": [98.9790635, 18.7004501]}, "properties": {"id": "cm-osm-node-13301325193", "name": "Goiwa Coffee & Garden", "cat": ["food"], "province": "cm"}}, {"type": "Feature", "geometry": {"type": "Point", "coordinates": [98.9975773, 18.7876981]}, "properties": {"id": "cm-osm-node-5231429625", "name": "Gold land coffe", "cat": ["food"], "province": "cm"}}, {"type": "Feature", "geometry": {"type": "Point", "coordinates": [98.9863092, 18.7908804]}, "properties": {"id": "cm-osm-way-580333283", "name": "Golden Bee", "cat": ["food"], "province": "cm"}}, {"type": "Feature", "geometry": {"type": "Point", "coordinates": [99.0372037, 18.7567543]}, "properties": {"id": "cm-osm-node-11337272257", "name": "Good Smooth", "cat": ["food"], "province": "cm"}}, {"type": "Feature", "geometry": {"type": "Point", "coordinates": [98.9744704, 18.7403093]}, "properties": {"id": "cm-osm-node-4506585926", "name": "Good Vibes Cafe", "cat": ["food"], "province": "cm"}}, {"type": "Feature", "geometry": {"type": "Point", "coordinates": [98.9966974, 18.7933713]}, "properties": {"id": "cm-osm-node-13911344401", "name": "Good day Farm to Table", "cat": ["food"], "province": "cm"}}, {"type": "Feature", "geometry": {"type": "Point", "coordinates": [98.9996269, 18.7881051]}, "properties": {"id": "cm-osm-node-7059455285", "name": "Grape Wine Bar", "cat": ["food"], "province": "cm"}}, {"type": "Feature", "geometry": {"type": "Point", "coordinates": [98.9682901, 18.8000125]}, "properties": {"id": "cm-osm-node-11699302881", "name": "Graph", "cat": ["food"], "province": "cm"}}, {"type": "Feature", "geometry": {"type": "Point", "coordinates": [98.9915604, 18.7915784]}, "properties": {"id": "cm-osm-way-492846792", "name": "Graph", "cat": ["food"], "province": "cm"}}, {"type": "Feature", "geometry": {"type": "Point", "coordinates": [98.9819346, 18.7858444]}, "properties": {"id": "cm-osm-way-623156415", "name": "Gravity Cafe & Bistro", "cat": ["food"], "province": "cm"}}, {"type": "Feature", "geometry": {"type": "Point", "coordinates": [98.9931727, 18.791787]}, "properties": {"id": "cm-osm-node-6361994985", "name": "Greedy Beast Bakery", "cat": ["food"], "province": "cm"}}, {"type": "Feature", "geometry": {"type": "Point", "coordinates": [98.9920424, 18.7656986]}, "properties": {"id": "cm-osm-node-4691707613", "name": "Green Cup", "cat": ["food"], "province": "cm"}}, {"type": "Feature", "geometry": {"type": "Point", "coordinates": [99.0043083, 18.7941473]}, "properties": {"id": "cm-osm-node-8448819717", "name": "Green O’Clock", "cat": ["food"], "province": "cm"}}, {"type": "Feature", "geometry": {"type": "Point", "coordinates": [98.9793477, 18.7703827]}, "properties": {"id": "cm-osm-node-6611328985", "name": "Gu Style Gu", "cat": ["food"], "province": "cm"}}, {"type": "Feature", "geometry": {"type": "Point", "coordinates": [98.9848285, 18.7856502]}, "properties": {"id": "cm-osm-node-5585615822", "name": "HP House Cafe", "cat": ["food"], "province": "cm"}}, {"type": "Feature", "geometry": {"type": "Point", "coordinates": [98.9898656, 18.7787297]}, "properties": {"id": "cm-osm-node-11699795495", "name": "Haiya Ta-bur Experience Space", "cat": ["food"], "province": "cm"}}, {"type": "Feature", "geometry": {"type": "Point", "coordinates": [99.0414997, 18.771978]}, "properties": {"id": "cm-osm-node-3745352265", "name": "Halo Coffee", "cat": ["food"], "province": "cm"}}, {"type": "Feature", "geometry": {"type": "Point", "coordinates": [98.9823531, 18.8884803]}, "properties": {"id": "cm-osm-node-11268572014", "name": "Hamoy Ha Moy", "cat": ["food"], "province": "cm"}}, {"type": "Feature", "geometry": {"type": "Point", "coordinates": [98.9689572, 18.7874716]}, "properties": {"id": "cm-osm-node-4539213080", "name": "Hana Zono", "cat": ["food"], "province": "cm"}}, {"type": "Feature", "geometry": {"type": "Point", "coordinates": [98.9978665, 18.7840589]}, "properties": {"id": "cm-osm-node-5545281420", "name": "Hang Out Bar & Cafe", "cat": ["food"], "province": "cm"}}, {"type": "Feature", "geometry": {"type": "Point", "coordinates": [98.9830914, 18.781739]}, "properties": {"id": "cm-osm-node-3384152432", "name": "Happy Espresso", "cat": ["food"], "province": "cm"}}, {"type": "Feature", "geometry": {"type": "Point", "coordinates": [98.9830922, 18.7878526]}, "properties": {"id": "cm-osm-node-13953736181", "name": "HappyBlue", "cat": ["food"], "province": "cm"}}, {"type": "Feature", "geometry": {"type": "Point", "coordinates": [98.9961991, 18.7811213]}, "properties": {"id": "cm-osm-node-5344068322", "name": "Harinezumi Hedgehog Cafe", "cat": ["food"], "province": "cm"}}, {"type": "Feature", "geometry": {"type": "Point", "coordinates": [98.8750655, 18.7643495]}, "properties": {"id": "cm-osm-node-13403797106", "name": "Harmony Retreat Chiang Mai", "cat": ["food"], "province": "cm"}}, {"type": "Feature", "geometry": {"type": "Point", "coordinates": [98.9945047, 18.7820876]}, "properties": {"id": "cm-osm-node-1477720119", "name": "Hawaiian Son", "cat": ["food"], "province": "cm"}}, {"type": "Feature", "geometry": {"type": "Point", "coordinates": [99.0006096, 18.7691829]}, "properties": {"id": "cm-osm-node-4324640989", "name": "Hazz cafe - Hallal (A/C)", "cat": ["food"], "province": "cm"}}, {"type": "Feature", "geometry": {"type": "Point", "coordinates": [98.9690644, 18.7984417]}, "properties": {"id": "cm-osm-node-3927203448", "name": "Healthy B", "cat": ["food"], "province": "cm"}}, {"type": "Feature", "geometry": {"type": "Point", "coordinates": [98.995543, 18.7776871]}, "properties": {"id": "cm-osm-node-6160991685", "name": "Heartwork the Sharing Space", "cat": ["food"], "province": "cm"}}, {"type": "Feature", "geometry": {"type": "Point", "coordinates": [98.85404, 18.8985296]}, "properties": {"id": "cm-osm-node-9336345917", "name": "Hi Restaurant", "cat": ["food"], "province": "cm"}}, {"type": "Feature", "geometry": {"type": "Point", "coordinates": [98.8965648, 18.8386789]}, "properties": {"id": "cm-osm-way-1090521965", "name": "Highland Agricultural Research Stn. Coffee Shop", "cat": ["food"], "province": "cm"}}, {"type": "Feature", "geometry": {"type": "Point", "coordinates": [98.9946285, 18.821564]}, "properties": {"id": "cm-osm-node-9872648817", "name": "Hikari. Zen Cafe", "cat": ["food"], "province": "cm"}}, {"type": "Feature", "geometry": {"type": "Point", "coordinates": [98.9047627, 18.7623341]}, "properties": {"id": "cm-osm-node-6326937923", "name": "Hill Coffee", "cat": ["food"], "province": "cm"}}, {"type": "Feature", "geometry": {"type": "Point", "coordinates": [98.9866895, 18.7984455]}, "properties": {"id": "cm-osm-node-2105737204", "name": "Hillkoff Coffee Sales & Service", "cat": ["food"], "province": "cm"}}, {"type": "Feature", "geometry": {"type": "Point", "coordinates": [98.9541472, 18.8030234]}, "properties": {"id": "cm-osm-node-2434777647", "name": "Him Tang", "cat": ["food"], "province": "cm"}}, {"type": "Feature", "geometry": {"type": "Point", "coordinates": [98.8851812, 18.8159617]}, "properties": {"id": "cm-osm-node-9716938717", "name": "Hmong doi family coffee", "cat": ["food"], "province": "cm"}}, {"type": "Feature", "geometry": {"type": "Point", "coordinates": [99.0540688, 18.815401]}, "properties": {"id": "cm-osm-node-7138488188", "name": "Hom Doi Coffee", "cat": ["food"], "province": "cm"}}, {"type": "Feature", "geometry": {"type": "Point", "coordinates": [99.0299923, 18.7956012]}, "properties": {"id": "cm-osm-node-2187932054", "name": "Hom Groon Coffee", "cat": ["food"], "province": "cm"}}, {"type": "Feature", "geometry": {"type": "Point", "coordinates": [98.9675211, 18.7998648]}, "properties": {"id": "cm-osm-node-3431033697", "name": "Home Sit", "cat": ["food"], "province": "cm"}}, {"type": "Feature", "geometry": {"type": "Point", "coordinates": [98.9840697, 18.782389]}, "properties": {"id": "cm-osm-node-6489522887", "name": "Home station by kokodrip", "cat": ["food"], "province": "cm"}}, {"type": "Feature", "geometry": {"type": "Point", "coordinates": [98.871339, 18.6587701]}, "properties": {"id": "cm-osm-node-13542339943", "name": "Homemade Corner Bake and Slowbar", "cat": ["food"], "province": "cm"}}, {"type": "Feature", "geometry": {"type": "Point", "coordinates": [99.0183119, 18.7610985]}, "properties": {"id": "cm-osm-node-5207438911", "name": "Homglai", "cat": ["food"], "province": "cm"}}, {"type": "Feature", "geometry": {"type": "Point", "coordinates": [98.9365478, 18.7643356]}, "properties": {"id": "cm-osm-node-7056149471", "name": "Homglai", "cat": ["food"], "province": "cm"}}, {"type": "Feature", "geometry": {"type": "Point", "coordinates": [98.9471613, 18.6878557]}, "properties": {"id": "cm-osm-node-3174251462", "name": "Homm", "cat": ["food"], "province": "cm"}}, {"type": "Feature", "geometry": {"type": "Point", "coordinates": [99.0275778, 18.7728587]}, "properties": {"id": "cm-osm-node-13413161152", "name": "Honey Bee Coffee & Meal", "cat": ["food"], "province": "cm"}}, {"type": "Feature", "geometry": {"type": "Point", "coordinates": [99.127591, 18.8692782]}, "properties": {"id": "cm-osm-node-9737537217", "name": "Honey Box Coffee", "cat": ["food"], "province": "cm"}}, {"type": "Feature", "geometry": {"type": "Point", "coordinates": [98.9777988, 18.8083551]}, "properties": {"id": "cm-osm-node-5205543123", "name": "Hoomin boardgame house", "cat": ["food"], "province": "cm"}}, {"type": "Feature", "geometry": {"type": "Point", "coordinates": [98.9418991, 18.7470503]}, "properties": {"id": "cm-osm-node-12587547446", "name": "Hop Chafe", "cat": ["food"], "province": "cm"}}, {"type": "Feature", "geometry": {"type": "Point", "coordinates": [99.0450441, 18.7404892]}, "properties": {"id": "cm-osm-node-12389781831", "name": "Hopefully cafe", "cat": ["food"], "province": "cm"}}, {"type": "Feature", "geometry": {"type": "Point", "coordinates": [98.9915033, 18.7903609]}, "properties": {"id": "cm-osm-way-481723941", "name": "Hopf Coffee", "cat": ["food"], "province": "cm"}}, {"type": "Feature", "geometry": {"type": "Point", "coordinates": [98.9530318, 18.7932624]}, "properties": {"id": "cm-osm-node-7128510485", "name": "Hoshi Cake Shop", "cat": ["food"], "province": "cm"}}, {"type": "Feature", "geometry": {"type": "Point", "coordinates": [98.9644385, 18.8083816]}, "properties": {"id": "cm-osm-node-11356313169", "name": "Hoshi Tsuki", "cat": ["food"], "province": "cm"}}, {"type": "Feature", "geometry": {"type": "Point", "coordinates": [98.9752861, 18.7998597]}, "properties": {"id": "cm-osm-node-11915081269", "name": "House No.33", "cat": ["food"], "province": "cm"}}, {"type": "Feature", "geometry": {"type": "Point", "coordinates": [98.8702704, 19.0239053]}, "properties": {"id": "cm-osm-node-5923928435", "name": "How Home", "cat": ["food"], "province": "cm"}}, {"type": "Feature", "geometry": {"type": "Point", "coordinates": [98.903162, 18.7034659]}, "properties": {"id": "cm-osm-node-3832005712", "name": "Huan Kung Hun", "cat": ["food"], "province": "cm"}}, {"type": "Feature", "geometry": {"type": "Point", "coordinates": [98.9732273, 18.8050919]}, "properties": {"id": "cm-osm-node-3897763600", "name": "Huang Fu Long Chinese Antique Gallery and Tea House", "cat": ["food"], "province": "cm"}}, {"type": "Feature", "geometry": {"type": "Point", "coordinates": [98.9754335, 18.8029385]}, "properties": {"id": "cm-osm-node-4210249666", "name": "Huean Hug Coffee", "cat": ["food"], "province": "cm"}}, {"type": "Feature", "geometry": {"type": "Point", "coordinates": [98.9823548, 18.790076]}, "properties": {"id": "cm-osm-node-7027943486", "name": "Hug Smoothie", "cat": ["food"], "province": "cm"}}, {"type": "Feature", "geometry": {"type": "Point", "coordinates": [98.9640928, 18.7993676]}, "properties": {"id": "cm-osm-node-4596241378", "name": "Hug a Cup", "cat": ["food"], "province": "cm"}}, {"type": "Feature", "geometry": {"type": "Point", "coordinates": [99.0180654, 18.7556842]}, "properties": {"id": "cm-osm-node-3412153330", "name": "Hugs Coffee", "cat": ["food"], "province": "cm"}}, {"type": "Feature", "geometry": {"type": "Point", "coordinates": [99.0162992, 18.7837388]}, "properties": {"id": "cm-osm-node-955952427", "name": "Hungry Crust", "cat": ["food"], "province": "cm"}}, {"type": "Feature", "geometry": {"type": "Point", "coordinates": [98.9543515, 18.7928431]}, "properties": {"id": "cm-osm-node-3400272248", "name": "I Like Ice-cream", "cat": ["food"], "province": "cm"}}, {"type": "Feature", "geometry": {"type": "Point", "coordinates": [99.0238306, 18.7988667]}, "properties": {"id": "cm-osm-node-3180206861", "name": "I Love Ice Cream", "cat": ["food"], "province": "cm"}}, {"type": "Feature", "geometry": {"type": "Point", "coordinates": [98.9692333, 18.7949197]}, "properties": {"id": "cm-osm-node-9872196617", "name": "I'm Your Vegan", "cat": ["food"], "province": "cm"}}, {"type": "Feature", "geometry": {"type": "Point", "coordinates": [98.9783475, 18.8018801]}, "properties": {"id": "cm-osm-node-3283940818", "name": "Ice Manias", "cat": ["food"], "province": "cm"}}, {"type": "Feature", "geometry": {"type": "Point", "coordinates": [98.95592, 18.7923606]}, "properties": {"id": "cm-osm-node-10620278581", "name": "Ice Skate’s Crepe - เครปไอติมหลัง มช.", "cat": ["food"], "province": "cm"}}, {"type": "Feature", "geometry": {"type": "Point", "coordinates": [99.0057913, 18.795881]}, "properties": {"id": "cm-osm-node-2678552865", "name": "Im Cafe", "cat": ["food"], "province": "cm"}}, {"type": "Feature", "geometry": {"type": "Point", "coordinates": [98.9686026, 18.7966601]}, "properties": {"id": "cm-osm-way-481787811", "name": "Impresso", "cat": ["food"], "province": "cm"}}, {"type": "Feature", "geometry": {"type": "Point", "coordinates": [98.9368535, 18.764262]}, "properties": {"id": "cm-osm-node-7056149470", "name": "Impresso Coffee & Etcetera", "cat": ["food"], "province": "cm"}}, {"type": "Feature", "geometry": {"type": "Point", "coordinates": [99.0043876, 18.7770346]}, "properties": {"id": "cm-osm-node-6232754405", "name": "Improvise", "cat": ["food"], "province": "cm"}}, {"type": "Feature", "geometry": {"type": "Point", "coordinates": [98.9874656, 18.7952097]}, "properties": {"id": "cm-osm-node-12310893222", "name": "In Town", "cat": ["food"], "province": "cm"}}, {"type": "Feature", "geometry": {"type": "Point", "coordinates": [98.9625954, 18.7879081]}, "properties": {"id": "cm-osm-node-4358605082", "name": "Inbox Coffee", "cat": ["food"], "province": "cm"}}, {"type": "Feature", "geometry": {"type": "Point", "coordinates": [98.9505078, 18.8167651]}, "properties": {"id": "cm-osm-node-12513786601", "name": "Inchala", "cat": ["food"], "province": "cm"}}, {"type": "Feature", "geometry": {"type": "Point", "coordinates": [98.8268583, 18.6636985]}, "properties": {"id": "cm-osm-way-764322491", "name": "Indoi Cafe", "cat": ["food"], "province": "cm"}}, {"type": "Feature", "geometry": {"type": "Point", "coordinates": [99.0474611, 18.758709]}, "properties": {"id": "cm-osm-node-1496929137", "name": "Indy Coffee", "cat": ["food"], "province": "cm"}}, {"type": "Feature", "geometry": {"type": "Point", "coordinates": [99.1469832, 18.8467386]}, "properties": {"id": "cm-osm-node-8845953280", "name": "Innocent Cafe", "cat": ["food"], "province": "cm"}}, {"type": "Feature", "geometry": {"type": "Point", "coordinates": [99.0707064, 18.7470043]}, "properties": {"id": "cm-osm-node-7050883696", "name": "Int Sense Coffee", "cat": ["food"], "province": "cm"}}, {"type": "Feature", "geometry": {"type": "Point", "coordinates": [98.9900179, 18.7974939]}, "properties": {"id": "cm-osm-node-4867379621", "name": "Internet Café", "cat": ["food"], "province": "cm"}}, {"type": "Feature", "geometry": {"type": "Point", "coordinates": [99.1390274, 18.8759838]}, "properties": {"id": "cm-osm-node-12345599501", "name": "Inthanin", "cat": ["food"], "province": "cm"}}, {"type": "Feature", "geometry": {"type": "Point", "coordinates": [98.9766369, 18.7771229]}, "properties": {"id": "cm-osm-node-3877442977", "name": "Inthanin Coffee", "cat": ["food"], "province": "cm"}}, {"type": "Feature", "geometry": {"type": "Point", "coordinates": [98.9500508, 18.9013426]}, "properties": {"id": "cm-osm-node-3912487219", "name": "Inthanin Coffee", "cat": ["food"], "province": "cm"}}, {"type": "Feature", "geometry": {"type": "Point", "coordinates": [99.0191691, 18.7480283]}, "properties": {"id": "cm-osm-way-1097483292", "name": "Inthanin Coffee", "cat": ["food"], "province": "cm"}}, {"type": "Feature", "geometry": {"type": "Point", "coordinates": [98.942135, 18.7582251]}, "properties": {"id": "cm-osm-way-1109991529", "name": "Inthanin Coffee", "cat": ["food"], "province": "cm"}}, {"type": "Feature", "geometry": {"type": "Point", "coordinates": [98.9654429, 18.7404358]}, "properties": {"id": "cm-osm-way-1158935337", "name": "Inthanin Coffee", "cat": ["food"], "province": "cm"}}, {"type": "Feature", "geometry": {"type": "Point", "coordinates": [98.9443563, 18.9522976]}, "properties": {"id": "cm-osm-way-272390248", "name": "Inthanin Coffee", "cat": ["food"], "province": "cm"}}, {"type": "Feature", "geometry": {"type": "Point", "coordinates": [98.9441602, 18.9530059]}, "properties": {"id": "cm-osm-way-803241896", "name": "Inthanin Coffee", "cat": ["food"], "province": "cm"}}, {"type": "Feature", "geometry": {"type": "Point", "coordinates": [98.9869107, 18.7883502]}, "properties": {"id": "cm-osm-node-2039958427", "name": "Inthanon Coffee", "cat": ["food"], "province": "cm"}}, {"type": "Feature", "geometry": {"type": "Point", "coordinates": [98.9867921, 18.7948406]}, "properties": {"id": "cm-osm-node-4476187491", "name": "Into the Woods", "cat": ["food"], "province": "cm"}}, {"type": "Feature", "geometry": {"type": "Point", "coordinates": [98.9660668, 18.7948277]}, "properties": {"id": "cm-osm-node-7865151032", "name": "Iris Café", "cat": ["food"], "province": "cm"}}, {"type": "Feature", "geometry": {"type": "Point", "coordinates": [98.9971653, 18.7930182]}, "properties": {"id": "cm-osm-node-11465225369", "name": "Iruri", "cat": ["food"], "province": "cm"}}, {"type": "Feature", "geometry": {"type": "Point", "coordinates": [98.9899892, 18.7855818]}, "properties": {"id": "cm-osm-node-2040022297", "name": "J. Ju Coffee", "cat": ["food"], "province": "cm"}}, {"type": "Feature", "geometry": {"type": "Point", "coordinates": [98.9854997, 18.7158461]}, "properties": {"id": "cm-osm-way-1161135230", "name": "JADDEE COFFEE", "cat": ["food"], "province": "cm"}}, {"type": "Feature", "geometry": {"type": "Point", "coordinates": [99.0030881, 18.7821642]}, "properties": {"id": "cm-osm-node-5168562824", "name": "JP Cafe", "cat": ["food"], "province": "cm"}}, {"type": "Feature", "geometry": {"type": "Point", "coordinates": [98.9708597, 18.7954525]}, "properties": {"id": "cm-osm-node-3421202368", "name": "Jang Kub Coffee", "cat": ["food"], "province": "cm"}}, {"type": "Feature", "geometry": {"type": "Point", "coordinates": [99.0029468, 18.7842726]}, "properties": {"id": "cm-osm-node-6163744786", "name": "Jangapor Cafe", "cat": ["food"], "province": "cm"}}, {"type": "Feature", "geometry": {"type": "Point", "coordinates": [98.9686357, 18.798666]}, "properties": {"id": "cm-osm-node-3426400071", "name": "Janie Scoop", "cat": ["food"], "province": "cm"}}, {"type": "Feature", "geometry": {"type": "Point", "coordinates": [98.9742094, 18.7705919]}, "properties": {"id": "cm-osm-node-7599272060", "name": "Jardin d'été Gelato and Dessert Cafe", "cat": ["food"], "province": "cm"}}, {"type": "Feature", "geometry": {"type": "Point", "coordinates": [99.012817, 18.828008]}, "properties": {"id": "cm-osm-node-3979200911", "name": "Jario Coffee", "cat": ["food"], "province": "cm"}}, {"type": "Feature", "geometry": {"type": "Point", "coordinates": [98.9944772, 18.7878381]}, "properties": {"id": "cm-osm-node-1595585867", "name": "Java Coffee", "cat": ["food"], "province": "cm"}}, {"type": "Feature", "geometry": {"type": "Point", "coordinates": [99.0110727, 18.7891426]}, "properties": {"id": "cm-osm-node-5950919672", "name": "Johoney", "cat": ["food"], "province": "cm"}}, {"type": "Feature", "geometry": {"type": "Point", "coordinates": [98.990484, 18.7910608]}, "properties": {"id": "cm-osm-node-1491288310", "name": "Juice", "cat": ["food"], "province": "cm"}}, {"type": "Feature", "geometry": {"type": "Point", "coordinates": [98.987968, 18.7894508]}, "properties": {"id": "cm-osm-node-6172714088", "name": "Juice Box", "cat": ["food"], "province": "cm"}}, {"type": "Feature", "geometry": {"type": "Point", "coordinates": [98.9904428, 18.7878384]}, "properties": {"id": "cm-osm-node-6169881285", "name": "Juice Hub", "cat": ["food"], "province": "cm"}}, {"type": "Feature", "geometry": {"type": "Point", "coordinates": [98.9896735, 18.7879217]}, "properties": {"id": "cm-osm-node-6169881286", "name": "Juice Hub", "cat": ["food"], "province": "cm"}}, {"type": "Feature", "geometry": {"type": "Point", "coordinates": [98.9676996, 18.798279]}, "properties": {"id": "cm-osm-node-9983193648", "name": "Juice's Me by Waasu", "cat": ["food"], "province": "cm"}}, {"type": "Feature", "geometry": {"type": "Point", "coordinates": [98.9925659, 18.7850847]}, "properties": {"id": "cm-osm-node-2040042303", "name": "Juicy4U", "cat": ["food"], "province": "cm"}}, {"type": "Feature", "geometry": {"type": "Point", "coordinates": [98.9599821, 18.6804658]}, "properties": {"id": "cm-osm-node-9488787350", "name": "Jungle de Cafe", "cat": ["food"], "province": "cm"}}, {"type": "Feature", "geometry": {"type": "Point", "coordinates": [99.0171738, 18.8016645]}, "properties": {"id": "cm-osm-node-1166342189", "name": "K-Coffee", "cat": ["food"], "province": "cm"}}, {"type": "Feature", "geometry": {"type": "Point", "coordinates": [98.9686738, 18.7984748]}, "properties": {"id": "cm-osm-node-13968283013", "name": "KLAY", "cat": ["food"], "province": "cm"}}, {"type": "Feature", "geometry": {"type": "Point", "coordinates": [98.9825364, 18.8090857]}, "properties": {"id": "cm-osm-node-13251406045", "name": "KRISP Café", "cat": ["food"], "province": "cm"}}, {"type": "Feature", "geometry": {"type": "Point", "coordinates": [98.9876772, 18.7908106]}, "properties": {"id": "cm-osm-node-2598509572", "name": "Kaffe 151", "cat": ["food"], "province": "cm"}}, {"type": "Feature", "geometry": {"type": "Point", "coordinates": [98.9566085, 18.8486761]}, "properties": {"id": "cm-osm-node-1974754623", "name": "Kaffee Bitte", "cat": ["food"], "province": "cm"}}, {"type": "Feature", "geometry": {"type": "Point", "coordinates": [98.9298096, 18.9298473]}, "properties": {"id": "cm-osm-node-3803713498", "name": "Kaffee Bitte", "cat": ["food"], "province": "cm"}}, {"type": "Feature", "geometry": {"type": "Point", "coordinates": [98.986528, 18.788226]}, "properties": {"id": "cm-osm-node-4212373091", "name": "Kalapela Tea House", "cat": ["food"], "province": "cm"}}, {"type": "Feature", "geometry": {"type": "Point", "coordinates": [98.9868201, 18.7881543]}, "properties": {"id": "cm-osm-node-4132247489", "name": "Kaldi Coffee House", "cat": ["food"], "province": "cm"}}, {"type": "Feature", "geometry": {"type": "Point", "coordinates": [98.9862562, 18.7836734]}, "properties": {"id": "cm-osm-node-13545071979", "name": "Kalm Coffee", "cat": ["food"], "province": "cm"}}, {"type": "Feature", "geometry": {"type": "Point", "coordinates": [98.988086, 18.8164037]}, "properties": {"id": "cm-osm-node-11164939306", "name": "Kapor Indy", "cat": ["food"], "province": "cm"}}, {"type": "Feature", "geometry": {"type": "Point", "coordinates": [98.9886072, 18.7880558]}, "properties": {"id": "cm-osm-node-4623096989", "name": "Kati breakfast & brunch", "cat": ["food"], "province": "cm"}}, {"type": "Feature", "geometry": {"type": "Point", "coordinates": [98.9903961, 18.8059797]}, "properties": {"id": "cm-osm-node-11499304869", "name": "Keane Coffee", "cat": ["food"], "province": "cm"}}, {"type": "Feature", "geometry": {"type": "Point", "coordinates": [98.9469408, 18.7478666]}, "properties": {"id": "cm-osm-way-1112960996", "name": "Kemex Coffee", "cat": ["food"], "province": "cm"}}, {"type": "Feature", "geometry": {"type": "Point", "coordinates": [99.0052745, 18.786215]}, "properties": {"id": "cm-osm-way-582865691", "name": "Khagee", "cat": ["food"], "province": "cm"}}, {"type": "Feature", "geometry": {"type": "Point", "coordinates": [98.9850217, 18.7415148]}, "properties": {"id": "cm-osm-node-7718863258", "name": "Khang Wat", "cat": ["food"], "province": "cm"}}, {"type": "Feature", "geometry": {"type": "Point", "coordinates": [98.9967258, 18.7453443]}, "properties": {"id": "cm-osm-node-10794664709", "name": "Khao Soi 107 Café", "cat": ["food"], "province": "cm"}}, {"type": "Feature", "geometry": {"type": "Point", "coordinates": [99.0047472, 18.8091521]}, "properties": {"id": "cm-osm-node-9848101517", "name": "Khao-So-i", "cat": ["food"], "province": "cm"}}, {"type": "Feature", "geometry": {"type": "Point", "coordinates": [98.8560994, 18.6345502]}, "properties": {"id": "cm-osm-node-6379770685", "name": "Khim's Kitchen", "cat": ["food"], "province": "cm"}}, {"type": "Feature", "geometry": {"type": "Point", "coordinates": [98.9821179, 18.7952751]}, "properties": {"id": "cm-osm-node-10958910205", "name": "Khum Hom Cafe", "cat": ["food"], "province": "cm"}}, {"type": "Feature", "geometry": {"type": "Point", "coordinates": [98.9916531, 18.7928129]}, "properties": {"id": "cm-osm-node-5287018021", "name": "Khun Kae's Juice Bar", "cat": ["food"], "province": "cm"}}, {"type": "Feature", "geometry": {"type": "Point", "coordinates": [99.0861037, 18.7725583]}, "properties": {"id": "cm-osm-node-6196958386", "name": "Khun Mae Coffee", "cat": ["food"], "province": "cm"}}, {"type": "Feature", "geometry": {"type": "Point", "coordinates": [99.0038565, 18.6818467]}, "properties": {"id": "cm-osm-node-6790021215", "name": "Kimsart Coffee", "cat": ["food"], "province": "cm"}}, {"type": "Feature", "geometry": {"type": "Point", "coordinates": [99.0380644, 18.8716105]}, "properties": {"id": "cm-osm-node-3359378560", "name": "Kin Studio Cafe", "cat": ["food"], "province": "cm"}}, {"type": "Feature", "geometry": {"type": "Point", "coordinates": [98.9811207, 18.8030485]}, "properties": {"id": "cm-osm-node-9872146918", "name": "Kinphak Cafe (Cmu vegan Food)", "cat": ["food"], "province": "cm"}}, {"type": "Feature", "geometry": {"type": "Point", "coordinates": [98.9895215, 18.7976964]}, "properties": {"id": "cm-osm-node-2082864508", "name": "Kissa Cafe", "cat": ["food"], "province": "cm"}}, {"type": "Feature", "geometry": {"type": "Point", "coordinates": [98.9749985, 18.7987997]}, "properties": {"id": "cm-osm-node-5625897221", "name": "Kitchen 7", "cat": ["food"], "province": "cm"}}, {"type": "Feature", "geometry": {"type": "Point", "coordinates": [99.0370754, 18.8349908]}, "properties": {"id": "cm-osm-node-3745201054", "name": "Kitchen Plus", "cat": ["food"], "province": "cm"}}, {"type": "Feature", "geometry": {"type": "Point", "coordinates": [98.9889885, 18.7809816]}, "properties": {"id": "cm-osm-node-13173530101", "name": "Koff & Things", "cat": ["food"], "province": "cm"}}, {"type": "Feature", "geometry": {"type": "Point", "coordinates": [98.970876, 18.7936645]}, "properties": {"id": "cm-osm-node-3421254994", "name": "Kola's Honeymoon", "cat": ["food"], "province": "cm"}}, {"type": "Feature", "geometry": {"type": "Point", "coordinates": [98.9863095, 18.7936126]}, "properties": {"id": "cm-osm-node-6728843985", "name": "Kook Breakfast", "cat": ["food"], "province": "cm"}}, {"type": "Feature", "geometry": {"type": "Point", "coordinates": [98.953546, 18.801594]}, "properties": {"id": "cm-osm-node-2434791094", "name": "Kopi Gusto", "cat": ["food"], "province": "cm"}}, {"type": "Feature", "geometry": {"type": "Point", "coordinates": [98.9926927, 18.7860192]}, "properties": {"id": "cm-osm-node-2055855117", "name": "Kopi-O Cafe", "cat": ["food"], "province": "cm"}}, {"type": "Feature", "geometry": {"type": "Point", "coordinates": [99.0688943, 18.7704475]}, "properties": {"id": "cm-osm-node-6222380687", "name": "Kradas cafe", "cat": ["food"], "province": "cm"}}, {"type": "Feature", "geometry": {"type": "Point", "coordinates": [98.9558061, 18.7924327]}, "properties": {"id": "cm-osm-node-10654233602", "name": "LAW COFF & CO", "cat": ["food"], "province": "cm"}}, {"type": "Feature", "geometry": {"type": "Point", "coordinates": [98.9670338, 18.7966837]}, "properties": {"id": "cm-osm-node-1797049148", "name": "La Genoise", "cat": ["food"], "province": "cm"}}, {"type": "Feature", "geometry": {"type": "Point", "coordinates": [98.9876941, 18.7897178]}, "properties": {"id": "cm-osm-node-3843126641", "name": "La Mango", "cat": ["food"], "province": "cm"}}, {"type": "Feature", "geometry": {"type": "Point", "coordinates": [98.9677082, 18.799899]}, "properties": {"id": "cm-osm-node-7057571585", "name": "La Pizza", "cat": ["food"], "province": "cm"}}, {"type": "Feature", "geometry": {"type": "Point", "coordinates": [98.896111, 18.6997746]}, "properties": {"id": "cm-osm-node-13000324058", "name": "Lake House CNX (Wakeboarding park)", "cat": ["food"], "province": "cm"}}, {"type": "Feature", "geometry": {"type": "Point", "coordinates": [98.941951, 18.8692659]}, "properties": {"id": "cm-osm-node-13245055880", "name": "Lake View Cafe", "cat": ["food"], "province": "cm"}}, {"type": "Feature", "geometry": {"type": "Point", "coordinates": [99.0394674, 18.7808282]}, "properties": {"id": "cm-osm-node-5561163722", "name": "Lamdee Cafe", "cat": ["food"], "province": "cm"}}, {"type": "Feature", "geometry": {"type": "Point", "coordinates": [99.0090937, 18.7856888]}, "properties": {"id": "cm-osm-node-10227768517", "name": "Lamoon Dee Coffe expresso bar", "cat": ["food"], "province": "cm"}}, {"type": "Feature", "geometry": {"type": "Point", "coordinates": [98.952293, 18.7466105]}, "properties": {"id": "cm-osm-way-1158935336", "name": "Lamour To-Go Coffee", "cat": ["food"], "province": "cm"}}, {"type": "Feature", "geometry": {"type": "Point", "coordinates": [98.9399068, 18.7321707]}, "properties": {"id": "cm-osm-way-523144864", "name": "Lana Coffee", "cat": ["food"], "province": "cm"}}, {"type": "Feature", "geometry": {"type": "Point", "coordinates": [98.9468102, 18.7744806]}, "properties": {"id": "cm-osm-node-7062688688", "name": "Landin", "cat": ["food"], "province": "cm"}}, {"type": "Feature", "geometry": {"type": "Point", "coordinates": [98.9996688, 18.8551345]}, "properties": {"id": "cm-osm-node-4446821271", "name": "Lanna Cafe", "cat": ["food"], "province": "cm"}}, {"type": "Feature", "geometry": {"type": "Point", "coordinates": [98.9002166, 18.7362098]}, "properties": {"id": "cm-osm-node-13257143161", "name": "Lanna Terra", "cat": ["food"], "province": "cm"}}, {"type": "Feature", "geometry": {"type": "Point", "coordinates": [98.9792316, 18.8115578]}, "properties": {"id": "cm-osm-node-13616287147", "name": "Lapin Cafe", "cat": ["food"], "province": "cm"}}, {"type": "Feature", "geometry": {"type": "Point", "coordinates": [99.003281, 18.7940768]}, "properties": {"id": "cm-osm-node-8462931818", "name": "Later On Cafe", "cat": ["food"], "province": "cm"}}, {"type": "Feature", "geometry": {"type": "Point", "coordinates": [98.9631692, 18.8092844]}, "properties": {"id": "cm-osm-node-2609583867", "name": "Latte Delight", "cat": ["food"], "province": "cm"}}, {"type": "Feature", "geometry": {"type": "Point", "coordinates": [98.9480335, 18.8046749]}, "properties": {"id": "cm-osm-node-9346833417", "name": "Law Coffee Club", "cat": ["food"], "province": "cm"}}, {"type": "Feature", "geometry": {"type": "Point", "coordinates": [99.1351212, 18.9060078]}, "properties": {"id": "cm-osm-node-2531723595", "name": "Le Cafe Doisaket", "cat": ["food"], "province": "cm"}}, {"type": "Feature", "geometry": {"type": "Point", "coordinates": [98.9781164, 18.7831568]}, "properties": {"id": "cm-osm-node-4721967593", "name": "Le Kaa", "cat": ["food"], "province": "cm"}}, {"type": "Feature", "geometry": {"type": "Point", "coordinates": [98.9840868, 18.8366641]}, "properties": {"id": "cm-osm-node-9317017217", "name": "Lee Cafe", "cat": ["food"], "province": "cm"}}, {"type": "Feature", "geometry": {"type": "Point", "coordinates": [98.9389212, 18.7332079]}, "properties": {"id": "cm-osm-node-8972417444", "name": "Lee Cafe Chiangmai", "cat": ["food"], "province": "cm"}}, {"type": "Feature", "geometry": {"type": "Point", "coordinates": [98.8848984, 18.8169798]}, "properties": {"id": "cm-osm-node-6198545886", "name": "Leng Doi Pui", "cat": ["food"], "province": "cm"}}, {"type": "Feature", "geometry": {"type": "Point", "coordinates": [98.9860456, 18.7946636]}, "properties": {"id": "cm-osm-node-5234228721", "name": "Let it be cafe", "cat": ["food"], "province": "cm"}}, {"type": "Feature", "geometry": {"type": "Point", "coordinates": [98.922862, 18.7244813]}, "properties": {"id": "cm-osm-node-12468617443", "name": "Levain", "cat": ["food"], "province": "cm"}}, {"type": "Feature", "geometry": {"type": "Point", "coordinates": [98.9860883, 18.7911856]}, "properties": {"id": "cm-osm-node-13908611901", "name": "Liberated Seed Roasters", "cat": ["food"], "province": "cm"}}, {"type": "Feature", "geometry": {"type": "Point", "coordinates": [98.9928035, 18.7840776]}, "properties": {"id": "cm-osm-node-3266573695", "name": "Liberty Coffee and More", "cat": ["food"], "province": "cm"}}, {"type": "Feature", "geometry": {"type": "Point", "coordinates": [98.9688241, 18.7984601]}, "properties": {"id": "cm-osm-node-3168260766", "name": "Librarista", "cat": ["food"], "province": "cm"}}, {"type": "Feature", "geometry": {"type": "Point", "coordinates": [98.9727432, 18.7899954]}, "properties": {"id": "cm-osm-node-3672043732", "name": "Library Coffee (5F)", "cat": ["food"], "province": "cm"}}, {"type": "Feature", "geometry": {"type": "Point", "coordinates": [99.024727, 18.8015466]}, "properties": {"id": "cm-osm-node-6059577985", "name": "Life coffee", "cat": ["food"], "province": "cm"}}, {"type": "Feature", "geometry": {"type": "Point", "coordinates": [98.9899656, 18.7978738]}, "properties": {"id": "cm-osm-node-6015393595", "name": "Light Up Cafe", "cat": ["food"], "province": "cm"}}, {"type": "Feature", "geometry": {"type": "Point", "coordinates": [98.9793787, 18.7984098]}, "properties": {"id": "cm-osm-node-6865465685", "name": "Light Up Cafe", "cat": ["food"], "province": "cm"}}, {"type": "Feature", "geometry": {"type": "Point", "coordinates": [98.9793606, 18.7982304]}, "properties": {"id": "cm-osm-node-9953931617", "name": "Light Up Cafe", "cat": ["food"], "province": "cm"}}, {"type": "Feature", "geometry": {"type": "Point", "coordinates": [98.9776599, 18.801914]}, "properties": {"id": "cm-osm-node-7252691885", "name": "Lim's coffee", "cat": ["food"], "province": "cm"}}, {"type": "Feature", "geometry": {"type": "Point", "coordinates": [98.9940384, 18.784311]}, "properties": {"id": "cm-osm-node-6163753685", "name": "Little Story Cafe", "cat": ["food"], "province": "cm"}}, {"type": "Feature", "geometry": {"type": "Point", "coordinates": [98.9499196, 18.804968]}, "properties": {"id": "cm-osm-way-311212963", "name": "Living a Dream", "cat": ["food"], "province": "cm"}}, {"type": "Feature", "geometry": {"type": "Point", "coordinates": [99.0052393, 18.7859731]}, "properties": {"id": "cm-osm-node-12217284197", "name": "Loaf & Fish Chiangmai", "cat": ["food"], "province": "cm"}}, {"type": "Feature", "geometry": {"type": "Point", "coordinates": [98.9674613, 18.8009969]}, "properties": {"id": "cm-osm-node-3843126642", "name": "Local Cafe", "cat": ["food"], "province": "cm"}}, {"type": "Feature", "geometry": {"type": "Point", "coordinates": [98.9818405, 18.7834835]}, "properties": {"id": "cm-osm-way-406416942", "name": "Loong Oad", "cat": ["food"], "province": "cm"}}, {"type": "Feature", "geometry": {"type": "Point", "coordinates": [98.9966431, 18.7931189]}, "properties": {"id": "cm-osm-node-6217577485", "name": "Looper Co.", "cat": ["food"], "province": "cm"}}, {"type": "Feature", "geometry": {"type": "Point", "coordinates": [98.823491, 18.913979]}, "properties": {"id": "cm-osm-node-4641230899", "name": "Love Café", "cat": ["food"], "province": "cm"}}, {"type": "Feature", "geometry": {"type": "Point", "coordinates": [99.1194917, 18.7436014]}, "properties": {"id": "cm-osm-node-3103269529", "name": "Love Coffee", "cat": ["food"], "province": "cm"}}, {"type": "Feature", "geometry": {"type": "Point", "coordinates": [98.9529308, 18.6888503]}, "properties": {"id": "cm-osm-way-532900630", "name": "Love Me Cafe", "cat": ["food"], "province": "cm"}}, {"type": "Feature", "geometry": {"type": "Point", "coordinates": [99.0066911, 18.786176]}, "properties": {"id": "cm-osm-node-3395080852", "name": "Love at First Bite", "cat": ["food"], "province": "cm"}}, {"type": "Feature", "geometry": {"type": "Point", "coordinates": [98.945863, 18.9739052]}, "properties": {"id": "cm-osm-node-4594757865", "name": "Love@Rimrin", "cat": ["food"], "province": "cm"}}, {"type": "Feature", "geometry": {"type": "Point", "coordinates": [98.9804738, 18.7988737]}, "properties": {"id": "cm-osm-way-320142380", "name": "Lovin' Sweets", "cat": ["food"], "province": "cm"}}, {"type": "Feature", "geometry": {"type": "Point", "coordinates": [98.9915237, 18.7918715]}, "properties": {"id": "cm-osm-node-1133610755", "name": "Lucky Coffee", "cat": ["food"], "province": "cm"}}, {"type": "Feature", "geometry": {"type": "Point", "coordinates": [99.0031879, 18.7814595]}, "properties": {"id": "cm-osm-node-3326560610", "name": "L‘Opéra", "cat": ["food"], "province": "cm"}}, {"type": "Feature", "geometry": {"type": "Point", "coordinates": [98.9826934, 18.7370259]}, "properties": {"id": "cm-osm-way-1161388726", "name": "MOKA CAFE CHIANGMAI", "cat": ["food"], "province": "cm"}}, {"type": "Feature", "geometry": {"type": "Point", "coordinates": [98.9971046, 18.7932812]}, "properties": {"id": "cm-osm-node-11465225469", "name": "MOO TOD Ama", "cat": ["food"], "province": "cm"}}, {"type": "Feature", "geometry": {"type": "Point", "coordinates": [99.0577615, 18.7637598]}, "properties": {"id": "cm-osm-node-14048187501", "name": "MYYS HOME", "cat": ["food"], "province": "cm"}}, {"type": "Feature", "geometry": {"type": "Point", "coordinates": [99.0415945, 18.7738239]}, "properties": {"id": "cm-osm-node-1314781606", "name": "Ma Che're", "cat": ["food"], "province": "cm"}}, {"type": "Feature", "geometry": {"type": "Point", "coordinates": [98.994126, 18.7811736]}, "properties": {"id": "cm-osm-node-4586796889", "name": "Ma-Chill", "cat": ["food"], "province": "cm"}}, {"type": "Feature", "geometry": {"type": "Point", "coordinates": [99.009305, 18.7982675]}, "properties": {"id": "cm-osm-node-10219440317", "name": "Mabel Cort Cafe", "cat": ["food"], "province": "cm"}}, {"type": "Feature", "geometry": {"type": "Point", "coordinates": [98.957928, 18.8064957]}, "properties": {"id": "cm-osm-node-3927203449", "name": "Mac Cafe", "cat": ["food"], "province": "cm"}}, {"type": "Feature", "geometry": {"type": "Point", "coordinates": [98.979325, 18.7984564]}, "properties": {"id": "cm-osm-node-5146615823", "name": "Mac Cafe", "cat": ["food"], "province": "cm"}}, {"type": "Feature", "geometry": {"type": "Point", "coordinates": [99.0840133, 18.7396754]}, "properties": {"id": "cm-osm-node-2308000157", "name": "Maceelon Coffee", "cat": ["food"], "province": "cm"}}, {"type": "Feature", "geometry": {"type": "Point", "coordinates": [99.008308, 18.7555624]}, "properties": {"id": "cm-osm-way-314677553", "name": "Mad? Cafe", "cat": ["food"], "province": "cm"}}, {"type": "Feature", "geometry": {"type": "Point", "coordinates": [99.1419013, 18.9298244]}, "properties": {"id": "cm-osm-way-1358308827", "name": "Mae Kuang Cafe", "cat": ["food"], "province": "cm"}}, {"type": "Feature", "geometry": {"type": "Point", "coordinates": [99.1353588, 18.9040805]}, "properties": {"id": "cm-osm-node-13530702802", "name": "Magic Beans Coffee (Specialty coffee & Roastery)", "cat": ["food"], "province": "cm"}}, {"type": "Feature", "geometry": {"type": "Point", "coordinates": [98.9484323, 18.7764712]}, "properties": {"id": "cm-osm-node-9401807217", "name": "Mahasamut Library and Cafe", "cat": ["food"], "province": "cm"}}, {"type": "Feature", "geometry": {"type": "Point", "coordinates": [99.0079901, 18.8747473]}, "properties": {"id": "cm-osm-node-3905979257", "name": "Maison de Café", "cat": ["food"], "province": "cm"}}, {"type": "Feature", "geometry": {"type": "Point", "coordinates": [98.9623796, 18.7897393]}, "properties": {"id": "cm-osm-node-5933370532", "name": "Maled", "cat": ["food"], "province": "cm"}}, {"type": "Feature", "geometry": {"type": "Point", "coordinates": [98.9520805, 18.7775076]}, "properties": {"id": "cm-osm-node-5409046221", "name": "MaliPai", "cat": ["food"], "province": "cm"}}, {"type": "Feature", "geometry": {"type": "Point", "coordinates": [98.9425801, 18.7489802]}, "properties": {"id": "cm-osm-node-10777409829", "name": "Mama Cho's", "cat": ["food"], "province": "cm"}}, {"type": "Feature", "geometry": {"type": "Point", "coordinates": [98.995273, 18.785516]}, "properties": {"id": "cm-osm-node-6110461185", "name": "Mam’s Cake Coffee Breakfast", "cat": ["food"], "province": "cm"}}, {"type": "Feature", "geometry": {"type": "Point", "coordinates": [98.9871793, 18.7952269]}, "properties": {"id": "cm-osm-node-5621081721", "name": "Mana Café", "cat": ["food"], "province": "cm"}}, {"type": "Feature", "geometry": {"type": "Point", "coordinates": [98.989412, 18.7879099]}, "properties": {"id": "cm-osm-way-793140912", "name": "Mango Mania", "cat": ["food"], "province": "cm"}}, {"type": "Feature", "geometry": {"type": "Point", "coordinates": [98.9685184, 18.7963655]}, "properties": {"id": "cm-osm-node-3421308693", "name": "Mango Tango", "cat": ["food"], "province": "cm"}}, {"type": "Feature", "geometry": {"type": "Point", "coordinates": [98.968639, 18.7987766]}, "properties": {"id": "cm-osm-node-3426415665", "name": "Manifreshto", "cat": ["food"], "province": "cm"}}, {"type": "Feature", "geometry": {"type": "Point", "coordinates": [98.966086, 18.7101623]}, "properties": {"id": "cm-osm-node-11509964641", "name": "Manual Coffee", "cat": ["food"], "province": "cm"}}, {"type": "Feature", "geometry": {"type": "Point", "coordinates": [98.968367, 18.7973862]}, "properties": {"id": "cm-osm-node-1797002637", "name": "Marble Arch", "cat": ["food"], "province": "cm"}}, {"type": "Feature", "geometry": {"type": "Point", "coordinates": [98.945301, 18.7281632]}, "properties": {"id": "cm-osm-node-5313364621", "name": "Marche Dome", "cat": ["food"], "province": "cm"}}, {"type": "Feature", "geometry": {"type": "Point", "coordinates": [99.0014641, 18.7943952]}, "properties": {"id": "cm-osm-node-5933370535", "name": "Marocchino", "cat": ["food"], "province": "cm"}}, {"type": "Feature", "geometry": {"type": "Point", "coordinates": [98.9951194, 18.7911387]}, "properties": {"id": "cm-osm-node-11198936037", "name": "Masa Cafe", "cat": ["food"], "province": "cm"}}, {"type": "Feature", "geometry": {"type": "Point", "coordinates": [98.979806, 18.838504]}, "properties": {"id": "cm-osm-node-9316980517", "name": "Mat Day Cafe", "cat": ["food"], "province": "cm"}}, {"type": "Feature", "geometry": {"type": "Point", "coordinates": [99.0057001, 18.7682862]}, "properties": {"id": "cm-osm-node-1173899412", "name": "Mata Coffee", "cat": ["food"], "province": "cm"}}, {"type": "Feature", "geometry": {"type": "Point", "coordinates": [99.0913649, 18.8533915]}, "properties": {"id": "cm-osm-node-9500735168", "name": "Matane Café", "cat": ["food"], "province": "cm"}}, {"type": "Feature", "geometry": {"type": "Point", "coordinates": [98.9635793, 18.8121974]}, "properties": {"id": "cm-osm-node-7106273685", "name": "Mazz", "cat": ["food"], "province": "cm"}}, {"type": "Feature", "geometry": {"type": "Point", "coordinates": [98.994003, 18.7811548]}, "properties": {"id": "cm-osm-node-6965310885", "name": "Meddee Coffee", "cat": ["food"], "province": "cm"}}, {"type": "Feature", "geometry": {"type": "Point", "coordinates": [98.9803715, 18.8003323]}, "properties": {"id": "cm-osm-node-11936086369", "name": "Meerka Cafe", "cat": ["food"], "province": "cm"}}, {"type": "Feature", "geometry": {"type": "Point", "coordinates": [99.0128488, 18.8286555]}, "properties": {"id": "cm-osm-node-3979200912", "name": "Meerkatto Cafe", "cat": ["food"], "province": "cm"}}, {"type": "Feature", "geometry": {"type": "Point", "coordinates": [99.0211459, 18.7600427]}, "properties": {"id": "cm-osm-node-3708969930", "name": "Merkaba Coffee", "cat": ["food"], "province": "cm"}}, {"type": "Feature", "geometry": {"type": "Point", "coordinates": [99.0919548, 18.7612689]}, "properties": {"id": "cm-osm-node-11332271559", "name": "Merlion Cafe", "cat": ["food"], "province": "cm"}}, {"type": "Feature", "geometry": {"type": "Point", "coordinates": [98.9905374, 18.784016]}, "properties": {"id": "cm-osm-node-6463555785", "name": "Mickey Cafe", "cat": ["food"], "province": "cm"}}, {"type": "Feature", "geometry": {"type": "Point", "coordinates": [98.9677371, 18.7969062]}, "properties": {"id": "cm-osm-node-1797043368", "name": "Middle 11", "cat": ["food"], "province": "cm"}}, {"type": "Feature", "geometry": {"type": "Point", "coordinates": [98.9922111, 18.7936871]}, "properties": {"id": "cm-osm-node-4281954591", "name": "Mild", "cat": ["food"], "province": "cm"}}, {"type": "Feature", "geometry": {"type": "Point", "coordinates": [98.9490956, 18.8107521]}, "properties": {"id": "cm-osm-node-6776163085", "name": "Milk Huay Kaew", "cat": ["food"], "province": "cm"}}, {"type": "Feature", "geometry": {"type": "Point", "coordinates": [98.9503705, 18.791156]}, "properties": {"id": "cm-osm-node-9084096823", "name": "Milk on the rock", "cat": ["food"], "province": "cm"}}, {"type": "Feature", "geometry": {"type": "Point", "coordinates": [98.9666391, 18.7977747]}, "properties": {"id": "cm-osm-node-1796986984", "name": "Ming Muang", "cat": ["food"], "province": "cm"}}, {"type": "Feature", "geometry": {"type": "Point", "coordinates": [99.0058305, 18.7835315]}, "properties": {"id": "cm-osm-node-3162926207", "name": "Mingmitr", "cat": ["food"], "province": "cm"}}, {"type": "Feature", "geometry": {"type": "Point", "coordinates": [99.0152029, 18.7597471]}, "properties": {"id": "cm-osm-node-1548373092", "name": "Mingmitr Coffee", "cat": ["food"], "province": "cm"}}, {"type": "Feature", "geometry": {"type": "Point", "coordinates": [98.9911939, 18.8122065]}, "properties": {"id": "cm-osm-node-3195504332", "name": "Mingmitr Coffee", "cat": ["food"], "province": "cm"}}, {"type": "Feature", "geometry": {"type": "Point", "coordinates": [99.0129183, 18.7998273]}, "properties": {"id": "cm-osm-node-8712823742", "name": "Mingmitr Coffee", "cat": ["food"], "province": "cm"}}, {"type": "Feature", "geometry": {"type": "Point", "coordinates": [98.9942653, 18.7657864]}, "properties": {"id": "cm-osm-node-9351789417", "name": "Mingmitr Coffee", "cat": ["food"], "province": "cm"}}, {"type": "Feature", "geometry": {"type": "Point", "coordinates": [99.0242212, 18.7273607]}, "properties": {"id": "cm-osm-node-9626362481", "name": "Mingmitr Coffee", "cat": ["food"], "province": "cm"}}, {"type": "Feature", "geometry": {"type": "Point", "coordinates": [98.9535972, 18.777732]}, "properties": {"id": "cm-osm-way-772861537", "name": "Mingmitr Coffee", "cat": ["food"], "province": "cm"}}, {"type": "Feature", "geometry": {"type": "Point", "coordinates": [99.0174712, 18.7599133]}, "properties": {"id": "cm-osm-way-1463378814", "name": "Minimal", "cat": ["food"], "province": "cm"}}, {"type": "Feature", "geometry": {"type": "Point", "coordinates": [98.9521807, 18.7327088]}, "properties": {"id": "cm-osm-node-12587557663", "name": "Minimal Coffee Maker", "cat": ["food"], "province": "cm"}}, {"type": "Feature", "geometry": {"type": "Point", "coordinates": [98.9526991, 18.7925473]}, "properties": {"id": "cm-osm-node-9385324117", "name": "Minimal Coffee Maker", "cat": ["food"], "province": "cm"}}, {"type": "Feature", "geometry": {"type": "Point", "coordinates": [98.9653013, 18.8079584]}, "properties": {"id": "cm-osm-node-9826849617", "name": "Minimal Coffee Maker", "cat": ["food"], "province": "cm"}}, {"type": "Feature", "geometry": {"type": "Point", "coordinates": [98.9790091, 18.7819406]}, "properties": {"id": "cm-osm-way-318784039", "name": "Minimal Coffee Maker", "cat": ["food"], "province": "cm"}}, {"type": "Feature", "geometry": {"type": "Point", "coordinates": [98.9961697, 18.7897788]}, "properties": {"id": "cm-osm-node-11228730539", "name": "Ministry of Roasters", "cat": ["food"], "province": "cm"}}, {"type": "Feature", "geometry": {"type": "Point", "coordinates": [99.0139068, 18.7521694]}, "properties": {"id": "cm-osm-node-13014824216", "name": "Minna Matcha", "cat": ["food"], "province": "cm"}}, {"type": "Feature", "geometry": {"type": "Point", "coordinates": [99.0062747, 18.7685465]}, "properties": {"id": "cm-osm-node-1173899486", "name": "Miracle Coffee", "cat": ["food"], "province": "cm"}}, {"type": "Feature", "geometry": {"type": "Point", "coordinates": [98.9693626, 18.8048979]}, "properties": {"id": "cm-osm-node-3311605585", "name": "Miracle Coffee", "cat": ["food"], "province": "cm"}}, {"type": "Feature", "geometry": {"type": "Point", "coordinates": [98.9818583, 18.680932]}, "properties": {"id": "cm-osm-node-7868520191", "name": "Miracle Coffee Shop", "cat": ["food"], "province": "cm"}}, {"type": "Feature", "geometry": {"type": "Point", "coordinates": [98.9900777, 18.7943827]}, "properties": {"id": "cm-osm-node-4552503190", "name": "Miracle coffee", "cat": ["food"], "province": "cm"}}, {"type": "Feature", "geometry": {"type": "Point", "coordinates": [98.987156, 18.785742]}, "properties": {"id": "cm-osm-node-5203695537", "name": "Miranda's café", "cat": ["food"], "province": "cm"}}, {"type": "Feature", "geometry": {"type": "Point", "coordinates": [99.0538091, 18.7546746]}, "properties": {"id": "cm-osm-node-3470589850", "name": "Miss Cafe", "cat": ["food"], "province": "cm"}}, {"type": "Feature", "geometry": {"type": "Point", "coordinates": [98.9908424, 18.78399]}, "properties": {"id": "cm-osm-node-6259342188", "name": "Miss Juicie", "cat": ["food"], "province": "cm"}}, {"type": "Feature", "geometry": {"type": "Point", "coordinates": [98.9958162, 18.7922625]}, "properties": {"id": "cm-osm-node-10202075517", "name": "Mitte Mitte Cafe & Brunch", "cat": ["food"], "province": "cm"}}, {"type": "Feature", "geometry": {"type": "Point", "coordinates": [98.9784737, 18.7909816]}, "properties": {"id": "cm-osm-node-4514610993", "name": "Mix Kaffee", "cat": ["food"], "province": "cm"}}, {"type": "Feature", "geometry": {"type": "Point", "coordinates": [98.9528645, 18.792668]}, "properties": {"id": "cm-osm-node-13658267212", "name": "Mixue", "cat": ["food"], "province": "cm"}}, {"type": "Feature", "geometry": {"type": "Point", "coordinates": [98.9935259, 18.7861473]}, "properties": {"id": "cm-osm-node-12586875403", "name": "Moat Moments Cafe", "cat": ["food"], "province": "cm"}}, {"type": "Feature", "geometry": {"type": "Point", "coordinates": [98.8227309, 18.9359821]}, "properties": {"id": "cm-osm-node-1517466209", "name": "Mon Cham", "cat": ["food"], "province": "cm"}}, {"type": "Feature", "geometry": {"type": "Point", "coordinates": [98.9901919, 18.7445229]}, "properties": {"id": "cm-osm-node-4049924460", "name": "Mon Doi Luang Coffee", "cat": ["food"], "province": "cm"}}, {"type": "Feature", "geometry": {"type": "Point", "coordinates": [99.0745461, 18.720446]}, "properties": {"id": "cm-osm-node-5307634591", "name": "Monfai's Cafe", "cat": ["food"], "province": "cm"}}, {"type": "Feature", "geometry": {"type": "Point", "coordinates": [98.9668754, 18.7981989]}, "properties": {"id": "cm-osm-node-1074595752", "name": "Mont Blanc", "cat": ["food"], "province": "cm"}}, {"type": "Feature", "geometry": {"type": "Point", "coordinates": [99.0063462, 18.8997456]}, "properties": {"id": "cm-osm-node-3419811900", "name": "Mont Jo", "cat": ["food"], "province": "cm"}}, {"type": "Feature", "geometry": {"type": "Point", "coordinates": [98.9574056, 18.7932502]}, "properties": {"id": "cm-osm-node-5346617694", "name": "Moo Coffee", "cat": ["food"], "province": "cm"}}, {"type": "Feature", "geometry": {"type": "Point", "coordinates": [98.9785246, 18.8045437]}, "properties": {"id": "cm-osm-node-13734010903", "name": "Mood:D", "cat": ["food"], "province": "cm"}}, {"type": "Feature", "geometry": {"type": "Point", "coordinates": [98.9960501, 18.7843262]}, "properties": {"id": "cm-osm-node-11237661638", "name": "Moody Cafe and Hostel", "cat": ["food"], "province": "cm"}}, {"type": "Feature", "geometry": {"type": "Point", "coordinates": [98.9823069, 18.8026863]}, "properties": {"id": "cm-osm-node-4441486862", "name": "Moom la Moon Café", "cat": ["food"], "province": "cm"}}, {"type": "Feature", "geometry": {"type": "Point", "coordinates": [98.8357427, 18.6650279]}, "properties": {"id": "cm-osm-node-5372322922", "name": "Moowhan Coffee", "cat": ["food"], "province": "cm"}}, {"type": "Feature", "geometry": {"type": "Point", "coordinates": [98.9458937, 18.7722761]}, "properties": {"id": "cm-osm-node-12658068482", "name": "More Craft", "cat": ["food"], "province": "cm"}}, {"type": "Feature", "geometry": {"type": "Point", "coordinates": [99.1094882, 18.7300248]}, "properties": {"id": "cm-osm-node-4694698200", "name": "More Fresh", "cat": ["food"], "province": "cm"}}, {"type": "Feature", "geometry": {"type": "Point", "coordinates": [98.964199, 18.7996898]}, "properties": {"id": "cm-osm-node-13202529004", "name": "Morestto", "cat": ["food"], "province": "cm"}}, {"type": "Feature", "geometry": {"type": "Point", "coordinates": [98.9891688, 18.8117194]}, "properties": {"id": "cm-osm-way-747482687", "name": "Mr. Coffee", "cat": ["food"], "province": "cm"}}, {"type": "Feature", "geometry": {"type": "Point", "coordinates": [99.0434321, 18.8449594]}, "properties": {"id": "cm-osm-node-7042842385", "name": "Muanchon", "cat": ["food"], "province": "cm"}}, {"type": "Feature", "geometry": {"type": "Point", "coordinates": [98.9112052, 18.7071518]}, "properties": {"id": "cm-osm-way-640255789", "name": "Mug Cafe And Bistro", "cat": ["food"], "province": "cm"}}, {"type": "Feature", "geometry": {"type": "Point", "coordinates": [98.9339297, 18.7528935]}, "properties": {"id": "cm-osm-node-13994098801", "name": "Munchies Café", "cat": ["food"], "province": "cm"}}, {"type": "Feature", "geometry": {"type": "Point", "coordinates": [98.9890227, 18.7615402]}, "properties": {"id": "cm-osm-node-11633780670", "name": "Mush Room Café", "cat": ["food"], "province": "cm"}}, {"type": "Feature", "geometry": {"type": "Point", "coordinates": [99.0029382, 18.7576969]}, "properties": {"id": "cm-osm-node-4064638194", "name": "Music School Coffee House", "cat": ["food"], "province": "cm"}}, {"type": "Feature", "geometry": {"type": "Point", "coordinates": [98.9454775, 18.6932914]}, "properties": {"id": "cm-osm-way-1237664537", "name": "My Forest Cafe", "cat": ["food"], "province": "cm"}}, {"type": "Feature", "geometry": {"type": "Point", "coordinates": [98.9867959, 18.8561393]}, "properties": {"id": "cm-osm-node-3340956813", "name": "My Secret Cafe", "cat": ["food"], "province": "cm"}}, {"type": "Feature", "geometry": {"type": "Point", "coordinates": [98.983226, 18.7881045]}, "properties": {"id": "cm-osm-node-3907871477", "name": "My Secret Cafe", "cat": ["food"], "province": "cm"}}, {"type": "Feature", "geometry": {"type": "Point", "coordinates": [98.9708568, 18.7899691]}, "properties": {"id": "cm-osm-node-10184950083", "name": "My Vietnam", "cat": ["food"], "province": "cm"}}, {"type": "Feature", "geometry": {"type": "Point", "coordinates": [98.9849839, 18.7895742]}, "properties": {"id": "cm-osm-node-2466401386", "name": "NAP'S Coffee Roaster", "cat": ["food"], "province": "cm"}}, {"type": "Feature", "geometry": {"type": "Point", "coordinates": [98.9459304, 18.6898613]}, "properties": {"id": "cm-osm-node-11032795792", "name": "NK Cafe", "cat": ["food"], "province": "cm"}}, {"type": "Feature", "geometry": {"type": "Point", "coordinates": [98.9914493, 18.7923172]}, "properties": {"id": "cm-osm-way-492846698", "name": "NOWHERE COFFEE BREWERS", "cat": ["food"], "province": "cm"}}, {"type": "Feature", "geometry": {"type": "Point", "coordinates": [99.0105915, 18.7493332]}, "properties": {"id": "cm-osm-node-13051829612", "name": "Na Sookjai", "cat": ["food"], "province": "cm"}}, {"type": "Feature", "geometry": {"type": "Point", "coordinates": [98.9877659, 18.6851981]}, "properties": {"id": "cm-osm-node-5889677332", "name": "Namtan's Coffee Shop", "cat": ["food"], "province": "cm"}}, {"type": "Feature", "geometry": {"type": "Point", "coordinates": [99.0445532, 18.8496899]}, "properties": {"id": "cm-osm-node-4538974693", "name": "Nan Coffee House", "cat": ["food"], "province": "cm"}}, {"type": "Feature", "geometry": {"type": "Point", "coordinates": [98.9790419, 18.8040817]}, "properties": {"id": "cm-osm-node-2104376722", "name": "Nana Bakery", "cat": ["food"], "province": "cm"}}, {"type": "Feature", "geometry": {"type": "Point", "coordinates": [99.0043035, 18.7995089]}, "properties": {"id": "cm-osm-node-5023530126", "name": "Nat Wat Home Cafe", "cat": ["food"], "province": "cm"}}, {"type": "Feature", "geometry": {"type": "Point", "coordinates": [99.1256181, 18.7420457]}, "properties": {"id": "cm-osm-node-9046908193", "name": "Natang Coffeehouse", "cat": ["food"], "province": "cm"}}, {"type": "Feature", "geometry": {"type": "Point", "coordinates": [99.1061393, 18.7927929]}, "properties": {"id": "cm-osm-node-7205661587", "name": "Nate Coffee", "cat": ["food"], "province": "cm"}}, {"type": "Feature", "geometry": {"type": "Point", "coordinates": [99.0213553, 18.7082985]}, "properties": {"id": "cm-osm-node-5375162406", "name": "Naychang", "cat": ["food"], "province": "cm"}}, {"type": "Feature", "geometry": {"type": "Point", "coordinates": [99.1395894, 18.7594747]}, "properties": {"id": "cm-osm-node-4554412845", "name": "Near Mom Cafe", "cat": ["food"], "province": "cm"}}, {"type": "Feature", "geometry": {"type": "Point", "coordinates": [99.08445, 18.818911]}, "properties": {"id": "cm-osm-node-13094379801", "name": "Nebaker Cafe", "cat": ["food"], "province": "cm"}}, {"type": "Feature", "geometry": {"type": "Point", "coordinates": [98.9710523, 18.7859511]}, "properties": {"id": "cm-osm-node-13808725177", "name": "Neno Coffee", "cat": ["food"], "province": "cm"}}, {"type": "Feature", "geometry": {"type": "Point", "coordinates": [98.9489587, 18.8208329]}, "properties": {"id": "cm-osm-node-5263183023", "name": "Neo Café", "cat": ["food"], "province": "cm"}}, {"type": "Feature", "geometry": {"type": "Point", "coordinates": [98.9569599, 18.8623766]}, "properties": {"id": "cm-osm-way-1145007900", "name": "Nern Noom Cafe", "cat": ["food"], "province": "cm"}}, {"type": "Feature", "geometry": {"type": "Point", "coordinates": [98.9667331, 18.8818494]}, "properties": {"id": "cm-osm-node-12284029544", "name": "Nest Garden home & Cafe (closed)", "cat": ["food"], "province": "cm"}}, {"type": "Feature", "geometry": {"type": "Point", "coordinates": [98.9440532, 18.959118]}, "properties": {"id": "cm-osm-way-1105980030", "name": "New Car Care", "cat": ["food"], "province": "cm"}}, {"type": "Feature", "geometry": {"type": "Point", "coordinates": [98.9668891, 18.7969984]}, "properties": {"id": "cm-osm-node-13202531601", "name": "Nine One Coffee", "cat": ["food"], "province": "cm"}}, {"type": "Feature", "geometry": {"type": "Point", "coordinates": [98.9815961, 18.7899541]}, "properties": {"id": "cm-osm-node-4225187389", "name": "Nine coffee", "cat": ["food"], "province": "cm"}}, {"type": "Feature", "geometry": {"type": "Point", "coordinates": [98.968295, 18.768134]}, "properties": {"id": "cm-osm-node-1474870808", "name": "Ninety-Four Coffee", "cat": ["food"], "province": "cm"}}, {"type": "Feature", "geometry": {"type": "Point", "coordinates": [98.96832, 18.7691764]}, "properties": {"id": "cm-osm-node-1474871817", "name": "Ninety-Four Coffee", "cat": ["food"], "province": "cm"}}, {"type": "Feature", "geometry": {"type": "Point", "coordinates": [98.9708448, 18.7902051]}, "properties": {"id": "cm-osm-node-3643587587", "name": "Nitroffee", "cat": ["food"], "province": "cm"}}, {"type": "Feature", "geometry": {"type": "Point", "coordinates": [99.0244353, 18.7841207]}, "properties": {"id": "cm-osm-way-555930243", "name": "Niyom Coffee", "cat": ["food"], "province": "cm"}}, {"type": "Feature", "geometry": {"type": "Point", "coordinates": [98.9515677, 18.7801261]}, "properties": {"id": "cm-osm-node-4828047523", "name": "No.39 Coffee", "cat": ["food"], "province": "cm"}}, {"type": "Feature", "geometry": {"type": "Point", "coordinates": [98.9867766, 18.7946463]}, "properties": {"id": "cm-osm-node-9568058117", "name": "Nobi Cha", "cat": ["food"], "province": "cm"}}, {"type": "Feature", "geometry": {"type": "Point", "coordinates": [99.0038296, 18.7840241]}, "properties": {"id": "cm-osm-node-4911778421", "name": "Nok Smoothie bar", "cat": ["food"], "province": "cm"}}, {"type": "Feature", "geometry": {"type": "Point", "coordinates": [99.0120562, 18.920273]}, "properties": {"id": "cm-osm-node-2438922443", "name": "Nongnut Gardens", "cat": ["food"], "province": "cm"}}, {"type": "Feature", "geometry": {"type": "Point", "coordinates": [98.9936677, 18.7845312]}, "properties": {"id": "cm-osm-node-6163752985", "name": "North Hill City Lounge", "cat": ["food"], "province": "cm"}}, {"type": "Feature", "geometry": {"type": "Point", "coordinates": [98.9780852, 18.7726028]}, "properties": {"id": "cm-osm-node-2799210280", "name": "Nou Cafe", "cat": ["food"], "province": "cm"}}, {"type": "Feature", "geometry": {"type": "Point", "coordinates": [98.9914159, 18.7918602]}, "properties": {"id": "cm-osm-node-5933370531", "name": "Nowhere", "cat": ["food"], "province": "cm"}}, {"type": "Feature", "geometry": {"type": "Point", "coordinates": [98.9567106, 18.7289919]}, "properties": {"id": "cm-osm-node-12224034589", "name": "Num Sha", "cat": ["food"], "province": "cm"}}, {"type": "Feature", "geometry": {"type": "Point", "coordinates": [98.9948103, 18.7781464]}, "properties": {"id": "cm-osm-way-294459104", "name": "Nuson Vegetarian Cafe", "cat": ["food"], "province": "cm"}}, {"type": "Feature", "geometry": {"type": "Point", "coordinates": [99.008877, 18.7903793]}, "properties": {"id": "cm-osm-node-8485866117", "name": "O R B Cafe", "cat": ["food"], "province": "cm"}}, {"type": "Feature", "geometry": {"type": "Point", "coordinates": [98.9699966, 18.7973154]}, "properties": {"id": "cm-osm-node-1797019229", "name": "O-B-One Coffee & Juice", "cat": ["food"], "province": "cm"}}, {"type": "Feature", "geometry": {"type": "Point", "coordinates": [98.976109, 18.7522591]}, "properties": {"id": "cm-osm-node-5291428396", "name": "O.T. Cafe", "cat": ["food"], "province": "cm"}}, {"type": "Feature", "geometry": {"type": "Point", "coordinates": [98.9931056, 18.7963603]}, "properties": {"id": "cm-osm-node-4535975015", "name": "Oasis Café", "cat": ["food"], "province": "cm"}}, {"type": "Feature", "geometry": {"type": "Point", "coordinates": [98.9484117, 18.7767962]}, "properties": {"id": "cm-osm-node-6176059286", "name": "Obchoei Original Homemade", "cat": ["food"], "province": "cm"}}, {"type": "Feature", "geometry": {"type": "Point", "coordinates": [98.9552084, 18.7891856]}, "properties": {"id": "cm-osm-node-3935432857", "name": "Ocha Coffee", "cat": ["food"], "province": "cm"}}, {"type": "Feature", "geometry": {"type": "Point", "coordinates": [98.9635741, 18.7950562]}, "properties": {"id": "cm-osm-node-4596413946", "name": "October", "cat": ["food"], "province": "cm"}}, {"type": "Feature", "geometry": {"type": "Point", "coordinates": [98.9673211, 18.7966535]}, "properties": {"id": "cm-osm-node-12250855974", "name": "October Flavor Coffee", "cat": ["food"], "province": "cm"}}, {"type": "Feature", "geometry": {"type": "Point", "coordinates": [99.0023897, 18.7972728]}, "properties": {"id": "cm-osm-node-3207247636", "name": "Oldies", "cat": ["food"], "province": "cm"}}, {"type": "Feature", "geometry": {"type": "Point", "coordinates": [98.9742433, 18.7990458]}, "properties": {"id": "cm-osm-node-4505551231", "name": "Ombra Cafe", "cat": ["food"], "province": "cm"}}, {"type": "Feature", "geometry": {"type": "Point", "coordinates": [99.0415674, 18.7877721]}, "properties": {"id": "cm-osm-node-5265199221", "name": "Ombra the garden", "cat": ["food"], "province": "cm"}}, {"type": "Feature", "geometry": {"type": "Point", "coordinates": [98.9419741, 18.9152897]}, "properties": {"id": "cm-osm-node-3341008197", "name": "Omelette Bakery Cafe", "cat": ["food"], "province": "cm"}}, {"type": "Feature", "geometry": {"type": "Point", "coordinates": [98.9737922, 18.8136656]}, "properties": {"id": "cm-osm-node-4265502391", "name": "Omnia", "cat": ["food"], "province": "cm"}}, {"type": "Feature", "geometry": {"type": "Point", "coordinates": [98.9716354, 18.7960602]}, "properties": {"id": "cm-osm-node-12401425802", "name": "On the Bread", "cat": ["food"], "province": "cm"}}, {"type": "Feature", "geometry": {"type": "Point", "coordinates": [98.9985175, 18.7853247]}, "properties": {"id": "cm-osm-node-6163747792", "name": "Once (coffee)", "cat": ["food"], "province": "cm"}}, {"type": "Feature", "geometry": {"type": "Point", "coordinates": [98.9930242, 18.7945801]}, "properties": {"id": "cm-osm-node-9788273618", "name": "Once in a Blue Moon", "cat": ["food"], "province": "cm"}}, {"type": "Feature", "geometry": {"type": "Point", "coordinates": [98.890768, 18.6870112]}, "properties": {"id": "cm-osm-node-10597769992", "name": "Organic Coffee", "cat": ["food"], "province": "cm"}}, {"type": "Feature", "geometry": {"type": "Point", "coordinates": [98.9934104, 18.7945459]}, "properties": {"id": "cm-osm-node-1129280654", "name": "Our House Coffee Shop", "cat": ["food"], "province": "cm"}}, {"type": "Feature", "geometry": {"type": "Point", "coordinates": [98.9951056, 18.7881107]}, "properties": {"id": "cm-osm-node-12586875402", "name": "Our Wine Club", "cat": ["food"], "province": "cm"}}, {"type": "Feature", "geometry": {"type": "Point", "coordinates": [98.9878588, 18.8036152]}, "properties": {"id": "cm-osm-node-11499304870", "name": "Overcup", "cat": ["food"], "province": "cm"}}, {"type": "Feature", "geometry": {"type": "Point", "coordinates": [98.9926556, 18.7859835]}, "properties": {"id": "cm-osm-node-3632320011", "name": "Overstand", "cat": ["food"], "province": "cm"}}, {"type": "Feature", "geometry": {"type": "Point", "coordinates": [98.9700465, 18.7984118]}, "properties": {"id": "cm-osm-node-7229605385", "name": "Overstand", "cat": ["food"], "province": "cm"}}, {"type": "Feature", "geometry": {"type": "Point", "coordinates": [98.9523157, 18.803894]}, "properties": {"id": "cm-osm-node-2434787311", "name": "PAK Cafe", "cat": ["food"], "province": "cm"}}, {"type": "Feature", "geometry": {"type": "Point", "coordinates": [99.0052238, 18.8350535]}, "properties": {"id": "cm-osm-node-13266867245", "name": "PLUTO", "cat": ["food"], "province": "cm"}}, {"type": "Feature", "geometry": {"type": "Point", "coordinates": [99.0165046, 18.7786439]}, "properties": {"id": "cm-osm-node-10917037905", "name": "POHSOP local-rice eatery vegetarian", "cat": ["food"], "province": "cm"}}, {"type": "Feature", "geometry": {"type": "Point", "coordinates": [98.9593787, 18.7588257]}, "properties": {"id": "cm-osm-node-7624761763", "name": "PR tiny Coffee and Glass", "cat": ["food"], "province": "cm"}}, {"type": "Feature", "geometry": {"type": "Point", "coordinates": [99.0699494, 18.8406956]}, "properties": {"id": "cm-osm-node-13973658101", "name": "PUNTHAI COFFEE", "cat": ["food"], "province": "cm"}}, {"type": "Feature", "geometry": {"type": "Point", "coordinates": [98.9795711, 18.7913723]}, "properties": {"id": "cm-osm-node-13850510801", "name": "Pa Rang Cafe & Art Stay", "cat": ["food"], "province": "cm"}}, {"type": "Feature", "geometry": {"type": "Point", "coordinates": [98.9866577, 18.7883537]}, "properties": {"id": "cm-osm-node-2442812998", "name": "Pacamara", "cat": ["food"], "province": "cm"}}, {"type": "Feature", "geometry": {"type": "Point", "coordinates": [98.9955725, 18.7899624]}, "properties": {"id": "cm-osm-node-11228730540", "name": "Pad Thai", "cat": ["food"], "province": "cm"}}, {"type": "Feature", "geometry": {"type": "Point", "coordinates": [98.947938, 18.7246221]}, "properties": {"id": "cm-osm-node-6584112472", "name": "Padasso Cafe", "cat": ["food"], "province": "cm"}}, {"type": "Feature", "geometry": {"type": "Point", "coordinates": [98.9927857, 18.787918]}, "properties": {"id": "cm-osm-node-3277470021", "name": "Pai Doi Coffee", "cat": ["food"], "province": "cm"}}, {"type": "Feature", "geometry": {"type": "Point", "coordinates": [98.9682817, 18.7959443]}, "properties": {"id": "cm-osm-node-5455608060", "name": "Pai Yan Yai Coffee", "cat": ["food"], "province": "cm"}}, {"type": "Feature", "geometry": {"type": "Point", "coordinates": [99.1372562, 18.814604]}, "properties": {"id": "cm-osm-node-5203405621", "name": "Painter Artist Cafe", "cat": ["food"], "province": "cm"}}, {"type": "Feature", "geometry": {"type": "Point", "coordinates": [98.9909058, 18.7922729]}, "properties": {"id": "cm-osm-node-9882307217", "name": "Paleo Cuisine", "cat": ["food"], "province": "cm"}}, {"type": "Feature", "geometry": {"type": "Point", "coordinates": [98.9986864, 18.8138094]}, "properties": {"id": "cm-osm-node-11345716269", "name": "Palit", "cat": ["food"], "province": "cm"}}, {"type": "Feature", "geometry": {"type": "Point", "coordinates": [98.9978881, 18.8148953]}, "properties": {"id": "cm-osm-node-11064083778", "name": "Pals Cafe", "cat": ["food"], "province": "cm"}}, {"type": "Feature", "geometry": {"type": "Point", "coordinates": [98.9610389, 18.8369324]}, "properties": {"id": "cm-osm-node-6894494970", "name": "PanLaMun 700ปี ปั่นละมุน", "cat": ["food"], "province": "cm"}}, {"type": "Feature", "geometry": {"type": "Point", "coordinates": [98.9767462, 18.7968019]}, "properties": {"id": "cm-osm-node-9613086520", "name": "Panda Shabu & BBQ", "cat": ["food"], "province": "cm"}}, {"type": "Feature", "geometry": {"type": "Point", "coordinates": [99.0180447, 18.8067569]}, "properties": {"id": "cm-osm-node-2865847101", "name": "Pang Ping Café", "cat": ["food"], "province": "cm"}}, {"type": "Feature", "geometry": {"type": "Point", "coordinates": [99.1133779, 18.6505447]}, "properties": {"id": "cm-osm-way-1344776327", "name": "PangNa Cafe-ปังนา คาเฟ่", "cat": ["food"], "province": "cm"}}, {"type": "Feature", "geometry": {"type": "Point", "coordinates": [99.0016524, 18.7586873]}, "properties": {"id": "cm-osm-node-3784397399", "name": "Pangkhon Coffee", "cat": ["food"], "province": "cm"}}, {"type": "Feature", "geometry": {"type": "Point", "coordinates": [98.9859275, 18.7810591]}, "properties": {"id": "cm-osm-node-6017634609", "name": "Pangkhon Coffee", "cat": ["food"], "province": "cm"}}, {"type": "Feature", "geometry": {"type": "Point", "coordinates": [98.9514338, 18.7473314]}, "properties": {"id": "cm-osm-node-3424651193", "name": "Pankled Coffee", "cat": ["food"], "province": "cm"}}, {"type": "Feature", "geometry": {"type": "Point", "coordinates": [98.9994547, 18.806365]}, "properties": {"id": "cm-osm-node-11404957769", "name": "Panmai Coffee", "cat": ["food"], "province": "cm"}}, {"type": "Feature", "geometry": {"type": "Point", "coordinates": [98.9699057, 18.7201119]}, "properties": {"id": "cm-osm-way-1160804966", "name": "Panmai Coffee Botanic Bistro", "cat": ["food"], "province": "cm"}}, {"type": "Feature", "geometry": {"type": "Point", "coordinates": [98.9712119, 18.8050368]}, "properties": {"id": "cm-osm-node-10750980255", "name": "Paper Plane CNX", "cat": ["food"], "province": "cm"}}, {"type": "Feature", "geometry": {"type": "Point", "coordinates": [98.9529275, 18.7808857]}, "properties": {"id": "cm-osm-node-2085487654", "name": "Paper Spoon", "cat": ["food"], "province": "cm"}}, {"type": "Feature", "geometry": {"type": "Point", "coordinates": [98.9754833, 18.8012821]}, "properties": {"id": "cm-osm-node-6217907797", "name": "Passion Project The Café", "cat": ["food"], "province": "cm"}}, {"type": "Feature", "geometry": {"type": "Point", "coordinates": [98.9997742, 18.816141]}, "properties": {"id": "cm-osm-node-5360688321", "name": "Patan", "cat": ["food"], "province": "cm"}}, {"type": "Feature", "geometry": {"type": "Point", "coordinates": [99.1347723, 18.8726288]}, "properties": {"id": "cm-osm-node-1877384996", "name": "Patchawan Garden", "cat": ["food"], "province": "cm"}}, {"type": "Feature", "geometry": {"type": "Point", "coordinates": [98.9509756, 18.793881]}, "properties": {"id": "cm-osm-node-7106487587", "name": "Pause", "cat": ["food"], "province": "cm"}}, {"type": "Feature", "geometry": {"type": "Point", "coordinates": [98.9709002, 18.848496]}, "properties": {"id": "cm-osm-node-9316918217", "name": "Pearly Tea", "cat": ["food"], "province": "cm"}}, {"type": "Feature", "geometry": {"type": "Point", "coordinates": [98.9626333, 18.8096337]}, "properties": {"id": "cm-osm-node-4679783297", "name": "Penguin Ghetto", "cat": ["food"], "province": "cm"}}, {"type": "Feature", "geometry": {"type": "Point", "coordinates": [98.9818399, 18.7953226]}, "properties": {"id": "cm-osm-node-12438478901", "name": "Persimmon Cafe", "cat": ["food"], "province": "cm"}}, {"type": "Feature", "geometry": {"type": "Point", "coordinates": [99.0322314, 18.7966164]}, "properties": {"id": "cm-osm-node-6212401385", "name": "Pete café", "cat": ["food"], "province": "cm"}}, {"type": "Feature", "geometry": {"type": "Point", "coordinates": [98.9557309, 18.6262099]}, "properties": {"id": "cm-osm-node-11676292677", "name": "Pha Keaw Kitchen", "cat": ["food"], "province": "cm"}}, {"type": "Feature", "geometry": {"type": "Point", "coordinates": [99.0599489, 18.7033945]}, "properties": {"id": "cm-osm-way-1426791862", "name": "Pheromones", "cat": ["food"], "province": "cm"}}, {"type": "Feature", "geometry": {"type": "Point", "coordinates": [98.9913671, 18.7928505]}, "properties": {"id": "cm-osm-node-13571630601", "name": "Phin&Feta", "cat": ["food"], "province": "cm"}}, {"type": "Feature", "geometry": {"type": "Point", "coordinates": [98.9009468, 18.9298202]}, "properties": {"id": "cm-osm-node-5372598867", "name": "Phoenix Coffee Factory", "cat": ["food"], "province": "cm"}}, {"type": "Feature", "geometry": {"type": "Point", "coordinates": [99.0013556, 18.7810186]}, "properties": {"id": "cm-osm-node-3326560611", "name": "Phoon Coffee", "cat": ["food"], "province": "cm"}}, {"type": "Feature", "geometry": {"type": "Point", "coordinates": [98.9739425, 18.8124685]}, "properties": {"id": "cm-osm-node-13411824175", "name": "Phu Thai Boat noodles", "cat": ["food"], "province": "cm"}}, {"type": "Feature", "geometry": {"type": "Point", "coordinates": [98.98309, 18.8053032]}, "properties": {"id": "cm-osm-node-3298047309", "name": "Phuphiang Coffee", "cat": ["food"], "province": "cm"}}, {"type": "Feature", "geometry": {"type": "Point", "coordinates": [98.9552632, 18.7918979]}, "properties": {"id": "cm-osm-node-7227016085", "name": "Phuping Coffee", "cat": ["food"], "province": "cm"}}, {"type": "Feature", "geometry": {"type": "Point", "coordinates": [98.978161, 18.7731423]}, "properties": {"id": "cm-osm-node-7990806688", "name": "Pii On Noodle Shop", "cat": ["food"], "province": "cm"}}, {"type": "Feature", "geometry": {"type": "Point", "coordinates": [98.991993, 18.8148937]}, "properties": {"id": "cm-osm-node-11077841306", "name": "Ping-nan Coffee", "cat": ["food"], "province": "cm"}}, {"type": "Feature", "geometry": {"type": "Point", "coordinates": [99.1188688, 18.8639185]}, "properties": {"id": "cm-osm-node-5570751423", "name": "Plane House Coffee", "cat": ["food"], "province": "cm"}}, {"type": "Feature", "geometry": {"type": "Point", "coordinates": [99.011279, 18.7863378]}, "properties": {"id": "cm-osm-way-255708708", "name": "Plearn Coffee", "cat": ["food"], "province": "cm"}}, {"type": "Feature", "geometry": {"type": "Point", "coordinates": [99.0033853, 18.7830474]}, "properties": {"id": "cm-osm-node-10252721109", "name": "Ploy Café Slow Bar", "cat": ["food"], "province": "cm"}}, {"type": "Feature", "geometry": {"type": "Point", "coordinates": [98.99857, 18.7884217]}, "properties": {"id": "cm-osm-node-4352509194", "name": "Plum Coffee & Smoothies", "cat": ["food"], "province": "cm"}}, {"type": "Feature", "geometry": {"type": "Point", "coordinates": [98.9923159, 18.7544027]}, "properties": {"id": "cm-osm-node-12455455789", "name": "Pok Cafe", "cat": ["food"], "province": "cm"}}, {"type": "Feature", "geometry": {"type": "Point", "coordinates": [98.8324394, 18.8589113]}, "properties": {"id": "cm-osm-node-13108414413", "name": "Pong Yana", "cat": ["food"], "province": "cm"}}, {"type": "Feature", "geometry": {"type": "Point", "coordinates": [98.9674378, 18.7953056]}, "properties": {"id": "cm-osm-node-6734861985", "name": "Posh in Cup", "cat": ["food"], "province": "cm"}}, {"type": "Feature", "geometry": {"type": "Point", "coordinates": [98.9649403, 18.794777]}, "properties": {"id": "cm-osm-node-5917955982", "name": "Posrest", "cat": ["food"], "province": "cm"}}, {"type": "Feature", "geometry": {"type": "Point", "coordinates": [99.1252246, 18.8780938]}, "properties": {"id": "cm-osm-node-4602601056", "name": "Pronto Café", "cat": ["food"], "province": "cm"}}, {"type": "Feature", "geometry": {"type": "Point", "coordinates": [98.950171, 18.7909554]}, "properties": {"id": "cm-osm-way-575408682", "name": "Puen Play", "cat": ["food"], "province": "cm"}}, {"type": "Feature", "geometry": {"type": "Point", "coordinates": [98.981968, 18.7924726]}, "properties": {"id": "cm-osm-node-5271367722", "name": "Punsanook Healthy Juice", "cat": ["food"], "province": "cm"}}, {"type": "Feature", "geometry": {"type": "Point", "coordinates": [99.1341961, 18.872318]}, "properties": {"id": "cm-osm-node-13604911531", "name": "Punthai", "cat": ["food"], "province": "cm"}}, {"type": "Feature", "geometry": {"type": "Point", "coordinates": [98.9876373, 18.7935629]}, "properties": {"id": "cm-osm-node-6611483685", "name": "R-Ree-DOI Cafe", "cat": ["food"], "province": "cm"}}, {"type": "Feature", "geometry": {"type": "Point", "coordinates": [98.9962877, 18.7914092]}, "properties": {"id": "cm-osm-node-7218115786", "name": "Raadnah Bangkok", "cat": ["food"], "province": "cm"}}, {"type": "Feature", "geometry": {"type": "Point", "coordinates": [98.9279744, 18.9442803]}, "properties": {"id": "cm-osm-node-9873593517", "name": "Rab-a-bit", "cat": ["food"], "province": "cm"}}, {"type": "Feature", "geometry": {"type": "Point", "coordinates": [98.9662941, 18.7895122]}, "properties": {"id": "cm-osm-node-4915032523", "name": "RabBrits café", "cat": ["food"], "province": "cm"}}, {"type": "Feature", "geometry": {"type": "Point", "coordinates": [99.1145995, 18.7475223]}, "properties": {"id": "cm-osm-node-5307634562", "name": "Rabika Coffee", "cat": ["food"], "province": "cm"}}, {"type": "Feature", "geometry": {"type": "Point", "coordinates": [98.974255, 18.8084546]}, "properties": {"id": "cm-osm-node-1686520700", "name": "Rabita Coffee", "cat": ["food"], "province": "cm"}}, {"type": "Feature", "geometry": {"type": "Point", "coordinates": [98.9922538, 18.7942066]}, "properties": {"id": "cm-osm-node-9788266461", "name": "Radost Cafe", "cat": ["food"], "province": "cm"}}, {"type": "Feature", "geometry": {"type": "Point", "coordinates": [98.9853463, 18.7882024]}, "properties": {"id": "cm-osm-node-2419667430", "name": "Rajdamnoen Coffee", "cat": ["food"], "province": "cm"}}, {"type": "Feature", "geometry": {"type": "Point", "coordinates": [98.984241, 18.7906661]}, "properties": {"id": "cm-osm-node-4655307491", "name": "Rakuda", "cat": ["food"], "province": "cm"}}, {"type": "Feature", "geometry": {"type": "Point", "coordinates": [98.9663751, 18.7423153]}, "properties": {"id": "cm-osm-way-1524800620", "name": "Rally Smoothie & Coffee Bar", "cat": ["food"], "province": "cm"}}, {"type": "Feature", "geometry": {"type": "Point", "coordinates": [98.9463603, 18.7736557]}, "properties": {"id": "cm-osm-node-4681878090", "name": "Ram Poeng Cafe", "cat": ["food"], "province": "cm"}}, {"type": "Feature", "geometry": {"type": "Point", "coordinates": [98.9994708, 18.7883497]}, "properties": {"id": "cm-osm-way-668376841", "name": "Raming Tea House", "cat": ["food"], "province": "cm"}}, {"type": "Feature", "geometry": {"type": "Point", "coordinates": [98.9405998, 18.7516905]}, "properties": {"id": "cm-osm-node-3419878776", "name": "Ramino", "cat": ["food"], "province": "cm"}}, {"type": "Feature", "geometry": {"type": "Point", "coordinates": [99.030228, 18.7621292]}, "properties": {"id": "cm-osm-node-3699435615", "name": "Ramino de Cafe", "cat": ["food"], "province": "cm"}}, {"type": "Feature", "geometry": {"type": "Point", "coordinates": [98.9534678, 18.7812702]}, "properties": {"id": "cm-osm-node-3968872886", "name": "Rao photo coffee", "cat": ["food"], "province": "cm"}}, {"type": "Feature", "geometry": {"type": "Point", "coordinates": [98.9942581, 18.7891978]}, "properties": {"id": "cm-osm-node-11237668937", "name": "RareFinds Bookstore and Cafe", "cat": ["food"], "province": "cm"}}, {"type": "Feature", "geometry": {"type": "Point", "coordinates": [98.9538934, 18.8090499]}, "properties": {"id": "cm-osm-node-13462056601", "name": "Red panda cafe", "cat": ["food"], "province": "cm"}}, {"type": "Feature", "geometry": {"type": "Point", "coordinates": [98.9961671, 18.7952584]}, "properties": {"id": "cm-osm-node-13245304702", "name": "Refine Coffee Roaster", "cat": ["food"], "province": "cm"}}, {"type": "Feature", "geometry": {"type": "Point", "coordinates": [98.9838482, 18.7881782]}, "properties": {"id": "cm-osm-node-11715925137", "name": "Republic Coffee", "cat": ["food"], "province": "cm"}}, {"type": "Feature", "geometry": {"type": "Point", "coordinates": [98.9662438, 19.0317089]}, "properties": {"id": "cm-osm-node-13606929001", "name": "Retro Cafe Chiagmai", "cat": ["food"], "province": "cm"}}, {"type": "Feature", "geometry": {"type": "Point", "coordinates": [99.0475947, 18.7962286]}, "properties": {"id": "cm-osm-node-3461566102", "name": "Rice Life", "cat": ["food"], "province": "cm"}}, {"type": "Feature", "geometry": {"type": "Point", "coordinates": [98.9889836, 18.7951875]}, "properties": {"id": "cm-osm-node-6745272892", "name": "Rich Coffee", "cat": ["food"], "province": "cm"}}, {"type": "Feature", "geometry": {"type": "Point", "coordinates": [98.9366039, 18.9197709]}, "properties": {"id": "cm-osm-node-9354772493", "name": "Rim fam", "cat": ["food"], "province": "cm"}}, {"type": "Feature", "geometry": {"type": "Point", "coordinates": [98.9672198, 18.7991022]}, "properties": {"id": "cm-osm-node-2105726947", "name": "Ristr8to", "cat": ["food"], "province": "cm"}}, {"type": "Feature", "geometry": {"type": "Point", "coordinates": [98.9684618, 18.7949518]}, "properties": {"id": "cm-osm-node-10598471305", "name": "Roast8ry Coffee", "cat": ["food"], "province": "cm"}}, {"type": "Feature", "geometry": {"type": "Point", "coordinates": [98.9686322, 18.798829]}, "properties": {"id": "cm-osm-node-4438545289", "name": "Roast8ry Lab", "cat": ["food"], "province": "cm"}}, {"type": "Feature", "geometry": {"type": "Point", "coordinates": [99.1145746, 18.7474493]}, "properties": {"id": "cm-osm-node-10117710262", "name": "Roastniyom", "cat": ["food"], "province": "cm"}}, {"type": "Feature", "geometry": {"type": "Point", "coordinates": [99.0769802, 18.743512]}, "properties": {"id": "cm-osm-node-13503778201", "name": "Roastniyom Coffee", "cat": ["food"], "province": "cm"}}, {"type": "Feature", "geometry": {"type": "Point", "coordinates": [98.9710079, 18.7975573]}, "properties": {"id": "cm-osm-node-2689662657", "name": "Roastniyom Coffee", "cat": ["food"], "province": "cm"}}, {"type": "Feature", "geometry": {"type": "Point", "coordinates": [98.9753751, 18.8368]}, "properties": {"id": "cm-osm-node-3322713453", "name": "Roastniyom Coffee", "cat": ["food"], "province": "cm"}}, {"type": "Feature", "geometry": {"type": "Point", "coordinates": [98.9513554, 18.7951174]}, "properties": {"id": "cm-osm-node-9925949717", "name": "Roasto", "cat": ["food"], "province": "cm"}}, {"type": "Feature", "geometry": {"type": "Point", "coordinates": [98.9672118, 18.7992119]}, "properties": {"id": "cm-osm-node-4564569789", "name": "Rogu Roti", "cat": ["food"], "province": "cm"}}, {"type": "Feature", "geometry": {"type": "Point", "coordinates": [99.0016355, 18.7496408]}, "properties": {"id": "cm-osm-way-621074736", "name": "Rolf Coffee", "cat": ["food"], "province": "cm"}}, {"type": "Feature", "geometry": {"type": "Point", "coordinates": [98.9632478, 18.7951832]}, "properties": {"id": "cm-osm-node-10269595145", "name": "Romano Coffee Studio", "cat": ["food"], "province": "cm"}}, {"type": "Feature", "geometry": {"type": "Point", "coordinates": [98.9902356, 18.7815066]}, "properties": {"id": "cm-osm-node-7197228085", "name": "Romano Coffee Studio", "cat": ["food"], "province": "cm"}}, {"type": "Feature", "geometry": {"type": "Point", "coordinates": [98.9552245, 18.7892317]}, "properties": {"id": "cm-osm-node-10222753510", "name": "Roslamoon Coffee", "cat": ["food"], "province": "cm"}}, {"type": "Feature", "geometry": {"type": "Point", "coordinates": [98.9675344, 18.7950563]}, "properties": {"id": "cm-osm-node-5978043352", "name": "Roxpresso", "cat": ["food"], "province": "cm"}}, {"type": "Feature", "geometry": {"type": "Point", "coordinates": [98.9930126, 18.7944087]}, "properties": {"id": "cm-osm-node-9788261431", "name": "Roxpresso Coffee Craft", "cat": ["food"], "province": "cm"}}, {"type": "Feature", "geometry": {"type": "Point", "coordinates": [98.9260375, 18.7529303]}, "properties": {"id": "cm-osm-node-10794754833", "name": "Royal Project Coffee Shop", "cat": ["food"], "province": "cm"}}, {"type": "Feature", "geometry": {"type": "Point", "coordinates": [98.9275574, 18.7514627]}, "properties": {"id": "cm-osm-node-12603002101", "name": "Royal Project Tea House", "cat": ["food"], "province": "cm"}}, {"type": "Feature", "geometry": {"type": "Point", "coordinates": [98.9633522, 18.7950947]}, "properties": {"id": "cm-osm-node-13260633202", "name": "Rune Coffee", "cat": ["food"], "province": "cm"}}, {"type": "Feature", "geometry": {"type": "Point", "coordinates": [98.9804915, 18.8161437]}, "properties": {"id": "cm-osm-node-5009187333", "name": "Rx Cafe", "cat": ["food"], "province": "cm"}}, {"type": "Feature", "geometry": {"type": "Point", "coordinates": [98.9748224, 18.769214]}, "properties": {"id": "cm-osm-node-3347633201", "name": "S&P", "cat": ["food"], "province": "cm"}}, {"type": "Feature", "geometry": {"type": "Point", "coordinates": [98.9723834, 18.7587191]}, "properties": {"id": "cm-osm-node-7882686658", "name": "S&P", "cat": ["food"], "province": "cm"}}, {"type": "Feature", "geometry": {"type": "Point", "coordinates": [98.9810215, 18.7860462]}, "properties": {"id": "cm-osm-node-6195852485", "name": "S-rong coffee", "cat": ["food"], "province": "cm"}}, {"type": "Feature", "geometry": {"type": "Point", "coordinates": [99.0673899, 18.7477872]}, "properties": {"id": "cm-osm-node-4609472603", "name": "SP Coffee", "cat": ["food"], "province": "cm"}}, {"type": "Feature", "geometry": {"type": "Point", "coordinates": [98.9683241, 18.7949397]}, "properties": {"id": "cm-osm-node-6788691585", "name": "SS1254372 Cafe", "cat": ["food"], "province": "cm"}}, {"type": "Feature", "geometry": {"type": "Point", "coordinates": [98.9683713, 18.7949739]}, "properties": {"id": "cm-osm-node-6860299486", "name": "SS1254372 Cafe", "cat": ["food"], "province": "cm"}}, {"type": "Feature", "geometry": {"type": "Point", "coordinates": [99.0509444, 18.7560812]}, "properties": {"id": "cm-osm-node-4725230318", "name": "Saha Coffee", "cat": ["food"], "province": "cm"}}, {"type": "Feature", "geometry": {"type": "Point", "coordinates": [98.9908878, 18.8165146]}, "properties": {"id": "cm-osm-node-11164939405", "name": "Salad so Good", "cat": ["food"], "province": "cm"}}, {"type": "Feature", "geometry": {"type": "Point", "coordinates": [99.01387, 18.7521653]}, "properties": {"id": "cm-osm-node-13014824219", "name": "Salah Khalai Coffee", "cat": ["food"], "province": "cm"}}, {"type": "Feature", "geometry": {"type": "Point", "coordinates": [99.0229002, 18.7842923]}, "properties": {"id": "cm-osm-node-11578331869", "name": "Sally’s Cafe", "cat": ["food"], "province": "cm"}}, {"type": "Feature", "geometry": {"type": "Point", "coordinates": [98.9942556, 18.8002826]}, "properties": {"id": "cm-osm-node-4536303338", "name": "Salotto Coffee", "cat": ["food"], "province": "cm"}}, {"type": "Feature", "geometry": {"type": "Point", "coordinates": [98.9788559, 18.738404]}, "properties": {"id": "cm-osm-node-10299712409", "name": "Salt & Light", "cat": ["food"], "province": "cm"}}, {"type": "Feature", "geometry": {"type": "Point", "coordinates": [98.925322, 18.7246611]}, "properties": {"id": "cm-osm-node-3247457955", "name": "Sameong Coffee", "cat": ["food"], "province": "cm"}}, {"type": "Feature", "geometry": {"type": "Point", "coordinates": [99.010114, 18.823621]}, "properties": {"id": "cm-osm-node-10067723200", "name": "Sang San Coffee", "cat": ["food"], "province": "cm"}}, {"type": "Feature", "geometry": {"type": "Point", "coordinates": [98.9714631, 18.7958435]}, "properties": {"id": "cm-osm-node-2124797950", "name": "Sangdee", "cat": ["food"], "province": "cm"}}, {"type": "Feature", "geometry": {"type": "Point", "coordinates": [99.0830585, 18.9146121]}, "properties": {"id": "cm-osm-node-3453468996", "name": "Sanguan", "cat": ["food"], "province": "cm"}}, {"type": "Feature", "geometry": {"type": "Point", "coordinates": [98.9900918, 18.7891554]}, "properties": {"id": "cm-osm-node-11989775069", "name": "Sanjan Indonesian Cafe", "cat": ["food"], "province": "cm"}}, {"type": "Feature", "geometry": {"type": "Point", "coordinates": [98.9818889, 18.7945534]}, "properties": {"id": "cm-osm-node-12495831202", "name": "Sapphic Riot", "cat": ["food"], "province": "cm"}}, {"type": "Feature", "geometry": {"type": "Point", "coordinates": [98.9752597, 18.7998048]}, "properties": {"id": "cm-osm-node-6717751395", "name": "Seasons Ice Cream", "cat": ["food"], "province": "cm"}}, {"type": "Feature", "geometry": {"type": "Point", "coordinates": [98.9329976, 18.7914257]}, "properties": {"id": "cm-osm-node-9926038017", "name": "Second Bar Cafe", "cat": ["food"], "province": "cm"}}, {"type": "Feature", "geometry": {"type": "Point", "coordinates": [99.0029108, 18.7847604]}, "properties": {"id": "cm-osm-node-6163744787", "name": "Secret Garden (cafe and massage)", "cat": ["food"], "province": "cm"}}, {"type": "Feature", "geometry": {"type": "Point", "coordinates": [98.9822763, 18.790466]}, "properties": {"id": "cm-osm-node-12301174700", "name": "Seven Slash Two", "cat": ["food"], "province": "cm"}}, {"type": "Feature", "geometry": {"type": "Point", "coordinates": [99.0323128, 18.8136466]}, "properties": {"id": "cm-osm-node-3184594342", "name": "Sha La La Coffee", "cat": ["food"], "province": "cm"}}, {"type": "Feature", "geometry": {"type": "Point", "coordinates": [98.9659345, 18.7968375]}, "properties": {"id": "cm-osm-node-4596413947", "name": "Shaker House", "cat": ["food"], "province": "cm"}}, {"type": "Feature", "geometry": {"type": "Point", "coordinates": [99.0109511, 18.786428]}, "properties": {"id": "cm-osm-way-528011072", "name": "Shewe Cafe", "cat": ["food"], "province": "cm"}}, {"type": "Feature", "geometry": {"type": "Point", "coordinates": [98.9716135, 18.8201635]}, "properties": {"id": "cm-osm-way-668018721", "name": "Shong Cha", "cat": ["food"], "province": "cm"}}, {"type": "Feature", "geometry": {"type": "Point", "coordinates": [98.9617618, 18.8044581]}, "properties": {"id": "cm-osm-node-6947410315", "name": "Shop Jui (Smoothies)", "cat": ["food"], "province": "cm"}}, {"type": "Feature", "geometry": {"type": "Point", "coordinates": [98.9992259, 18.7780261]}, "properties": {"id": "cm-osm-node-5614323621", "name": "Signature coffee", "cat": ["food"], "province": "cm"}}, {"type": "Feature", "geometry": {"type": "Point", "coordinates": [99.0128438, 18.8287286]}, "properties": {"id": "cm-osm-node-3979200915", "name": "Simple Space", "cat": ["food"], "province": "cm"}}, {"type": "Feature", "geometry": {"type": "Point", "coordinates": [98.9852029, 18.7932022]}, "properties": {"id": "cm-osm-node-6094446495", "name": "Simply Happy", "cat": ["food"], "province": "cm"}}, {"type": "Feature", "geometry": {"type": "Point", "coordinates": [98.9975277, 18.7883703]}, "properties": {"id": "cm-osm-node-11237661640", "name": "SipSpot", "cat": ["food"], "province": "cm"}}, {"type": "Feature", "geometry": {"type": "Point", "coordinates": [98.9781286, 18.8007897]}, "properties": {"id": "cm-osm-node-10296273909", "name": "Sirichai Chicken Rice", "cat": ["food"], "province": "cm"}}, {"type": "Feature", "geometry": {"type": "Point", "coordinates": [99.0448336, 18.6475947]}, "properties": {"id": "cm-osm-node-4579210788", "name": "Sis & Me Coffee", "cat": ["food"], "province": "cm"}}, {"type": "Feature", "geometry": {"type": "Point", "coordinates": [98.9115198, 18.9134863]}, "properties": {"id": "cm-osm-node-11454787469", "name": "Sixflowers", "cat": ["food"], "province": "cm"}}, {"type": "Feature", "geometry": {"type": "Point", "coordinates": [98.9675141, 18.821923]}, "properties": {"id": "cm-osm-way-408796881", "name": "Sky Cafe", "cat": ["food"], "province": "cm"}}, {"type": "Feature", "geometry": {"type": "Point", "coordinates": [98.9880991, 18.8058828]}, "properties": {"id": "cm-osm-node-2865694701", "name": "Sleepless", "cat": ["food"], "province": "cm"}}, {"type": "Feature", "geometry": {"type": "Point", "coordinates": [98.9532213, 18.7909257]}, "properties": {"id": "cm-osm-node-7131241185", "name": "Slope motion", "cat": ["food"], "province": "cm"}}, {"type": "Feature", "geometry": {"type": "Point", "coordinates": [99.0037964, 18.8336028]}, "properties": {"id": "cm-osm-node-7875611117", "name": "Slow Bar Cafe", "cat": ["food"], "province": "cm"}}, {"type": "Feature", "geometry": {"type": "Point", "coordinates": [99.0389932, 18.8780783]}, "properties": {"id": "cm-osm-node-13004478307", "name": "Slow Bar Coffee", "cat": ["food"], "province": "cm"}}, {"type": "Feature", "geometry": {"type": "Point", "coordinates": [98.9895761, 18.7744909]}, "properties": {"id": "cm-osm-node-10297867309", "name": "Slow Bar Coffee Shop", "cat": ["food"], "province": "cm"}}, {"type": "Feature", "geometry": {"type": "Point", "coordinates": [98.9524658, 18.7961626]}, "properties": {"id": "cm-osm-node-2434783680", "name": "Smile Coffee", "cat": ["food"], "province": "cm"}}, {"type": "Feature", "geometry": {"type": "Point", "coordinates": [98.9675145, 18.7935525]}, "properties": {"id": "cm-osm-node-4360106566", "name": "Smile Milk Uniserv CMU", "cat": ["food"], "province": "cm"}}, {"type": "Feature", "geometry": {"type": "Point", "coordinates": [98.9934264, 18.7869142]}, "properties": {"id": "cm-osm-node-7416638348", "name": "Smoothie Blues", "cat": ["food"], "province": "cm"}}, {"type": "Feature", "geometry": {"type": "Point", "coordinates": [98.9881294, 18.7872033]}, "properties": {"id": "cm-osm-node-5694469226", "name": "Smoothie shop", "cat": ["food"], "province": "cm"}}, {"type": "Feature", "geometry": {"type": "Point", "coordinates": [99.0027469, 18.7796067]}, "properties": {"id": "cm-osm-node-5480647765", "name": "SnoozeChaingmai", "cat": ["food"], "province": "cm"}}, {"type": "Feature", "geometry": {"type": "Point", "coordinates": [98.9348893, 18.9233645]}, "properties": {"id": "cm-osm-node-3136607441", "name": "Snowbuff Coffee", "cat": ["food"], "province": "cm"}}, {"type": "Feature", "geometry": {"type": "Point", "coordinates": [98.9969506, 18.7842292]}, "properties": {"id": "cm-osm-node-6163753690", "name": "So Cafe", "cat": ["food"], "province": "cm"}}, {"type": "Feature", "geometry": {"type": "Point", "coordinates": [98.9849705, 18.7842842]}, "properties": {"id": "cm-osm-node-9322682017", "name": "Soi 7 Espresso", "cat": ["food"], "province": "cm"}}, {"type": "Feature", "geometry": {"type": "Point", "coordinates": [98.9780829, 18.8004869]}, "properties": {"id": "cm-osm-node-3285280608", "name": "Soi Cafe", "cat": ["food"], "province": "cm"}}, {"type": "Feature", "geometry": {"type": "Point", "coordinates": [98.9644459, 18.8084187]}, "properties": {"id": "cm-osm-way-668015250", "name": "Something Like Cat & Daughters Bag", "cat": ["food"], "province": "cm"}}, {"type": "Feature", "geometry": {"type": "Point", "coordinates": [98.9965549, 18.7843548]}, "properties": {"id": "cm-osm-node-5449554825", "name": "Somewhere Espresso", "cat": ["food"], "province": "cm"}}, {"type": "Feature", "geometry": {"type": "Point", "coordinates": [98.9705667, 18.7948614]}, "properties": {"id": "cm-osm-node-3421207456", "name": "Somhiat", "cat": ["food"], "province": "cm"}}, {"type": "Feature", "geometry": {"type": "Point", "coordinates": [98.9413639, 18.7715996]}, "properties": {"id": "cm-osm-node-4683209389", "name": "Somkiat Cafe", "cat": ["food"], "province": "cm"}}, {"type": "Feature", "geometry": {"type": "Point", "coordinates": [99.0252529, 18.7839531]}, "properties": {"id": "cm-osm-node-13851937467", "name": "Son Of A Brew", "cat": ["food"], "province": "cm"}}, {"type": "Feature", "geometry": {"type": "Point", "coordinates": [98.9648495, 18.794801]}, "properties": {"id": "cm-osm-node-2716931056", "name": "Sonnencafé", "cat": ["food"], "province": "cm"}}, {"type": "Feature", "geometry": {"type": "Point", "coordinates": [98.980386, 18.7996004]}, "properties": {"id": "cm-osm-node-11941177869", "name": "Sowin", "cat": ["food"], "province": "cm"}}, {"type": "Feature", "geometry": {"type": "Point", "coordinates": [98.9925356, 18.7919882]}, "properties": {"id": "cm-osm-node-6312065489", "name": "Star Coffee", "cat": ["food"], "province": "cm"}}, {"type": "Feature", "geometry": {"type": "Point", "coordinates": [99.0001185, 18.783809]}, "properties": {"id": "cm-osm-node-1101288715", "name": "Starbucks", "cat": ["food"], "province": "cm"}}, {"type": "Feature", "geometry": {"type": "Point", "coordinates": [98.9667271, 18.797599]}, "properties": {"id": "cm-osm-node-1127593959", "name": "Starbucks", "cat": ["food"], "province": "cm"}}, {"type": "Feature", "geometry": {"type": "Point", "coordinates": [99.0176589, 18.8064922]}, "properties": {"id": "cm-osm-node-3116053111", "name": "Starbucks", "cat": ["food"], "province": "cm"}}, {"type": "Feature", "geometry": {"type": "Point", "coordinates": [98.9678228, 18.7695455]}, "properties": {"id": "cm-osm-node-3281905420", "name": "Starbucks", "cat": ["food"], "province": "cm"}}, {"type": "Feature", "geometry": {"type": "Point", "coordinates": [98.9677753, 18.8023589]}, "properties": {"id": "cm-osm-node-3287356498", "name": "Starbucks", "cat": ["food"], "province": "cm"}}, {"type": "Feature", "geometry": {"type": "Point", "coordinates": [98.975207, 18.7697812]}, "properties": {"id": "cm-osm-node-3347633205", "name": "Starbucks", "cat": ["food"], "province": "cm"}}, {"type": "Feature", "geometry": {"type": "Point", "coordinates": [98.9936602, 18.7880202]}, "properties": {"id": "cm-osm-node-336237972", "name": "Starbucks", "cat": ["food"], "province": "cm"}}, {"type": "Feature", "geometry": {"type": "Point", "coordinates": [99.0117513, 18.8244136]}, "properties": {"id": "cm-osm-node-773476915", "name": "Starbucks", "cat": ["food"], "province": "cm"}}, {"type": "Feature", "geometry": {"type": "Point", "coordinates": [98.9317119, 18.7014861]}, "properties": {"id": "cm-osm-way-340406770", "name": "Starbucks", "cat": ["food"], "province": "cm"}}, {"type": "Feature", "geometry": {"type": "Point", "coordinates": [98.9778596, 18.7931276]}, "properties": {"id": "cm-osm-way-461273739", "name": "Starbucks Coffee", "cat": ["food"], "province": "cm"}}, {"type": "Feature", "geometry": {"type": "Point", "coordinates": [98.9861874, 18.78106]}, "properties": {"id": "cm-osm-node-4558018790", "name": "Steak Mr. Nu", "cat": ["food"], "province": "cm"}}, {"type": "Feature", "geometry": {"type": "Point", "coordinates": [98.9929885, 18.787669]}, "properties": {"id": "cm-osm-node-9620094817", "name": "Stories", "cat": ["food"], "province": "cm"}}, {"type": "Feature", "geometry": {"type": "Point", "coordinates": [98.9649619, 18.8077637]}, "properties": {"id": "cm-osm-node-7187817685", "name": "Street Coffee Crew", "cat": ["food"], "province": "cm"}}, {"type": "Feature", "geometry": {"type": "Point", "coordinates": [98.9773871, 18.8077859]}, "properties": {"id": "cm-osm-node-8491502423", "name": "Suapa Coffee & Buddy Shop", "cat": ["food"], "province": "cm"}}, {"type": "Feature", "geometry": {"type": "Point", "coordinates": [98.9738953, 18.7993979]}, "properties": {"id": "cm-osm-node-2554099859", "name": "Sudsanan", "cat": ["food"], "province": "cm"}}, {"type": "Feature", "geometry": {"type": "Point", "coordinates": [99.0475409, 18.742079]}, "properties": {"id": "cm-osm-node-11886014037", "name": "Sukhum Caffe' Saraphi", "cat": ["food"], "province": "cm"}}, {"type": "Feature", "geometry": {"type": "Point", "coordinates": [98.9546241, 18.7717173]}, "properties": {"id": "cm-osm-node-12045185004", "name": "Sun to the Moon cafe", "cat": ["food"], "province": "cm"}}, {"type": "Feature", "geometry": {"type": "Point", "coordinates": [99.076428, 18.7670813]}, "properties": {"id": "cm-osm-node-8789685894", "name": "Sunday Coffee Brew", "cat": ["food"], "province": "cm"}}, {"type": "Feature", "geometry": {"type": "Point", "coordinates": [98.9802621, 18.7895153]}, "properties": {"id": "cm-osm-node-13142229920", "name": "Sunflower Smoothie & Coffee", "cat": ["food"], "province": "cm"}}, {"type": "Feature", "geometry": {"type": "Point", "coordinates": [98.9939647, 18.7866795]}, "properties": {"id": "cm-osm-node-5334408621", "name": "Sunisa’s Coffee House", "cat": ["food"], "province": "cm"}}, {"type": "Feature", "geometry": {"type": "Point", "coordinates": [99.0062651, 18.8291071]}, "properties": {"id": "cm-osm-node-8586445687", "name": "Sweet Garden", "cat": ["food"], "province": "cm"}}, {"type": "Feature", "geometry": {"type": "Point", "coordinates": [98.982129, 18.782946]}, "properties": {"id": "cm-osm-node-10301591909", "name": "Sweet Home Coffee", "cat": ["food"], "province": "cm"}}, {"type": "Feature", "geometry": {"type": "Point", "coordinates": [99.0058919, 18.7681205]}, "properties": {"id": "cm-osm-node-1173899407", "name": "Sweet Sarapee", "cat": ["food"], "province": "cm"}}, {"type": "Feature", "geometry": {"type": "Point", "coordinates": [98.9790728, 18.7981415]}, "properties": {"id": "cm-osm-node-3285318965", "name": "Sweet Tree", "cat": ["food"], "province": "cm"}}, {"type": "Feature", "geometry": {"type": "Point", "coordinates": [98.9423924, 18.7306182]}, "properties": {"id": "cm-osm-node-5313364622", "name": "Sweet a Bit Cake", "cat": ["food"], "province": "cm"}}, {"type": "Feature", "geometry": {"type": "Point", "coordinates": [99.0223584, 18.7983097]}, "properties": {"id": "cm-osm-node-3490771193", "name": "Swensen's", "cat": ["food"], "province": "cm"}}, {"type": "Feature", "geometry": {"type": "Point", "coordinates": [98.9622163, 18.743048]}, "properties": {"id": "cm-osm-node-907784572", "name": "Swensen's", "cat": ["food"], "province": "cm"}}, {"type": "Feature", "geometry": {"type": "Point", "coordinates": [99.0183909, 18.8062656]}, "properties": {"id": "cm-osm-node-3249112264", "name": "Swensens", "cat": ["food"], "province": "cm"}}, {"type": "Feature", "geometry": {"type": "Point", "coordinates": [99.0214899, 18.764666]}, "properties": {"id": "cm-osm-node-3888816846", "name": "T & TT Coffee Corner", "cat": ["food"], "province": "cm"}}, {"type": "Feature", "geometry": {"type": "Point", "coordinates": [98.9729264, 18.7940979]}, "properties": {"id": "cm-osm-node-3380623726", "name": "T@31 Coffee", "cat": ["food"], "province": "cm"}}, {"type": "Feature", "geometry": {"type": "Point", "coordinates": [98.994804, 18.7847503]}, "properties": {"id": "cm-osm-node-6163744790", "name": "TA Silver Shop", "cat": ["food"], "province": "cm"}}, {"type": "Feature", "geometry": {"type": "Point", "coordinates": [99.0465115, 18.7913819]}, "properties": {"id": "cm-osm-node-13597778924", "name": "TEDA.cafe&studio cake", "cat": ["food"], "province": "cm"}}, {"type": "Feature", "geometry": {"type": "Point", "coordinates": [98.9863408, 18.7762482]}, "properties": {"id": "cm-osm-node-11254991103", "name": "TJ Coffee Roaster", "cat": ["food"], "province": "cm"}}, {"type": "Feature", "geometry": {"type": "Point", "coordinates": [98.982772, 18.8026555]}, "properties": {"id": "cm-osm-node-8525228454", "name": "TORA BAKE トラ•ベイク", "cat": ["food"], "province": "cm"}}, {"type": "Feature", "geometry": {"type": "Point", "coordinates": [98.9224045, 18.7573726]}, "properties": {"id": "cm-osm-node-6768629786", "name": "TOT Cup Fine Day", "cat": ["food"], "province": "cm"}}, {"type": "Feature", "geometry": {"type": "Point", "coordinates": [98.9286704, 18.9415343]}, "properties": {"id": "cm-osm-node-7183624485", "name": "Ta Ta Ta - Café de Flure", "cat": ["food"], "province": "cm"}}, {"type": "Feature", "geometry": {"type": "Point", "coordinates": [98.9825295, 18.7875454]}, "properties": {"id": "cm-osm-node-4440847089", "name": "Taa Peng Cat", "cat": ["food"], "province": "cm"}}, {"type": "Feature", "geometry": {"type": "Point", "coordinates": [98.9754285, 18.7988231]}, "properties": {"id": "cm-osm-way-381032215", "name": "Take a Sip", "cat": ["food"], "province": "cm"}}, {"type": "Feature", "geometry": {"type": "Point", "coordinates": [98.9896486, 18.790668]}, "properties": {"id": "cm-osm-node-2039922767", "name": "Tanya", "cat": ["food"], "province": "cm"}}, {"type": "Feature", "geometry": {"type": "Point", "coordinates": [98.9695217, 18.8746098]}, "properties": {"id": "cm-osm-way-1460917962", "name": "Tara Cafe", "cat": ["food"], "province": "cm"}}, {"type": "Feature", "geometry": {"type": "Point", "coordinates": [98.9630869, 18.7951655]}, "properties": {"id": "cm-osm-node-5202076922", "name": "Taste Cafe", "cat": ["food"], "province": "cm"}}, {"type": "Feature", "geometry": {"type": "Point", "coordinates": [98.9566333, 18.8175312]}, "properties": {"id": "cm-osm-node-8720240317", "name": "Taste of Art", "cat": ["food"], "province": "cm"}}, {"type": "Feature", "geometry": {"type": "Point", "coordinates": [98.9560165, 18.7924966]}, "properties": {"id": "cm-osm-node-6217590685", "name": "Tea Inn", "cat": ["food"], "province": "cm"}}, {"type": "Feature", "geometry": {"type": "Point", "coordinates": [98.9683462, 18.7974296]}, "properties": {"id": "cm-osm-node-1797000726", "name": "Tea Tales", "cat": ["food"], "province": "cm"}}, {"type": "Feature", "geometry": {"type": "Point", "coordinates": [99.0081762, 18.7577451]}, "properties": {"id": "cm-osm-node-11662147059", "name": "Teak Coffee House", "cat": ["food"], "province": "cm"}}, {"type": "Feature", "geometry": {"type": "Point", "coordinates": [98.9900605, 18.7904494]}, "properties": {"id": "cm-osm-node-13906274701", "name": "Telling Café", "cat": ["food"], "province": "cm"}}, {"type": "Feature", "geometry": {"type": "Point", "coordinates": [98.9824223, 18.7816382]}, "properties": {"id": "cm-osm-node-5593553723", "name": "Tenten", "cat": ["food"], "province": "cm"}}, {"type": "Feature", "geometry": {"type": "Point", "coordinates": [98.9226941, 18.7244677]}, "properties": {"id": "cm-osm-node-13240145513", "name": "Terroir Roasters", "cat": ["food"], "province": "cm"}}, {"type": "Feature", "geometry": {"type": "Point", "coordinates": [98.968106, 18.7985826]}, "properties": {"id": "cm-osm-node-13202528904", "name": "Terroir.cnx", "cat": ["food"], "province": "cm"}}, {"type": "Feature", "geometry": {"type": "Point", "coordinates": [98.8309385, 18.8011418]}, "properties": {"id": "cm-osm-node-4417073216", "name": "Thachang Hill", "cat": ["food"], "province": "cm"}}, {"type": "Feature", "geometry": {"type": "Point", "coordinates": [98.9680329, 18.7675545]}, "properties": {"id": "cm-osm-node-14016404962", "name": "Thailand Yes Coffee", "cat": ["food"], "province": "cm"}}, {"type": "Feature", "geometry": {"type": "Point", "coordinates": [98.9924611, 18.655606]}, "properties": {"id": "cm-osm-way-1257085585", "name": "Thakwang Café", "cat": ["food"], "province": "cm"}}, {"type": "Feature", "geometry": {"type": "Point", "coordinates": [99.0003575, 18.7893995]}, "properties": {"id": "cm-osm-node-3888608226", "name": "Thamel Coffee", "cat": ["food"], "province": "cm"}}, {"type": "Feature", "geometry": {"type": "Point", "coordinates": [98.9941155, 18.7850372]}, "properties": {"id": "cm-osm-node-13607272384", "name": "Thats it Schnitzel", "cat": ["food"], "province": "cm"}}, {"type": "Feature", "geometry": {"type": "Point", "coordinates": [99.0198736, 18.8078244]}, "properties": {"id": "cm-osm-node-5215769221", "name": "The Arrow Rest", "cat": ["food"], "province": "cm"}}, {"type": "Feature", "geometry": {"type": "Point", "coordinates": [98.995292, 18.7856178]}, "properties": {"id": "cm-osm-node-3414272483", "name": "The Baker's", "cat": ["food"], "province": "cm"}}, {"type": "Feature", "geometry": {"type": "Point", "coordinates": [98.9679291, 18.7977181]}, "properties": {"id": "cm-osm-node-5933370530", "name": "The Barisotel", "cat": ["food"], "province": "cm"}}, {"type": "Feature", "geometry": {"type": "Point", "coordinates": [98.9680746, 18.7976259]}, "properties": {"id": "cm-osm-node-6176059186", "name": "The Barisotel by The Baristro", "cat": ["food"], "province": "cm"}}, {"type": "Feature", "geometry": {"type": "Point", "coordinates": [98.994937, 18.8078556]}, "properties": {"id": "cm-osm-node-3195504333", "name": "The Baristro", "cat": ["food"], "province": "cm"}}, {"type": "Feature", "geometry": {"type": "Point", "coordinates": [98.993899, 18.7928391]}, "properties": {"id": "cm-osm-node-8937123517", "name": "The Baristro", "cat": ["food"], "province": "cm"}}, {"type": "Feature", "geometry": {"type": "Point", "coordinates": [98.951663, 18.789879]}, "properties": {"id": "cm-osm-node-12430094702", "name": "The Baristro Asian Style", "cat": ["food"], "province": "cm"}}, {"type": "Feature", "geometry": {"type": "Point", "coordinates": [99.0161536, 18.7820978]}, "properties": {"id": "cm-osm-node-12031579804", "name": "The Baristro At Train Station", "cat": ["food"], "province": "cm"}}, {"type": "Feature", "geometry": {"type": "Point", "coordinates": [98.9992047, 18.8171194]}, "properties": {"id": "cm-osm-node-11786207667", "name": "The Baristro Coffee Roaster", "cat": ["food"], "province": "cm"}}, {"type": "Feature", "geometry": {"type": "Point", "coordinates": [99.0001583, 18.8160328]}, "properties": {"id": "cm-osm-node-6217558185", "name": "The Baristro at Ping River", "cat": ["food"], "province": "cm"}}, {"type": "Feature", "geometry": {"type": "Point", "coordinates": [98.9986477, 18.7884144]}, "properties": {"id": "cm-osm-node-6163753688", "name": "The Barn", "cat": ["food"], "province": "cm"}}, {"type": "Feature", "geometry": {"type": "Point", "coordinates": [99.000746, 18.7838413]}, "properties": {"id": "cm-osm-node-4732114729", "name": "The Bingsoo", "cat": ["food"], "province": "cm"}}, {"type": "Feature", "geometry": {"type": "Point", "coordinates": [98.9569427, 18.8070623]}, "properties": {"id": "cm-osm-node-5436937744", "name": "The Boat Chiangmai", "cat": ["food"], "province": "cm"}}, {"type": "Feature", "geometry": {"type": "Point", "coordinates": [98.9504487, 18.8019507]}, "properties": {"id": "cm-osm-node-2434791784", "name": "The Chalatte", "cat": ["food"], "province": "cm"}}, {"type": "Feature", "geometry": {"type": "Point", "coordinates": [98.9894928, 18.7930512]}, "properties": {"id": "cm-osm-node-4608105020", "name": "The Chef", "cat": ["food"], "province": "cm"}}, {"type": "Feature", "geometry": {"type": "Point", "coordinates": [98.9293904, 18.931787]}, "properties": {"id": "cm-osm-node-9872648917", "name": "The Chiang Mai Cream Tea House", "cat": ["food"], "province": "cm"}}, {"type": "Feature", "geometry": {"type": "Point", "coordinates": [98.9929407, 18.7879133]}, "properties": {"id": "cm-osm-node-2716915567", "name": "The Coffee Club", "cat": ["food"], "province": "cm"}}, {"type": "Feature", "geometry": {"type": "Point", "coordinates": [98.975947, 18.7498422]}, "properties": {"id": "cm-osm-node-3901216869", "name": "The Coffee House", "cat": ["food"], "province": "cm"}}, {"type": "Feature", "geometry": {"type": "Point", "coordinates": [98.9516958, 18.7922325]}, "properties": {"id": "cm-osm-node-7121399687", "name": "The Coffee Ritch", "cat": ["food"], "province": "cm"}}, {"type": "Feature", "geometry": {"type": "Point", "coordinates": [98.9734674, 18.7980317]}, "properties": {"id": "cm-osm-node-3927203453", "name": "The Coffee Station", "cat": ["food"], "province": "cm"}}, {"type": "Feature", "geometry": {"type": "Point", "coordinates": [98.9568865, 18.7898842]}, "properties": {"id": "cm-osm-node-4353683213", "name": "The Coffee Work", "cat": ["food"], "province": "cm"}}, {"type": "Feature", "geometry": {"type": "Point", "coordinates": [98.9897543, 18.7817463]}, "properties": {"id": "cm-osm-node-2598509593", "name": "The Cozy Cafe", "cat": ["food"], "province": "cm"}}, {"type": "Feature", "geometry": {"type": "Point", "coordinates": [99.0203883, 18.7144559]}, "properties": {"id": "cm-osm-node-11228627570", "name": "The Explorer Coffe Roaster", "cat": ["food"], "province": "cm"}}, {"type": "Feature", "geometry": {"type": "Point", "coordinates": [98.9112639, 18.729041]}, "properties": {"id": "cm-osm-node-11726764476", "name": "The Extraction", "cat": ["food"], "province": "cm"}}, {"type": "Feature", "geometry": {"type": "Point", "coordinates": [99.0356173, 18.8244328]}, "properties": {"id": "cm-osm-node-13140373505", "name": "The Extraction Sansai", "cat": ["food"], "province": "cm"}}, {"type": "Feature", "geometry": {"type": "Point", "coordinates": [98.9978899, 18.7915667]}, "properties": {"id": "cm-osm-node-12399100801", "name": "The Goodcery", "cat": ["food"], "province": "cm"}}, {"type": "Feature", "geometry": {"type": "Point", "coordinates": [98.9790563, 18.8013018]}, "properties": {"id": "cm-osm-node-4934602422", "name": "The Heart Coffee", "cat": ["food"], "province": "cm"}}, {"type": "Feature", "geometry": {"type": "Point", "coordinates": [98.8864629, 18.7465235]}, "properties": {"id": "cm-osm-node-5583840796", "name": "The Horse Barn", "cat": ["food"], "province": "cm"}}, {"type": "Feature", "geometry": {"type": "Point", "coordinates": [98.9106531, 18.9122861]}, "properties": {"id": "cm-osm-node-6564283786", "name": "The Ironwood", "cat": ["food"], "province": "cm"}}, {"type": "Feature", "geometry": {"type": "Point", "coordinates": [98.9729854, 18.799105]}, "properties": {"id": "cm-osm-node-6984492885", "name": "The Jungle Café", "cat": ["food"], "province": "cm"}}, {"type": "Feature", "geometry": {"type": "Point", "coordinates": [98.9913309, 18.7901572]}, "properties": {"id": "cm-osm-node-13347185301", "name": "The Little Sunday", "cat": ["food"], "province": "cm"}}, {"type": "Feature", "geometry": {"type": "Point", "coordinates": [98.9939953, 18.7883773]}, "properties": {"id": "cm-osm-node-5941619770", "name": "The Localist", "cat": ["food"], "province": "cm"}}, {"type": "Feature", "geometry": {"type": "Point", "coordinates": [98.9750035, 18.797767]}, "properties": {"id": "cm-osm-way-397806493", "name": "The Moon Cafe & Eatery", "cat": ["food"], "province": "cm"}}, {"type": "Feature", "geometry": {"type": "Point", "coordinates": [98.9786553, 18.7930217]}, "properties": {"id": "cm-osm-way-623146142", "name": "The Peaberry Cafe & Coworking", "cat": ["food"], "province": "cm"}}, {"type": "Feature", "geometry": {"type": "Point", "coordinates": [98.9987439, 18.7884256]}, "properties": {"id": "cm-osm-node-11237661639", "name": "The Story 106 Cafe and Coworking", "cat": ["food"], "province": "cm"}}, {"type": "Feature", "geometry": {"type": "Point", "coordinates": [98.9755189, 18.6050539]}, "properties": {"id": "cm-osm-node-11687435282", "name": "The Terracotta Garden at Lamphun Cafe", "cat": ["food"], "province": "cm"}}, {"type": "Feature", "geometry": {"type": "Point", "coordinates": [98.978288, 18.772283]}, "properties": {"id": "cm-osm-node-3401322096", "name": "The Volcano", "cat": ["food"], "province": "cm"}}, {"type": "Feature", "geometry": {"type": "Point", "coordinates": [98.967884, 18.799772]}, "properties": {"id": "cm-osm-node-5928090575", "name": "The Volcano", "cat": ["food"], "province": "cm"}}, {"type": "Feature", "geometry": {"type": "Point", "coordinates": [98.9988703, 18.7719106]}, "properties": {"id": "cm-osm-node-13449547601", "name": "The Wooden Door Cafe", "cat": ["food"], "province": "cm"}}, {"type": "Feature", "geometry": {"type": "Point", "coordinates": [98.9794886, 18.7723523]}, "properties": {"id": "cm-osm-node-5033621774", "name": "The XYM Cafe", "cat": ["food"], "province": "cm"}}, {"type": "Feature", "geometry": {"type": "Point", "coordinates": [98.9379149, 18.7346508]}, "properties": {"id": "cm-osm-node-3342127912", "name": "The café", "cat": ["food"], "province": "cm"}}, {"type": "Feature", "geometry": {"type": "Point", "coordinates": [98.9889753, 18.7880705]}, "properties": {"id": "cm-osm-node-1598982582", "name": "Theakston", "cat": ["food"], "province": "cm"}}, {"type": "Feature", "geometry": {"type": "Point", "coordinates": [98.9885909, 18.7784948]}, "properties": {"id": "cm-osm-node-5311551425", "name": "This is", "cat": ["food"], "province": "cm"}}, {"type": "Feature", "geometry": {"type": "Point", "coordinates": [99.0676129, 18.7720706]}, "properties": {"id": "cm-osm-node-2947600033", "name": "Thon", "cat": ["food"], "province": "cm"}}, {"type": "Feature", "geometry": {"type": "Point", "coordinates": [98.8792027, 18.6462663]}, "properties": {"id": "cm-osm-node-6379770785", "name": "Thong Na Coffee & John Art Garden", "cat": ["food"], "province": "cm"}}, {"type": "Feature", "geometry": {"type": "Point", "coordinates": [98.8975525, 18.6826344]}, "properties": {"id": "cm-osm-node-6031714708", "name": "Thongsuk Cafe", "cat": ["food"], "province": "cm"}}, {"type": "Feature", "geometry": {"type": "Point", "coordinates": [98.9802437, 18.7886965]}, "properties": {"id": "cm-osm-node-3388701190", "name": "Thor Phan", "cat": ["food"], "province": "cm"}}, {"type": "Feature", "geometry": {"type": "Point", "coordinates": [98.980937, 18.7775758]}, "properties": {"id": "cm-osm-node-6441973185", "name": "Three The art of Coffee", "cat": ["food"], "province": "cm"}}, {"type": "Feature", "geometry": {"type": "Point", "coordinates": [98.9664551, 18.8022893]}, "properties": {"id": "cm-osm-node-4333425791", "name": "Tiger TED Cafe", "cat": ["food"], "province": "cm"}}, {"type": "Feature", "geometry": {"type": "Point", "coordinates": [98.9789789, 18.7919086]}, "properties": {"id": "cm-osm-node-3385505418", "name": "Tikky's Café", "cat": ["food"], "province": "cm"}}, {"type": "Feature", "geometry": {"type": "Point", "coordinates": [98.9796719, 18.798969]}, "properties": {"id": "cm-osm-node-7041355885", "name": "Time to Table Board Game a Café", "cat": ["food"], "province": "cm"}}, {"type": "Feature", "geometry": {"type": "Point", "coordinates": [98.9694748, 18.7975321]}, "properties": {"id": "cm-osm-node-3287829862", "name": "Timely Cafe", "cat": ["food"], "province": "cm"}}, {"type": "Feature", "geometry": {"type": "Point", "coordinates": [99.1402592, 18.8784396]}, "properties": {"id": "cm-osm-node-6212785422", "name": "Tip Cafe", "cat": ["food"], "province": "cm"}}, {"type": "Feature", "geometry": {"type": "Point", "coordinates": [98.9605869, 18.8026686]}, "properties": {"id": "cm-osm-node-2604017619", "name": "Tiramisu House", "cat": ["food"], "province": "cm"}}, {"type": "Feature", "geometry": {"type": "Point", "coordinates": [98.967442, 18.798624]}, "properties": {"id": "cm-osm-node-13202529003", "name": "Toffee Coffee", "cat": ["food"], "province": "cm"}}, {"type": "Feature", "geometry": {"type": "Point", "coordinates": [99.0188286, 18.8002027]}, "properties": {"id": "cm-osm-node-4586086268", "name": "Tom N Toms", "cat": ["food"], "province": "cm"}}, {"type": "Feature", "geometry": {"type": "Point", "coordinates": [98.9528296, 18.7933195]}, "properties": {"id": "cm-osm-node-7128510786", "name": "Tongkla", "cat": ["food"], "province": "cm"}}, {"type": "Feature", "geometry": {"type": "Point", "coordinates": [98.9252001, 18.725134]}, "properties": {"id": "cm-osm-node-3419871310", "name": "Toong's", "cat": ["food"], "province": "cm"}}, {"type": "Feature", "geometry": {"type": "Point", "coordinates": [98.9586013, 18.7843618]}, "properties": {"id": "cm-osm-node-6612784286", "name": "Trailer Coffee", "cat": ["food"], "province": "cm"}}, {"type": "Feature", "geometry": {"type": "Point", "coordinates": [98.9897347, 18.7821857]}, "properties": {"id": "cm-osm-way-809387714", "name": "Trailhead Café & Outdoor Shop", "cat": ["food"], "province": "cm"}}, {"type": "Feature", "geometry": {"type": "Point", "coordinates": [98.9602801, 18.7872201]}, "properties": {"id": "cm-osm-node-6217569385", "name": "Transit Number 8", "cat": ["food"], "province": "cm"}}, {"type": "Feature", "geometry": {"type": "Point", "coordinates": [98.9828254, 18.7894105]}, "properties": {"id": "cm-osm-node-3197689690", "name": "Tree Sis Coffee", "cat": ["food"], "province": "cm"}}, {"type": "Feature", "geometry": {"type": "Point", "coordinates": [99.1239501, 18.9839464]}, "properties": {"id": "cm-osm-node-9444123418", "name": "Treehouse", "cat": ["food"], "province": "cm"}}, {"type": "Feature", "geometry": {"type": "Point", "coordinates": [98.9539963, 18.7926931]}, "properties": {"id": "cm-osm-node-10310248477", "name": "Trial Not Error", "cat": ["food"], "province": "cm"}}, {"type": "Feature", "geometry": {"type": "Point", "coordinates": [98.9141399, 18.9620634]}, "properties": {"id": "cm-osm-way-272383282", "name": "Tub-USA", "cat": ["food"], "province": "cm"}}, {"type": "Feature", "geometry": {"type": "Point", "coordinates": [98.9879913, 18.7892227]}, "properties": {"id": "cm-osm-node-6217558285", "name": "Twenty Mar Cafe", "cat": ["food"], "province": "cm"}}, {"type": "Feature", "geometry": {"type": "Point", "coordinates": [99.0050204, 18.7668657]}, "properties": {"id": "cm-osm-node-1361121238", "name": "Twin Cafe", "cat": ["food"], "province": "cm"}}, {"type": "Feature", "geometry": {"type": "Point", "coordinates": [98.9686558, 18.7865633]}, "properties": {"id": "cm-osm-node-4539213084", "name": "Uncle Coffee", "cat": ["food"], "province": "cm"}}, {"type": "Feature", "geometry": {"type": "Point", "coordinates": [98.9841992, 18.7992169]}, "properties": {"id": "cm-osm-node-11726497304", "name": "Uncle Home", "cat": ["food"], "province": "cm"}}, {"type": "Feature", "geometry": {"type": "Point", "coordinates": [98.9895769, 18.7752262]}, "properties": {"id": "cm-osm-node-6261745827", "name": "Unlimit Coffee", "cat": ["food"], "province": "cm"}}, {"type": "Feature", "geometry": {"type": "Point", "coordinates": [98.991296, 18.7901811]}, "properties": {"id": "cm-osm-node-6130405289", "name": "Up to Coffee", "cat": ["food"], "province": "cm"}}, {"type": "Feature", "geometry": {"type": "Point", "coordinates": [99.0163643, 18.7827396]}, "properties": {"id": "cm-osm-node-4466102294", "name": "Upper Crust Cafe", "cat": ["food"], "province": "cm"}}, {"type": "Feature", "geometry": {"type": "Point", "coordinates": [98.9767565, 18.7814036]}, "properties": {"id": "cm-osm-node-3432607045", "name": "Urban Coffee", "cat": ["food"], "province": "cm"}}, {"type": "Feature", "geometry": {"type": "Point", "coordinates": [99.0087195, 18.7493737]}, "properties": {"id": "cm-osm-way-544261411", "name": "V Heritage Coffee", "cat": ["food"], "province": "cm"}}, {"type": "Feature", "geometry": {"type": "Point", "coordinates": [98.9924974, 18.7879183]}, "properties": {"id": "cm-osm-node-3619858705", "name": "VAVA Frozen Yogurt", "cat": ["food"], "province": "cm"}}, {"type": "Feature", "geometry": {"type": "Point", "coordinates": [98.9436447, 18.7289851]}, "properties": {"id": "cm-osm-way-549940007", "name": "VAVA Frozen Yogurt", "cat": ["food"], "province": "cm"}}, {"type": "Feature", "geometry": {"type": "Point", "coordinates": [98.9478364, 18.7643425]}, "properties": {"id": "cm-osm-node-9435653718", "name": "Valentan", "cat": ["food"], "province": "cm"}}, {"type": "Feature", "geometry": {"type": "Point", "coordinates": [98.8770229, 18.7553848]}, "properties": {"id": "cm-osm-node-9482831717", "name": "Valley Coffee Lanna Resort", "cat": ["food"], "province": "cm"}}, {"type": "Feature", "geometry": {"type": "Point", "coordinates": [98.9144763, 18.9190506]}, "properties": {"id": "cm-osm-node-6062541948", "name": "Vans Coffee", "cat": ["food"], "province": "cm"}}, {"type": "Feature", "geometry": {"type": "Point", "coordinates": [98.9846733, 18.73357]}, "properties": {"id": "cm-osm-node-5154391796", "name": "Vartika Cafe", "cat": ["food"], "province": "cm"}}, {"type": "Feature", "geometry": {"type": "Point", "coordinates": [98.9267617, 18.9189304]}, "properties": {"id": "cm-osm-node-7904752039", "name": "Vassana", "cat": ["food"], "province": "cm"}}, {"type": "Feature", "geometry": {"type": "Point", "coordinates": [98.9787267, 18.8105778]}, "properties": {"id": "cm-osm-node-6035864686", "name": "Vegan Kitchen", "cat": ["food"], "province": "cm"}}, {"type": "Feature", "geometry": {"type": "Point", "coordinates": [98.991902, 18.7899541]}, "properties": {"id": "cm-osm-node-10028765917", "name": "Vegan Meals", "cat": ["food"], "province": "cm"}}, {"type": "Feature", "geometry": {"type": "Point", "coordinates": [98.87569, 18.7648588]}, "properties": {"id": "cm-osm-node-5021459625", "name": "Vegetarian mountain", "cat": ["food"], "province": "cm"}}, {"type": "Feature", "geometry": {"type": "Point", "coordinates": [98.9405236, 18.7587783]}, "properties": {"id": "cm-osm-node-2934994593", "name": "Vet Med Cafeteria", "cat": ["food"], "province": "cm"}}, {"type": "Feature", "geometry": {"type": "Point", "coordinates": [98.8214656, 18.9166389]}, "properties": {"id": "cm-osm-node-3912487222", "name": "Vienna Coffee", "cat": ["food"], "province": "cm"}}, {"type": "Feature", "geometry": {"type": "Point", "coordinates": [98.9019527, 18.8412012]}, "properties": {"id": "cm-osm-node-7933208877", "name": "View Suai Coffee", "cat": ["food"], "province": "cm"}}, {"type": "Feature", "geometry": {"type": "Point", "coordinates": [98.9901698, 18.7921906]}, "properties": {"id": "cm-osm-node-4820434529", "name": "Vigie Sist Cafe", "cat": ["food"], "province": "cm"}}, {"type": "Feature", "geometry": {"type": "Point", "coordinates": [98.9973943, 18.7923842]}, "properties": {"id": "cm-osm-node-11465206069", "name": "Vintage Wings", "cat": ["food"], "province": "cm"}}, {"type": "Feature", "geometry": {"type": "Point", "coordinates": [98.9835572, 18.7896109]}, "properties": {"id": "cm-osm-node-4730080789", "name": "Viya", "cat": ["food"], "province": "cm"}}, {"type": "Feature", "geometry": {"type": "Point", "coordinates": [98.9798361, 18.7934251]}, "properties": {"id": "cm-osm-node-8413540719", "name": "Volks Bagels", "cat": ["food"], "province": "cm"}}, {"type": "Feature", "geometry": {"type": "Point", "coordinates": [98.9792601, 18.8009748]}, "properties": {"id": "cm-osm-node-11936097569", "name": "WEDRINK", "cat": ["food"], "province": "cm"}}, {"type": "Feature", "geometry": {"type": "Point", "coordinates": [98.9433618, 18.6894215]}, "properties": {"id": "cm-osm-node-2576988539", "name": "Waan Cafe", "cat": ["food"], "province": "cm"}}, {"type": "Feature", "geometry": {"type": "Point", "coordinates": [98.9678356, 18.7962514]}, "properties": {"id": "cm-osm-node-4693233989", "name": "Waan Cafe", "cat": ["food"], "province": "cm"}}, {"type": "Feature", "geometry": {"type": "Point", "coordinates": [98.9783678, 18.9905738]}, "properties": {"id": "cm-osm-node-9266719212", "name": "Wake Cafe", "cat": ["food"], "province": "cm"}}, {"type": "Feature", "geometry": {"type": "Point", "coordinates": [98.9657884, 18.7964742]}, "properties": {"id": "cm-osm-node-4285584789", "name": "Wake Up", "cat": ["food"], "province": "cm"}}, {"type": "Feature", "geometry": {"type": "Point", "coordinates": [98.9867844, 18.7985799]}, "properties": {"id": "cm-osm-node-2689500563", "name": "Wake Up Coffee", "cat": ["food"], "province": "cm"}}, {"type": "Feature", "geometry": {"type": "Point", "coordinates": [98.981635, 18.7960732]}, "properties": {"id": "cm-osm-node-5558856823", "name": "Wake Up Coffee", "cat": ["food"], "province": "cm"}}, {"type": "Feature", "geometry": {"type": "Point", "coordinates": [98.9572208, 18.8073064]}, "properties": {"id": "cm-osm-node-5558883026", "name": "Wake Up Coffee", "cat": ["food"], "province": "cm"}}, {"type": "Feature", "geometry": {"type": "Point", "coordinates": [99.0246617, 18.7993332]}, "properties": {"id": "cm-osm-node-4427268749", "name": "Wake You Up", "cat": ["food"], "province": "cm"}}, {"type": "Feature", "geometry": {"type": "Point", "coordinates": [98.9883731, 18.7847661]}, "properties": {"id": "cm-osm-node-6726275385", "name": "Wako Bake", "cat": ["food"], "province": "cm"}}, {"type": "Feature", "geometry": {"type": "Point", "coordinates": [99.0105358, 18.8015702]}, "properties": {"id": "cm-osm-node-2682539763", "name": "Walk Street Café", "cat": ["food"], "province": "cm"}}, {"type": "Feature", "geometry": {"type": "Point", "coordinates": [98.9205153, 18.7352684]}, "properties": {"id": "cm-osm-node-11411615969", "name": "Wan Wela Cafe", "cat": ["food"], "province": "cm"}}, {"type": "Feature", "geometry": {"type": "Point", "coordinates": [99.0241577, 18.9046739]}, "properties": {"id": "cm-osm-node-13523608343", "name": "Wang Wela", "cat": ["food"], "province": "cm"}}, {"type": "Feature", "geometry": {"type": "Point", "coordinates": [98.9743012, 18.7326417]}, "properties": {"id": "cm-osm-node-4052303895", "name": "Wangtan Cafe", "cat": ["food"], "province": "cm"}}, {"type": "Feature", "geometry": {"type": "Point", "coordinates": [99.0042075, 18.7893911]}, "properties": {"id": "cm-osm-node-2648382125", "name": "Wawee", "cat": ["food"], "province": "cm"}}, {"type": "Feature", "geometry": {"type": "Point", "coordinates": [98.9901618, 18.7878605]}, "properties": {"id": "cm-osm-node-1598984446", "name": "Wawee Coffee", "cat": ["food"], "province": "cm"}}, {"type": "Feature", "geometry": {"type": "Point", "coordinates": [98.9670413, 18.7975594]}, "properties": {"id": "cm-osm-node-1796992462", "name": "Wawee Coffee", "cat": ["food"], "province": "cm"}}, {"type": "Feature", "geometry": {"type": "Point", "coordinates": [98.964613, 18.7978619]}, "properties": {"id": "cm-osm-node-2099411789", "name": "Wawee Coffee", "cat": ["food"], "province": "cm"}}, {"type": "Feature", "geometry": {"type": "Point", "coordinates": [99.0239188, 18.7986562]}, "properties": {"id": "cm-osm-node-3182230621", "name": "Wawee Coffee", "cat": ["food"], "province": "cm"}}, {"type": "Feature", "geometry": {"type": "Point", "coordinates": [98.8755669, 18.8998456]}, "properties": {"id": "cm-osm-node-3355620168", "name": "Wawee Coffee", "cat": ["food"], "province": "cm"}}, {"type": "Feature", "geometry": {"type": "Point", "coordinates": [98.9995627, 18.7722642]}, "properties": {"id": "cm-osm-node-3907871479", "name": "Wawee Coffee", "cat": ["food"], "province": "cm"}}, {"type": "Feature", "geometry": {"type": "Point", "coordinates": [99.0183907, 18.8000906]}, "properties": {"id": "cm-osm-node-4586086270", "name": "Wawee Coffee", "cat": ["food"], "province": "cm"}}, {"type": "Feature", "geometry": {"type": "Point", "coordinates": [99.0372639, 18.8350491]}, "properties": {"id": "cm-osm-node-3540898698", "name": "Weasel Coffee & Bakery", "cat": ["food"], "province": "cm"}}, {"type": "Feature", "geometry": {"type": "Point", "coordinates": [98.9820554, 18.7852586]}, "properties": {"id": "cm-osm-node-11486848893", "name": "Weekday", "cat": ["food"], "province": "cm"}}, {"type": "Feature", "geometry": {"type": "Point", "coordinates": [98.9701323, 18.7855344]}, "properties": {"id": "cm-osm-node-4466115796", "name": "Welcome Home cafe and Pet Hotel", "cat": ["food"], "province": "cm"}}, {"type": "Feature", "geometry": {"type": "Point", "coordinates": [98.9831334, 18.8152768]}, "properties": {"id": "cm-osm-node-13605183135", "name": "Well Coffee Station", "cat": ["food"], "province": "cm"}}, {"type": "Feature", "geometry": {"type": "Point", "coordinates": [98.9987297, 18.7864761]}, "properties": {"id": "cm-osm-node-10302556209", "name": "Wi-thee", "cat": ["food"], "province": "cm"}}, {"type": "Feature", "geometry": {"type": "Point", "coordinates": [98.9724748, 18.7930646]}, "properties": {"id": "cm-osm-way-322604384", "name": "Wide-awake 24 hours", "cat": ["food"], "province": "cm"}}, {"type": "Feature", "geometry": {"type": "Point", "coordinates": [98.9216307, 18.9108298]}, "properties": {"id": "cm-osm-node-5327328688", "name": "Wish and Whisk", "cat": ["food"], "province": "cm"}}, {"type": "Feature", "geometry": {"type": "Point", "coordinates": [99.003838, 18.7917778]}, "properties": {"id": "cm-osm-node-5880381785", "name": "Wong Sa Korn Acres", "cat": ["food"], "province": "cm"}}, {"type": "Feature", "geometry": {"type": "Point", "coordinates": [99.0027198, 18.7917358]}, "properties": {"id": "cm-osm-node-4828059024", "name": "Woo Café & Art Gallery", "cat": ["food"], "province": "cm"}}, {"type": "Feature", "geometry": {"type": "Point", "coordinates": [99.0230896, 18.9161503]}, "properties": {"id": "cm-osm-node-5245145221", "name": "Woodhouse", "cat": ["food"], "province": "cm"}}, {"type": "Feature", "geometry": {"type": "Point", "coordinates": [98.8943336, 18.6980303]}, "properties": {"id": "cm-osm-way-441601882", "name": "Work End", "cat": ["food"], "province": "cm"}}, {"type": "Feature", "geometry": {"type": "Point", "coordinates": [98.9593834, 18.7879933]}, "properties": {"id": "cm-osm-node-6557999484", "name": "XOXO Cafe", "cat": ["food"], "province": "cm"}}, {"type": "Feature", "geometry": {"type": "Point", "coordinates": [98.9919306, 18.7543911]}, "properties": {"id": "cm-osm-node-7241572468", "name": "Xinfuli Cafe", "cat": ["food"], "province": "cm"}}, {"type": "Feature", "geometry": {"type": "Point", "coordinates": [98.9719409, 18.7966562]}, "properties": {"id": "cm-osm-node-13232117762", "name": "YND A Drink & Coffee", "cat": ["food"], "province": "cm"}}, {"type": "Feature", "geometry": {"type": "Point", "coordinates": [98.9903791, 18.7886665]}, "properties": {"id": "cm-osm-way-481724332", "name": "Yammy Coffee", "cat": ["food"], "province": "cm"}}, {"type": "Feature", "geometry": {"type": "Point", "coordinates": [98.9669275, 18.8002939]}, "properties": {"id": "cm-osm-node-13202531701", "name": "Yelloo", "cat": ["food"], "province": "cm"}}, {"type": "Feature", "geometry": {"type": "Point", "coordinates": [98.9712526, 18.79889]}, "properties": {"id": "cm-osm-node-2650769476", "name": "Yellow Bear Coffee", "cat": ["food"], "province": "cm"}}, {"type": "Feature", "geometry": {"type": "Point", "coordinates": [98.9644784, 18.7892994]}, "properties": {"id": "cm-osm-node-4893144721", "name": "Yellow Crafts", "cat": ["food"], "province": "cm"}}, {"type": "Feature", "geometry": {"type": "Point", "coordinates": [99.0205825, 18.8169147]}, "properties": {"id": "cm-osm-node-4142717265", "name": "Yellow Duck Cafe", "cat": ["food"], "province": "cm"}}, {"type": "Feature", "geometry": {"type": "Point", "coordinates": [99.1298605, 18.9100503]}, "properties": {"id": "cm-osm-node-13930711989", "name": "Yellow House Cafe", "cat": ["food"], "province": "cm"}}, {"type": "Feature", "geometry": {"type": "Point", "coordinates": [98.9660941, 18.7970757]}, "properties": {"id": "cm-osm-node-3417316793", "name": "Yesterday", "cat": ["food"], "province": "cm"}}, {"type": "Feature", "geometry": {"type": "Point", "coordinates": [98.995256, 18.7910966]}, "properties": {"id": "cm-osm-node-4537983761", "name": "Yin Dee", "cat": ["food"], "province": "cm"}}, {"type": "Feature", "geometry": {"type": "Point", "coordinates": [98.9271037, 18.9160975]}, "properties": {"id": "cm-osm-node-7904752001", "name": "Yody Coffee", "cat": ["food"], "province": "cm"}}, {"type": "Feature", "geometry": {"type": "Point", "coordinates": [98.9211247, 18.689686]}, "properties": {"id": "cm-osm-node-5382204921", "name": "Yok Coffee n Bar", "cat": ["food"], "province": "cm"}}, {"type": "Feature", "geometry": {"type": "Point", "coordinates": [98.9766306, 18.7968578]}, "properties": {"id": "cm-osm-node-13437056968", "name": "Yun Artisan", "cat": ["food"], "province": "cm"}}, {"type": "Feature", "geometry": {"type": "Point", "coordinates": [99.0178554, 18.8083852]}, "properties": {"id": "cm-osm-node-12864717489", "name": "Yuzu House Central Chiangmai", "cat": ["food"], "province": "cm"}}, {"type": "Feature", "geometry": {"type": "Point", "coordinates": [98.9904108, 18.7934646]}, "properties": {"id": "cm-osm-node-5919670289", "name": "ZMOY", "cat": ["food"], "province": "cm"}}, {"type": "Feature", "geometry": {"type": "Point", "coordinates": [99.0083421, 18.7634561]}, "properties": {"id": "cm-osm-node-4761003587", "name": "Zaap C U Cafe", "cat": ["food"], "province": "cm"}}, {"type": "Feature", "geometry": {"type": "Point", "coordinates": [98.9827311, 18.7895919]}, "properties": {"id": "cm-osm-node-11936206969", "name": "Zohng Coffee", "cat": ["food"], "province": "cm"}}, {"type": "Feature", "geometry": {"type": "Point", "coordinates": [98.9994852, 18.7762532]}, "properties": {"id": "cm-osm-node-4870779121", "name": "art du café", "cat": ["food"], "province": "cm"}}, {"type": "Feature", "geometry": {"type": "Point", "coordinates": [98.9934261, 18.7356635]}, "properties": {"id": "cm-osm-node-5519849098", "name": "baan bond cafe", "cat": ["food"], "province": "cm"}}, {"type": "Feature", "geometry": {"type": "Point", "coordinates": [98.9668539, 18.7972557]}, "properties": {"id": "cm-osm-node-6634803385", "name": "box box Chiang Mai dog cafe", "cat": ["food"], "province": "cm"}}, {"type": "Feature", "geometry": {"type": "Point", "coordinates": [98.9687258, 18.7976174]}, "properties": {"id": "cm-osm-node-5411784121", "name": "brown cafe", "cat": ["food"], "province": "cm"}}, {"type": "Feature", "geometry": {"type": "Point", "coordinates": [98.9465867, 18.7746716]}, "properties": {"id": "cm-osm-node-6565479287", "name": "cafe in nature", "cat": ["food"], "province": "cm"}}, {"type": "Feature", "geometry": {"type": "Point", "coordinates": [98.9847416, 18.7826381]}, "properties": {"id": "cm-osm-node-9287894417", "name": "carrot.", "cat": ["food"], "province": "cm"}}, {"type": "Feature", "geometry": {"type": "Point", "coordinates": [98.9664841, 18.7522703]}, "properties": {"id": "cm-osm-node-9726155951", "name": "delicafé Thongthanaphon - Airport", "cat": ["food"], "province": "cm"}}, {"type": "Feature", "geometry": {"type": "Point", "coordinates": [98.8198368, 18.9204269]}, "properties": {"id": "cm-osm-node-3912487223", "name": "di Bosco Coffee Home", "cat": ["food"], "province": "cm"}}, {"type": "Feature", "geometry": {"type": "Point", "coordinates": [98.9663511, 18.7969136]}, "properties": {"id": "cm-osm-node-5125921722", "name": "esan-cafe", "cat": ["food"], "province": "cm"}}, {"type": "Feature", "geometry": {"type": "Point", "coordinates": [99.0051688, 18.7973922]}, "properties": {"id": "cm-osm-node-7676192798", "name": "fresh and mild", "cat": ["food"], "province": "cm"}}, {"type": "Feature", "geometry": {"type": "Point", "coordinates": [98.9981476, 18.7741066]}, "properties": {"id": "cm-osm-node-4064638197", "name": "iCoffee Studio", "cat": ["food"], "province": "cm"}}, {"type": "Feature", "geometry": {"type": "Point", "coordinates": [99.0020358, 18.7927741]}, "properties": {"id": "cm-osm-node-11806453091", "name": "khna coffee brewers", "cat": ["food"], "province": "cm"}}, {"type": "Feature", "geometry": {"type": "Point", "coordinates": [98.9604434, 18.8048557]}, "properties": {"id": "cm-osm-node-11830204333", "name": "sand Test", "cat": ["food"], "province": "cm"}}, {"type": "Feature", "geometry": {"type": "Point", "coordinates": [99.0051699, 18.7929697]}, "properties": {"id": "cm-osm-node-5040799721", "name": "sweet milk", "cat": ["food"], "province": "cm"}}, {"type": "Feature", "geometry": {"type": "Point", "coordinates": [98.9845186, 18.788983]}, "properties": {"id": "cm-osm-node-13959590802", "name": "the butterfly effect", "cat": ["food"], "province": "cm"}}, {"type": "Feature", "geometry": {"type": "Point", "coordinates": [98.9773004, 18.7814712]}, "properties": {"id": "cm-osm-node-6560248193", "name": "trail cafe", "cat": ["food"], "province": "cm"}}, {"type": "Feature", "geometry": {"type": "Point", "coordinates": [99.002376, 18.7896032]}, "properties": {"id": "cm-osm-node-4973137223", "name": "wawee coffee", "cat": ["food"], "province": "cm"}}, {"type": "Feature", "geometry": {"type": "Point", "coordinates": [99.0399276, 18.7962642]}, "properties": {"id": "cm-osm-node-2095788662", "name": "กลิ่นละมุน", "cat": ["food"], "province": "cm"}}, {"type": "Feature", "geometry": {"type": "Point", "coordinates": [98.9942889, 18.7346278]}, "properties": {"id": "cm-osm-way-1253526335", "name": "กลิ่นไม้ป่า", "cat": ["food"], "province": "cm"}}, {"type": "Feature", "geometry": {"type": "Point", "coordinates": [98.9487796, 18.8104975]}, "properties": {"id": "cm-osm-node-5426264832", "name": "กาเเพลด ดอยหลาง", "cat": ["food"], "province": "cm"}}, {"type": "Feature", "geometry": {"type": "Point", "coordinates": [99.0082446, 18.7961926]}, "properties": {"id": "cm-osm-node-4504644390", "name": "กาแฟ รสนิยม", "cat": ["food"], "province": "cm"}}, {"type": "Feature", "geometry": {"type": "Point", "coordinates": [98.9057454, 18.8421957]}, "properties": {"id": "cm-osm-node-9404324017", "name": "กาแฟขุนช่างเคี่ยน", "cat": ["food"], "province": "cm"}}, {"type": "Feature", "geometry": {"type": "Point", "coordinates": [98.9435421, 18.729038]}, "properties": {"id": "cm-osm-way-549940004", "name": "กาแฟดอยช้าง", "cat": ["food"], "province": "cm"}}, {"type": "Feature", "geometry": {"type": "Point", "coordinates": [98.964807, 18.7896621]}, "properties": {"id": "cm-osm-node-4360075278", "name": "กาแฟดีนาน", "cat": ["food"], "province": "cm"}}, {"type": "Feature", "geometry": {"type": "Point", "coordinates": [98.9990002, 18.7734848]}, "properties": {"id": "cm-osm-node-1368674790", "name": "กาแฟปางขอน", "cat": ["food"], "province": "cm"}}, {"type": "Feature", "geometry": {"type": "Point", "coordinates": [99.0091981, 18.7476157]}, "properties": {"id": "cm-osm-node-4067975166", "name": "กาแฟยิ้มยิ้ม", "cat": ["food"], "province": "cm"}}, {"type": "Feature", "geometry": {"type": "Point", "coordinates": [98.9950507, 18.8081115]}, "properties": {"id": "cm-osm-node-3091942614", "name": "กาแฟรสนิยม", "cat": ["food"], "province": "cm"}}, {"type": "Feature", "geometry": {"type": "Point", "coordinates": [98.9703227, 18.7918584]}, "properties": {"id": "cm-osm-node-3369589474", "name": "กาแฟรสนิยม", "cat": ["food"], "province": "cm"}}, {"type": "Feature", "geometry": {"type": "Point", "coordinates": [98.954184, 18.803659]}, "properties": {"id": "cm-osm-node-2434783251", "name": "กาแฟรัฐศาสตร์", "cat": ["food"], "province": "cm"}}, {"type": "Feature", "geometry": {"type": "Point", "coordinates": [99.085193, 18.7703844]}, "properties": {"id": "cm-osm-node-2582055354", "name": "กาแฟสด", "cat": ["food"], "province": "cm"}}, {"type": "Feature", "geometry": {"type": "Point", "coordinates": [98.9974619, 18.9168024]}, "properties": {"id": "cm-osm-node-2582060112", "name": "กาแฟสด อาหาร", "cat": ["food"], "province": "cm"}}, {"type": "Feature", "geometry": {"type": "Point", "coordinates": [98.9708613, 18.7938287]}, "properties": {"id": "cm-osm-node-3421254993", "name": "กาแฟสดกาน้ำ", "cat": ["food"], "province": "cm"}}, {"type": "Feature", "geometry": {"type": "Point", "coordinates": [98.933399, 18.7949886]}, "properties": {"id": "cm-osm-node-4496869589", "name": "กาแฟสดภูพิงค์", "cat": ["food"], "province": "cm"}}, {"type": "Feature", "geometry": {"type": "Point", "coordinates": [98.949618, 18.8028033]}, "properties": {"id": "cm-osm-node-4752385436", "name": "กาแฟสดสังคม", "cat": ["food"], "province": "cm"}}, {"type": "Feature", "geometry": {"type": "Point", "coordinates": [99.0079844, 18.7517499]}, "properties": {"id": "cm-osm-node-13051961333", "name": "กาแฟสร้างสรรค์", "cat": ["food"], "province": "cm"}}, {"type": "Feature", "geometry": {"type": "Point", "coordinates": [99.0085885, 18.7522059]}, "properties": {"id": "cm-osm-way-382857878", "name": "กาแฟสร้างสรรค์", "cat": ["food"], "province": "cm"}}, {"type": "Feature", "geometry": {"type": "Point", "coordinates": [98.9294533, 18.6401723]}, "properties": {"id": "cm-osm-node-12468976924", "name": "กาแฟหน้าวัด", "cat": ["food"], "province": "cm"}}, {"type": "Feature", "geometry": {"type": "Point", "coordinates": [98.9685637, 18.7890936]}, "properties": {"id": "cm-osm-way-1019374833", "name": "กาแฟหน้าวัดสวนดอก", "cat": ["food"], "province": "cm"}}, {"type": "Feature", "geometry": {"type": "Point", "coordinates": [98.9388029, 18.9221759]}, "properties": {"id": "cm-osm-way-1338800615", "name": "กาแฟอุดมสุข แม่ริม", "cat": ["food"], "province": "cm"}}, {"type": "Feature", "geometry": {"type": "Point", "coordinates": [98.973207, 18.7900086]}, "properties": {"id": "cm-osm-way-474338352", "name": "กาแฟเชิงพร้าว", "cat": ["food"], "province": "cm"}}, {"type": "Feature", "geometry": {"type": "Point", "coordinates": [99.017138, 18.9119197]}, "properties": {"id": "cm-osm-node-4592959931", "name": "กาแฟโบราณ", "cat": ["food"], "province": "cm"}}, {"type": "Feature", "geometry": {"type": "Point", "coordinates": [98.9775754, 18.8403401]}, "properties": {"id": "cm-osm-node-13624319001", "name": "กาแฟโอชา", "cat": ["food"], "province": "cm"}}, {"type": "Feature", "geometry": {"type": "Point", "coordinates": [98.9852954, 18.7834021]}, "properties": {"id": "cm-osm-node-1618868154", "name": "กูดมอนิ่งเชียงใหม่", "cat": ["food"], "province": "cm"}}, {"type": "Feature", "geometry": {"type": "Point", "coordinates": [98.9949979, 18.8076083]}, "properties": {"id": "cm-osm-node-4359154584", "name": "กูโรตี", "cat": ["food"], "province": "cm"}}, {"type": "Feature", "geometry": {"type": "Point", "coordinates": [98.9793876, 18.8023754]}, "properties": {"id": "cm-osm-node-2530435333", "name": "ขนมหวาน", "cat": ["food"], "province": "cm"}}, {"type": "Feature", "geometry": {"type": "Point", "coordinates": [98.9578724, 18.7919368]}, "properties": {"id": "cm-osm-node-9455440417", "name": "ขนมแม่", "cat": ["food"], "province": "cm"}}, {"type": "Feature", "geometry": {"type": "Point", "coordinates": [98.9778539, 18.8050786]}, "properties": {"id": "cm-osm-way-1168325530", "name": "ของกินเล่น By เฮียบิว", "cat": ["food"], "province": "cm"}}, {"type": "Feature", "geometry": {"type": "Point", "coordinates": [98.9590066, 18.7800314]}, "properties": {"id": "cm-osm-node-9432835217", "name": "ข่วงม่วน เชียงใหม่ คาเฟ่", "cat": ["food"], "province": "cm"}}, {"type": "Feature", "geometry": {"type": "Point", "coordinates": [99.0127428, 18.814704]}, "properties": {"id": "cm-osm-node-12347384601", "name": "คาเฟ่ อเมซอน", "cat": ["food"], "province": "cm"}}, {"type": "Feature", "geometry": {"type": "Point", "coordinates": [98.829635, 18.6042152]}, "properties": {"id": "cm-osm-node-12528710125", "name": "คาเฟ่ อเมซอน", "cat": ["food"], "province": "cm"}}, {"type": "Feature", "geometry": {"type": "Point", "coordinates": [99.0215212, 18.8068234]}, "properties": {"id": "cm-osm-node-12603110776", "name": "คาเฟ่ อเมซอน", "cat": ["food"], "province": "cm"}}, {"type": "Feature", "geometry": {"type": "Point", "coordinates": [99.0147928, 18.875593]}, "properties": {"id": "cm-osm-node-3340982844", "name": "คาเฟ่ อเมซอน", "cat": ["food"], "province": "cm"}}, {"type": "Feature", "geometry": {"type": "Point", "coordinates": [98.9705961, 18.7898626]}, "properties": {"id": "cm-osm-node-3369589470", "name": "คาเฟ่ อเมซอน", "cat": ["food"], "province": "cm"}}, {"type": "Feature", "geometry": {"type": "Point", "coordinates": [98.9432489, 18.9191843]}, "properties": {"id": "cm-osm-node-3924966402", "name": "คาเฟ่ อเมซอน", "cat": ["food"], "province": "cm"}}, {"type": "Feature", "geometry": {"type": "Point", "coordinates": [98.9252101, 18.7508006]}, "properties": {"id": "cm-osm-node-3927203442", "name": "คาเฟ่ อเมซอน", "cat": ["food"], "province": "cm"}}, {"type": "Feature", "geometry": {"type": "Point", "coordinates": [99.0792231, 18.8462034]}, "properties": {"id": "cm-osm-node-5338188740", "name": "คาเฟ่ อเมซอน", "cat": ["food"], "province": "cm"}}, {"type": "Feature", "geometry": {"type": "Point", "coordinates": [98.983713, 18.7684218]}, "properties": {"id": "cm-osm-node-5455786827", "name": "คาเฟ่ อเมซอน", "cat": ["food"], "province": "cm"}}, {"type": "Feature", "geometry": {"type": "Point", "coordinates": [98.9828494, 18.9575463]}, "properties": {"id": "cm-osm-node-6189013981", "name": "คาเฟ่ อเมซอน", "cat": ["food"], "province": "cm"}}, {"type": "Feature", "geometry": {"type": "Point", "coordinates": [98.9582629, 18.792178]}, "properties": {"id": "cm-osm-node-7579280681", "name": "คาเฟ่ อเมซอน", "cat": ["food"], "province": "cm"}}, {"type": "Feature", "geometry": {"type": "Point", "coordinates": [98.9725712, 18.7594975]}, "properties": {"id": "cm-osm-node-7882686681", "name": "คาเฟ่ อเมซอน", "cat": ["food"], "province": "cm"}}, {"type": "Feature", "geometry": {"type": "Point", "coordinates": [98.9729149, 18.7635367]}, "properties": {"id": "cm-osm-node-9288145517", "name": "คาเฟ่ อเมซอน", "cat": ["food"], "province": "cm"}}, {"type": "Feature", "geometry": {"type": "Point", "coordinates": [98.9708605, 18.8484493]}, "properties": {"id": "cm-osm-node-9316918017", "name": "คาเฟ่ อเมซอน", "cat": ["food"], "province": "cm"}}, {"type": "Feature", "geometry": {"type": "Point", "coordinates": [98.9914484, 18.7639439]}, "properties": {"id": "cm-osm-way-1037512548", "name": "คาเฟ่ อเมซอน", "cat": ["food"], "province": "cm"}}, {"type": "Feature", "geometry": {"type": "Point", "coordinates": [99.0117824, 18.8242258]}, "properties": {"id": "cm-osm-way-1099750976", "name": "คาเฟ่ อเมซอน", "cat": ["food"], "province": "cm"}}, {"type": "Feature", "geometry": {"type": "Point", "coordinates": [99.0674944, 18.7960785]}, "properties": {"id": "cm-osm-way-1112896522", "name": "คาเฟ่ อเมซอน", "cat": ["food"], "province": "cm"}}, {"type": "Feature", "geometry": {"type": "Point", "coordinates": [99.05688, 18.8345312]}, "properties": {"id": "cm-osm-way-1251033565", "name": "คาเฟ่ อเมซอน", "cat": ["food"], "province": "cm"}}, {"type": "Feature", "geometry": {"type": "Point", "coordinates": [99.0346825, 18.7477016]}, "properties": {"id": "cm-osm-way-544243074", "name": "คาเฟ่ อเมซอน", "cat": ["food"], "province": "cm"}}, {"type": "Feature", "geometry": {"type": "Point", "coordinates": [99.0523074, 18.6691408]}, "properties": {"id": "cm-osm-way-663794597", "name": "คาเฟ่ อเมซอน", "cat": ["food"], "province": "cm"}}, {"type": "Feature", "geometry": {"type": "Point", "coordinates": [98.9398358, 18.9217673]}, "properties": {"id": "cm-osm-way-741830430", "name": "คาเฟ่ อเมซอน", "cat": ["food"], "province": "cm"}}, {"type": "Feature", "geometry": {"type": "Point", "coordinates": [98.9732923, 18.805111]}, "properties": {"id": "cm-osm-node-3897763597", "name": "คาเฟ่ เม้าท์ฟิวล์", "cat": ["food"], "province": "cm"}}, {"type": "Feature", "geometry": {"type": "Point", "coordinates": [98.9807579, 18.7819025]}, "properties": {"id": "cm-osm-node-2590185727", "name": "คำ-ม่อน", "cat": ["food"], "province": "cm"}}, {"type": "Feature", "geometry": {"type": "Point", "coordinates": [98.9516969, 18.8268104]}, "properties": {"id": "cm-osm-node-9480398518", "name": "คิดเองกาแฟสด", "cat": ["food"], "province": "cm"}}, {"type": "Feature", "geometry": {"type": "Point", "coordinates": [98.9673381, 18.8012271]}, "properties": {"id": "cm-osm-node-3426430299", "name": "คูร์ทอช์ บ้านเค้กปล่องไฟ", "cat": ["food"], "province": "cm"}}, {"type": "Feature", "geometry": {"type": "Point", "coordinates": [98.9602081, 18.7261548]}, "properties": {"id": "cm-osm-node-3650359131", "name": "ค็อฟฟี่เดอแคนเดิล", "cat": ["food"], "province": "cm"}}, {"type": "Feature", "geometry": {"type": "Point", "coordinates": [99.0813746, 18.7394988]}, "properties": {"id": "cm-osm-node-2941835002", "name": "ฅนขายเป็ด", "cat": ["food"], "province": "cm"}}, {"type": "Feature", "geometry": {"type": "Point", "coordinates": [98.9682194, 18.7998091]}, "properties": {"id": "cm-osm-node-3426416706", "name": "ชั้นหนึ่ง", "cat": ["food"], "province": "cm"}}, {"type": "Feature", "geometry": {"type": "Point", "coordinates": [98.9559727, 18.7925164]}, "properties": {"id": "cm-osm-node-4362621673", "name": "ชาชิมิ", "cat": ["food"], "province": "cm"}}, {"type": "Feature", "geometry": {"type": "Point", "coordinates": [99.0004182, 18.7909216]}, "properties": {"id": "cm-osm-node-6972562985", "name": "ชาตรามือ สาขาตลาดวโรรส", "cat": ["food"], "province": "cm"}}, {"type": "Feature", "geometry": {"type": "Point", "coordinates": [99.0516159, 18.8209234]}, "properties": {"id": "cm-osm-node-8608351746", "name": "ชิก เนเจอร์ คาเฟ่", "cat": ["food"], "province": "cm"}}, {"type": "Feature", "geometry": {"type": "Point", "coordinates": [98.9733225, 18.7944598]}, "properties": {"id": "cm-osm-node-4641683190", "name": "ชีวิตคนธรรมดา", "cat": ["food"], "province": "cm"}}, {"type": "Feature", "geometry": {"type": "Point", "coordinates": [98.962931, 18.8416132]}, "properties": {"id": "cm-osm-node-3353875138", "name": "ช็อกโก ทอส", "cat": ["food"], "province": "cm"}}, {"type": "Feature", "geometry": {"type": "Point", "coordinates": [98.9957563, 18.7918632]}, "properties": {"id": "cm-osm-node-3418977912", "name": "ดาราอาหารเวียดนาม", "cat": ["food"], "province": "cm"}}, {"type": "Feature", "geometry": {"type": "Point", "coordinates": [98.947917, 18.8070135]}, "properties": {"id": "cm-osm-node-13278937801", "name": "ตาลน สวนนม อ่างแก้ว", "cat": ["food"], "province": "cm"}}, {"type": "Feature", "geometry": {"type": "Point", "coordinates": [98.9955056, 18.8083879]}, "properties": {"id": "cm-osm-node-4359158922", "name": "ตี๋นมสด", "cat": ["food"], "province": "cm"}}, {"type": "Feature", "geometry": {"type": "Point", "coordinates": [98.9525915, 18.7966994]}, "properties": {"id": "cm-osm-node-10621676863", "name": "ตู้กดน้ำและขนม", "cat": ["food"], "province": "cm"}}, {"type": "Feature", "geometry": {"type": "Point", "coordinates": [98.9771887, 18.7813055]}, "properties": {"id": "cm-osm-node-13870668983", "name": "ถิงถิง Ting Ting บิงซูน้ำขิง เชียงใหม่", "cat": ["food"], "province": "cm"}}, {"type": "Feature", "geometry": {"type": "Point", "coordinates": [98.991897, 18.8164079]}, "properties": {"id": "cm-osm-node-13099793901", "name": "ทิพ ทิพ อาหารตามสั่ง", "cat": ["food"], "province": "cm"}}, {"type": "Feature", "geometry": {"type": "Point", "coordinates": [99.136253, 18.8748049]}, "properties": {"id": "cm-osm-node-3063226177", "name": "ที่นี่ ลีลาวดี", "cat": ["food"], "province": "cm"}}, {"type": "Feature", "geometry": {"type": "Point", "coordinates": [98.9475138, 18.7717062]}, "properties": {"id": "cm-osm-node-4248786004", "name": "บีซู คาเฟ่", "cat": ["food"], "province": "cm"}}, {"type": "Feature", "geometry": {"type": "Point", "coordinates": [98.9952787, 18.7895758]}, "properties": {"id": "cm-osm-node-3418977906", "name": "บ้าน นฤมิตร", "cat": ["food"], "province": "cm"}}, {"type": "Feature", "geometry": {"type": "Point", "coordinates": [99.0046293, 18.7922524]}, "properties": {"id": "cm-osm-node-8805729717", "name": "บ้านกาแฟ", "cat": ["food"], "province": "cm"}}, {"type": "Feature", "geometry": {"type": "Point", "coordinates": [98.9841772, 18.7902428]}, "properties": {"id": "cm-osm-way-287098174", "name": "บ้านกาแฟ ณ เชียงใหม่", "cat": ["food"], "province": "cm"}}, {"type": "Feature", "geometry": {"type": "Point", "coordinates": [99.0041705, 18.6918032]}, "properties": {"id": "cm-osm-way-670620390", "name": "บ้านขนม", "cat": ["food"], "province": "cm"}}, {"type": "Feature", "geometry": {"type": "Point", "coordinates": [98.8872686, 18.9416555]}, "properties": {"id": "cm-osm-node-3247133753", "name": "บ้านดอย", "cat": ["food"], "province": "cm"}}, {"type": "Feature", "geometry": {"type": "Point", "coordinates": [98.9687341, 18.799762]}, "properties": {"id": "cm-osm-node-3426415662", "name": "บ้านตะวันฉาย", "cat": ["food"], "province": "cm"}}, {"type": "Feature", "geometry": {"type": "Point", "coordinates": [98.9497295, 18.8216321]}, "properties": {"id": "cm-osm-node-5234546423", "name": "บ้านนายวิฑูรย์ ส่องแสง", "cat": ["food"], "province": "cm"}}, {"type": "Feature", "geometry": {"type": "Point", "coordinates": [98.9868525, 18.7883529]}, "properties": {"id": "cm-osm-node-2039957239", "name": "บ้านลุงหมี", "cat": ["food"], "province": "cm"}}, {"type": "Feature", "geometry": {"type": "Point", "coordinates": [98.9137868, 18.7597413]}, "properties": {"id": "cm-osm-node-2005925281", "name": "บ้านสวนกาแฟ", "cat": ["food"], "province": "cm"}}, {"type": "Feature", "geometry": {"type": "Point", "coordinates": [99.1258496, 18.8711968]}, "properties": {"id": "cm-osm-node-3851468855", "name": "บ้านเชียงรุ้ง", "cat": ["food"], "province": "cm"}}, {"type": "Feature", "geometry": {"type": "Point", "coordinates": [99.0264403, 18.7220388]}, "properties": {"id": "cm-osm-node-1377321248", "name": "บ้านแยมโรล", "cat": ["food"], "province": "cm"}}, {"type": "Feature", "geometry": {"type": "Point", "coordinates": [99.0280222, 18.7645394]}, "properties": {"id": "cm-osm-node-3632282338", "name": "ปรารถนา กาแฟ", "cat": ["food"], "province": "cm"}}, {"type": "Feature", "geometry": {"type": "Point", "coordinates": [98.9518461, 18.8017106]}, "properties": {"id": "cm-osm-node-2434788491", "name": "ฝ้ายเบเกอรี่", "cat": ["food"], "province": "cm"}}, {"type": "Feature", "geometry": {"type": "Point", "coordinates": [98.9571127, 18.7941323]}, "properties": {"id": "cm-osm-node-2434793620", "name": "ฝ้ายเบเกอรี่", "cat": ["food"], "province": "cm"}}, {"type": "Feature", "geometry": {"type": "Point", "coordinates": [99.0118882, 18.8259397]}, "properties": {"id": "cm-osm-node-2682577300", "name": "ฝ้ายเบเกอรี่", "cat": ["food"], "province": "cm"}}, {"type": "Feature", "geometry": {"type": "Point", "coordinates": [98.9501719, 18.8013672]}, "properties": {"id": "cm-osm-node-3182220946", "name": "ฝ้ายเบเกอรี่", "cat": ["food"], "province": "cm"}}, {"type": "Feature", "geometry": {"type": "Point", "coordinates": [98.904993, 18.7604978]}, "properties": {"id": "cm-osm-node-2005925282", "name": "พรีาว & พลีน", "cat": ["food"], "province": "cm"}}, {"type": "Feature", "geometry": {"type": "Point", "coordinates": [99.0169576, 18.9095933]}, "properties": {"id": "cm-osm-node-4592642581", "name": "พอใจค็อฟฟี่", "cat": ["food"], "province": "cm"}}, {"type": "Feature", "geometry": {"type": "Point", "coordinates": [98.9708573, 18.7935846]}, "properties": {"id": "cm-osm-node-3421257554", "name": "ภคมน", "cat": ["food"], "province": "cm"}}, {"type": "Feature", "geometry": {"type": "Point", "coordinates": [99.0048312, 18.7487174]}, "properties": {"id": "cm-osm-node-3416881722", "name": "มนเมืองกาแฟ", "cat": ["food"], "province": "cm"}}, {"type": "Feature", "geometry": {"type": "Point", "coordinates": [98.9569316, 18.7938347]}, "properties": {"id": "cm-osm-node-5346617712", "name": "มิกุชา", "cat": ["food"], "province": "cm"}}, {"type": "Feature", "geometry": {"type": "Point", "coordinates": [99.0440216, 18.779823]}, "properties": {"id": "cm-osm-node-1446804460", "name": "มิราเคิลกาแฟ", "cat": ["food"], "province": "cm"}}, {"type": "Feature", "geometry": {"type": "Point", "coordinates": [98.9873735, 18.7952239]}, "properties": {"id": "cm-osm-node-3371232076", "name": "มิ่งมิตร", "cat": ["food"], "province": "cm"}}, {"type": "Feature", "geometry": {"type": "Point", "coordinates": [98.992515, 18.7638928]}, "properties": {"id": "cm-osm-node-3810861068", "name": "มิ่งมิตร", "cat": ["food"], "province": "cm"}}, {"type": "Feature", "geometry": {"type": "Point", "coordinates": [99.012661, 18.8294278]}, "properties": {"id": "cm-osm-node-4627695092", "name": "มิ่งมิตร", "cat": ["food"], "province": "cm"}}, {"type": "Feature", "geometry": {"type": "Point", "coordinates": [99.0012908, 18.7813325]}, "properties": {"id": "cm-osm-node-5374663214", "name": "มีใจให้มัทฉะ คาเฟ่", "cat": ["food"], "province": "cm"}}, {"type": "Feature", "geometry": {"type": "Point", "coordinates": [98.8186548, 18.9361438]}, "properties": {"id": "cm-osm-node-9314302717", "name": "ม่อนอิงดาวคาเฟ่", "cat": ["food"], "province": "cm"}}, {"type": "Feature", "geometry": {"type": "Point", "coordinates": [98.9366876, 18.7642917]}, "properties": {"id": "cm-osm-node-6810762217", "name": "รสนิยม", "cat": ["food"], "province": "cm"}}, {"type": "Feature", "geometry": {"type": "Point", "coordinates": [98.9746022, 18.7634228]}, "properties": {"id": "cm-osm-node-9328870117", "name": "รสนิยม คาเฟ่", "cat": ["food"], "province": "cm"}}, {"type": "Feature", "geometry": {"type": "Point", "coordinates": [98.9532726, 18.7850654]}, "properties": {"id": "cm-osm-node-6203233287", "name": "รื่นอารมย์", "cat": ["food"], "province": "cm"}}, {"type": "Feature", "geometry": {"type": "Point", "coordinates": [99.0931599, 18.9007247]}, "properties": {"id": "cm-osm-way-1106217954", "name": "ร้าน", "cat": ["food"], "province": "cm"}}, {"type": "Feature", "geometry": {"type": "Point", "coordinates": [99.0298543, 18.888166]}, "properties": {"id": "cm-osm-node-9806826927", "name": "ร้านกะเพราระเบิด", "cat": ["food"], "province": "cm"}}, {"type": "Feature", "geometry": {"type": "Point", "coordinates": [99.0033338, 18.7756931]}, "properties": {"id": "cm-osm-node-13800399002", "name": "ร้านกาแฟ ดูโอโม่", "cat": ["food"], "province": "cm"}}, {"type": "Feature", "geometry": {"type": "Point", "coordinates": [98.8846205, 18.81202]}, "properties": {"id": "cm-osm-node-3046913649", "name": "ร้านกาแฟสวนสองแสน", "cat": ["food"], "province": "cm"}}, {"type": "Feature", "geometry": {"type": "Point", "coordinates": [98.9558212, 18.7897088]}, "properties": {"id": "cm-osm-node-4358611169", "name": "ร้านกาแฟสังคม", "cat": ["food"], "province": "cm"}}, {"type": "Feature", "geometry": {"type": "Point", "coordinates": [98.9592688, 18.7913413]}, "properties": {"id": "cm-osm-node-4358831080", "name": "ร้านกาแฟสังคม", "cat": ["food"], "province": "cm"}}, {"type": "Feature", "geometry": {"type": "Point", "coordinates": [98.9593836, 18.7912179]}, "properties": {"id": "cm-osm-node-4358843115", "name": "ร้านกาแฟสังคม", "cat": ["food"], "province": "cm"}}, {"type": "Feature", "geometry": {"type": "Point", "coordinates": [98.9570063, 18.8134319]}, "properties": {"id": "cm-osm-node-4359957622", "name": "ร้านข้าวซอยอาหารตามสั่ง ป้าน่อย", "cat": ["food"], "province": "cm"}}, {"type": "Feature", "geometry": {"type": "Point", "coordinates": [98.9575248, 18.8126513]}, "properties": {"id": "cm-osm-node-4359957762", "name": "ร้านข้าวอาหารตามสั่งวรวุฒิ", "cat": ["food"], "province": "cm"}}, {"type": "Feature", "geometry": {"type": "Point", "coordinates": [98.9626977, 18.7901255]}, "properties": {"id": "cm-osm-node-4360053466", "name": "ร้านนมมน", "cat": ["food"], "province": "cm"}}, {"type": "Feature", "geometry": {"type": "Point", "coordinates": [98.9543102, 18.8140688]}, "properties": {"id": "cm-osm-node-4359891502", "name": "ร้านพี่รุ้งอาหารตามสั่ง(ร้านจระเข้)", "cat": ["food"], "province": "cm"}}, {"type": "Feature", "geometry": {"type": "Point", "coordinates": [98.9899689, 18.7741198]}, "properties": {"id": "cm-osm-node-11648354853", "name": "ร้านมักชา กาดก้อม", "cat": ["food"], "province": "cm"}}, {"type": "Feature", "geometry": {"type": "Point", "coordinates": [98.9379752, 18.7417187]}, "properties": {"id": "cm-osm-way-1111381054", "name": "ร้านมิ่งมิตร Coffee", "cat": ["food"], "province": "cm"}}, {"type": "Feature", "geometry": {"type": "Point", "coordinates": [98.9549347, 18.7887105]}, "properties": {"id": "cm-osm-node-6519106996", "name": "ร้านละมุน", "cat": ["food"], "province": "cm"}}, {"type": "Feature", "geometry": {"type": "Point", "coordinates": [98.9567426, 18.8138138]}, "properties": {"id": "cm-osm-node-4359963530", "name": "ร้านส้มตำไก่ย่างขนมจีนอาหารตามสั่ง", "cat": ["food"], "province": "cm"}}, {"type": "Feature", "geometry": {"type": "Point", "coordinates": [98.9898449, 18.7972579]}, "properties": {"id": "cm-osm-node-4995205024", "name": "ร้านหุ้มเบาะ", "cat": ["food"], "province": "cm"}}, {"type": "Feature", "geometry": {"type": "Point", "coordinates": [98.9580481, 18.8120769]}, "properties": {"id": "cm-osm-node-4359993317", "name": "ร้านอาหารตามสั่ง พี่น้อง", "cat": ["food"], "province": "cm"}}, {"type": "Feature", "geometry": {"type": "Point", "coordinates": [98.8651892, 18.8991345]}, "properties": {"id": "cm-osm-node-4728841092", "name": "ร้านอาหารทับริมธาร", "cat": ["food"], "province": "cm"}}, {"type": "Feature", "geometry": {"type": "Point", "coordinates": [99.0299236, 18.751898]}, "properties": {"id": "cm-osm-node-4336587591", "name": "ร้านแม่", "cat": ["food"], "province": "cm"}}, {"type": "Feature", "geometry": {"type": "Point", "coordinates": [98.9662855, 18.7075712]}, "properties": {"id": "cm-osm-node-6269572491", "name": "ลองมองคาเฟ่", "cat": ["food"], "province": "cm"}}, {"type": "Feature", "geometry": {"type": "Point", "coordinates": [99.0250073, 18.7966522]}, "properties": {"id": "cm-osm-node-5274894622", "name": "ลานจอดรถ DTAC", "cat": ["food"], "province": "cm"}}, {"type": "Feature", "geometry": {"type": "Point", "coordinates": [98.9748013, 18.8350411]}, "properties": {"id": "cm-osm-node-6073166485", "name": "ลีฟฟี่กรีนส์", "cat": ["food"], "province": "cm"}}, {"type": "Feature", "geometry": {"type": "Point", "coordinates": [99.0089129, 18.7521159]}, "properties": {"id": "cm-osm-node-3412153328", "name": "สภากาแฟ 89", "cat": ["food"], "province": "cm"}}, {"type": "Feature", "geometry": {"type": "Point", "coordinates": [98.9993542, 18.7683068]}, "properties": {"id": "cm-osm-node-4879591522", "name": "สภากาแฟ(เจ้าเก่า)", "cat": ["food"], "province": "cm"}}, {"type": "Feature", "geometry": {"type": "Point", "coordinates": [98.9691784, 18.7938536]}, "properties": {"id": "cm-osm-node-5340666521", "name": "สวนไอเบอร์รี่", "cat": ["food"], "province": "cm"}}, {"type": "Feature", "geometry": {"type": "Point", "coordinates": [98.973693, 18.7889195]}, "properties": {"id": "cm-osm-node-6542873678", "name": "สวัสดีกาแฟสด", "cat": ["food"], "province": "cm"}}, {"type": "Feature", "geometry": {"type": "Point", "coordinates": [98.9244798, 18.7427268]}, "properties": {"id": "cm-osm-node-5276808922", "name": "สหภาพกระต่าย", "cat": ["food"], "province": "cm"}}, {"type": "Feature", "geometry": {"type": "Point", "coordinates": [99.1016741, 18.7536402]}, "properties": {"id": "cm-osm-node-2581627060", "name": "สันไร่กาแฟ", "cat": ["food"], "province": "cm"}}, {"type": "Feature", "geometry": {"type": "Point", "coordinates": [99.1090856, 18.7657088]}, "properties": {"id": "cm-osm-node-5772570728", "name": "หมาใจดำ", "cat": ["food"], "province": "cm"}}, {"type": "Feature", "geometry": {"type": "Point", "coordinates": [98.8103664, 18.8054526]}, "properties": {"id": "cm-osm-node-8892200306", "name": "หมูน้อย Coffee & Bar", "cat": ["food"], "province": "cm"}}, {"type": "Feature", "geometry": {"type": "Point", "coordinates": [98.9986614, 18.7728177]}, "properties": {"id": "cm-osm-node-13001328733", "name": "ออน เดอะ เวย์ คาเฟ่ เชียงใหม่ สาขาช้างคลาน", "cat": ["food"], "province": "cm"}}, {"type": "Feature", "geometry": {"type": "Point", "coordinates": [99.0059971, 18.7677144]}, "properties": {"id": "cm-osm-node-5076523522", "name": "ออน เดอะ เวย์ คาเฟ่ เชียงใหม่ สาขาหนองหอย", "cat": ["food"], "province": "cm"}}, {"type": "Feature", "geometry": {"type": "Point", "coordinates": [98.9819258, 18.8424404]}, "properties": {"id": "cm-osm-node-3937133676", "name": "ออนเดอะเวย์ คาเฟ่", "cat": ["food"], "province": "cm"}}, {"type": "Feature", "geometry": {"type": "Point", "coordinates": [98.9657391, 18.7520885]}, "properties": {"id": "cm-osm-node-5271206421", "name": "อาคาร ภราดร", "cat": ["food"], "province": "cm"}}, {"type": "Feature", "geometry": {"type": "Point", "coordinates": [98.9484323, 18.7995167]}, "properties": {"id": "cm-osm-node-4355117364", "name": "อาหารตามสั่ง", "cat": ["food"], "province": "cm"}}, {"type": "Feature", "geometry": {"type": "Point", "coordinates": [98.9913681, 18.744341]}, "properties": {"id": "cm-osm-node-5439223989", "name": "อินทนนท์ กาแฟ", "cat": ["food"], "province": "cm"}}, {"type": "Feature", "geometry": {"type": "Point", "coordinates": [98.9894863, 18.7449654]}, "properties": {"id": "cm-osm-node-3928262001", "name": "อินทนนท์ กาแฟสด", "cat": ["food"], "province": "cm"}}, {"type": "Feature", "geometry": {"type": "Point", "coordinates": [98.9691903, 18.8186312]}, "properties": {"id": "cm-osm-node-4180090391", "name": "ฮอห์ม คาเฟ่", "cat": ["food"], "province": "cm"}}, {"type": "Feature", "geometry": {"type": "Point", "coordinates": [98.9568322, 18.7939228]}, "properties": {"id": "cm-osm-node-5346617710", "name": "ฮิมตาง คาเฟ่", "cat": ["food"], "province": "cm"}}, {"type": "Feature", "geometry": {"type": "Point", "coordinates": [99.060984, 18.8791411]}, "properties": {"id": "cm-osm-node-2590253491", "name": "เกียว ไอศครีมกะทิ", "cat": ["food"], "province": "cm"}}, {"type": "Feature", "geometry": {"type": "Point", "coordinates": [98.9957202, 18.8441277]}, "properties": {"id": "cm-osm-node-13074392601", "name": "เขาช่อง ปาร์ค", "cat": ["food"], "province": "cm"}}, {"type": "Feature", "geometry": {"type": "Point", "coordinates": [99.0015733, 18.7619948]}, "properties": {"id": "cm-osm-node-4069454731", "name": "เคลิ้มกาแฟ", "cat": ["food"], "province": "cm"}}, {"type": "Feature", "geometry": {"type": "Point", "coordinates": [98.9738244, 18.7980065]}, "properties": {"id": "cm-osm-node-9695288416", "name": "เดลี่คาเฟ่ ทองธนพล สาขาห้วยแก้ว", "cat": ["food"], "province": "cm"}}, {"type": "Feature", "geometry": {"type": "Point", "coordinates": [98.9142055, 18.7600638]}, "properties": {"id": "cm-osm-node-6326963011", "name": "เดอะ เคฟ ดอยคำ", "cat": ["food"], "province": "cm"}}, {"type": "Feature", "geometry": {"type": "Point", "coordinates": [98.9602883, 18.8498478]}, "properties": {"id": "cm-osm-node-12767901321", "name": "เต่าบิน", "cat": ["food"], "province": "cm"}}, {"type": "Feature", "geometry": {"type": "Point", "coordinates": [98.9574937, 18.853248]}, "properties": {"id": "cm-osm-node-12768047359", "name": "เต่าบิน", "cat": ["food"], "province": "cm"}}, {"type": "Feature", "geometry": {"type": "Point", "coordinates": [99.0271378, 18.7913245]}, "properties": {"id": "cm-osm-node-2520629646", "name": "เบนซ์ คาเฟ่", "cat": ["food"], "province": "cm"}}, {"type": "Feature", "geometry": {"type": "Point", "coordinates": [98.9747273, 18.8056494]}, "properties": {"id": "cm-osm-node-3311596475", "name": "เพียง Coffee", "cat": ["food"], "province": "cm"}}, {"type": "Feature", "geometry": {"type": "Point", "coordinates": [98.9901654, 18.790517]}, "properties": {"id": "cm-osm-node-4364338694", "name": "เฟื่องฟ้า คาเฟ่", "cat": ["food"], "province": "cm"}}, {"type": "Feature", "geometry": {"type": "Point", "coordinates": [98.9434828, 18.758676]}, "properties": {"id": "cm-osm-node-3643666024", "name": "เมา กาแฟ", "cat": ["food"], "province": "cm"}}, {"type": "Feature", "geometry": {"type": "Point", "coordinates": [98.9586559, 18.779117]}, "properties": {"id": "cm-osm-node-8892976815", "name": "เมียงมอง", "cat": ["food"], "province": "cm"}}, {"type": "Feature", "geometry": {"type": "Point", "coordinates": [98.8195879, 18.8038912]}, "properties": {"id": "cm-osm-node-10127777105", "name": "เอเลฟิน ฟาร์ม แอนด์ คาเฟ่", "cat": ["food"], "province": "cm"}}, {"type": "Feature", "geometry": {"type": "Point", "coordinates": [99.1385327, 18.6527607]}, "properties": {"id": "cm-osm-node-6207735500", "name": "เฮือนข้าวเจ้าบ้านธิหละปูน", "cat": ["food"], "province": "cm"}}, {"type": "Feature", "geometry": {"type": "Point", "coordinates": [99.0126168, 18.8087233]}, "properties": {"id": "cm-osm-node-2682493524", "name": "เฮือนซาลาเปา", "cat": ["food"], "province": "cm"}}, {"type": "Feature", "geometry": {"type": "Point", "coordinates": [99.0076128, 18.7770569]}, "properties": {"id": "cm-osm-node-2648443313", "name": "เฮือนโบราณ ฮิมปิง", "cat": ["food"], "province": "cm"}}, {"type": "Feature", "geometry": {"type": "Point", "coordinates": [98.8648882, 18.6548457]}, "properties": {"id": "cm-osm-node-3832005201", "name": "แกะดำฉำฉา", "cat": ["food"], "province": "cm"}}, {"type": "Feature", "geometry": {"type": "Point", "coordinates": [98.9559372, 18.7898245]}, "properties": {"id": "cm-osm-node-4353673933", "name": "แมวมอธ แคทคาเฟ่", "cat": ["food"], "province": "cm"}}, {"type": "Feature", "geometry": {"type": "Point", "coordinates": [98.9597874, 18.803347]}, "properties": {"id": "cm-osm-node-6109002385", "name": "แอนนิต้า คาเฟ่", "cat": ["food"], "province": "cm"}}, {"type": "Feature", "geometry": {"type": "Point", "coordinates": [98.9640025, 18.8063214]}, "properties": {"id": "cm-osm-node-10220128018", "name": "โกเผือกโกดำ", "cat": ["food"], "province": "cm"}}, {"type": "Feature", "geometry": {"type": "Point", "coordinates": [99.0379964, 18.6128326]}, "properties": {"id": "cm-osm-node-7085519908", "name": "โตวันไฮโดรฟาร์ม", "cat": ["food"], "province": "cm"}}, {"type": "Feature", "geometry": {"type": "Point", "coordinates": [98.9642986, 18.7897503]}, "properties": {"id": "cm-osm-node-4358616613", "name": "โตและสด", "cat": ["food"], "province": "cm"}}, {"type": "Feature", "geometry": {"type": "Point", "coordinates": [98.825915, 18.9117716]}, "properties": {"id": "cm-osm-node-3912487220", "name": "โป่งแยงเบอร์รี่-วินดี้ฮิลล์", "cat": ["food"], "province": "cm"}}, {"type": "Feature", "geometry": {"type": "Point", "coordinates": [98.9966895, 18.7835505]}, "properties": {"id": "cm-osm-node-1477503682", "name": "โรซาร์ เพลส", "cat": ["food"], "province": "cm"}}, {"type": "Feature", "geometry": {"type": "Point", "coordinates": [98.9840967, 18.795912]}, "properties": {"id": "cm-osm-node-3317902512", "name": "โอลด์ดี้ กาแฟไทย", "cat": ["food"], "province": "cm"}}, {"type": "Feature", "geometry": {"type": "Point", "coordinates": [98.9954027, 18.7917602]}, "properties": {"id": "cm-osm-node-9932930518", "name": "ใต้ถุนบ้าน", "cat": ["food"], "province": "cm"}}, {"type": "Feature", "geometry": {"type": "Point", "coordinates": [99.0796366, 18.8466967]}, "properties": {"id": "cm-osm-node-3184594340", "name": "ใบทอง บวยเลิฟ", "cat": ["food"], "province": "cm"}}, {"type": "Feature", "geometry": {"type": "Point", "coordinates": [98.998114, 18.780054]}, "properties": {"id": "cm-osm-node-4792155522", "name": "ไก่ทอด​เที่ยงคืน", "cat": ["food"], "province": "cm"}}, {"type": "Feature", "geometry": {"type": "Point", "coordinates": [98.9430668, 18.9391648]}, "properties": {"id": "cm-osm-node-2611231828", "name": "ไม้เฮือน 60", "cat": ["food"], "province": "cm"}}, {"type": "Feature", "geometry": {"type": "Point", "coordinates": [98.8049884, 18.9564517]}, "properties": {"id": "cm-osm-node-3247403107", "name": "ไร่องุ่น สอ บีกา", "cat": ["food"], "province": "cm"}}, {"type": "Feature", "geometry": {"type": "Point", "coordinates": [99.00331, 18.8336147]}, "properties": {"id": "cm-osm-node-3937133678", "name": "ไอดีดี คาเฟ่", "cat": ["food"], "province": "cm"}}, {"type": "Feature", "geometry": {"type": "Point", "coordinates": [98.8957559, 18.6271366]}, "properties": {"id": "cm-osm-node-3322909006", "name": "ไอศกรีมป่าตัน", "cat": ["food"], "province": "cm"}}, {"type": "Feature", "geometry": {"type": "Point", "coordinates": [98.9689346, 18.7942473]}, "properties": {"id": "cm-osm-node-2505598106", "name": "ไอเบอร์รี่", "cat": ["food"], "province": "cm"}}, {"type": "Feature", "geometry": {"type": "Point", "coordinates": [98.9554012, 18.8087695]}, "properties": {"id": "cm-osm-node-4401581789", "name": "๑ Coffee", "cat": ["food"], "province": "cm"}}, {"type": "Feature", "geometry": {"type": "Point", "coordinates": [98.9619579, 18.7992289]}, "properties": {"id": "cm-osm-node-4401581689", "name": "๑Coffee", "cat": ["food"], "province": "cm"}}]}