{"type": "FeatureCollection", "features": [{"type": "Feature", "geometry": {"type": "Point", "coordinates": [99.0040462, 18.7918935]}, "properties": {"id": "cm-osm-way-528019091", "name": "137 Pillars House", "nameTh": null, "nameEn": "137 Pillars House", "cat": ["hotel"], "province": "cm"}}, {"type": "Feature", "geometry": {"type": "Point", "coordinates": [98.9837495, 18.7960672]}, "properties": {"id": "cm-osm-node-3317919575", "name": "168 Chiangmai Guesthouse", "nameTh": null, "nameEn": "168 Chiangmai Guesthouse", "cat": ["hotel"], "province": "cm"}}, {"type": "Feature", "geometry": {"type": "Point", "coordinates": [98.9915843, 18.7920527]}, "properties": {"id": "cm-osm-way-492846799", "name": "18 Cottage", "nameTh": null, "nameEn": "18 Cottage", "cat": ["hotel"], "province": "cm"}}, {"type": "Feature", "geometry": {"type": "Point", "coordinates": [98.9825838, 18.7823873]}, "properties": {"id": "cm-osm-node-6943933187", "name": "2 c’s Sons", "nameTh": null, "nameEn": "2 c’s Sons", "cat": ["hotel"], "province": "cm"}}, {"type": "Feature", "geometry": {"type": "Point", "coordinates": [99.0155006, 18.7029547]}, "properties": {"id": "cm-osm-way-409016697", "name": "21 รีสอร์ท", "nameTh": "21 รีสอร์ท", "nameEn": "The Twenty One Resort", "cat": ["hotel"], "province": "cm"}}, {"type": "Feature", "geometry": {"type": "Point", "coordinates": [98.9839534, 18.7960079]}, "properties": {"id": "cm-osm-node-5995145521", "name": "248 Street Hostel", "nameTh": null, "nameEn": "248 Street Hostel", "cat": ["hotel"], "province": "cm"}}, {"type": "Feature", "geometry": {"type": "Point", "coordinates": [98.9839498, 18.7959753]}, "properties": {"id": "cm-osm-node-5995150123", "name": "248 Street Hostel", "nameTh": null, "nameEn": "248 Street Hostel", "cat": ["hotel"], "province": "cm"}}, {"type": "Feature", "geometry": {"type": "Point", "coordinates": [99.0072848, 18.7069624]}, "properties": {"id": "cm-osm-node-4690434795", "name": "2Brm", "nameTh": null, "nameEn": "2Brm", "cat": ["hotel"], "province": "cm"}}, {"type": "Feature", "geometry": {"type": "Point", "coordinates": [98.9818302, 18.7830856]}, "properties": {"id": "cm-osm-node-13387962071", "name": "3 Laan House", "nameTh": null, "nameEn": "3 Laan House", "cat": ["hotel"], "province": "cm"}}, {"type": "Feature", "geometry": {"type": "Point", "coordinates": [98.9869309, 18.7828585]}, "properties": {"id": "cm-osm-node-12525101601", "name": "33 Poshtel", "nameTh": null, "nameEn": "33 Poshtel", "cat": ["hotel"], "province": "cm"}}, {"type": "Feature", "geometry": {"type": "Point", "coordinates": [98.974149, 18.763768]}, "properties": {"id": "cm-osm-node-1791581376", "name": "3b", "nameTh": null, "nameEn": "3b", "cat": ["hotel"], "province": "cm"}}, {"type": "Feature", "geometry": {"type": "Point", "coordinates": [99.006177, 18.7544731]}, "properties": {"id": "cm-osm-node-7727982409", "name": "42 Cafe & Resort", "nameTh": null, "nameEn": "42 Cafe & Resort", "cat": ["hotel"], "province": "cm"}}, {"type": "Feature", "geometry": {"type": "Point", "coordinates": [99.0061781, 18.754435]}, "properties": {"id": "cm-osm-node-7727948449", "name": "42 Garden", "nameTh": null, "nameEn": "42 Garden", "cat": ["hotel"], "province": "cm"}}, {"type": "Feature", "geometry": {"type": "Point", "coordinates": [98.990012, 18.7823622]}, "properties": {"id": "cm-osm-node-2598509624", "name": "60 Blue", "nameTh": null, "nameEn": "60 Blue", "cat": ["hotel"], "province": "cm"}}, {"type": "Feature", "geometry": {"type": "Point", "coordinates": [98.9899431, 18.782438]}, "properties": {"id": "cm-osm-node-5617175421", "name": "60 Blue House (08-6919-2777)", "nameTh": null, "nameEn": "60 Blue House (08-6919-2777)", "cat": ["hotel"], "province": "cm"}}, {"type": "Feature", "geometry": {"type": "Point", "coordinates": [98.9901562, 18.7949408]}, "properties": {"id": "cm-osm-node-3457855564", "name": "7 Century Guesthouse", "nameTh": null, "nameEn": "7 Century Guesthouse", "cat": ["hotel"], "province": "cm"}}, {"type": "Feature", "geometry": {"type": "Point", "coordinates": [98.9822325, 18.7755211]}, "properties": {"id": "cm-osm-node-11254994641", "name": "84 Gallery", "nameTh": null, "nameEn": "84 Gallery", "cat": ["hotel"], "province": "cm"}}, {"type": "Feature", "geometry": {"type": "Point", "coordinates": [98.9893882, 18.7944282]}, "properties": {"id": "cm-osm-way-578863875", "name": "9 Hostel", "nameTh": null, "nameEn": "9 Hostel", "cat": ["hotel"], "province": "cm"}}, {"type": "Feature", "geometry": {"type": "Point", "coordinates": [98.9830422, 18.7894281]}, "properties": {"id": "cm-osm-node-3804433413", "name": "99 Gallery Hotel", "nameTh": null, "nameEn": "99 Gallery Hotel", "cat": ["hotel"], "province": "cm"}}, {"type": "Feature", "geometry": {"type": "Point", "coordinates": [98.9827421, 18.7890941]}, "properties": {"id": "cm-osm-node-4848162062", "name": "99 The Heritage Hotel", "nameTh": null, "nameEn": "99 The Heritage Hotel", "cat": ["hotel"], "province": "cm"}}, {"type": "Feature", "geometry": {"type": "Point", "coordinates": [98.9928148, 18.7846907]}, "properties": {"id": "cm-osm-way-738808682", "name": "@Home", "nameTh": null, "nameEn": "@Home", "cat": ["hotel"], "province": "cm"}}, {"type": "Feature", "geometry": {"type": "Point", "coordinates": [98.9866417, 18.7884416]}, "properties": {"id": "cm-osm-node-1618892758", "name": "A Cozy Little Hotel", "nameTh": null, "nameEn": "Duang Champa", "cat": ["hotel"], "province": "cm"}}, {"type": "Feature", "geometry": {"type": "Point", "coordinates": [98.991254, 18.7808041]}, "properties": {"id": "cm-osm-way-677271031", "name": "A Dude mini Hostel", "nameTh": null, "nameEn": "A Dude mini Hostel", "cat": ["hotel"], "province": "cm"}}, {"type": "Feature", "geometry": {"type": "Point", "coordinates": [98.9885185, 18.7851177]}, "properties": {"id": "cm-osm-node-7023402878", "name": "A LANNA BOUTIQUE HOUSE", "nameTh": null, "nameEn": "A LANNA BOUTIQUE HOUSE", "cat": ["hotel"], "province": "cm"}}, {"type": "Feature", "geometry": {"type": "Point", "coordinates": [98.9839654, 18.796214]}, "properties": {"id": "cm-osm-node-3317919563", "name": "A Little Bird 2", "nameTh": null, "nameEn": "A Little Bird 2", "cat": ["hotel"], "province": "cm"}}, {"type": "Feature", "geometry": {"type": "Point", "coordinates": [98.9924737, 18.7893933]}, "properties": {"id": "cm-osm-way-481924558", "name": "A.N. House", "nameTh": null, "nameEn": "A.N. House", "cat": ["hotel"], "province": "cm"}}, {"type": "Feature", "geometry": {"type": "Point", "coordinates": [98.9920519, 18.8186827]}, "properties": {"id": "cm-osm-node-1038125603", "name": "A9 Place", "nameTh": null, "nameEn": "A9 Place", "cat": ["hotel"], "province": "cm"}}, {"type": "Feature", "geometry": {"type": "Point", "coordinates": [98.9901827, 18.7793892]}, "properties": {"id": "cm-osm-way-1115111480", "name": "Absolute House", "nameTh": null, "nameEn": "Absolute House", "cat": ["hotel"], "province": "cm"}}, {"type": "Feature", "geometry": {"type": "Point", "coordinates": [98.9767018, 18.7739827]}, "properties": {"id": "cm-osm-node-5033621345", "name": "Airport Resident 2", "nameTh": null, "nameEn": "Airport Resident 2", "cat": ["hotel"], "province": "cm"}}, {"type": "Feature", "geometry": {"type": "Point", "coordinates": [98.9959048, 18.7874554]}, "properties": {"id": "cm-osm-node-12584073101", "name": "Akita Hotel", "nameTh": null, "nameEn": "Akita Hotel", "cat": ["hotel"], "province": "cm"}}, {"type": "Feature", "geometry": {"type": "Point", "coordinates": [98.9913981, 18.7876189]}, "properties": {"id": "cm-osm-node-7203451785", "name": "Aksara Heritage", "nameTh": null, "nameEn": "Aksara Heritage", "cat": ["hotel"], "province": "cm"}}, {"type": "Feature", "geometry": {"type": "Point", "coordinates": [98.9694776, 18.7974118]}, "properties": {"id": "cm-osm-node-4527807293", "name": "Akyra Manor Hotel", "nameTh": null, "nameEn": "Akyra Manor Hotel", "cat": ["hotel"], "province": "cm"}}, {"type": "Feature", "geometry": {"type": "Point", "coordinates": [99.0004546, 18.7705441]}, "properties": {"id": "cm-osm-node-2648578453", "name": "Al-Farooq", "nameTh": null, "nameEn": "Al-Farooq", "cat": ["hotel"], "province": "cm"}}, {"type": "Feature", "geometry": {"type": "Point", "coordinates": [98.991776, 18.783578]}, "properties": {"id": "cm-osm-way-269499244", "name": "All in 1 Guest House", "nameTh": null, "nameEn": "All in 1 Guest House", "cat": ["hotel"], "province": "cm"}}, {"type": "Feature", "geometry": {"type": "Point", "coordinates": [98.9547478, 18.7692228]}, "properties": {"id": "cm-osm-node-13483514193", "name": "Alla Home Chiangmai", "nameTh": null, "nameEn": "Alla Home Chiangmai", "cat": ["hotel"], "province": "cm"}}, {"type": "Feature", "geometry": {"type": "Point", "coordinates": [98.9294024, 18.9215603]}, "properties": {"id": "cm-osm-node-4505524889", "name": "Amaravati Ashram", "nameTh": null, "nameEn": "Amaravati Ashram", "cat": ["hotel"], "province": "cm"}}, {"type": "Feature", "geometry": {"type": "Point", "coordinates": [99.0043285, 18.7793544]}, "properties": {"id": "cm-osm-way-406558106", "name": "Amata Lanna", "nameTh": null, "nameEn": "Amata Lanna", "cat": ["hotel"], "province": "cm"}}, {"type": "Feature", "geometry": {"type": "Point", "coordinates": [98.9940699, 18.791083]}, "properties": {"id": "cm-osm-node-4538026386", "name": "Ammaraphat House", "nameTh": "อมราภัทธ์ เฮาส์", "nameEn": "Ammaraphat House", "cat": ["hotel"], "province": "cm"}}, {"type": "Feature", "geometry": {"type": "Point", "coordinates": [98.9939917, 18.7893718]}, "properties": {"id": "cm-osm-way-481700410", "name": "Amora Chiang Mai", "nameTh": null, "nameEn": "Amora Chiang Mai", "cat": ["hotel"], "province": "cm"}}, {"type": "Feature", "geometry": {"type": "Point", "coordinates": [98.9911389, 18.7890773]}, "properties": {"id": "cm-osm-node-4515424989", "name": "Ampawan Guesthouse", "nameTh": null, "nameEn": "Ampawan Guesthouse", "cat": ["hotel"], "province": "cm"}}, {"type": "Feature", "geometry": {"type": "Point", "coordinates": [98.9926246, 18.7920068]}, "properties": {"id": "cm-osm-node-3419009693", "name": "Amy House", "nameTh": null, "nameEn": "Amy House", "cat": ["hotel"], "province": "cm"}}, {"type": "Feature", "geometry": {"type": "Point", "coordinates": [99.003897, 18.7819529]}, "properties": {"id": "cm-osm-node-1030346574", "name": "Anantara Chiang Mai 下午茶", "nameTh": null, "nameEn": "Anantara Chiang Mai 下午茶", "cat": ["hotel"], "province": "cm"}}, {"type": "Feature", "geometry": {"type": "Point", "coordinates": [98.9848852, 18.7951228]}, "properties": {"id": "cm-osm-way-763501602", "name": "Anika Boutique Hotel", "nameTh": null, "nameEn": "Anika Boutique Hotel", "cat": ["hotel"], "province": "cm"}}, {"type": "Feature", "geometry": {"type": "Point", "coordinates": [98.9814921, 18.7848565]}, "properties": {"id": "cm-osm-node-7005642039", "name": "Anumat Premium Budget", "nameTh": null, "nameEn": "Anumat Premium Budget", "cat": ["hotel"], "province": "cm"}}, {"type": "Feature", "geometry": {"type": "Point", "coordinates": [98.9084639, 18.9088392]}, "properties": {"id": "cm-osm-way-742756555", "name": "Aom Tarn Garden", "nameTh": null, "nameEn": "Aom Tarn Garden", "cat": ["hotel"], "province": "cm"}}, {"type": "Feature", "geometry": {"type": "Point", "coordinates": [98.9824167, 18.7842186]}, "properties": {"id": "cm-osm-node-11389382758", "name": "Archita House", "nameTh": null, "nameEn": "Archita House", "cat": ["hotel"], "province": "cm"}}, {"type": "Feature", "geometry": {"type": "Point", "coordinates": [98.9953669, 18.7926015]}, "properties": {"id": "cm-osm-node-7194771787", "name": "Arku's Guesthouse", "nameTh": null, "nameEn": "Arku's Guesthouse", "cat": ["hotel"], "province": "cm"}}, {"type": "Feature", "geometry": {"type": "Point", "coordinates": [98.98386, 18.789919]}, "properties": {"id": "cm-osm-way-1028906329", "name": "Art Café Guesthouse", "nameTh": null, "nameEn": "Art Café Guesthouse", "cat": ["hotel"], "province": "cm"}}, {"type": "Feature", "geometry": {"type": "Point", "coordinates": [98.969105, 18.7992179]}, "properties": {"id": "cm-osm-way-372055123", "name": "Art Mai Gallery Nimman Hotel", "nameTh": null, "nameEn": "Art Mai Gallery Nimman Hotel", "cat": ["hotel"], "province": "cm"}}, {"type": "Feature", "geometry": {"type": "Point", "coordinates": [98.9687591, 18.79921]}, "properties": {"id": "cm-osm-node-6215543160", "name": "Art Mai?", "nameTh": null, "nameEn": "Art Mai?", "cat": ["hotel"], "province": "cm"}}, {"type": "Feature", "geometry": {"type": "Point", "coordinates": [98.9921506, 18.7925639]}, "properties": {"id": "cm-osm-way-308548090", "name": "Arte House", "nameTh": null, "nameEn": "Arte House", "cat": ["hotel"], "province": "cm"}}, {"type": "Feature", "geometry": {"type": "Point", "coordinates": [98.990307, 18.7894249]}, "properties": {"id": "cm-osm-node-11730346008", "name": "Arun Rawee Hotel", "nameTh": null, "nameEn": "Arun Rawee Hotel", "cat": ["hotel"], "province": "cm"}}, {"type": "Feature", "geometry": {"type": "Point", "coordinates": [99.0011535, 18.7689357]}, "properties": {"id": "cm-osm-node-2648578461", "name": "Aruntara", "nameTh": null, "nameEn": "Aruntara", "cat": ["hotel"], "province": "cm"}}, {"type": "Feature", "geometry": {"type": "Point", "coordinates": [98.9952655, 18.7898865]}, "properties": {"id": "cm-osm-node-10245740618", "name": "Ashi Hostel", "nameTh": null, "nameEn": "Ashi Hostel", "cat": ["hotel"], "province": "cm"}}, {"type": "Feature", "geometry": {"type": "Point", "coordinates": [98.9984312, 18.7722659]}, "properties": {"id": "cm-osm-node-11510578834", "name": "Astra Sky River", "nameTh": null, "nameEn": "Astra Sky River", "cat": ["hotel"], "province": "cm"}}, {"type": "Feature", "geometry": {"type": "Point", "coordinates": [98.9840097, 18.7975657]}, "properties": {"id": "cm-osm-node-4287034991", "name": "At Baan Khun 2", "nameTh": null, "nameEn": "At Baan Khun 2", "cat": ["hotel"], "province": "cm"}}, {"type": "Feature", "geometry": {"type": "Point", "coordinates": [98.9892152, 18.7904464]}, "properties": {"id": "cm-osm-way-324215297", "name": "At Chiang Mai Hotel", "nameTh": null, "nameEn": "At Chiang Mai Hotel", "cat": ["hotel"], "province": "cm"}}, {"type": "Feature", "geometry": {"type": "Point", "coordinates": [98.9680023, 18.8096504]}, "properties": {"id": "cm-osm-node-6947313597", "name": "At Home Chiangmai", "nameTh": null, "nameEn": "At Home Chiangmai", "cat": ["hotel"], "province": "cm"}}, {"type": "Feature", "geometry": {"type": "Point", "coordinates": [98.9795591, 18.7887532]}, "properties": {"id": "cm-osm-node-12915490816", "name": "At Phra Sing Retro Guest House", "nameTh": null, "nameEn": "At Phra Sing Retro Guest House", "cat": ["hotel"], "province": "cm"}}, {"type": "Feature", "geometry": {"type": "Point", "coordinates": [98.9631542, 18.7961434]}, "properties": {"id": "cm-osm-node-4596413941", "name": "At Pingnakorn", "nameTh": null, "nameEn": "At Pingnakorn", "cat": ["hotel"], "province": "cm"}}, {"type": "Feature", "geometry": {"type": "Point", "coordinates": [99.0054677, 18.8027494]}, "properties": {"id": "cm-osm-node-13522761401", "name": "At Pingnakorn Riverside", "nameTh": null, "nameEn": "At Pingnakorn Riverside", "cat": ["hotel"], "province": "cm"}}, {"type": "Feature", "geometry": {"type": "Point", "coordinates": [98.9921969, 18.7885939]}, "properties": {"id": "cm-osm-node-631562393", "name": "Awana House", "nameTh": null, "nameEn": "Awana House", "cat": ["hotel"], "province": "cm"}}, {"type": "Feature", "geometry": {"type": "Point", "coordinates": [98.9948899, 18.786428]}, "properties": {"id": "cm-osm-node-12642191034", "name": "Away Chiang Mai Thapae Resort", "nameTh": null, "nameEn": "Away Chiang Mai Thapae Resort", "cat": ["hotel"], "province": "cm"}}, {"type": "Feature", "geometry": {"type": "Point", "coordinates": [98.9115967, 18.925467]}, "properties": {"id": "cm-osm-node-2162425341", "name": "Away Suansawan Chiang Mai", "nameTh": null, "nameEn": "Away Suansawan Chiang Mai", "cat": ["hotel"], "province": "cm"}}, {"type": "Feature", "geometry": {"type": "Point", "coordinates": [98.9839717, 18.7968188]}, "properties": {"id": "cm-osm-node-4226232291", "name": "A・MA・KA", "nameTh": null, "nameEn": "A・MA・KA", "cat": ["hotel"], "province": "cm"}}, {"type": "Feature", "geometry": {"type": "Point", "coordinates": [98.979975, 18.7876363]}, "properties": {"id": "cm-osm-way-623154486", "name": "B House Boutique Hotel", "nameTh": null, "nameEn": "B House Boutique Hotel", "cat": ["hotel"], "province": "cm"}}, {"type": "Feature", "geometry": {"type": "Point", "coordinates": [98.9962056, 18.777329]}, "properties": {"id": "cm-osm-node-725620342", "name": "B.M.P. House", "nameTh": null, "nameEn": "B.M.P. House", "cat": ["hotel"], "province": "cm"}}, {"type": "Feature", "geometry": {"type": "Point", "coordinates": [98.9904438, 18.7765695]}, "properties": {"id": "cm-osm-way-334131500", "name": "B.M.P. Resident", "nameTh": null, "nameEn": "B.M.P. Residence", "cat": ["hotel"], "province": "cm"}}, {"type": "Feature", "geometry": {"type": "Point", "coordinates": [98.9900445, 18.7940268]}, "properties": {"id": "cm-osm-node-2678556812", "name": "B1 Guesthouse", "nameTh": null, "nameEn": "B1 Guesthouse", "cat": ["hotel"], "province": "cm"}}, {"type": "Feature", "geometry": {"type": "Point", "coordinates": [98.9813606, 18.7762037]}, "properties": {"id": "cm-osm-node-11232923207", "name": "B2", "nameTh": null, "nameEn": "B2", "cat": ["hotel"], "province": "cm"}}, {"type": "Feature", "geometry": {"type": "Point", "coordinates": [98.9861653, 18.7700365]}, "properties": {"id": "cm-osm-way-669262548", "name": "B2 Airport Hotel", "nameTh": null, "nameEn": "B2 Airport Hotel", "cat": ["hotel"], "province": "cm"}}, {"type": "Feature", "geometry": {"type": "Point", "coordinates": [98.9638112, 18.8205072]}, "properties": {"id": "cm-osm-way-200686330", "name": "B2 Black - Business & Budget", "nameTh": null, "nameEn": "B2 Black - Business & Budget", "cat": ["hotel"], "province": "cm"}}, {"type": "Feature", "geometry": {"type": "Point", "coordinates": [99.0170562, 18.7594099]}, "properties": {"id": "cm-osm-way-333769664", "name": "B2 Boutique & Budget", "nameTh": null, "nameEn": "B2 Boutique & Budget", "cat": ["hotel"], "province": "cm"}}, {"type": "Feature", "geometry": {"type": "Point", "coordinates": [98.9760899, 18.8001499]}, "properties": {"id": "cm-osm-way-332230162", "name": "B2 Green", "nameTh": null, "nameEn": "B2 Green", "cat": ["hotel"], "province": "cm"}}, {"type": "Feature", "geometry": {"type": "Point", "coordinates": [98.9937645, 18.8463031]}, "properties": {"id": "cm-osm-way-317522725", "name": "B2 Hotel", "nameTh": null, "nameEn": "B2 Hotel", "cat": ["hotel"], "province": "cm"}}, {"type": "Feature", "geometry": {"type": "Point", "coordinates": [98.9968559, 18.8113496]}, "properties": {"id": "cm-osm-way-317342480", "name": "B2 Khamtieng Boutique & Budget Hotel", "nameTh": null, "nameEn": "B2 Khamtieng Boutique & Budget Hotel", "cat": ["hotel"], "province": "cm"}}, {"type": "Feature", "geometry": {"type": "Point", "coordinates": [98.980124, 18.8158865]}, "properties": {"id": "cm-osm-way-512268454", "name": "B2 Mountain Condotel", "nameTh": null, "nameEn": "B2 Mountain Condotel", "cat": ["hotel"], "province": "cm"}}, {"type": "Feature", "geometry": {"type": "Point", "coordinates": [98.9509575, 18.7732664]}, "properties": {"id": "cm-osm-way-334869221", "name": "B2 Premier", "nameTh": null, "nameEn": "B2 Premier", "cat": ["hotel"], "province": "cm"}}, {"type": "Feature", "geometry": {"type": "Point", "coordinates": [98.971423, 18.7955819]}, "properties": {"id": "cm-osm-way-481787808", "name": "B2 Premier @Nimman", "nameTh": null, "nameEn": "B2 Premier @Nimman", "cat": ["hotel"], "province": "cm"}}, {"type": "Feature", "geometry": {"type": "Point", "coordinates": [98.9734847, 18.8042237]}, "properties": {"id": "cm-osm-way-324396141", "name": "B2 Santitham", "nameTh": null, "nameEn": "B2 Santitham", "cat": ["hotel"], "province": "cm"}}, {"type": "Feature", "geometry": {"type": "Point", "coordinates": [98.9790568, 18.8086805]}, "properties": {"id": "cm-osm-way-204080024", "name": "B2 Santitham (Wat Jed Yod)", "nameTh": null, "nameEn": "B2 Santitham (Wat Jed Yod)", "cat": ["hotel"], "province": "cm"}}, {"type": "Feature", "geometry": {"type": "Point", "coordinates": [98.9926903, 18.7917817]}, "properties": {"id": "cm-osm-node-3419009694", "name": "BB House", "nameTh": null, "nameEn": "BB House", "cat": ["hotel"], "province": "cm"}}, {"type": "Feature", "geometry": {"type": "Point", "coordinates": [98.9927085, 18.7917906]}, "properties": {"id": "cm-osm-node-11991482669", "name": "BB House Budget & Boutique Chiangmai", "nameTh": null, "nameEn": "BB House Budget & Boutique Chiangmai", "cat": ["hotel"], "province": "cm"}}, {"type": "Feature", "geometry": {"type": "Point", "coordinates": [98.9945685, 18.7785076]}, "properties": {"id": "cm-osm-node-12330971701", "name": "BB House Chiang Mai", "nameTh": null, "nameEn": "BB House Chiang Mai", "cat": ["hotel"], "province": "cm"}}, {"type": "Feature", "geometry": {"type": "Point", "coordinates": [98.992332, 18.7925789]}, "properties": {"id": "cm-osm-way-578853339", "name": "BB Mantra Hotel", "nameTh": null, "nameEn": "BB Mantra Hotel", "cat": ["hotel"], "province": "cm"}}, {"type": "Feature", "geometry": {"type": "Point", "coordinates": [98.9904986, 18.7864672]}, "properties": {"id": "cm-osm-node-1583597330", "name": "BE BEEz Cafe & Guest House", "nameTh": null, "nameEn": "BE BEEz Cafe & Guest House", "cat": ["hotel"], "province": "cm"}}, {"type": "Feature", "geometry": {"type": "Point", "coordinates": [98.9815065, 18.7872786]}, "properties": {"id": "cm-osm-way-623154476", "name": "BED Hotel", "nameTh": null, "nameEn": "BED Hotel", "cat": ["hotel"], "province": "cm"}}, {"type": "Feature", "geometry": {"type": "Point", "coordinates": [98.9899728, 18.7795568]}, "properties": {"id": "cm-osm-node-4511392491", "name": "BIG&O's House 2", "nameTh": null, "nameEn": "BIG&O's House 2", "cat": ["hotel"], "province": "cm"}}, {"type": "Feature", "geometry": {"type": "Point", "coordinates": [98.9830763, 18.785909]}, "properties": {"id": "cm-osm-node-1123937928", "name": "BP Chiang Mai City Hotel", "nameTh": "โรงแรมบีพี เชียงใหม่ ซิตี้", "nameEn": "BP Chiang Mai City Hotel", "cat": ["hotel"], "province": "cm"}}, {"type": "Feature", "geometry": {"type": "Point", "coordinates": [98.9054021, 18.8419648]}, "properties": {"id": "cm-osm-way-1214209668", "name": "Ba Rung Cafe & Home Stay", "nameTh": null, "nameEn": "Ba Rung Cafe & Home Stay", "cat": ["hotel"], "province": "cm"}}, {"type": "Feature", "geometry": {"type": "Point", "coordinates": [98.983872, 18.7835191]}, "properties": {"id": "cm-osm-node-3384133219", "name": "Baan Arlhan", "nameTh": null, "nameEn": "Baan Arlhan", "cat": ["hotel"], "province": "cm"}}, {"type": "Feature", "geometry": {"type": "Point", "coordinates": [98.9808837, 18.7903262]}, "properties": {"id": "cm-osm-node-3385507272", "name": "Baan Boo Loo", "nameTh": null, "nameEn": "Baan Boo Loo", "cat": ["hotel"], "province": "cm"}}, {"type": "Feature", "geometry": {"type": "Point", "coordinates": [99.1404258, 18.8590834]}, "properties": {"id": "cm-osm-node-4548468065", "name": "Baan Chai Thung Resort", "nameTh": null, "nameEn": "Baan Chai Thung Resort", "cat": ["hotel"], "province": "cm"}}, {"type": "Feature", "geometry": {"type": "Point", "coordinates": [98.9851226, 18.7821859]}, "properties": {"id": "cm-osm-way-537731512", "name": "Baan Chern Chiangmai", "nameTh": null, "nameEn": "Baan Chern Chiangmai", "cat": ["hotel"], "province": "cm"}}, {"type": "Feature", "geometry": {"type": "Point", "coordinates": [98.99049, 18.7943212]}, "properties": {"id": "cm-osm-node-11309883669", "name": "Baan Chiang Maan", "nameTh": null, "nameEn": "Baan Chiang Maan", "cat": ["hotel"], "province": "cm"}}, {"type": "Feature", "geometry": {"type": "Point", "coordinates": [98.9901571, 18.7943446]}, "properties": {"id": "cm-osm-node-11362321469", "name": "Baan Chiang Maan", "nameTh": null, "nameEn": "Baan Chiang Maan", "cat": ["hotel"], "province": "cm"}}, {"type": "Feature", "geometry": {"type": "Point", "coordinates": [98.995402, 18.7830433]}, "properties": {"id": "cm-osm-way-362998783", "name": "Baan Chiang Noi", "nameTh": null, "nameEn": "Baan Chiang Noi", "cat": ["hotel"], "province": "cm"}}, {"type": "Feature", "geometry": {"type": "Point", "coordinates": [99.1258147, 18.8713213]}, "properties": {"id": "cm-osm-node-4811291679", "name": "Baan Chiangroong", "nameTh": null, "nameEn": "Baan Chiangroong", "cat": ["hotel"], "province": "cm"}}, {"type": "Feature", "geometry": {"type": "Point", "coordinates": [99.002384, 18.7924404]}, "properties": {"id": "cm-osm-way-528019086", "name": "Baan Chonpakorn", "nameTh": null, "nameEn": "Baan Chonpakorn", "cat": ["hotel"], "province": "cm"}}, {"type": "Feature", "geometry": {"type": "Point", "coordinates": [98.9836512, 18.7831598]}, "properties": {"id": "cm-osm-node-14002214448", "name": "Baan Elephant Home", "nameTh": null, "nameEn": "Baan Elephant Home", "cat": ["hotel"], "province": "cm"}}, {"type": "Feature", "geometry": {"type": "Point", "coordinates": [98.999139, 18.8163158]}, "properties": {"id": "cm-osm-node-2080149739", "name": "Baan Gong Kham Resort & Wedding", "nameTh": null, "nameEn": "Baan Gong Kham Resort & Wedding", "cat": ["hotel"], "province": "cm"}}, {"type": "Feature", "geometry": {"type": "Point", "coordinates": [98.9870286, 18.7855121]}, "properties": {"id": "cm-osm-way-623159392", "name": "Baan Huen Phen", "nameTh": null, "nameEn": "Baan Huen Phen", "cat": ["hotel"], "province": "cm"}}, {"type": "Feature", "geometry": {"type": "Point", "coordinates": [99.0053153, 18.782973]}, "properties": {"id": "cm-osm-way-393564249", "name": "Baan Ing Ping", "nameTh": null, "nameEn": "Baan Ing Ping", "cat": ["hotel"], "province": "cm"}}, {"type": "Feature", "geometry": {"type": "Point", "coordinates": [98.9630328, 18.7893683]}, "properties": {"id": "cm-osm-node-9384968017", "name": "Baan Kaewta", "nameTh": null, "nameEn": "Baan Kaewta", "cat": ["hotel"], "province": "cm"}}, {"type": "Feature", "geometry": {"type": "Point", "coordinates": [98.997314, 18.7881465]}, "properties": {"id": "cm-osm-node-3141454929", "name": "Baan Khun Hostel", "nameTh": null, "nameEn": "Baan Khun Hostel", "cat": ["hotel"], "province": "cm"}}, {"type": "Feature", "geometry": {"type": "Point", "coordinates": [98.990604, 18.7888683]}, "properties": {"id": "cm-osm-node-6101677968", "name": "Baan Khun Krub", "nameTh": null, "nameEn": "Baan Khun Krub", "cat": ["hotel"], "province": "cm"}}, {"type": "Feature", "geometry": {"type": "Point", "coordinates": [98.9852499, 18.7838918]}, "properties": {"id": "cm-osm-way-590950945", "name": "Baan Klang Wiang", "nameTh": "Baan Klang Wiang", "nameEn": "Villa Klang Wiang", "cat": ["hotel"], "province": "cm"}}, {"type": "Feature", "geometry": {"type": "Point", "coordinates": [98.9859582, 18.7826076]}, "properties": {"id": "cm-osm-way-669396924", "name": "Baan Klang Wiang", "nameTh": null, "nameEn": "Baan Klang Wiang", "cat": ["hotel"], "province": "cm"}}, {"type": "Feature", "geometry": {"type": "Point", "coordinates": [99.0129963, 18.806892]}, "properties": {"id": "cm-osm-way-193284475", "name": "Baan Kob Kum", "nameTh": null, "nameEn": "Baan Kob Kum", "cat": ["hotel"], "province": "cm"}}, {"type": "Feature", "geometry": {"type": "Point", "coordinates": [98.9855672, 18.7935195]}, "properties": {"id": "cm-osm-node-10187212917", "name": "Baan Lung Poshtel", "nameTh": "Baan Lung Poshtel & Cafe", "nameEn": null, "cat": ["hotel"], "province": "cm"}}, {"type": "Feature", "geometry": {"type": "Point", "coordinates": [98.8050598, 18.9154842]}, "properties": {"id": "cm-osm-node-6204941285", "name": "Baan Medbua Resorts", "nameTh": null, "nameEn": "Baan Medbua Resorts", "cat": ["hotel"], "province": "cm"}}, {"type": "Feature", "geometry": {"type": "Point", "coordinates": [98.9893237, 18.7866132]}, "properties": {"id": "cm-osm-node-3419811893", "name": "Baan Montien", "nameTh": null, "nameEn": "Baan Montien", "cat": ["hotel"], "province": "cm"}}, {"type": "Feature", "geometry": {"type": "Point", "coordinates": [98.9897454, 18.7825108]}, "properties": {"id": "cm-osm-node-2598596230", "name": "Baan NaNa", "nameTh": null, "nameEn": "Baan NaNa", "cat": ["hotel"], "province": "cm"}}, {"type": "Feature", "geometry": {"type": "Point", "coordinates": [98.9819021, 18.7947193]}, "properties": {"id": "cm-osm-way-623146084", "name": "Baan Nalin Hometel", "nameTh": null, "nameEn": "Baan Nalin Hometel", "cat": ["hotel"], "province": "cm"}}, {"type": "Feature", "geometry": {"type": "Point", "coordinates": [98.9705468, 18.6686978]}, "properties": {"id": "cm-osm-relation-20053330", "name": "Baan Nam Ping Riverside Homestay", "nameTh": null, "nameEn": "Baan Nam Ping Riverside Homestay", "cat": ["hotel"], "province": "cm"}}, {"type": "Feature", "geometry": {"type": "Point", "coordinates": [98.9904823, 18.7820955]}, "properties": {"id": "cm-osm-node-6185566685", "name": "Baan Nantaya", "nameTh": null, "nameEn": "Baan Nantaya", "cat": ["hotel"], "province": "cm"}}, {"type": "Feature", "geometry": {"type": "Point", "coordinates": [98.9835432, 18.7852926]}, "properties": {"id": "cm-osm-way-666931295", "name": "Baan Oonjai", "nameTh": null, "nameEn": "Baan Oonjai", "cat": ["hotel"], "province": "cm"}}, {"type": "Feature", "geometry": {"type": "Point", "coordinates": [99.0022175, 18.7930231]}, "properties": {"id": "cm-osm-node-3440864913", "name": "Baan Orapin", "nameTh": null, "nameEn": "Baan Orapin", "cat": ["hotel"], "province": "cm"}}, {"type": "Feature", "geometry": {"type": "Point", "coordinates": [99.0024442, 18.8456687]}, "properties": {"id": "cm-osm-way-650462847", "name": "Baan Pakpon", "nameTh": null, "nameEn": "Baan Pakpon", "cat": ["hotel"], "province": "cm"}}, {"type": "Feature", "geometry": {"type": "Point", "coordinates": [98.9944082, 18.7935375]}, "properties": {"id": "cm-osm-node-3418983402", "name": "Baan Pim", "nameTh": null, "nameEn": "Baan Pim", "cat": ["hotel"], "province": "cm"}}, {"type": "Feature", "geometry": {"type": "Point", "coordinates": [98.99237, 18.7929072]}, "properties": {"id": "cm-osm-way-578863867", "name": "Baan Rachaya Guest House", "nameTh": null, "nameEn": "Baan Rachaya Guest House", "cat": ["hotel"], "province": "cm"}}, {"type": "Feature", "geometry": {"type": "Point", "coordinates": [99.0158487, 18.7982482]}, "properties": {"id": "cm-osm-node-6226756882", "name": "Baan Sabai", "nameTh": null, "nameEn": "Baan Sabai", "cat": ["hotel"], "province": "cm"}}, {"type": "Feature", "geometry": {"type": "Point", "coordinates": [99.000158, 18.8291791]}, "properties": {"id": "cm-osm-way-329824426", "name": "Baan Sabai Spa Village", "nameTh": null, "nameEn": "Baan Sabai Spa Village", "cat": ["hotel"], "province": "cm"}}, {"type": "Feature", "geometry": {"type": "Point", "coordinates": [98.9978681, 18.7890975]}, "properties": {"id": "cm-osm-way-576838828", "name": "Baan Saen Fang", "nameTh": null, "nameEn": "Baan Saen Fang", "cat": ["hotel"], "province": "cm"}}, {"type": "Feature", "geometry": {"type": "Point", "coordinates": [98.912952, 18.9228575]}, "properties": {"id": "cm-osm-node-4397184513", "name": "Baan Sak Tong", "nameTh": null, "nameEn": "Baan Sak Tong", "cat": ["hotel"], "province": "cm"}}, {"type": "Feature", "geometry": {"type": "Point", "coordinates": [98.9923839, 18.7789267]}, "properties": {"id": "cm-osm-way-766825732", "name": "Baan Sang Singh", "nameTh": null, "nameEn": "Baan Sang Singh", "cat": ["hotel"], "province": "cm"}}, {"type": "Feature", "geometry": {"type": "Point", "coordinates": [98.9911251, 18.7927014]}, "properties": {"id": "cm-osm-node-6579572174", "name": "Baan Siwali", "nameTh": null, "nameEn": "Baan Siwali", "cat": ["hotel"], "province": "cm"}}, {"type": "Feature", "geometry": {"type": "Point", "coordinates": [99.0015954, 18.7949066]}, "properties": {"id": "cm-osm-node-3298594889", "name": "Baan Song Jum", "nameTh": null, "nameEn": "Baan Song Jum", "cat": ["hotel"], "province": "cm"}}, {"type": "Feature", "geometry": {"type": "Point", "coordinates": [98.9843101, 18.7706112]}, "properties": {"id": "cm-osm-way-653545560", "name": "Baan Thai Resort", "nameTh": null, "nameEn": "Baan Thai Resort", "cat": ["hotel"], "province": "cm"}}, {"type": "Feature", "geometry": {"type": "Point", "coordinates": [98.9792513, 18.7980168]}, "properties": {"id": "cm-osm-node-3285318961", "name": "Baan Thalang", "nameTh": null, "nameEn": "Baan Thalang", "cat": ["hotel"], "province": "cm"}}, {"type": "Feature", "geometry": {"type": "Point", "coordinates": [99.0007439, 18.7878704]}, "properties": {"id": "cm-osm-node-3417501635", "name": "Baan Thapae", "nameTh": null, "nameEn": "Baan Thapae", "cat": ["hotel"], "province": "cm"}}, {"type": "Feature", "geometry": {"type": "Point", "coordinates": [98.9551216, 18.9275508]}, "properties": {"id": "cm-osm-node-11524482329", "name": "Baan Tung Boon Lom Homestay", "nameTh": null, "nameEn": "Baan Tung Boon Lom Homestay", "cat": ["hotel"], "province": "cm"}}, {"type": "Feature", "geometry": {"type": "Point", "coordinates": [98.9791063, 18.7692109]}, "properties": {"id": "cm-osm-way-1083806047", "name": "Baan U Sabai Boutique House", "nameTh": null, "nameEn": "Mahidon Road", "cat": ["hotel"], "province": "cm"}}, {"type": "Feature", "geometry": {"type": "Point", "coordinates": [98.9846385, 18.7335142]}, "properties": {"id": "cm-osm-node-5154391794", "name": "Baan Vartika @ ping", "nameTh": null, "nameEn": "Baan Vartika @ ping", "cat": ["hotel"], "province": "cm"}}, {"type": "Feature", "geometry": {"type": "Point", "coordinates": [99.1292718, 18.9060739]}, "properties": {"id": "cm-osm-node-6067653585", "name": "Baan Wattana", "nameTh": null, "nameEn": "Baan Wattana", "cat": ["hotel"], "province": "cm"}}, {"type": "Feature", "geometry": {"type": "Point", "coordinates": [98.9846088, 18.775959]}, "properties": {"id": "cm-osm-node-6862246249", "name": "Baan Yai Phun", "nameTh": null, "nameEn": "Baan Yai Phun", "cat": ["hotel"], "province": "cm"}}, {"type": "Feature", "geometry": {"type": "Point", "coordinates": [98.9729873, 18.8871824]}, "properties": {"id": "cm-osm-node-3981305250", "name": "Baan88", "nameTh": null, "nameEn": "Baan88", "cat": ["hotel"], "province": "cm"}}, {"type": "Feature", "geometry": {"type": "Point", "coordinates": [98.9889682, 18.7893522]}, "properties": {"id": "cm-osm-node-4504443190", "name": "Baanpordee", "nameTh": null, "nameEn": "Baanpordee", "cat": ["hotel"], "province": "cm"}}, {"type": "Feature", "geometry": {"type": "Point", "coordinates": [98.9673898, 18.7986177]}, "properties": {"id": "cm-osm-node-2706621155", "name": "Baansayla", "nameTh": null, "nameEn": "Baan Say-La", "cat": ["hotel"], "province": "cm"}}, {"type": "Feature", "geometry": {"type": "Point", "coordinates": [98.9767941, 18.7944367]}, "properties": {"id": "cm-osm-node-12295719270", "name": "Baansuan in Town", "nameTh": null, "nameEn": "Baansuan in Town", "cat": ["hotel"], "province": "cm"}}, {"type": "Feature", "geometry": {"type": "Point", "coordinates": [98.9759816, 18.9677267]}, "properties": {"id": "cm-osm-node-13408873756", "name": "Baansuanpurajit", "nameTh": "บ้านสวนภูรจิตร", "nameEn": "Baansuanpurajit", "cat": ["hotel"], "province": "cm"}}, {"type": "Feature", "geometry": {"type": "Point", "coordinates": [98.9481742, 18.764574]}, "properties": {"id": "cm-osm-way-448935886", "name": "Baansureepan", "nameTh": null, "nameEn": "Baansureepan", "cat": ["hotel"], "province": "cm"}}, {"type": "Feature", "geometry": {"type": "Point", "coordinates": [98.9847229, 18.7827543]}, "properties": {"id": "cm-osm-node-6483208887", "name": "Baba Pim Villa", "nameTh": null, "nameEn": "Baba Pim Villa", "cat": ["hotel"], "province": "cm"}}, {"type": "Feature", "geometry": {"type": "Point", "coordinates": [98.9969215, 18.7855089]}, "properties": {"id": "cm-osm-way-482773835", "name": "Babara", "nameTh": null, "nameEn": "Babara", "cat": ["hotel"], "province": "cm"}}, {"type": "Feature", "geometry": {"type": "Point", "coordinates": [98.8355149, 18.8962329]}, "properties": {"id": "cm-osm-way-405215143", "name": "Baen Tong Bai", "nameTh": null, "nameEn": "Baen Tong Bai", "cat": ["hotel"], "province": "cm"}}, {"type": "Feature", "geometry": {"type": "Point", "coordinates": [98.9638211, 18.8093383]}, "properties": {"id": "cm-osm-way-488645283", "name": "Baisiri Maya", "nameTh": "Baisiri Maya", "nameEn": null, "cat": ["hotel"], "province": "cm"}}, {"type": "Feature", "geometry": {"type": "Point", "coordinates": [98.9919753, 18.7766802]}, "properties": {"id": "cm-osm-node-12284801516", "name": "Baitong Homestay", "nameTh": null, "nameEn": "Baitong Homestay", "cat": ["hotel"], "province": "cm"}}, {"type": "Feature", "geometry": {"type": "Point", "coordinates": [98.9656229, 18.7962528]}, "properties": {"id": "cm-osm-way-276724649", "name": "Baiyoke Ciao Hotel", "nameTh": null, "nameEn": "Baiyoke Ciao Hotel", "cat": ["hotel"], "province": "cm"}}, {"type": "Feature", "geometry": {"type": "Point", "coordinates": [98.9669942, 18.7951788]}, "properties": {"id": "cm-osm-node-10245740616", "name": "Bake Room Hostel", "nameTh": null, "nameEn": "Bake Room Hostel", "cat": ["hotel"], "province": "cm"}}, {"type": "Feature", "geometry": {"type": "Point", "coordinates": [98.9900194, 18.7901702]}, "properties": {"id": "cm-osm-node-4623084589", "name": "Bamboo 99 Guest House", "nameTh": null, "nameEn": "Bamboo 99 Guest House", "cat": ["hotel"], "province": "cm"}}, {"type": "Feature", "geometry": {"type": "Point", "coordinates": [98.9732736, 18.7959211]}, "properties": {"id": "cm-osm-way-386210686", "name": "Bamboo Hostel", "nameTh": null, "nameEn": "Bamboo Hostel", "cat": ["hotel"], "province": "cm"}}, {"type": "Feature", "geometry": {"type": "Point", "coordinates": [98.9604274, 18.7839291]}, "properties": {"id": "cm-osm-way-483226271", "name": "Bamboori", "nameTh": null, "nameEn": "Bamboori", "cat": ["hotel"], "province": "cm"}}, {"type": "Feature", "geometry": {"type": "Point", "coordinates": [98.9789641, 18.8026226]}, "properties": {"id": "cm-osm-node-9785880597", "name": "Ban Kong Rao Guesthouse", "nameTh": null, "nameEn": "Ban Kong Rao Guesthouse", "cat": ["hotel"], "province": "cm"}}, {"type": "Feature", "geometry": {"type": "Point", "coordinates": [99.016429, 18.798024]}, "properties": {"id": "cm-osm-node-4610154390", "name": "Ban Maitree", "nameTh": null, "nameEn": "Ban Maitree", "cat": ["hotel"], "province": "cm"}}, {"type": "Feature", "geometry": {"type": "Point", "coordinates": [99.0042255, 18.7863319]}, "properties": {"id": "cm-osm-way-1346303185", "name": "Ban Narai River Guesthouse", "nameTh": null, "nameEn": "Ban Narai River Guesthouse", "cat": ["hotel"], "province": "cm"}}, {"type": "Feature", "geometry": {"type": "Point", "coordinates": [98.9195052, 18.904423]}, "properties": {"id": "cm-osm-node-3136584884", "name": "Ban Rai Thin Thai Ngarm Eco lodge", "nameTh": null, "nameEn": "Ban Rai Thin Thai Ngarm Eco lodge", "cat": ["hotel"], "province": "cm"}}, {"type": "Feature", "geometry": {"type": "Point", "coordinates": [98.9919982, 18.7897956]}, "properties": {"id": "cm-osm-node-1133605464", "name": "Ban Wiang", "nameTh": null, "nameEn": "Ban Wiang", "cat": ["hotel"], "province": "cm"}}, {"type": "Feature", "geometry": {"type": "Point", "coordinates": [98.9920465, 18.7051423]}, "properties": {"id": "cm-osm-node-12860015601", "name": "BanWongdee", "nameTh": null, "nameEn": "BanWongdee", "cat": ["hotel"], "province": "cm"}}, {"type": "Feature", "geometry": {"type": "Point", "coordinates": [98.9920069, 18.7843043]}, "properties": {"id": "cm-osm-node-4785104788", "name": "Banh Mi", "nameTh": null, "nameEn": "Banh Mi", "cat": ["hotel"], "province": "cm"}}, {"type": "Feature", "geometry": {"type": "Point", "coordinates": [98.9795531, 18.8045117]}, "properties": {"id": "cm-osm-node-1196152588", "name": "Banilah", "nameTh": null, "nameEn": "Banilah", "cat": ["hotel"], "province": "cm"}}, {"type": "Feature", "geometry": {"type": "Point", "coordinates": [99.0395136, 18.7783334]}, "properties": {"id": "cm-osm-way-370423804", "name": "Bann Tazala", "nameTh": null, "nameEn": "Bann Tazala", "cat": ["hotel"], "province": "cm"}}, {"type": "Feature", "geometry": {"type": "Point", "coordinates": [98.9979528, 18.7869525]}, "properties": {"id": "cm-osm-way-391038248", "name": "Banthai Village", "nameTh": null, "nameEn": "Banthai Village", "cat": ["hotel"], "province": "cm"}}, {"type": "Feature", "geometry": {"type": "Point", "coordinates": [99.0161058, 18.7984723]}, "properties": {"id": "cm-osm-node-5445119729", "name": "Banyindee", "nameTh": null, "nameEn": "Welcome home", "cat": ["hotel"], "province": "cm"}}, {"type": "Feature", "geometry": {"type": "Point", "coordinates": [99.0113697, 18.765369]}, "properties": {"id": "cm-osm-way-698815304", "name": "Barrau Villa", "nameTh": null, "nameEn": "Barrau Villa", "cat": ["hotel"], "province": "cm"}}, {"type": "Feature", "geometry": {"type": "Point", "coordinates": [98.9967043, 18.7837063]}, "properties": {"id": "cm-osm-node-820315767", "name": "Bautong Lodge", "nameTh": null, "nameEn": "Bautong Lodge", "cat": ["hotel"], "province": "cm"}}, {"type": "Feature", "geometry": {"type": "Point", "coordinates": [98.968235, 18.7944114]}, "properties": {"id": "cm-osm-node-4242319989", "name": "Bed", "nameTh": null, "nameEn": "Bed", "cat": ["hotel"], "province": "cm"}}, {"type": "Feature", "geometry": {"type": "Point", "coordinates": [98.9618184, 18.8075664]}, "properties": {"id": "cm-osm-way-578703572", "name": "Bed Changkian", "nameTh": null, "nameEn": "Bed Changkian", "cat": ["hotel"], "province": "cm"}}, {"type": "Feature", "geometry": {"type": "Point", "coordinates": [98.9857567, 18.7809982]}, "properties": {"id": "cm-osm-node-2598540243", "name": "Bed Stop Hotel", "nameTh": null, "nameEn": "Bed Stop Hotel", "cat": ["hotel"], "province": "cm"}}, {"type": "Feature", "geometry": {"type": "Point", "coordinates": [98.994594, 18.7820878]}, "properties": {"id": "cm-osm-node-1477720706", "name": "Bed and Terrace", "nameTh": null, "nameEn": "Bed and Terrace", "cat": ["hotel"], "province": "cm"}}, {"type": "Feature", "geometry": {"type": "Point", "coordinates": [98.9801328, 18.7894625]}, "properties": {"id": "cm-osm-node-11227905206", "name": "Bed in Town", "nameTh": null, "nameEn": "Bed in Town", "cat": ["hotel"], "province": "cm"}}, {"type": "Feature", "geometry": {"type": "Point", "coordinates": [98.9944146, 18.7907632]}, "properties": {"id": "cm-osm-way-658994134", "name": "Bedtime Story Hostel", "nameTh": null, "nameEn": "Bedtime Story Hostel", "cat": ["hotel"], "province": "cm"}}, {"type": "Feature", "geometry": {"type": "Point", "coordinates": [99.0029418, 18.7843343]}, "properties": {"id": "cm-osm-node-10250155609", "name": "Bee Friend Hostel", "nameTh": null, "nameEn": "Bee Friend Hostel", "cat": ["hotel"], "province": "cm"}}, {"type": "Feature", "geometry": {"type": "Point", "coordinates": [98.9730736, 18.7987302]}, "properties": {"id": "cm-osm-node-11462181769", "name": "Bella Nara Hotel", "nameTh": null, "nameEn": "Bella Nara Hotel", "cat": ["hotel"], "province": "cm"}}, {"type": "Feature", "geometry": {"type": "Point", "coordinates": [99.0082374, 18.7644927]}, "properties": {"id": "cm-osm-way-398184472", "name": "Big Happy House", "nameTh": null, "nameEn": "Big Happy House", "cat": ["hotel"], "province": "cm"}}, {"type": "Feature", "geometry": {"type": "Point", "coordinates": [98.9482179, 18.7636114]}, "properties": {"id": "cm-osm-node-4459060102", "name": "Biker's House", "nameTh": null, "nameEn": "Biker's House", "cat": ["hotel"], "province": "cm"}}, {"type": "Feature", "geometry": {"type": "Point", "coordinates": [98.9825492, 18.7835784]}, "properties": {"id": "cm-osm-node-11493855469", "name": "Bird Forest Guest House & Tea House", "nameTh": null, "nameEn": "Bird Forest Guest House & Tea House", "cat": ["hotel"], "province": "cm"}}, {"type": "Feature", "geometry": {"type": "Point", "coordinates": [98.9815428, 18.7829915]}, "properties": {"id": "cm-osm-way-1004638173", "name": "Bloomin' Moon Hostel&Cafe", "nameTh": null, "nameEn": "Bloomin' Moon Hostel&Cafe", "cat": ["hotel"], "province": "cm"}}, {"type": "Feature", "geometry": {"type": "Point", "coordinates": [99.0825349, 18.7669142]}, "properties": {"id": "cm-osm-way-484540203", "name": "Bo Sang Residence", "nameTh": null, "nameEn": "Bo Sang Residence", "cat": ["hotel"], "province": "cm"}}, {"type": "Feature", "geometry": {"type": "Point", "coordinates": [98.9910343, 18.7838417]}, "properties": {"id": "cm-osm-way-269499252", "name": "Bodega Party Hostel & Bar", "nameTh": null, "nameEn": "Bodega Party Hostel & Bar", "cat": ["hotel"], "province": "cm"}}, {"type": "Feature", "geometry": {"type": "Point", "coordinates": [98.9905661, 18.7845237]}, "properties": {"id": "cm-osm-node-12327786309", "name": "Bodhi Serene", "nameTh": null, "nameEn": "Bodhi Serene", "cat": ["hotel"], "province": "cm"}}, {"type": "Feature", "geometry": {"type": "Point", "coordinates": [98.9867763, 18.7969291]}, "properties": {"id": "cm-osm-node-6152902685", "name": "Boorana Hotel", "nameTh": null, "nameEn": "Boorana Hotel", "cat": ["hotel"], "province": "cm"}}, {"type": "Feature", "geometry": {"type": "Point", "coordinates": [98.9959663, 18.7841821]}, "properties": {"id": "cm-osm-node-3416932284", "name": "Born 2 @ Home", "nameTh": null, "nameEn": "Born 2 @ Home", "cat": ["hotel"], "province": "cm"}}, {"type": "Feature", "geometry": {"type": "Point", "coordinates": [98.9944334, 18.7875152]}, "properties": {"id": "cm-osm-way-482773617", "name": "Born Guest House and Restaurant", "nameTh": null, "nameEn": "Born Guest House and Restaurant", "cat": ["hotel"], "province": "cm"}}, {"type": "Feature", "geometry": {"type": "Point", "coordinates": [98.9913345, 18.7919015]}, "properties": {"id": "cm-osm-way-492846796", "name": "Boss's House", "nameTh": null, "nameEn": "Boss's House", "cat": ["hotel"], "province": "cm"}}, {"type": "Feature", "geometry": {"type": "Point", "coordinates": [99.0162718, 18.7842492]}, "properties": {"id": "cm-osm-way-339329419", "name": "Bossotel", "nameTh": null, "nameEn": "Bossotel", "cat": ["hotel"], "province": "cm"}}, {"type": "Feature", "geometry": {"type": "Point", "coordinates": [98.8620396, 18.9034075]}, "properties": {"id": "cm-osm-way-316643359", "name": "Botanic Resort", "nameTh": null, "nameEn": "Botanic Resort", "cat": ["hotel"], "province": "cm"}}, {"type": "Feature", "geometry": {"type": "Point", "coordinates": [98.9922867, 18.776522]}, "properties": {"id": "cm-osm-way-676257965", "name": "Boutique House Nipha", "nameTh": null, "nameEn": "Boutique House Nipha", "cat": ["hotel"], "province": "cm"}}, {"type": "Feature", "geometry": {"type": "Point", "coordinates": [98.9729246, 18.7989855]}, "properties": {"id": "cm-osm-node-4086130433", "name": "Box Hostel", "nameTh": null, "nameEn": "Box Hostel", "cat": ["hotel"], "province": "cm"}}, {"type": "Feature", "geometry": {"type": "Point", "coordinates": [98.9868288, 18.7973587]}, "properties": {"id": "cm-osm-node-4250039490", "name": "Box Hostel", "nameTh": null, "nameEn": "Box Hostel", "cat": ["hotel"], "province": "cm"}}, {"type": "Feature", "geometry": {"type": "Point", "coordinates": [98.9816416, 18.7830742]}, "properties": {"id": "cm-osm-node-6983987025", "name": "Boxbolo House", "nameTh": null, "nameEn": "Boxbolo House", "cat": ["hotel"], "province": "cm"}}, {"type": "Feature", "geometry": {"type": "Point", "coordinates": [98.9975626, 18.7851218]}, "properties": {"id": "cm-osm-way-578887285", "name": "Brick House Hostel", "nameTh": null, "nameEn": "Brick House Hostel", "cat": ["hotel"], "province": "cm"}}, {"type": "Feature", "geometry": {"type": "Point", "coordinates": [98.969914, 18.7966172]}, "properties": {"id": "cm-osm-way-386213012", "name": "Buc's hostel", "nameTh": null, "nameEn": "Buc's hostel", "cat": ["hotel"], "province": "cm"}}, {"type": "Feature", "geometry": {"type": "Point", "coordinates": [98.996846, 18.7852672]}, "properties": {"id": "cm-osm-node-11404921101", "name": "Buddy Hotel", "nameTh": null, "nameEn": "Buddy Hotel", "cat": ["hotel"], "province": "cm"}}, {"type": "Feature", "geometry": {"type": "Point", "coordinates": [98.9962259, 18.7839014]}, "properties": {"id": "cm-osm-way-331012228", "name": "Budget Stars", "nameTh": null, "nameEn": "Budget Stars", "cat": ["hotel"], "province": "cm"}}, {"type": "Feature", "geometry": {"type": "Point", "coordinates": [98.9641798, 18.6800884]}, "properties": {"id": "cm-osm-node-11909059568", "name": "Buffalo Island Resort", "nameTh": null, "nameEn": "Buffalo Island Resort", "cat": ["hotel"], "province": "cm"}}, {"type": "Feature", "geometry": {"type": "Point", "coordinates": [99.0084465, 18.7937948]}, "properties": {"id": "cm-osm-node-4512429089", "name": "Bungalow Piscina", "nameTh": null, "nameEn": "Bungalow Piscina", "cat": ["hotel"], "province": "cm"}}, {"type": "Feature", "geometry": {"type": "Point", "coordinates": [98.9750982, 18.7987385]}, "properties": {"id": "cm-osm-node-5100066926", "name": "Bunk Boutique Hostel", "nameTh": null, "nameEn": "Bunk Boutique Hostel", "cat": ["hotel"], "province": "cm"}}, {"type": "Feature", "geometry": {"type": "Point", "coordinates": [98.9825345, 18.7724183]}, "properties": {"id": "cm-osm-way-653545559", "name": "Bupa Montra Boutique House", "nameTh": null, "nameEn": "Bupa Montra Boutique House", "cat": ["hotel"], "province": "cm"}}, {"type": "Feature", "geometry": {"type": "Point", "coordinates": [98.9878869, 18.783162]}, "properties": {"id": "cm-osm-node-1618868153", "name": "Bupatara", "nameTh": null, "nameEn": "Bupatara", "cat": ["hotel"], "province": "cm"}}, {"type": "Feature", "geometry": {"type": "Point", "coordinates": [98.9726769, 18.8187393]}, "properties": {"id": "cm-osm-way-320013705", "name": "Burapa Boutique", "nameTh": null, "nameEn": "Burapa Boutique", "cat": ["hotel"], "province": "cm"}}, {"type": "Feature", "geometry": {"type": "Point", "coordinates": [98.982985, 18.7886995]}, "properties": {"id": "cm-osm-node-1619445255", "name": "Buri Gallery House", "nameTh": null, "nameEn": "Buri Gallery House", "cat": ["hotel"], "province": "cm"}}, {"type": "Feature", "geometry": {"type": "Point", "coordinates": [98.9887153, 18.7880437]}, "properties": {"id": "cm-osm-node-12295719271", "name": "Burirattana", "nameTh": null, "nameEn": "Burirattana", "cat": ["hotel"], "province": "cm"}}, {"type": "Feature", "geometry": {"type": "Point", "coordinates": [99.0023723, 18.7923455]}, "properties": {"id": "cm-osm-node-2638475267", "name": "Bussaba", "nameTh": null, "nameEn": "Bussaba", "cat": ["hotel"], "province": "cm"}}, {"type": "Feature", "geometry": {"type": "Point", "coordinates": [98.9843702, 18.7810488]}, "properties": {"id": "cm-osm-node-10971314430", "name": "C Hotel", "nameTh": null, "nameEn": "C Hotel", "cat": ["hotel"], "province": "cm"}}, {"type": "Feature", "geometry": {"type": "Point", "coordinates": [99.0086389, 18.7890928]}, "properties": {"id": "cm-osm-node-8719504873", "name": "C&C Teak House", "nameTh": null, "nameEn": "C&C Teak House", "cat": ["hotel"], "province": "cm"}}, {"type": "Feature", "geometry": {"type": "Point", "coordinates": [98.9907194, 18.7926796]}, "properties": {"id": "cm-osm-way-492846705", "name": "C. M. Blue House", "nameTh": null, "nameEn": "C. M. Blue House", "cat": ["hotel"], "province": "cm"}}, {"type": "Feature", "geometry": {"type": "Point", "coordinates": [99.0019741, 18.7821344]}, "properties": {"id": "cm-osm-way-235769650", "name": "CH Hotel", "nameTh": null, "nameEn": "CH Hotel", "cat": ["hotel"], "province": "cm"}}, {"type": "Feature", "geometry": {"type": "Point", "coordinates": [98.992489, 18.7925297]}, "properties": {"id": "cm-osm-way-361016496", "name": "CM Apartment", "nameTh": null, "nameEn": "CM Apartment", "cat": ["hotel"], "province": "cm"}}, {"type": "Feature", "geometry": {"type": "Point", "coordinates": [99.001663, 18.7828217]}, "properties": {"id": "cm-osm-node-5234298522", "name": "CM Night Boutique Hotel", "nameTh": null, "nameEn": "CM Night Boutique Hotel", "cat": ["hotel"], "province": "cm"}}, {"type": "Feature", "geometry": {"type": "Point", "coordinates": [98.9790026, 18.7937734]}, "properties": {"id": "cm-osm-way-623150697", "name": "CM Stay", "nameTh": null, "nameEn": "CM Stay", "cat": ["hotel"], "province": "cm"}}, {"type": "Feature", "geometry": {"type": "Point", "coordinates": [98.9925842, 18.7983174]}, "properties": {"id": "cm-osm-way-457492342", "name": "CS House", "nameTh": null, "nameEn": "CS House", "cat": ["hotel"], "province": "cm"}}, {"type": "Feature", "geometry": {"type": "Point", "coordinates": [99.0229626, 18.7018636]}, "properties": {"id": "cm-osm-node-5516253623", "name": "CYDA Charity Guesthouse", "nameTh": null, "nameEn": "CYDA Charity Guesthouse", "cat": ["hotel"], "province": "cm"}}, {"type": "Feature", "geometry": {"type": "Point", "coordinates": [98.9958581, 18.7588415]}, "properties": {"id": "cm-osm-way-544559165", "name": "Cafeteria@Riverside", "nameTh": null, "nameEn": "Cafeteria@Riverside", "cat": ["hotel"], "province": "cm"}}, {"type": "Feature", "geometry": {"type": "Point", "coordinates": [98.9969074, 18.7935964]}, "properties": {"id": "cm-osm-node-12384775801", "name": "Canary House Rachawong", "nameTh": null, "nameEn": "Canary House Rachawong", "cat": ["hotel"], "province": "cm"}}, {"type": "Feature", "geometry": {"type": "Point", "coordinates": [98.983729, 18.7861168]}, "properties": {"id": "cm-osm-node-10748421005", "name": "Capsule City Hostel", "nameTh": null, "nameEn": "Capsule City Hostel", "cat": ["hotel"], "province": "cm"}}, {"type": "Feature", "geometry": {"type": "Point", "coordinates": [98.9687749, 18.7995102]}, "properties": {"id": "cm-osm-way-372055248", "name": "Casa 2511", "nameTh": null, "nameEn": "Casa 2511", "cat": ["hotel"], "province": "cm"}}, {"type": "Feature", "geometry": {"type": "Point", "coordinates": [98.9996776, 18.7702059]}, "properties": {"id": "cm-osm-node-6232754406", "name": "Casa Marocc", "nameTh": null, "nameEn": "Casa Marocc", "cat": ["hotel"], "province": "cm"}}, {"type": "Feature", "geometry": {"type": "Point", "coordinates": [98.9587818, 18.8224101]}, "properties": {"id": "cm-osm-relation-8169475", "name": "Casa Till", "nameTh": null, "nameEn": "Casa Till", "cat": ["hotel"], "province": "cm"}}, {"type": "Feature", "geometry": {"type": "Point", "coordinates": [98.9852964, 18.7794894]}, "properties": {"id": "cm-osm-way-818995047", "name": "Casa VESPA at WUA LAI Boutique", "nameTh": null, "nameEn": "Casa VESPA at WUA LAI Boutique", "cat": ["hotel"], "province": "cm"}}, {"type": "Feature", "geometry": {"type": "Point", "coordinates": [98.9796289, 18.7858388]}, "properties": {"id": "cm-osm-node-4427087631", "name": "Cassette Hostel", "nameTh": null, "nameEn": "Cassette Hostel", "cat": ["hotel"], "province": "cm"}}, {"type": "Feature", "geometry": {"type": "Point", "coordinates": [98.9173676, 18.7282945]}, "properties": {"id": "cm-osm-node-11754925969", "name": "Ccountryside Villa", "nameTh": null, "nameEn": "Ccountryside Villa", "cat": ["hotel"], "province": "cm"}}, {"type": "Feature", "geometry": {"type": "Point", "coordinates": [99.0045573, 18.7664412]}, "properties": {"id": "cm-osm-node-5372538022", "name": "Centara Riverside Hotel", "nameTh": null, "nameEn": "Centara Riverside Hotel", "cat": ["hotel"], "province": "cm"}}, {"type": "Feature", "geometry": {"type": "Point", "coordinates": [99.0046611, 18.7662083]}, "properties": {"id": "cm-osm-way-97675281", "name": "Centara Riverside Hotel", "nameTh": null, "nameEn": "Centara Riverside Hotel", "cat": ["hotel"], "province": "cm"}}, {"type": "Feature", "geometry": {"type": "Point", "coordinates": [98.9916718, 18.7829389]}, "properties": {"id": "cm-osm-way-787905637", "name": "Center Home City", "nameTh": null, "nameEn": "Center Home City", "cat": ["hotel"], "province": "cm"}}, {"type": "Feature", "geometry": {"type": "Point", "coordinates": [98.9929554, 18.7870453]}, "properties": {"id": "cm-osm-way-793158521", "name": "Central Guesthouse", "nameTh": null, "nameEn": "Central Guesthouse", "cat": ["hotel"], "province": "cm"}}, {"type": "Feature", "geometry": {"type": "Point", "coordinates": [98.9584359, 18.8200932]}, "properties": {"id": "cm-osm-way-233732501", "name": "Centre of the Universe Chiang Mai Swimming Pool and Resort", "nameTh": null, "nameEn": "Centre of the Universe Chiang Mai Swimming Pool and Resort", "cat": ["hotel"], "province": "cm"}}, {"type": "Feature", "geometry": {"type": "Point", "coordinates": [98.9874475, 18.7581261]}, "properties": {"id": "cm-osm-way-1420846443", "name": "Cha Chiang Mai", "nameTh": null, "nameEn": "Cha Chiang Mai", "cat": ["hotel"], "province": "cm"}}, {"type": "Feature", "geometry": {"type": "Point", "coordinates": [98.991141, 18.7847999]}, "properties": {"id": "cm-osm-node-1618793887", "name": "Chada House", "nameTh": null, "nameEn": "Chada House", "cat": ["hotel"], "province": "cm"}}, {"type": "Feature", "geometry": {"type": "Point", "coordinates": [98.991597, 18.7922382]}, "properties": {"id": "cm-osm-node-6579651631", "name": "Chada Mantra", "nameTh": null, "nameEn": "Chada Mantra", "cat": ["hotel"], "province": "cm"}}, {"type": "Feature", "geometry": {"type": "Point", "coordinates": [98.9689993, 18.7986343]}, "properties": {"id": "cm-osm-node-3927203444", "name": "Chaiyo", "nameTh": null, "nameEn": "Chaiyo", "cat": ["hotel"], "province": "cm"}}, {"type": "Feature", "geometry": {"type": "Point", "coordinates": [98.9691028, 18.7986149]}, "properties": {"id": "cm-osm-node-4130235391", "name": "Chaiyo Hotel", "nameTh": null, "nameEn": "Chaiyo Hotel", "cat": ["hotel"], "province": "cm"}}, {"type": "Feature", "geometry": {"type": "Point", "coordinates": [98.9781641, 18.7836181]}, "properties": {"id": "cm-osm-way-423032477", "name": "Cham Cha Hostel", "nameTh": null, "nameEn": "Cham Cha Hostel", "cat": ["hotel"], "province": "cm"}}, {"type": "Feature", "geometry": {"type": "Point", "coordinates": [98.985305, 18.7827077]}, "properties": {"id": "cm-osm-way-537941137", "name": "Champion Hostel", "nameTh": null, "nameEn": "Champion Hostel", "cat": ["hotel"], "province": "cm"}}, {"type": "Feature", "geometry": {"type": "Point", "coordinates": [98.9832497, 18.7829982]}, "properties": {"id": "cm-osm-way-566083669", "name": "Champion Hostel 2", "nameTh": null, "nameEn": "Champion Hostel 2", "cat": ["hotel"], "province": "cm"}}, {"type": "Feature", "geometry": {"type": "Point", "coordinates": [98.9846881, 18.7856551]}, "properties": {"id": "cm-osm-node-3384166921", "name": "Chan Chiangmai", "nameTh": null, "nameEn": "Chan Chiangmai", "cat": ["hotel"], "province": "cm"}}, {"type": "Feature", "geometry": {"type": "Point", "coordinates": [98.9747331, 18.7552714]}, "properties": {"id": "cm-osm-way-1359725226", "name": "Chanapat Hotel", "nameTh": null, "nameEn": "Chanapat Hotel", "cat": ["hotel"], "province": "cm"}}, {"type": "Feature", "geometry": {"type": "Point", "coordinates": [98.9824013, 18.7829427]}, "properties": {"id": "cm-osm-way-318784042", "name": "Chanaplace", "nameTh": null, "nameEn": "Chanaplace", "cat": ["hotel"], "province": "cm"}}, {"type": "Feature", "geometry": {"type": "Point", "coordinates": [98.9255678, 18.7429886]}, "properties": {"id": "cm-osm-node-11295829592", "name": "Chandra Residence", "nameTh": null, "nameEn": "Chandra Residence", "cat": ["hotel"], "province": "cm"}}, {"type": "Feature", "geometry": {"type": "Point", "coordinates": [98.9920705, 18.7839188]}, "properties": {"id": "cm-osm-node-4317839090", "name": "Chang Guesthouse", "nameTh": null, "nameEn": "Chang Guesthouse", "cat": ["hotel"], "province": "cm"}}, {"type": "Feature", "geometry": {"type": "Point", "coordinates": [98.9985369, 18.7640684]}, "properties": {"id": "cm-osm-node-5894246425", "name": "Chang Mai Youth Hostel International", "nameTh": null, "nameEn": "Chang Mai Youth Hostel International", "cat": ["hotel"], "province": "cm"}}, {"type": "Feature", "geometry": {"type": "Point", "coordinates": [98.8353489, 18.8957177]}, "properties": {"id": "cm-osm-way-405215439", "name": "Chang Noi Village", "nameTh": null, "nameEn": "Chang Noi Village", "cat": ["hotel"], "province": "cm"}}, {"type": "Feature", "geometry": {"type": "Point", "coordinates": [98.986633, 18.7951034]}, "properties": {"id": "cm-osm-way-281572610", "name": "Chang Phuak Guesthouse", "nameTh": null, "nameEn": "Chang Phuak Guesthouse", "cat": ["hotel"], "province": "cm"}}, {"type": "Feature", "geometry": {"type": "Point", "coordinates": [98.9865545, 18.7970645]}, "properties": {"id": "cm-osm-node-3312186402", "name": "Changpuak Boutique House", "nameTh": null, "nameEn": "Changpuak Boutique House", "cat": ["hotel"], "province": "cm"}}, {"type": "Feature", "geometry": {"type": "Point", "coordinates": [98.9806081, 18.7909184]}, "properties": {"id": "cm-osm-node-3385507273", "name": "Chankam", "nameTh": null, "nameEn": "Chankam", "cat": ["hotel"], "province": "cm"}}, {"type": "Feature", "geometry": {"type": "Point", "coordinates": [98.9855248, 18.8063377]}, "properties": {"id": "cm-osm-way-329068071", "name": "Chavala Hotel", "nameTh": null, "nameEn": "Chavala Hotel", "cat": ["hotel"], "province": "cm"}}, {"type": "Feature", "geometry": {"type": "Point", "coordinates": [98.9801527, 18.7874588]}, "properties": {"id": "cm-osm-way-623154481", "name": "Cheeva Dee", "nameTh": null, "nameEn": "Cheeva Dee", "cat": ["hotel"], "province": "cm"}}, {"type": "Feature", "geometry": {"type": "Point", "coordinates": [98.9952416, 18.7925323]}, "properties": {"id": "cm-osm-node-4339431894", "name": "Chefia home", "nameTh": null, "nameEn": "Chefia home", "cat": ["hotel"], "province": "cm"}}, {"type": "Feature", "geometry": {"type": "Point", "coordinates": [98.9720033, 18.7966665]}, "properties": {"id": "cm-osm-node-13208709144", "name": "Chern Chiangmai Boutique Hotel", "nameTh": null, "nameEn": "Chern Chiangmai Boutique Hotel", "cat": ["hotel"], "province": "cm"}}, {"type": "Feature", "geometry": {"type": "Point", "coordinates": [98.9696786, 18.7272055]}, "properties": {"id": "cm-osm-node-4857139437", "name": "Chez Nini", "nameTh": null, "nameEn": "Chez Nini", "cat": ["hotel"], "province": "cm"}}, {"type": "Feature", "geometry": {"type": "Point", "coordinates": [98.9941843, 18.787763]}, "properties": {"id": "cm-osm-way-650706592", "name": "Chiang Mai Guesthouse", "nameTh": null, "nameEn": "Chiang Mai Guesthouse", "cat": ["hotel"], "province": "cm"}}, {"type": "Feature", "geometry": {"type": "Point", "coordinates": [98.9516522, 18.7645066]}, "properties": {"id": "cm-osm-way-448935889", "name": "Chiang Mai Lakeland Homestay", "nameTh": null, "nameEn": "Chiang Mai Lakeland Homestay", "cat": ["hotel"], "province": "cm"}}, {"type": "Feature", "geometry": {"type": "Point", "coordinates": [99.099288, 18.7632678]}, "properties": {"id": "cm-osm-node-11332328077", "name": "Chiang Mai Lanna & Modern Loft Hotel", "nameTh": null, "nameEn": "Chiang Mai Lanna & Modern Loft Hotel", "cat": ["hotel"], "province": "cm"}}, {"type": "Feature", "geometry": {"type": "Point", "coordinates": [98.9753217, 18.7968755]}, "properties": {"id": "cm-osm-node-11328541067", "name": "Chiang Mai Orchid Hotel", "nameTh": null, "nameEn": "Chiang Mai Orchid Hotel", "cat": ["hotel"], "province": "cm"}}, {"type": "Feature", "geometry": {"type": "Point", "coordinates": [98.9814683, 18.7818934]}, "properties": {"id": "cm-osm-way-406994347", "name": "Chiang Mai Panda Hostel", "nameTh": null, "nameEn": "Chiang Mai Panda Hostel", "cat": ["hotel"], "province": "cm"}}, {"type": "Feature", "geometry": {"type": "Point", "coordinates": [99.0022265, 18.7805878]}, "properties": {"id": "cm-osm-way-406558107", "name": "Chiang Mai Plaza Hotel", "nameTh": null, "nameEn": "Chiang Mai Plaza Hotel", "cat": ["hotel"], "province": "cm"}}, {"type": "Feature", "geometry": {"type": "Point", "coordinates": [98.9752908, 18.7990888]}, "properties": {"id": "cm-osm-way-406558219", "name": "Chiang Mai Rose House", "nameTh": null, "nameEn": "Chiang Mai Rose House", "cat": ["hotel"], "province": "cm"}}, {"type": "Feature", "geometry": {"type": "Point", "coordinates": [99.0092749, 18.801137]}, "properties": {"id": "cm-osm-way-193284471", "name": "Chiang Mai Thai House", "nameTh": null, "nameEn": "Chiang Mai Thai House", "cat": ["hotel"], "province": "cm"}}, {"type": "Feature", "geometry": {"type": "Point", "coordinates": [98.9986028, 18.7862761]}, "properties": {"id": "cm-osm-node-1041391557", "name": "Chiang Mai Travel Lodge", "nameTh": null, "nameEn": "Chiang Mai Travel Lodge", "cat": ["hotel"], "province": "cm"}}, {"type": "Feature", "geometry": {"type": "Point", "coordinates": [98.9827321, 18.7877108]}, "properties": {"id": "cm-osm-node-13953736179", "name": "Chiang Mai Walking Street Home", "nameTh": "เชียงใหม่วอล์คกิ้งสตรีทโฮม", "nameEn": "Chiang Mai Walking Street Home", "cat": ["hotel"], "province": "cm"}}, {"type": "Feature", "geometry": {"type": "Point", "coordinates": [99.01491, 18.7559837]}, "properties": {"id": "cm-osm-way-478772321", "name": "Chiangmai Hijack", "nameTh": null, "nameEn": "Chiangmai Hijack", "cat": ["hotel"], "province": "cm"}}, {"type": "Feature", "geometry": {"type": "Point", "coordinates": [98.9944519, 18.7899509]}, "properties": {"id": "cm-osm-node-1617076514", "name": "Chiangmai House", "nameTh": null, "nameEn": "Chiangmai House", "cat": ["hotel"], "province": "cm"}}, {"type": "Feature", "geometry": {"type": "Point", "coordinates": [98.9946677, 18.791994]}, "properties": {"id": "cm-osm-way-492846754", "name": "Chiangmai Inn", "nameTh": null, "nameEn": "Chiangmai Inn", "cat": ["hotel"], "province": "cm"}}, {"type": "Feature", "geometry": {"type": "Point", "coordinates": [98.9854078, 18.7902058]}, "properties": {"id": "cm-osm-node-13357070421", "name": "Chiangmai Midpoint Activity Hostel", "nameTh": null, "nameEn": "Chiangmai Midpoint Activity Hostel", "cat": ["hotel"], "province": "cm"}}, {"type": "Feature", "geometry": {"type": "Point", "coordinates": [98.9712027, 18.7851103]}, "properties": {"id": "cm-osm-way-688997617", "name": "Chiangmai Tree", "nameTh": null, "nameEn": "Chiangmai Tree", "cat": ["hotel"], "province": "cm"}}, {"type": "Feature", "geometry": {"type": "Point", "coordinates": [98.9793854, 18.887776]}, "properties": {"id": "cm-osm-way-444494402", "name": "Chic 39 Bed Bar & Bakery", "nameTh": null, "nameEn": "Chic 39 Bed Bar & Bakery", "cat": ["hotel"], "province": "cm"}}, {"type": "Feature", "geometry": {"type": "Point", "coordinates": [98.9714929, 18.8141225]}, "properties": {"id": "cm-osm-way-668016359", "name": "China Chic \"Love Hotel\"", "nameTh": null, "nameEn": "China Chic \"Love Hotel\"", "cat": ["hotel"], "province": "cm"}}, {"type": "Feature", "geometry": {"type": "Point", "coordinates": [98.9908572, 18.7921309]}, "properties": {"id": "cm-osm-node-12292831001", "name": "Chinda Boutique Guesthouse", "nameTh": null, "nameEn": "Chinda Boutique Guesthouse", "cat": ["hotel"], "province": "cm"}}, {"type": "Feature", "geometry": {"type": "Point", "coordinates": [98.9915831, 18.7918067]}, "properties": {"id": "cm-osm-way-492846857", "name": "Chinda Guesthouse", "nameTh": null, "nameEn": "Chinda Guesthouse", "cat": ["hotel"], "province": "cm"}}, {"type": "Feature", "geometry": {"type": "Point", "coordinates": [99.0070647, 18.7818635]}, "properties": {"id": "cm-osm-node-10302598909", "name": "Chirin hôtel", "nameTh": null, "nameEn": "Chirin hôtel", "cat": ["hotel"], "province": "cm"}}, {"type": "Feature", "geometry": {"type": "Point", "coordinates": [98.9917947, 18.7923224]}, "properties": {"id": "cm-osm-way-361101916", "name": "Chok Dee Guesthouse", "nameTh": "Cook Dee Guesthouse", "nameEn": "Chok Dee Guesthouse", "cat": ["hotel"], "province": "cm"}}, {"type": "Feature", "geometry": {"type": "Point", "coordinates": [98.9772928, 18.8012828]}, "properties": {"id": "cm-osm-way-1147523717", "name": "Chor Chang House", "nameTh": null, "nameEn": "Chor Chang House", "cat": ["hotel"], "province": "cm"}}, {"type": "Feature", "geometry": {"type": "Point", "coordinates": [98.9811398, 18.8166156]}, "properties": {"id": "cm-osm-way-1017831205", "name": "Chotana Villa", "nameTh": null, "nameEn": "Chotana Villa", "cat": ["hotel"], "province": "cm"}}, {"type": "Feature", "geometry": {"type": "Point", "coordinates": [98.9910926, 18.8278559]}, "properties": {"id": "cm-osm-way-200273944", "name": "Chunapa Resort & Spa", "nameTh": null, "nameEn": "Chunapa Resort & Spa", "cat": ["hotel"], "province": "cm"}}, {"type": "Feature", "geometry": {"type": "Point", "coordinates": [98.9685652, 18.8051068]}, "properties": {"id": "cm-osm-way-747778354", "name": "Cmor by Recall Hotels", "nameTh": null, "nameEn": "Cmor by Recall Hotels", "cat": ["hotel"], "province": "cm"}}, {"type": "Feature", "geometry": {"type": "Point", "coordinates": [98.9919426, 18.7891077]}, "properties": {"id": "cm-osm-node-5366063422", "name": "Cody Guesthouse", "nameTh": null, "nameEn": "Cody Guesthouse", "cat": ["hotel"], "province": "cm"}}, {"type": "Feature", "geometry": {"type": "Point", "coordinates": [98.99049, 18.7834145]}, "properties": {"id": "cm-osm-node-1618868155", "name": "Come Chiangmai", "nameTh": null, "nameEn": "Come Chiangmai", "cat": ["hotel"], "province": "cm"}}, {"type": "Feature", "geometry": {"type": "Point", "coordinates": [98.9742373, 18.7993142]}, "properties": {"id": "cm-osm-way-321801551", "name": "Common Living", "nameTh": null, "nameEn": "Common Living", "cat": ["hotel"], "province": "cm"}}, {"type": "Feature", "geometry": {"type": "Point", "coordinates": [98.9737406, 18.8156609]}, "properties": {"id": "cm-osm-way-673251842", "name": "Conscious & Peaceful Rooms", "nameTh": null, "nameEn": "Conscious & Peaceful Rooms", "cat": ["hotel"], "province": "cm"}}, {"type": "Feature", "geometry": {"type": "Point", "coordinates": [98.9185431, 18.9720105]}, "properties": {"id": "cm-osm-node-3803713497", "name": "Country Retreat", "nameTh": null, "nameEn": "Country Retreat", "cat": ["hotel"], "province": "cm"}}, {"type": "Feature", "geometry": {"type": "Point", "coordinates": [99.0348997, 18.8931486]}, "properties": {"id": "cm-osm-node-4574387290", "name": "CowBoyParkAP", "nameTh": null, "nameEn": "CowBoyParkAP", "cat": ["hotel"], "province": "cm"}}, {"type": "Feature", "geometry": {"type": "Point", "coordinates": [98.9539796, 18.7926027]}, "properties": {"id": "cm-osm-node-13135635101", "name": "Cozy Hub Hostel", "nameTh": null, "nameEn": "Cozy Hub Hostel", "cat": ["hotel"], "province": "cm"}}, {"type": "Feature", "geometry": {"type": "Point", "coordinates": [98.9811605, 18.7845097]}, "properties": {"id": "cm-osm-way-406880179", "name": "Cozy Inn", "nameTh": null, "nameEn": "Cozy Inn", "cat": ["hotel"], "province": "cm"}}, {"type": "Feature", "geometry": {"type": "Point", "coordinates": [98.9895347, 18.7871483]}, "properties": {"id": "cm-osm-node-9281344619", "name": "Cozy by Funwahn", "nameTh": null, "nameEn": "Cozy by Funwahn", "cat": ["hotel"], "province": "cm"}}, {"type": "Feature", "geometry": {"type": "Point", "coordinates": [98.9860748, 18.7913528]}, "properties": {"id": "cm-osm-node-6916071684", "name": "Cozytel", "nameTh": null, "nameEn": "Cozytel", "cat": ["hotel"], "province": "cm"}}, {"type": "Feature", "geometry": {"type": "Point", "coordinates": [98.9927897, 18.7794398]}, "properties": {"id": "cm-osm-way-1115111478", "name": "Crew Hotel", "nameTh": null, "nameEn": "Crew Hotel", "cat": ["hotel"], "province": "cm"}}, {"type": "Feature", "geometry": {"type": "Point", "coordinates": [98.9968039, 18.7909063]}, "properties": {"id": "cm-osm-node-1491445129", "name": "Cumpun", "nameTh": null, "nameEn": "Cumpun", "cat": ["hotel"], "province": "cm"}}, {"type": "Feature", "geometry": {"type": "Point", "coordinates": [98.9496399, 18.7940655]}, "properties": {"id": "cm-osm-node-7121399686", "name": "D Hostel", "nameTh": null, "nameEn": "D Hostel", "cat": ["hotel"], "province": "cm"}}, {"type": "Feature", "geometry": {"type": "Point", "coordinates": [98.9986248, 18.7884059]}, "properties": {"id": "cm-osm-node-8727697092", "name": "D-Well", "nameTh": null, "nameEn": "D-Well", "cat": ["hotel"], "province": "cm"}}, {"type": "Feature", "geometry": {"type": "Point", "coordinates": [98.9897554, 18.7990465]}, "properties": {"id": "cm-osm-node-9963590866", "name": "DUM Hotel", "nameTh": null, "nameEn": "DUM Hotel", "cat": ["hotel"], "province": "cm"}}, {"type": "Feature", "geometry": {"type": "Point", "coordinates": [98.9931768, 18.7921993]}, "properties": {"id": "cm-osm-node-6579683676", "name": "Da Da Hostel", "nameTh": null, "nameEn": "Da Da Hostel", "cat": ["hotel"], "province": "cm"}}, {"type": "Feature", "geometry": {"type": "Point", "coordinates": [98.9698732, 18.7938641]}, "properties": {"id": "cm-osm-node-13664026701", "name": "Daizy House", "nameTh": null, "nameEn": "Daizy House", "cat": ["hotel"], "province": "cm"}}, {"type": "Feature", "geometry": {"type": "Point", "coordinates": [98.9937322, 18.7884195]}, "properties": {"id": "cm-osm-node-3277470019", "name": "Daret's House", "nameTh": null, "nameEn": "Daret's House", "cat": ["hotel"], "province": "cm"}}, {"type": "Feature", "geometry": {"type": "Point", "coordinates": [98.9983085, 18.7918838]}, "properties": {"id": "cm-osm-way-103002349", "name": "Darley Hotel", "nameTh": null, "nameEn": "Darley Hotel", "cat": ["hotel"], "province": "cm"}}, {"type": "Feature", "geometry": {"type": "Point", "coordinates": [98.9825692, 18.7905523]}, "properties": {"id": "cm-osm-node-1619445258", "name": "Dasa House", "nameTh": null, "nameEn": "Dasa House", "cat": ["hotel"], "province": "cm"}}, {"type": "Feature", "geometry": {"type": "Point", "coordinates": [98.9955404, 18.7867171]}, "properties": {"id": "cm-osm-way-482773621", "name": "De Chai", "nameTh": null, "nameEn": "De Chai", "cat": ["hotel"], "province": "cm"}}, {"type": "Feature", "geometry": {"type": "Point", "coordinates": [98.9824711, 18.790685]}, "properties": {"id": "cm-osm-node-6138692197", "name": "De Charme Hotel", "nameTh": null, "nameEn": "De Charme Hotel", "cat": ["hotel"], "province": "cm"}}, {"type": "Feature", "geometry": {"type": "Point", "coordinates": [98.9778612, 18.7954582]}, "properties": {"id": "cm-osm-node-11608834671", "name": "De Khuvieng", "nameTh": null, "nameEn": "De Khuvieng", "cat": ["hotel"], "province": "cm"}}, {"type": "Feature", "geometry": {"type": "Point", "coordinates": [99.0119378, 18.7712823]}, "properties": {"id": "cm-osm-way-387353742", "name": "De Kriya Chiang Mai", "nameTh": null, "nameEn": "De Kriya Chiang Mai", "cat": ["hotel"], "province": "cm"}}, {"type": "Feature", "geometry": {"type": "Point", "coordinates": [98.9831016, 18.7898038]}, "properties": {"id": "cm-osm-way-408595881", "name": "De Lanna Hotel", "nameTh": null, "nameEn": "De Lanna Hotel", "cat": ["hotel"], "province": "cm"}}, {"type": "Feature", "geometry": {"type": "Point", "coordinates": [98.992225, 18.7861825]}, "properties": {"id": "cm-osm-way-482772354", "name": "De Naga", "nameTh": null, "nameEn": "De Naga", "cat": ["hotel"], "province": "cm"}}, {"type": "Feature", "geometry": {"type": "Point", "coordinates": [99.0013963, 18.7881268]}, "properties": {"id": "cm-osm-way-495778897", "name": "De Nawarat", "nameTh": null, "nameEn": "De Nawarat", "cat": ["hotel"], "province": "cm"}}, {"type": "Feature", "geometry": {"type": "Point", "coordinates": [98.9875055, 18.7858029]}, "properties": {"id": "cm-osm-node-3384170895", "name": "De Rachamanka", "nameTh": null, "nameEn": "De Rachamanka", "cat": ["hotel"], "province": "cm"}}, {"type": "Feature", "geometry": {"type": "Point", "coordinates": [98.9992836, 18.7858387]}, "properties": {"id": "cm-osm-way-1484032985", "name": "De Thaphae", "nameTh": null, "nameEn": "De Thaphae", "cat": ["hotel"], "province": "cm"}}, {"type": "Feature", "geometry": {"type": "Point", "coordinates": [98.9829624, 18.7894216]}, "properties": {"id": "cm-osm-node-3804433408", "name": "De Vieng Hostel", "nameTh": null, "nameEn": "De Vieng Hostel", "cat": ["hotel"], "province": "cm"}}, {"type": "Feature", "geometry": {"type": "Point", "coordinates": [99.0013848, 18.7486118]}, "properties": {"id": "cm-osm-way-356063487", "name": "De Wiang Kumkam Hotel", "nameTh": null, "nameEn": "De Wiang Kumkam Hotel", "cat": ["hotel"], "province": "cm"}}, {"type": "Feature", "geometry": {"type": "Point", "coordinates": [98.9691163, 18.8048261]}, "properties": {"id": "cm-osm-way-385424312", "name": "Decem Hotel (X2 Vibe)", "nameTh": null, "nameEn": "Decem Hotel (X2 Vibe)", "cat": ["hotel"], "province": "cm"}}, {"type": "Feature", "geometry": {"type": "Point", "coordinates": [99.0110759, 18.7700838]}, "properties": {"id": "cm-osm-way-667620606", "name": "Dee Dee Court", "nameTh": null, "nameEn": "Dee Dee Court", "cat": ["hotel"], "province": "cm"}}, {"type": "Feature", "geometry": {"type": "Point", "coordinates": [98.9817885, 18.7858503]}, "properties": {"id": "cm-osm-node-4427087632", "name": "Dee Jai Garden", "nameTh": null, "nameEn": "Dee Jai Garden", "cat": ["hotel"], "province": "cm"}}, {"type": "Feature", "geometry": {"type": "Point", "coordinates": [98.9799886, 18.7856784]}, "properties": {"id": "cm-osm-node-2638262561", "name": "Deejai Backpackers", "nameTh": null, "nameEn": "Deejai Backpackers", "cat": ["hotel"], "province": "cm"}}, {"type": "Feature", "geometry": {"type": "Point", "coordinates": [98.9951929, 18.7922654]}, "properties": {"id": "cm-osm-node-4146811389", "name": "Dengba Garden", "nameTh": null, "nameEn": "Dengba Garden", "cat": ["hotel"], "province": "cm"}}, {"type": "Feature", "geometry": {"type": "Point", "coordinates": [98.9955971, 18.7832896]}, "properties": {"id": "cm-osm-node-3416932285", "name": "Dengba Hostel", "nameTh": null, "nameEn": "Dengba Hostel", "cat": ["hotel"], "province": "cm"}}, {"type": "Feature", "geometry": {"type": "Point", "coordinates": [98.9963316, 18.7881652]}, "properties": {"id": "cm-osm-node-12584073201", "name": "Deva Hostel", "nameTh": null, "nameEn": "Deva Hostel", "cat": ["hotel"], "province": "cm"}}, {"type": "Feature", "geometry": {"type": "Point", "coordinates": [99.0375901, 18.7757889]}, "properties": {"id": "cm-osm-way-127733937", "name": "Dhara Dhevi", "nameTh": null, "nameEn": "Dhara Dhevi", "cat": ["hotel"], "province": "cm"}}, {"type": "Feature", "geometry": {"type": "Point", "coordinates": [98.9837503, 18.7961338]}, "properties": {"id": "cm-osm-node-3317919565", "name": "Discovery Youth Hostel", "nameTh": null, "nameEn": "Discovery Youth Hostel", "cat": ["hotel"], "province": "cm"}}, {"type": "Feature", "geometry": {"type": "Point", "coordinates": [98.9905418, 18.784221]}, "properties": {"id": "cm-osm-node-2636161836", "name": "Diva Guest House", "nameTh": null, "nameEn": "Diva Guest House", "cat": ["hotel"], "province": "cm"}}, {"type": "Feature", "geometry": {"type": "Point", "coordinates": [98.9920938, 18.7843399]}, "properties": {"id": "cm-osm-node-2747061193", "name": "Dixie Pig Guesthouse", "nameTh": null, "nameEn": "Dixie Pig Guesthouse", "cat": ["hotel"], "province": "cm"}}, {"type": "Feature", "geometry": {"type": "Point", "coordinates": [98.9840989, 18.7826173]}, "properties": {"id": "cm-osm-node-7023424019", "name": "Doi Doo Dao", "nameTh": null, "nameEn": "Doi Doo Dao", "cat": ["hotel"], "province": "cm"}}, {"type": "Feature", "geometry": {"type": "Point", "coordinates": [98.9224368, 18.7583328]}, "properties": {"id": "cm-osm-node-1551393883", "name": "Doi Kham Resort", "nameTh": null, "nameEn": "Doi Kham Resort", "cat": ["hotel"], "province": "cm"}}, {"type": "Feature", "geometry": {"type": "Point", "coordinates": [99.0579967, 18.7584603]}, "properties": {"id": "cm-osm-node-3447121402", "name": "Doltara", "nameTh": null, "nameEn": "Doltara", "cat": ["hotel"], "province": "cm"}}, {"type": "Feature", "geometry": {"type": "Point", "coordinates": [98.9795858, 18.7364422]}, "properties": {"id": "cm-osm-node-5956477606", "name": "Donchai House", "nameTh": null, "nameEn": "Donchai House", "cat": ["hotel"], "province": "cm"}}, {"type": "Feature", "geometry": {"type": "Point", "coordinates": [98.9794773, 18.7916107]}, "properties": {"id": "cm-osm-way-623140239", "name": "Dozy House", "nameTh": null, "nameEn": "Dozy House", "cat": ["hotel"], "province": "cm"}}, {"type": "Feature", "geometry": {"type": "Point", "coordinates": [98.9901442, 18.7926002]}, "properties": {"id": "cm-osm-node-4538459585", "name": "Dream House", "nameTh": null, "nameEn": "Dream House", "cat": ["hotel"], "province": "cm"}}, {"type": "Feature", "geometry": {"type": "Point", "coordinates": [99.0093367, 18.7064586]}, "properties": {"id": "cm-osm-node-1590324312", "name": "Dreamcatcher B + B", "nameTh": null, "nameEn": "Dreamcatcher B + B", "cat": ["hotel"], "province": "cm"}}, {"type": "Feature", "geometry": {"type": "Point", "coordinates": [98.9246294, 18.9524525]}, "properties": {"id": "cm-osm-way-542924523", "name": "Duang Dara Guest House", "nameTh": null, "nameEn": "Duang Dara Guest House", "cat": ["hotel"], "province": "cm"}}, {"type": "Feature", "geometry": {"type": "Point", "coordinates": [98.9990368, 18.7836262]}, "properties": {"id": "cm-osm-node-3619455600", "name": "Duangtawan Hotel", "nameTh": null, "nameEn": "Duangtawan Hotel", "cat": ["hotel"], "province": "cm"}}, {"type": "Feature", "geometry": {"type": "Point", "coordinates": [99.0027166, 18.7797229]}, "properties": {"id": "cm-osm-node-12498411301", "name": "Dutch Guest House", "nameTh": null, "nameEn": "Dutch Guest House", "cat": ["hotel"], "province": "cm"}}, {"type": "Feature", "geometry": {"type": "Point", "coordinates": [99.1208618, 18.9947057]}, "properties": {"id": "cm-osm-node-7111472571", "name": "Dutdao Resort", "nameTh": null, "nameEn": "Dutdao Resort", "cat": ["hotel"], "province": "cm"}}, {"type": "Feature", "geometry": {"type": "Point", "coordinates": [98.9575796, 18.8093024]}, "properties": {"id": "cm-osm-way-443799596", "name": "E Hostel", "nameTh": null, "nameEn": "E Hostel", "cat": ["hotel"], "province": "cm"}}, {"type": "Feature", "geometry": {"type": "Point", "coordinates": [98.9839902, 18.7971254]}, "properties": {"id": "cm-osm-node-4680035889", "name": "ELK Hostel", "nameTh": null, "nameEn": "ELK Hostel", "cat": ["hotel"], "province": "cm"}}, {"type": "Feature", "geometry": {"type": "Point", "coordinates": [99.0062643, 18.7849023]}, "properties": {"id": "cm-osm-way-511631903", "name": "ELOSIA Building B", "nameTh": null, "nameEn": "ELOSIA Building B", "cat": ["hotel"], "province": "cm"}}, {"type": "Feature", "geometry": {"type": "Point", "coordinates": [98.9861887, 18.7893561]}, "properties": {"id": "cm-osm-way-97801651", "name": "ESTIA Chiang Mai", "nameTh": null, "nameEn": "ESTIA Chiang Mai", "cat": ["hotel"], "province": "cm"}}, {"type": "Feature", "geometry": {"type": "Point", "coordinates": [98.9951569, 18.7920722]}, "properties": {"id": "cm-osm-node-1491409296", "name": "Eagle House", "nameTh": null, "nameEn": "Eagle House", "cat": ["hotel"], "province": "cm"}}, {"type": "Feature", "geometry": {"type": "Point", "coordinates": [98.9958799, 18.7838981]}, "properties": {"id": "cm-osm-node-4763891421", "name": "East Moat", "nameTh": null, "nameEn": "East Moat", "cat": ["hotel"], "province": "cm"}}, {"type": "Feature", "geometry": {"type": "Point", "coordinates": [98.9670038, 18.8011622]}, "properties": {"id": "cm-osm-way-254597955", "name": "Eastin Tan", "nameTh": null, "nameEn": "Eastin Tan", "cat": ["hotel"], "province": "cm"}}, {"type": "Feature", "geometry": {"type": "Point", "coordinates": [98.9926175, 18.7885801]}, "properties": {"id": "cm-osm-node-2533128063", "name": "Ed Hostel Chiang Mai", "nameTh": null, "nameEn": "Ed Hostel Chiang Mai", "cat": ["hotel"], "province": "cm"}}, {"type": "Feature", "geometry": {"type": "Point", "coordinates": [98.9731113, 18.9774505]}, "properties": {"id": "cm-osm-node-8012440785", "name": "Eddie's B&B", "nameTh": null, "nameEn": "Eddie's B&B", "cat": ["hotel"], "province": "cm"}}, {"type": "Feature", "geometry": {"type": "Point", "coordinates": [99.020672, 18.7836043]}, "properties": {"id": "cm-osm-way-774947284", "name": "Eden Garden Resort", "nameTh": null, "nameEn": "Eden Garden Resort", "cat": ["hotel"], "province": "cm"}}, {"type": "Feature", "geometry": {"type": "Point", "coordinates": [98.9831144, 18.7850111]}, "properties": {"id": "cm-osm-node-11369976765", "name": "Eighteen In Town", "nameTh": null, "nameEn": "Eighteen In Town", "cat": ["hotel"], "province": "cm"}}, {"type": "Feature", "geometry": {"type": "Point", "coordinates": [98.9944271, 18.7921611]}, "properties": {"id": "cm-osm-way-492846742", "name": "Elegant Lanna", "nameTh": null, "nameEn": "Elegant Lanna", "cat": ["hotel"], "province": "cm"}}, {"type": "Feature", "geometry": {"type": "Point", "coordinates": [98.9839716, 18.7967425]}, "properties": {"id": "cm-osm-node-3317919568", "name": "Elk Guesthouse (ex Jing Jing)", "nameTh": null, "nameEn": "Elk Guesthouse (ex Jing Jing)", "cat": ["hotel"], "province": "cm"}}, {"type": "Feature", "geometry": {"type": "Point", "coordinates": [98.983987, 18.7970318]}, "properties": {"id": "cm-osm-node-4788936622", "name": "Elk guesthouse", "nameTh": null, "nameEn": "Elk guesthouse", "cat": ["hotel"], "province": "cm"}}, {"type": "Feature", "geometry": {"type": "Point", "coordinates": [99.0009853, 18.7747224]}, "properties": {"id": "cm-osm-node-6897448545", "name": "Empress Premier Hotel Chiang Mai", "nameTh": null, "nameEn": "Empress Premier Hotel Chiang Mai", "cat": ["hotel"], "province": "cm"}}, {"type": "Feature", "geometry": {"type": "Point", "coordinates": [99.0009393, 18.7747326]}, "properties": {"id": "cm-osm-way-736712363", "name": "Empress Premier Hotel Chiang Mai", "nameTh": null, "nameEn": "Empress Premier Hotel Chiang Mai", "cat": ["hotel"], "province": "cm"}}, {"type": "Feature", "geometry": {"type": "Point", "coordinates": [99.0611897, 18.8162503]}, "properties": {"id": "cm-osm-node-7138493885", "name": "Enchanted Garden Bungalows", "nameTh": null, "nameEn": "Enchanted Garden Bungalows", "cat": ["hotel"], "province": "cm"}}, {"type": "Feature", "geometry": {"type": "Point", "coordinates": [98.9879604, 18.7789668]}, "properties": {"id": "cm-osm-way-1214997557", "name": "Entaneer Poshtel", "nameTh": null, "nameEn": "Entaneer Poshtel", "cat": ["hotel"], "province": "cm"}}, {"type": "Feature", "geometry": {"type": "Point", "coordinates": [98.9862006, 18.7893]}, "properties": {"id": "cm-osm-node-7005700272", "name": "Estia", "nameTh": null, "nameEn": "Estia", "cat": ["hotel"], "province": "cm"}}, {"type": "Feature", "geometry": {"type": "Point", "coordinates": [98.992632, 18.7923658]}, "properties": {"id": "cm-osm-way-361037259", "name": "Eurana Boutique", "nameTh": null, "nameEn": "Eurana Boutique", "cat": ["hotel"], "province": "cm"}}, {"type": "Feature", "geometry": {"type": "Point", "coordinates": [98.9736237, 18.7950283]}, "properties": {"id": "cm-osm-node-9280195417", "name": "F Plus F Hostel", "nameTh": null, "nameEn": "F Plus F Hostel", "cat": ["hotel"], "province": "cm"}}, {"type": "Feature", "geometry": {"type": "Point", "coordinates": [98.992941, 18.7917666]}, "properties": {"id": "cm-osm-node-4597822590", "name": "F.K. Massage & Guesthouse", "nameTh": null, "nameEn": "F.K. Massage & Guesthouse", "cat": ["hotel"], "province": "cm"}}, {"type": "Feature", "geometry": {"type": "Point", "coordinates": [98.9977856, 18.7765249]}, "properties": {"id": "cm-osm-way-1360073850", "name": "Fa Dragon", "nameTh": null, "nameEn": "Fa Dragon", "cat": ["hotel"], "province": "cm"}}, {"type": "Feature", "geometry": {"type": "Point", "coordinates": [98.986126, 18.7927698]}, "properties": {"id": "cm-osm-way-389552864", "name": "Fahtara", "nameTh": null, "nameEn": "Fahtara", "cat": ["hotel"], "province": "cm"}}, {"type": "Feature", "geometry": {"type": "Point", "coordinates": [98.9922848, 18.7919082]}, "properties": {"id": "cm-osm-node-3860550070", "name": "Family Boutique", "nameTh": null, "nameEn": "Family Boutique", "cat": ["hotel"], "province": "cm"}}, {"type": "Feature", "geometry": {"type": "Point", "coordinates": [98.988089, 18.7803702]}, "properties": {"id": "cm-osm-node-10127774524", "name": "Family Home 2 Chiang Mai", "nameTh": null, "nameEn": "Family Home 2 Chiang Mai", "cat": ["hotel"], "province": "cm"}}, {"type": "Feature", "geometry": {"type": "Point", "coordinates": [98.9914443, 18.779722]}, "properties": {"id": "cm-osm-way-1115111497", "name": "Family Home Chiang Mai", "nameTh": null, "nameEn": "Family Home Chiang Mai", "cat": ["hotel"], "province": "cm"}}, {"type": "Feature", "geometry": {"type": "Point", "coordinates": [98.9820172, 18.7913319]}, "properties": {"id": "cm-osm-way-623152995", "name": "Fan Ren Ju", "nameTh": null, "nameEn": "Fan Ren Ju", "cat": ["hotel"], "province": "cm"}}, {"type": "Feature", "geometry": {"type": "Point", "coordinates": [98.9975773, 18.7864482]}, "properties": {"id": "cm-osm-node-2597981845", "name": "Fang", "nameTh": null, "nameEn": "Fang", "cat": ["hotel"], "province": "cm"}}, {"type": "Feature", "geometry": {"type": "Point", "coordinates": [99.0436533, 18.8420653]}, "properties": {"id": "cm-osm-node-2521798926", "name": "Fern Paradise", "nameTh": null, "nameEn": "Fern Paradise", "cat": ["hotel"], "province": "cm"}}, {"type": "Feature", "geometry": {"type": "Point", "coordinates": [98.995934, 18.7842817]}, "properties": {"id": "cm-osm-node-3414272475", "name": "Finlay House", "nameTh": null, "nameEn": "Finlay House", "cat": ["hotel"], "province": "cm"}}, {"type": "Feature", "geometry": {"type": "Point", "coordinates": [98.9964196, 18.7869179]}, "properties": {"id": "cm-osm-node-3414272476", "name": "Finlay's Cottage", "nameTh": null, "nameEn": "Finlay's Cottage", "cat": ["hotel"], "province": "cm"}}, {"type": "Feature", "geometry": {"type": "Point", "coordinates": [98.9636884, 18.8011958]}, "properties": {"id": "cm-osm-node-4498109790", "name": "Flapping Duck", "nameTh": null, "nameEn": "Flapping Duck", "cat": ["hotel"], "province": "cm"}}, {"type": "Feature", "geometry": {"type": "Point", "coordinates": [98.9881923, 18.7937594]}, "properties": {"id": "cm-osm-node-2693960390", "name": "Float's House", "nameTh": null, "nameEn": "Float's House", "cat": ["hotel"], "province": "cm"}}, {"type": "Feature", "geometry": {"type": "Point", "coordinates": [98.8616867, 18.7723676]}, "properties": {"id": "cm-osm-node-6149705420", "name": "Flora Creek Chiang Mai", "nameTh": null, "nameEn": "Flora Creek Chiang Mai", "cat": ["hotel"], "province": "cm"}}, {"type": "Feature", "geometry": {"type": "Point", "coordinates": [98.9594257, 18.8088405]}, "properties": {"id": "cm-osm-way-314207781", "name": "Flora House", "nameTh": null, "nameEn": "Flora House", "cat": ["hotel"], "province": "cm"}}, {"type": "Feature", "geometry": {"type": "Point", "coordinates": [98.9930088, 18.7889417]}, "properties": {"id": "cm-osm-node-6057865685", "name": "Floral Hotel", "nameTh": null, "nameEn": "Floral Hotel", "cat": ["hotel"], "province": "cm"}}, {"type": "Feature", "geometry": {"type": "Point", "coordinates": [98.9731184, 18.7976284]}, "properties": {"id": "cm-osm-node-5163378621", "name": "Flow Guest House", "nameTh": null, "nameEn": "Flow Guest House", "cat": ["hotel"], "province": "cm"}}, {"type": "Feature", "geometry": {"type": "Point", "coordinates": [98.963991, 18.803554]}, "properties": {"id": "cm-osm-node-10245740610", "name": "Flow guest house", "nameTh": null, "nameEn": "Flow guest house", "cat": ["hotel"], "province": "cm"}}, {"type": "Feature", "geometry": {"type": "Point", "coordinates": [98.9793196, 18.7859392]}, "properties": {"id": "cm-osm-way-445252913", "name": "For U Boutique Hotel", "nameTh": null, "nameEn": "For U Boutique Hotel", "cat": ["hotel"], "province": "cm"}}, {"type": "Feature", "geometry": {"type": "Point", "coordinates": [98.9312596, 18.9148085]}, "properties": {"id": "cm-osm-way-305818862", "name": "Four Seasons Resort", "nameTh": null, "nameEn": "Four Seasons Resort", "cat": ["hotel"], "province": "cm"}}, {"type": "Feature", "geometry": {"type": "Point", "coordinates": [98.9356788, 18.9103662]}, "properties": {"id": "cm-osm-node-5346742021", "name": "Fragipani Villa", "nameTh": null, "nameEn": "Fragipani Villa", "cat": ["hotel"], "province": "cm"}}, {"type": "Feature", "geometry": {"type": "Point", "coordinates": [98.9823046, 18.7974914]}, "properties": {"id": "cm-osm-node-1352102319", "name": "Franco Thai", "nameTh": null, "nameEn": "Franco Thai", "cat": ["hotel"], "province": "cm"}}, {"type": "Feature", "geometry": {"type": "Point", "coordinates": [98.9886692, 18.793921]}, "properties": {"id": "cm-osm-node-1133628152", "name": "Frangipani Serviced Residences", "nameTh": null, "nameEn": "Frangipani Serviced Residences", "cat": ["hotel"], "province": "cm"}}, {"type": "Feature", "geometry": {"type": "Point", "coordinates": [98.9922019, 18.7938579]}, "properties": {"id": "cm-osm-way-492846790", "name": "Fruit Pulse", "nameTh": null, "nameEn": "Fruit Pulse", "cat": ["hotel"], "province": "cm"}}, {"type": "Feature", "geometry": {"type": "Point", "coordinates": [98.9986242, 18.8449294]}, "properties": {"id": "cm-osm-way-529104782", "name": "Full Moon Resort", "nameTh": null, "nameEn": "Full Moon Resort", "cat": ["hotel"], "province": "cm"}}, {"type": "Feature", "geometry": {"type": "Point", "coordinates": [98.9942233, 18.762975]}, "properties": {"id": "cm-osm-node-9353067138", "name": "Full Stop Hostel Chiang Mai", "nameTh": null, "nameEn": "Full Stop Hostel Chiang Mai", "cat": ["hotel"], "province": "cm"}}, {"type": "Feature", "geometry": {"type": "Point", "coordinates": [98.9825319, 18.7826481]}, "properties": {"id": "cm-osm-node-11486943417", "name": "Fundee Story", "nameTh": null, "nameEn": "Fundee Story", "cat": ["hotel"], "province": "cm"}}, {"type": "Feature", "geometry": {"type": "Point", "coordinates": [98.9942093, 18.7926823]}, "properties": {"id": "cm-osm-node-1491392302", "name": "Funky Monkey", "nameTh": null, "nameEn": "Funky Monkey", "cat": ["hotel"], "province": "cm"}}, {"type": "Feature", "geometry": {"type": "Point", "coordinates": [98.970805, 18.8019958]}, "properties": {"id": "cm-osm-way-103523139", "name": "Furama", "nameTh": null, "nameEn": "Furama Hotel", "cat": ["hotel"], "province": "cm"}}, {"type": "Feature", "geometry": {"type": "Point", "coordinates": [98.9677643, 18.7952532]}, "properties": {"id": "cm-osm-node-9966963750", "name": "G Nimman Chiang Mai", "nameTh": null, "nameEn": "G Nimman Chiang Mai", "cat": ["hotel"], "province": "cm"}}, {"type": "Feature", "geometry": {"type": "Point", "coordinates": [98.992551, 18.7918732]}, "properties": {"id": "cm-osm-node-2676578704", "name": "G.G. Somphet", "nameTh": null, "nameEn": "G.G. Somphet", "cat": ["hotel"], "province": "cm"}}, {"type": "Feature", "geometry": {"type": "Point", "coordinates": [98.982785, 18.7836677]}, "properties": {"id": "cm-osm-way-421125374", "name": "G2 Boutique Hotel", "nameTh": null, "nameEn": "G2 Boutique Hotel", "cat": ["hotel"], "province": "cm"}}, {"type": "Feature", "geometry": {"type": "Point", "coordinates": [99.0055593, 18.7875098]}, "properties": {"id": "cm-osm-node-7060105286", "name": "GOYA Hotel", "nameTh": null, "nameEn": "GOYA Hotel", "cat": ["hotel"], "province": "cm"}}, {"type": "Feature", "geometry": {"type": "Point", "coordinates": [99.0039407, 18.7864576]}, "properties": {"id": "cm-osm-way-525306988", "name": "Galare", "nameTh": null, "nameEn": "Galare", "cat": ["hotel"], "province": "cm"}}, {"type": "Feature", "geometry": {"type": "Point", "coordinates": [98.9837648, 18.7965304]}, "properties": {"id": "cm-osm-node-3317919566", "name": "Galato", "nameTh": null, "nameEn": "Galato", "cat": ["hotel"], "province": "cm"}}, {"type": "Feature", "geometry": {"type": "Point", "coordinates": [98.9973672, 18.7845962]}, "properties": {"id": "cm-osm-node-2597946652", "name": "Garden Guest House", "nameTh": null, "nameEn": "Garden Guest House", "cat": ["hotel"], "province": "cm"}}, {"type": "Feature", "geometry": {"type": "Point", "coordinates": [99.006006, 18.789015]}, "properties": {"id": "cm-osm-node-6622141185", "name": "Gategaa Village", "nameTh": null, "nameEn": "Gategaa Village", "cat": ["hotel"], "province": "cm"}}, {"type": "Feature", "geometry": {"type": "Point", "coordinates": [98.9910052, 18.7924353]}, "properties": {"id": "cm-osm-way-492846700", "name": "Giant", "nameTh": null, "nameEn": "Giant", "cat": ["hotel"], "province": "cm"}}, {"type": "Feature", "geometry": {"type": "Point", "coordinates": [98.9900042, 18.7821401]}, "properties": {"id": "cm-osm-node-7366072736", "name": "Giant Guesthouse", "nameTh": null, "nameEn": "Giant Guesthouse", "cat": ["hotel"], "province": "cm"}}, {"type": "Feature", "geometry": {"type": "Point", "coordinates": [98.9903174, 18.7831045]}, "properties": {"id": "cm-osm-node-1618868157", "name": "Giant Hostel 2", "nameTh": null, "nameEn": "Giant Hostel 2", "cat": ["hotel"], "province": "cm"}}, {"type": "Feature", "geometry": {"type": "Point", "coordinates": [98.9905441, 18.7849065]}, "properties": {"id": "cm-osm-node-4454157764", "name": "Ginny Place", "nameTh": null, "nameEn": "Ginny Place", "cat": ["hotel"], "province": "cm"}}, {"type": "Feature", "geometry": {"type": "Point", "coordinates": [98.9899459, 18.7947825]}, "properties": {"id": "cm-osm-node-13322180005", "name": "Give Me 5 Hostel", "nameTh": null, "nameEn": "Give Me 5 Hostel", "cat": ["hotel"], "province": "cm"}}, {"type": "Feature", "geometry": {"type": "Point", "coordinates": [98.9842914, 18.7995168]}, "properties": {"id": "cm-osm-node-9401545617", "name": "Glory Boutique Suites", "nameTh": null, "nameEn": "Glory Boutique Suites", "cat": ["hotel"], "province": "cm"}}, {"type": "Feature", "geometry": {"type": "Point", "coordinates": [98.9897547, 18.797796]}, "properties": {"id": "cm-osm-node-13848986901", "name": "Glory Wabi Sabi Hotel", "nameTh": null, "nameEn": "Glory Wabi Sabi Hotel", "cat": ["hotel"], "province": "cm"}}, {"type": "Feature", "geometry": {"type": "Point", "coordinates": [99.0051821, 18.7847842]}, "properties": {"id": "cm-osm-way-511629368", "name": "Glur Chiangmai", "nameTh": null, "nameEn": "Glur Chiangmai", "cat": ["hotel"], "province": "cm"}}, {"type": "Feature", "geometry": {"type": "Point", "coordinates": [98.9928499, 18.786256]}, "properties": {"id": "cm-osm-node-7426419782", "name": "GoHostel", "nameTh": null, "nameEn": "GoHostel", "cat": ["hotel"], "province": "cm"}}, {"type": "Feature", "geometry": {"type": "Point", "coordinates": [99.0655155, 18.7472002]}, "properties": {"id": "cm-osm-way-141471719", "name": "Golden Elephant Resort", "nameTh": null, "nameEn": "Golden Elephant Resort", "cat": ["hotel"], "province": "cm"}}, {"type": "Feature", "geometry": {"type": "Point", "coordinates": [99.0052979, 18.7684526]}, "properties": {"id": "cm-osm-way-405981789", "name": "Golden Residence", "nameTh": null, "nameEn": "Golden Residence", "cat": ["hotel"], "province": "cm"}}, {"type": "Feature", "geometry": {"type": "Point", "coordinates": [98.9809456, 18.7909178]}, "properties": {"id": "cm-osm-way-991388176", "name": "Golden fort guest house", "nameTh": null, "nameEn": "Golden fort guest house", "cat": ["hotel"], "province": "cm"}}, {"type": "Feature", "geometry": {"type": "Point", "coordinates": [98.9889123, 18.7801398]}, "properties": {"id": "cm-osm-node-3305984098", "name": "GoldenBell Hotel", "nameTh": null, "nameEn": "GoldenBell Hotel", "cat": ["hotel"], "province": "cm"}}, {"type": "Feature", "geometry": {"type": "Point", "coordinates": [98.9804925, 18.792477]}, "properties": {"id": "cm-osm-way-623146097", "name": "Gongkaew Huen Kum", "nameTh": null, "nameEn": "Gongkaew Huen Kum", "cat": ["hotel"], "province": "cm"}}, {"type": "Feature", "geometry": {"type": "Point", "coordinates": [98.9939992, 18.7932897]}, "properties": {"id": "cm-osm-node-2371283717", "name": "Good Day House", "nameTh": null, "nameEn": "Good Day House", "cat": ["hotel"], "province": "cm"}}, {"type": "Feature", "geometry": {"type": "Point", "coordinates": [98.9853198, 18.7833688]}, "properties": {"id": "cm-osm-way-546257256", "name": "Good Morning Chiang Mai Tropical Inn", "nameTh": null, "nameEn": "Good Morning Chiang Mai Tropical Inn", "cat": ["hotel"], "province": "cm"}}, {"type": "Feature", "geometry": {"type": "Point", "coordinates": [98.985289, 18.7834917]}, "properties": {"id": "cm-osm-way-590950946", "name": "Gord Chiangmai Hotel", "nameTh": null, "nameEn": "Gord Chiangmai Hotel", "cat": ["hotel"], "province": "cm"}}, {"type": "Feature", "geometry": {"type": "Point", "coordinates": [98.9906974, 18.7865607]}, "properties": {"id": "cm-osm-way-650715607", "name": "Grace's Boutique House", "nameTh": null, "nameEn": "Grace's Boutique House", "cat": ["hotel"], "province": "cm"}}, {"type": "Feature", "geometry": {"type": "Point", "coordinates": [98.9858633, 18.7701891]}, "properties": {"id": "cm-osm-node-3652935669", "name": "Grand Lanna Hotel", "nameTh": null, "nameEn": "Grand Lanna Hotel", "cat": ["hotel"], "province": "cm"}}, {"type": "Feature", "geometry": {"type": "Point", "coordinates": [98.988122, 18.7951657]}, "properties": {"id": "cm-osm-node-4607717154", "name": "Great Chiangmai", "nameTh": null, "nameEn": "Great Chiangmai", "cat": ["hotel"], "province": "cm"}}, {"type": "Feature", "geometry": {"type": "Point", "coordinates": [99.0024799, 18.7847149]}, "properties": {"id": "cm-osm-way-406558108", "name": "Green Guesthouse", "nameTh": null, "nameEn": "Green Guesthouse", "cat": ["hotel"], "province": "cm"}}, {"type": "Feature", "geometry": {"type": "Point", "coordinates": [98.9824965, 18.791491]}, "properties": {"id": "cm-osm-node-3385493657", "name": "Green House", "nameTh": null, "nameEn": "Green House", "cat": ["hotel"], "province": "cm"}}, {"type": "Feature", "geometry": {"type": "Point", "coordinates": [98.9656416, 18.8291192]}, "properties": {"id": "cm-osm-way-1118548123", "name": "Green Lake Resort", "nameTh": null, "nameEn": "Green Lake Resort", "cat": ["hotel"], "province": "cm"}}, {"type": "Feature", "geometry": {"type": "Point", "coordinates": [98.96567, 18.8296791]}, "properties": {"id": "cm-osm-way-263960210", "name": "Green Lake Resort", "nameTh": null, "nameEn": "Green Lake Resort", "cat": ["hotel"], "province": "cm"}}, {"type": "Feature", "geometry": {"type": "Point", "coordinates": [98.9899617, 18.7867364]}, "properties": {"id": "cm-osm-node-3419811895", "name": "Green Oasis", "nameTh": null, "nameEn": "Green Oasis", "cat": ["hotel"], "province": "cm"}}, {"type": "Feature", "geometry": {"type": "Point", "coordinates": [98.9847926, 18.7888181]}, "properties": {"id": "cm-osm-way-307890044", "name": "Green Sleep Hostel", "nameTh": null, "nameEn": "Green Sleep Hostel", "cat": ["hotel"], "province": "cm"}}, {"type": "Feature", "geometry": {"type": "Point", "coordinates": [98.9843269, 18.7947263]}, "properties": {"id": "cm-osm-way-623146126", "name": "Green Tiger House", "nameTh": null, "nameEn": "Green Tiger House", "cat": ["hotel"], "province": "cm"}}, {"type": "Feature", "geometry": {"type": "Point", "coordinates": [98.9818345, 18.7825043]}, "properties": {"id": "cm-osm-way-406994369", "name": "Green Tulip House", "nameTh": null, "nameEn": "Green Tulip House", "cat": ["hotel"], "province": "cm"}}, {"type": "Feature", "geometry": {"type": "Point", "coordinates": [98.9930282, 18.794619]}, "properties": {"id": "cm-osm-node-9788273623", "name": "Green Zone Guest House", "nameTh": null, "nameEn": "Green Zone Guest House", "cat": ["hotel"], "province": "cm"}}, {"type": "Feature", "geometry": {"type": "Point", "coordinates": [98.8841865, 18.8176983]}, "properties": {"id": "cm-osm-node-12655847999", "name": "Green Zone homestay", "nameTh": null, "nameEn": "Green Zone homestay", "cat": ["hotel"], "province": "cm"}}, {"type": "Feature", "geometry": {"type": "Point", "coordinates": [98.9309777, 18.9184917]}, "properties": {"id": "cm-osm-node-3050025491", "name": "Gudi Boutique Resort", "nameTh": null, "nameEn": "Gudi Boutique Resort", "cat": ["hotel"], "province": "cm"}}, {"type": "Feature", "geometry": {"type": "Point", "coordinates": [98.9934786, 18.7774203]}, "properties": {"id": "cm-osm-node-2621942702", "name": "Guesthouse Sirikum", "nameTh": null, "nameEn": "Guesthouse Sirikum", "cat": ["hotel"], "province": "cm"}}, {"type": "Feature", "geometry": {"type": "Point", "coordinates": [98.9818911, 18.7948419]}, "properties": {"id": "cm-osm-node-12498028045", "name": "Gusto House", "nameTh": null, "nameEn": "Gusto House", "cat": ["hotel"], "province": "cm"}}, {"type": "Feature", "geometry": {"type": "Point", "coordinates": [98.9820488, 18.7844212]}, "properties": {"id": "cm-osm-way-406881552", "name": "H Hotel", "nameTh": null, "nameEn": "H Hotel", "cat": ["hotel"], "province": "cm"}}, {"type": "Feature", "geometry": {"type": "Point", "coordinates": [98.9808437, 18.793867]}, "properties": {"id": "cm-osm-node-10245740611", "name": "HILLDA HOUSE", "nameTh": null, "nameEn": "HILLDA HOUSE", "cat": ["hotel"], "province": "cm"}}, {"type": "Feature", "geometry": {"type": "Point", "coordinates": [98.9900766, 18.7957583]}, "properties": {"id": "cm-osm-node-8736548232", "name": "HUG", "nameTh": null, "nameEn": "HUG", "cat": ["hotel"], "province": "cm"}}, {"type": "Feature", "geometry": {"type": "Point", "coordinates": [98.9641924, 18.8778381]}, "properties": {"id": "cm-osm-way-1360212018", "name": "Haak Boutique Hotel", "nameTh": null, "nameEn": "Haak Boutique Hotel", "cat": ["hotel"], "province": "cm"}}, {"type": "Feature", "geometry": {"type": "Point", "coordinates": [98.979655, 18.7988827]}, "properties": {"id": "cm-osm-node-11900060369", "name": "Habitat Hostel & Bistro", "nameTh": null, "nameEn": "Habitat Hostel & Bistro", "cat": ["hotel"], "province": "cm"}}, {"type": "Feature", "geometry": {"type": "Point", "coordinates": [98.9432688, 18.9317742]}, "properties": {"id": "cm-osm-node-9311916517", "name": "Hada Resort Chiang Mai", "nameTh": null, "nameEn": "Hada Resort Chiang Mai", "cat": ["hotel"], "province": "cm"}}, {"type": "Feature", "geometry": {"type": "Point", "coordinates": [98.9838912, 18.7781391]}, "properties": {"id": "cm-osm-node-4574462890", "name": "Haikin Ryokan", "nameTh": null, "nameEn": "Haikin Ryokan", "cat": ["hotel"], "province": "cm"}}, {"type": "Feature", "geometry": {"type": "Point", "coordinates": [99.0301693, 18.756781]}, "properties": {"id": "cm-osm-way-438326680", "name": "Harmonize Hotel", "nameTh": null, "nameEn": "Harmonize Hotel", "cat": ["hotel"], "province": "cm"}}, {"type": "Feature", "geometry": {"type": "Point", "coordinates": [99.0171836, 18.7984389]}, "properties": {"id": "cm-osm-node-3152478062", "name": "Harmony House", "nameTh": null, "nameEn": "Harmony House", "cat": ["hotel"], "province": "cm"}}, {"type": "Feature", "geometry": {"type": "Point", "coordinates": [98.9943949, 18.7917327]}, "properties": {"id": "cm-osm-node-10669708734", "name": "He Tai Boutique", "nameTh": null, "nameEn": "He Tai Boutique", "cat": ["hotel"], "province": "cm"}}, {"type": "Feature", "geometry": {"type": "Point", "coordinates": [98.9646798, 18.7888101]}, "properties": {"id": "cm-osm-node-10245740617", "name": "Heimish Hostel", "nameTh": null, "nameEn": "Heimish Hostel", "cat": ["hotel"], "province": "cm"}}, {"type": "Feature", "geometry": {"type": "Point", "coordinates": [98.9922552, 18.7946819]}, "properties": {"id": "cm-osm-way-473622946", "name": "Heritage House", "nameTh": null, "nameEn": "Heritage House", "cat": ["hotel"], "province": "cm"}}, {"type": "Feature", "geometry": {"type": "Point", "coordinates": [98.8852696, 18.7556913]}, "properties": {"id": "cm-osm-way-570658772", "name": "Hern Lhin", "nameTh": null, "nameEn": "Hern Lhin", "cat": ["hotel"], "province": "cm"}}, {"type": "Feature", "geometry": {"type": "Point", "coordinates": [98.9245677, 18.7417576]}, "properties": {"id": "cm-osm-node-2569389809", "name": "Heun Dok Kaew", "nameTh": null, "nameEn": "Heun Dok Kaew", "cat": ["hotel"], "province": "cm"}}, {"type": "Feature", "geometry": {"type": "Point", "coordinates": [98.991156, 18.8048649]}, "properties": {"id": "cm-osm-node-4263760089", "name": "Hey Ha", "nameTh": null, "nameEn": "Hey Ha", "cat": ["hotel"], "province": "cm"}}, {"type": "Feature", "geometry": {"type": "Point", "coordinates": [98.9848514, 18.7170564]}, "properties": {"id": "cm-osm-way-1159991754", "name": "Heyuan", "nameTh": null, "nameEn": "Heyuan", "cat": ["hotel"], "province": "cm"}}, {"type": "Feature", "geometry": {"type": "Point", "coordinates": [98.9746938, 18.7993426]}, "properties": {"id": "cm-osm-way-1270561085", "name": "Hi Chiang Mai", "nameTh": null, "nameEn": "Hi Chiang Mai", "cat": ["hotel"], "province": "cm"}}, {"type": "Feature", "geometry": {"type": "Point", "coordinates": [98.9876532, 18.7806521]}, "properties": {"id": "cm-osm-way-1214120955", "name": "Hidden Garden", "nameTh": null, "nameEn": "Hidden Garden", "cat": ["hotel"], "province": "cm"}}, {"type": "Feature", "geometry": {"type": "Point", "coordinates": [99.0271868, 18.783946]}, "properties": {"id": "cm-osm-node-2576586349", "name": "Highway Hotel", "nameTh": null, "nameEn": "Highway Hotel", "cat": ["hotel"], "province": "cm"}}, {"type": "Feature", "geometry": {"type": "Point", "coordinates": [98.8322451, 18.7957408]}, "properties": {"id": "cm-osm-node-2438297974", "name": "Hill Lodge", "nameTh": null, "nameEn": "Hill Lodge", "cat": ["hotel"], "province": "cm"}}, {"type": "Feature", "geometry": {"type": "Point", "coordinates": [98.8417172, 18.7895155]}, "properties": {"id": "cm-osm-node-2549164157", "name": "Hill Vilage Resort", "nameTh": null, "nameEn": "Hill Vilage Resort", "cat": ["hotel"], "province": "cm"}}, {"type": "Feature", "geometry": {"type": "Point", "coordinates": [98.9796495, 18.7936675]}, "properties": {"id": "cm-osm-node-10165772917", "name": "Hillda House", "nameTh": "Hilda House", "nameEn": "Hillda House", "cat": ["hotel"], "province": "cm"}}, {"type": "Feature", "geometry": {"type": "Point", "coordinates": [98.8402584, 18.789867]}, "properties": {"id": "cm-osm-node-12463298244", "name": "Hillsborough", "nameTh": null, "nameEn": "Hillsborough", "cat": ["hotel"], "province": "cm"}}, {"type": "Feature", "geometry": {"type": "Point", "coordinates": [98.8050154, 18.915238]}, "properties": {"id": "cm-osm-node-4073580027", "name": "Hilltop Hideaway Boutique Resort", "nameTh": null, "nameEn": "Hilltop Hideaway Boutique Resort", "cat": ["hotel"], "province": "cm"}}, {"type": "Feature", "geometry": {"type": "Point", "coordinates": [99.1340999, 18.8745658]}, "properties": {"id": "cm-osm-way-295766078", "name": "Him Doi House", "nameTh": null, "nameEn": "Him Doi House", "cat": ["hotel"], "province": "cm"}}, {"type": "Feature", "geometry": {"type": "Point", "coordinates": [98.9935596, 18.7860982]}, "properties": {"id": "cm-osm-node-10548633444", "name": "Himku Hotel", "nameTh": null, "nameEn": "Himku Hotel", "cat": ["hotel"], "province": "cm"}}, {"type": "Feature", "geometry": {"type": "Point", "coordinates": [98.9827555, 18.7896439]}, "properties": {"id": "cm-osm-node-4086133507", "name": "HobNob Hostel", "nameTh": null, "nameEn": "HobNob Hostel", "cat": ["hotel"], "province": "cm"}}, {"type": "Feature", "geometry": {"type": "Point", "coordinates": [98.9823947, 18.7954301]}, "properties": {"id": "cm-osm-node-11428073369", "name": "Hoh Guesthouse", "nameTh": null, "nameEn": "Hoh Guesthouse", "cat": ["hotel"], "province": "cm"}}, {"type": "Feature", "geometry": {"type": "Point", "coordinates": [98.9771732, 18.8055784]}, "properties": {"id": "cm-osm-way-1159993756", "name": "Hokka-An", "nameTh": null, "nameEn": "Hokka-An", "cat": ["hotel"], "province": "cm"}}, {"type": "Feature", "geometry": {"type": "Point", "coordinates": [98.9638613, 18.80541]}, "properties": {"id": "cm-osm-way-233735956", "name": "Holiday Garden Hotel", "nameTh": null, "nameEn": "Holiday Garden Hotel", "cat": ["hotel"], "province": "cm"}}, {"type": "Feature", "geometry": {"type": "Point", "coordinates": [98.9920936, 18.7784288]}, "properties": {"id": "cm-osm-node-2652877323", "name": "Holiday Garden View", "nameTh": null, "nameEn": "Holiday Garden View", "cat": ["hotel"], "province": "cm"}}, {"type": "Feature", "geometry": {"type": "Point", "coordinates": [99.0044797, 18.8005951]}, "properties": {"id": "cm-osm-node-2468510967", "name": "Hollanda Montri Guesthouse", "nameTh": null, "nameEn": "Hollanda Montri Guesthouse", "cat": ["hotel"], "province": "cm"}}, {"type": "Feature", "geometry": {"type": "Point", "coordinates": [98.9796346, 18.7876645]}, "properties": {"id": "cm-osm-node-12420688801", "name": "Home @ Samlan Soi 1", "nameTh": null, "nameEn": "Home @ Samlan Soi 1", "cat": ["hotel"], "province": "cm"}}, {"type": "Feature", "geometry": {"type": "Point", "coordinates": [98.9803654, 18.803324]}, "properties": {"id": "cm-osm-node-3298008464", "name": "Home Champ", "nameTh": null, "nameEn": "Home Champ", "cat": ["hotel"], "province": "cm"}}, {"type": "Feature", "geometry": {"type": "Point", "coordinates": [98.9946716, 18.7875732]}, "properties": {"id": "cm-osm-way-482773614", "name": "Home Place", "nameTh": null, "nameEn": "Home Place", "cat": ["hotel"], "province": "cm"}}, {"type": "Feature", "geometry": {"type": "Point", "coordinates": [98.9946033, 18.7875134]}, "properties": {"id": "cm-osm-node-10245740315", "name": "Home Place Hotel", "nameTh": null, "nameEn": "Home Place Hotel", "cat": ["hotel"], "province": "cm"}}, {"type": "Feature", "geometry": {"type": "Point", "coordinates": [98.9866446, 18.7973365]}, "properties": {"id": "cm-osm-node-4535938934", "name": "Home Sweet Home", "nameTh": null, "nameEn": "Home Sweet Home", "cat": ["hotel"], "province": "cm"}}, {"type": "Feature", "geometry": {"type": "Point", "coordinates": [98.9642421, 18.8004018]}, "properties": {"id": "cm-osm-node-4506524195", "name": "Home stay", "nameTh": null, "nameEn": "Home stay", "cat": ["hotel"], "province": "cm"}}, {"type": "Feature", "geometry": {"type": "Point", "coordinates": [99.0051164, 18.7537279]}, "properties": {"id": "cm-osm-node-9060250098", "name": "Home119", "nameTh": null, "nameEn": "Home119", "cat": ["hotel"], "province": "cm"}}, {"type": "Feature", "geometry": {"type": "Point", "coordinates": [98.9831439, 18.7881014]}, "properties": {"id": "cm-osm-node-13953736182", "name": "Hooman Hostel", "nameTh": null, "nameEn": "Hooman Hostel", "cat": ["hotel"], "province": "cm"}}, {"type": "Feature", "geometry": {"type": "Point", "coordinates": [98.9749413, 18.7985771]}, "properties": {"id": "cm-osm-way-408595933", "name": "Hop Inn", "nameTh": null, "nameEn": "Hop Inn", "cat": ["hotel"], "province": "cm"}}, {"type": "Feature", "geometry": {"type": "Point", "coordinates": [98.8903209, 18.6933696]}, "properties": {"id": "cm-osm-node-4682674590", "name": "Hoshihana Village", "nameTh": null, "nameEn": "Hoshihana Village", "cat": ["hotel"], "province": "cm"}}, {"type": "Feature", "geometry": {"type": "Point", "coordinates": [98.987202, 18.7848232]}, "properties": {"id": "cm-osm-way-623160173", "name": "Hostel Lullaby", "nameTh": null, "nameEn": "Hostel Lullaby", "cat": ["hotel"], "province": "cm"}}, {"type": "Feature", "geometry": {"type": "Point", "coordinates": [98.9823182, 18.7831882]}, "properties": {"id": "cm-osm-node-10245740313", "name": "Hostel One Art and Gallery", "nameTh": null, "nameEn": "Hostel One Art and Gallery", "cat": ["hotel"], "province": "cm"}}, {"type": "Feature", "geometry": {"type": "Point", "coordinates": [98.9958511, 18.7837471]}, "properties": {"id": "cm-osm-node-7056236885", "name": "Hotel Joy", "nameTh": null, "nameEn": "Hotel Joy", "cat": ["hotel"], "province": "cm"}}, {"type": "Feature", "geometry": {"type": "Point", "coordinates": [98.995305, 18.7821076]}, "properties": {"id": "cm-osm-node-10735399906", "name": "Hotel Loy Chiang Mai", "nameTh": null, "nameEn": "Hotel Loy Chiang Mai", "cat": ["hotel"], "province": "cm"}}, {"type": "Feature", "geometry": {"type": "Point", "coordinates": [98.9929186, 18.7881147]}, "properties": {"id": "cm-osm-relation-13477671", "name": "Hotel M", "nameTh": null, "nameEn": "Hotel M", "cat": ["hotel"], "province": "cm"}}, {"type": "Feature", "geometry": {"type": "Point", "coordinates": [99.0110935, 18.7520898]}, "properties": {"id": "cm-osm-way-1035597303", "name": "Hotel Matana", "nameTh": null, "nameEn": "Hotel Matana", "cat": ["hotel"], "province": "cm"}}, {"type": "Feature", "geometry": {"type": "Point", "coordinates": [98.968322, 18.8039097]}, "properties": {"id": "cm-osm-way-666272215", "name": "Hotel Mayu", "nameTh": null, "nameEn": "Hotel Mayu", "cat": ["hotel"], "province": "cm"}}, {"type": "Feature", "geometry": {"type": "Point", "coordinates": [98.9674496, 18.7988646]}, "properties": {"id": "cm-osm-way-372054967", "name": "Hotel Noir", "nameTh": null, "nameEn": "Hotel Noir", "cat": ["hotel"], "province": "cm"}}, {"type": "Feature", "geometry": {"type": "Point", "coordinates": [98.9683781, 18.7944304]}, "properties": {"id": "cm-osm-node-3419504897", "name": "Hotel Yayee", "nameTh": null, "nameEn": "Hotel Yayee", "cat": ["hotel"], "province": "cm"}}, {"type": "Feature", "geometry": {"type": "Point", "coordinates": [98.9871094, 18.7881932]}, "properties": {"id": "cm-osm-node-4224004316", "name": "Hotel the California", "nameTh": null, "nameEn": "Hotel the California", "cat": ["hotel"], "province": "cm"}}, {"type": "Feature", "geometry": {"type": "Point", "coordinates": [98.9928017, 18.7917212]}, "properties": {"id": "cm-osm-node-3419009695", "name": "House No. 11", "nameTh": null, "nameEn": "House No. 11", "cat": ["hotel"], "province": "cm"}}, {"type": "Feature", "geometry": {"type": "Point", "coordinates": [98.9914382, 18.8320736]}, "properties": {"id": "cm-osm-node-4583464989", "name": "House for Dreamer", "nameTh": null, "nameEn": "House for Dreamer", "cat": ["hotel"], "province": "cm"}}, {"type": "Feature", "geometry": {"type": "Point", "coordinates": [98.898309, 18.7384156]}, "properties": {"id": "cm-osm-node-2438297976", "name": "Huarn Jana Boutique Resort", "nameTh": null, "nameEn": "Huarn Jana Boutique Resort", "cat": ["hotel"], "province": "cm"}}, {"type": "Feature", "geometry": {"type": "Point", "coordinates": [98.9600712, 18.8090246]}, "properties": {"id": "cm-osm-way-317918951", "name": "Huay Keaw Palace 2", "nameTh": null, "nameEn": "Huay Keaw Palace 2", "cat": ["hotel"], "province": "cm"}}, {"type": "Feature", "geometry": {"type": "Point", "coordinates": [98.9608163, 18.7998903]}, "properties": {"id": "cm-osm-way-529378775", "name": "Hub 53 Coworking & Coliving", "nameTh": null, "nameEn": "Hub53 Coworking  & Coliving", "cat": ["hotel"], "province": "cm"}}, {"type": "Feature", "geometry": {"type": "Point", "coordinates": [98.9893918, 18.7946459]}, "properties": {"id": "cm-osm-node-10537029409", "name": "Huen Chiang Man Hostel", "nameTh": null, "nameEn": "Huen Chiang Man Hostel", "cat": ["hotel"], "province": "cm"}}, {"type": "Feature", "geometry": {"type": "Point", "coordinates": [98.9868877, 18.7820128]}, "properties": {"id": "cm-osm-way-793933939", "name": "Huen Hug", "nameTh": null, "nameEn": "Huen Hug", "cat": ["hotel"], "province": "cm"}}, {"type": "Feature", "geometry": {"type": "Point", "coordinates": [98.9613141, 18.817803]}, "properties": {"id": "cm-osm-way-666012662", "name": "Huen Jao Ban", "nameTh": "เฮือนเจ้าบ้าน", "nameEn": "Huen Jao Ban", "cat": ["hotel"], "province": "cm"}}, {"type": "Feature", "geometry": {"type": "Point", "coordinates": [98.9858583, 18.7951692]}, "properties": {"id": "cm-osm-way-319539845", "name": "Hug Hostel", "nameTh": null, "nameEn": "Hug Hostel", "cat": ["hotel"], "province": "cm"}}, {"type": "Feature", "geometry": {"type": "Point", "coordinates": [98.9863499, 18.7971719]}, "properties": {"id": "cm-osm-node-5744340321", "name": "Hug hostel rooftop", "nameTh": null, "nameEn": "Hug hostel rooftop", "cat": ["hotel"], "province": "cm"}}, {"type": "Feature", "geometry": {"type": "Point", "coordinates": [98.9969089, 18.7897713]}, "properties": {"id": "cm-osm-node-5566673219", "name": "Hugnur Hostel & Coffee", "nameTh": null, "nameEn": "Hugnur Hostel & Coffee", "cat": ["hotel"], "province": "cm"}}, {"type": "Feature", "geometry": {"type": "Point", "coordinates": [98.9620097, 18.8005689]}, "properties": {"id": "cm-osm-way-428555409", "name": "I Sleep", "nameTh": null, "nameEn": "I Sleep", "cat": ["hotel"], "province": "cm"}}, {"type": "Feature", "geometry": {"type": "Point", "coordinates": [98.9692039, 18.7991723]}, "properties": {"id": "cm-osm-node-6215718785", "name": "I-room", "nameTh": null, "nameEn": "I-room", "cat": ["hotel"], "province": "cm"}}, {"type": "Feature", "geometry": {"type": "Point", "coordinates": [98.9638647, 18.6977837]}, "properties": {"id": "cm-osm-node-5516124048", "name": "ICM Resort", "nameTh": null, "nameEn": "ICM Resort", "cat": ["hotel"], "province": "cm"}}, {"type": "Feature", "geometry": {"type": "Point", "coordinates": [98.9940386, 18.7871538]}, "properties": {"id": "cm-osm-way-342881870", "name": "IMM Hotel", "nameTh": null, "nameEn": "IMM Hotel", "cat": ["hotel"], "province": "cm"}}, {"type": "Feature", "geometry": {"type": "Point", "coordinates": [98.9824264, 18.8006204]}, "properties": {"id": "cm-osm-way-668372298", "name": "ISTY Hotel", "nameTh": null, "nameEn": "ISTY Hotel", "cat": ["hotel"], "province": "cm"}}, {"type": "Feature", "geometry": {"type": "Point", "coordinates": [98.9633865, 18.8043443]}, "properties": {"id": "cm-osm-way-1111950025", "name": "Ibis", "nameTh": null, "nameEn": "Ibis", "cat": ["hotel"], "province": "cm"}}, {"type": "Feature", "geometry": {"type": "Point", "coordinates": [98.9814868, 18.7966833]}, "properties": {"id": "cm-osm-node-13677628935", "name": "Icon Park\nHotel Chiang Mai", "nameTh": null, "nameEn": "Icon Park\nHotel Chiang Mai", "cat": ["hotel"], "province": "cm"}}, {"type": "Feature", "geometry": {"type": "Point", "coordinates": [98.9744994, 18.8631018]}, "properties": {"id": "cm-osm-way-1247517937", "name": "Imperial Chiang Mai Resort & Sports Club", "nameTh": null, "nameEn": "Imperial Chiang Mai Resort & Sports Club", "cat": ["hotel"], "province": "cm"}}, {"type": "Feature", "geometry": {"type": "Point", "coordinates": [98.9672141, 18.7515804]}, "properties": {"id": "cm-osm-way-457599574", "name": "Impress Boutique Hotel", "nameTh": null, "nameEn": "Impress Boutique Hotel", "cat": ["hotel"], "province": "cm"}}, {"type": "Feature", "geometry": {"type": "Point", "coordinates": [98.9895, 18.7951163]}, "properties": {"id": "cm-osm-node-7026342058", "name": "Income Hostel", "nameTh": null, "nameEn": "Income Hostel", "cat": ["hotel"], "province": "cm"}}, {"type": "Feature", "geometry": {"type": "Point", "coordinates": [98.9790628, 18.7933968]}, "properties": {"id": "cm-osm-node-3385490975", "name": "Indie House", "nameTh": null, "nameEn": "Indie House", "cat": ["hotel"], "province": "cm"}}, {"type": "Feature", "geometry": {"type": "Point", "coordinates": [99.005128, 18.785205]}, "properties": {"id": "cm-osm-node-3395098034", "name": "Indigenous Asia INA House", "nameTh": null, "nameEn": "Indigenous Asia INA House", "cat": ["hotel"], "province": "cm"}}, {"type": "Feature", "geometry": {"type": "Point", "coordinates": [99.0169515, 18.7980444]}, "properties": {"id": "cm-osm-node-3152483861", "name": "Inn Kham", "nameTh": null, "nameEn": "Inn Kham", "cat": ["hotel"], "province": "cm"}}, {"type": "Feature", "geometry": {"type": "Point", "coordinates": [98.9864502, 18.7971704]}, "properties": {"id": "cm-osm-node-3312186403", "name": "Inndigo", "nameTh": null, "nameEn": "Inndigo", "cat": ["hotel"], "province": "cm"}}, {"type": "Feature", "geometry": {"type": "Point", "coordinates": [98.9532149, 18.786611]}, "properties": {"id": "cm-osm-node-10245740615", "name": "Insight Hostel", "nameTh": null, "nameEn": "Insight Hostel", "cat": ["hotel"], "province": "cm"}}, {"type": "Feature", "geometry": {"type": "Point", "coordinates": [99.0100299, 18.801521]}, "properties": {"id": "cm-osm-way-167543637", "name": "Inspire House Hotel Chiang Mai", "nameTh": "อินสไปร์เฮ้าส์", "nameEn": "Inspire House Hotel Chiang Mai", "cat": ["hotel"], "province": "cm"}}, {"type": "Feature", "geometry": {"type": "Point", "coordinates": [98.9845211, 18.7847121]}, "properties": {"id": "cm-osm-way-793145641", "name": "Intentstable", "nameTh": null, "nameEn": "Intentstable", "cat": ["hotel"], "province": "cm"}}, {"type": "Feature", "geometry": {"type": "Point", "coordinates": [98.9952585, 18.7859356]}, "properties": {"id": "cm-osm-node-3414272479", "name": "Inter Inn", "nameTh": null, "nameEn": "Inter Inn", "cat": ["hotel"], "province": "cm"}}, {"type": "Feature", "geometry": {"type": "Point", "coordinates": [98.9977815, 18.7824309]}, "properties": {"id": "cm-osm-way-494956255", "name": "InterContinental Mae Ping", "nameTh": null, "nameEn": "InterContinental Mae Ping", "cat": ["hotel"], "province": "cm"}}, {"type": "Feature", "geometry": {"type": "Point", "coordinates": [98.9932381, 18.7901008]}, "properties": {"id": "cm-osm-node-6251431185", "name": "Iris hostel", "nameTh": null, "nameEn": "Iris hostel", "cat": ["hotel"], "province": "cm"}}, {"type": "Feature", "geometry": {"type": "Point", "coordinates": [98.9734228, 18.8052762]}, "properties": {"id": "cm-osm-node-3311562692", "name": "Ivy's Home", "nameTh": null, "nameEn": "Ivy's Home", "cat": ["hotel"], "province": "cm"}}, {"type": "Feature", "geometry": {"type": "Point", "coordinates": [98.9843422, 18.8061242]}, "properties": {"id": "cm-osm-node-2783554441", "name": "Iyara Hotel", "nameTh": null, "nameEn": "Iyara Hotel", "cat": ["hotel"], "province": "cm"}}, {"type": "Feature", "geometry": {"type": "Point", "coordinates": [99.0056252, 18.8057562]}, "properties": {"id": "cm-osm-node-12486098402", "name": "JB Hotel", "nameTh": null, "nameEn": "JB Hotel", "cat": ["hotel"], "province": "cm"}}, {"type": "Feature", "geometry": {"type": "Point", "coordinates": [98.9924343, 18.7841055]}, "properties": {"id": "cm-osm-node-3324207813", "name": "JJ Guesthouse", "nameTh": null, "nameEn": "JJ Guesthouse", "cat": ["hotel"], "province": "cm"}}, {"type": "Feature", "geometry": {"type": "Point", "coordinates": [98.9900353, 18.7840124]}, "properties": {"id": "cm-osm-node-4856652021", "name": "JJ Guesthouse", "nameTh": null, "nameEn": "JJ Guesthouse", "cat": ["hotel"], "province": "cm"}}, {"type": "Feature", "geometry": {"type": "Point", "coordinates": [98.9961297, 18.7886942]}, "properties": {"id": "cm-osm-node-3418977893", "name": "JaiLiYa", "nameTh": null, "nameEn": "JaiLiYa", "cat": ["hotel"], "province": "cm"}}, {"type": "Feature", "geometry": {"type": "Point", "coordinates": [98.9922559, 18.7921062]}, "properties": {"id": "cm-osm-way-492846676", "name": "Jaidee bamboo Huts", "nameTh": null, "nameEn": "Jaidee bamboo Huts", "cat": ["hotel"], "province": "cm"}}, {"type": "Feature", "geometry": {"type": "Point", "coordinates": [98.9921159, 18.7922307]}, "properties": {"id": "cm-osm-way-308548086", "name": "Jaidii", "nameTh": null, "nameEn": "Jaidii", "cat": ["hotel"], "province": "cm"}}, {"type": "Feature", "geometry": {"type": "Point", "coordinates": [98.9847237, 18.7851384]}, "properties": {"id": "cm-osm-way-793145639", "name": "Jang Muang", "nameTh": null, "nameEn": "Jang Muang", "cat": ["hotel"], "province": "cm"}}, {"type": "Feature", "geometry": {"type": "Point", "coordinates": [98.9936014, 18.7958554]}, "properties": {"id": "cm-osm-way-117933202", "name": "Jang Sripoom House", "nameTh": null, "nameEn": "Jang Sripoom House", "cat": ["hotel"], "province": "cm"}}, {"type": "Feature", "geometry": {"type": "Point", "coordinates": [98.9967156, 18.822104]}, "properties": {"id": "cm-osm-node-4607516292", "name": "Jantzi house", "nameTh": null, "nameEn": "Jantzi house", "cat": ["hotel"], "province": "cm"}}, {"type": "Feature", "geometry": {"type": "Point", "coordinates": [98.9902532, 18.7921764]}, "properties": {"id": "cm-osm-way-578853344", "name": "Jasmine", "nameTh": null, "nameEn": "Jasmine", "cat": ["hotel"], "province": "cm"}}, {"type": "Feature", "geometry": {"type": "Point", "coordinates": [99.1365317, 18.8610019]}, "properties": {"id": "cm-osm-node-2005892291", "name": "Jasmine Hills Lodge", "nameTh": null, "nameEn": "Jasmine Hills Lodge", "cat": ["hotel"], "province": "cm"}}, {"type": "Feature", "geometry": {"type": "Point", "coordinates": [98.9642955, 18.7184247]}, "properties": {"id": "cm-osm-node-5193723821", "name": "Jasmine's home", "nameTh": null, "nameEn": "Jasmine's home", "cat": ["hotel"], "province": "cm"}}, {"type": "Feature", "geometry": {"type": "Point", "coordinates": [98.9900398, 18.79362]}, "properties": {"id": "cm-osm-node-4538459586", "name": "Jay Guest House", "nameTh": null, "nameEn": "Jay Guest House", "cat": ["hotel"], "province": "cm"}}, {"type": "Feature", "geometry": {"type": "Point", "coordinates": [98.9614028, 18.7881561]}, "properties": {"id": "cm-osm-node-5245026221", "name": "Jignesh", "nameTh": null, "nameEn": "Jignesh", "cat": ["hotel"], "province": "cm"}}, {"type": "Feature", "geometry": {"type": "Point", "coordinates": [98.9959437, 18.7926853]}, "properties": {"id": "cm-osm-node-4687966789", "name": "Jimmy & Jeng Homestay", "nameTh": null, "nameEn": "Jimmy & Jeng homestay", "cat": ["hotel"], "province": "cm"}}, {"type": "Feature", "geometry": {"type": "Point", "coordinates": [98.9952416, 18.7898123]}, "properties": {"id": "cm-osm-node-3418977894", "name": "Jin Hostel", "nameTh": null, "nameEn": "Jin Hostel", "cat": ["hotel"], "province": "cm"}}, {"type": "Feature", "geometry": {"type": "Point", "coordinates": [98.9857403, 18.7858135]}, "properties": {"id": "cm-osm-node-4889677221", "name": "Jom Kitti Hotel", "nameTh": null, "nameEn": "Jom Kitti Hotel", "cat": ["hotel"], "province": "cm"}}, {"type": "Feature", "geometry": {"type": "Point", "coordinates": [98.9913394, 18.7912686]}, "properties": {"id": "cm-osm-node-4671874990", "name": "Jonada Guest House", "nameTh": "Fusion Food", "nameEn": "Jonada Guest House", "cat": ["hotel"], "province": "cm"}}, {"type": "Feature", "geometry": {"type": "Point", "coordinates": [98.9913683, 18.7917788]}, "properties": {"id": "cm-osm-way-492846795", "name": "Jonadda GH", "nameTh": null, "nameEn": "Jonadda GH", "cat": ["hotel"], "province": "cm"}}, {"type": "Feature", "geometry": {"type": "Point", "coordinates": [98.9928781, 18.78745]}, "properties": {"id": "cm-osm-way-579074440", "name": "Joyful", "nameTh": null, "nameEn": "Joyful", "cat": ["hotel"], "province": "cm"}}, {"type": "Feature", "geometry": {"type": "Point", "coordinates": [98.9898888, 18.7840911]}, "properties": {"id": "cm-osm-node-2747061194", "name": "Julie Guesthouse", "nameTh": "Julie Guesthouse - 90 Bath die Nacht", "nameEn": "Julie Guesthouse", "cat": ["hotel"], "province": "cm"}}, {"type": "Feature", "geometry": {"type": "Point", "coordinates": [99.1291686, 18.9935137]}, "properties": {"id": "cm-osm-node-7111496197", "name": "Jungle Hut", "nameTh": null, "nameEn": "Jungle Hut", "cat": ["hotel"], "province": "cm"}}, {"type": "Feature", "geometry": {"type": "Point", "coordinates": [98.9890418, 18.7944696]}, "properties": {"id": "cm-osm-node-4538459587", "name": "Junior House", "nameTh": null, "nameEn": "Junior House", "cat": ["hotel"], "province": "cm"}}, {"type": "Feature", "geometry": {"type": "Point", "coordinates": [98.9904108, 18.7922372]}, "properties": {"id": "cm-osm-node-5470274109", "name": "Just Chill inn", "nameTh": null, "nameEn": "Just Chill inn", "cat": ["hotel"], "province": "cm"}}, {"type": "Feature", "geometry": {"type": "Point", "coordinates": [99.0027604, 18.7942443]}, "properties": {"id": "cm-osm-node-6964197685", "name": "K", "nameTh": "K Maison Lanna", "nameEn": null, "cat": ["hotel"], "province": "cm"}}, {"type": "Feature", "geometry": {"type": "Point", "coordinates": [99.0351489, 18.7886954]}, "properties": {"id": "cm-osm-node-1692588947", "name": "K House Apartment", "nameTh": null, "nameEn": "K House Apartment", "cat": ["hotel"], "province": "cm"}}, {"type": "Feature", "geometry": {"type": "Point", "coordinates": [98.9881756, 18.793448]}, "properties": {"id": "cm-osm-node-10245741409", "name": "KAYAN Hostel", "nameTh": null, "nameEn": "KAYAN Hostel", "cat": ["hotel"], "province": "cm"}}, {"type": "Feature", "geometry": {"type": "Point", "coordinates": [99.0505008, 18.649355]}, "properties": {"id": "cm-osm-node-925351579", "name": "KK Garden", "nameTh": null, "nameEn": "KK Garden", "cat": ["hotel"], "province": "cm"}}, {"type": "Feature", "geometry": {"type": "Point", "coordinates": [98.9499411, 18.7637572]}, "properties": {"id": "cm-osm-way-457599227", "name": "KM Hotel", "nameTh": null, "nameEn": "KM Hotel", "cat": ["hotel"], "province": "cm"}}, {"type": "Feature", "geometry": {"type": "Point", "coordinates": [98.9949208, 18.7926051]}, "properties": {"id": "cm-osm-way-312083671", "name": "Kamala's Guesthouse", "nameTh": null, "nameEn": "Kamala's Guesthouse", "cat": ["hotel"], "province": "cm"}}, {"type": "Feature", "geometry": {"type": "Point", "coordinates": [98.998671, 18.786328]}, "properties": {"id": "cm-osm-node-4237922321", "name": "Kampaeng Ngam Hotel", "nameTh": null, "nameEn": "Kampaeng Ngam Hotel", "cat": ["hotel"], "province": "cm"}}, {"type": "Feature", "geometry": {"type": "Point", "coordinates": [99.0231777, 18.6642082]}, "properties": {"id": "cm-osm-node-5164324085", "name": "Kampu Homestay", "nameTh": null, "nameEn": "Kampu Homestay", "cat": ["hotel"], "province": "cm"}}, {"type": "Feature", "geometry": {"type": "Point", "coordinates": [98.8119974, 18.8732772]}, "properties": {"id": "cm-osm-way-332147144", "name": "Kangsadarn Resort", "nameTh": null, "nameEn": "Kangsadarn Resort", "cat": ["hotel"], "province": "cm"}}, {"type": "Feature", "geometry": {"type": "Point", "coordinates": [98.9639464, 18.7962546]}, "properties": {"id": "cm-osm-way-315411426", "name": "Kantary Hills", "nameTh": null, "nameEn": "Kantary Hills", "cat": ["hotel"], "province": "cm"}}, {"type": "Feature", "geometry": {"type": "Point", "coordinates": [98.9942783, 18.7778752]}, "properties": {"id": "cm-osm-node-1096066163", "name": "Kantaya Popy GH", "nameTh": null, "nameEn": "Kantaya Popy GH", "cat": ["hotel"], "province": "cm"}}, {"type": "Feature", "geometry": {"type": "Point", "coordinates": [98.984252, 18.8102641]}, "properties": {"id": "cm-osm-way-331367693", "name": "Kao Hotel", "nameTh": null, "nameEn": "Kao Hotel", "cat": ["hotel"], "province": "cm"}}, {"type": "Feature", "geometry": {"type": "Point", "coordinates": [99.0640212, 18.7485599]}, "properties": {"id": "cm-osm-way-474402351", "name": "Karina Resort", "nameTh": null, "nameEn": "Karina Resort", "cat": ["hotel"], "province": "cm"}}, {"type": "Feature", "geometry": {"type": "Point", "coordinates": [98.9953433, 18.7908105]}, "properties": {"id": "cm-osm-node-2649612347", "name": "Karinthip Village", "nameTh": null, "nameEn": "Karinthip Village", "cat": ["hotel"], "province": "cm"}}, {"type": "Feature", "geometry": {"type": "Point", "coordinates": [98.9911391, 18.7889897]}, "properties": {"id": "cm-osm-node-10723897686", "name": "Kavil", "nameTh": null, "nameEn": "Kavil", "cat": ["hotel"], "province": "cm"}}, {"type": "Feature", "geometry": {"type": "Point", "coordinates": [98.9919833, 18.7938685]}, "properties": {"id": "cm-osm-way-260236351", "name": "Kavil 2", "nameTh": null, "nameEn": "Kavil 2", "cat": ["hotel"], "province": "cm"}}, {"type": "Feature", "geometry": {"type": "Point", "coordinates": [98.9825814, 18.8084033]}, "properties": {"id": "cm-osm-way-668371809", "name": "Kaysorn Residence", "nameTh": "เกษร เรสซิเดนซ์", "nameEn": "Kaysorn Residence", "cat": ["hotel"], "province": "cm"}}, {"type": "Feature", "geometry": {"type": "Point", "coordinates": [98.9917588, 18.794128]}, "properties": {"id": "cm-osm-way-255927414", "name": "Kham Kaew GH 1", "nameTh": null, "nameEn": "Kham Kaew GH 1", "cat": ["hotel"], "province": "cm"}}, {"type": "Feature", "geometry": {"type": "Point", "coordinates": [98.994492, 18.7923532]}, "properties": {"id": "cm-osm-way-492846740", "name": "Kham Phai House", "nameTh": null, "nameEn": "Kham Phai House", "cat": ["hotel"], "province": "cm"}}, {"type": "Feature", "geometry": {"type": "Point", "coordinates": [98.9816249, 18.8154591]}, "properties": {"id": "cm-osm-way-421103337", "name": "Khuang Singh Hotel", "nameTh": null, "nameEn": "Khuang Singh Residence", "cat": ["hotel"], "province": "cm"}}, {"type": "Feature", "geometry": {"type": "Point", "coordinates": [98.9985125, 18.7830383]}, "properties": {"id": "cm-osm-node-3393690512", "name": "Khum Jao Luang Boutique Hotel", "nameTh": null, "nameEn": "Khum Jao Luang Boutique Hotel", "cat": ["hotel"], "province": "cm"}}, {"type": "Feature", "geometry": {"type": "Point", "coordinates": [98.9817671, 18.7817575]}, "properties": {"id": "cm-osm-way-97992321", "name": "Khunnai House", "nameTh": null, "nameEn": "Khunnai House", "cat": ["hotel"], "province": "cm"}}, {"type": "Feature", "geometry": {"type": "Point", "coordinates": [98.9891348, 18.7943668]}, "properties": {"id": "cm-osm-way-578863869", "name": "Kikie's House", "nameTh": null, "nameEn": "Kikie's House", "cat": ["hotel"], "province": "cm"}}, {"type": "Feature", "geometry": {"type": "Point", "coordinates": [99.0028374, 18.7845103]}, "properties": {"id": "cm-osm-node-2649553358", "name": "Kim House", "nameTh": null, "nameEn": "Kim House", "cat": ["hotel"], "province": "cm"}}, {"type": "Feature", "geometry": {"type": "Point", "coordinates": [99.1053215, 18.752634]}, "properties": {"id": "cm-osm-node-2074056631", "name": "King Kong", "nameTh": null, "nameEn": "King Kong", "cat": ["hotel"], "province": "cm"}}, {"type": "Feature", "geometry": {"type": "Point", "coordinates": [98.9867651, 18.7855013]}, "properties": {"id": "cm-osm-way-623160161", "name": "Kitti Rose Home", "nameTh": null, "nameEn": "Kitti Rose Home", "cat": ["hotel"], "province": "cm"}}, {"type": "Feature", "geometry": {"type": "Point", "coordinates": [98.9774508, 18.8029942]}, "properties": {"id": "cm-osm-node-2530417519", "name": "Kittisak House", "nameTh": null, "nameEn": "Kittisak House", "cat": ["hotel"], "province": "cm"}}, {"type": "Feature", "geometry": {"type": "Point", "coordinates": [98.9953694, 18.7911556]}, "properties": {"id": "cm-osm-way-658994136", "name": "Kiwi", "nameTh": null, "nameEn": "Kiwi", "cat": ["hotel"], "province": "cm"}}, {"type": "Feature", "geometry": {"type": "Point", "coordinates": [98.9633639, 18.7954843]}, "properties": {"id": "cm-osm-way-1113542040", "name": "Kokotel Chiang Mai", "nameTh": null, "nameEn": "Kokotel Chiang Mai", "cat": ["hotel"], "province": "cm"}}, {"type": "Feature", "geometry": {"type": "Point", "coordinates": [98.9985376, 18.7857152]}, "properties": {"id": "cm-osm-node-1041391389", "name": "Kong Court", "nameTh": null, "nameEn": "Kong Court", "cat": ["hotel"], "province": "cm"}}, {"type": "Feature", "geometry": {"type": "Point", "coordinates": [98.9940974, 18.7903059]}, "properties": {"id": "cm-osm-node-4636609491", "name": "Korea House", "nameTh": null, "nameEn": "Korea House", "cat": ["hotel"], "province": "cm"}}, {"type": "Feature", "geometry": {"type": "Point", "coordinates": [98.9557741, 18.7873673]}, "properties": {"id": "cm-osm-node-5964028801", "name": "Koyaanisqatsi Guesthouse", "nameTh": null, "nameEn": "Koyaanisqatsi Guesthouse", "cat": ["hotel"], "province": "cm"}}, {"type": "Feature", "geometry": {"type": "Point", "coordinates": [98.8610333, 18.7721197]}, "properties": {"id": "cm-osm-node-7189651586", "name": "Krisdadoi Gardens", "nameTh": null, "nameEn": "Krisdadoi Gardens", "cat": ["hotel"], "province": "cm"}}, {"type": "Feature", "geometry": {"type": "Point", "coordinates": [98.9912875, 18.7894604]}, "properties": {"id": "cm-osm-node-766610260", "name": "Kristi House", "nameTh": null, "nameEn": "Kristi House", "cat": ["hotel"], "province": "cm"}}, {"type": "Feature", "geometry": {"type": "Point", "coordinates": [98.965481, 18.7997272]}, "properties": {"id": "cm-osm-way-428555420", "name": "LIV@Nimman", "nameTh": null, "nameEn": "LIV@Nimman", "cat": ["hotel"], "province": "cm"}}, {"type": "Feature", "geometry": {"type": "Point", "coordinates": [99.0026473, 18.7849731]}, "properties": {"id": "cm-osm-node-3417311372", "name": "LP Star Hostel", "nameTh": null, "nameEn": "LP Star Hostel", "cat": ["hotel"], "province": "cm"}}, {"type": "Feature", "geometry": {"type": "Point", "coordinates": [98.9913161, 18.7846893]}, "properties": {"id": "cm-osm-node-1618868185", "name": "La Maison Verte", "nameTh": null, "nameEn": "La Maison Verte", "cat": ["hotel"], "province": "cm"}}, {"type": "Feature", "geometry": {"type": "Point", "coordinates": [98.989037, 18.7865903]}, "properties": {"id": "cm-osm-node-3419811898", "name": "La Pillow", "nameTh": null, "nameEn": "La Pillow", "cat": ["hotel"], "province": "cm"}}, {"type": "Feature", "geometry": {"type": "Point", "coordinates": [99.071507, 18.8437434]}, "properties": {"id": "cm-osm-way-652146116", "name": "La Villa Kaesler", "nameTh": null, "nameEn": "La Villa Kaesler", "cat": ["hotel"], "province": "cm"}}, {"type": "Feature", "geometry": {"type": "Point", "coordinates": [99.0053653, 18.7605104]}, "properties": {"id": "cm-osm-node-4069454732", "name": "La Villetta Bed & Breakfast", "nameTh": null, "nameEn": "La Villetta Bed & Breakfast", "cat": ["hotel"], "province": "cm"}}, {"type": "Feature", "geometry": {"type": "Point", "coordinates": [98.9925219, 18.7920504]}, "properties": {"id": "cm-osm-node-3419009696", "name": "La-Mer Hostel", "nameTh": null, "nameEn": "La-Mer Hostel", "cat": ["hotel"], "province": "cm"}}, {"type": "Feature", "geometry": {"type": "Point", "coordinates": [98.9452661, 18.6932548]}, "properties": {"id": "cm-osm-way-1237735961", "name": "Laan Mai Fai Chang Resort", "nameTh": null, "nameEn": "Laan Mai Fai Chang Resort", "cat": ["hotel"], "province": "cm"}}, {"type": "Feature", "geometry": {"type": "Point", "coordinates": [98.9920291, 18.7929962]}, "properties": {"id": "cm-osm-way-578863864", "name": "Lamchang House", "nameTh": null, "nameEn": "Lamchang House", "cat": ["hotel"], "province": "cm"}}, {"type": "Feature", "geometry": {"type": "Point", "coordinates": [98.9396109, 18.7319825]}, "properties": {"id": "cm-osm-node-8972417443", "name": "Lana Hotel", "nameTh": null, "nameEn": "Lana Hotel", "cat": ["hotel"], "province": "cm"}}, {"type": "Feature", "geometry": {"type": "Point", "coordinates": [98.9829517, 18.8062712]}, "properties": {"id": "cm-osm-node-3298047307", "name": "Lanna Boutique Resort", "nameTh": null, "nameEn": "Lanna Boutique Resort", "cat": ["hotel"], "province": "cm"}}, {"type": "Feature", "geometry": {"type": "Point", "coordinates": [98.9828438, 18.7160914]}, "properties": {"id": "cm-osm-node-2527486760", "name": "Lanna Boutique Village", "nameTh": null, "nameEn": "Lanna Boutique Village", "cat": ["hotel"], "province": "cm"}}, {"type": "Feature", "geometry": {"type": "Point", "coordinates": [98.9930068, 18.79433]}, "properties": {"id": "cm-osm-node-6205218355", "name": "Lanna Hostel", "nameTh": null, "nameEn": "Lanna Hostel", "cat": ["hotel"], "province": "cm"}}, {"type": "Feature", "geometry": {"type": "Point", "coordinates": [98.9944158, 18.7878153]}, "properties": {"id": "cm-osm-node-3414106790", "name": "Lanna House", "nameTh": null, "nameEn": "Lanna House", "cat": ["hotel"], "province": "cm"}}, {"type": "Feature", "geometry": {"type": "Point", "coordinates": [98.9940061, 18.7929331]}, "properties": {"id": "cm-osm-node-3418990694", "name": "Lanna House", "nameTh": null, "nameEn": "Lanna House", "cat": ["hotel"], "province": "cm"}}, {"type": "Feature", "geometry": {"type": "Point", "coordinates": [99.1330336, 18.7400561]}, "properties": {"id": "cm-osm-node-4567023689", "name": "Lanna Kanchana Homestay", "nameTh": null, "nameEn": "Lanna Kanchana Homestay", "cat": ["hotel"], "province": "cm"}}, {"type": "Feature", "geometry": {"type": "Point", "coordinates": [98.9946851, 18.825402]}, "properties": {"id": "cm-osm-node-1762498151", "name": "Lanna Mantra", "nameTh": null, "nameEn": "Lanna Mantra", "cat": ["hotel"], "province": "cm"}}, {"type": "Feature", "geometry": {"type": "Point", "coordinates": [98.9816835, 18.7945916]}, "properties": {"id": "cm-osm-node-11513223155", "name": "Lanna Oriental", "nameTh": null, "nameEn": "Lanna Oriental", "cat": ["hotel"], "province": "cm"}}, {"type": "Feature", "geometry": {"type": "Point", "coordinates": [98.9984175, 18.77343]}, "properties": {"id": "cm-osm-way-99685177", "name": "Lanna Palace 2004", "nameTh": null, "nameEn": "Lanna Palace 2004", "cat": ["hotel"], "province": "cm"}}, {"type": "Feature", "geometry": {"type": "Point", "coordinates": [99.0047862, 18.7469661]}, "properties": {"id": "cm-osm-node-4067950593", "name": "Lanna Style Pool House", "nameTh": null, "nameEn": "Lanna Style Pool House", "cat": ["hotel"], "province": "cm"}}, {"type": "Feature", "geometry": {"type": "Point", "coordinates": [98.9939229, 18.7865604]}, "properties": {"id": "cm-osm-node-11632742662", "name": "Lanna Tha Phae", "nameTh": null, "nameEn": "Lanna Tha Phae", "cat": ["hotel"], "province": "cm"}}, {"type": "Feature", "geometry": {"type": "Point", "coordinates": [98.990127, 18.7923553]}, "properties": {"id": "cm-osm-node-5538968134", "name": "Lanna Tree Boutique Hotel", "nameTh": null, "nameEn": "Lanna Tree Boutique Hotel", "cat": ["hotel"], "province": "cm"}}, {"type": "Feature", "geometry": {"type": "Point", "coordinates": [98.9904725, 18.7923132]}, "properties": {"id": "cm-osm-node-5538993663", "name": "Lanna Tree Boutique Hotel", "nameTh": null, "nameEn": "Lanna Tree Boutique Hotel", "cat": ["hotel"], "province": "cm"}}, {"type": "Feature", "geometry": {"type": "Point", "coordinates": [98.9923725, 18.8171527]}, "properties": {"id": "cm-osm-way-456888783", "name": "Lanna View Hotel Resort", "nameTh": null, "nameEn": "Lanna View Hotel Resort", "cat": ["hotel"], "province": "cm"}}, {"type": "Feature", "geometry": {"type": "Point", "coordinates": [99.0056234, 18.8057008]}, "properties": {"id": "cm-osm-way-320364949", "name": "Latitude Chiang Mai", "nameTh": null, "nameEn": "Latitude Chiang Mai", "cat": ["hotel"], "province": "cm"}}, {"type": "Feature", "geometry": {"type": "Point", "coordinates": [98.9831213, 18.7888102]}, "properties": {"id": "cm-osm-node-7023404444", "name": "Lavana Hotel", "nameTh": null, "nameEn": "Lavana Hotel", "cat": ["hotel"], "province": "cm"}}, {"type": "Feature", "geometry": {"type": "Point", "coordinates": [98.9871307, 18.7880988]}, "properties": {"id": "cm-osm-node-2039965941", "name": "Le Bateau Ivre", "nameTh": null, "nameEn": "Le Bateau Ivre", "cat": ["hotel"], "province": "cm"}}, {"type": "Feature", "geometry": {"type": "Point", "coordinates": [98.998356, 18.7762261]}, "properties": {"id": "cm-osm-way-1163054117", "name": "Le Bis", "nameTh": null, "nameEn": "Le Bis", "cat": ["hotel"], "province": "cm"}}, {"type": "Feature", "geometry": {"type": "Point", "coordinates": [98.9874221, 18.7951708]}, "properties": {"id": "cm-osm-way-281572496", "name": "Le Canal Boutique House", "nameTh": null, "nameEn": "Le Canal Boutique House", "cat": ["hotel"], "province": "cm"}}, {"type": "Feature", "geometry": {"type": "Point", "coordinates": [98.9562925, 18.7905363]}, "properties": {"id": "cm-osm-way-278039831", "name": "Le Chalet Suite", "nameTh": null, "nameEn": "Le Chalet Suite", "cat": ["hotel"], "province": "cm"}}, {"type": "Feature", "geometry": {"type": "Point", "coordinates": [98.981485, 18.7909173]}, "properties": {"id": "cm-osm-way-1347568628", "name": "Le Charcoa Hotel", "nameTh": null, "nameEn": "Le Charcoa Hotel", "cat": ["hotel"], "province": "cm"}}, {"type": "Feature", "geometry": {"type": "Point", "coordinates": [98.9916687, 18.7941046]}, "properties": {"id": "cm-osm-way-256266487", "name": "Le Frenchie", "nameTh": null, "nameEn": "Le Frenchie", "cat": ["hotel"], "province": "cm"}}, {"type": "Feature", "geometry": {"type": "Point", "coordinates": [98.985697, 18.7816658]}, "properties": {"id": "cm-osm-way-669396976", "name": "Le Light", "nameTh": null, "nameEn": "Le Light", "cat": ["hotel"], "province": "cm"}}, {"type": "Feature", "geometry": {"type": "Point", "coordinates": [98.9999194, 18.7845086]}, "properties": {"id": "cm-osm-way-475897562", "name": "Le Méridien", "nameTh": null, "nameEn": "Meridien", "cat": ["hotel"], "province": "cm"}}, {"type": "Feature", "geometry": {"type": "Point", "coordinates": [98.981843, 18.7862161]}, "properties": {"id": "cm-osm-way-623156416", "name": "Le Naview", "nameTh": null, "nameEn": "Le Naview@Prasingh", "cat": ["hotel"], "province": "cm"}}, {"type": "Feature", "geometry": {"type": "Point", "coordinates": [98.9675571, 18.795051]}, "properties": {"id": "cm-osm-node-3421300375", "name": "Le Plateau", "nameTh": null, "nameEn": "Le Plateau", "cat": ["hotel"], "province": "cm"}}, {"type": "Feature", "geometry": {"type": "Point", "coordinates": [98.9781151, 18.7832518]}, "properties": {"id": "cm-osm-node-5455786832", "name": "Le Pure Hotel", "nameTh": null, "nameEn": "Le Pure Hotel", "cat": ["hotel"], "province": "cm"}}, {"type": "Feature", "geometry": {"type": "Point", "coordinates": [98.9909296, 18.778763]}, "properties": {"id": "cm-osm-node-11699781425", "name": "Le Ville Lanna Boutique Hotel", "nameTh": null, "nameEn": "Le Ville Lanna Boutique Hotel", "cat": ["hotel"], "province": "cm"}}, {"type": "Feature", "geometry": {"type": "Point", "coordinates": [98.9814208, 18.790255]}, "properties": {"id": "cm-osm-way-1436933059", "name": "Le Wiang", "nameTh": "เลอเวียง", "nameEn": "Le Wiang", "cat": ["hotel"], "province": "cm"}}, {"type": "Feature", "geometry": {"type": "Point", "coordinates": [98.9799888, 18.7881839]}, "properties": {"id": "cm-osm-node-12024793369", "name": "Lee Chiang Hotel", "nameTh": "โรงแรมลีเชียง", "nameEn": "Lee Chiang Hotel", "cat": ["hotel"], "province": "cm"}}, {"type": "Feature", "geometry": {"type": "Point", "coordinates": [98.9777921, 18.7954383]}, "properties": {"id": "cm-osm-way-198882479", "name": "Leiview Hotel", "nameTh": "เลวิว โฮเท็ล", "nameEn": "Leiview Hotel", "cat": ["hotel"], "province": "cm"}}, {"type": "Feature", "geometry": {"type": "Point", "coordinates": [98.9942142, 18.7908785]}, "properties": {"id": "cm-osm-node-4538026387", "name": "Lek Guesthouse", "nameTh": null, "nameEn": "Lek Guesthouse", "cat": ["hotel"], "province": "cm"}}, {"type": "Feature", "geometry": {"type": "Point", "coordinates": [98.9828658, 18.7877134]}, "properties": {"id": "cm-osm-node-13953736178", "name": "Lemon Guesthouse", "nameTh": null, "nameEn": "Lemon Guesthouse", "cat": ["hotel"], "province": "cm"}}, {"type": "Feature", "geometry": {"type": "Point", "coordinates": [99.1108324, 18.8718579]}, "properties": {"id": "cm-osm-node-1629161343", "name": "Lha's Place Homestay holiday homes", "nameTh": null, "nameEn": "Lha's Place Homestay holiday homes", "cat": ["hotel"], "province": "cm"}}, {"type": "Feature", "geometry": {"type": "Point", "coordinates": [98.9988904, 18.8222269]}, "properties": {"id": "cm-osm-way-528414208", "name": "Liams Guesthouse", "nameTh": null, "nameEn": "Liams Guesthouse", "cat": ["hotel"], "province": "cm"}}, {"type": "Feature", "geometry": {"type": "Point", "coordinates": [98.9931164, 18.7803003]}, "properties": {"id": "cm-osm-node-12526402001", "name": "Like Home", "nameTh": null, "nameEn": "Like Home", "cat": ["hotel"], "province": "cm"}}, {"type": "Feature", "geometry": {"type": "Point", "coordinates": [98.9791317, 18.8004051]}, "properties": {"id": "cm-osm-node-11903085369", "name": "Lil Hostel", "nameTh": null, "nameEn": "Lil Hostel", "cat": ["hotel"], "province": "cm"}}, {"type": "Feature", "geometry": {"type": "Point", "coordinates": [99.0024005, 18.7815128]}, "properties": {"id": "cm-osm-way-495915600", "name": "Lilu Chiang Mai Hotel", "nameTh": null, "nameEn": "Lilu Chiang Mai Hotel", "cat": ["hotel"], "province": "cm"}}, {"type": "Feature", "geometry": {"type": "Point", "coordinates": [99.0195256, 18.7815434]}, "properties": {"id": "cm-osm-node-4684976589", "name": "Linda's Guesthouse", "nameTh": null, "nameEn": "Linda's Guesthouse", "cat": ["hotel"], "province": "cm"}}, {"type": "Feature", "geometry": {"type": "Point", "coordinates": [98.9908568, 18.7926837]}, "properties": {"id": "cm-osm-way-492846704", "name": "Lita Guest House", "nameTh": null, "nameEn": "Lita Guest House", "cat": ["hotel"], "province": "cm"}}, {"type": "Feature", "geometry": {"type": "Point", "coordinates": [98.9924926, 18.7913608]}, "properties": {"id": "cm-osm-node-2773327239", "name": "Little Bird", "nameTh": null, "nameEn": "Little Bird", "cat": ["hotel"], "province": "cm"}}, {"type": "Feature", "geometry": {"type": "Point", "coordinates": [98.9870137, 18.7962565]}, "properties": {"id": "cm-osm-node-2420202263", "name": "Little Guesthouse", "nameTh": null, "nameEn": "Little Guesthouse", "cat": ["hotel"], "province": "cm"}}, {"type": "Feature", "geometry": {"type": "Point", "coordinates": [98.9939005, 18.7854017]}, "properties": {"id": "cm-osm-node-2598509575", "name": "Little Home", "nameTh": null, "nameEn": "Little Home", "cat": ["hotel"], "province": "cm"}}, {"type": "Feature", "geometry": {"type": "Point", "coordinates": [98.8872846, 18.677513]}, "properties": {"id": "cm-osm-way-316656713", "name": "Little Village", "nameTh": null, "nameEn": "Little Village", "cat": ["hotel"], "province": "cm"}}, {"type": "Feature", "geometry": {"type": "Point", "coordinates": [98.9880189, 18.8870551]}, "properties": {"id": "cm-osm-node-5185676323", "name": "Living Base", "nameTh": null, "nameEn": "Living Base", "cat": ["hotel"], "province": "cm"}}, {"type": "Feature", "geometry": {"type": "Point", "coordinates": [98.9961068, 18.7899272]}, "properties": {"id": "cm-osm-node-3418977896", "name": "Living House 3", "nameTh": null, "nameEn": "Living House 3", "cat": ["hotel"], "province": "cm"}}, {"type": "Feature", "geometry": {"type": "Point", "coordinates": [98.9919883, 18.7848884]}, "properties": {"id": "cm-osm-node-6271672315", "name": "Lost in Chiang Mai", "nameTh": null, "nameEn": "Lost in Chiang Mai", "cat": ["hotel"], "province": "cm"}}, {"type": "Feature", "geometry": {"type": "Point", "coordinates": [98.9843637, 18.8057699]}, "properties": {"id": "cm-osm-way-529383523", "name": "Lotus Hotel", "nameTh": "โรงแรม โลตัส", "nameEn": "Lotus Hotel", "cat": ["hotel"], "province": "cm"}}, {"type": "Feature", "geometry": {"type": "Point", "coordinates": [98.9751201, 18.7950027]}, "properties": {"id": "cm-osm-way-407658818", "name": "Lotus Hotel Pang Suan Kaew", "nameTh": null, "nameEn": "Lotus Hotel Pang Suan Kaew", "cat": ["hotel"], "province": "cm"}}, {"type": "Feature", "geometry": {"type": "Point", "coordinates": [98.9743154, 18.8143844]}, "properties": {"id": "cm-osm-way-200708990", "name": "Love Boat", "nameTh": null, "nameEn": "Love Boat", "cat": ["hotel"], "province": "cm"}}, {"type": "Feature", "geometry": {"type": "Point", "coordinates": [98.9969346, 18.7840844]}, "properties": {"id": "cm-osm-way-578877929", "name": "Loyy Hostel", "nameTh": null, "nameEn": "Loyy Hostel", "cat": ["hotel"], "province": "cm"}}, {"type": "Feature", "geometry": {"type": "Point", "coordinates": [98.9481639, 18.7766562]}, "properties": {"id": "cm-osm-node-7153150285", "name": "Luck Lub Crafted Cottages", "nameTh": null, "nameEn": "Luck Lub Crafted Cottages", "cat": ["hotel"], "province": "cm"}}, {"type": "Feature", "geometry": {"type": "Point", "coordinates": [98.9816064, 18.7831387]}, "properties": {"id": "cm-osm-way-579076870", "name": "Luna", "nameTh": null, "nameEn": "Luna", "cat": ["hotel"], "province": "cm"}}, {"type": "Feature", "geometry": {"type": "Point", "coordinates": [98.9930489, 18.7911076]}, "properties": {"id": "cm-osm-way-220984686", "name": "Lux Hotel", "nameTh": "Lux Hotel go look", "nameEn": "Lux Hotel", "cat": ["hotel"], "province": "cm"}}, {"type": "Feature", "geometry": {"type": "Point", "coordinates": [99.0002263, 18.782948]}, "properties": {"id": "cm-osm-node-13327382431", "name": "Lux Rooms Night Bazaar", "nameTh": null, "nameEn": "Lux Rooms Night Bazaar", "cat": ["hotel"], "province": "cm"}}, {"type": "Feature", "geometry": {"type": "Point", "coordinates": [98.9923153, 18.7909027]}, "properties": {"id": "cm-osm-node-1619218807", "name": "M.D. House", "nameTh": null, "nameEn": "M.D. House", "cat": ["hotel"], "province": "cm"}}, {"type": "Feature", "geometry": {"type": "Point", "coordinates": [98.9911443, 18.7901729]}, "properties": {"id": "cm-osm-node-6352076495", "name": "M5", "nameTh": null, "nameEn": "M5", "cat": ["hotel"], "province": "cm"}}, {"type": "Feature", "geometry": {"type": "Point", "coordinates": [98.9683042, 18.8135282]}, "properties": {"id": "cm-osm-node-4800200321", "name": "MPH Jed Yod Condo", "nameTh": "MPH Jed Yod Condo", "nameEn": null, "cat": ["hotel"], "province": "cm"}}, {"type": "Feature", "geometry": {"type": "Point", "coordinates": [98.9904733, 18.8058994]}, "properties": {"id": "cm-osm-node-7034988085", "name": "Ma 2 Guesthouse", "nameTh": null, "nameEn": "Ma 2 Guesthouse", "cat": ["hotel"], "province": "cm"}}, {"type": "Feature", "geometry": {"type": "Point", "coordinates": [98.981617, 18.7828106]}, "properties": {"id": "cm-osm-node-9796145718", "name": "Ma Guesthouse", "nameTh": null, "nameEn": "Ma Guesthouse", "cat": ["hotel"], "province": "cm"}}, {"type": "Feature", "geometry": {"type": "Point", "coordinates": [98.9838708, 18.797726]}, "properties": {"id": "cm-osm-node-13584913001", "name": "MaHar Hostel ChiangMai", "nameTh": null, "nameEn": "MaHar Hostel ChiangMai", "cat": ["hotel"], "province": "cm"}}, {"type": "Feature", "geometry": {"type": "Point", "coordinates": [98.9844825, 18.7890904]}, "properties": {"id": "cm-osm-node-13959561475", "name": "MaMa Hostel", "nameTh": null, "nameEn": "MaMa Hostel", "cat": ["hotel"], "province": "cm"}}, {"type": "Feature", "geometry": {"type": "Point", "coordinates": [98.9975663, 18.7851033]}, "properties": {"id": "cm-osm-node-5792140253", "name": "Mad Monkey Hostel Chiang Mai", "nameTh": null, "nameEn": "Mad Monkey Hostel Chiang Mai", "cat": ["hotel"], "province": "cm"}}, {"type": "Feature", "geometry": {"type": "Point", "coordinates": [98.9721707, 18.7958916]}, "properties": {"id": "cm-osm-way-481789578", "name": "Madame T", "nameTh": null, "nameEn": "Madame T", "cat": ["hotel"], "province": "cm"}}, {"type": "Feature", "geometry": {"type": "Point", "coordinates": [98.9288585, 18.9106626]}, "properties": {"id": "cm-osm-node-13008514624", "name": "Mae Rim Grace", "nameTh": null, "nameEn": "Mae Rim Grace", "cat": ["hotel"], "province": "cm"}}, {"type": "Feature", "geometry": {"type": "Point", "coordinates": [98.9292124, 18.9122357]}, "properties": {"id": "cm-osm-way-305964629", "name": "Mae Rim Lagoon", "nameTh": null, "nameEn": "Mae Rim Lagoon", "cat": ["hotel"], "province": "cm"}}, {"type": "Feature", "geometry": {"type": "Point", "coordinates": [98.97099, 18.9406594]}, "properties": {"id": "cm-osm-way-309186915", "name": "Mae Rim Lodge Resort", "nameTh": null, "nameEn": "Mae Rim Lodge Resort", "cat": ["hotel"], "province": "cm"}}, {"type": "Feature", "geometry": {"type": "Point", "coordinates": [98.8543314, 18.8985446]}, "properties": {"id": "cm-osm-node-3355620167", "name": "Mae Sa Valley Garden Resort", "nameTh": null, "nameEn": "Mae Sa Valley Garden Resort", "cat": ["hotel"], "province": "cm"}}, {"type": "Feature", "geometry": {"type": "Point", "coordinates": [98.8896616, 18.7385872]}, "properties": {"id": "cm-osm-node-2438297978", "name": "Mae Tha Chang", "nameTh": null, "nameEn": "Mae Tha Chang", "cat": ["hotel"], "province": "cm"}}, {"type": "Feature", "geometry": {"type": "Point", "coordinates": [98.9669727, 18.9168196]}, "properties": {"id": "cm-osm-node-11638724310", "name": "Maerim Hostel", "nameTh": null, "nameEn": "Maerim Hostel", "cat": ["hotel"], "province": "cm"}}, {"type": "Feature", "geometry": {"type": "Point", "coordinates": [98.9469995, 18.9896208]}, "properties": {"id": "cm-osm-way-900686680", "name": "Maerim Villa & Pool", "nameTh": null, "nameEn": "Maerim Villa & Pool", "cat": ["hotel"], "province": "cm"}}, {"type": "Feature", "geometry": {"type": "Point", "coordinates": [98.9735409, 18.7949909]}, "properties": {"id": "cm-osm-node-5632042326", "name": "Mai House No.8", "nameTh": null, "nameEn": "Mai House No.8", "cat": ["hotel"], "province": "cm"}}, {"type": "Feature", "geometry": {"type": "Point", "coordinates": [98.9643935, 18.8029024]}, "properties": {"id": "cm-osm-node-13227263593", "name": "Mai Residence", "nameTh": null, "nameEn": "Mai Residence", "cat": ["hotel"], "province": "cm"}}, {"type": "Feature", "geometry": {"type": "Point", "coordinates": [98.9896724, 18.7864743]}, "properties": {"id": "cm-osm-node-3419811899", "name": "Makka", "nameTh": null, "nameEn": "Makka", "cat": ["hotel"], "province": "cm"}}, {"type": "Feature", "geometry": {"type": "Point", "coordinates": [98.9584279, 18.8023409]}, "properties": {"id": "cm-osm-node-10142982060", "name": "Malee Home", "nameTh": null, "nameEn": "Malee Home", "cat": ["hotel"], "province": "cm"}}, {"type": "Feature", "geometry": {"type": "Point", "coordinates": [98.9566349, 18.8081882]}, "properties": {"id": "cm-osm-way-443798925", "name": "Malin Residence", "nameTh": null, "nameEn": "Malin Residence", "cat": ["hotel"], "province": "cm"}}, {"type": "Feature", "geometry": {"type": "Point", "coordinates": [98.9910141, 18.7925859]}, "properties": {"id": "cm-osm-way-361102007", "name": "Manee House", "nameTh": null, "nameEn": "Manee House", "cat": ["hotel"], "province": "cm"}}, {"type": "Feature", "geometry": {"type": "Point", "coordinates": [98.9959815, 18.7815649]}, "properties": {"id": "cm-osm-node-1477524075", "name": "Maninarakorn", "nameTh": null, "nameEn": "Maninarakorn", "cat": ["hotel"], "province": "cm"}}, {"type": "Feature", "geometry": {"type": "Point", "coordinates": [98.9793202, 18.8081085]}, "properties": {"id": "cm-osm-node-2530393019", "name": "Mansfield Residence", "nameTh": null, "nameEn": "Mansfield Residence", "cat": ["hotel"], "province": "cm"}}, {"type": "Feature", "geometry": {"type": "Point", "coordinates": [99.006096, 18.7815992]}, "properties": {"id": "cm-osm-node-4506493991", "name": "Mapping Hostel", "nameTh": null, "nameEn": "Mapping Hostel", "cat": ["hotel"], "province": "cm"}}, {"type": "Feature", "geometry": {"type": "Point", "coordinates": [99.0060537, 18.7816097]}, "properties": {"id": "cm-osm-node-4803916423", "name": "Mapping Hostel", "nameTh": null, "nameEn": "Mapping Hostel", "cat": ["hotel"], "province": "cm"}}, {"type": "Feature", "geometry": {"type": "Point", "coordinates": [99.0066511, 18.7803888]}, "properties": {"id": "cm-osm-node-6964288706", "name": "Mapping Hostel", "nameTh": null, "nameEn": "Mapping Hostel", "cat": ["hotel"], "province": "cm"}}, {"type": "Feature", "geometry": {"type": "Point", "coordinates": [98.9937404, 18.7547872]}, "properties": {"id": "cm-osm-node-4069454733", "name": "Maraya Hotel & Resort", "nameTh": null, "nameEn": "Maraya Hotel & Resort", "cat": ["hotel"], "province": "cm"}}, {"type": "Feature", "geometry": {"type": "Point", "coordinates": [99.0004675, 18.7950686]}, "properties": {"id": "cm-osm-node-13240370184", "name": "March Hotel & Suite", "nameTh": null, "nameEn": "March Hotel & Suite", "cat": ["hotel"], "province": "cm"}}, {"type": "Feature", "geometry": {"type": "Point", "coordinates": [98.999399, 18.798761]}, "properties": {"id": "cm-osm-node-3260946561", "name": "Marena Inn Hotel", "nameTh": null, "nameEn": "Marena Inn Hotel", "cat": ["hotel"], "province": "cm"}}, {"type": "Feature", "geometry": {"type": "Point", "coordinates": [98.981273, 18.7817906]}, "properties": {"id": "cm-osm-way-423031868", "name": "Marigold Lanna", "nameTh": null, "nameEn": "Marigold Lanna", "cat": ["hotel"], "province": "cm"}}, {"type": "Feature", "geometry": {"type": "Point", "coordinates": [98.9944218, 18.7938715]}, "properties": {"id": "cm-osm-node-3985998851", "name": "Marlboro", "nameTh": null, "nameEn": "Marlboro", "cat": ["hotel"], "province": "cm"}}, {"type": "Feature", "geometry": {"type": "Point", "coordinates": [98.9617207, 18.7886503]}, "properties": {"id": "cm-osm-node-4360066443", "name": "Mars Moon", "nameTh": null, "nameEn": "Mars Moon", "cat": ["hotel"], "province": "cm"}}, {"type": "Feature", "geometry": {"type": "Point", "coordinates": [99.005426, 18.7840251]}, "properties": {"id": "cm-osm-way-511629347", "name": "Mawin G H", "nameTh": null, "nameEn": "Mawin G H", "cat": ["hotel"], "province": "cm"}}, {"type": "Feature", "geometry": {"type": "Point", "coordinates": [98.9989789, 18.7815936]}, "properties": {"id": "cm-osm-node-2655153366", "name": "May I Inn", "nameTh": null, "nameEn": "May I Inn", "cat": ["hotel"], "province": "cm"}}, {"type": "Feature", "geometry": {"type": "Point", "coordinates": [98.9839684, 18.7963007]}, "properties": {"id": "cm-osm-node-4730140927", "name": "Me U Hostel", "nameTh": null, "nameEn": "Me U Hostel", "cat": ["hotel"], "province": "cm"}}, {"type": "Feature", "geometry": {"type": "Point", "coordinates": [98.9839715, 18.7963622]}, "properties": {"id": "cm-osm-node-5585680521", "name": "Me U2 Hostel", "nameTh": null, "nameEn": "Me U2 Hostel", "cat": ["hotel"], "province": "cm"}}, {"type": "Feature", "geometry": {"type": "Point", "coordinates": [98.9899802, 18.7957629]}, "properties": {"id": "cm-osm-node-6538568386", "name": "Medy House", "nameTh": null, "nameEn": "Medy House", "cat": ["hotel"], "province": "cm"}}, {"type": "Feature", "geometry": {"type": "Point", "coordinates": [98.9849971, 18.8023308]}, "properties": {"id": "cm-osm-way-192582430", "name": "Mercure Hotel", "nameTh": null, "nameEn": "Mercure Hotel", "cat": ["hotel"], "province": "cm"}}, {"type": "Feature", "geometry": {"type": "Point", "coordinates": [98.9891071, 18.7806199]}, "properties": {"id": "cm-osm-way-473522565", "name": "MhonSa Hotel", "nameTh": null, "nameEn": "MhonSa Hotel", "cat": ["hotel"], "province": "cm"}}, {"type": "Feature", "geometry": {"type": "Point", "coordinates": [98.9957059, 18.7873092]}, "properties": {"id": "cm-osm-node-3414113163", "name": "Micasa", "nameTh": null, "nameEn": "Micasa", "cat": ["hotel"], "province": "cm"}}, {"type": "Feature", "geometry": {"type": "Point", "coordinates": [98.993779, 18.7898652]}, "properties": {"id": "cm-osm-way-650706598", "name": "Mila hotel & cafe", "nameTh": null, "nameEn": "Mila hotel & cafe", "cat": ["hotel"], "province": "cm"}}, {"type": "Feature", "geometry": {"type": "Point", "coordinates": [98.9921558, 18.7890626]}, "properties": {"id": "cm-osm-node-2533128064", "name": "Mini Cost", "nameTh": null, "nameEn": "Mini Cost", "cat": ["hotel"], "province": "cm"}}, {"type": "Feature", "geometry": {"type": "Point", "coordinates": [98.9940393, 18.7877515]}, "properties": {"id": "cm-osm-way-650706591", "name": "Mini Guesthouse", "nameTh": null, "nameEn": "Mini Guesthouse", "cat": ["hotel"], "province": "cm"}}, {"type": "Feature", "geometry": {"type": "Point", "coordinates": [98.9886556, 18.7835464]}, "properties": {"id": "cm-osm-node-5243862325", "name": "Mint House", "nameTh": null, "nameEn": "Mint House", "cat": ["hotel"], "province": "cm"}}, {"type": "Feature", "geometry": {"type": "Point", "coordinates": [98.9858577, 18.7882545]}, "properties": {"id": "cm-osm-node-6356351495", "name": "Momo", "nameTh": null, "nameEn": "Momo", "cat": ["hotel"], "province": "cm"}}, {"type": "Feature", "geometry": {"type": "Point", "coordinates": [98.8229649, 18.9360924]}, "properties": {"id": "cm-osm-node-2521843518", "name": "Mon Cham Camping Resort", "nameTh": null, "nameEn": "Mon Cham Camping Resort", "cat": ["hotel"], "province": "cm"}}, {"type": "Feature", "geometry": {"type": "Point", "coordinates": [98.9844905, 18.7793186]}, "properties": {"id": "cm-osm-node-7133352385", "name": "Monkey Bowls Guesthouse", "nameTh": null, "nameEn": "Monkey Bowls Guesthouse", "cat": ["hotel"], "province": "cm"}}, {"type": "Feature", "geometry": {"type": "Point", "coordinates": [98.983981, 18.7964773]}, "properties": {"id": "cm-osm-node-13679836161", "name": "Monkey Toe Guesthouse", "nameTh": null, "nameEn": "Monkey Toe Guesthouse", "cat": ["hotel"], "province": "cm"}}, {"type": "Feature", "geometry": {"type": "Point", "coordinates": [98.9094441, 18.9259482]}, "properties": {"id": "cm-osm-node-3751056345", "name": "Monoceros Resort", "nameTh": null, "nameEn": "Monoceros Resort", "cat": ["hotel"], "province": "cm"}}, {"type": "Feature", "geometry": {"type": "Point", "coordinates": [98.9938769, 18.7887062]}, "properties": {"id": "cm-osm-node-4538160418", "name": "Montrara Happy House", "nameTh": null, "nameEn": "Montrara Happy House", "cat": ["hotel"], "province": "cm"}}, {"type": "Feature", "geometry": {"type": "Point", "coordinates": [98.9897771, 18.787895]}, "properties": {"id": "cm-osm-way-387523594", "name": "Moon Dragon Hotel", "nameTh": null, "nameEn": "Moon Dragon Hotel", "cat": ["hotel"], "province": "cm"}}, {"type": "Feature", "geometry": {"type": "Point", "coordinates": [98.9280364, 18.9584606]}, "properties": {"id": "cm-osm-node-4859428908", "name": "Moon Terrace Resort & Hotel", "nameTh": null, "nameEn": "Moon Terrace Resort & Hotel", "cat": ["hotel"], "province": "cm"}}, {"type": "Feature", "geometry": {"type": "Point", "coordinates": [99.0191645, 18.8077067]}, "properties": {"id": "cm-osm-way-1361355833", "name": "Moose Hotel - Central Festival", "nameTh": null, "nameEn": "Moose Hotel - Central Festival", "cat": ["hotel"], "province": "cm"}}, {"type": "Feature", "geometry": {"type": "Point", "coordinates": [98.9666523, 18.7993645]}, "properties": {"id": "cm-osm-way-233741341", "name": "Moose Hotel Nimman", "nameTh": null, "nameEn": "Moose Hotel Nimman", "cat": ["hotel"], "province": "cm"}}, {"type": "Feature", "geometry": {"type": "Point", "coordinates": [99.012017, 18.8084839]}, "properties": {"id": "cm-osm-node-11134608362", "name": "Moose Hotel Super Highway", "nameTh": null, "nameEn": "Moose Hotel Super Highway", "cat": ["hotel"], "province": "cm"}}, {"type": "Feature", "geometry": {"type": "Point", "coordinates": [98.9837302, 18.7846043]}, "properties": {"id": "cm-osm-node-3384133223", "name": "More Relax", "nameTh": null, "nameEn": "More Relax", "cat": ["hotel"], "province": "cm"}}, {"type": "Feature", "geometry": {"type": "Point", "coordinates": [98.9948826, 18.7878786]}, "properties": {"id": "cm-osm-way-482773624", "name": "Morooms", "nameTh": null, "nameEn": "Morooms", "cat": ["hotel"], "province": "cm"}}, {"type": "Feature", "geometry": {"type": "Point", "coordinates": [98.9726638, 18.8142722]}, "properties": {"id": "cm-osm-way-668016351", "name": "Movement \"Love Hotel\"", "nameTh": null, "nameEn": "Movement \"Love Hotel\"", "cat": ["hotel"], "province": "cm"}}, {"type": "Feature", "geometry": {"type": "Point", "coordinates": [98.9837542, 18.7962307]}, "properties": {"id": "cm-osm-node-3317919570", "name": "Mr. Jack Guesthouse", "nameTh": null, "nameEn": "Mr. Jack Guesthouse", "cat": ["hotel"], "province": "cm"}}, {"type": "Feature", "geometry": {"type": "Point", "coordinates": [98.9928139, 18.7848535]}, "properties": {"id": "cm-osm-way-576838831", "name": "Muang Thong", "nameTh": null, "nameEn": "Muang Thong", "cat": ["hotel"], "province": "cm"}}, {"type": "Feature", "geometry": {"type": "Point", "coordinates": [98.9919524, 18.7940967]}, "properties": {"id": "cm-osm-way-256266497", "name": "My Mum Home", "nameTh": "มายมัม โฮม", "nameEn": "My Mum Home", "cat": ["hotel"], "province": "cm"}}, {"type": "Feature", "geometry": {"type": "Point", "coordinates": [98.981488, 18.8098153]}, "properties": {"id": "cm-osm-node-10245740709", "name": "My Way Hostel Chiang Mai", "nameTh": null, "nameEn": "My Way Hostel Chiang Mai", "cat": ["hotel"], "province": "cm"}}, {"type": "Feature", "geometry": {"type": "Point", "coordinates": [98.9921939, 18.779511]}, "properties": {"id": "cm-osm-way-1115111485", "name": "Na Baan Ya Chiang Mai", "nameTh": null, "nameEn": "Na Baan Ya Chiang Mai", "cat": ["hotel"], "province": "cm"}}, {"type": "Feature", "geometry": {"type": "Point", "coordinates": [98.9905059, 18.7864178]}, "properties": {"id": "cm-osm-node-988562302", "name": "Na Inn", "nameTh": null, "nameEn": "Na Inn", "cat": ["hotel"], "province": "cm"}}, {"type": "Feature", "geometry": {"type": "Point", "coordinates": [99.0175384, 18.8236899]}, "properties": {"id": "cm-osm-node-13505798520", "name": "Na Napa Wellness Spa & Resort", "nameTh": null, "nameEn": "Na Napa Wellness Spa & Resort", "cat": ["hotel"], "province": "cm"}}, {"type": "Feature", "geometry": {"type": "Point", "coordinates": [98.9685311, 18.854734]}, "properties": {"id": "cm-osm-way-319526064", "name": "Nahkornping Lodge", "nameTh": null, "nameEn": "Nahkornping Lodge", "cat": ["hotel"], "province": "cm"}}, {"type": "Feature", "geometry": {"type": "Point", "coordinates": [98.9952128, 18.7891182]}, "properties": {"id": "cm-osm-node-3418977897", "name": "Nai Boutique House", "nameTh": null, "nameEn": "Nai Boutique House", "cat": ["hotel"], "province": "cm"}}, {"type": "Feature", "geometry": {"type": "Point", "coordinates": [98.9881792, 18.7935746]}, "properties": {"id": "cm-osm-node-3115989822", "name": "Nalin Guesthouse", "nameTh": null, "nameEn": "Nalin Guesthouse", "cat": ["hotel"], "province": "cm"}}, {"type": "Feature", "geometry": {"type": "Point", "coordinates": [98.9875011, 18.7740382]}, "properties": {"id": "cm-osm-node-2661221806", "name": "Nampiangdin boutique hotel", "nameTh": "น้ำเพียงดิน บูติก โฮเทล", "nameEn": "Nampiangdin boutique hotel", "cat": ["hotel"], "province": "cm"}}, {"type": "Feature", "geometry": {"type": "Point", "coordinates": [98.9819808, 18.78595]}, "properties": {"id": "cm-osm-node-13253712045", "name": "Namton Boutique Hotel", "nameTh": null, "nameEn": "Namton Boutique Hotel", "cat": ["hotel"], "province": "cm"}}, {"type": "Feature", "geometry": {"type": "Point", "coordinates": [99.0182805, 18.7878145]}, "properties": {"id": "cm-osm-node-4584102558", "name": "Nantawan", "nameTh": "นันทวัน เก็สท์เฮ้าส์", "nameEn": "Nantawan", "cat": ["hotel"], "province": "cm"}}, {"type": "Feature", "geometry": {"type": "Point", "coordinates": [98.9796761, 18.7874897]}, "properties": {"id": "cm-osm-way-623154473", "name": "Nanya Hotel Chiang Mai", "nameTh": null, "nameEn": "Nanya Hotel Chiang Mai", "cat": ["hotel"], "province": "cm"}}, {"type": "Feature", "geometry": {"type": "Point", "coordinates": [98.9990228, 18.7842328]}, "properties": {"id": "cm-osm-node-3416985810", "name": "Nap", "nameTh": null, "nameEn": "Nap", "cat": ["hotel"], "province": "cm"}}, {"type": "Feature", "geometry": {"type": "Point", "coordinates": [98.9827601, 18.788736]}, "properties": {"id": "cm-osm-node-4706193389", "name": "Nap Box Hostel", "nameTh": null, "nameEn": "Nap Box Hostel", "cat": ["hotel"], "province": "cm"}}, {"type": "Feature", "geometry": {"type": "Point", "coordinates": [98.9934856, 18.8041171]}, "properties": {"id": "cm-osm-way-228446613", "name": "Napatra Hotel", "nameTh": null, "nameEn": "Napatra Hotel", "cat": ["hotel"], "province": "cm"}}, {"type": "Feature", "geometry": {"type": "Point", "coordinates": [98.9955916, 18.7916305]}, "properties": {"id": "cm-osm-node-13115036301", "name": "Naptel Chang Moi", "nameTh": null, "nameEn": "Naptel Chang Moi", "cat": ["hotel"], "province": "cm"}}, {"type": "Feature", "geometry": {"type": "Point", "coordinates": [98.9778115, 18.8176237]}, "properties": {"id": "cm-osm-way-331504416", "name": "Nara Place", "nameTh": null, "nameEn": "Nara Place", "cat": ["hotel"], "province": "cm"}}, {"type": "Feature", "geometry": {"type": "Point", "coordinates": [98.9057915, 18.7183302]}, "properties": {"id": "cm-osm-node-2670846997", "name": "Narittaya Resort and Spa", "nameTh": null, "nameEn": "Narittaya Resort and Spa", "cat": ["hotel"], "province": "cm"}}, {"type": "Feature", "geometry": {"type": "Point", "coordinates": [98.9926841, 18.7800479]}, "properties": {"id": "cm-osm-node-2652777929", "name": "Naruncha Green House - กรีนเฮาส์", "nameTh": "กรีนเฮาส์", "nameEn": "Green House", "cat": ["hotel"], "province": "cm"}}, {"type": "Feature", "geometry": {"type": "Point", "coordinates": [98.9951348, 18.791195]}, "properties": {"id": "cm-osm-way-658994146", "name": "Nat Len", "nameTh": null, "nameEn": "Nat Len", "cat": ["hotel"], "province": "cm"}}, {"type": "Feature", "geometry": {"type": "Point", "coordinates": [98.9849495, 18.8268211]}, "properties": {"id": "cm-osm-node-4348202493", "name": "Nattida Place", "nameTh": null, "nameEn": "Nattida Place", "cat": ["hotel"], "province": "cm"}}, {"type": "Feature", "geometry": {"type": "Point", "coordinates": [98.9178144, 18.9666326]}, "properties": {"id": "cm-osm-node-3803713499", "name": "Natura Resort", "nameTh": null, "nameEn": "Natura Resort", "cat": ["hotel"], "province": "cm"}}, {"type": "Feature", "geometry": {"type": "Point", "coordinates": [98.9923825, 18.7913603]}, "properties": {"id": "cm-osm-node-4087790289", "name": "Nature's Way House", "nameTh": null, "nameEn": "Nature's Way House", "cat": ["hotel"], "province": "cm"}}, {"type": "Feature", "geometry": {"type": "Point", "coordinates": [98.9781129, 18.7825808]}, "properties": {"id": "cm-osm-way-329997688", "name": "Near the Park Backpack House", "nameTh": null, "nameEn": "Near the Park Backpack House", "cat": ["hotel"], "province": "cm"}}, {"type": "Feature", "geometry": {"type": "Point", "coordinates": [98.9920552, 18.7939103]}, "properties": {"id": "cm-osm-node-10801484706", "name": "Near the park Backpack hostel 2", "nameTh": null, "nameEn": "Near the park Backpack hostel 2", "cat": ["hotel"], "province": "cm"}}, {"type": "Feature", "geometry": {"type": "Point", "coordinates": [98.9816258, 18.7921632]}, "properties": {"id": "cm-osm-node-6204649738", "name": "Neat Hostel", "nameTh": null, "nameEn": "Neat Hostel", "cat": ["hotel"], "province": "cm"}}, {"type": "Feature", "geometry": {"type": "Point", "coordinates": [98.9734513, 18.7954742]}, "properties": {"id": "cm-osm-node-3420927451", "name": "Nest", "nameTh": null, "nameEn": "Nest", "cat": ["hotel"], "province": "cm"}}, {"type": "Feature", "geometry": {"type": "Point", "coordinates": [98.9976333, 18.7909624]}, "properties": {"id": "cm-osm-way-658996894", "name": "New Asia", "nameTh": "นิวเอเชียโฮเทล", "nameEn": "New Asia", "cat": ["hotel"], "province": "cm"}}, {"type": "Feature", "geometry": {"type": "Point", "coordinates": [98.9914325, 18.7920237]}, "properties": {"id": "cm-osm-way-578853341", "name": "Nice House #3", "nameTh": null, "nameEn": "Nice House #3", "cat": ["hotel"], "province": "cm"}}, {"type": "Feature", "geometry": {"type": "Point", "coordinates": [98.9896971, 18.7902089]}, "properties": {"id": "cm-osm-node-1598989912", "name": "Nice Place Guesthouse", "nameTh": "Thai Akara - Lanna Boutique Hotel", "nameEn": null, "cat": ["hotel"], "province": "cm"}}, {"type": "Feature", "geometry": {"type": "Point", "coordinates": [99.0016206, 18.7846776]}, "properties": {"id": "cm-osm-node-4784335124", "name": "Nice Sleep Box", "nameTh": null, "nameEn": "Nice Sleep Box", "cat": ["hotel"], "province": "cm"}}, {"type": "Feature", "geometry": {"type": "Point", "coordinates": [98.9938445, 18.7909002]}, "properties": {"id": "cm-osm-node-3298818261", "name": "Nidhra Lanna", "nameTh": null, "nameEn": "Nidhra Lanna", "cat": ["hotel"], "province": "cm"}}, {"type": "Feature", "geometry": {"type": "Point", "coordinates": [98.9993781, 18.7859614]}, "properties": {"id": "cm-osm-way-1484032989", "name": "Night Bazaar Condotel", "nameTh": null, "nameEn": "Night Bazaar Condotel", "cat": ["hotel"], "province": "cm"}}, {"type": "Feature", "geometry": {"type": "Point", "coordinates": [98.9692904, 18.7942066]}, "properties": {"id": "cm-osm-way-334835384", "name": "Nimman House", "nameTh": null, "nameEn": "Nimman House", "cat": ["hotel"], "province": "cm"}}, {"type": "Feature", "geometry": {"type": "Point", "coordinates": [98.9652365, 18.7993182]}, "properties": {"id": "cm-osm-way-428555422", "name": "Nimman Mai?", "nameTh": null, "nameEn": "Nimman Mai?", "cat": ["hotel"], "province": "cm"}}, {"type": "Feature", "geometry": {"type": "Point", "coordinates": [98.979732, 18.7929241]}, "properties": {"id": "cm-osm-way-623146112", "name": "Nine House", "nameTh": null, "nameEn": "Nine House", "cat": ["hotel"], "province": "cm"}}, {"type": "Feature", "geometry": {"type": "Point", "coordinates": [98.9849119, 18.7851166]}, "properties": {"id": "cm-osm-way-793145644", "name": "Nine Resident", "nameTh": null, "nameEn": "Nine Resident", "cat": ["hotel"], "province": "cm"}}, {"type": "Feature", "geometry": {"type": "Point", "coordinates": [98.9828808, 18.7874087]}, "properties": {"id": "cm-osm-node-11257204146", "name": "Nine Smiths Hotel Chiangmai", "nameTh": null, "nameEn": "Nine Smiths Hotel Chiangmai", "cat": ["hotel"], "province": "cm"}}, {"type": "Feature", "geometry": {"type": "Point", "coordinates": [98.9882491, 18.7801712]}, "properties": {"id": "cm-osm-node-3251631054", "name": "Nobel House", "nameTh": null, "nameEn": "Nobel House", "cat": ["hotel"], "province": "cm"}}, {"type": "Feature", "geometry": {"type": "Point", "coordinates": [98.9428496, 18.8090542]}, "properties": {"id": "cm-osm-node-479708485", "name": "Nobel House", "nameTh": null, "nameEn": "Nobel House", "cat": ["hotel"], "province": "cm"}}, {"type": "Feature", "geometry": {"type": "Point", "coordinates": [98.9924614, 18.7772894]}, "properties": {"id": "cm-osm-way-1163065146", "name": "Noble Baan Pastel", "nameTh": null, "nameEn": "Noble Baan Pastel", "cat": ["hotel"], "province": "cm"}}, {"type": "Feature", "geometry": {"type": "Point", "coordinates": [98.9816637, 18.7798467]}, "properties": {"id": "cm-osm-node-12022913978", "name": "Noble Thippanate", "nameTh": null, "nameEn": "Noble Thippanate", "cat": ["hotel"], "province": "cm"}}, {"type": "Feature", "geometry": {"type": "Point", "coordinates": [98.990766, 18.794679]}, "properties": {"id": "cm-osm-node-5325143621", "name": "Nocky House", "nameTh": null, "nameEn": "Nocky House", "cat": ["hotel"], "province": "cm"}}, {"type": "Feature", "geometry": {"type": "Point", "coordinates": [98.9823681, 18.7859027]}, "properties": {"id": "cm-osm-node-3384107404", "name": "Non", "nameTh": null, "nameEn": "Non", "cat": ["hotel"], "province": "cm"}}, {"type": "Feature", "geometry": {"type": "Point", "coordinates": [98.9882623, 18.7791933]}, "properties": {"id": "cm-osm-node-2656777412", "name": "Nonni Guesthouse", "nameTh": null, "nameEn": "Nonni Guesthouse", "cat": ["hotel"], "province": "cm"}}, {"type": "Feature", "geometry": {"type": "Point", "coordinates": [98.9825489, 18.7816191]}, "properties": {"id": "cm-osm-node-6787301685", "name": "Nonnii Fundii Guesthouse", "nameTh": null, "nameEn": "Nonnii Fundii Guesthouse", "cat": ["hotel"], "province": "cm"}}, {"type": "Feature", "geometry": {"type": "Point", "coordinates": [98.995677, 18.7917765]}, "properties": {"id": "cm-osm-node-1491436900", "name": "Noppawan Palace", "nameTh": "นพวรรณ พาเลซ", "nameEn": "Noppawan Palace", "cat": ["hotel"], "province": "cm"}}, {"type": "Feature", "geometry": {"type": "Point", "coordinates": [98.9818622, 18.785852]}, "properties": {"id": "cm-osm-node-11486846126", "name": "Normal Stay", "nameTh": null, "nameEn": "Normal Stay", "cat": ["hotel"], "province": "cm"}}, {"type": "Feature", "geometry": {"type": "Point", "coordinates": [98.9696643, 18.7975379]}, "properties": {"id": "cm-osm-node-12464212472", "name": "Norn Nee Nor Hostel & Cafe", "nameTh": null, "nameEn": "Norn Nee Nor Hostel & Cafe", "cat": ["hotel"], "province": "cm"}}, {"type": "Feature", "geometry": {"type": "Point", "coordinates": [98.9914062, 18.7835971]}, "properties": {"id": "cm-osm-way-623162104", "name": "North Star Guest House", "nameTh": null, "nameEn": "North Star Guest House", "cat": ["hotel"], "province": "cm"}}, {"type": "Feature", "geometry": {"type": "Point", "coordinates": [98.9928711, 18.7928555]}, "properties": {"id": "cm-osm-way-256266482", "name": "Northland House", "nameTh": null, "nameEn": "Northland House", "cat": ["hotel"], "province": "cm"}}, {"type": "Feature", "geometry": {"type": "Point", "coordinates": [98.9637389, 18.8048078]}, "properties": {"id": "cm-osm-way-1111950026", "name": "Novotel", "nameTh": null, "nameEn": "Novotel", "cat": ["hotel"], "province": "cm"}}, {"type": "Feature", "geometry": {"type": "Point", "coordinates": [98.9910448, 18.7828058]}, "properties": {"id": "cm-osm-way-97801640", "name": "Nuanpranee House", "nameTh": null, "nameEn": "Nuanpranee House", "cat": ["hotel"], "province": "cm"}}, {"type": "Feature", "geometry": {"type": "Point", "coordinates": [98.9889173, 18.7822241]}, "properties": {"id": "cm-osm-node-7023417423", "name": "Nuengthong", "nameTh": null, "nameEn": "Nuengthong", "cat": ["hotel"], "province": "cm"}}, {"type": "Feature", "geometry": {"type": "Point", "coordinates": [98.9833879, 18.7856858]}, "properties": {"id": "cm-osm-node-11369976764", "name": "Nuphen", "nameTh": "บ้านหนูเพ็ญ", "nameEn": "Nuphen", "cat": ["hotel"], "province": "cm"}}, {"type": "Feature", "geometry": {"type": "Point", "coordinates": [98.9844106, 18.7953513]}, "properties": {"id": "cm-osm-node-4586562091", "name": "OK Hostel", "nameTh": "OK Hostel", "nameEn": null, "cat": ["hotel"], "province": "cm"}}, {"type": "Feature", "geometry": {"type": "Point", "coordinates": [98.9953396, 18.7852956]}, "properties": {"id": "cm-osm-node-13525451901", "name": "ON Thapae ChiangMai", "nameTh": null, "nameEn": "ON Thapae ChiangMai", "cat": ["hotel"], "province": "cm"}}, {"type": "Feature", "geometry": {"type": "Point", "coordinates": [98.989904, 18.7957632]}, "properties": {"id": "cm-osm-node-10603900340", "name": "OYO First Station Hotel", "nameTh": null, "nameEn": "OYO First Station Hotel", "cat": ["hotel"], "province": "cm"}}, {"type": "Feature", "geometry": {"type": "Point", "coordinates": [98.9674975, 18.7966276]}, "properties": {"id": "cm-osm-node-12573495524", "name": "October Hostel", "nameTh": null, "nameEn": "October Hostel", "cat": ["hotel"], "province": "cm"}}, {"type": "Feature", "geometry": {"type": "Point", "coordinates": [98.8446829, 18.7734075]}, "properties": {"id": "cm-osm-node-4532795135", "name": "Olive Home", "nameTh": null, "nameEn": "Olive Home", "cat": ["hotel"], "province": "cm"}}, {"type": "Feature", "geometry": {"type": "Point", "coordinates": [98.9746331, 18.7998744]}, "properties": {"id": "cm-osm-node-13451761972", "name": "Ombra", "nameTh": null, "nameEn": "Ombra", "cat": ["hotel"], "province": "cm"}}, {"type": "Feature", "geometry": {"type": "Point", "coordinates": [98.9792551, 18.7774797]}, "properties": {"id": "cm-osm-node-6038314334", "name": "OnPoint Hostel", "nameTh": null, "nameEn": "OnPoint Hostel", "cat": ["hotel"], "province": "cm"}}, {"type": "Feature", "geometry": {"type": "Point", "coordinates": [98.9804441, 18.7837202]}, "properties": {"id": "cm-osm-way-546257258", "name": "Once Upon A Time Boutique Home", "nameTh": null, "nameEn": "Once Upon A Time Boutique Home", "cat": ["hotel"], "province": "cm"}}, {"type": "Feature", "geometry": {"type": "Point", "coordinates": [98.9479737, 18.9090395]}, "properties": {"id": "cm-osm-way-309581690", "name": "Orawee Home", "nameTh": null, "nameEn": "Orawee Home", "cat": ["hotel"], "province": "cm"}}, {"type": "Feature", "geometry": {"type": "Point", "coordinates": [98.9820967, 18.7757509]}, "properties": {"id": "cm-osm-node-8779390133", "name": "Oxotel", "nameTh": null, "nameEn": "Oxotel", "cat": ["hotel"], "province": "cm"}}, {"type": "Feature", "geometry": {"type": "Point", "coordinates": [98.9662543, 18.8141652]}, "properties": {"id": "cm-osm-way-668015249", "name": "P S Mansion", "nameTh": "P S Mansion", "nameEn": null, "cat": ["hotel"], "province": "cm"}}, {"type": "Feature", "geometry": {"type": "Point", "coordinates": [98.9664122, 18.7306993]}, "properties": {"id": "cm-osm-node-3650128890", "name": "P&A Thai Lanna Resort", "nameTh": null, "nameEn": "P&A Thai Lanna Resort", "cat": ["hotel"], "province": "cm"}}, {"type": "Feature", "geometry": {"type": "Point", "coordinates": [98.9942769, 18.7860632]}, "properties": {"id": "cm-osm-way-482770810", "name": "P21", "nameTh": null, "nameEn": "P21", "cat": ["hotel"], "province": "cm"}}, {"type": "Feature", "geometry": {"type": "Point", "coordinates": [99.1434177, 18.8427817]}, "properties": {"id": "cm-osm-node-2019583338", "name": "PC House", "nameTh": null, "nameEn": "PC House", "cat": ["hotel"], "province": "cm"}}, {"type": "Feature", "geometry": {"type": "Point", "coordinates": [99.0029714, 18.8039588]}, "properties": {"id": "cm-osm-node-3385639796", "name": "PJ House", "nameTh": null, "nameEn": "PJ House", "cat": ["hotel"], "province": "cm"}}, {"type": "Feature", "geometry": {"type": "Point", "coordinates": [98.987603, 18.7935997]}, "properties": {"id": "cm-osm-node-4059564674", "name": "PM Guesthouse", "nameTh": null, "nameEn": "PM Guesthouse", "cat": ["hotel"], "province": "cm"}}, {"type": "Feature", "geometry": {"type": "Point", "coordinates": [98.9926696, 18.778742]}, "properties": {"id": "cm-osm-way-1259365259", "name": "POR Daowadung", "nameTh": null, "nameEn": "POR Daowadung", "cat": ["hotel"], "province": "cm"}}, {"type": "Feature", "geometry": {"type": "Point", "coordinates": [98.9933638, 18.7970418]}, "properties": {"id": "cm-osm-node-4535972714", "name": "PP Guest House", "nameTh": null, "nameEn": "PP Guest House", "cat": ["hotel"], "province": "cm"}}, {"type": "Feature", "geometry": {"type": "Point", "coordinates": [98.9795465, 18.791184]}, "properties": {"id": "cm-osm-way-623140240", "name": "PaRang Art Stay", "nameTh": null, "nameEn": "PaRang Art Stay", "cat": ["hotel"], "province": "cm"}}, {"type": "Feature", "geometry": {"type": "Point", "coordinates": [98.9939044, 18.7929862]}, "properties": {"id": "cm-osm-node-5951420885", "name": "Paapu House", "nameTh": null, "nameEn": "Paapu House", "cat": ["hotel"], "province": "cm"}}, {"type": "Feature", "geometry": {"type": "Point", "coordinates": [98.978559, 18.7862665]}, "properties": {"id": "cm-osm-node-2466325292", "name": "Pachkit House", "nameTh": "ภัชกิจเฮ้าส์", "nameEn": "Pachkit House", "cat": ["hotel"], "province": "cm"}}, {"type": "Feature", "geometry": {"type": "Point", "coordinates": [98.9800688, 18.7990903]}, "properties": {"id": "cm-osm-way-103812673", "name": "Pacific Cool Chic", "nameTh": null, "nameEn": "Pacific Cool Chic", "cat": ["hotel"], "province": "cm"}}, {"type": "Feature", "geometry": {"type": "Point", "coordinates": [98.9952099, 18.7913508]}, "properties": {"id": "cm-osm-node-1491427971", "name": "Pagoda Inn", "nameTh": null, "nameEn": "Pagoda Inn", "cat": ["hotel"], "province": "cm"}}, {"type": "Feature", "geometry": {"type": "Point", "coordinates": [98.9847224, 18.7835061]}, "properties": {"id": "cm-osm-way-566086571", "name": "Pai Residence", "nameTh": null, "nameEn": "ChiangMai gate ratchamabka 32/2 soi 6", "cat": ["hotel"], "province": "cm"}}, {"type": "Feature", "geometry": {"type": "Point", "coordinates": [98.996172, 18.793573]}, "properties": {"id": "cm-osm-way-103819709", "name": "Paisarn", "nameTh": null, "nameEn": "Paisarn", "cat": ["hotel"], "province": "cm"}}, {"type": "Feature", "geometry": {"type": "Point", "coordinates": [98.989884, 18.7942925]}, "properties": {"id": "cm-osm-way-668374390", "name": "Pakinai", "nameTh": null, "nameEn": "Pakinai", "cat": ["hotel"], "province": "cm"}}, {"type": "Feature", "geometry": {"type": "Point", "coordinates": [98.9837212, 18.7860851]}, "properties": {"id": "cm-osm-node-3384100281", "name": "Pakping", "nameTh": null, "nameEn": "Pakping", "cat": ["hotel"], "province": "cm"}}, {"type": "Feature", "geometry": {"type": "Point", "coordinates": [99.0210363, 18.760073]}, "properties": {"id": "cm-osm-node-3708969931", "name": "Palm Springs Lodge & City Resort", "nameTh": null, "nameEn": "Palm Springs Lodge & City Resort", "cat": ["hotel"], "province": "cm"}}, {"type": "Feature", "geometry": {"type": "Point", "coordinates": [98.9797335, 18.7922007]}, "properties": {"id": "cm-osm-way-623146070", "name": "Panarin Place", "nameTh": null, "nameEn": "Panarin Place", "cat": ["hotel"], "province": "cm"}}, {"type": "Feature", "geometry": {"type": "Point", "coordinates": [98.9947904, 18.7943809]}, "properties": {"id": "cm-osm-way-667838644", "name": "Panda House", "nameTh": null, "nameEn": "Panda House", "cat": ["hotel"], "province": "cm"}}, {"type": "Feature", "geometry": {"type": "Point", "coordinates": [98.9875159, 18.7857319]}, "properties": {"id": "cm-osm-node-11367948469", "name": "Panna Heritage Boutique Hotel", "nameTh": null, "nameEn": "Panna Heritage Boutique Hotel", "cat": ["hotel"], "province": "cm"}}, {"type": "Feature", "geometry": {"type": "Point", "coordinates": [98.974011, 18.7987892]}, "properties": {"id": "cm-osm-node-4621388391", "name": "Pansook The Urban Condominiums", "nameTh": null, "nameEn": "Pansook The Urban Condominiums", "cat": ["hotel"], "province": "cm"}}, {"type": "Feature", "geometry": {"type": "Point", "coordinates": [98.8138533, 18.8787908]}, "properties": {"id": "cm-osm-way-1524586437", "name": "Panviman Chiang Mai Spa Resort", "nameTh": null, "nameEn": "Panviman Chiang Mai Spa Resort", "cat": ["hotel"], "province": "cm"}}, {"type": "Feature", "geometry": {"type": "Point", "coordinates": [98.9949705, 18.7915303]}, "properties": {"id": "cm-osm-node-1491414805", "name": "Paocome", "nameTh": "เปาคำ เก็สเฮ้าส์", "nameEn": "Paocome", "cat": ["hotel"], "province": "cm"}}, {"type": "Feature", "geometry": {"type": "Point", "coordinates": [98.9931481, 18.7932552]}, "properties": {"id": "cm-osm-way-377819743", "name": "Papick Lodge", "nameTh": null, "nameEn": "Papick Lodge", "cat": ["hotel"], "province": "cm"}}, {"type": "Feature", "geometry": {"type": "Point", "coordinates": [98.9967408, 18.7728045]}, "properties": {"id": "cm-osm-way-405600679", "name": "Paradise Lodge and Spa Hotel", "nameTh": null, "nameEn": "Paradise Lodge and Spa Hotel", "cat": ["hotel"], "province": "cm"}}, {"type": "Feature", "geometry": {"type": "Point", "coordinates": [98.982653, 18.7898219]}, "properties": {"id": "cm-osm-way-408595883", "name": "Paraiso Hotel Chiang Mai", "nameTh": null, "nameEn": "Paraiso Hotel Chiang Mai", "cat": ["hotel"], "province": "cm"}}, {"type": "Feature", "geometry": {"type": "Point", "coordinates": [99.0014148, 18.7936309]}, "properties": {"id": "cm-osm-node-4303535790", "name": "Parami Guest House", "nameTh": null, "nameEn": "Parami Guest House", "cat": ["hotel"], "province": "cm"}}, {"type": "Feature", "geometry": {"type": "Point", "coordinates": [98.9878207, 18.7879302]}, "properties": {"id": "cm-osm-node-1618892756", "name": "Parasol Inn", "nameTh": null, "nameEn": "Parasol Inn", "cat": ["hotel"], "province": "cm"}}, {"type": "Feature", "geometry": {"type": "Point", "coordinates": [98.9810006, 18.7684756]}, "properties": {"id": "cm-osm-node-9354620149", "name": "Parc Borough City Resort", "nameTh": null, "nameEn": "Parc Borough City Resort", "cat": ["hotel"], "province": "cm"}}, {"type": "Feature", "geometry": {"type": "Point", "coordinates": [98.982187, 18.7826435]}, "properties": {"id": "cm-osm-way-406994637", "name": "Pastel", "nameTh": null, "nameEn": "Pastel", "cat": ["hotel"], "province": "cm"}}, {"type": "Feature", "geometry": {"type": "Point", "coordinates": [98.9885274, 18.7853561]}, "properties": {"id": "cm-osm-node-2658357497", "name": "Pat's Klangviang", "nameTh": null, "nameEn": "Pat's Klangviang", "cat": ["hotel"], "province": "cm"}}, {"type": "Feature", "geometry": {"type": "Point", "coordinates": [98.9946724, 18.6957971]}, "properties": {"id": "cm-osm-node-4682685689", "name": "Patarada Boutique House", "nameTh": null, "nameEn": "Patarada Boutique House", "cat": ["hotel"], "province": "cm"}}, {"type": "Feature", "geometry": {"type": "Point", "coordinates": [98.9918501, 18.7842523]}, "properties": {"id": "cm-osm-node-2747061195", "name": "Pathara Guesthouse", "nameTh": null, "nameEn": "Pathara Guesthouse", "cat": ["hotel"], "province": "cm"}}, {"type": "Feature", "geometry": {"type": "Point", "coordinates": [98.9635413, 18.8181898]}, "properties": {"id": "cm-osm-way-443317068", "name": "Pause and Play Hotel", "nameTh": null, "nameEn": "Pause and Play Hotel", "cat": ["hotel"], "province": "cm"}}, {"type": "Feature", "geometry": {"type": "Point", "coordinates": [98.9899141, 18.7805676]}, "properties": {"id": "cm-osm-node-2656742447", "name": "Payaka", "nameTh": null, "nameEn": "Payaka", "cat": ["hotel"], "province": "cm"}}, {"type": "Feature", "geometry": {"type": "Point", "coordinates": [98.9670502, 18.7984408]}, "properties": {"id": "cm-osm-way-653533229", "name": "Peak Nimman Prestige Hotel", "nameTh": null, "nameEn": "Peak Nimman Prestige Hotel", "cat": ["hotel"], "province": "cm"}}, {"type": "Feature", "geometry": {"type": "Point", "coordinates": [98.9925379, 18.7947755]}, "properties": {"id": "cm-osm-way-473622943", "name": "Peng Jai Hotel", "nameTh": null, "nameEn": "Peng Jai Hotel", "cat": ["hotel"], "province": "cm"}}, {"type": "Feature", "geometry": {"type": "Point", "coordinates": [99.0061139, 18.7823598]}, "properties": {"id": "cm-osm-node-4233091089", "name": "Penny Guest House", "nameTh": null, "nameEn": "Penny Guest House", "cat": ["hotel"], "province": "cm"}}, {"type": "Feature", "geometry": {"type": "Point", "coordinates": [99.0020526, 18.7817962]}, "properties": {"id": "cm-osm-way-406558226", "name": "People Place", "nameTh": null, "nameEn": "People Place", "cat": ["hotel"], "province": "cm"}}, {"type": "Feature", "geometry": {"type": "Point", "coordinates": [99.0024092, 18.7817593]}, "properties": {"id": "cm-osm-way-406558110", "name": "People Place 2", "nameTh": null, "nameEn": "People Place 2", "cat": ["hotel"], "province": "cm"}}, {"type": "Feature", "geometry": {"type": "Point", "coordinates": [99.0218976, 18.7672439]}, "properties": {"id": "cm-osm-node-4332062089", "name": "Perfect Initial", "nameTh": null, "nameEn": "Perfect Initial", "cat": ["hotel"], "province": "cm"}}, {"type": "Feature", "geometry": {"type": "Point", "coordinates": [99.0038073, 18.7847698]}, "properties": {"id": "cm-osm-way-96423015", "name": "Phet Ngam", "nameTh": null, "nameEn": "Phet Ngam", "cat": ["hotel"], "province": "cm"}}, {"type": "Feature", "geometry": {"type": "Point", "coordinates": [99.1432693, 18.8347054]}, "properties": {"id": "cm-osm-way-1100553006", "name": "Phoo Na Resort and Resturant", "nameTh": null, "nameEn": "Phoo Na Resort and Resturant", "cat": ["hotel"], "province": "cm"}}, {"type": "Feature", "geometry": {"type": "Point", "coordinates": [98.9883002, 18.7869223]}, "properties": {"id": "cm-osm-way-238151865", "name": "Phoothawee House", "nameTh": null, "nameEn": "Phoothawee House", "cat": ["hotel"], "province": "cm"}}, {"type": "Feature", "geometry": {"type": "Point", "coordinates": [98.9875579, 18.7823411]}, "properties": {"id": "cm-osm-way-856763849", "name": "Phor liang Meum Terracotta arts Hotel", "nameTh": null, "nameEn": "Phor liang Meum Terracotta arts Hotel", "cat": ["hotel"], "province": "cm"}}, {"type": "Feature", "geometry": {"type": "Point", "coordinates": [98.9626646, 18.8062523]}, "properties": {"id": "cm-osm-way-200686302", "name": "Phucome", "nameTh": null, "nameEn": "Phucome", "cat": ["hotel"], "province": "cm"}}, {"type": "Feature", "geometry": {"type": "Point", "coordinates": [98.9800282, 18.7889358]}, "properties": {"id": "cm-osm-node-11486790570", "name": "Phukhao Hostel", "nameTh": null, "nameEn": "Phukhao Hostel", "cat": ["hotel"], "province": "cm"}}, {"type": "Feature", "geometry": {"type": "Point", "coordinates": [98.9919285, 18.7845679]}, "properties": {"id": "cm-osm-node-6964120285", "name": "Pineapple Express", "nameTh": null, "nameEn": "Pineapple Express", "cat": ["hotel"], "province": "cm"}}, {"type": "Feature", "geometry": {"type": "Point", "coordinates": [99.0045963, 18.7796121]}, "properties": {"id": "cm-osm-way-387494489", "name": "Ping Nakara", "nameTh": null, "nameEn": "Ping Nakara", "cat": ["hotel"], "province": "cm"}}, {"type": "Feature", "geometry": {"type": "Point", "coordinates": [98.9849777, 18.7138255]}, "properties": {"id": "cm-osm-way-1133345153", "name": "Ping Pura Riverside Resort & Spa Chiang Mai", "nameTh": null, "nameEn": "Ping Pura Riverside Resort & Spa Chiang Mai", "cat": ["hotel"], "province": "cm"}}, {"type": "Feature", "geometry": {"type": "Point", "coordinates": [98.9844843, 18.7891332]}, "properties": {"id": "cm-osm-node-7277446085", "name": "PingHostel", "nameTh": null, "nameEn": "PingHostel", "cat": ["hotel"], "province": "cm"}}, {"type": "Feature", "geometry": {"type": "Point", "coordinates": [98.9698427, 18.8014605]}, "properties": {"id": "cm-osm-node-3304475326", "name": "Pingphuplace", "nameTh": null, "nameEn": "Pingphuplace", "cat": ["hotel"], "province": "cm"}}, {"type": "Feature", "geometry": {"type": "Point", "coordinates": [98.9897776, 18.7855883]}, "properties": {"id": "cm-osm-node-3385473035", "name": "Pirates Cove", "nameTh": null, "nameEn": "Pirate's Cove", "cat": ["hotel"], "province": "cm"}}, {"type": "Feature", "geometry": {"type": "Point", "coordinates": [98.9829863, 18.788107]}, "properties": {"id": "cm-osm-node-5289561733", "name": "Pissamorn House", "nameTh": null, "nameEn": "Pissamorn House", "cat": ["hotel"], "province": "cm"}}, {"type": "Feature", "geometry": {"type": "Point", "coordinates": [99.0002352, 18.7875083]}, "properties": {"id": "cm-osm-node-5184163923", "name": "Plearn Hostel", "nameTh": null, "nameEn": "Plearn Hostel", "cat": ["hotel"], "province": "cm"}}, {"type": "Feature", "geometry": {"type": "Point", "coordinates": [98.9776815, 18.8012606]}, "properties": {"id": "cm-osm-node-3322954345", "name": "Plern Plern", "nameTh": null, "nameEn": "Plern Plern", "cat": ["hotel"], "province": "cm"}}, {"type": "Feature", "geometry": {"type": "Point", "coordinates": [99.0149848, 18.7987614]}, "properties": {"id": "cm-osm-node-4258445490", "name": "Poi De Ping", "nameTh": null, "nameEn": "Poi De Ping", "cat": ["hotel"], "province": "cm"}}, {"type": "Feature", "geometry": {"type": "Point", "coordinates": [98.9903512, 18.7836064]}, "properties": {"id": "cm-osm-node-2747061196", "name": "Pooh's Place Guesthouse", "nameTh": null, "nameEn": "Pooh's Place Guesthouse", "cat": ["hotel"], "province": "cm"}}, {"type": "Feature", "geometry": {"type": "Point", "coordinates": [98.9824285, 18.8002679]}, "properties": {"id": "cm-osm-way-668372294", "name": "Por Hotel", "nameTh": null, "nameEn": "Por Hotel", "cat": ["hotel"], "province": "cm"}}, {"type": "Feature", "geometry": {"type": "Point", "coordinates": [98.9810538, 18.7911442]}, "properties": {"id": "cm-osm-way-1236892660", "name": "Pran Kumuang Boutique House", "nameTh": null, "nameEn": "Pran Kumuang Boutique House", "cat": ["hotel"], "province": "cm"}}, {"type": "Feature", "geometry": {"type": "Point", "coordinates": [98.980501, 18.7871222]}, "properties": {"id": "cm-osm-node-2466333300", "name": "Prasing Guesthouse", "nameTh": null, "nameEn": "Prasing Guesthouse", "cat": ["hotel"], "province": "cm"}}, {"type": "Feature", "geometry": {"type": "Point", "coordinates": [98.9949273, 18.7953065]}, "properties": {"id": "cm-osm-way-193291103", "name": "President Hotel", "nameTh": null, "nameEn": "President Hotel", "cat": ["hotel"], "province": "cm"}}, {"type": "Feature", "geometry": {"type": "Point", "coordinates": [98.9611122, 18.8043471]}, "properties": {"id": "cm-osm-way-233743273", "name": "Prestige CM (New bldg)", "nameTh": null, "nameEn": "Prestige CM (New bldg)", "cat": ["hotel"], "province": "cm"}}, {"type": "Feature", "geometry": {"type": "Point", "coordinates": [98.9967822, 18.7918837]}, "properties": {"id": "cm-osm-way-208974266", "name": "Prince Hotel", "nameTh": null, "nameEn": "Prince Hotel", "cat": ["hotel"], "province": "cm"}}, {"type": "Feature", "geometry": {"type": "Point", "coordinates": [98.9883081, 18.7744095]}, "properties": {"id": "cm-osm-node-13300703501", "name": "Proud Chiang Mai Poshtel", "nameTh": null, "nameEn": "Proud Chiang Mai Poshtel", "cat": ["hotel"], "province": "cm"}}, {"type": "Feature", "geometry": {"type": "Point", "coordinates": [98.81336, 18.880935]}, "properties": {"id": "cm-osm-node-2556120404", "name": "Proud Phu Fah", "nameTh": null, "nameEn": "Proud Phu Fah", "cat": ["hotel"], "province": "cm"}}, {"type": "Feature", "geometry": {"type": "Point", "coordinates": [98.8328545, 18.8954163]}, "properties": {"id": "cm-osm-node-3912487221", "name": "Pu Ing Fah Resort", "nameTh": null, "nameEn": "Pu Ing Fah Resort", "cat": ["hotel"], "province": "cm"}}, {"type": "Feature", "geometry": {"type": "Point", "coordinates": [98.9896298, 18.7838252]}, "properties": {"id": "cm-osm-node-4739136722", "name": "Pudsadee House", "nameTh": "Pudsadee House", "nameEn": null, "cat": ["hotel"], "province": "cm"}}, {"type": "Feature", "geometry": {"type": "Point", "coordinates": [99.0070631, 18.7886507]}, "properties": {"id": "cm-osm-node-3395080853", "name": "Puripunn", "nameTh": null, "nameEn": "Puripunn", "cat": ["hotel"], "province": "cm"}}, {"type": "Feature", "geometry": {"type": "Point", "coordinates": [98.9938071, 18.7911325]}, "properties": {"id": "cm-osm-node-6471700285", "name": "Purple Monkey Backpackers", "nameTh": null, "nameEn": "Purple Monkey Backpackers", "cat": ["hotel"], "province": "cm"}}, {"type": "Feature", "geometry": {"type": "Point", "coordinates": [98.9869031, 18.7884772]}, "properties": {"id": "cm-osm-node-1618892757", "name": "Purple Pastel Place", "nameTh": null, "nameEn": "Purple Pastel Place", "cat": ["hotel"], "province": "cm"}}, {"type": "Feature", "geometry": {"type": "Point", "coordinates": [98.9747708, 18.7995098]}, "properties": {"id": "cm-osm-way-395857692", "name": "Puwanon Place", "nameTh": null, "nameEn": "Puwanon Place", "cat": ["hotel"], "province": "cm"}}, {"type": "Feature", "geometry": {"type": "Point", "coordinates": [98.9752723, 18.8013593]}, "properties": {"id": "cm-osm-node-3311204793", "name": "Qi 68", "nameTh": null, "nameEn": "Qi 68", "cat": ["hotel"], "province": "cm"}}, {"type": "Feature", "geometry": {"type": "Point", "coordinates": [98.9906039, 18.7926096]}, "properties": {"id": "cm-osm-way-492846708", "name": "R. C. N. Court and Inn", "nameTh": null, "nameEn": "R. C. N. Court and Inn", "cat": ["hotel"], "province": "cm"}}, {"type": "Feature", "geometry": {"type": "Point", "coordinates": [98.9601578, 18.7879679]}, "properties": {"id": "cm-osm-way-359696339", "name": "R2 Hotel Chiang Mai", "nameTh": null, "nameEn": "R2 Hotel Chiang Mai", "cat": ["hotel"], "province": "cm"}}, {"type": "Feature", "geometry": {"type": "Point", "coordinates": [99.1238348, 18.9839219]}, "properties": {"id": "cm-osm-node-6691787185", "name": "Rabeang Pasak Chiangmai Treehouse Resort", "nameTh": null, "nameEn": "Rabeang Pasak Chiangmai Treehouse Resort", "cat": ["hotel"], "province": "cm"}}, {"type": "Feature", "geometry": {"type": "Point", "coordinates": [99.0063523, 18.7145918]}, "properties": {"id": "cm-osm-node-4052430959", "name": "Racha Herb Gardens", "nameTh": null, "nameEn": "Racha Herb Gardens", "cat": ["hotel"], "province": "cm"}}, {"type": "Feature", "geometry": {"type": "Point", "coordinates": [98.9799388, 18.786897]}, "properties": {"id": "cm-osm-way-238830183", "name": "Rachamankha Hotel", "nameTh": null, "nameEn": "Rachamankha Hotel", "cat": ["hotel"], "province": "cm"}}, {"type": "Feature", "geometry": {"type": "Point", "coordinates": [98.9781549, 18.7829329]}, "properties": {"id": "cm-osm-way-546074137", "name": "Rada Arak 79/4 Hostel", "nameTh": null, "nameEn": "Rada Arak 79/4 Hostel", "cat": ["hotel"], "province": "cm"}}, {"type": "Feature", "geometry": {"type": "Point", "coordinates": [98.972178, 18.7552538]}, "properties": {"id": "cm-osm-node-3957117014", "name": "Rada place", "nameTh": null, "nameEn": "Rada place", "cat": ["hotel"], "province": "cm"}}, {"type": "Feature", "geometry": {"type": "Point", "coordinates": [99.0059124, 18.7694252]}, "properties": {"id": "cm-osm-node-2648512378", "name": "Radtanaya Residence", "nameTh": null, "nameEn": "Radtanaya Residence", "cat": ["hotel"], "province": "cm"}}, {"type": "Feature", "geometry": {"type": "Point", "coordinates": [99.0117515, 18.8008786]}, "properties": {"id": "cm-osm-node-4788768223", "name": "Raintree Boutique Hut", "nameTh": null, "nameEn": "Raintree Boutique Hut", "cat": ["hotel"], "province": "cm"}}, {"type": "Feature", "geometry": {"type": "Point", "coordinates": [98.9918911, 18.790078]}, "properties": {"id": "cm-osm-node-1133606563", "name": "Rama Guest House", "nameTh": null, "nameEn": "Rama Guest House", "cat": ["hotel"], "province": "cm"}}, {"type": "Feature", "geometry": {"type": "Point", "coordinates": [98.9920065, 18.7903383]}, "properties": {"id": "cm-osm-node-1491325659", "name": "Rama Guesthouse & Bar", "nameTh": null, "nameEn": "Rama Guesthouse & Bar", "cat": ["hotel"], "province": "cm"}}, {"type": "Feature", "geometry": {"type": "Point", "coordinates": [98.9944339, 18.7852172]}, "properties": {"id": "cm-osm-way-360710743", "name": "Raming Lodge", "nameTh": null, "nameEn": "Raming Lodge", "cat": ["hotel"], "province": "cm"}}, {"type": "Feature", "geometry": {"type": "Point", "coordinates": [99.0044227, 18.7897679]}, "properties": {"id": "cm-osm-node-1616475018", "name": "RarinJinda", "nameTh": null, "nameEn": "RarinJinda", "cat": ["hotel"], "province": "cm"}}, {"type": "Feature", "geometry": {"type": "Point", "coordinates": [99.0032926, 18.7863995]}, "properties": {"id": "cm-osm-way-525307008", "name": "Ratana Hotel", "nameTh": "โรงแรม รัตนาเกสเฮ้าส์", "nameEn": "Rattana Guest House", "cat": ["hotel"], "province": "cm"}}, {"type": "Feature", "geometry": {"type": "Point", "coordinates": [99.001847, 18.7629274]}, "properties": {"id": "cm-osm-node-2344035275", "name": "RatiLanna", "nameTh": null, "nameEn": "RatiLanna", "cat": ["hotel"], "province": "cm"}}, {"type": "Feature", "geometry": {"type": "Point", "coordinates": [98.9965072, 18.7775224]}, "properties": {"id": "cm-osm-node-725620316", "name": "Red Brick Guesthouse", "nameTh": null, "nameEn": "Red Brick Guesthouse", "cat": ["hotel"], "province": "cm"}}, {"type": "Feature", "geometry": {"type": "Point", "coordinates": [99.0025646, 18.7916089]}, "properties": {"id": "cm-osm-node-2638475283", "name": "Regina Riverside", "nameTh": null, "nameEn": "Regina Riverside", "cat": ["hotel"], "province": "cm"}}, {"type": "Feature", "geometry": {"type": "Point", "coordinates": [98.9909183, 18.7072291]}, "properties": {"id": "cm-osm-node-13429649801", "name": "Relax Garden House", "nameTh": null, "nameEn": "Relax Garden House", "cat": ["hotel"], "province": "cm"}}, {"type": "Feature", "geometry": {"type": "Point", "coordinates": [98.9867413, 18.7805873]}, "properties": {"id": "cm-osm-node-8736670009", "name": "Relax Wualai", "nameTh": null, "nameEn": "Relax Wualai", "cat": ["hotel"], "province": "cm"}}, {"type": "Feature", "geometry": {"type": "Point", "coordinates": [98.9907029, 18.794615]}, "properties": {"id": "cm-osm-node-6205218344", "name": "Rena House", "nameTh": null, "nameEn": "Rena House", "cat": ["hotel"], "province": "cm"}}, {"type": "Feature", "geometry": {"type": "Point", "coordinates": [98.9825186, 18.7820843]}, "properties": {"id": "cm-osm-way-423031865", "name": "Rendezvous Classic House", "nameTh": null, "nameEn": "Rendezvous Classic House", "cat": ["hotel"], "province": "cm"}}, {"type": "Feature", "geometry": {"type": "Point", "coordinates": [98.9909003, 18.7885753]}, "properties": {"id": "cm-osm-node-2055855211", "name": "Rendezvous Guesthouse & Cafe", "nameTh": null, "nameEn": "Rendezvous Guesthouse & Cafe", "cat": ["hotel"], "province": "cm"}}, {"type": "Feature", "geometry": {"type": "Point", "coordinates": [98.9926375, 18.7845515]}, "properties": {"id": "cm-osm-node-11590565197", "name": "Revolution Chiang Mai - Old Town", "nameTh": null, "nameEn": "Revolution Chiang Mai - Old Town", "cat": ["hotel"], "province": "cm"}}, {"type": "Feature", "geometry": {"type": "Point", "coordinates": [98.9924562, 18.7845673]}, "properties": {"id": "cm-osm-way-320159029", "name": "Revolution Chiang Mai - Old Town", "nameTh": null, "nameEn": "Revolution Chiang Mai - Old Town", "cat": ["hotel"], "province": "cm"}}, {"type": "Feature", "geometry": {"type": "Point", "coordinates": [98.9889009, 18.795185]}, "properties": {"id": "cm-osm-node-2678552867", "name": "Rich Lanna House", "nameTh": null, "nameEn": "Rich Lanna House", "cat": ["hotel"], "province": "cm"}}, {"type": "Feature", "geometry": {"type": "Point", "coordinates": [99.0293807, 18.7825257]}, "properties": {"id": "cm-osm-node-2595902495", "name": "Rim Tara Boutique Resort", "nameTh": null, "nameEn": "Rim Tara Boutique Resort", "cat": ["hotel"], "province": "cm"}}, {"type": "Feature", "geometry": {"type": "Point", "coordinates": [99.0076094, 18.7843035]}, "properties": {"id": "cm-osm-node-2610782950", "name": "Rimping Guesthouse", "nameTh": null, "nameEn": "Rimping Guesthouse", "cat": ["hotel"], "province": "cm"}}, {"type": "Feature", "geometry": {"type": "Point", "coordinates": [98.9788814, 18.7929646]}, "properties": {"id": "cm-osm-way-623146131", "name": "Rimvieng House", "nameTh": null, "nameEn": "Rimvieng House", "cat": ["hotel"], "province": "cm"}}, {"type": "Feature", "geometry": {"type": "Point", "coordinates": [98.9798822, 18.7933067]}, "properties": {"id": "cm-osm-way-753589983", "name": "Rimwiang Hotel", "nameTh": "โรงแรมริมเวียง", "nameEn": "Rimwiang Hotel", "cat": ["hotel"], "province": "cm"}}, {"type": "Feature", "geometry": {"type": "Point", "coordinates": [98.9908011, 18.7827392]}, "properties": {"id": "cm-osm-way-788425722", "name": "Rita House", "nameTh": null, "nameEn": "Rita House", "cat": ["hotel"], "province": "cm"}}, {"type": "Feature", "geometry": {"type": "Point", "coordinates": [98.91651, 18.6735811]}, "properties": {"id": "cm-osm-node-1588236145", "name": "River Hotel", "nameTh": null, "nameEn": "River Hotel", "cat": ["hotel"], "province": "cm"}}, {"type": "Feature", "geometry": {"type": "Point", "coordinates": [99.0040989, 18.7859446]}, "properties": {"id": "cm-osm-way-525306979", "name": "River View Lodge", "nameTh": "ริเวอร์วิวลอดจ์", "nameEn": "River View Lodge", "cat": ["hotel"], "province": "cm"}}, {"type": "Feature", "geometry": {"type": "Point", "coordinates": [99.0052828, 18.7842954]}, "properties": {"id": "cm-osm-way-511628330", "name": "Riverside House Bed & Breakfast", "nameTh": null, "nameEn": "Riverside House Bed & Breakfast", "cat": ["hotel"], "province": "cm"}}, {"type": "Feature", "geometry": {"type": "Point", "coordinates": [98.9927226, 18.7860577]}, "properties": {"id": "cm-osm-node-6389783585", "name": "Robotist Hostel", "nameTh": null, "nameEn": "Robotist Hostel", "cat": ["hotel"], "province": "cm"}}, {"type": "Feature", "geometry": {"type": "Point", "coordinates": [98.9975808, 18.7874347]}, "properties": {"id": "cm-osm-node-12586889609", "name": "Rom Po", "nameTh": null, "nameEn": "Rom Po", "cat": ["hotel"], "province": "cm"}}, {"type": "Feature", "geometry": {"type": "Point", "coordinates": [99.0877763, 18.8479594]}, "properties": {"id": "cm-osm-node-2604370046", "name": "Romyen Garden Resort", "nameTh": null, "nameEn": "Romyen Garden Resort", "cat": ["hotel"], "province": "cm"}}, {"type": "Feature", "geometry": {"type": "Point", "coordinates": [98.991548, 18.7892341]}, "properties": {"id": "cm-osm-node-6349199700", "name": "Room to let", "nameTh": null, "nameEn": "Room to let", "cat": ["hotel"], "province": "cm"}}, {"type": "Feature", "geometry": {"type": "Point", "coordinates": [98.9903226, 18.7852866]}, "properties": {"id": "cm-osm-way-623162098", "name": "Rose Guest House", "nameTh": null, "nameEn": "Rose Guest House", "cat": ["hotel"], "province": "cm"}}, {"type": "Feature", "geometry": {"type": "Point", "coordinates": [98.989615, 18.7869876]}, "properties": {"id": "cm-osm-node-2466333306", "name": "Rose House", "nameTh": null, "nameEn": "Rose House", "cat": ["hotel"], "province": "cm"}}, {"type": "Feature", "geometry": {"type": "Point", "coordinates": [98.9878714, 18.7951611]}, "properties": {"id": "cm-osm-way-281572391", "name": "Roseate Hotel", "nameTh": null, "nameEn": "Roseate Hotel", "cat": ["hotel"], "province": "cm"}}, {"type": "Feature", "geometry": {"type": "Point", "coordinates": [99.00086, 18.7843802]}, "properties": {"id": "cm-osm-way-99685179", "name": "Royal Lanna Hotel", "nameTh": "รอยัล ล้านนา", "nameEn": "Royal Lanna Hotel", "cat": ["hotel"], "province": "cm"}}, {"type": "Feature", "geometry": {"type": "Point", "coordinates": [98.9757238, 18.8408444]}, "properties": {"id": "cm-osm-node-13624254201", "name": "Royal Orchid Park Hotel", "nameTh": null, "nameEn": "Royal Orchid Park Hotel", "cat": ["hotel"], "province": "cm"}}, {"type": "Feature", "geometry": {"type": "Point", "coordinates": [98.9757238, 18.8408444]}, "properties": {"id": "cm-osm-node-13624318901", "name": "Royal Orchid Park Hotel", "nameTh": null, "nameEn": "Royal Orchid Park Hotel", "cat": ["hotel"], "province": "cm"}}, {"type": "Feature", "geometry": {"type": "Point", "coordinates": [98.9935718, 18.7965505]}, "properties": {"id": "cm-osm-way-377819683", "name": "Royal Panerai Hotel", "nameTh": "โรงแรมโรยัลพรรณราย", "nameEn": "Royal Panerai Hotel", "cat": ["hotel"], "province": "cm"}}, {"type": "Feature", "geometry": {"type": "Point", "coordinates": [98.9943197, 18.7982533]}, "properties": {"id": "cm-osm-way-102999878", "name": "Royal Peninsula", "nameTh": null, "nameEn": "Royal Peninsula", "cat": ["hotel"], "province": "cm"}}, {"type": "Feature", "geometry": {"type": "Point", "coordinates": [99.0347314, 18.6164897]}, "properties": {"id": "cm-osm-node-2894887201", "name": "Royal Princess City", "nameTh": null, "nameEn": "Royal Princess City", "cat": ["hotel"], "province": "cm"}}, {"type": "Feature", "geometry": {"type": "Point", "coordinates": [98.965056, 18.8068886]}, "properties": {"id": "cm-osm-way-212222207", "name": "Royal Shilton Residence", "nameTh": null, "nameEn": "Royal Shilton Residence", "cat": ["hotel"], "province": "cm"}}, {"type": "Feature", "geometry": {"type": "Point", "coordinates": [98.9855871, 18.7858538]}, "properties": {"id": "cm-osm-node-3384167703", "name": "Royal Standard", "nameTh": null, "nameEn": "Royal Standard", "cat": ["hotel"], "province": "cm"}}, {"type": "Feature", "geometry": {"type": "Point", "coordinates": [98.8880466, 18.7357951]}, "properties": {"id": "cm-osm-node-9485178273", "name": "Royal Train Garden Resort", "nameTh": null, "nameEn": "Royal Train Garden Resort", "cat": ["hotel"], "province": "cm"}}, {"type": "Feature", "geometry": {"type": "Point", "coordinates": [99.0291631, 18.7062616]}, "properties": {"id": "cm-osm-node-5164324424", "name": "Ruanthip Resort", "nameTh": null, "nameEn": "Ruanthip Resort", "cat": ["hotel"], "province": "cm"}}, {"type": "Feature", "geometry": {"type": "Point", "coordinates": [98.9745303, 18.8076854]}, "properties": {"id": "cm-osm-way-205598271", "name": "Ruen Come In", "nameTh": null, "nameEn": "Ruen Come In", "cat": ["hotel"], "province": "cm"}}, {"type": "Feature", "geometry": {"type": "Point", "coordinates": [98.9926327, 18.7945258]}, "properties": {"id": "cm-osm-node-2616378584", "name": "S&K House 2", "nameTh": null, "nameEn": "S&K House 2", "cat": ["hotel"], "province": "cm"}}, {"type": "Feature", "geometry": {"type": "Point", "coordinates": [98.972168, 18.7961286]}, "properties": {"id": "cm-osm-way-271461244", "name": "S' Private House", "nameTh": null, "nameEn": "S' Private House", "cat": ["hotel"], "province": "cm"}}, {"type": "Feature", "geometry": {"type": "Point", "coordinates": [99.0001405, 18.7809294]}, "properties": {"id": "cm-osm-node-4873123022", "name": "S*Trips The Poshtel", "nameTh": null, "nameEn": "S*Trips The Poshtel", "cat": ["hotel"], "province": "cm"}}, {"type": "Feature", "geometry": {"type": "Point", "coordinates": [98.9881962, 18.7939649]}, "properties": {"id": "cm-osm-way-263742251", "name": "S.B.House", "nameTh": null, "nameEn": "S.B.House", "cat": ["hotel"], "province": "cm"}}, {"type": "Feature", "geometry": {"type": "Point", "coordinates": [99.0090378, 18.8009498]}, "properties": {"id": "cm-osm-node-2650782932", "name": "S.G. House", "nameTh": null, "nameEn": "S.G. House", "cat": ["hotel"], "province": "cm"}}, {"type": "Feature", "geometry": {"type": "Point", "coordinates": [98.9885863, 18.794027]}, "properties": {"id": "cm-osm-node-5042421929", "name": "S.K. Guesthouse 2", "nameTh": null, "nameEn": "S.K. Guesthouse 2", "cat": ["hotel"], "province": "cm"}}, {"type": "Feature", "geometry": {"type": "Point", "coordinates": [98.9886274, 18.7937443]}, "properties": {"id": "cm-osm-way-276915405", "name": "S.K. House 2", "nameTh": null, "nameEn": "S.K. House 2", "cat": ["hotel"], "province": "cm"}}, {"type": "Feature", "geometry": {"type": "Point", "coordinates": [98.9768619, 18.8082203]}, "properties": {"id": "cm-osm-way-204080025", "name": "S.P. Hotel", "nameTh": null, "nameEn": "S.P. Hotel", "cat": ["hotel"], "province": "cm"}}, {"type": "Feature", "geometry": {"type": "Point", "coordinates": [98.9942546, 18.7824555]}, "properties": {"id": "cm-osm-node-3906178463", "name": "SDT Home Guesthouse", "nameTh": null, "nameEn": "SDT Home Guesthouse", "cat": ["hotel"], "province": "cm"}}, {"type": "Feature", "geometry": {"type": "Point", "coordinates": [98.9870821, 18.797274]}, "properties": {"id": "cm-osm-node-13730517101", "name": "SHIN Hostel ChangPhuak ChiangMai", "nameTh": null, "nameEn": "SHIN Hostel ChangPhuak ChiangMai", "cat": ["hotel"], "province": "cm"}}, {"type": "Feature", "geometry": {"type": "Point", "coordinates": [98.9927929, 18.7942546]}, "properties": {"id": "cm-osm-node-2616378608", "name": "SK House", "nameTh": null, "nameEn": "SK House", "cat": ["hotel"], "province": "cm"}}, {"type": "Feature", "geometry": {"type": "Point", "coordinates": [98.9925628, 18.7941358]}, "properties": {"id": "cm-osm-node-9788234775", "name": "SK House", "nameTh": null, "nameEn": "SK House", "cat": ["hotel"], "province": "cm"}}, {"type": "Feature", "geometry": {"type": "Point", "coordinates": [98.9690569, 18.7989811]}, "properties": {"id": "cm-osm-node-2668805644", "name": "Sabai Day", "nameTh": null, "nameEn": "Sabai Day", "cat": ["hotel"], "province": "cm"}}, {"type": "Feature", "geometry": {"type": "Point", "coordinates": [98.9900623, 18.7824674]}, "properties": {"id": "cm-osm-node-1618868160", "name": "Sabai Garden", "nameTh": null, "nameEn": "Sabai Garden", "cat": ["hotel"], "province": "cm"}}, {"type": "Feature", "geometry": {"type": "Point", "coordinates": [98.9985996, 18.7864231]}, "properties": {"id": "cm-osm-node-1041391638", "name": "Sabai House", "nameTh": null, "nameEn": "Sabai House", "cat": ["hotel"], "province": "cm"}}, {"type": "Feature", "geometry": {"type": "Point", "coordinates": [98.9685671, 18.8871761]}, "properties": {"id": "cm-osm-way-1359528788", "name": "Sabu-Sabu", "nameTh": null, "nameEn": "Sabu-Sabu", "cat": ["hotel"], "province": "cm"}}, {"type": "Feature", "geometry": {"type": "Point", "coordinates": [98.9889083, 18.7866823]}, "properties": {"id": "cm-osm-node-5515535121", "name": "Sabuy Chiangmai Bed & Breakfast", "nameTh": null, "nameEn": "Sabuy Chiangmai Bed & Breakfast", "cat": ["hotel"], "province": "cm"}}, {"type": "Feature", "geometry": {"type": "Point", "coordinates": [98.990429, 18.7891535]}, "properties": {"id": "cm-osm-way-481724320", "name": "Safe House Court", "nameTh": null, "nameEn": "Safe House Court", "cat": ["hotel"], "province": "cm"}}, {"type": "Feature", "geometry": {"type": "Point", "coordinates": [98.9792753, 18.7980604]}, "properties": {"id": "cm-osm-node-3285318964", "name": "Safe and Sound Hostel", "nameTh": null, "nameEn": "Safe and Sound Hostel", "cat": ["hotel"], "province": "cm"}}, {"type": "Feature", "geometry": {"type": "Point", "coordinates": [98.9916226, 18.7888252]}, "properties": {"id": "cm-osm-node-5963300685", "name": "Saithong Guest House", "nameTh": null, "nameEn": "Saithong Guest House", "cat": ["hotel"], "province": "cm"}}, {"type": "Feature", "geometry": {"type": "Point", "coordinates": [99.0043932, 18.7921429]}, "properties": {"id": "cm-osm-way-528019094", "name": "Sakorn Residence", "nameTh": null, "nameEn": "Sakorn Residence", "cat": ["hotel"], "province": "cm"}}, {"type": "Feature", "geometry": {"type": "Point", "coordinates": [98.9801106, 18.7832759]}, "properties": {"id": "cm-osm-way-546257259", "name": "Sakura House Chiang Mai", "nameTh": null, "nameEn": "Sakura House Chiang Mai", "cat": ["hotel"], "province": "cm"}}, {"type": "Feature", "geometry": {"type": "Point", "coordinates": [98.921911, 18.9109225]}, "properties": {"id": "cm-osm-node-5374601734", "name": "Sala Mae Rim Resort", "nameTh": null, "nameEn": "Sala Mae Rim Resort", "cat": ["hotel"], "province": "cm"}}, {"type": "Feature", "geometry": {"type": "Point", "coordinates": [98.9594778, 18.8020913]}, "properties": {"id": "cm-osm-node-6961350987", "name": "Salee", "nameTh": null, "nameEn": "Salee", "cat": ["hotel"], "province": "cm"}}, {"type": "Feature", "geometry": {"type": "Point", "coordinates": [98.9810742, 18.7876548]}, "properties": {"id": "cm-osm-node-13108511001", "name": "Salee Hostel", "nameTh": null, "nameEn": "Salee Hostel", "cat": ["hotel"], "province": "cm"}}, {"type": "Feature", "geometry": {"type": "Point", "coordinates": [98.9684755, 18.7963131]}, "properties": {"id": "cm-osm-node-5455608062", "name": "Samantan Hotel", "nameTh": null, "nameEn": "Samantan Hotel", "cat": ["hotel"], "province": "cm"}}, {"type": "Feature", "geometry": {"type": "Point", "coordinates": [98.9828932, 18.7829695]}, "properties": {"id": "cm-osm-way-421066695", "name": "Samlanjed G H", "nameTh": null, "nameEn": "Samlanjed G H", "cat": ["hotel"], "province": "cm"}}, {"type": "Feature", "geometry": {"type": "Point", "coordinates": [98.9553067, 18.7451091]}, "properties": {"id": "cm-osm-node-2489198445", "name": "San Pareni", "nameTh": null, "nameEn": "San Pareni", "cat": ["hotel"], "province": "cm"}}, {"type": "Feature", "geometry": {"type": "Point", "coordinates": [98.9655842, 18.7992047]}, "properties": {"id": "cm-osm-node-4252089020", "name": "Sanae Hotel", "nameTh": null, "nameEn": "Sanae Hotel", "cat": ["hotel"], "province": "cm"}}, {"type": "Feature", "geometry": {"type": "Point", "coordinates": [98.9542403, 18.8207624]}, "properties": {"id": "cm-osm-way-280172570", "name": "Sang Serene House", "nameTh": null, "nameEn": "Sang Serene House", "cat": ["hotel"], "province": "cm"}}, {"type": "Feature", "geometry": {"type": "Point", "coordinates": [99.0053028, 18.8019273]}, "properties": {"id": "cm-osm-node-11553901065", "name": "Sannot Riverside Boutique Hotel", "nameTh": null, "nameEn": "Sannot Riverside Boutique Hotel", "cat": ["hotel"], "province": "cm"}}, {"type": "Feature", "geometry": {"type": "Point", "coordinates": [98.9783434, 18.804769]}, "properties": {"id": "cm-osm-node-3134799182", "name": "Santitham Guest House", "nameTh": null, "nameEn": "Santitham Guest House", "cat": ["hotel"], "province": "cm"}}, {"type": "Feature", "geometry": {"type": "Point", "coordinates": [99.0254518, 18.9053512]}, "properties": {"id": "cm-osm-node-7189315685", "name": "Saowanee Garden", "nameTh": null, "nameEn": "Saowanee Garden", "cat": ["hotel"], "province": "cm"}}, {"type": "Feature", "geometry": {"type": "Point", "coordinates": [98.9973145, 18.7866498]}, "properties": {"id": "cm-osm-node-2661538526", "name": "Sarabu", "nameTh": null, "nameEn": "Sarabu", "cat": ["hotel"], "province": "cm"}}, {"type": "Feature", "geometry": {"type": "Point", "coordinates": [98.995506, 18.785999]}, "properties": {"id": "cm-osm-node-2881830833", "name": "Sarah Guesthouse", "nameTh": null, "nameEn": "Sarah Guesthouse", "cat": ["hotel"], "province": "cm"}}, {"type": "Feature", "geometry": {"type": "Point", "coordinates": [98.998873, 18.7813035]}, "properties": {"id": "cm-osm-node-2655152001", "name": "Sasima House", "nameTh": null, "nameEn": "Sasima House", "cat": ["hotel"], "province": "cm"}}, {"type": "Feature", "geometry": {"type": "Point", "coordinates": [98.9943558, 18.7926737]}, "properties": {"id": "cm-osm-node-1491392281", "name": "Sawasdee", "nameTh": null, "nameEn": "Sawasdee", "cat": ["hotel"], "province": "cm"}}, {"type": "Feature", "geometry": {"type": "Point", "coordinates": [99.002668, 18.781013]}, "properties": {"id": "cm-osm-node-6080218785", "name": "Sclass the p", "nameTh": "Sclass the poshtel", "nameEn": null, "cat": ["hotel"], "province": "cm"}}, {"type": "Feature", "geometry": {"type": "Point", "coordinates": [99.0974289, 18.7810954]}, "properties": {"id": "cm-osm-way-314940925", "name": "Secret Garden", "nameTh": "ซิเคร์ท การร์เด้นท์", "nameEn": "Secret Garden", "cat": ["hotel"], "province": "cm"}}, {"type": "Feature", "geometry": {"type": "Point", "coordinates": [99.1072801, 18.7876747]}, "properties": {"id": "cm-osm-node-1600689736", "name": "Sermtip Guesthouse", "nameTh": null, "nameEn": "Sermtip Guesthouse", "cat": ["hotel"], "province": "cm"}}, {"type": "Feature", "geometry": {"type": "Point", "coordinates": [98.9785874, 18.7981526]}, "properties": {"id": "cm-osm-node-2706726427", "name": "Seven Senses", "nameTh": null, "nameEn": "Seven Senses", "cat": ["hotel"], "province": "cm"}}, {"type": "Feature", "geometry": {"type": "Point", "coordinates": [98.9842869, 18.7855287]}, "properties": {"id": "cm-osm-node-4259747302", "name": "Seven Suns Residents", "nameTh": null, "nameEn": "Seven Suns Residents", "cat": ["hotel"], "province": "cm"}}, {"type": "Feature", "geometry": {"type": "Point", "coordinates": [99.0007437, 18.7783742]}, "properties": {"id": "cm-osm-way-440038015", "name": "Shangri-La Hotel Chiang Mai", "nameTh": null, "nameEn": "Shangri-La Hotel Chiang Mai", "cat": ["hotel"], "province": "cm"}}, {"type": "Feature", "geometry": {"type": "Point", "coordinates": [98.9576146, 18.8011742]}, "properties": {"id": "cm-osm-way-763787966", "name": "Shanto Bed & Breakfast", "nameTh": null, "nameEn": "Shanto Bed & Breakfast", "cat": ["hotel"], "province": "cm"}}, {"type": "Feature", "geometry": {"type": "Point", "coordinates": [98.9933078, 18.7543083]}, "properties": {"id": "cm-osm-node-2610440428", "name": "Sheik Istana Hotel", "nameTh": null, "nameEn": "Sheik Istana Hotel", "cat": ["hotel"], "province": "cm"}}, {"type": "Feature", "geometry": {"type": "Point", "coordinates": [98.9871355, 18.7798505]}, "properties": {"id": "cm-osm-node-12116030301", "name": "SherVa101 Hostel", "nameTh": null, "nameEn": "SherVa101 Hostel", "cat": ["hotel"], "province": "cm"}}, {"type": "Feature", "geometry": {"type": "Point", "coordinates": [98.8490652, 18.7802412]}, "properties": {"id": "cm-osm-node-2549164167", "name": "Shivaraks Resort", "nameTh": null, "nameEn": "Shivaraks Resort", "cat": ["hotel"], "province": "cm"}}, {"type": "Feature", "geometry": {"type": "Point", "coordinates": [98.9839577, 18.7960786]}, "properties": {"id": "cm-osm-node-4231455489", "name": "Shunlin Hostel", "nameTh": null, "nameEn": "Shunlin Hostel", "cat": ["hotel"], "province": "cm"}}, {"type": "Feature", "geometry": {"type": "Point", "coordinates": [99.0016719, 18.7840434]}, "properties": {"id": "cm-osm-way-406558111", "name": "Shutimol Residence", "nameTh": null, "nameEn": "Shutimol Residence", "cat": ["hotel"], "province": "cm"}}, {"type": "Feature", "geometry": {"type": "Point", "coordinates": [99.0030467, 18.7855045]}, "properties": {"id": "cm-osm-node-3417164650", "name": "Siam Tulip", "nameTh": null, "nameEn": "Siam Tulip", "cat": ["hotel"], "province": "cm"}}, {"type": "Feature", "geometry": {"type": "Point", "coordinates": [98.9861241, 18.8458682]}, "properties": {"id": "cm-osm-way-243504688", "name": "Sibsan Luxury Hotel Rimping", "nameTh": null, "nameEn": "Sibsan Luxury Hotel Rimping", "cat": ["hotel"], "province": "cm"}}, {"type": "Feature", "geometry": {"type": "Point", "coordinates": [98.9881846, 18.7936397]}, "properties": {"id": "cm-osm-node-2814693443", "name": "Sindy Guesthouse", "nameTh": null, "nameEn": "Sindy Guesthouse", "cat": ["hotel"], "province": "cm"}}, {"type": "Feature", "geometry": {"type": "Point", "coordinates": [98.9854601, 18.7715336]}, "properties": {"id": "cm-osm-node-4064638195", "name": "Singha Montra", "nameTh": null, "nameEn": "Singha Montra", "cat": ["hotel"], "province": "cm"}}, {"type": "Feature", "geometry": {"type": "Point", "coordinates": [98.9829581, 18.7900222]}, "properties": {"id": "cm-osm-way-408595925", "name": "Singharaj Boutique Hotel", "nameTh": null, "nameEn": "Singharaj Boutique Hotel", "cat": ["hotel"], "province": "cm"}}, {"type": "Feature", "geometry": {"type": "Point", "coordinates": [98.9556853, 18.7899349]}, "properties": {"id": "cm-osm-way-575413613", "name": "Sinthana Resort", "nameTh": null, "nameEn": "Sinthana Resort", "cat": ["hotel"], "province": "cm"}}, {"type": "Feature", "geometry": {"type": "Point", "coordinates": [98.9906122, 18.7950659]}, "properties": {"id": "cm-osm-way-473622994", "name": "Sira Boutique Hotel", "nameTh": null, "nameEn": "Sira Boutique Hotel", "cat": ["hotel"], "province": "cm"}}, {"type": "Feature", "geometry": {"type": "Point", "coordinates": [98.960386, 18.8125451]}, "properties": {"id": "cm-osm-way-1118512213", "name": "Sireeampan Boutique and Resort", "nameTh": null, "nameEn": "Sireeampan Boutique and Resort", "cat": ["hotel"], "province": "cm"}}, {"type": "Feature", "geometry": {"type": "Point", "coordinates": [98.99113, 18.79003]}, "properties": {"id": "cm-osm-node-892660359", "name": "Siri Guesthouse", "nameTh": null, "nameEn": "Siri Guesthouse", "cat": ["hotel"], "province": "cm"}}, {"type": "Feature", "geometry": {"type": "Point", "coordinates": [99.0088636, 18.7893578]}, "properties": {"id": "cm-osm-node-4584127887", "name": "Siri House", "nameTh": null, "nameEn": "Siri House", "cat": ["hotel"], "province": "cm"}}, {"type": "Feature", "geometry": {"type": "Point", "coordinates": [98.9826876, 18.7828726]}, "properties": {"id": "cm-osm-way-421067629", "name": "Siri Kamsan G H", "nameTh": null, "nameEn": "Siri Kamsan G H", "cat": ["hotel"], "province": "cm"}}, {"type": "Feature", "geometry": {"type": "Point", "coordinates": [98.9745066, 18.7552485]}, "properties": {"id": "cm-osm-way-1359725228", "name": "Siri Nakornpink", "nameTh": null, "nameEn": "Siri Nakornpink", "cat": ["hotel"], "province": "cm"}}, {"type": "Feature", "geometry": {"type": "Point", "coordinates": [98.9852762, 18.7862364]}, "properties": {"id": "cm-osm-node-13535468487", "name": "Siri Village Chiang Mai", "nameTh": null, "nameEn": "Siri Village Chiang Mai", "cat": ["hotel"], "province": "cm"}}, {"type": "Feature", "geometry": {"type": "Point", "coordinates": [98.9903125, 18.7856506]}, "properties": {"id": "cm-osm-node-2040025072", "name": "Sirilanna", "nameTh": null, "nameEn": "Sirilanna", "cat": ["hotel"], "province": "cm"}}, {"type": "Feature", "geometry": {"type": "Point", "coordinates": [98.9850438, 18.9429035]}, "properties": {"id": "cm-osm-node-4419748791", "name": "Siriluk Resort", "nameTh": null, "nameEn": "Siriluk Resort", "cat": ["hotel"], "province": "cm"}}, {"type": "Feature", "geometry": {"type": "Point", "coordinates": [98.9595477, 18.781975]}, "properties": {"id": "cm-osm-way-314670465", "name": "Sirinart Garden", "nameTh": null, "nameEn": "Sirinart Garden", "cat": ["hotel"], "province": "cm"}}, {"type": "Feature", "geometry": {"type": "Point", "coordinates": [98.9742164, 18.7983038]}, "properties": {"id": "cm-osm-way-1465533694", "name": "Siriporn", "nameTh": null, "nameEn": "Siriporn", "cat": ["hotel"], "province": "cm"}}, {"type": "Feature", "geometry": {"type": "Point", "coordinates": [98.9855438, 18.7937546]}, "properties": {"id": "cm-osm-node-4226677889", "name": "Siriwan House", "nameTh": null, "nameEn": "Siriwan House", "cat": ["hotel"], "province": "cm"}}, {"type": "Feature", "geometry": {"type": "Point", "coordinates": [99.0036405, 18.786266]}, "properties": {"id": "cm-osm-node-3417181189", "name": "Siriya House", "nameTh": null, "nameEn": "Siriya House", "cat": ["hotel"], "province": "cm"}}, {"type": "Feature", "geometry": {"type": "Point", "coordinates": [98.9734645, 18.7958874]}, "properties": {"id": "cm-osm-way-481787802", "name": "Sitha Boutique House", "nameTh": null, "nameEn": "Sitha Boutique House", "cat": ["hotel"], "province": "cm"}}, {"type": "Feature", "geometry": {"type": "Point", "coordinates": [98.9916939, 18.7929442]}, "properties": {"id": "cm-osm-node-6579633828", "name": "Sleep", "nameTh": null, "nameEn": "Sleep", "cat": ["hotel"], "province": "cm"}}, {"type": "Feature", "geometry": {"type": "Point", "coordinates": [98.9574458, 18.7780213]}, "properties": {"id": "cm-osm-way-961374341", "name": "Sleep CNX", "nameTh": null, "nameEn": "Sleep CNX", "cat": ["hotel"], "province": "cm"}}, {"type": "Feature", "geometry": {"type": "Point", "coordinates": [98.9917282, 18.7930934]}, "properties": {"id": "cm-osm-way-578863871", "name": "Sleep Guest House", "nameTh": null, "nameEn": "Sleep Guest House", "cat": ["hotel"], "province": "cm"}}, {"type": "Feature", "geometry": {"type": "Point", "coordinates": [98.9938135, 18.7855082]}, "properties": {"id": "cm-osm-way-1484018624", "name": "Sleep Mai?", "nameTh": null, "nameEn": "Sleep Mai?", "cat": ["hotel"], "province": "cm"}}, {"type": "Feature", "geometry": {"type": "Point", "coordinates": [98.9967501, 18.8005414]}, "properties": {"id": "cm-osm-way-319812106", "name": "Sleepbox", "nameTh": null, "nameEn": "Sleepbox", "cat": ["hotel"], "province": "cm"}}, {"type": "Feature", "geometry": {"type": "Point", "coordinates": [98.9908975, 18.7837764]}, "properties": {"id": "cm-osm-node-11182410615", "name": "Slumber Party Chiang Mai Old Town", "nameTh": null, "nameEn": "Slumber Party Chiang Mai Old Town", "cat": ["hotel"], "province": "cm"}}, {"type": "Feature", "geometry": {"type": "Point", "coordinates": [98.991888, 18.785426]}, "properties": {"id": "cm-osm-node-631562391", "name": "Smile Guesthouse", "nameTh": null, "nameEn": "Smile Guesthouse", "cat": ["hotel"], "province": "cm"}}, {"type": "Feature", "geometry": {"type": "Point", "coordinates": [98.9890538, 18.779786]}, "properties": {"id": "cm-osm-node-2656759539", "name": "Smile House Boutique", "nameTh": null, "nameEn": "Smile House Boutique", "cat": ["hotel"], "province": "cm"}}, {"type": "Feature", "geometry": {"type": "Point", "coordinates": [98.980333, 18.7807084]}, "properties": {"id": "cm-osm-way-762279494", "name": "Smile Lanna Hotel", "nameTh": null, "nameEn": "Smile Lanna Hotel", "cat": ["hotel"], "province": "cm"}}, {"type": "Feature", "geometry": {"type": "Point", "coordinates": [98.9333521, 18.6992865]}, "properties": {"id": "cm-osm-node-11900168042", "name": "Soft", "nameTh": null, "nameEn": "Soft", "cat": ["hotel"], "province": "cm"}}, {"type": "Feature", "geometry": {"type": "Point", "coordinates": [98.9751563, 18.7976761]}, "properties": {"id": "cm-osm-node-3304368870", "name": "Soho Guesthouse", "nameTh": null, "nameEn": "Soho Guesthouse", "cat": ["hotel"], "province": "cm"}}, {"type": "Feature", "geometry": {"type": "Point", "coordinates": [98.9966411, 18.7839989]}, "properties": {"id": "cm-osm-node-820315995", "name": "Soi Sabai", "nameTh": null, "nameEn": "Soi Sabai", "cat": ["hotel"], "province": "cm"}}, {"type": "Feature", "geometry": {"type": "Point", "coordinates": [98.9928762, 18.7855334]}, "properties": {"id": "cm-osm-way-623162121", "name": "Somwang Guest House", "nameTh": null, "nameEn": "Somwang Guest House", "cat": ["hotel"], "province": "cm"}}, {"type": "Feature", "geometry": {"type": "Point", "coordinates": [99.1379641, 18.9109606]}, "properties": {"id": "cm-osm-node-3112405940", "name": "Soulmates Retreat (closed?)", "nameTh": null, "nameEn": "Soulmates Retreat (closed?)", "cat": ["hotel"], "province": "cm"}}, {"type": "Feature", "geometry": {"type": "Point", "coordinates": [98.9924179, 18.7896396]}, "properties": {"id": "cm-osm-way-1005881892", "name": "Spice Garden", "nameTh": null, "nameEn": "Spice Garden", "cat": ["hotel"], "province": "cm"}}, {"type": "Feature", "geometry": {"type": "Point", "coordinates": [98.9910318, 18.7856112]}, "properties": {"id": "cm-osm-node-4416809393", "name": "Spicy Art Guesthouse", "nameTh": null, "nameEn": "Spicy Art Guesthouse", "cat": ["hotel"], "province": "cm"}}, {"type": "Feature", "geometry": {"type": "Point", "coordinates": [98.9802725, 18.7984848]}, "properties": {"id": "cm-osm-way-301482928", "name": "Spicythai Backpackers", "nameTh": null, "nameEn": "Spicythai Backpackers", "cat": ["hotel"], "province": "cm"}}, {"type": "Feature", "geometry": {"type": "Point", "coordinates": [98.9845833, 18.8155373]}, "properties": {"id": "cm-osm-way-1462186286", "name": "Spring Day House", "nameTh": null, "nameEn": "Spring Day House", "cat": ["hotel"], "province": "cm"}}, {"type": "Feature", "geometry": {"type": "Point", "coordinates": [98.9504403, 18.7927068]}, "properties": {"id": "cm-osm-way-481815149", "name": "Squirrel Hostel", "nameTh": null, "nameEn": "Squirrel Hostel", "cat": ["hotel"], "province": "cm"}}, {"type": "Feature", "geometry": {"type": "Point", "coordinates": [98.9871955, 18.7752266]}, "properties": {"id": "cm-osm-node-9394504917", "name": "Sri Anan Pura", "nameTh": null, "nameEn": "Sri Anan Pura", "cat": ["hotel"], "province": "cm"}}, {"type": "Feature", "geometry": {"type": "Point", "coordinates": [98.9925983, 18.7928391]}, "properties": {"id": "cm-osm-way-291771637", "name": "Sri-Pat", "nameTh": null, "nameEn": "Sri-Pat", "cat": ["hotel"], "province": "cm"}}, {"type": "Feature", "geometry": {"type": "Point", "coordinates": [98.9982203, 18.7808443]}, "properties": {"id": "cm-osm-node-9331104117", "name": "Sridonchai Heritage", "nameTh": null, "nameEn": "Sridonchai Heritage", "cat": ["hotel"], "province": "cm"}}, {"type": "Feature", "geometry": {"type": "Point", "coordinates": [98.9919719, 18.7935461]}, "properties": {"id": "cm-osm-way-291771627", "name": "Sripoom house 1", "nameTh": null, "nameEn": "Sripoom house 1", "cat": ["hotel"], "province": "cm"}}, {"type": "Feature", "geometry": {"type": "Point", "coordinates": [99.0054385, 18.785816]}, "properties": {"id": "cm-osm-way-270774232", "name": "Sriprakard Chiang Mai. (ancient hotel)", "nameTh": null, "nameEn": "Sriprakard Chiang Mai. (ancient hotel)", "cat": ["hotel"], "province": "cm"}}, {"type": "Feature", "geometry": {"type": "Point", "coordinates": [98.9941057, 18.792636]}, "properties": {"id": "cm-osm-node-4370972989", "name": "Stamps Backpackers", "nameTh": null, "nameEn": "Stamps Backpackers", "cat": ["hotel"], "province": "cm"}}, {"type": "Feature", "geometry": {"type": "Point", "coordinates": [98.9825855, 18.7840061]}, "properties": {"id": "cm-osm-way-406416408", "name": "Stay Here Hostel", "nameTh": null, "nameEn": "Stay Here Hostel", "cat": ["hotel"], "province": "cm"}}, {"type": "Feature", "geometry": {"type": "Point", "coordinates": [98.9810657, 18.8404461]}, "properties": {"id": "cm-osm-node-9318598651", "name": "Stay MAYB", "nameTh": null, "nameEn": "Stay MAYB", "cat": ["hotel"], "province": "cm"}}, {"type": "Feature", "geometry": {"type": "Point", "coordinates": [98.9708533, 18.798604]}, "properties": {"id": "cm-osm-way-1155950289", "name": "Stay with Nimman", "nameTh": null, "nameEn": "Stay with Nimman", "cat": ["hotel"], "province": "cm"}}, {"type": "Feature", "geometry": {"type": "Point", "coordinates": [98.9699705, 18.8178596]}, "properties": {"id": "cm-osm-node-13790893801", "name": "Stucco Loft Residency   Hotel", "nameTh": null, "nameEn": "Stucco Loft Residency   Hotel", "cat": ["hotel"], "province": "cm"}}, {"type": "Feature", "geometry": {"type": "Point", "coordinates": [98.9967865, 18.7873846]}, "properties": {"id": "cm-osm-node-4438144264", "name": "Studio 99", "nameTh": null, "nameEn": "Studio 99", "cat": ["hotel"], "province": "cm"}}, {"type": "Feature", "geometry": {"type": "Point", "coordinates": [98.9925949, 18.7940136]}, "properties": {"id": "cm-osm-node-10813168705", "name": "Studio'Z", "nameTh": null, "nameEn": "Studio'Z", "cat": ["hotel"], "province": "cm"}}, {"type": "Feature", "geometry": {"type": "Point", "coordinates": [98.9696954, 18.8034279]}, "properties": {"id": "cm-osm-way-385535758", "name": "Suan Doi House", "nameTh": null, "nameEn": "Suan Doi House", "cat": ["hotel"], "province": "cm"}}, {"type": "Feature", "geometry": {"type": "Point", "coordinates": [98.9796957, 18.7887509]}, "properties": {"id": "cm-osm-node-11228581207", "name": "Suan Dok Gate Guesthouse", "nameTh": null, "nameEn": "Suan Dok Gate Guesthouse", "cat": ["hotel"], "province": "cm"}}, {"type": "Feature", "geometry": {"type": "Point", "coordinates": [98.9617646, 18.9556742]}, "properties": {"id": "cm-osm-node-10120359174", "name": "Suan Suay Farmstay", "nameTh": null, "nameEn": "Suan Suay Farmstay", "cat": ["hotel"], "province": "cm"}}, {"type": "Feature", "geometry": {"type": "Point", "coordinates": [99.0455037, 18.9168479]}, "properties": {"id": "cm-osm-node-5367359521", "name": "Suan Thu Khaw", "nameTh": null, "nameEn": "Suan Thu Khaw", "cat": ["hotel"], "province": "cm"}}, {"type": "Feature", "geometry": {"type": "Point", "coordinates": [98.9705986, 18.7894476]}, "properties": {"id": "cm-osm-node-10184808718", "name": "Suandok Hostel", "nameTh": null, "nameEn": "Suandok Hostel", "cat": ["hotel"], "province": "cm"}}, {"type": "Feature", "geometry": {"type": "Point", "coordinates": [98.9920864, 18.7775972]}, "properties": {"id": "cm-osm-way-1163065148", "name": "SugarCane Chiang Mai", "nameTh": null, "nameEn": "SugarCane Chiang Mai", "cat": ["hotel"], "province": "cm"}}, {"type": "Feature", "geometry": {"type": "Point", "coordinates": [98.8641237, 18.9557195]}, "properties": {"id": "cm-osm-node-2478592340", "name": "Sukantara Cascade Resort and Spa", "nameTh": null, "nameEn": "Sukantara Cascade Resort & Spa", "cat": ["hotel"], "province": "cm"}}, {"type": "Feature", "geometry": {"type": "Point", "coordinates": [99.0102624, 18.803068]}, "properties": {"id": "cm-osm-node-11499133369", "name": "Sukhothai House", "nameTh": null, "nameEn": "Sukhothai House", "cat": ["hotel"], "province": "cm"}}, {"type": "Feature", "geometry": {"type": "Point", "coordinates": [98.9939239, 18.7910501]}, "properties": {"id": "cm-osm-node-4696764891", "name": "Sunday Backpacker", "nameTh": "Sunday Backpacker", "nameEn": null, "cat": ["hotel"], "province": "cm"}}, {"type": "Feature", "geometry": {"type": "Point", "coordinates": [98.9782801, 18.8006289]}, "properties": {"id": "cm-osm-node-3285280609", "name": "Sunshine House", "nameTh": "ซันชายน์เฮ้าส์", "nameEn": "Sunshine House", "cat": ["hotel"], "province": "cm"}}, {"type": "Feature", "geometry": {"type": "Point", "coordinates": [98.9918536, 18.7940958]}, "properties": {"id": "cm-osm-way-255927413", "name": "Supreme House", "nameTh": "สุปรีม เฮ้าส์", "nameEn": "Supreme House", "cat": ["hotel"], "province": "cm"}}, {"type": "Feature", "geometry": {"type": "Point", "coordinates": [98.9997849, 18.7837739]}, "properties": {"id": "cm-osm-way-99685196", "name": "Suriwongse Hotel Chiang Mai", "nameTh": null, "nameEn": "Suriwongse Hotel Chiang Mai", "cat": ["hotel"], "province": "cm"}}, {"type": "Feature", "geometry": {"type": "Point", "coordinates": [98.9718816, 18.7990242]}, "properties": {"id": "cm-osm-node-2660415679", "name": "Sweet Room", "nameTh": null, "nameEn": "Sweet Room", "cat": ["hotel"], "province": "cm"}}, {"type": "Feature", "geometry": {"type": "Point", "coordinates": [99.0601738, 18.8347898]}, "properties": {"id": "cm-osm-node-1600412813", "name": "Swiss Chalet", "nameTh": null, "nameEn": "Swiss Chalet", "cat": ["hotel"], "province": "cm"}}, {"type": "Feature", "geometry": {"type": "Point", "coordinates": [99.0105186, 18.7763633]}, "properties": {"id": "cm-osm-node-3326560615", "name": "Swiss Lanna Lodge", "nameTh": null, "nameEn": "Swiss Lanna Lodge", "cat": ["hotel"], "province": "cm"}}, {"type": "Feature", "geometry": {"type": "Point", "coordinates": [98.9845451, 18.7856563]}, "properties": {"id": "cm-osm-node-11370589285", "name": "T Heritage", "nameTh": null, "nameEn": "T Heritage", "cat": ["hotel"], "province": "cm"}}, {"type": "Feature", "geometry": {"type": "Point", "coordinates": [98.9919886, 18.7893963]}, "properties": {"id": "cm-osm-node-1133604851", "name": "T. J. R. Boutique House", "nameTh": null, "nameEn": "T. J. R. Boutique House", "cat": ["hotel"], "province": "cm"}}, {"type": "Feature", "geometry": {"type": "Point", "coordinates": [98.9909584, 18.7808546]}, "properties": {"id": "cm-osm-node-8736574960", "name": "T2B Hostel", "nameTh": null, "nameEn": "T2B Hostel", "cat": ["hotel"], "province": "cm"}}, {"type": "Feature", "geometry": {"type": "Point", "coordinates": [98.9951463, 18.7796]}, "properties": {"id": "cm-osm-node-13661084301", "name": "THEE Kashatharn by TH district Hotel", "nameTh": null, "nameEn": "THEE Kashatharn by TH district Hotel", "cat": ["hotel"], "province": "cm"}}, {"type": "Feature", "geometry": {"type": "Point", "coordinates": [98.983891, 18.7078087]}, "properties": {"id": "cm-osm-way-1467597757", "name": "Ta Tamnak Privilege", "nameTh": null, "nameEn": "Ta Tamnak Privilege", "cat": ["hotel"], "province": "cm"}}, {"type": "Feature", "geometry": {"type": "Point", "coordinates": [98.9876519, 18.7776604]}, "properties": {"id": "cm-osm-node-5646353584", "name": "Tadkham Village Hotel", "nameTh": null, "nameEn": "Tadkham Village Hotel", "cat": ["hotel"], "province": "cm"}}, {"type": "Feature", "geometry": {"type": "Point", "coordinates": [98.9925074, 18.7864145]}, "properties": {"id": "cm-osm-way-482772357", "name": "Taicoon House", "nameTh": null, "nameEn": "Taicoon House", "cat": ["hotel"], "province": "cm"}}, {"type": "Feature", "geometry": {"type": "Point", "coordinates": [98.9858756, 18.7156194]}, "properties": {"id": "cm-osm-way-645908669", "name": "Taiheyi Riverside", "nameTh": null, "nameEn": "Taiheyi Riverside", "cat": ["hotel"], "province": "cm"}}, {"type": "Feature", "geometry": {"type": "Point", "coordinates": [98.9795577, 18.8071275]}, "properties": {"id": "cm-osm-node-2530393020", "name": "Taja", "nameTh": null, "nameEn": "Taja", "cat": ["hotel"], "province": "cm"}}, {"type": "Feature", "geometry": {"type": "Point", "coordinates": [99.0007333, 18.7671013]}, "properties": {"id": "cm-osm-node-6322036487", "name": "Take a nap", "nameTh": "Take a nap Chang Khlan hostel at Chiangmai", "nameEn": null, "cat": ["hotel"], "province": "cm"}}, {"type": "Feature", "geometry": {"type": "Point", "coordinates": [99.0025677, 18.784823]}, "properties": {"id": "cm-osm-node-6898405449", "name": "Tamada Hostel", "nameTh": null, "nameEn": "Tamada Hostel", "cat": ["hotel"], "province": "cm"}}, {"type": "Feature", "geometry": {"type": "Point", "coordinates": [98.9897227, 18.7885903]}, "properties": {"id": "cm-osm-node-3410834689", "name": "Tamarind Village", "nameTh": null, "nameEn": "Tamarind Village", "cat": ["hotel"], "province": "cm"}}, {"type": "Feature", "geometry": {"type": "Point", "coordinates": [98.9900243, 18.7890893]}, "properties": {"id": "cm-osm-way-301483966", "name": "Tamarind Village", "nameTh": null, "nameEn": "Tamarind Village", "cat": ["hotel"], "province": "cm"}}, {"type": "Feature", "geometry": {"type": "Point", "coordinates": [98.981565, 18.7844582]}, "properties": {"id": "cm-osm-way-579076675", "name": "Tambon Phra Sing", "nameTh": null, "nameEn": "Tambon Phra Sing", "cat": ["hotel"], "province": "cm"}}, {"type": "Feature", "geometry": {"type": "Point", "coordinates": [99.0203306, 18.8292189]}, "properties": {"id": "cm-osm-node-13505800986", "name": "Tamruethai House", "nameTh": null, "nameEn": "Tamruethai House", "cat": ["hotel"], "province": "cm"}}, {"type": "Feature", "geometry": {"type": "Point", "coordinates": [98.9774069, 18.8032222]}, "properties": {"id": "cm-osm-node-13357092330", "name": "Tangmo", "nameTh": null, "nameEn": "Tangmo", "cat": ["hotel"], "province": "cm"}}, {"type": "Feature", "geometry": {"type": "Point", "coordinates": [99.001838, 18.7931921]}, "properties": {"id": "cm-osm-node-2638475286", "name": "Tanita", "nameTh": null, "nameEn": "Tanita", "cat": ["hotel"], "province": "cm"}}, {"type": "Feature", "geometry": {"type": "Point", "coordinates": [98.9875198, 18.6852315]}, "properties": {"id": "cm-osm-way-826056337", "name": "Tanita Thai Heritage Riverside Resort", "nameTh": null, "nameEn": "Tanita Thai Heritage Riverside Resort", "cat": ["hotel"], "province": "cm"}}, {"type": "Feature", "geometry": {"type": "Point", "coordinates": [98.985367, 18.7726432]}, "properties": {"id": "cm-osm-node-5727139650", "name": "Tanwa Hostel", "nameTh": null, "nameEn": "Tanwa Hostel", "cat": ["hotel"], "province": "cm"}}, {"type": "Feature", "geometry": {"type": "Point", "coordinates": [99.1279715, 18.90954]}, "properties": {"id": "cm-osm-node-1837083756", "name": "Tao Garden", "nameTh": null, "nameEn": "Tao Garden", "cat": ["hotel"], "province": "cm"}}, {"type": "Feature", "geometry": {"type": "Point", "coordinates": [98.9955024, 18.7872562]}, "properties": {"id": "cm-osm-node-3414113165", "name": "Tapae Guesthouse", "nameTh": null, "nameEn": "Tapae Guesthouse", "cat": ["hotel"], "province": "cm"}}, {"type": "Feature", "geometry": {"type": "Point", "coordinates": [98.9992876, 18.7884225]}, "properties": {"id": "cm-osm-way-668376850", "name": "Tapae Inn", "nameTh": "ท่าแพอินน์", "nameEn": "Tapae Inn", "cat": ["hotel"], "province": "cm"}}, {"type": "Feature", "geometry": {"type": "Point", "coordinates": [98.9974299, 18.7878131]}, "properties": {"id": "cm-osm-way-102771768", "name": "Tapae Place", "nameTh": "โรงแรมท่าแพเพลซ", "nameEn": "Tapae Place", "cat": ["hotel"], "province": "cm"}}, {"type": "Feature", "geometry": {"type": "Point", "coordinates": [98.9969984, 18.7858657]}, "properties": {"id": "cm-osm-node-12586888808", "name": "Tar Tar & Nay Hostel", "nameTh": null, "nameEn": "Tar Tar & Nay Hostel", "cat": ["hotel"], "province": "cm"}}, {"type": "Feature", "geometry": {"type": "Point", "coordinates": [98.9971565, 18.785667]}, "properties": {"id": "cm-osm-node-12478135701", "name": "TarTar&Nay Hostel", "nameTh": null, "nameEn": "TarTar&Nay Hostel", "cat": ["hotel"], "province": "cm"}}, {"type": "Feature", "geometry": {"type": "Point", "coordinates": [99.0002939, 18.7809859]}, "properties": {"id": "cm-osm-node-4872451730", "name": "Tawan Bed Club", "nameTh": null, "nameEn": "Tawan Bed Club", "cat": ["hotel"], "province": "cm"}}, {"type": "Feature", "geometry": {"type": "Point", "coordinates": [99.0033552, 18.7861884]}, "properties": {"id": "cm-osm-node-3417311373", "name": "Tawan Court", "nameTh": "ตะวันคอร์ท", "nameEn": "Tawan Court", "cat": ["hotel"], "province": "cm"}}, {"type": "Feature", "geometry": {"type": "Point", "coordinates": [99.0424025, 18.7752928]}, "properties": {"id": "cm-osm-node-1886748829", "name": "Tazala Resort", "nameTh": null, "nameEn": "Tazala Resort", "cat": ["hotel"], "province": "cm"}}, {"type": "Feature", "geometry": {"type": "Point", "coordinates": [99.0055198, 18.7847879]}, "properties": {"id": "cm-osm-way-511629366", "name": "Tea Vana", "nameTh": null, "nameEn": "Tea Vana", "cat": ["hotel"], "province": "cm"}}, {"type": "Feature", "geometry": {"type": "Point", "coordinates": [98.9755552, 18.801849]}, "properties": {"id": "cm-osm-node-4107227426", "name": "Teacher's Guesthouse", "nameTh": null, "nameEn": "Teacher's Guesthouse", "cat": ["hotel"], "province": "cm"}}, {"type": "Feature", "geometry": {"type": "Point", "coordinates": [98.9844332, 18.7791054]}, "properties": {"id": "cm-osm-node-4141920389", "name": "Teeraya Boutique Family Hostel", "nameTh": null, "nameEn": "Teeraya Boutique Family Hostel", "cat": ["hotel"], "province": "cm"}}, {"type": "Feature", "geometry": {"type": "Point", "coordinates": [98.9825772, 18.7901016]}, "properties": {"id": "cm-osm-way-408595921", "name": "Ten Boutique Hotel", "nameTh": null, "nameEn": "Ten Boutique Hotel", "cat": ["hotel"], "province": "cm"}}, {"type": "Feature", "geometry": {"type": "Point", "coordinates": [98.9914416, 18.783755]}, "properties": {"id": "cm-osm-way-269499253", "name": "Thaepae Gate Lodge", "nameTh": null, "nameEn": "Thaepae Gate Lodge", "cat": ["hotel"], "province": "cm"}}, {"type": "Feature", "geometry": {"type": "Point", "coordinates": [98.9970285, 18.7759813]}, "properties": {"id": "cm-osm-way-676257963", "name": "Thai Thai Hostel", "nameTh": null, "nameEn": "Thai Thai Hostel", "cat": ["hotel"], "province": "cm"}}, {"type": "Feature", "geometry": {"type": "Point", "coordinates": [98.9866796, 18.7805086]}, "properties": {"id": "cm-osm-node-8736670010", "name": "Thai Time Hostel", "nameTh": null, "nameEn": "Thai Time Hostel", "cat": ["hotel"], "province": "cm"}}, {"type": "Feature", "geometry": {"type": "Point", "coordinates": [98.9896673, 18.7778762]}, "properties": {"id": "cm-osm-node-3960282340", "name": "Thai Tom guesthouse", "nameTh": null, "nameEn": "Thai Tom guesthouse", "cat": ["hotel"], "province": "cm"}}, {"type": "Feature", "geometry": {"type": "Point", "coordinates": [98.9914528, 18.7834322]}, "properties": {"id": "cm-osm-way-269499254", "name": "Thailand Guesthouse", "nameTh": null, "nameEn": "Thailand Guesthouse", "cat": ["hotel"], "province": "cm"}}, {"type": "Feature", "geometry": {"type": "Point", "coordinates": [98.9835231, 18.7829244]}, "properties": {"id": "cm-osm-way-579076868", "name": "Thailand Wow", "nameTh": null, "nameEn": "Thailand Wow", "cat": ["hotel"], "province": "cm"}}, {"type": "Feature", "geometry": {"type": "Point", "coordinates": [98.9940906, 18.7923937]}, "properties": {"id": "cm-osm-way-492846738", "name": "Thailand Wow 2", "nameTh": null, "nameEn": "Thailand Wow 2", "cat": ["hotel"], "province": "cm"}}, {"type": "Feature", "geometry": {"type": "Point", "coordinates": [98.9894557, 18.7814863]}, "properties": {"id": "cm-osm-node-3280549166", "name": "Thaiway Guesthouse", "nameTh": null, "nameEn": "Thaiway Guesthouse", "cat": ["hotel"], "province": "cm"}}, {"type": "Feature", "geometry": {"type": "Point", "coordinates": [98.9726333, 18.8120006]}, "properties": {"id": "cm-osm-way-320018556", "name": "Thajene Boutique House", "nameTh": null, "nameEn": "Thajene Boutique House", "cat": ["hotel"], "province": "cm"}}, {"type": "Feature", "geometry": {"type": "Point", "coordinates": [98.995556, 18.7863423]}, "properties": {"id": "cm-osm-node-3414272481", "name": "Thana Guesthouse", "nameTh": null, "nameEn": "Thana Guesthouse", "cat": ["hotel"], "province": "cm"}}, {"type": "Feature", "geometry": {"type": "Point", "coordinates": [98.9957867, 18.7862929]}, "properties": {"id": "cm-osm-node-3414272482", "name": "Thana Hotel", "nameTh": null, "nameEn": "Thana Hotel", "cat": ["hotel"], "province": "cm"}}, {"type": "Feature", "geometry": {"type": "Point", "coordinates": [98.9922666, 18.7784271]}, "properties": {"id": "cm-osm-way-1115111482", "name": "Thanatee Boutique Hotel", "nameTh": null, "nameEn": "Thanatee Boutique Hotel", "cat": ["hotel"], "province": "cm"}}, {"type": "Feature", "geometry": {"type": "Point", "coordinates": [98.9881927, 18.7938321]}, "properties": {"id": "cm-osm-node-4433562790", "name": "Thank you Chiang Mai", "nameTh": null, "nameEn": "Thank you Chiang Mai", "cat": ["hotel"], "province": "cm"}}, {"type": "Feature", "geometry": {"type": "Point", "coordinates": [98.9941046, 18.7956579]}, "properties": {"id": "cm-osm-way-658996885", "name": "Thanyawintra Hotel", "nameTh": null, "nameEn": "Thanyawintra Hotel", "cat": ["hotel"], "province": "cm"}}, {"type": "Feature", "geometry": {"type": "Point", "coordinates": [98.9962293, 18.7880646]}, "properties": {"id": "cm-osm-node-4538129612", "name": "Thapae Backpackers", "nameTh": null, "nameEn": "Thapae Backpackers", "cat": ["hotel"], "province": "cm"}}, {"type": "Feature", "geometry": {"type": "Point", "coordinates": [98.995024, 18.787138]}, "properties": {"id": "cm-osm-node-1001600108", "name": "Thapae Boutique House", "nameTh": null, "nameEn": "Thapae Boutique House", "cat": ["hotel"], "province": "cm"}}, {"type": "Feature", "geometry": {"type": "Point", "coordinates": [98.995006, 18.7873082]}, "properties": {"id": "cm-osm-way-650706590", "name": "Thapae Boutique House", "nameTh": null, "nameEn": "Thapae Boutique House", "cat": ["hotel"], "province": "cm"}}, {"type": "Feature", "geometry": {"type": "Point", "coordinates": [98.99057, 18.7867367]}, "properties": {"id": "cm-osm-node-3419811903", "name": "Thapae Loft", "nameTh": null, "nameEn": "Thapae Loft", "cat": ["hotel"], "province": "cm"}}, {"type": "Feature", "geometry": {"type": "Point", "coordinates": [98.9971707, 18.7873094]}, "properties": {"id": "cm-osm-way-1463072774", "name": "Thapae60 Mini Hotel", "nameTh": "ท่าแพซิกตี้", "nameEn": "Thapae60 Mini Hotel", "cat": ["hotel"], "province": "cm"}}, {"type": "Feature", "geometry": {"type": "Point", "coordinates": [98.9885378, 18.7869345]}, "properties": {"id": "cm-osm-way-238151858", "name": "The 3Sis B&B", "nameTh": null, "nameEn": "The 3Sis B&B", "cat": ["hotel"], "province": "cm"}}, {"type": "Feature", "geometry": {"type": "Point", "coordinates": [98.9785793, 18.7927354]}, "properties": {"id": "cm-osm-node-5859300393", "name": "The A-Rak", "nameTh": null, "nameEn": "The A-Rak", "cat": ["hotel"], "province": "cm"}}, {"type": "Feature", "geometry": {"type": "Point", "coordinates": [98.9782005, 18.7693519]}, "properties": {"id": "cm-osm-way-377698216", "name": "The Airport Greenery Hotel", "nameTh": null, "nameEn": "Airport Greenery Hotel", "cat": ["hotel"], "province": "cm"}}, {"type": "Feature", "geometry": {"type": "Point", "coordinates": [98.9826214, 18.789329]}, "properties": {"id": "cm-osm-node-4848162061", "name": "The August Hostel", "nameTh": null, "nameEn": "The August Hostel", "cat": ["hotel"], "province": "cm"}}, {"type": "Feature", "geometry": {"type": "Point", "coordinates": [98.9635553, 18.8024279]}, "properties": {"id": "cm-osm-way-529378759", "name": "The Bliss Serviced Apartments", "nameTh": null, "nameEn": "The Bliss Serviced Apartments", "cat": ["hotel"], "province": "cm"}}, {"type": "Feature", "geometry": {"type": "Point", "coordinates": [98.9739862, 18.8137634]}, "properties": {"id": "cm-osm-node-13411824167", "name": "The Boss", "nameTh": null, "nameEn": "The Boss", "cat": ["hotel"], "province": "cm"}}, {"type": "Feature", "geometry": {"type": "Point", "coordinates": [98.9931146, 18.7546506]}, "properties": {"id": "cm-osm-way-530915017", "name": "The Brick Hostel", "nameTh": null, "nameEn": "The Brick Hostel", "cat": ["hotel"], "province": "cm"}}, {"type": "Feature", "geometry": {"type": "Point", "coordinates": [98.994451, 18.7926297]}, "properties": {"id": "cm-osm-node-4583576189", "name": "The Cabin Hostel", "nameTh": null, "nameEn": "The Cabin Hostel", "cat": ["hotel"], "province": "cm"}}, {"type": "Feature", "geometry": {"type": "Point", "coordinates": [98.9752985, 18.767295]}, "properties": {"id": "cm-osm-node-4200114189", "name": "The Casa Guesthouse", "nameTh": null, "nameEn": "The Casa Guesthouse", "cat": ["hotel"], "province": "cm"}}, {"type": "Feature", "geometry": {"type": "Point", "coordinates": [98.9933468, 18.7781704]}, "properties": {"id": "cm-osm-node-1090064493", "name": "The Castle", "nameTh": null, "nameEn": "The Castle", "cat": ["hotel"], "province": "cm"}}, {"type": "Feature", "geometry": {"type": "Point", "coordinates": [98.9859944, 18.7801676]}, "properties": {"id": "cm-osm-way-943584795", "name": "The Chateau", "nameTh": null, "nameEn": "The Chateau", "cat": ["hotel"], "province": "cm"}}, {"type": "Feature", "geometry": {"type": "Point", "coordinates": [98.9854485, 18.7473838]}, "properties": {"id": "cm-osm-way-404688738", "name": "The Chiang Mai Riverside", "nameTh": null, "nameEn": "The Chiang Mai Riverside", "cat": ["hotel"], "province": "cm"}}, {"type": "Feature", "geometry": {"type": "Point", "coordinates": [98.9911714, 18.7891547]}, "properties": {"id": "cm-osm-node-4430154454", "name": "The Chiang Mai White House", "nameTh": null, "nameEn": "The Chiang Mai White House", "cat": ["hotel"], "province": "cm"}}, {"type": "Feature", "geometry": {"type": "Point", "coordinates": [98.9921941, 18.7841966]}, "properties": {"id": "cm-osm-node-2747061197", "name": "The Chiangmai Nest", "nameTh": null, "nameEn": "The Chiangmai Nest", "cat": ["hotel"], "province": "cm"}}, {"type": "Feature", "geometry": {"type": "Point", "coordinates": [98.9901025, 18.7852838]}, "properties": {"id": "cm-osm-node-6057715041", "name": "The Chimes", "nameTh": null, "nameEn": "The Chimes", "cat": ["hotel"], "province": "cm"}}, {"type": "Feature", "geometry": {"type": "Point", "coordinates": [98.9901525, 18.7853197]}, "properties": {"id": "cm-osm-way-243115816", "name": "The Chimes", "nameTh": null, "nameEn": "The Chimes", "cat": ["hotel"], "province": "cm"}}, {"type": "Feature", "geometry": {"type": "Point", "coordinates": [98.9820684, 18.7936239]}, "properties": {"id": "cm-osm-way-102825210", "name": "The Common Hostel", "nameTh": null, "nameEn": "The Common Hostel", "cat": ["hotel"], "province": "cm"}}, {"type": "Feature", "geometry": {"type": "Point", "coordinates": [98.9571039, 18.8075057]}, "properties": {"id": "cm-osm-way-389552873", "name": "The Core Hotel", "nameTh": null, "nameEn": "The Core Hotel", "cat": ["hotel"], "province": "cm"}}, {"type": "Feature", "geometry": {"type": "Point", "coordinates": [98.9728304, 18.8001142]}, "properties": {"id": "cm-osm-node-4621419989", "name": "The Cosy Huay Kaew", "nameTh": null, "nameEn": "The Cosy Huay Kaew", "cat": ["hotel"], "province": "cm"}}, {"type": "Feature", "geometry": {"type": "Point", "coordinates": [98.9027461, 18.7010333]}, "properties": {"id": "cm-osm-way-1482523093", "name": "The Deer Resort", "nameTh": null, "nameEn": "The Deer Resort", "cat": ["hotel"], "province": "cm"}}, {"type": "Feature", "geometry": {"type": "Point", "coordinates": [99.0383114, 18.7782486]}, "properties": {"id": "cm-osm-way-127736836", "name": "The Dhara Dhevi Chiang Mai", "nameTh": null, "nameEn": "The Dhara Dhevi Chiang Mai", "cat": ["hotel"], "province": "cm"}}, {"type": "Feature", "geometry": {"type": "Point", "coordinates": [98.8319469, 18.7987579]}, "properties": {"id": "cm-osm-node-2438297982", "name": "The Doi Resort", "nameTh": null, "nameEn": "The Doi Resort", "cat": ["hotel"], "province": "cm"}}, {"type": "Feature", "geometry": {"type": "Point", "coordinates": [98.9728125, 18.7991764]}, "properties": {"id": "cm-osm-way-237817480", "name": "The Dome", "nameTh": null, "nameEn": "The Dome", "cat": ["hotel"], "province": "cm"}}, {"type": "Feature", "geometry": {"type": "Point", "coordinates": [98.9733868, 18.8141326]}, "properties": {"id": "cm-osm-way-668016353", "name": "The Doze", "nameTh": null, "nameEn": "The Doze", "cat": ["hotel"], "province": "cm"}}, {"type": "Feature", "geometry": {"type": "Point", "coordinates": [98.9915377, 18.791269]}, "properties": {"id": "cm-osm-way-578853343", "name": "The Eight Ratvithi House", "nameTh": null, "nameEn": "The Eight Ratvithi House", "cat": ["hotel"], "province": "cm"}}, {"type": "Feature", "geometry": {"type": "Point", "coordinates": [98.9996733, 18.775252]}, "properties": {"id": "cm-osm-way-323085000", "name": "The Empress Hotel", "nameTh": null, "nameEn": "The Empress Hotel", "cat": ["hotel"], "province": "cm"}}, {"type": "Feature", "geometry": {"type": "Point", "coordinates": [98.9464983, 18.9122259]}, "properties": {"id": "cm-osm-way-403583324", "name": "The First Residence", "nameTh": null, "nameEn": "The First Residence", "cat": ["hotel"], "province": "cm"}}, {"type": "Feature", "geometry": {"type": "Point", "coordinates": [99.0208968, 18.8190235]}, "properties": {"id": "cm-osm-way-544954969", "name": "The Garden Cottage", "nameTh": null, "nameEn": "The Garden Cottage", "cat": ["hotel"], "province": "cm"}}, {"type": "Feature", "geometry": {"type": "Point", "coordinates": [98.997288, 18.7871868]}, "properties": {"id": "cm-osm-node-4012700596", "name": "The Ghee House", "nameTh": null, "nameEn": "The Ghee House", "cat": ["hotel"], "province": "cm"}}, {"type": "Feature", "geometry": {"type": "Point", "coordinates": [98.9840575, 18.7978252]}, "properties": {"id": "cm-osm-way-315412319", "name": "The Good Place", "nameTh": null, "nameEn": "The Good Place", "cat": ["hotel"], "province": "cm"}}, {"type": "Feature", "geometry": {"type": "Point", "coordinates": [99.0030366, 18.7859977]}, "properties": {"id": "cm-osm-node-4283589389", "name": "The Grace House Chiangmai", "nameTh": null, "nameEn": "The Grace House Chiangmai", "cat": ["hotel"], "province": "cm"}}, {"type": "Feature", "geometry": {"type": "Point", "coordinates": [98.9397694, 18.9193247]}, "properties": {"id": "cm-osm-relation-9366383", "name": "The Grand Morocc", "nameTh": null, "nameEn": "The Grand Morocc", "cat": ["hotel"], "province": "cm"}}, {"type": "Feature", "geometry": {"type": "Point", "coordinates": [98.9924673, 18.8040153]}, "properties": {"id": "cm-osm-way-87721772", "name": "The Grand Napat", "nameTh": null, "nameEn": "The Grand Napat", "cat": ["hotel"], "province": "cm"}}, {"type": "Feature", "geometry": {"type": "Point", "coordinates": [98.9892828, 18.7869415]}, "properties": {"id": "cm-osm-node-3419811904", "name": "The Grandma's Homestay", "nameTh": null, "nameEn": "The Grandma's Homestay", "cat": ["hotel"], "province": "cm"}}, {"type": "Feature", "geometry": {"type": "Point", "coordinates": [99.0291208, 18.8068107]}, "properties": {"id": "cm-osm-way-414948822", "name": "The Greenery", "nameTh": null, "nameEn": "The Greenery", "cat": ["hotel"], "province": "cm"}}, {"type": "Feature", "geometry": {"type": "Point", "coordinates": [98.9953383, 18.7915232]}, "properties": {"id": "cm-osm-node-4189480789", "name": "The Guest Chang Moi Hotel", "nameTh": null, "nameEn": "The Guest Chang Moi Hotel", "cat": ["hotel"], "province": "cm"}}, {"type": "Feature", "geometry": {"type": "Point", "coordinates": [98.980223, 18.7857024]}, "properties": {"id": "cm-osm-node-4427087636", "name": "The Guest Hotel & Hostel", "nameTh": null, "nameEn": "The Guest Hotel & Hostel", "cat": ["hotel"], "province": "cm"}}, {"type": "Feature", "geometry": {"type": "Point", "coordinates": [98.8816444, 18.7279634]}, "properties": {"id": "cm-osm-way-456959052", "name": "The Heritage House & Garden", "nameTh": null, "nameEn": "The Heritage House & Garden", "cat": ["hotel"], "province": "cm"}}, {"type": "Feature", "geometry": {"type": "Point", "coordinates": [98.987714, 18.7787548]}, "properties": {"id": "cm-osm-node-5578051621", "name": "The Islander Hostel", "nameTh": null, "nameEn": "The Islander Hostel", "cat": ["hotel"], "province": "cm"}}, {"type": "Feature", "geometry": {"type": "Point", "coordinates": [98.9942785, 18.7926301]}, "properties": {"id": "cm-osm-node-336233344", "name": "The Jersey Royal", "nameTh": null, "nameEn": "The Jersey Royal", "cat": ["hotel"], "province": "cm"}}, {"type": "Feature", "geometry": {"type": "Point", "coordinates": [98.9896005, 18.7957772]}, "properties": {"id": "cm-osm-node-6741632385", "name": "The Jungle Trek Hostel", "nameTh": null, "nameEn": "The Jungle Trek Hostel", "cat": ["hotel"], "province": "cm"}}, {"type": "Feature", "geometry": {"type": "Point", "coordinates": [98.978555, 18.8118759]}, "properties": {"id": "cm-osm-way-1485185262", "name": "The Kannas Hotel", "nameTh": null, "nameEn": "The Kannas Hotel", "cat": ["hotel"], "province": "cm"}}, {"type": "Feature", "geometry": {"type": "Point", "coordinates": [98.9870011, 18.781901]}, "properties": {"id": "cm-osm-way-793933940", "name": "The Khom Chiang Mai – Guesthouse, Café and Wine Lounge", "nameTh": null, "nameEn": "The Khom Chiang Mai – Guesthouse, Café and Wine Lounge", "cat": ["hotel"], "province": "cm"}}, {"type": "Feature", "geometry": {"type": "Point", "coordinates": [98.9840096, 18.7975152]}, "properties": {"id": "cm-osm-node-4290043590", "name": "The Kozy House", "nameTh": null, "nameEn": "The Kozy House", "cat": ["hotel"], "province": "cm"}}, {"type": "Feature", "geometry": {"type": "Point", "coordinates": [99.0023168, 18.7866133]}, "properties": {"id": "cm-osm-node-4679364280", "name": "The Living Place 2", "nameTh": null, "nameEn": "The Living Place 2", "cat": ["hotel"], "province": "cm"}}, {"type": "Feature", "geometry": {"type": "Point", "coordinates": [98.9960704, 18.7898629]}, "properties": {"id": "cm-osm-node-5377337821", "name": "The Living Place 3", "nameTh": null, "nameEn": "The Living Place 3", "cat": ["hotel"], "province": "cm"}}, {"type": "Feature", "geometry": {"type": "Point", "coordinates": [98.9966729, 18.7834095]}, "properties": {"id": "cm-osm-node-13301003125", "name": "The Locals", "nameTh": null, "nameEn": "The Locals", "cat": ["hotel"], "province": "cm"}}, {"type": "Feature", "geometry": {"type": "Point", "coordinates": [98.9838274, 18.7832058]}, "properties": {"id": "cm-osm-node-3384133221", "name": "The Lyara Poshtel", "nameTh": null, "nameEn": "The Lyara Poshtel", "cat": ["hotel"], "province": "cm"}}, {"type": "Feature", "geometry": {"type": "Point", "coordinates": [98.9865214, 18.6834989]}, "properties": {"id": "cm-osm-node-7712230321", "name": "The Marnadee Heritage Hotel", "nameTh": null, "nameEn": "The Marnadee Heritage Hotel", "cat": ["hotel"], "province": "cm"}}, {"type": "Feature", "geometry": {"type": "Point", "coordinates": [98.971177, 18.7972908]}, "properties": {"id": "cm-osm-node-5788744252", "name": "The Mirror", "nameTh": null, "nameEn": "The Mirror", "cat": ["hotel"], "province": "cm"}}, {"type": "Feature", "geometry": {"type": "Point", "coordinates": [98.9781075, 18.7835201]}, "properties": {"id": "cm-osm-node-10245740312", "name": "The Moon House", "nameTh": null, "nameEn": "The Moon House", "cat": ["hotel"], "province": "cm"}}, {"type": "Feature", "geometry": {"type": "Point", "coordinates": [98.9835499, 18.795937]}, "properties": {"id": "cm-osm-node-10245740311", "name": "The Newnormal House", "nameTh": null, "nameEn": "The Newnormal House", "cat": ["hotel"], "province": "cm"}}, {"type": "Feature", "geometry": {"type": "Point", "coordinates": [98.9839558, 18.7965438]}, "properties": {"id": "cm-osm-node-9713117517", "name": "The Newnormal House", "nameTh": null, "nameEn": "The Newnormal House", "cat": ["hotel"], "province": "cm"}}, {"type": "Feature", "geometry": {"type": "Point", "coordinates": [99.0010222, 18.7863435]}, "properties": {"id": "cm-osm-node-3417295007", "name": "The Night Bazaar Place", "nameTh": null, "nameEn": "The Night Bazaar Place", "cat": ["hotel"], "province": "cm"}}, {"type": "Feature", "geometry": {"type": "Point", "coordinates": [98.9692716, 18.7951715]}, "properties": {"id": "cm-osm-way-276725541", "name": "The Nimman Hotel", "nameTh": null, "nameEn": "The Nimman Hotel", "cat": ["hotel"], "province": "cm"}}, {"type": "Feature", "geometry": {"type": "Point", "coordinates": [98.9649636, 18.7981715]}, "properties": {"id": "cm-osm-way-481786760", "name": "The Nimmana - Bldg A.", "nameTh": null, "nameEn": "The Nimmana - Bldg A.", "cat": ["hotel"], "province": "cm"}}, {"type": "Feature", "geometry": {"type": "Point", "coordinates": [98.9649746, 18.7985571]}, "properties": {"id": "cm-osm-way-481786772", "name": "The Nimmana - Bldg B.", "nameTh": null, "nameEn": "The Nimmana - Bldg B.", "cat": ["hotel"], "province": "cm"}}, {"type": "Feature", "geometry": {"type": "Point", "coordinates": [98.9653688, 18.7983489]}, "properties": {"id": "cm-osm-way-666677542", "name": "The Nimmana - Bldg C.", "nameTh": null, "nameEn": "The Nimmana - Bldg C.", "cat": ["hotel"], "province": "cm"}}, {"type": "Feature", "geometry": {"type": "Point", "coordinates": [98.9933159, 18.7959007]}, "properties": {"id": "cm-osm-node-4535975018", "name": "The Nook Hotel", "nameTh": null, "nameEn": "The Nook Hotel", "cat": ["hotel"], "province": "cm"}}, {"type": "Feature", "geometry": {"type": "Point", "coordinates": [98.9780819, 18.8006321]}, "properties": {"id": "cm-osm-node-3285280610", "name": "The Old Car", "nameTh": null, "nameEn": "The Old Car", "cat": ["hotel"], "province": "cm"}}, {"type": "Feature", "geometry": {"type": "Point", "coordinates": [98.9951115, 18.7811828]}, "properties": {"id": "cm-osm-node-11366086669", "name": "The Old City Wall Inn", "nameTh": null, "nameEn": "The Old City Wall Inn", "cat": ["hotel"], "province": "cm"}}, {"type": "Feature", "geometry": {"type": "Point", "coordinates": [98.9950328, 18.7811975]}, "properties": {"id": "cm-osm-node-11487051569", "name": "The Old City Wall Inn", "nameTh": null, "nameEn": "The Old City Wall Inn", "cat": ["hotel"], "province": "cm"}}, {"type": "Feature", "geometry": {"type": "Point", "coordinates": [98.9839778, 18.7846065]}, "properties": {"id": "cm-osm-way-449102780", "name": "The Oldies", "nameTh": null, "nameEn": "The Oldies", "cat": ["hotel"], "province": "cm"}}, {"type": "Feature", "geometry": {"type": "Point", "coordinates": [98.9802651, 18.8059277]}, "properties": {"id": "cm-osm-way-529383527", "name": "The Opium", "nameTh": null, "nameEn": "The Opium", "cat": ["hotel"], "province": "cm"}}, {"type": "Feature", "geometry": {"type": "Point", "coordinates": [98.9846371, 18.7825655]}, "properties": {"id": "cm-osm-way-537917933", "name": "The Oprn House", "nameTh": null, "nameEn": "The Oprn House", "cat": ["hotel"], "province": "cm"}}, {"type": "Feature", "geometry": {"type": "Point", "coordinates": [99.1324998, 18.8924088]}, "properties": {"id": "cm-osm-way-1099763164", "name": "The Palms", "nameTh": null, "nameEn": "The Palms", "cat": ["hotel"], "province": "cm"}}, {"type": "Feature", "geometry": {"type": "Point", "coordinates": [98.9992752, 18.7665567]}, "properties": {"id": "cm-osm-way-141212721", "name": "The Park Hotel", "nameTh": null, "nameEn": "The Park Hotel", "cat": ["hotel"], "province": "cm"}}, {"type": "Feature", "geometry": {"type": "Point", "coordinates": [98.9505984, 18.7771111]}, "properties": {"id": "cm-osm-way-575413628", "name": "The Passion", "nameTh": null, "nameEn": "The Passion", "cat": ["hotel"], "province": "cm"}}, {"type": "Feature", "geometry": {"type": "Point", "coordinates": [98.9787048, 18.7930157]}, "properties": {"id": "cm-osm-node-12298215463", "name": "The Peaberry Boutique Hotel", "nameTh": null, "nameEn": "The Peaberry Boutique Hotel", "cat": ["hotel"], "province": "cm"}}, {"type": "Feature", "geometry": {"type": "Point", "coordinates": [99.1110099, 18.7697434]}, "properties": {"id": "cm-osm-node-888412655", "name": "The Puka Boutique Resort", "nameTh": null, "nameEn": "The Puka Boutique Resort", "cat": ["hotel"], "province": "cm"}}, {"type": "Feature", "geometry": {"type": "Point", "coordinates": [98.9788953, 18.793614]}, "properties": {"id": "cm-osm-way-623150703", "name": "The Red Hibiscus", "nameTh": null, "nameEn": "The Red Hibiscus", "cat": ["hotel"], "province": "cm"}}, {"type": "Feature", "geometry": {"type": "Point", "coordinates": [99.0038434, 18.8449444]}, "properties": {"id": "cm-osm-way-650462843", "name": "The Rich Mansion", "nameTh": null, "nameEn": "The Rich Mansion", "cat": ["hotel"], "province": "cm"}}, {"type": "Feature", "geometry": {"type": "Point", "coordinates": [98.9785507, 18.7866917]}, "properties": {"id": "cm-osm-way-238830184", "name": "The Rim Resort", "nameTh": null, "nameEn": "The Rim Resort", "cat": ["hotel"], "province": "cm"}}, {"type": "Feature", "geometry": {"type": "Point", "coordinates": [98.9897824, 18.7838709]}, "properties": {"id": "cm-osm-node-11513485070", "name": "The Rodman Hotel", "nameTh": null, "nameEn": "The Rodman Hotel", "cat": ["hotel"], "province": "cm"}}, {"type": "Feature", "geometry": {"type": "Point", "coordinates": [98.9901296, 18.7838897]}, "properties": {"id": "cm-osm-node-5621022521", "name": "The Rodman Hotel", "nameTh": null, "nameEn": "The Rodman Hotel", "cat": ["hotel"], "province": "cm"}}, {"type": "Feature", "geometry": {"type": "Point", "coordinates": [98.9943341, 18.7838422]}, "properties": {"id": "cm-osm-node-2652777934", "name": "The Royal Guest House", "nameTh": null, "nameEn": "The Royal Guest House", "cat": ["hotel"], "province": "cm"}}, {"type": "Feature", "geometry": {"type": "Point", "coordinates": [98.9648515, 18.8092534]}, "properties": {"id": "cm-osm-way-376249188", "name": "The Royal Shilton Resort", "nameTh": null, "nameEn": "The Royal Shilton Resort", "cat": ["hotel"], "province": "cm"}}, {"type": "Feature", "geometry": {"type": "Point", "coordinates": [98.9895571, 18.7878718]}, "properties": {"id": "cm-osm-way-481724737", "name": "The Sculpture Hostel", "nameTh": null, "nameEn": "The Sculpture Hostel", "cat": ["hotel"], "province": "cm"}}, {"type": "Feature", "geometry": {"type": "Point", "coordinates": [98.9914267, 18.7908264]}, "properties": {"id": "cm-osm-node-13238146963", "name": "The Shire Guesthouse", "nameTh": null, "nameEn": "The Shire Guesthouse", "cat": ["hotel"], "province": "cm"}}, {"type": "Feature", "geometry": {"type": "Point", "coordinates": [98.9964578, 18.788783]}, "properties": {"id": "cm-osm-node-12500001436", "name": "The Signature Hotel @Thapae", "nameTh": null, "nameEn": "The Signature Hotel @Thapae", "cat": ["hotel"], "province": "cm"}}, {"type": "Feature", "geometry": {"type": "Point", "coordinates": [98.9825841, 18.7879092]}, "properties": {"id": "cm-osm-node-7023398047", "name": "The Sila", "nameTh": null, "nameEn": "The Sila", "cat": ["hotel"], "province": "cm"}}, {"type": "Feature", "geometry": {"type": "Point", "coordinates": [98.9820921, 18.8149368]}, "properties": {"id": "cm-osm-way-444091653", "name": "The Singha", "nameTh": null, "nameEn": "The Singha", "cat": ["hotel"], "province": "cm"}}, {"type": "Feature", "geometry": {"type": "Point", "coordinates": [98.9832075, 18.789409]}, "properties": {"id": "cm-osm-node-4104856594", "name": "The Siri House", "nameTh": null, "nameEn": "The Siri House", "cat": ["hotel"], "province": "cm"}}, {"type": "Feature", "geometry": {"type": "Point", "coordinates": [98.9832055, 18.7893963]}, "properties": {"id": "cm-osm-way-408595927", "name": "The Siri House", "nameTh": null, "nameEn": "The Siri House", "cat": ["hotel"], "province": "cm"}}, {"type": "Feature", "geometry": {"type": "Point", "coordinates": [98.9750349, 18.7993759]}, "properties": {"id": "cm-osm-way-381032224", "name": "The Siriuk Apartment 2", "nameTh": null, "nameEn": "The Siriuk Apartment 2", "cat": ["hotel"], "province": "cm"}}, {"type": "Feature", "geometry": {"type": "Point", "coordinates": [98.9748576, 18.7990798]}, "properties": {"id": "cm-osm-way-344092640", "name": "The Siriuk Apartments", "nameTh": null, "nameEn": "The Siriuk Apartments", "cat": ["hotel"], "province": "cm"}}, {"type": "Feature", "geometry": {"type": "Point", "coordinates": [98.9792122, 18.79217]}, "properties": {"id": "cm-osm-node-11065396205", "name": "The Social Club - coliving & coworking space", "nameTh": null, "nameEn": "The Social Club - coliving & coworking space", "cat": ["hotel"], "province": "cm"}}, {"type": "Feature", "geometry": {"type": "Point", "coordinates": [98.8950646, 18.9701162]}, "properties": {"id": "cm-osm-way-304930209", "name": "The Spa Resort", "nameTh": null, "nameEn": "The Spa Resort", "cat": ["hotel"], "province": "cm"}}, {"type": "Feature", "geometry": {"type": "Point", "coordinates": [98.9655928, 18.7964922]}, "properties": {"id": "cm-osm-way-315411442", "name": "The Story", "nameTh": null, "nameEn": "The Story", "cat": ["hotel"], "province": "cm"}}, {"type": "Feature", "geometry": {"type": "Point", "coordinates": [98.9634516, 18.8099571]}, "properties": {"id": "cm-osm-way-666688843", "name": "The Sun Terrace", "nameTh": null, "nameEn": "The Sun Terrace", "cat": ["hotel"], "province": "cm"}}, {"type": "Feature", "geometry": {"type": "Point", "coordinates": [98.984748, 18.7853759]}, "properties": {"id": "cm-osm-way-793145642", "name": "The Velvet Orchid", "nameTh": null, "nameEn": "The Velvet Orchid", "cat": ["hotel"], "province": "cm"}}, {"type": "Feature", "geometry": {"type": "Point", "coordinates": [98.9835147, 18.8989609]}, "properties": {"id": "cm-osm-way-444394707", "name": "The Vintage House", "nameTh": null, "nameEn": "The Vintage House", "cat": ["hotel"], "province": "cm"}}, {"type": "Feature", "geometry": {"type": "Point", "coordinates": [98.9976669, 18.7885349]}, "properties": {"id": "cm-osm-way-408595884", "name": "The Virgo", "nameTh": null, "nameEn": "The Virgo", "cat": ["hotel"], "province": "cm"}}, {"type": "Feature", "geometry": {"type": "Point", "coordinates": [98.9794873, 18.7726447]}, "properties": {"id": "cm-osm-way-1034129842", "name": "The Xym Chiangmai", "nameTh": null, "nameEn": "The Xym Chiangmai", "cat": ["hotel"], "province": "cm"}}, {"type": "Feature", "geometry": {"type": "Point", "coordinates": [99.0183131, 18.8199949]}, "properties": {"id": "cm-osm-way-544954952", "name": "The Y Boutique Hotel", "nameTh": null, "nameEn": "The Y Boutique Hotel", "cat": ["hotel"], "province": "cm"}}, {"type": "Feature", "geometry": {"type": "Point", "coordinates": [98.9707093, 18.7969919]}, "properties": {"id": "cm-osm-node-7501232934", "name": "The laboratory & Across the Universe", "nameTh": null, "nameEn": "The laboratory & Across the Universe", "cat": ["hotel"], "province": "cm"}}, {"type": "Feature", "geometry": {"type": "Point", "coordinates": [98.987049, 18.7853644]}, "properties": {"id": "cm-osm-way-623160167", "name": "Thongran's House", "nameTh": null, "nameEn": "Thongran's House", "cat": ["hotel"], "province": "cm"}}, {"type": "Feature", "geometry": {"type": "Point", "coordinates": [99.1302479, 18.8374731]}, "properties": {"id": "cm-osm-node-12345647402", "name": "Three Moon Homestay", "nameTh": "ทรีมูน โฮมสเตย์", "nameEn": "Three Moon Homestay", "cat": ["hotel"], "province": "cm"}}, {"type": "Feature", "geometry": {"type": "Point", "coordinates": [99.1022549, 18.8564212]}, "properties": {"id": "cm-osm-node-10245740713", "name": "Tiddin Resort", "nameTh": null, "nameEn": "Tiddin Resort", "cat": ["hotel"], "province": "cm"}}, {"type": "Feature", "geometry": {"type": "Point", "coordinates": [98.9694778, 18.7975674]}, "properties": {"id": "cm-osm-node-3287842462", "name": "Timely", "nameTh": null, "nameEn": "Timely", "cat": ["hotel"], "province": "cm"}}, {"type": "Feature", "geometry": {"type": "Point", "coordinates": [98.9901341, 18.7786248]}, "properties": {"id": "cm-osm-node-2089619291", "name": "Tiny Guest House", "nameTh": null, "nameEn": "Tiny Guest House", "cat": ["hotel"], "province": "cm"}}, {"type": "Feature", "geometry": {"type": "Point", "coordinates": [98.9797131, 18.7926835]}, "properties": {"id": "cm-osm-way-623146113", "name": "Tiptop Thai House", "nameTh": null, "nameEn": "Tiptop Thai House", "cat": ["hotel"], "province": "cm"}}, {"type": "Feature", "geometry": {"type": "Point", "coordinates": [98.9868009, 18.7761381]}, "properties": {"id": "cm-osm-way-1215064532", "name": "To Bed Poshtel", "nameTh": null, "nameEn": "To Bed Poshtel", "cat": ["hotel"], "province": "cm"}}, {"type": "Feature", "geometry": {"type": "Point", "coordinates": [98.9925019, 18.7844326]}, "properties": {"id": "cm-osm-node-6271742573", "name": "Toey's Place", "nameTh": null, "nameEn": "Toey's Place", "cat": ["hotel"], "province": "cm"}}, {"type": "Feature", "geometry": {"type": "Point", "coordinates": [99.0091546, 18.7755728]}, "properties": {"id": "cm-osm-node-4664566248", "name": "Tong Inn House", "nameTh": null, "nameEn": "Tong Inn House", "cat": ["hotel"], "province": "cm"}}, {"type": "Feature", "geometry": {"type": "Point", "coordinates": [98.9921106, 18.8326066]}, "properties": {"id": "cm-osm-node-13076053766", "name": "Tonnam Homestay", "nameTh": "ต้นน้ำโฮมสเตย์", "nameEn": "Tonnam Homestay", "cat": ["hotel"], "province": "cm"}}, {"type": "Feature", "geometry": {"type": "Point", "coordinates": [98.9947322, 18.7926548]}, "properties": {"id": "cm-osm-way-492846863", "name": "Top Garden", "nameTh": "ท๊อป การ์เด้นท์", "nameEn": "Top Garden", "cat": ["hotel"], "province": "cm"}}, {"type": "Feature", "geometry": {"type": "Point", "coordinates": [98.9918888, 18.783794]}, "properties": {"id": "cm-osm-relation-21064504", "name": "Top North Guest House", "nameTh": null, "nameEn": "Top North Guest House", "cat": ["hotel"], "province": "cm"}}, {"type": "Feature", "geometry": {"type": "Point", "coordinates": [98.9921655, 18.7867907]}, "properties": {"id": "cm-osm-way-482772779", "name": "Top North Hotel", "nameTh": null, "nameEn": "Top North Hotel", "cat": ["hotel"], "province": "cm"}}, {"type": "Feature", "geometry": {"type": "Point", "coordinates": [99.063506, 18.6534275]}, "properties": {"id": "cm-osm-node-3896427693", "name": "Top View", "nameTh": null, "nameEn": "Top View", "cat": ["hotel"], "province": "cm"}}, {"type": "Feature", "geometry": {"type": "Point", "coordinates": [98.9906889, 18.7825386]}, "properties": {"id": "cm-osm-node-7187801285", "name": "Tor Fun House", "nameTh": null, "nameEn": "Tor Fun House", "cat": ["hotel"], "province": "cm"}}, {"type": "Feature", "geometry": {"type": "Point", "coordinates": [98.9623065, 18.7965705]}, "properties": {"id": "cm-osm-relation-16830172", "name": "Travelodge", "nameTh": null, "nameEn": "Travelodge", "cat": ["hotel"], "province": "cm"}}, {"type": "Feature", "geometry": {"type": "Point", "coordinates": [99.0185506, 18.7337805]}, "properties": {"id": "cm-osm-node-4087646232", "name": "Tree Space Resort", "nameTh": null, "nameEn": "Tree Space Resort", "cat": ["hotel"], "province": "cm"}}, {"type": "Feature", "geometry": {"type": "Point", "coordinates": [98.9986505, 18.7638127]}, "properties": {"id": "cm-osm-node-10245740810", "name": "Trekker Camp", "nameTh": null, "nameEn": "Trekker Camp", "cat": ["hotel"], "province": "cm"}}, {"type": "Feature", "geometry": {"type": "Point", "coordinates": [98.9983217, 18.7925811]}, "properties": {"id": "cm-osm-node-4503543491", "name": "Trigo", "nameTh": null, "nameEn": "Trigo", "cat": ["hotel"], "province": "cm"}}, {"type": "Feature", "geometry": {"type": "Point", "coordinates": [98.9921399, 18.7944857]}, "properties": {"id": "cm-osm-way-256266484", "name": "Trigong Residence", "nameTh": null, "nameEn": "Trigong Residence", "cat": ["hotel"], "province": "cm"}}, {"type": "Feature", "geometry": {"type": "Point", "coordinates": [98.9843252, 18.7973741]}, "properties": {"id": "cm-osm-way-381032216", "name": "Tropicana", "nameTh": null, "nameEn": "Tropicana", "cat": ["hotel"], "province": "cm"}}, {"type": "Feature", "geometry": {"type": "Point", "coordinates": [98.9795755, 18.7930669]}, "properties": {"id": "cm-osm-way-623146128", "name": "Twenty Lodge", "nameTh": null, "nameEn": "Twenty Lodge", "cat": ["hotel"], "province": "cm"}}, {"type": "Feature", "geometry": {"type": "Point", "coordinates": [98.9919628, 18.7847183]}, "properties": {"id": "cm-osm-node-6271675031", "name": "Twin House @ Tapae", "nameTh": null, "nameEn": "Twin House @ Tapae", "cat": ["hotel"], "province": "cm"}}, {"type": "Feature", "geometry": {"type": "Point", "coordinates": [98.9870229, 18.7884434]}, "properties": {"id": "cm-osm-way-256829410", "name": "U Chiang Mai", "nameTh": null, "nameEn": "U Chiang Mai", "cat": ["hotel"], "province": "cm"}}, {"type": "Feature", "geometry": {"type": "Point", "coordinates": [98.9680703, 18.8007303]}, "properties": {"id": "cm-osm-way-266121332", "name": "U Nimman Chiang Mai", "nameTh": null, "nameEn": "U Nimman Chiang Mai", "cat": ["hotel"], "province": "cm"}}, {"type": "Feature", "geometry": {"type": "Point", "coordinates": [98.9750869, 18.7995041]}, "properties": {"id": "cm-osm-way-381032223", "name": "U26", "nameTh": null, "nameEn": "U26", "cat": ["hotel"], "province": "cm"}}, {"type": "Feature", "geometry": {"type": "Point", "coordinates": [98.979054, 18.7772122]}, "properties": {"id": "cm-osm-way-579078404", "name": "Udee Bed and Breakfast", "nameTh": null, "nameEn": "Udee Bed and Breakfast", "cat": ["hotel"], "province": "cm"}}, {"type": "Feature", "geometry": {"type": "Point", "coordinates": [98.9487654, 18.7784475]}, "properties": {"id": "cm-osm-node-7156518185", "name": "Uma House", "nameTh": null, "nameEn": "Uma House", "cat": ["hotel"], "province": "cm"}}, {"type": "Feature", "geometry": {"type": "Point", "coordinates": [99.0352779, 18.6582309]}, "properties": {"id": "cm-osm-way-625237427", "name": "Umong Homestay", "nameTh": null, "nameEn": "Umong Homestay", "cat": ["hotel"], "province": "cm"}}, {"type": "Feature", "geometry": {"type": "Point", "coordinates": [98.9547562, 18.7845483]}, "properties": {"id": "cm-osm-way-246307220", "name": "Umongthong Inn", "nameTh": null, "nameEn": "Umongthong Inn", "cat": ["hotel"], "province": "cm"}}, {"type": "Feature", "geometry": {"type": "Point", "coordinates": [98.9760812, 18.8005522]}, "properties": {"id": "cm-osm-way-408814822", "name": "Uncle Joe", "nameTh": null, "nameEn": "Uncle Joe", "cat": ["hotel"], "province": "cm"}}, {"type": "Feature", "geometry": {"type": "Point", "coordinates": [98.9784156, 18.7832643]}, "properties": {"id": "cm-osm-way-546257260", "name": "Underdog Hotel", "nameTh": null, "nameEn": "Underdog Hotel", "cat": ["hotel"], "province": "cm"}}, {"type": "Feature", "geometry": {"type": "Point", "coordinates": [98.9731606, 18.8156032]}, "properties": {"id": "cm-osm-way-443317404", "name": "Unique hotel", "nameTh": null, "nameEn": "Unique hotel", "cat": ["hotel"], "province": "cm"}}, {"type": "Feature", "geometry": {"type": "Point", "coordinates": [98.967304, 18.794104]}, "properties": {"id": "cm-osm-way-107194941", "name": "Uniserv", "nameTh": null, "nameEn": "Uniserv", "cat": ["hotel"], "province": "cm"}}, {"type": "Feature", "geometry": {"type": "Point", "coordinates": [98.9984871, 18.7838753]}, "properties": {"id": "cm-osm-node-2655161313", "name": "Uno Chiang Mai", "nameTh": null, "nameEn": "Uno Chiang Mai", "cat": ["hotel"], "province": "cm"}}, {"type": "Feature", "geometry": {"type": "Point", "coordinates": [98.9803463, 18.7845042]}, "properties": {"id": "cm-osm-node-10655868405", "name": "Urban Bed", "nameTh": null, "nameEn": "Urban Bed", "cat": ["hotel"], "province": "cm"}}, {"type": "Feature", "geometry": {"type": "Point", "coordinates": [98.9322434, 18.9204521]}, "properties": {"id": "cm-osm-node-13275189101", "name": "Urban Mae Rim", "nameTh": null, "nameEn": "Urban Mae Rim", "cat": ["hotel"], "province": "cm"}}, {"type": "Feature", "geometry": {"type": "Point", "coordinates": [99.0086851, 18.7491678]}, "properties": {"id": "cm-osm-way-544261412", "name": "V Heritage", "nameTh": null, "nameEn": "V Heritage", "cat": ["hotel"], "province": "cm"}}, {"type": "Feature", "geometry": {"type": "Point", "coordinates": [98.9611295, 18.8060518]}, "properties": {"id": "cm-osm-way-200686321", "name": "V-Residence", "nameTh": null, "nameEn": "V-Residence", "cat": ["hotel"], "province": "cm"}}, {"type": "Feature", "geometry": {"type": "Point", "coordinates": [98.9924222, 18.7884085]}, "properties": {"id": "cm-osm-node-3385473047", "name": "V.I.P. House", "nameTh": null, "nameEn": "V.I.P. House", "cat": ["hotel"], "province": "cm"}}, {"type": "Feature", "geometry": {"type": "Point", "coordinates": [99.0036672, 18.7861403]}, "properties": {"id": "cm-osm-node-3417181190", "name": "V.R.P. House", "nameTh": null, "nameEn": "V.R.P. House", "cat": ["hotel"], "province": "cm"}}, {"type": "Feature", "geometry": {"type": "Point", "coordinates": [98.9908625, 18.7906901]}, "properties": {"id": "cm-osm-node-1619218810", "name": "V.S. Guest House", "nameTh": null, "nameEn": "V.S. Guest House", "cat": ["hotel"], "province": "cm"}}, {"type": "Feature", "geometry": {"type": "Point", "coordinates": [98.9743986, 18.7698911]}, "properties": {"id": "cm-osm-node-11381116971", "name": "VC @ Suanpaak Hotel", "nameTh": null, "nameEn": "VC @ Suanpaak Hotel", "cat": ["hotel"], "province": "cm"}}, {"type": "Feature", "geometry": {"type": "Point", "coordinates": [98.959482, 18.78157]}, "properties": {"id": "cm-osm-node-8892961222", "name": "VEVA", "nameTh": null, "nameEn": "VEVA Residence", "cat": ["hotel"], "province": "cm"}}, {"type": "Feature", "geometry": {"type": "Point", "coordinates": [98.8422377, 18.7808434]}, "properties": {"id": "cm-osm-way-1347351175", "name": "Valey of Love", "nameTh": null, "nameEn": "Valey of Love", "cat": ["hotel"], "province": "cm"}}, {"type": "Feature", "geometry": {"type": "Point", "coordinates": [99.0031103, 18.784283]}, "properties": {"id": "cm-osm-node-3420907800", "name": "Vanilla Place", "nameTh": null, "nameEn": "Vanilla Place", "cat": ["hotel"], "province": "cm"}}, {"type": "Feature", "geometry": {"type": "Point", "coordinates": [98.9741225, 18.8059386]}, "properties": {"id": "cm-osm-way-668369307", "name": "Vanilla Residence", "nameTh": null, "nameEn": "Vanilla Residence", "cat": ["hotel"], "province": "cm"}}, {"type": "Feature", "geometry": {"type": "Point", "coordinates": [98.9752106, 18.7989221]}, "properties": {"id": "cm-osm-way-255518402", "name": "Varada Place", "nameTh": null, "nameEn": "Varada Place", "cat": ["hotel"], "province": "cm"}}, {"type": "Feature", "geometry": {"type": "Point", "coordinates": [98.9990171, 18.7480176]}, "properties": {"id": "cm-osm-way-647551930", "name": "Vassana Loft Style Resort", "nameTh": null, "nameEn": "Vassana Loft Style Resort", "cat": ["hotel"], "province": "cm"}}, {"type": "Feature", "geometry": {"type": "Point", "coordinates": [98.9500506, 18.7429574]}, "properties": {"id": "cm-osm-way-680814123", "name": "Vdara Pool Resort", "nameTh": null, "nameEn": "Vdara Pool Resort", "cat": ["hotel"], "province": "cm"}}, {"type": "Feature", "geometry": {"type": "Point", "coordinates": [98.8890292, 18.7545261]}, "properties": {"id": "cm-osm-way-304040671", "name": "Veranda Chiang Mai", "nameTh": null, "nameEn": "Veranda Chiang Mai", "cat": ["hotel"], "province": "cm"}}, {"type": "Feature", "geometry": {"type": "Point", "coordinates": [98.9920892, 18.7792155]}, "properties": {"id": "cm-osm-way-1115111477", "name": "Viang Dara", "nameTh": null, "nameEn": "Viang Dara", "cat": ["hotel"], "province": "cm"}}, {"type": "Feature", "geometry": {"type": "Point", "coordinates": [98.9725612, 18.8153588]}, "properties": {"id": "cm-osm-way-1462194258", "name": "Viang Ngam Lanna Villa", "nameTh": null, "nameEn": "Viang Ngam Lanna Villa", "cat": ["hotel"], "province": "cm"}}, {"type": "Feature", "geometry": {"type": "Point", "coordinates": [98.9958453, 18.785945]}, "properties": {"id": "cm-osm-way-334312969", "name": "Viang Thapae Resort", "nameTh": null, "nameEn": "Viang Thapae Resort", "cat": ["hotel"], "province": "cm"}}, {"type": "Feature", "geometry": {"type": "Point", "coordinates": [98.9833305, 18.8050234]}, "properties": {"id": "cm-osm-way-175225648", "name": "Viangbua Mansion", "nameTh": "เวียงบัวแมนชั่น", "nameEn": "Viangbua Mansion", "cat": ["hotel"], "province": "cm"}}, {"type": "Feature", "geometry": {"type": "Point", "coordinates": [98.9704933, 18.7946853]}, "properties": {"id": "cm-osm-way-199956850", "name": "Victoria Nimman Hotel", "nameTh": null, "nameEn": "Victoria Nimman Hotel", "cat": ["hotel"], "province": "cm"}}, {"type": "Feature", "geometry": {"type": "Point", "coordinates": [98.9915216, 18.79242]}, "properties": {"id": "cm-osm-way-492846697", "name": "Vida", "nameTh": null, "nameEn": "Vida", "cat": ["hotel"], "province": "cm"}}, {"type": "Feature", "geometry": {"type": "Point", "coordinates": [98.9922531, 18.7887816]}, "properties": {"id": "cm-osm-node-2533128065", "name": "Vieng Mantra", "nameTh": null, "nameEn": "Vieng Mantra", "cat": ["hotel"], "province": "cm"}}, {"type": "Feature", "geometry": {"type": "Point", "coordinates": [99.1189865, 18.7633392]}, "properties": {"id": "cm-osm-node-4726945491", "name": "Viewdoi Art & Resort", "nameTh": null, "nameEn": "Viewdoi Art & Resort", "cat": ["hotel"], "province": "cm"}}, {"type": "Feature", "geometry": {"type": "Point", "coordinates": [99.0304354, 18.6892049]}, "properties": {"id": "cm-osm-node-6240955685", "name": "Villa House", "nameTh": null, "nameEn": "Villa House", "cat": ["hotel"], "province": "cm"}}, {"type": "Feature", "geometry": {"type": "Point", "coordinates": [98.9848186, 18.7793893]}, "properties": {"id": "cm-osm-node-11231324839", "name": "Villa Orange", "nameTh": null, "nameEn": "Villa Orange", "cat": ["hotel"], "province": "cm"}}, {"type": "Feature", "geometry": {"type": "Point", "coordinates": [98.9928672, 18.8332796]}, "properties": {"id": "cm-osm-way-473483216", "name": "Villa San Pee Seua", "nameTh": null, "nameEn": "Villa San Pee Seua", "cat": ["hotel"], "province": "cm"}}, {"type": "Feature", "geometry": {"type": "Point", "coordinates": [99.0086592, 18.7915036]}, "properties": {"id": "cm-osm-node-9772184417", "name": "Villa Sanpakoi", "nameTh": null, "nameEn": "Villa Sanpakoi", "cat": ["hotel"], "province": "cm"}}, {"type": "Feature", "geometry": {"type": "Point", "coordinates": [99.0087095, 18.7914826]}, "properties": {"id": "cm-osm-node-9772184721", "name": "Villa Sanpakoi", "nameTh": null, "nameEn": "Villa Sanpakoi", "cat": ["hotel"], "province": "cm"}}, {"type": "Feature", "geometry": {"type": "Point", "coordinates": [98.9845469, 18.782444]}, "properties": {"id": "cm-osm-node-10245740809", "name": "Villa Vacay Chiang Mai", "nameTh": null, "nameEn": "Villa Vacay Chiang Mai", "cat": ["hotel"], "province": "cm"}}, {"type": "Feature", "geometry": {"type": "Point", "coordinates": [98.9956351, 18.7890913]}, "properties": {"id": "cm-osm-way-334800639", "name": "Villa de Chiangmai", "nameTh": null, "nameEn": "Villa de Chiangmai", "cat": ["hotel"], "province": "cm"}}, {"type": "Feature", "geometry": {"type": "Point", "coordinates": [98.9799629, 18.7894674]}, "properties": {"id": "cm-osm-node-5859346503", "name": "Villa de Hun", "nameTh": null, "nameEn": "Villa de Hun", "cat": ["hotel"], "province": "cm"}}, {"type": "Feature", "geometry": {"type": "Point", "coordinates": [98.9947794, 18.7839536]}, "properties": {"id": "cm-osm-node-820812731", "name": "Vipa House", "nameTh": null, "nameEn": "Vipa House", "cat": ["hotel"], "province": "cm"}}, {"type": "Feature", "geometry": {"type": "Point", "coordinates": [98.9879547, 18.7937816]}, "properties": {"id": "cm-osm-way-251437111", "name": "Vista Hotel", "nameTh": null, "nameEn": "Vista Hotel", "cat": ["hotel"], "province": "cm"}}, {"type": "Feature", "geometry": {"type": "Point", "coordinates": [99.1403598, 18.8997624]}, "properties": {"id": "cm-osm-way-583749814", "name": "Vivobene Village", "nameTh": null, "nameEn": "Vivobene Village", "cat": ["hotel"], "province": "cm"}}, {"type": "Feature", "geometry": {"type": "Point", "coordinates": [98.9909373, 18.7902067]}, "properties": {"id": "cm-osm-node-5889756785", "name": "Viya Lanna", "nameTh": null, "nameEn": "Viya Lanna", "cat": ["hotel"], "province": "cm"}}, {"type": "Feature", "geometry": {"type": "Point", "coordinates": [98.9686137, 18.7943859]}, "properties": {"id": "cm-osm-node-3421284595", "name": "Volcano", "nameTh": null, "nameEn": "Volcano", "cat": ["hotel"], "province": "cm"}}, {"type": "Feature", "geometry": {"type": "Point", "coordinates": [99.0123104, 18.7886919]}, "properties": {"id": "cm-osm-node-4287567091", "name": "W Hostel", "nameTh": null, "nameEn": "W Hostel", "cat": ["hotel"], "province": "cm"}}, {"type": "Feature", "geometry": {"type": "Point", "coordinates": [98.9927344, 18.7832157]}, "properties": {"id": "cm-osm-node-13332971887", "name": "W2 Hostel", "nameTh": null, "nameEn": "W2 Hostel", "cat": ["hotel"], "province": "cm"}}, {"type": "Feature", "geometry": {"type": "Point", "coordinates": [98.9790933, 18.7688695]}, "properties": {"id": "cm-osm-way-1083805169", "name": "WE Terminal Hotel", "nameTh": null, "nameEn": "Mahidon Road", "cat": ["hotel"], "province": "cm"}}, {"type": "Feature", "geometry": {"type": "Point", "coordinates": [98.9629838, 18.8221757]}, "properties": {"id": "cm-osm-way-262648238", "name": "WE Valley", "nameTh": null, "nameEn": "WE Valley", "cat": ["hotel"], "province": "cm"}}, {"type": "Feature", "geometry": {"type": "Point", "coordinates": [98.9770454, 18.802358]}, "properties": {"id": "cm-osm-node-5826324454", "name": "Wa", "nameTh": null, "nameEn": "Wa Lai House", "cat": ["hotel"], "province": "cm"}}, {"type": "Feature", "geometry": {"type": "Point", "coordinates": [98.9768572, 18.8024288]}, "properties": {"id": "cm-osm-node-4817822221", "name": "Wa Lai House", "nameTh": "Wa Lai House", "nameEn": null, "cat": ["hotel"], "province": "cm"}}, {"type": "Feature", "geometry": {"type": "Point", "coordinates": [98.9901416, 18.7926978]}, "properties": {"id": "cm-osm-node-4132027789", "name": "Walk Inn", "nameTh": null, "nameEn": "Walk Inn", "cat": ["hotel"], "province": "cm"}}, {"type": "Feature", "geometry": {"type": "Point", "coordinates": [98.9900489, 18.7939693]}, "properties": {"id": "cm-osm-node-4538461690", "name": "Walk Inn Guesthouse 2", "nameTh": null, "nameEn": "Walk Inn Guesthouse 2", "cat": ["hotel"], "province": "cm"}}, {"type": "Feature", "geometry": {"type": "Point", "coordinates": [98.9879452, 18.7859126]}, "properties": {"id": "cm-osm-node-3384170897", "name": "Walking Street Residence", "nameTh": null, "nameEn": "Walking Street Residence", "cat": ["hotel"], "province": "cm"}}, {"type": "Feature", "geometry": {"type": "Point", "coordinates": [98.992484, 18.7837536]}, "properties": {"id": "cm-osm-way-255994621", "name": "Wang Burapa Grand Hotel", "nameTh": null, "nameEn": "Wang Burapa Grand Hotel", "cat": ["hotel"], "province": "cm"}}, {"type": "Feature", "geometry": {"type": "Point", "coordinates": [98.9811328, 18.787568]}, "properties": {"id": "cm-osm-node-5859368529", "name": "Wannamas", "nameTh": null, "nameEn": "Wannamas", "cat": ["hotel"], "province": "cm"}}, {"type": "Feature", "geometry": {"type": "Point", "coordinates": [98.9592022, 18.7252225]}, "properties": {"id": "cm-osm-node-1604769130", "name": "Wantana Resort", "nameTh": null, "nameEn": "Wantana Resort", "cat": ["hotel"], "province": "cm"}}, {"type": "Feature", "geometry": {"type": "Point", "coordinates": [98.9838731, 18.7976477]}, "properties": {"id": "cm-osm-node-6480584585", "name": "Warm light", "nameTh": null, "nameEn": "Warm light", "cat": ["hotel"], "province": "cm"}}, {"type": "Feature", "geometry": {"type": "Point", "coordinates": [98.985242, 18.782264]}, "properties": {"id": "cm-osm-way-537731514", "name": "Watana", "nameTh": null, "nameEn": "Watana", "cat": ["hotel"], "province": "cm"}}, {"type": "Feature", "geometry": {"type": "Point", "coordinates": [98.9923868, 18.7890565]}, "properties": {"id": "cm-osm-node-3385473048", "name": "Water Well Guest House", "nameTh": null, "nameEn": "Water Well Guest House", "cat": ["hotel"], "province": "cm"}}, {"type": "Feature", "geometry": {"type": "Point", "coordinates": [98.988188, 18.7936959]}, "properties": {"id": "cm-osm-node-12247992102", "name": "Wayside Guesthouse", "nameTh": null, "nameEn": "Wayside Guesthouse", "cat": ["hotel"], "province": "cm"}}, {"type": "Feature", "geometry": {"type": "Point", "coordinates": [98.9905245, 18.7833405]}, "properties": {"id": "cm-osm-node-11809149230", "name": "Wealth Boutique Hotel", "nameTh": null, "nameEn": "Wealth Boutique Hotel", "cat": ["hotel"], "province": "cm"}}, {"type": "Feature", "geometry": {"type": "Point", "coordinates": [98.9914064, 18.7831132]}, "properties": {"id": "cm-osm-node-3385473049", "name": "Welcome House", "nameTh": null, "nameEn": "Welcome House", "cat": ["hotel"], "province": "cm"}}, {"type": "Feature", "geometry": {"type": "Point", "coordinates": [98.985371, 18.7837344]}, "properties": {"id": "cm-osm-way-793938676", "name": "Wen Wen Garden Home", "nameTh": null, "nameEn": "Wen Wen Garden Home", "cat": ["hotel"], "province": "cm"}}, {"type": "Feature", "geometry": {"type": "Point", "coordinates": [98.9852795, 18.7946205]}, "properties": {"id": "cm-osm-node-2367852958", "name": "Western House Hotel", "nameTh": null, "nameEn": "Western House Hotel", "cat": ["hotel"], "province": "cm"}}, {"type": "Feature", "geometry": {"type": "Point", "coordinates": [98.9965341, 18.7931275]}, "properties": {"id": "cm-osm-node-6076101285", "name": "What's up Chiang Mai", "nameTh": null, "nameEn": "What's up Chiang Mai", "cat": ["hotel"], "province": "cm"}}, {"type": "Feature", "geometry": {"type": "Point", "coordinates": [98.9786893, 18.7936332]}, "properties": {"id": "cm-osm-way-623150699", "name": "White Chalet", "nameTh": null, "nameEn": "White Chalet", "cat": ["hotel"], "province": "cm"}}, {"type": "Feature", "geometry": {"type": "Point", "coordinates": [98.972463, 18.8046503]}, "properties": {"id": "cm-osm-node-6996392991", "name": "Why Not Hostel", "nameTh": null, "nameEn": "Why Not Hostel", "cat": ["hotel"], "province": "cm"}}, {"type": "Feature", "geometry": {"type": "Point", "coordinates": [98.9969313, 18.7650139]}, "properties": {"id": "cm-osm-way-404187976", "name": "Wiang Chang Klan Boutique Hotel", "nameTh": null, "nameEn": "Wiang Chang Klan Boutique Hotel", "cat": ["hotel"], "province": "cm"}}, {"type": "Feature", "geometry": {"type": "Point", "coordinates": [99.0015737, 18.7495289]}, "properties": {"id": "cm-osm-way-621074731", "name": "Wiang Kum Kam Resort", "nameTh": "เวียงกุมกาม รีสอร์ท", "nameEn": "Wiang Kum Kam Resort", "cat": ["hotel"], "province": "cm"}}, {"type": "Feature", "geometry": {"type": "Point", "coordinates": [98.9896228, 18.7602198]}, "properties": {"id": "cm-osm-node-3804878557", "name": "Win Place", "nameTh": null, "nameEn": "Win Place", "cat": ["hotel"], "province": "cm"}}, {"type": "Feature", "geometry": {"type": "Point", "coordinates": [98.9943373, 18.7800342]}, "properties": {"id": "cm-osm-node-1026003621", "name": "Winner Inn", "nameTh": null, "nameEn": "Winner Inn", "cat": ["hotel"], "province": "cm"}}, {"type": "Feature", "geometry": {"type": "Point", "coordinates": [98.9792175, 18.8103213]}, "properties": {"id": "cm-osm-way-747485045", "name": "Wintree City Resort", "nameTh": null, "nameEn": "Wintree City Resort", "cat": ["hotel"], "province": "cm"}}, {"type": "Feature", "geometry": {"type": "Point", "coordinates": [98.9918255, 18.789082]}, "properties": {"id": "cm-osm-node-2054040224", "name": "Wonderwall Hotel", "nameTh": null, "nameEn": "Wonderwall Hotel", "cat": ["hotel"], "province": "cm"}}, {"type": "Feature", "geometry": {"type": "Point", "coordinates": [98.9928259, 18.798234]}, "properties": {"id": "cm-osm-node-3280549565", "name": "Wood House", "nameTh": "วู้ดเฮ้าท์", "nameEn": "Wood House", "cat": ["hotel"], "province": "cm"}}, {"type": "Feature", "geometry": {"type": "Point", "coordinates": [98.9521448, 18.6796272]}, "properties": {"id": "cm-osm-node-6029544420", "name": "Wood's Carving College Home Stay", "nameTh": null, "nameEn": "Wood's Carving College Home Stay", "cat": ["hotel"], "province": "cm"}}, {"type": "Feature", "geometry": {"type": "Point", "coordinates": [98.9818358, 18.7753278]}, "properties": {"id": "cm-osm-node-10245740714", "name": "Wooden Hostel", "nameTh": null, "nameEn": "Wooden Hostel", "cat": ["hotel"], "province": "cm"}}, {"type": "Feature", "geometry": {"type": "Point", "coordinates": [99.0086715, 18.7552416]}, "properties": {"id": "cm-osm-way-314677557", "name": "Woodfield Resort Chiang Mai", "nameTh": null, "nameEn": "Woodfield Resort Chiang Mai", "cat": ["hotel"], "province": "cm"}}, {"type": "Feature", "geometry": {"type": "Point", "coordinates": [98.9700346, 18.7938735]}, "properties": {"id": "cm-osm-node-4891589622", "name": "Woou guest house", "nameTh": null, "nameEn": "Woou guest house", "cat": ["hotel"], "province": "cm"}}, {"type": "Feature", "geometry": {"type": "Point", "coordinates": [98.9697796, 18.7939362]}, "properties": {"id": "cm-osm-way-1017801670", "name": "Woou guest house", "nameTh": null, "nameEn": "Woou guest house", "cat": ["hotel"], "province": "cm"}}, {"type": "Feature", "geometry": {"type": "Point", "coordinates": [98.9844622, 18.7791185]}, "properties": {"id": "cm-osm-node-11412167769", "name": "Wualai Boutique By Lanna Oriental", "nameTh": null, "nameEn": "Wualai Boutique By Lanna Oriental", "cat": ["hotel"], "province": "cm"}}, {"type": "Feature", "geometry": {"type": "Point", "coordinates": [98.9856004, 18.7800596]}, "properties": {"id": "cm-osm-way-241419567", "name": "Wualai Chiangmai Guesthouse", "nameTh": null, "nameEn": "Wualai Chiangmai Guesthouse", "cat": ["hotel"], "province": "cm"}}, {"type": "Feature", "geometry": {"type": "Point", "coordinates": [98.9868058, 18.7800447]}, "properties": {"id": "cm-osm-node-4933890324", "name": "Wualai Hostel", "nameTh": null, "nameEn": "Wualai Hostel", "cat": ["hotel"], "province": "cm"}}, {"type": "Feature", "geometry": {"type": "Point", "coordinates": [98.995809, 18.7919226]}, "properties": {"id": "cm-osm-node-3418983403", "name": "YAK Guest House", "nameTh": null, "nameEn": "YAK Guest House", "cat": ["hotel"], "province": "cm"}}, {"type": "Feature", "geometry": {"type": "Point", "coordinates": [98.9876175, 18.7950377]}, "properties": {"id": "cm-osm-way-1095570077", "name": "YELLOW FELLOW HOSTEL", "nameTh": null, "nameEn": "YELLOW FELLOW HOSTEL", "cat": ["hotel"], "province": "cm"}}, {"type": "Feature", "geometry": {"type": "Point", "coordinates": [98.9777723, 18.7990856]}, "properties": {"id": "cm-osm-way-97708211", "name": "YMCA The International Hotel", "nameTh": null, "nameEn": "YMCA The International Hotel", "cat": ["hotel"], "province": "cm"}}, {"type": "Feature", "geometry": {"type": "Point", "coordinates": [98.9839638, 18.796644]}, "properties": {"id": "cm-osm-node-4226232292", "name": "YOUR SPACE", "nameTh": null, "nameEn": "YOUR SPACE", "cat": ["hotel"], "province": "cm"}}, {"type": "Feature", "geometry": {"type": "Point", "coordinates": [99.0009788, 18.7803088]}, "properties": {"id": "cm-osm-way-495104509", "name": "Yaang Come Village Hotel", "nameTh": null, "nameEn": "Yaang Come Village Hotel", "cat": ["hotel"], "province": "cm"}}, {"type": "Feature", "geometry": {"type": "Point", "coordinates": [98.9656802, 18.7975771]}, "properties": {"id": "cm-osm-way-481786768", "name": "Yantarasri Resort", "nameTh": "ยันตรศรี รีสอร์ท", "nameEn": "Yantarasri Resort", "cat": ["hotel"], "province": "cm"}}, {"type": "Feature", "geometry": {"type": "Point", "coordinates": [98.987566, 18.7952076]}, "properties": {"id": "cm-osm-node-12112351717", "name": "Yellow Fellow Hostel", "nameTh": null, "nameEn": "Yellow Fellow Hostel", "cat": ["hotel"], "province": "cm"}}, {"type": "Feature", "geometry": {"type": "Point", "coordinates": [98.9910041, 18.7917588]}, "properties": {"id": "cm-osm-way-578853350", "name": "Yindee Stylish Guesthouse", "nameTh": null, "nameEn": "Yindee Stylish Guesthouse", "cat": ["hotel"], "province": "cm"}}, {"type": "Feature", "geometry": {"type": "Point", "coordinates": [98.9790139, 18.8027878]}, "properties": {"id": "cm-osm-node-2530435323", "name": "Yododo Inn", "nameTh": null, "nameEn": "Yododo Inn", "cat": ["hotel"], "province": "cm"}}, {"type": "Feature", "geometry": {"type": "Point", "coordinates": [98.9924664, 18.7946763]}, "properties": {"id": "cm-osm-way-858140283", "name": "You & Me Hostel", "nameTh": null, "nameEn": "You & Me Hostel", "cat": ["hotel"], "province": "cm"}}, {"type": "Feature", "geometry": {"type": "Point", "coordinates": [98.992486, 18.794409]}, "properties": {"id": "cm-osm-way-473622945", "name": "You & me hostel", "nameTh": null, "nameEn": "You & me hostel", "cat": ["hotel"], "province": "cm"}}, {"type": "Feature", "geometry": {"type": "Point", "coordinates": [98.9797406, 18.7885338]}, "properties": {"id": "cm-osm-node-11900053470", "name": "Your Space Hotel Phra Singh", "nameTh": null, "nameEn": "Your Space Hotel Phra Singh", "cat": ["hotel"], "province": "cm"}}, {"type": "Feature", "geometry": {"type": "Point", "coordinates": [98.9912775, 18.7916219]}, "properties": {"id": "cm-osm-way-578853349", "name": "Yourhouse 2", "nameTh": null, "nameEn": "Yourhouse 2", "cat": ["hotel"], "province": "cm"}}, {"type": "Feature", "geometry": {"type": "Point", "coordinates": [98.9912374, 18.7913381]}, "properties": {"id": "cm-osm-way-324214989", "name": "Yourhouse 3", "nameTh": null, "nameEn": "Yourhouse 3", "cat": ["hotel"], "province": "cm"}}, {"type": "Feature", "geometry": {"type": "Point", "coordinates": [98.9887195, 18.7833968]}, "properties": {"id": "cm-osm-node-4506357822", "name": "Youyou Home", "nameTh": null, "nameEn": "Youyou Home", "cat": ["hotel"], "province": "cm"}}, {"type": "Feature", "geometry": {"type": "Point", "coordinates": [98.9936711, 18.7887091]}, "properties": {"id": "cm-osm-node-5924036887", "name": "Z's Hostel", "nameTh": null, "nameEn": "Z's Hostel", "cat": ["hotel"], "province": "cm"}}, {"type": "Feature", "geometry": {"type": "Point", "coordinates": [99.0070791, 18.7848667]}, "properties": {"id": "cm-osm-way-582870946", "name": "ZZ House Hostel", "nameTh": null, "nameEn": "ZZ House Hostel", "cat": ["hotel"], "province": "cm"}}, {"type": "Feature", "geometry": {"type": "Point", "coordinates": [99.0002098, 18.7744848]}, "properties": {"id": "cm-osm-node-2648578469", "name": "Zabai House", "nameTh": null, "nameEn": "Zabai House", "cat": ["hotel"], "province": "cm"}}, {"type": "Feature", "geometry": {"type": "Point", "coordinates": [99.0234601, 18.8106434]}, "properties": {"id": "cm-osm-node-10608956839", "name": "Zen Zen Pool villa by villa 17 - Chiangmai", "nameTh": null, "nameEn": "Zen Zen Pool villa by villa 17 - Chiangmai", "cat": ["hotel"], "province": "cm"}}, {"type": "Feature", "geometry": {"type": "Point", "coordinates": [98.9989566, 18.7812533]}, "properties": {"id": "cm-osm-node-5651423930", "name": "Zion Hostel", "nameTh": null, "nameEn": "Zion Hostel", "cat": ["hotel"], "province": "cm"}}, {"type": "Feature", "geometry": {"type": "Point", "coordinates": [98.9964211, 18.7784339]}, "properties": {"id": "cm-osm-node-5287005421", "name": "Zleep Inn", "nameTh": "Zleep Inn", "nameEn": null, "cat": ["hotel"], "province": "cm"}}, {"type": "Feature", "geometry": {"type": "Point", "coordinates": [98.9840008, 18.797401]}, "properties": {"id": "cm-osm-node-4794486725", "name": "Zoe Hostel", "nameTh": "Zoe Hostel", "nameEn": null, "cat": ["hotel"], "province": "cm"}}, {"type": "Feature", "geometry": {"type": "Point", "coordinates": [99.0068026, 18.7821337]}, "properties": {"id": "cm-osm-node-4200114089", "name": "Zz House", "nameTh": null, "nameEn": "Zz House", "cat": ["hotel"], "province": "cm"}}, {"type": "Feature", "geometry": {"type": "Point", "coordinates": [98.9808287, 18.8028954]}, "properties": {"id": "cm-osm-node-4259746691", "name": "azleep guest house", "nameTh": null, "nameEn": "azleep guest house", "cat": ["hotel"], "province": "cm"}}, {"type": "Feature", "geometry": {"type": "Point", "coordinates": [98.9850559, 18.7946173]}, "properties": {"id": "cm-osm-way-1347568630", "name": "bann ploy-inn", "nameTh": null, "nameEn": "bann ploy-inn", "cat": ["hotel"], "province": "cm"}}, {"type": "Feature", "geometry": {"type": "Point", "coordinates": [98.9837137, 18.7857616]}, "properties": {"id": "cm-osm-node-4213565809", "name": "chan chiangmai house", "nameTh": null, "nameEn": "chan chiangmai house", "cat": ["hotel"], "province": "cm"}}, {"type": "Feature", "geometry": {"type": "Point", "coordinates": [98.9999256, 18.786206]}, "properties": {"id": "cm-osm-way-99685197", "name": "dusitD2 Chiang Mai Hotel", "nameTh": null, "nameEn": "dusitD2 Chiang Mai Hotel", "cat": ["hotel"], "province": "cm"}}, {"type": "Feature", "geometry": {"type": "Point", "coordinates": [98.9823696, 18.7952998]}, "properties": {"id": "cm-osm-way-301483281", "name": "goo", "nameTh": null, "nameEn": "goo", "cat": ["hotel"], "province": "cm"}}, {"type": "Feature", "geometry": {"type": "Point", "coordinates": [98.9857971, 18.7771937]}, "properties": {"id": "cm-osm-way-1149044436", "name": "iSilver Hotel", "nameTh": null, "nameEn": "iSilver Hotel", "cat": ["hotel"], "province": "cm"}}, {"type": "Feature", "geometry": {"type": "Point", "coordinates": [98.9851925, 18.7799392]}, "properties": {"id": "cm-osm-node-11231324948", "name": "iWualai", "nameTh": null, "nameEn": "iWualai", "cat": ["hotel"], "province": "cm"}}, {"type": "Feature", "geometry": {"type": "Point", "coordinates": [98.9599927, 18.8061466]}, "properties": {"id": "cm-osm-way-285999615", "name": "ibis Styles", "nameTh": null, "nameEn": "ibis Styles", "cat": ["hotel"], "province": "cm"}}, {"type": "Feature", "geometry": {"type": "Point", "coordinates": [98.9838594, 18.7975851]}, "properties": {"id": "cm-osm-node-12376030201", "name": "lita guesthouse", "nameTh": null, "nameEn": "lita guesthouse", "cat": ["hotel"], "province": "cm"}}, {"type": "Feature", "geometry": {"type": "Point", "coordinates": [98.9829215, 18.7878653]}, "properties": {"id": "cm-osm-node-13953736180", "name": "maross / bed & room", "nameTh": null, "nameEn": "maross / bed & room", "cat": ["hotel"], "province": "cm"}}, {"type": "Feature", "geometry": {"type": "Point", "coordinates": [98.9910139, 18.7808527]}, "properties": {"id": "cm-osm-node-4706138392", "name": "mojo house", "nameTh": null, "nameEn": "mojo house", "cat": ["hotel"], "province": "cm"}}, {"type": "Feature", "geometry": {"type": "Point", "coordinates": [98.9867437, 18.7799309]}, "properties": {"id": "cm-osm-node-11250812430", "name": "nuan chiang mai", "nameTh": null, "nameEn": "nuan chiang mai", "cat": ["hotel"], "province": "cm"}}, {"type": "Feature", "geometry": {"type": "Point", "coordinates": [98.9772998, 18.7996517]}, "properties": {"id": "cm-osm-node-3285298574", "name": "zzziesta", "nameTh": null, "nameEn": "zzziesta", "cat": ["hotel"], "province": "cm"}}, {"type": "Feature", "geometry": {"type": "Point", "coordinates": [99.0027243, 18.7846398]}, "properties": {"id": "cm-osm-way-406558244", "name": "กรีนลอดจ์", "nameTh": "กรีนลอดจ์", "nameEn": "Green Lodge", "cat": ["hotel"], "province": "cm"}}, {"type": "Feature", "geometry": {"type": "Point", "coordinates": [98.8607284, 18.7715137]}, "properties": {"id": "cm-osm-node-2548920953", "name": "กฤษดาดอย", "nameTh": "กฤษดาดอย", "nameEn": "Krisdadoi Resort", "cat": ["hotel"], "province": "cm"}}, {"type": "Feature", "geometry": {"type": "Point", "coordinates": [98.9544222, 18.8270067]}, "properties": {"id": "cm-osm-way-554755575", "name": "คีรีธารา", "nameTh": "คีรีธารา", "nameEn": "Kiree Thara Resort", "cat": ["hotel"], "province": "cm"}}, {"type": "Feature", "geometry": {"type": "Point", "coordinates": [99.045127, 18.6462402]}, "properties": {"id": "cm-osm-node-4605693897", "name": "คุ้ม ปินตา", "nameTh": "คุ้ม ปินตา", "nameEn": null, "cat": ["hotel"], "province": "cm"}}, {"type": "Feature", "geometry": {"type": "Point", "coordinates": [99.1380601, 18.9022504]}, "properties": {"id": "cm-osm-node-3331334895", "name": "คุ้มทรัพย์อนันต์", "nameTh": "คุ้มทรัพย์อนันต์", "nameEn": "Khum Sap Anan", "cat": ["hotel"], "province": "cm"}}, {"type": "Feature", "geometry": {"type": "Point", "coordinates": [98.9575853, 18.7781315]}, "properties": {"id": "cm-osm-way-693834627", "name": "จอมขวัญ แมนชั่น", "nameTh": "จอมขวัญ แมนชั่น", "nameEn": "Chomkhwan Mansion", "cat": ["hotel"], "province": "cm"}}, {"type": "Feature", "geometry": {"type": "Point", "coordinates": [98.8157494, 18.8116631]}, "properties": {"id": "cm-osm-node-2521839712", "name": "จักรวาลบ้านดิน", "nameTh": "จักรวาลบ้านดิน", "nameEn": "Jakawan Baandin", "cat": ["hotel"], "province": "cm"}}, {"type": "Feature", "geometry": {"type": "Point", "coordinates": [99.0105522, 18.7864476]}, "properties": {"id": "cm-osm-node-2595949603", "name": "ชีวี วนา สวีท รีสอร์ท", "nameTh": "ชีวี วนา สวีท รีสอร์ท", "nameEn": "Shewe Wana Suite Resort", "cat": ["hotel"], "province": "cm"}}, {"type": "Feature", "geometry": {"type": "Point", "coordinates": [98.9927121, 18.8064656]}, "properties": {"id": "cm-osm-node-1618099289", "name": "ช้างเผือกอพาร์ทเม้นท์", "nameTh": "ช้างเผือกอพาร์ทเม้นท์", "nameEn": null, "cat": ["hotel"], "province": "cm"}}, {"type": "Feature", "geometry": {"type": "Point", "coordinates": [99.0035831, 18.7866772]}, "properties": {"id": "cm-osm-node-6121062524", "name": "ซาบาบู", "nameTh": "ซาบาบู", "nameEn": "Baan Sabai", "cat": ["hotel"], "province": "cm"}}, {"type": "Feature", "geometry": {"type": "Point", "coordinates": [98.9943096, 18.7859241]}, "properties": {"id": "cm-osm-way-482770812", "name": "ณ ท่าแพ", "nameTh": "ณ ท่าแพ", "nameEn": "Na Thapae", "cat": ["hotel"], "province": "cm"}}, {"type": "Feature", "geometry": {"type": "Point", "coordinates": [98.9781684, 18.804214]}, "properties": {"id": "cm-osm-node-2530411532", "name": "ดนยา โฮม", "nameTh": "ดนยา โฮม", "nameEn": "Danaya Home", "cat": ["hotel"], "province": "cm"}}, {"type": "Feature", "geometry": {"type": "Point", "coordinates": [98.9836571, 18.782665]}, "properties": {"id": "cm-osm-way-537926207", "name": "ดอยดูดาว โฮม โฮสเทล", "nameTh": "ดอยดูดาว โฮม โฮสเทล", "nameEn": "Doi Doo Dao Home Hostel", "cat": ["hotel"], "province": "cm"}}, {"type": "Feature", "geometry": {"type": "Point", "coordinates": [98.9975665, 18.7313575]}, "properties": {"id": "cm-osm-node-4670364622", "name": "ดาหลา รีสอร์ท", "nameTh": "ดาหลา รีสอร์ท", "nameEn": "Dhala Resort", "cat": ["hotel"], "province": "cm"}}, {"type": "Feature", "geometry": {"type": "Point", "coordinates": [98.9805068, 18.805799]}, "properties": {"id": "cm-osm-node-4218711989", "name": "ดิ โอเปี่ยม", "nameTh": "ดิ โอเปี่ยม", "nameEn": null, "cat": ["hotel"], "province": "cm"}}, {"type": "Feature", "geometry": {"type": "Point", "coordinates": [98.9870299, 18.7797647]}, "properties": {"id": "cm-osm-node-11250521307", "name": "ทรี เรสซิเด้นท์", "nameTh": "ทรี เรสซิเด้นท์", "nameEn": "Tree Residence", "cat": ["hotel"], "province": "cm"}}, {"type": "Feature", "geometry": {"type": "Point", "coordinates": [98.9758889, 18.8037657]}, "properties": {"id": "cm-osm-node-4462603202", "name": "ทานตะวัน2", "nameTh": "ทานตะวัน2", "nameEn": "Tantawan2", "cat": ["hotel"], "province": "cm"}}, {"type": "Feature", "geometry": {"type": "Point", "coordinates": [98.9588456, 18.8005207]}, "properties": {"id": "cm-osm-node-5791981255", "name": "ที่พักฉันเอง", "nameTh": "ที่พักฉันเอง", "nameEn": "I'm staying here", "cat": ["hotel"], "province": "cm"}}, {"type": "Feature", "geometry": {"type": "Point", "coordinates": [98.9195993, 18.9105909]}, "properties": {"id": "cm-osm-node-3343130814", "name": "ทุ่งห้าโบทานิก2", "nameTh": "ทุ่งห้าโบทานิก2", "nameEn": null, "cat": ["hotel"], "province": "cm"}}, {"type": "Feature", "geometry": {"type": "Point", "coordinates": [99.0063974, 18.7640142]}, "properties": {"id": "cm-osm-way-260623398", "name": "นครพิงค์ พาเลซ", "nameTh": "นครพิงค์ พาเลซ", "nameEn": "Nakornping Palace", "cat": ["hotel"], "province": "cm"}}, {"type": "Feature", "geometry": {"type": "Point", "coordinates": [98.9868407, 18.7767578]}, "properties": {"id": "cm-osm-node-11252257574", "name": "นันทา แกรม ซีเอ็ม", "nameTh": "นันทา แกรม ซีเอ็ม", "nameEn": "Nanta Glam CM", "cat": ["hotel"], "province": "cm"}}, {"type": "Feature", "geometry": {"type": "Point", "coordinates": [98.9939161, 18.7977781]}, "properties": {"id": "cm-osm-way-658996895", "name": "บรูนซ์", "nameTh": "บรูนซ์", "nameEn": "Bruuns Guesthouse", "cat": ["hotel"], "province": "cm"}}, {"type": "Feature", "geometry": {"type": "Point", "coordinates": [98.9803257, 18.8021477]}, "properties": {"id": "cm-osm-node-2637903623", "name": "บี.อาร์.", "nameTh": "บี.อาร์.", "nameEn": "B.R. Hotel", "cat": ["hotel"], "province": "cm"}}, {"type": "Feature", "geometry": {"type": "Point", "coordinates": [98.8532899, 18.7768755]}, "properties": {"id": "cm-osm-node-2438297970", "name": "บ้านกลางดอย", "nameTh": "บ้านกลางดอย", "nameEn": "Baanklangdoi Resort", "cat": ["hotel"], "province": "cm"}}, {"type": "Feature", "geometry": {"type": "Point", "coordinates": [98.9938169, 18.7913897]}, "properties": {"id": "cm-osm-node-1491363959", "name": "บ้านกลางเวียง", "nameTh": "บ้านกลางเวียง", "nameEn": "Baan Klang Vieng", "cat": ["hotel"], "province": "cm"}}, {"type": "Feature", "geometry": {"type": "Point", "coordinates": [98.9533838, 18.7854746]}, "properties": {"id": "cm-osm-way-200256271", "name": "บ้านกุหลาบ", "nameTh": "บ้านกุหลาบ", "nameEn": "Baan Rose", "cat": ["hotel"], "province": "cm"}}, {"type": "Feature", "geometry": {"type": "Point", "coordinates": [98.8871876, 18.7308898]}, "properties": {"id": "cm-osm-node-2431664842", "name": "บ้านขวัญเคียงดาว", "nameTh": "บ้านขวัญเคียงดาว", "nameEn": "Bamboo House & Café", "cat": ["hotel"], "province": "cm"}}, {"type": "Feature", "geometry": {"type": "Point", "coordinates": [98.9947173, 18.790533]}, "properties": {"id": "cm-osm-node-1617076511", "name": "บ้านจริงจัง", "nameTh": "บ้านจริงจัง", "nameEn": "Baan Jing Jung", "cat": ["hotel"], "province": "cm"}}, {"type": "Feature", "geometry": {"type": "Point", "coordinates": [98.9710609, 18.7951485]}, "properties": {"id": "cm-osm-node-3420998760", "name": "บ้านจันทร์ระวี", "nameTh": "บ้านจันทร์ระวี", "nameEn": "Janrawee House", "cat": ["hotel"], "province": "cm"}}, {"type": "Feature", "geometry": {"type": "Point", "coordinates": [99.0979421, 18.8168761]}, "properties": {"id": "cm-osm-node-6212854285", "name": "บ้านจันทร์ส่องแสง โฮมสเตย์", "nameTh": "บ้านจันทร์ส่องแสง โฮมสเตย์", "nameEn": "Ban Chunsongsang Home Stay", "cat": ["hotel"], "province": "cm"}}, {"type": "Feature", "geometry": {"type": "Point", "coordinates": [98.9672874, 18.7873277]}, "properties": {"id": "cm-osm-node-4742586325", "name": "บ้านฉัน​โฮเทล", "nameTh": "บ้านฉัน​โฮเทล", "nameEn": "Bunchun", "cat": ["hotel"], "province": "cm"}}, {"type": "Feature", "geometry": {"type": "Point", "coordinates": [98.9941596, 18.793523]}, "properties": {"id": "cm-osm-node-3418983401", "name": "บ้านชินการ", "nameTh": "บ้านชินการ", "nameEn": "Baan Chinnakarn", "cat": ["hotel"], "province": "cm"}}, {"type": "Feature", "geometry": {"type": "Point", "coordinates": [99.1262954, 18.8659289]}, "properties": {"id": "cm-osm-node-4540387698", "name": "บ้านดอกแก้ว", "nameTh": "บ้านดอกแก้ว", "nameEn": "Ban Dok Kaeo", "cat": ["hotel"], "province": "cm"}}, {"type": "Feature", "geometry": {"type": "Point", "coordinates": [98.9859288, 18.8363893]}, "properties": {"id": "cm-osm-node-6444635586", "name": "บ้านตั้งตา", "nameTh": "บ้านตั้งตา", "nameEn": null, "cat": ["hotel"], "province": "cm"}}, {"type": "Feature", "geometry": {"type": "Point", "coordinates": [99.1262189, 18.8823688]}, "properties": {"id": "cm-osm-node-8584148604", "name": "บ้านทัศนีย์", "nameTh": "บ้านทัศนีย์", "nameEn": "Ban Thassanee", "cat": ["hotel"], "province": "cm"}}, {"type": "Feature", "geometry": {"type": "Point", "coordinates": [98.9947954, 18.7838007]}, "properties": {"id": "cm-osm-node-820812757", "name": "บ้านนานาชาติ เซนเตอร์เพลส", "nameTh": "บ้านนานาชาติ เซนเตอร์เพลส", "nameEn": "Centerplace", "cat": ["hotel"], "province": "cm"}}, {"type": "Feature", "geometry": {"type": "Point", "coordinates": [98.9907903, 18.790271]}, "properties": {"id": "cm-osm-node-4538418070", "name": "บ้านน้ำใส", "nameTh": "บ้านน้ำใส", "nameEn": "Baan Nam Sai", "cat": ["hotel"], "province": "cm"}}, {"type": "Feature", "geometry": {"type": "Point", "coordinates": [98.8229161, 18.8864891]}, "properties": {"id": "cm-osm-node-2581514287", "name": "บ้านปลายฟ้า", "nameTh": "บ้านปลายฟ้า", "nameEn": "Bhan Pai Fah", "cat": ["hotel"], "province": "cm"}}, {"type": "Feature", "geometry": {"type": "Point", "coordinates": [99.1030624, 18.752905]}, "properties": {"id": "cm-osm-node-2581627968", "name": "บ้านป้าศรี", "nameTh": "บ้านป้าศรี", "nameEn": null, "cat": ["hotel"], "province": "cm"}}, {"type": "Feature", "geometry": {"type": "Point", "coordinates": [99.04594, 18.7402325]}, "properties": {"id": "cm-osm-node-2654840206", "name": "บ้านพวงเพชร", "nameTh": "บ้านพวงเพชร", "nameEn": "Baan Puang Petch", "cat": ["hotel"], "province": "cm"}}, {"type": "Feature", "geometry": {"type": "Point", "coordinates": [98.9730611, 18.7275174]}, "properties": {"id": "cm-osm-node-3668181347", "name": "บ้านพี่กิ๊ฟ", "nameTh": "บ้านพี่กิ๊ฟ", "nameEn": "Ban Pi Gip", "cat": ["hotel"], "province": "cm"}}, {"type": "Feature", "geometry": {"type": "Point", "coordinates": [98.9907716, 18.7830644]}, "properties": {"id": "cm-osm-way-269499247", "name": "บ้านฟ้าไทย", "nameTh": "บ้านฟ้าไทย", "nameEn": "Pha Thai House", "cat": ["hotel"], "province": "cm"}}, {"type": "Feature", "geometry": {"type": "Point", "coordinates": [99.1274625, 18.8694405]}, "properties": {"id": "cm-osm-node-3235866853", "name": "บ้านภณิดา", "nameTh": "บ้านภณิดา", "nameEn": null, "cat": ["hotel"], "province": "cm"}}, {"type": "Feature", "geometry": {"type": "Point", "coordinates": [98.8345692, 18.8030686]}, "properties": {"id": "cm-osm-node-2549164151", "name": "บ้านม่อนม่วนใจ๋", "nameTh": "บ้านม่อนม่วนใจ๋", "nameEn": "Belle Villa Resort", "cat": ["hotel"], "province": "cm"}}, {"type": "Feature", "geometry": {"type": "Point", "coordinates": [99.0283191, 18.921144]}, "properties": {"id": "cm-osm-node-4592939908", "name": "บ้านร่มเย็น", "nameTh": "บ้านร่มเย็น", "nameEn": "Ban Romyen", "cat": ["hotel"], "province": "cm"}}, {"type": "Feature", "geometry": {"type": "Point", "coordinates": [98.9832337, 18.7886344]}, "properties": {"id": "cm-osm-node-1619445252", "name": "บ้านลานนาวอล์คกิ้งสตรีท", "nameTh": "บ้านลานนาวอล์คกิ้งสตรีท", "nameEn": "Baan Lanna Walking Street", "cat": ["hotel"], "province": "cm"}}, {"type": "Feature", "geometry": {"type": "Point", "coordinates": [98.8506461, 18.8696382]}, "properties": {"id": "cm-osm-node-7599846374", "name": "บ้านลิ้นจี่", "nameTh": "บ้านลิ้นจี่", "nameEn": "Baan Lychee", "cat": ["hotel"], "province": "cm"}}, {"type": "Feature", "geometry": {"type": "Point", "coordinates": [98.95263, 18.8956523]}, "properties": {"id": "cm-osm-node-4481289677", "name": "บ้านศรีธนศักดิ์", "nameTh": "บ้านศรีธนศักดิ์", "nameEn": "Ban Si Thon Sak", "cat": ["hotel"], "province": "cm"}}, {"type": "Feature", "geometry": {"type": "Point", "coordinates": [98.9714902, 18.7933513]}, "properties": {"id": "cm-osm-node-3421245741", "name": "บ้านศิริมังคลา", "nameTh": "บ้านศิริมังคลา", "nameEn": "Baan Sirimunkala", "cat": ["hotel"], "province": "cm"}}, {"type": "Feature", "geometry": {"type": "Point", "coordinates": [99.1272022, 18.8696344]}, "properties": {"id": "cm-osm-node-3235866854", "name": "บ้านสุนันทา", "nameTh": "บ้านสุนันทา", "nameEn": null, "cat": ["hotel"], "province": "cm"}}, {"type": "Feature", "geometry": {"type": "Point", "coordinates": [99.0107203, 18.7757674]}, "properties": {"id": "cm-osm-node-2082851854", "name": "บ้านหน้อยนอนม่วน", "nameTh": "บ้านหน้อยนอนม่วน", "nameEn": "Baannoi Nornmuan", "cat": ["hotel"], "province": "cm"}}, {"type": "Feature", "geometry": {"type": "Point", "coordinates": [98.9779097, 18.8031881]}, "properties": {"id": "cm-osm-node-2530399677", "name": "บ้านเรือนใจ", "nameTh": "บ้านเรือนใจ", "nameEn": "Ban Ruan Jai", "cat": ["hotel"], "province": "cm"}}, {"type": "Feature", "geometry": {"type": "Point", "coordinates": [98.9867715, 18.7766161]}, "properties": {"id": "cm-osm-node-2658241872", "name": "บ้านเล็กโฮมสเตย์", "nameTh": "บ้านเล็กโฮมสเตย์", "nameEn": "Bannlek Homestay", "cat": ["hotel"], "province": "cm"}}, {"type": "Feature", "geometry": {"type": "Point", "coordinates": [99.0037191, 18.7802797]}, "properties": {"id": "cm-osm-node-2649493336", "name": "บ้านแก้ว เกสท์เฮาส์", "nameTh": "บ้านแก้ว เกสท์เฮาส์", "nameEn": "Baan Kaew", "cat": ["hotel"], "province": "cm"}}, {"type": "Feature", "geometry": {"type": "Point", "coordinates": [98.9590966, 18.7880135]}, "properties": {"id": "cm-osm-node-9355070224", "name": "บ้านแดนตะวันเหนือ", "nameTh": "บ้านแดนตะวันเหนือ", "nameEn": "Baan Dan Ta Wan Nuea", "cat": ["hotel"], "province": "cm"}}, {"type": "Feature", "geometry": {"type": "Point", "coordinates": [98.9587649, 18.7794098]}, "properties": {"id": "cm-osm-way-690524383", "name": "บ้านแม่ แมนชั่น", "nameTh": "บ้านแม่ แมนชั่น", "nameEn": "Ban Mae Mansion", "cat": ["hotel"], "province": "cm"}}, {"type": "Feature", "geometry": {"type": "Point", "coordinates": [98.9041775, 18.9080372]}, "properties": {"id": "cm-osm-node-4446774568", "name": "บ้านใกล้ดอย", "nameTh": "บ้านใกล้ดอย", "nameEn": "Ban Krai Doi Resort", "cat": ["hotel"], "province": "cm"}}, {"type": "Feature", "geometry": {"type": "Point", "coordinates": [99.0257271, 18.7736984]}, "properties": {"id": "cm-osm-node-4906949321", "name": "บ้่านพี่แทน", "nameTh": "บ้่านพี่แทน", "nameEn": "Tann's House", "cat": ["hotel"], "province": "cm"}}, {"type": "Feature", "geometry": {"type": "Point", "coordinates": [99.0962794, 18.7296245]}, "properties": {"id": "cm-osm-way-867261132", "name": "ปากะญอ รีสอร์ท", "nameTh": "ปากะญอ รีสอร์ท", "nameEn": "Pakayor Resort", "cat": ["hotel"], "province": "cm"}}, {"type": "Feature", "geometry": {"type": "Point", "coordinates": [98.9718525, 18.8055273]}, "properties": {"id": "cm-osm-way-314669822", "name": "ปางสะหวันเพลส", "nameTh": "ปางสะหวันเพลส", "nameEn": "Pangsawan Place", "cat": ["hotel"], "province": "cm"}}, {"type": "Feature", "geometry": {"type": "Point", "coordinates": [98.9715428, 18.80548]}, "properties": {"id": "cm-osm-way-668369363", "name": "ปางสะหวันเพลส", "nameTh": "ปางสะหวันเพลส", "nameEn": null, "cat": ["hotel"], "province": "cm"}}, {"type": "Feature", "geometry": {"type": "Point", "coordinates": [98.9778243, 18.8027974]}, "properties": {"id": "cm-osm-way-408595935", "name": "พรรณิดาเฮ้าส์", "nameTh": "พรรณิดาเฮ้าส์", "nameEn": "PD House", "cat": ["hotel"], "province": "cm"}}, {"type": "Feature", "geometry": {"type": "Point", "coordinates": [98.9944515, 18.6961537]}, "properties": {"id": "cm-osm-node-4784349822", "name": "พัทรดา บูทีคเฮ้าส์", "nameTh": "พัทรดา บูทีคเฮ้าส์", "nameEn": "Pattarada Boutique House", "cat": ["hotel"], "province": "cm"}}, {"type": "Feature", "geometry": {"type": "Point", "coordinates": [98.9803492, 18.7839267]}, "properties": {"id": "cm-osm-way-688957082", "name": "พาสเท้นส์ โฮสเทล แอนด์ คาเฟ่", "nameTh": "พาสเท้นส์ โฮสเทล แอนด์ คาเฟ่", "nameEn": "Past Tense Hostel", "cat": ["hotel"], "province": "cm"}}, {"type": "Feature", "geometry": {"type": "Point", "coordinates": [99.0069203, 18.7853837]}, "properties": {"id": "cm-osm-node-2984546133", "name": "ฟโรงแรมริมปิงวิลเลจ", "nameTh": "ฟโรงแรมริมปิงวิลเลจ", "nameEn": "Rimping Village Boutique Hotel", "cat": ["hotel"], "province": "cm"}}, {"type": "Feature", "geometry": {"type": "Point", "coordinates": [98.9915606, 18.8067672]}, "properties": {"id": "cm-osm-node-1616141789", "name": "ภัทธาราเพลส", "nameTh": "ภัทธาราเพลส", "nameEn": "Pattara Place", "cat": ["hotel"], "province": "cm"}}, {"type": "Feature", "geometry": {"type": "Point", "coordinates": [98.8502057, 18.7815295]}, "properties": {"id": "cm-osm-node-2438297979", "name": "ภูจาญา", "nameTh": "ภูจาญา", "nameEn": "Phujaya", "cat": ["hotel"], "province": "cm"}}, {"type": "Feature", "geometry": {"type": "Point", "coordinates": [99.0533145, 18.7578888]}, "properties": {"id": "cm-osm-way-376383739", "name": "ภูฝางล้านนารีสอร์ท", "nameTh": "ภูฝางล้านนารีสอร์ท", "nameEn": "Phufanglanna Resort", "cat": ["hotel"], "province": "cm"}}, {"type": "Feature", "geometry": {"type": "Point", "coordinates": [98.9827332, 18.7706578]}, "properties": {"id": "cm-osm-node-4582153096", "name": "มายด์โฮม เกสเฮ้าส์ หายยา", "nameTh": "มายด์โฮม เกสเฮ้าส์ หายยา", "nameEn": "Mildhome Guesthouse Haiya", "cat": ["hotel"], "province": "cm"}}, {"type": "Feature", "geometry": {"type": "Point", "coordinates": [98.9930246, 18.7885358]}, "properties": {"id": "cm-osm-way-481723938", "name": "มูลเมืองโกลเด้น คอร์ท", "nameTh": "มูลเมืองโกลเด้น คอร์ท", "nameEn": "Moon Muang Golden Court", "cat": ["hotel"], "province": "cm"}}, {"type": "Feature", "geometry": {"type": "Point", "coordinates": [98.8317815, 18.901775]}, "properties": {"id": "cm-osm-node-4074479420", "name": "ม่อน 4x4", "nameTh": "ม่อน 4x4", "nameEn": "Mondoi 4x4", "cat": ["hotel"], "province": "cm"}}, {"type": "Feature", "geometry": {"type": "Point", "coordinates": [98.8196674, 18.9201563]}, "properties": {"id": "cm-osm-node-2581514288", "name": "ม่อนจันทร์ทรา", "nameTh": "ม่อนจันทร์ทรา", "nameEn": "Mon Chan Thra", "cat": ["hotel"], "province": "cm"}}, {"type": "Feature", "geometry": {"type": "Point", "coordinates": [98.8520426, 18.780095]}, "properties": {"id": "cm-osm-node-2438297973", "name": "ม่อนเอื้องดอย", "nameTh": "ม่อนเอื้องดอย", "nameEn": "Golden Orchid Hill", "cat": ["hotel"], "province": "cm"}}, {"type": "Feature", "geometry": {"type": "Point", "coordinates": [98.8161331, 18.9567678]}, "properties": {"id": "cm-osm-way-240082625", "name": "ม้งฮิลล์ไทรบ์ลอดจ์", "nameTh": "ม้งฮิลล์ไทรบ์ลอดจ์", "nameEn": "Hmong Hilltribe Lodge", "cat": ["hotel"], "province": "cm"}}, {"type": "Feature", "geometry": {"type": "Point", "coordinates": [98.9796167, 18.806344]}, "properties": {"id": "cm-osm-way-208191589", "name": "รอยัลวิว รีสอร์ท", "nameTh": "รอยัลวิว รีสอร์ท", "nameEn": "Royal View Resort", "cat": ["hotel"], "province": "cm"}}, {"type": "Feature", "geometry": {"type": "Point", "coordinates": [98.9336101, 18.9228981]}, "properties": {"id": "cm-osm-way-551650301", "name": "ระเบียง ณ แม่ริม", "nameTh": "ระเบียง ณ แม่ริม", "nameEn": "Rabieng Na Maerim", "cat": ["hotel"], "province": "cm"}}, {"type": "Feature", "geometry": {"type": "Point", "coordinates": [98.9950978, 18.7831324]}, "properties": {"id": "cm-osm-node-820818404", "name": "รักไทย เกสท์เฮาส์", "nameTh": "รักไทย เกสท์เฮาส์", "nameEn": "Rux-Thai Guest House", "cat": ["hotel"], "province": "cm"}}, {"type": "Feature", "geometry": {"type": "Point", "coordinates": [98.9864029, 18.7887449]}, "properties": {"id": "cm-osm-node-2039944843", "name": "รังนกกระจอก", "nameTh": "รังนกกระจอก", "nameEn": "Sparrow's Nest", "cat": ["hotel"], "province": "cm"}}, {"type": "Feature", "geometry": {"type": "Point", "coordinates": [99.0189406, 18.9132784]}, "properties": {"id": "cm-osm-node-2951940376", "name": "รัชนี รีสอร์ท", "nameTh": "รัชนี รีสอร์ท", "nameEn": "Ratchani Resort", "cat": ["hotel"], "province": "cm"}}, {"type": "Feature", "geometry": {"type": "Point", "coordinates": [99.0031522, 18.786393]}, "properties": {"id": "cm-osm-node-4401223293", "name": "รัตนาเกสเฮ้าส์", "nameTh": "รัตนาเกสเฮ้าส์", "nameEn": null, "cat": ["hotel"], "province": "cm"}}, {"type": "Feature", "geometry": {"type": "Point", "coordinates": [99.0171273, 18.7344827]}, "properties": {"id": "cm-osm-node-4087646231", "name": "ราสิยา รีสอร์ท", "nameTh": "ราสิยา รีสอร์ท", "nameEn": "Rasiya Resort and Coffee", "cat": ["hotel"], "province": "cm"}}, {"type": "Feature", "geometry": {"type": "Point", "coordinates": [98.881435, 18.9001901]}, "properties": {"id": "cm-osm-node-3340093439", "name": "รินรดา รีสอร์ท", "nameTh": "รินรดา รีสอร์ท", "nameEn": "Rimrada Resort", "cat": ["hotel"], "province": "cm"}}, {"type": "Feature", "geometry": {"type": "Point", "coordinates": [98.9281106, 18.742442]}, "properties": {"id": "cm-osm-node-2650554923", "name": "ร่มสักรีสอร์ท", "nameTh": "ร่มสักรีสอร์ท", "nameEn": "Romsak Resort", "cat": ["hotel"], "province": "cm"}}, {"type": "Feature", "geometry": {"type": "Point", "coordinates": [98.9960314, 18.7851366]}, "properties": {"id": "cm-osm-node-2649591566", "name": "ลานนาลอดจ์", "nameTh": "ลานนาลอดจ์", "nameEn": "Lanna Lodge", "cat": ["hotel"], "province": "cm"}}, {"type": "Feature", "geometry": {"type": "Point", "coordinates": [98.9932997, 18.7819253]}, "properties": {"id": "cm-osm-node-892660350", "name": "ลายไทยเกสท์เฮาส์", "nameTh": "ลายไทยเกสท์เฮาส์", "nameEn": "Lai Thai", "cat": ["hotel"], "province": "cm"}}, {"type": "Feature", "geometry": {"type": "Point", "coordinates": [99.1400939, 18.9292025]}, "properties": {"id": "cm-osm-way-136806988", "name": "วังธารรีสอร์ท", "nameTh": "วังธารรีสอร์ท", "nameEn": "Wangtarn Resort", "cat": ["hotel"], "province": "cm"}}, {"type": "Feature", "geometry": {"type": "Point", "coordinates": [98.9866021, 18.7763217]}, "properties": {"id": "cm-osm-way-1214460611", "name": "วัวลายสบายดี", "nameTh": "วัวลายสบายดี", "nameEn": "Wualai Sabaidee Boutique Hotel", "cat": ["hotel"], "province": "cm"}}, {"type": "Feature", "geometry": {"type": "Point", "coordinates": [98.9907857, 18.779538]}, "properties": {"id": "cm-osm-way-1115111484", "name": "วิริยะเฮ้าส์", "nameTh": "วิริยะเฮ้าส์", "nameEn": "Wiriya House", "cat": ["hotel"], "province": "cm"}}, {"type": "Feature", "geometry": {"type": "Point", "coordinates": [98.9807804, 18.8025334]}, "properties": {"id": "cm-osm-way-204079088", "name": "วิลล่า กอบุญกลิ่นบัว", "nameTh": "วิลล่า กอบุญกลิ่นบัว", "nameEn": "Villa Korbhun Khinbua", "cat": ["hotel"], "province": "cm"}}, {"type": "Feature", "geometry": {"type": "Point", "coordinates": [98.9787828, 18.8029428]}, "properties": {"id": "cm-osm-node-2509993173", "name": "วิวดอยแมนชั่น", "nameTh": "วิวดอยแมนชั่น", "nameEn": "View Doi Mansion", "cat": ["hotel"], "province": "cm"}}, {"type": "Feature", "geometry": {"type": "Point", "coordinates": [98.9505013, 18.7684072]}, "properties": {"id": "cm-osm-way-307535923", "name": "ศิรินาถฮิลล์", "nameTh": "ศิรินาถฮิลล์", "nameEn": "Sirinat Hill", "cat": ["hotel"], "province": "cm"}}, {"type": "Feature", "geometry": {"type": "Point", "coordinates": [99.0150221, 18.7738059]}, "properties": {"id": "cm-osm-way-249676814", "name": "ศิริปันนาวิลล่ารีสอร์ท", "nameTh": "ศิริปันนาวิลล่ารีสอร์ท", "nameEn": "Siripanna Villa Resort & Spa", "cat": ["hotel"], "province": "cm"}}, {"type": "Feature", "geometry": {"type": "Point", "coordinates": [98.9710891, 18.8048681]}, "properties": {"id": "cm-osm-way-199924292", "name": "ศูนย์ประชุมนานาชาติ เชียงใหม่แกรนด์วิว", "nameTh": "ศูนย์ประชุมนานาชาติ เชียงใหม่แกรนด์วิว", "nameEn": "Chiangmai Grandview", "cat": ["hotel"], "province": "cm"}}, {"type": "Feature", "geometry": {"type": "Point", "coordinates": [98.9881429, 18.7792236]}, "properties": {"id": "cm-osm-way-260358501", "name": "สมิทธ์เรสสิเดนซ์", "nameTh": "สมิทธ์เรสสิเดนซ์", "nameEn": "Smith Residence", "cat": ["hotel"], "province": "cm"}}, {"type": "Feature", "geometry": {"type": "Point", "coordinates": [98.9899535, 18.7835715]}, "properties": {"id": "cm-osm-way-269499251", "name": "สาธุ บูติค เฮ้าส์", "nameTh": "สาธุ บูติค เฮ้าส์", "nameEn": "Sathu Boutique House", "cat": ["hotel"], "province": "cm"}}, {"type": "Feature", "geometry": {"type": "Point", "coordinates": [98.922092, 18.9107334]}, "properties": {"id": "cm-osm-node-5327328687", "name": "สาลาแม่ริม", "nameTh": "สาลาแม่ริม", "nameEn": "Sala Maerim", "cat": ["hotel"], "province": "cm"}}, {"type": "Feature", "geometry": {"type": "Point", "coordinates": [98.9800537, 18.7928228]}, "properties": {"id": "cm-osm-node-6172048701", "name": "สิงหราชซอย 3", "nameTh": "สิงหราชซอย 3", "nameEn": "The Scale House", "cat": ["hotel"], "province": "cm"}}, {"type": "Feature", "geometry": {"type": "Point", "coordinates": [98.9557903, 18.7914945]}, "properties": {"id": "cm-osm-way-1012743477", "name": "สิริทร วิลล่า", "nameTh": "สิริทร วิลล่า", "nameEn": "Sirithron Villa", "cat": ["hotel"], "province": "cm"}}, {"type": "Feature", "geometry": {"type": "Point", "coordinates": [98.9798681, 18.806918]}, "properties": {"id": "cm-osm-node-2530406876", "name": "สิริน เฮ้าส์", "nameTh": "สิริน เฮ้าส์", "nameEn": null, "cat": ["hotel"], "province": "cm"}}, {"type": "Feature", "geometry": {"type": "Point", "coordinates": [99.0233025, 18.6647863]}, "properties": {"id": "cm-osm-node-5245260995", "name": "สีรีโอมสเตย์", "nameTh": "สีรีโอมสเตย์", "nameEn": "Siri Homestay", "cat": ["hotel"], "province": "cm"}}, {"type": "Feature", "geometry": {"type": "Point", "coordinates": [98.9854538, 18.7863915]}, "properties": {"id": "cm-osm-way-793145643", "name": "สุขนิยม โฮมสเตย์", "nameTh": "สุขนิยม โฮมสเตย์", "nameEn": "Sukniyom Homestay", "cat": ["hotel"], "province": "cm"}}, {"type": "Feature", "geometry": {"type": "Point", "coordinates": [98.9566986, 18.8403577]}, "properties": {"id": "cm-osm-way-201846440", "name": "หอพัก 700 ปี", "nameTh": "หอพัก 700 ปี", "nameEn": "700 year Anniversary Dormitories", "cat": ["hotel"], "province": "cm"}}, {"type": "Feature", "geometry": {"type": "Point", "coordinates": [99.0087803, 18.899702]}, "properties": {"id": "cm-osm-node-4524200090", "name": "หอพักนักศึกษา", "nameTh": "หอพักนักศึกษา", "nameEn": null, "cat": ["hotel"], "province": "cm"}}, {"type": "Feature", "geometry": {"type": "Point", "coordinates": [98.9785727, 18.8160021]}, "properties": {"id": "cm-osm-way-314668359", "name": "ห้องพักทูบีซแว่น", "nameTh": "ห้องพักทูบีซแว่น", "nameEn": "2B7 Hotel", "cat": ["hotel"], "province": "cm"}}, {"type": "Feature", "geometry": {"type": "Point", "coordinates": [98.9799125, 18.8022374]}, "properties": {"id": "cm-osm-way-204079087", "name": "อินทนิน", "nameTh": "อินทนิน", "nameEn": "Inthanin Hotel", "cat": ["hotel"], "province": "cm"}}, {"type": "Feature", "geometry": {"type": "Point", "coordinates": [98.8406518, 18.7858845]}, "properties": {"id": "cm-osm-node-2549164162", "name": "อินสดารีสอร์ท", "nameTh": "อินสดารีสอร์ท", "nameEn": "Insda Resort", "cat": ["hotel"], "province": "cm"}}, {"type": "Feature", "geometry": {"type": "Point", "coordinates": [98.9884361, 18.7788032]}, "properties": {"id": "cm-osm-way-676257959", "name": "อิม-มิ-เอม เฮาส์", "nameTh": "อิม-มิ-เอม เฮาส์", "nameEn": "Imm-mi-Emm", "cat": ["hotel"], "province": "cm"}}, {"type": "Feature", "geometry": {"type": "Point", "coordinates": [99.0080161, 18.7947221]}, "properties": {"id": "cm-osm-way-570006927", "name": "อีโค่ รีสอร์ท", "nameTh": "อีโค่ รีสอร์ท", "nameEn": "Eco Resort", "cat": ["hotel"], "province": "cm"}}, {"type": "Feature", "geometry": {"type": "Point", "coordinates": [98.879448, 18.7543245]}, "properties": {"id": "cm-osm-node-2548892211", "name": "อุทยานล้านนารีสอร์ท", "nameTh": "อุทยานล้านนารีสอร์ท", "nameEn": "Lanna Resort", "cat": ["hotel"], "province": "cm"}}, {"type": "Feature", "geometry": {"type": "Point", "coordinates": [98.9610233, 18.7997371]}, "properties": {"id": "cm-osm-way-953938335", "name": "ฮอม บูทิค โฮเทล", "nameTh": "ฮอม บูทิค โฮเทล", "nameEn": "Homm Boutique Hotel", "cat": ["hotel"], "province": "cm"}}, {"type": "Feature", "geometry": {"type": "Point", "coordinates": [99.099149, 18.8570732]}, "properties": {"id": "cm-osm-node-695036744", "name": "ฮอไรซันรีสอร์ท", "nameTh": "ฮอไรซันรีสอร์ท", "nameEn": "Horizon Village & Resort", "cat": ["hotel"], "province": "cm"}}, {"type": "Feature", "geometry": {"type": "Point", "coordinates": [98.8890391, 18.6118071]}, "properties": {"id": "cm-osm-node-5296915147", "name": "ีฟันรัก", "nameTh": "ีฟันรัก", "nameEn": "FunRuk", "cat": ["hotel"], "province": "cm"}}, {"type": "Feature", "geometry": {"type": "Point", "coordinates": [98.9785928, 18.7923239]}, "properties": {"id": "cm-osm-way-623146117", "name": "เชียงร้อยเซเว่นเดย์", "nameTh": "เชียงร้อยเซเว่นเดย์", "nameEn": "Chiang Roy 7 Days Inn", "cat": ["hotel"], "province": "cm"}}, {"type": "Feature", "geometry": {"type": "Point", "coordinates": [98.9878875, 18.7748666]}, "properties": {"id": "cm-osm-way-255987535", "name": "เชียงใหม่ กรีนเฮาส์ แมนชั่น", "nameTh": "เชียงใหม่ กรีนเฮาส์ แมนชั่น", "nameEn": "Chiang Mai Greenhouse Mansion", "cat": ["hotel"], "province": "cm"}}, {"type": "Feature", "geometry": {"type": "Point", "coordinates": [98.9889642, 18.7786086]}, "properties": {"id": "cm-osm-relation-17331564", "name": "เชียงใหม่ เกต โฮเทล", "nameTh": "เชียงใหม่ เกต โฮเทล", "nameEn": "Chiang Mai Gate Hotel", "cat": ["hotel"], "province": "cm"}}, {"type": "Feature", "geometry": {"type": "Point", "coordinates": [98.9889642, 18.7786086]}, "properties": {"id": "cm-osm-way-1260457639", "name": "เชียงใหม่ เกต โฮเทล", "nameTh": "เชียงใหม่ เกต โฮเทล", "nameEn": "Chiang Mai Gate Hotel", "cat": ["hotel"], "province": "cm"}}, {"type": "Feature", "geometry": {"type": "Point", "coordinates": [98.9833192, 18.7818451]}, "properties": {"id": "cm-osm-way-537048342", "name": "เชียงใหม่ โฮสเทล", "nameTh": "เชียงใหม่ โฮสเทล", "nameEn": "Chiang Mai Hostel", "cat": ["hotel"], "province": "cm"}}, {"type": "Feature", "geometry": {"type": "Point", "coordinates": [98.9900393, 18.781796]}, "properties": {"id": "cm-osm-node-2598509566", "name": "เชียงใหม่บูติคเฮ้าส์", "nameTh": "เชียงใหม่บูติคเฮ้าส์", "nameEn": "Chiang Mai Boutique House", "cat": ["hotel"], "province": "cm"}}, {"type": "Feature", "geometry": {"type": "Point", "coordinates": [98.9618299, 18.8040377]}, "properties": {"id": "cm-osm-way-125159723", "name": "เชียงใหม่ฮิลล์", "nameTh": "เชียงใหม่ฮิลล์", "nameEn": "Chiang Mai Hill 2000", "cat": ["hotel"], "province": "cm"}}, {"type": "Feature", "geometry": {"type": "Point", "coordinates": [98.9952683, 18.7870744]}, "properties": {"id": "cm-osm-way-342881871", "name": "เชียงใหม่ไทยเฮ้าส์", "nameTh": "เชียงใหม่ไทยเฮ้าส์", "nameEn": "Chiang Mai Thai House", "cat": ["hotel"], "province": "cm"}}, {"type": "Feature", "geometry": {"type": "Point", "coordinates": [98.9838107, 18.776354]}, "properties": {"id": "cm-osm-way-1214610920", "name": "เดอ วัวลาย", "nameTh": "เดอ วัวลาย", "nameEn": "De wualai", "cat": ["hotel"], "province": "cm"}}, {"type": "Feature", "geometry": {"type": "Point", "coordinates": [98.9777452, 18.8022712]}, "properties": {"id": "cm-osm-way-408595936", "name": "เดอะ เมาท์เทน เฮ้าส์", "nameTh": "เดอะ เมาท์เทน เฮ้าส์", "nameEn": "The Mountain House", "cat": ["hotel"], "province": "cm"}}, {"type": "Feature", "geometry": {"type": "Point", "coordinates": [98.9586288, 18.7790484]}, "properties": {"id": "cm-osm-way-564483591", "name": "เดอะ เรสซิเดนซ์", "nameTh": "เดอะ เรสซิเดนซ์", "nameEn": "The Residence", "cat": ["hotel"], "province": "cm"}}, {"type": "Feature", "geometry": {"type": "Point", "coordinates": [98.9534221, 18.8093711]}, "properties": {"id": "cm-osm-node-3318030316", "name": "เทพพิมานอินน์", "nameTh": "เทพพิมานอินน์", "nameEn": "Teppiman Inn", "cat": ["hotel"], "province": "cm"}}, {"type": "Feature", "geometry": {"type": "Point", "coordinates": [98.8994817, 18.737417]}, "properties": {"id": "cm-osm-node-2569441793", "name": "เทียรี่ รีสอร์ท", "nameTh": "เทียรี่ รีสอร์ท", "nameEn": "Thierry Resort", "cat": ["hotel"], "province": "cm"}}, {"type": "Feature", "geometry": {"type": "Point", "coordinates": [98.9803323, 18.8035502]}, "properties": {"id": "cm-osm-node-3298001005", "name": "เฟมส์ & เจนนี่เฮ้าส์", "nameTh": "เฟมส์ & เจนนี่เฮ้าส์", "nameEn": "Fame & Jenny House", "cat": ["hotel"], "province": "cm"}}, {"type": "Feature", "geometry": {"type": "Point", "coordinates": [98.9763315, 18.8848104]}, "properties": {"id": "cm-osm-node-1602139210", "name": "เฟื่องฟ้า", "nameTh": "เฟื่องฟ้า", "nameEn": "Fueng Fah Riverside Garden Resort", "cat": ["hotel"], "province": "cm"}}, {"type": "Feature", "geometry": {"type": "Point", "coordinates": [98.9350625, 18.7476006]}, "properties": {"id": "cm-osm-way-668024656", "name": "เมาท์เท่น คลิก เวลล์เนส รีสอร์ท", "nameTh": "เมาท์เท่น คลิก เวลล์เนส รีสอร์ท", "nameEn": "Mountain Creek Wellness Resort", "cat": ["hotel"], "province": "cm"}}, {"type": "Feature", "geometry": {"type": "Point", "coordinates": [98.9862816, 18.7950239]}, "properties": {"id": "cm-osm-node-1616042306", "name": "เมาเท็นวิว", "nameTh": "เมาเท็นวิว", "nameEn": "Mountain View Guest House", "cat": ["hotel"], "province": "cm"}}, {"type": "Feature", "geometry": {"type": "Point", "coordinates": [98.9839575, 18.7960549]}, "properties": {"id": "cm-osm-node-3317905485", "name": "เมืองๆ โฮสเทล", "nameTh": "เมืองๆ โฮสเทล", "nameEn": "Muean Mueang Inn", "cat": ["hotel"], "province": "cm"}}, {"type": "Feature", "geometry": {"type": "Point", "coordinates": [99.1089975, 18.7502871]}, "properties": {"id": "cm-osm-node-2581631306", "name": "เรือนเจ้าคุณ โฮมสเตย์", "nameTh": "เรือนเจ้าคุณ โฮมสเตย์", "nameEn": null, "cat": ["hotel"], "province": "cm"}}, {"type": "Feature", "geometry": {"type": "Point", "coordinates": [99.0016319, 18.7492613]}, "properties": {"id": "cm-osm-way-621074737", "name": "เวียงกุมกาม รีสอร์ท", "nameTh": "เวียงกุมกาม รีสอร์ท", "nameEn": "Wiang Kum Kam Resort", "cat": ["hotel"], "province": "cm"}}, {"type": "Feature", "geometry": {"type": "Point", "coordinates": [99.1262182, 18.8524588]}, "properties": {"id": "cm-osm-way-191384608", "name": "เวียงดุริยาการ์เดนฮิลล์", "nameTh": "เวียงดุริยาการ์เดนฮิลล์", "nameEn": "Wiang Duriya Garden Hill", "cat": ["hotel"], "province": "cm"}}, {"type": "Feature", "geometry": {"type": "Point", "coordinates": [99.008799, 18.8247378]}, "properties": {"id": "cm-osm-way-529106517", "name": "เอ โฮเท็ล", "nameTh": "เอ โฮเท็ล", "nameEn": "A Boutique Hotel", "cat": ["hotel"], "province": "cm"}}, {"type": "Feature", "geometry": {"type": "Point", "coordinates": [98.9914623, 18.7942294]}, "properties": {"id": "cm-osm-way-256266490", "name": "เอส.ยู.พี.คอร์ท", "nameTh": "เอส.ยู.พี.คอร์ท", "nameEn": "SUP court", "cat": ["hotel"], "province": "cm"}}, {"type": "Feature", "geometry": {"type": "Point", "coordinates": [98.8269378, 18.9576117]}, "properties": {"id": "cm-osm-node-3915686054", "name": "เฮือนชมดอย กอยดาว", "nameTh": "เฮือนชมดอย กอยดาว", "nameEn": "Huean Chom Doi Koi Dao", "cat": ["hotel"], "province": "cm"}}, {"type": "Feature", "geometry": {"type": "Point", "coordinates": [98.9941328, 18.7614984]}, "properties": {"id": "cm-osm-way-355131507", "name": "แฟมิลี่", "nameTh": "แฟมิลี่", "nameEn": "Family Hotel", "cat": ["hotel"], "province": "cm"}}, {"type": "Feature", "geometry": {"type": "Point", "coordinates": [98.9960603, 18.7854168]}, "properties": {"id": "cm-osm-way-361099900", "name": "แมนดาลาเฮาส์", "nameTh": "แมนดาลาเฮาส์", "nameEn": "Mandala House", "cat": ["hotel"], "province": "cm"}}, {"type": "Feature", "geometry": {"type": "Point", "coordinates": [98.9814129, 18.7858642]}, "properties": {"id": "cm-osm-node-11347630573", "name": "แมมมอธ", "nameTh": "แมมมอธ", "nameEn": "Mammoth", "cat": ["hotel"], "province": "cm"}}, {"type": "Feature", "geometry": {"type": "Point", "coordinates": [98.9682126, 18.7952619]}, "properties": {"id": "cm-osm-node-5455608061", "name": "แอ่วนิมมาน", "nameTh": "แอ่วนิมมาน", "nameEn": "L Nimman Chiang Mai Noutique Hotel", "cat": ["hotel"], "province": "cm"}}, {"type": "Feature", "geometry": {"type": "Point", "coordinates": [98.9995815, 18.7662124]}, "properties": {"id": "cm-osm-way-448043209", "name": "โกลเด้นอินน์", "nameTh": "โกลเด้นอินน์", "nameEn": "Golden Inn", "cat": ["hotel"], "province": "cm"}}, {"type": "Feature", "geometry": {"type": "Point", "coordinates": [98.988551, 18.8380057]}, "properties": {"id": "cm-osm-node-5806583253", "name": "โรงแรม", "nameTh": "โรงแรม", "nameEn": null, "cat": ["hotel"], "province": "cm"}}, {"type": "Feature", "geometry": {"type": "Point", "coordinates": [99.0041846, 18.7577462]}, "properties": {"id": "cm-osm-way-255319096", "name": "โรงแรม ดีทาวน์ ลักกี้", "nameTh": "โรงแรม ดีทาวน์ ลักกี้", "nameEn": "D Town Lucky Hotel", "cat": ["hotel"], "province": "cm"}}, {"type": "Feature", "geometry": {"type": "Point", "coordinates": [98.9848535, 18.7961475]}, "properties": {"id": "cm-osm-way-246781054", "name": "โรงแรม บัวรายา", "nameTh": "โรงแรม บัวรายา", "nameEn": "Buaraya Hotel", "cat": ["hotel"], "province": "cm"}}, {"type": "Feature", "geometry": {"type": "Point", "coordinates": [99.0268717, 18.7672969]}, "properties": {"id": "cm-osm-way-521543182", "name": "โรงแรม บ้านคุณเชียงใหม่", "nameTh": "โรงแรม บ้านคุณเชียงใหม่", "nameEn": "Baan Khun", "cat": ["hotel"], "province": "cm"}}, {"type": "Feature", "geometry": {"type": "Point", "coordinates": [98.9908719, 18.7815578]}, "properties": {"id": "cm-osm-way-787400101", "name": "โรงแรม วิลล่า ลานธารา เชียงใหม่", "nameTh": "โรงแรม วิลล่า ลานธารา เชียงใหม่", "nameEn": "Villa Lantara", "cat": ["hotel"], "province": "cm"}}, {"type": "Feature", "geometry": {"type": "Point", "coordinates": [98.8435974, 18.7866694]}, "properties": {"id": "cm-osm-node-2438297981", "name": "โรงแรม สวนบัวรีสอร์ท", "nameTh": "โรงแรม สวนบัวรีสอร์ท", "nameEn": "Suan Bua Hotel & Resort", "cat": ["hotel"], "province": "cm"}}, {"type": "Feature", "geometry": {"type": "Point", "coordinates": [98.972831, 18.8010321]}, "properties": {"id": "cm-osm-way-322209655", "name": "โรงแรม แอทพิงค์นครห้วยแก้ว", "nameTh": "โรงแรม แอทพิงค์นครห้วยแก้ว", "nameEn": "At Pingnakorn Huaykaew", "cat": ["hotel"], "province": "cm"}}, {"type": "Feature", "geometry": {"type": "Point", "coordinates": [98.9704744, 18.796468]}, "properties": {"id": "cm-osm-way-97985636", "name": "โรงแรมกรีน พาเลช", "nameTh": "โรงแรมกรีน พาเลช", "nameEn": "Green Palace Hotel", "cat": ["hotel"], "province": "cm"}}, {"type": "Feature", "geometry": {"type": "Point", "coordinates": [98.9909081, 18.7834542]}, "properties": {"id": "cm-osm-way-392001581", "name": "โรงแรมคชสีห์ธานี เชียงใหม่", "nameTh": "โรงแรมคชสีห์ธานี เชียงใหม่", "nameEn": "Kodchasri Thani Chiangmai Hotel", "cat": ["hotel"], "province": "cm"}}, {"type": "Feature", "geometry": {"type": "Point", "coordinates": [98.9619213, 18.8008697]}, "properties": {"id": "cm-osm-way-529378771", "name": "โรงแรมชมดอยเฮ้าส์", "nameTh": "โรงแรมชมดอยเฮ้าส์", "nameEn": "Chomdoi House Hotel", "cat": ["hotel"], "province": "cm"}}, {"type": "Feature", "geometry": {"type": "Point", "coordinates": [98.985508, 18.7997155]}, "properties": {"id": "cm-osm-node-3298119428", "name": "โรงแรมช้างเผือก", "nameTh": "โรงแรมช้างเผือก", "nameEn": "Chang Puak Hotel", "cat": ["hotel"], "province": "cm"}}, {"type": "Feature", "geometry": {"type": "Point", "coordinates": [99.0035876, 18.7521047]}, "properties": {"id": "cm-osm-way-553145432", "name": "โรงแรมดิโอลด์ เชียงใหม่", "nameTh": "โรงแรมดิโอลด์ เชียงใหม่", "nameEn": "Hotel Di On Chiang Mai", "cat": ["hotel"], "province": "cm"}}, {"type": "Feature", "geometry": {"type": "Point", "coordinates": [98.9567619, 18.7873383]}, "properties": {"id": "cm-osm-node-1632390267", "name": "โรงแรมบ้านพ่อเลี้ยงหมื่น", "nameTh": "โรงแรมบ้านพ่อเลี้ยงหมื่น", "nameEn": null, "cat": ["hotel"], "province": "cm"}}, {"type": "Feature", "geometry": {"type": "Point", "coordinates": [99.0267139, 18.7739639]}, "properties": {"id": "cm-osm-way-668023011", "name": "โรงแรมบ้านร่มเย็น", "nameTh": "โรงแรมบ้านร่มเย็น", "nameEn": "Ban Rom Yen Hotel", "cat": ["hotel"], "province": "cm"}}, {"type": "Feature", "geometry": {"type": "Point", "coordinates": [98.9621222, 18.7902741]}, "properties": {"id": "cm-osm-way-635485287", "name": "โรงแรมพิงค์พะยอม", "nameTh": "โรงแรมพิงค์พะยอม", "nameEn": "Ping Payom Hotel", "cat": ["hotel"], "province": "cm"}}, {"type": "Feature", "geometry": {"type": "Point", "coordinates": [99.0161947, 18.7606887]}, "properties": {"id": "cm-osm-way-351756003", "name": "โรงแรมพูนเพชร", "nameTh": "โรงแรมพูนเพชร", "nameEn": "Poonpetch Hotel", "cat": ["hotel"], "province": "cm"}}, {"type": "Feature", "geometry": {"type": "Point", "coordinates": [98.9965506, 18.783171]}, "properties": {"id": "cm-osm-node-4113568018", "name": "โรงแรมมณฑา", "nameTh": "โรงแรมมณฑา", "nameEn": "Hotel Montha", "cat": ["hotel"], "province": "cm"}}, {"type": "Feature", "geometry": {"type": "Point", "coordinates": [98.9965379, 18.7831493]}, "properties": {"id": "cm-osm-way-334632632", "name": "โรงแรมมณฑา", "nameTh": "โรงแรมมณฑา", "nameEn": "Montha Hotel", "cat": ["hotel"], "province": "cm"}}, {"type": "Feature", "geometry": {"type": "Point", "coordinates": [98.999858, 18.7834295]}, "properties": {"id": "cm-osm-way-301472018", "name": "โรงแรมรอยัลปริ๊นเซส", "nameTh": "โรงแรมรอยัลปริ๊นเซส", "nameEn": "Dusit Princess Chiang Mai", "cat": ["hotel"], "province": "cm"}}, {"type": "Feature", "geometry": {"type": "Point", "coordinates": [99.0005166, 18.8006186]}, "properties": {"id": "cm-osm-way-193297061", "name": "โรงแรมรัตนโกสินทร์ เชียงใหม่", "nameTh": "โรงแรมรัตนโกสินทร์ เชียงใหม่", "nameEn": "Ratanakosin", "cat": ["hotel"], "province": "cm"}}, {"type": "Feature", "geometry": {"type": "Point", "coordinates": [98.9942872, 18.7880433]}, "properties": {"id": "cm-osm-node-2414318035", "name": "โรงแรมรุ่งเรือง", "nameTh": "โรงแรมรุ่งเรือง", "nameEn": "Roongruang Hotel", "cat": ["hotel"], "province": "cm"}}, {"type": "Feature", "geometry": {"type": "Point", "coordinates": [98.9897601, 18.8179732]}, "properties": {"id": "cm-osm-node-13100346001", "name": "โรงแรมรูมลานนา", "nameTh": "โรงแรมรูมลานนา", "nameEn": "Room Lanna Hotel", "cat": ["hotel"], "province": "cm"}}, {"type": "Feature", "geometry": {"type": "Point", "coordinates": [98.9990737, 18.7825191]}, "properties": {"id": "cm-osm-way-220977273", "name": "โรงแรมสตาร์", "nameTh": "โรงแรมสตาร์", "nameEn": null, "cat": ["hotel"], "province": "cm"}}, {"type": "Feature", "geometry": {"type": "Point", "coordinates": [98.9902932, 18.7919883]}, "properties": {"id": "cm-osm-way-361102351", "name": "โรงแรมสุมิตต์", "nameTh": "โรงแรมสุมิตต์", "nameEn": "Sumit", "cat": ["hotel"], "province": "cm"}}, {"type": "Feature", "geometry": {"type": "Point", "coordinates": [98.9896275, 18.7851258]}, "properties": {"id": "cm-osm-way-97801638", "name": "โรงแรมอโนดาต", "nameTh": "โรงแรมอโนดาต", "nameEn": "Anodard Hotel", "cat": ["hotel"], "province": "cm"}}, {"type": "Feature", "geometry": {"type": "Point", "coordinates": [98.9942234, 18.7892752]}, "properties": {"id": "cm-osm-node-6454037985", "name": "โรงแรมอโมรา ท่าแพ", "nameTh": "โรงแรมอโมรา ท่าแพ", "nameEn": "Haihostel", "cat": ["hotel"], "province": "cm"}}, {"type": "Feature", "geometry": {"type": "Point", "coordinates": [98.9953047, 18.8185924]}, "properties": {"id": "cm-osm-way-456888788", "name": "โรงแรมเชียงใหม่การ์เด้น", "nameTh": "โรงแรมเชียงใหม่การ์เด้น", "nameEn": "Chiang Mai Garden Hotel", "cat": ["hotel"], "province": "cm"}}, {"type": "Feature", "geometry": {"type": "Point", "coordinates": [98.9590206, 18.8045259]}, "properties": {"id": "cm-osm-relation-6562499", "name": "โรงแรมเชียงใหม่ภูคำ", "nameTh": "โรงแรมเชียงใหม่ภูคำ", "nameEn": "Phucome Hotel", "cat": ["hotel"], "province": "cm"}}, {"type": "Feature", "geometry": {"type": "Point", "coordinates": [98.9683909, 18.7978867]}, "properties": {"id": "cm-osm-node-1797002638", "name": "โรงแรมเมย์ฟลาวเวอร์", "nameTh": "โรงแรมเมย์ฟลาวเวอร์", "nameEn": "Mayflower Grande Hotel", "cat": ["hotel"], "province": "cm"}}, {"type": "Feature", "geometry": {"type": "Point", "coordinates": [98.995517, 18.7843972]}, "properties": {"id": "cm-osm-node-820792811", "name": "โรงแรมแทรเวลเลอร์อินน์", "nameTh": "โรงแรมแทรเวลเลอร์อินน์", "nameEn": "Traveller Inn", "cat": ["hotel"], "province": "cm"}}, {"type": "Feature", "geometry": {"type": "Point", "coordinates": [99.0018435, 18.7845722]}, "properties": {"id": "cm-osm-way-334798677", "name": "โรงแรมไนซ์บาซ่าร์ อินน์", "nameTh": "โรงแรมไนซ์บาซ่าร์ อินน์", "nameEn": "Night Bazaar Inn", "cat": ["hotel"], "province": "cm"}}, {"type": "Feature", "geometry": {"type": "Point", "coordinates": [98.9875292, 18.7803706]}, "properties": {"id": "cm-osm-way-260359497", "name": "โรมีน่า แรนด์ โฮเต็ล", "nameTh": "โรมีน่า แรนด์ โฮเต็ล", "nameEn": "Romena Grand Hotel", "cat": ["hotel"], "province": "cm"}}, {"type": "Feature", "geometry": {"type": "Point", "coordinates": [98.9937977, 18.7824249]}, "properties": {"id": "cm-osm-way-255987534", "name": "โฮมสเตย์ ไผ่", "nameTh": "โฮมสเตย์ ไผ่", "nameEn": "Homestay Phai", "cat": ["hotel"], "province": "cm"}}, {"type": "Feature", "geometry": {"type": "Point", "coordinates": [98.983421, 18.7766231]}, "properties": {"id": "cm-osm-node-11254991114", "name": "โฮเทลวัวลาย", "nameTh": "โฮเทลวัวลาย", "nameEn": "Hotel Wualai", "cat": ["hotel"], "province": "cm"}}, {"type": "Feature", "geometry": {"type": "Point", "coordinates": [98.9832169, 18.7816589]}, "properties": {"id": "cm-osm-way-537163649", "name": "ใจดี เฮ้าส์", "nameTh": "ใจดี เฮ้าส์", "nameEn": "Jaidee House", "cat": ["hotel"], "province": "cm"}}, {"type": "Feature", "geometry": {"type": "Point", "coordinates": [98.9940564, 18.7934471]}, "properties": {"id": "cm-osm-node-3414106791", "name": "ไมอามี่ โฮเต็ล", "nameTh": "ไมอามี่ โฮเต็ล", "nameEn": "Miami", "cat": ["hotel"], "province": "cm"}}, {"type": "Feature", "geometry": {"type": "Point", "coordinates": [98.9730664, 18.7975662]}, "properties": {"id": "cm-osm-node-5163388724", "name": "Ｓlow House", "nameTh": null, "nameEn": "Ｓlow House", "cat": ["hotel"], "province": "cm"}}]}