{"type": "FeatureCollection", "features": [{"type": "Feature", "geometry": {"type": "Point", "coordinates": [99.00065, 18.91561]}, "properties": {"id": "cm-dgth-fda-1018891775", "name": "108 ฟาร์มาซี", "nameTh": "108 ฟาร์มาซี", "nameEn": null, "cat": ["essentials", "medical"], "province": "cm", "slug": "108-1018891775", "rank": 2}}, {"type": "Feature", "geometry": {"type": "Point", "coordinates": [98.9232, 18.91479]}, "properties": {"id": "cm-dgth-fda-1159097263", "name": "79 ฟาร์มา", "nameTh": "79 ฟาร์มา", "nameEn": null, "cat": ["essentials", "medical"], "province": "cm", "slug": "79-1159097263", "rank": 2}}, {"type": "Feature", "geometry": {"type": "Point", "coordinates": [99.03565, 18.71088]}, "properties": {"id": "cm-dgth-fda-1735485425", "name": "88 ฟาร์มาซี", "nameTh": "88 ฟาร์มาซี", "nameEn": null, "cat": ["essentials", "medical"], "province": "cm", "slug": "88-1735485425", "rank": 2}}, {"type": "Feature", "geometry": {"type": "Point", "coordinates": [99.00902, 18.75204]}, "properties": {"id": "cm-osm-node-9252808361", "name": "89 Pharmacy", "nameTh": null, "nameEn": "89 Pharmacy", "cat": ["essentials", "medical"], "province": "cm", "slug": "89-pharmacy-9252808361", "rank": 1}}, {"type": "Feature", "geometry": {"type": "Point", "coordinates": [99.01023, 18.75675]}, "properties": {"id": "cm-dgth-fda-2140213931", "name": "89 ฟาร์มาซี", "nameTh": "89 ฟาร์มาซี", "nameEn": null, "cat": ["essentials", "medical"], "province": "cm", "slug": "89-2140213931", "rank": 2}}, {"type": "Feature", "geometry": {"type": "Point", "coordinates": [98.96604, 18.79618]}, "properties": {"id": "cm-osm-node-2685045433", "name": "99 Pharmacy", "nameTh": null, "nameEn": "99 Pharmacy", "cat": ["essentials", "medical"], "province": "cm", "slug": "99-pharmacy-2685045433", "rank": 1}}, {"type": "Feature", "geometry": {"type": "Point", "coordinates": [99.0139, 18.74317]}, "properties": {"id": "cm-osm-node-2207833035", "name": "@Barnya Pharmacy", "nameTh": "ณ บ้านยา", "nameEn": "@Barnya Pharmacy", "cat": ["essentials", "medical"], "province": "cm", "slug": "barnya-pharmacy-2207833035", "rank": 3}}, {"type": "Feature", "geometry": {"type": "Point", "coordinates": [99.01779, 18.76097]}, "properties": {"id": "cm-osm-way-241441796", "name": "Amway", "nameTh": null, "nameEn": "Amway", "cat": ["essentials", "medical"], "province": "cm", "slug": "amway-241441796", "rank": 1}}, {"type": "Feature", "geometry": {"type": "Point", "coordinates": [98.98462, 18.80217]}, "properties": {"id": "cm-osm-node-11250917910", "name": "Audimed Hearing Aid Center", "nameTh": null, "nameEn": "Audimed Hearing Aid Center", "cat": ["medical"], "province": "cm", "slug": "audimed-hearing-aid-center-11250917910", "rank": 4}}, {"type": "Feature", "geometry": {"type": "Point", "coordinates": [98.99198, 18.81838]}, "properties": {"id": "cm-osm-node-11135208605", "name": "Baan for Fun Dental Clinic", "nameTh": null, "nameEn": "Baan for Fun Dental Clinic", "cat": ["medical"], "province": "cm", "slug": "baan-for-fun-dental-clinic-11135208605", "rank": 1}}, {"type": "Feature", "geometry": {"type": "Point", "coordinates": [98.72141, 19.37832]}, "properties": {"id": "cm-osm-node-8568782929", "name": "Ban Mueang Khong Pharmacy", "nameTh": null, "nameEn": "Ban Mueang Khong Pharmacy", "cat": ["essentials", "medical"], "province": "cm", "slug": "ban-mueang-khong-pharmacy-8568782929", "rank": 1}}, {"type": "Feature", "geometry": {"type": "Point", "coordinates": [98.99481, 18.8832]}, "properties": {"id": "cm-osm-node-4419748688", "name": "Ban Wang Pong Clinic", "nameTh": null, "nameEn": "Ban Wang Pong Clinic", "cat": ["medical"], "province": "cm", "slug": "ban-wang-pong-clinic-4419748688", "rank": 1}}, {"type": "Feature", "geometry": {"type": "Point", "coordinates": [98.9695, 18.80515]}, "properties": {"id": "cm-osm-way-666272223", "name": "Bangkok Clinic", "nameTh": null, "nameEn": "Bangkok Clinic", "cat": ["medical"], "province": "cm", "slug": "bangkok-clinic-666272223", "rank": 1}}, {"type": "Feature", "geometry": {"type": "Point", "coordinates": [99.02654, 18.78873]}, "properties": {"id": "cm-osm-way-294031574", "name": "Bangkok Hospital", "nameTh": "โรงพยาบาลกรุงเทพ", "nameEn": "Bangkok Hospital", "cat": ["medical"], "province": "cm", "slug": "bangkok-hospital-294031574", "rank": 6}}, {"type": "Feature", "geometry": {"type": "Point", "coordinates": [98.96704, 18.80222]}, "properties": {"id": "cm-osm-node-13533539045", "name": "Boots", "nameTh": null, "nameEn": "Boots", "cat": ["essentials", "medical"], "province": "cm", "slug": "boots-13533539045", "rank": 1}}, {"type": "Feature", "geometry": {"type": "Point", "coordinates": [99.01849, 18.80006]}, "properties": {"id": "cm-osm-node-2666702743", "name": "Boots", "nameTh": null, "nameEn": "Boots", "cat": ["essentials", "medical"], "province": "cm", "slug": "boots-2666702743", "rank": 1}}, {"type": "Feature", "geometry": {"type": "Point", "coordinates": [98.96698, 18.80217]}, "properties": {"id": "cm-osm-node-3287356489", "name": "Boots", "nameTh": null, "nameEn": "Boots", "cat": ["essentials", "medical"], "province": "cm", "slug": "boots-3287356489", "rank": 2}}, {"type": "Feature", "geometry": {"type": "Point", "coordinates": [98.9754, 18.76961]}, "properties": {"id": "cm-osm-node-3347631780", "name": "Boots", "nameTh": null, "nameEn": "Boots", "cat": ["essentials", "medical"], "province": "cm", "slug": "boots-3347631780", "rank": 2}}, {"type": "Feature", "geometry": {"type": "Point", "coordinates": [99.00058, 18.78615]}, "properties": {"id": "cm-osm-node-3417307151", "name": "Boots", "nameTh": null, "nameEn": "Boots", "cat": ["essentials", "medical"], "province": "cm", "slug": "boots-3417307151", "rank": 1}}, {"type": "Feature", "geometry": {"type": "Point", "coordinates": [99.00849, 18.7538]}, "properties": {"id": "cm-osm-node-5201216299", "name": "Boots", "nameTh": null, "nameEn": "Boots", "cat": ["essentials", "medical"], "province": "cm", "slug": "boots-5201216299", "rank": 1}}, {"type": "Feature", "geometry": {"type": "Point", "coordinates": [98.99233, 18.78773]}, "properties": {"id": "cm-osm-node-5307478089", "name": "Boots", "nameTh": null, "nameEn": "Boots", "cat": ["essentials", "medical"], "province": "cm", "slug": "boots-5307478089", "rank": 1}}, {"type": "Feature", "geometry": {"type": "Point", "coordinates": [98.9829, 18.78869]}, "properties": {"id": "cm-osm-node-7023398691", "name": "Boots", "nameTh": null, "nameEn": "Boots", "cat": ["essentials", "medical"], "province": "cm", "slug": "boots-7023398691", "rank": 1}}, {"type": "Feature", "geometry": {"type": "Point", "coordinates": [98.96162, 18.74313]}, "properties": {"id": "cm-osm-node-907784581", "name": "Boots", "nameTh": null, "nameEn": "Boots", "cat": ["essentials", "medical"], "province": "cm", "slug": "boots-907784581", "rank": 1}}, {"type": "Feature", "geometry": {"type": "Point", "coordinates": [98.99397, 18.78803]}, "properties": {"id": "cm-osm-way-482773004", "name": "Boots", "nameTh": null, "nameEn": "Boots", "cat": ["essentials", "medical"], "province": "cm", "slug": "boots-482773004", "rank": 2}}, {"type": "Feature", "geometry": {"type": "Point", "coordinates": [98.98665, 18.78822]}, "properties": {"id": "cm-osm-node-6303088885", "name": "C&R", "nameTh": null, "nameEn": "Natural Herb", "cat": ["essentials", "medical"], "province": "cm", "slug": "natural-herb-6303088885", "rank": 1}}, {"type": "Feature", "geometry": {"type": "Point", "coordinates": [99.01105, 18.82359]}, "properties": {"id": "cm-osm-node-3558858078", "name": "CDC Dental Clinic", "nameTh": null, "nameEn": "CDC Dental Clinic", "cat": ["medical"], "province": "cm", "slug": "cdc-dental-clinic-3558858078", "rank": 1}}, {"type": "Feature", "geometry": {"type": "Point", "coordinates": [98.97539, 18.80024]}, "properties": {"id": "cm-osm-node-3311199585", "name": "CK Pharmacy", "nameTh": "กาแฟสารภี", "nameEn": "CK Pharmacy", "cat": ["essentials", "medical"], "province": "cm", "slug": "ck-pharmacy-3311199585", "rank": 3}}, {"type": "Feature", "geometry": {"type": "Point", "coordinates": [98.98202, 18.78402]}, "properties": {"id": "cm-osm-node-3388719794", "name": "Center of Thai Traditional and Complementary Medicine", "nameTh": null, "nameEn": "Center of Thai Traditional and Complementary Medicine", "cat": ["medical"], "province": "cm", "slug": "center-of-thai-traditional-and-complementary-medicine-3388719794", "rank": 2}}, {"type": "Feature", "geometry": {"type": "Point", "coordinates": [98.9539, 18.77686]}, "properties": {"id": "cm-osm-node-8893030795", "name": "Chain", "nameTh": null, "nameEn": "Chain", "cat": ["medical"], "province": "cm", "slug": "chain-8893030795", "rank": 1}}, {"type": "Feature", "geometry": {"type": "Point", "coordinates": [98.9813, 18.81053]}, "properties": {"id": "cm-osm-node-2143546185", "name": "Chang Mai Dental Hospital", "nameTh": null, "nameEn": "Chang Mai Dental Hospital", "cat": ["medical"], "province": "cm", "slug": "chang-mai-dental-hospital-2143546185", "rank": 2}}, {"type": "Feature", "geometry": {"type": "Point", "coordinates": [98.97011, 18.80953]}, "properties": {"id": "cm-osm-way-443315334", "name": "Chang Phuak Branch Nakorn Ping Hospital", "nameTh": null, "nameEn": "Chang Phuak Branch Nakorn Ping Hospital", "cat": ["medical"], "province": "cm", "slug": "chang-phuak-branch-nakorn-ping-hospital-443315334", "rank": 1}}, {"type": "Feature", "geometry": {"type": "Point", "coordinates": [98.97719, 18.79279]}, "properties": {"id": "cm-osm-way-679159746", "name": "Check up Centre / Anti-aging Centre", "nameTh": null, "nameEn": "Check up Centre / Anti-aging Centre", "cat": ["medical"], "province": "cm", "slug": "check-up-centre-anti-aging-centre-679159746", "rank": 1}}, {"type": "Feature", "geometry": {"type": "Point", "coordinates": [98.97436, 19.40363]}, "properties": {"id": "cm-osm-way-209372561", "name": "Chiang Dao Hospital", "nameTh": null, "nameEn": "Chiang Dao Hospital", "cat": ["medical"], "province": "cm", "slug": "chiang-dao-hospital-209372561", "rank": 1}}, {"type": "Feature", "geometry": {"type": "Point", "coordinates": [98.96129, 18.80217]}, "properties": {"id": "cm-curated-chiangmai-holistic", "name": "Chiang Mai Holistic", "nameTh": null, "nameEn": "Chiang Mai Holistic", "cat": ["medical"], "province": "cm", "slug": "chiang-mai-holistic-cmcuratedchiangmaiholistic", "rank": 4}}, {"type": "Feature", "geometry": {"type": "Point", "coordinates": [98.97176, 18.81324]}, "properties": {"id": "cm-osm-way-576783190", "name": "Chiang Mai IVF Polyclinic", "nameTh": null, "nameEn": "Chiang Mai IVF Polyclinic", "cat": ["medical"], "province": "cm", "slug": "chiang-mai-ivf-polyclinic-576783190", "rank": 1}}, {"type": "Feature", "geometry": {"type": "Point", "coordinates": [99.0124, 18.83353]}, "properties": {"id": "cm-osm-node-7916976085", "name": "Chiang Mai Osteopathy", "nameTh": null, "nameEn": "Chiang Mai Osteopathy", "cat": ["medical"], "province": "cm", "slug": "chiang-mai-osteopathy-7916976085", "rank": 3}}, {"type": "Feature", "geometry": {"type": "Point", "coordinates": [98.99633, 18.78123]}, "properties": {"id": "cm-osm-node-4759553025", "name": "ChiangMaiSmile Dental Clinic", "nameTh": null, "nameEn": "ChiangMaiSmile Dental Clinic", "cat": ["medical"], "province": "cm", "slug": "chiangmaismile-dental-clinic-4759553025", "rank": 1}}, {"type": "Feature", "geometry": {"type": "Point", "coordinates": [98.96634, 19.3748]}, "properties": {"id": "cm-osm-node-7856285081", "name": "Chiangdao dental clinic", "nameTh": null, "nameEn": "Chiangdao dental clinic", "cat": ["medical"], "province": "cm", "slug": "chiangdao-dental-clinic-7856285081", "rank": 1}}, {"type": "Feature", "geometry": {"type": "Point", "coordinates": [98.96735, 18.79932]}, "properties": {"id": "cm-osm-node-6561551296", "name": "Chiangmai International Dental Center", "nameTh": null, "nameEn": "Chiangmai International Dental Center", "cat": ["medical"], "province": "cm", "slug": "chiangmai-international-dental-center-6561551296", "rank": 5}}, {"type": "Feature", "geometry": {"type": "Point", "coordinates": [98.97209, 18.76079]}, "properties": {"id": "cm-osm-way-1111038755", "name": "Chiangmai Klaimor Hospital", "nameTh": null, "nameEn": "Chiangmai Klaimor Hospital", "cat": ["medical"], "province": "cm", "slug": "chiangmai-klaimor-hospital-1111038755", "rank": 1}}, {"type": "Feature", "geometry": {"type": "Point", "coordinates": [98.97785, 18.7928]}, "properties": {"id": "cm-osm-way-461273738", "name": "Chiangmai Ram Dental Center", "nameTh": null, "nameEn": "Chiangmai Ram Dental Center", "cat": ["medical"], "province": "cm", "slug": "chiangmai-ram-dental-center-461273738", "rank": 2}}, {"type": "Feature", "geometry": {"type": "Point", "coordinates": [98.97705, 18.79307]}, "properties": {"id": "cm-osm-way-1111972742", "name": "Chiangmai Ram Health Centre", "nameTh": null, "nameEn": "Chiangmai Ram Health Centre", "cat": ["medical"], "province": "cm", "slug": "chiangmai-ram-health-centre-1111972742", "rank": 1}}, {"type": "Feature", "geometry": {"type": "Point", "coordinates": [98.98483, 18.80472]}, "properties": {"id": "cm-osm-node-3298064153", "name": "Citrus Pharmacy", "nameTh": "ซีตรัส ฟาร์มาซี", "nameEn": "Citrus Pharmacy", "cat": ["essentials", "medical"], "province": "cm", "slug": "citrus-pharmacy-3298064153", "rank": 3}}, {"type": "Feature", "geometry": {"type": "Point", "coordinates": [99.0566, 18.75424]}, "properties": {"id": "cm-osm-node-8690208965", "name": "Citrus Pharmacy", "nameTh": null, "nameEn": "Citrus Pharmacy", "cat": ["essentials", "medical"], "province": "cm", "slug": "citrus-pharmacy-8690208965", "rank": 1}}, {"type": "Feature", "geometry": {"type": "Point", "coordinates": [98.95478, 18.73603]}, "properties": {"id": "cm-osm-node-8990301481", "name": "Citrus Pharmacy", "nameTh": null, "nameEn": "Citrus Pharmacy", "cat": ["essentials", "medical"], "province": "cm", "slug": "citrus-pharmacy-8990301481", "rank": 1}}, {"type": "Feature", "geometry": {"type": "Point", "coordinates": [98.98761, 18.76688]}, "properties": {"id": "cm-osm-way-844924728", "name": "Clinic กระดูกและข้อ", "nameTh": "Clinic กระดูกและข้อ", "nameEn": null, "cat": ["medical"], "province": "cm", "slug": "clinic-844924728", "rank": 1}}, {"type": "Feature", "geometry": {"type": "Point", "coordinates": [98.96129, 18.80217]}, "properties": {"id": "cm-curated-counselling-thailand", "name": "Counselling Thailand", "nameTh": null, "nameEn": "Counselling Thailand — Chiang Mai", "cat": ["medical"], "province": "cm", "slug": "counselling-thailand-chiang-mai-cmcuratedcounsellingthailand", "rank": 5}}, {"type": "Feature", "geometry": {"type": "Point", "coordinates": [98.97385, 18.81336]}, "properties": {"id": "cm-osm-node-13411824159", "name": "D.Vine", "nameTh": null, "nameEn": "D.Vine", "cat": ["medical"], "province": "cm", "slug": "d-vine-13411824159", "rank": 1}}, {"type": "Feature", "geometry": {"type": "Point", "coordinates": [98.97191, 18.79453]}, "properties": {"id": "cm-osm-node-3421207454", "name": "DC Dental Clinic", "nameTh": null, "nameEn": "DC Dental Clinic", "cat": ["medical"], "province": "cm", "slug": "dc-dental-clinic-3421207454", "rank": 1}}, {"type": "Feature", "geometry": {"type": "Point", "coordinates": [98.82177, 18.60014]}, "properties": {"id": "cm-osm-node-3382918877", "name": "Daily Drugs", "nameTh": null, "nameEn": "Daily Drugs", "cat": ["essentials", "medical"], "province": "cm", "slug": "daily-drugs-3382918877", "rank": 1}}, {"type": "Feature", "geometry": {"type": "Point", "coordinates": [98.96486, 18.61255]}, "properties": {"id": "cm-osm-node-5336919821", "name": "Dawn Rehab", "nameTh": null, "nameEn": "Dawn Rehab", "cat": ["medical"], "province": "cm", "slug": "dawn-rehab-5336919821", "rank": 1}}, {"type": "Feature", "geometry": {"type": "Point", "coordinates": [98.96579, 18.80781]}, "properties": {"id": "cm-osm-node-4385476590", "name": "Dent Corner", "nameTh": null, "nameEn": "Dent Corner", "cat": ["medical"], "province": "cm", "slug": "dent-corner-4385476590", "rank": 1}}, {"type": "Feature", "geometry": {"type": "Point", "coordinates": [98.99461, 18.78806]}, "properties": {"id": "cm-osm-node-2414315188", "name": "Dental 4U", "nameTh": null, "nameEn": "Dental 4U", "cat": ["medical"], "province": "cm", "slug": "dental-4u-2414315188", "rank": 3}}, {"type": "Feature", "geometry": {"type": "Point", "coordinates": [98.95896, 18.79148]}, "properties": {"id": "cm-osm-node-10744523184", "name": "Dental Buddy Clinic (เดนทัลบัดดี้คลินิก)", "nameTh": "Dental Buddy Clinic (เดนทัลบัดดี้คลินิก)", "nameEn": null, "cat": ["medical"], "province": "cm", "slug": "dental-buddy-clinic-10744523184", "rank": 1}}, {"type": "Feature", "geometry": {"type": "Point", "coordinates": [98.99334, 18.7814]}, "properties": {"id": "cm-osm-node-1618793914", "name": "Dental Center Dr. Somchai", "nameTh": null, "nameEn": "Dental Center Dr. Somchai", "cat": ["medical"], "province": "cm", "slug": "dental-center-dr-somchai-1618793914", "rank": 2}}, {"type": "Feature", "geometry": {"type": "Point", "coordinates": [98.9607, 18.80049]}, "properties": {"id": "cm-osm-node-6558265540", "name": "Dental Joy Clinic", "nameTh": null, "nameEn": "Dental Joy Clinic", "cat": ["medical"], "province": "cm", "slug": "dental-joy-clinic-6558265540", "rank": 1}}, {"type": "Feature", "geometry": {"type": "Point", "coordinates": [98.99887, 18.78109]}, "properties": {"id": "cm-osm-node-4559245762", "name": "Dental Studio Dental Clinic Chiangmai", "nameTh": null, "nameEn": "Dental Studio Dental Clinic Chiangmai", "cat": ["medical"], "province": "cm", "slug": "dental-studio-dental-clinic-chiangmai-4559245762", "rank": 2}}, {"type": "Feature", "geometry": {"type": "Point", "coordinates": [98.99246, 18.78077]}, "properties": {"id": "cm-osm-way-1115111496", "name": "Dental World (the oral health center)", "nameTh": null, "nameEn": "Dental World (the oral health center)", "cat": ["medical"], "province": "cm", "slug": "dental-world-the-oral-health-center-1115111496", "rank": 2}}, {"type": "Feature", "geometry": {"type": "Point", "coordinates": [98.96703, 18.79541]}, "properties": {"id": "cm-osm-node-3421293916", "name": "Dentaland", "nameTh": null, "nameEn": "Dentaland", "cat": ["medical"], "province": "cm", "slug": "dentaland-3421293916", "rank": 1}}, {"type": "Feature", "geometry": {"type": "Point", "coordinates": [98.95848, 19.55289]}, "properties": {"id": "cm-osm-way-844774158", "name": "District Health Promoting Hospital", "nameTh": null, "nameEn": "District Health Promoting Hospital", "cat": ["medical"], "province": "cm", "slug": "district-health-promoting-hospital-844774158", "rank": 1}}, {"type": "Feature", "geometry": {"type": "Point", "coordinates": [98.69073, 17.95027]}, "properties": {"id": "cm-osm-way-400746016", "name": "Doi Tao Hospital", "nameTh": null, "nameEn": "Doi Tao Hospital", "cat": ["medical"], "province": "cm", "slug": "doi-tao-hospital-400746016", "rank": 1}}, {"type": "Feature", "geometry": {"type": "Point", "coordinates": [98.98769, 18.72987]}, "properties": {"id": "cm-osm-way-373874038", "name": "Dok Kaew Gardens", "nameTh": null, "nameEn": "Dok Kaew Gardens", "cat": ["medical"], "province": "cm", "slug": "dok-kaew-gardens-373874038", "rank": 1}}, {"type": "Feature", "geometry": {"type": "Point", "coordinates": [98.97009, 18.8566]}, "properties": {"id": "cm-osm-way-1108465178", "name": "Donkaew Community Hospital", "nameTh": null, "nameEn": "Donkaew Community Hospital", "cat": ["medical"], "province": "cm", "slug": "donkaew-community-hospital-1108465178", "rank": 1}}, {"type": "Feature", "geometry": {"type": "Point", "coordinates": [98.9894, 18.73392]}, "properties": {"id": "cm-osm-node-4469809896", "name": "Dr Phitphit", "nameTh": "Dr Phitphit", "nameEn": null, "cat": ["medical"], "province": "cm", "slug": "dr-phitphit-4469809896", "rank": 1}}, {"type": "Feature", "geometry": {"type": "Point", "coordinates": [99.01854, 18.80739]}, "properties": {"id": "cm-osm-node-2865838902", "name": "Dr. Mar Clinic", "nameTh": null, "nameEn": "Dr. Mar Clinic", "cat": ["medical"], "province": "cm", "slug": "dr-mar-clinic-2865838902", "rank": 1}}, {"type": "Feature", "geometry": {"type": "Point", "coordinates": [98.99342, 18.7846]}, "properties": {"id": "cm-osm-node-6558570137", "name": "Dr. Som", "nameTh": null, "nameEn": "Dr. Som", "cat": ["medical"], "province": "cm", "slug": "dr-som-6558570137", "rank": 1}}, {"type": "Feature", "geometry": {"type": "Point", "coordinates": [98.98498, 18.79593]}, "properties": {"id": "cm-osm-node-6554077413", "name": "Dr. Venus", "nameTh": null, "nameEn": "Dr. Venus", "cat": ["medical"], "province": "cm", "slug": "dr-venus-6554077413", "rank": 1}}, {"type": "Feature", "geometry": {"type": "Point", "coordinates": [98.98133, 18.78239]}, "properties": {"id": "cm-osm-node-12543092215", "name": "Dr.Direk ophthalmic clinic", "nameTh": null, "nameEn": "Dr.Direk ophthalmic clinic", "cat": ["medical"], "province": "cm", "slug": "dr-direk-ophthalmic-clinic-12543092215", "rank": 2}}, {"type": "Feature", "geometry": {"type": "Point", "coordinates": [99.00049, 18.75638]}, "properties": {"id": "cm-osm-node-13955559401", "name": "Dr.Kittipan Dr. Amara : vascular clinic", "nameTh": null, "nameEn": "Dr.Kittipan Dr. Amara : vascular clinic", "cat": ["medical"], "province": "cm", "slug": "dr-kittipan-dr-amara-vascular-clinic-13955559401", "rank": 1}}, {"type": "Feature", "geometry": {"type": "Point", "coordinates": [99.02483, 18.79907]}, "properties": {"id": "cm-osm-node-4427268746", "name": "Drug & Beauty", "nameTh": null, "nameEn": "Drug & Beauty", "cat": ["essentials", "medical"], "province": "cm", "slug": "drug-beauty-4427268746", "rank": 1}}, {"type": "Feature", "geometry": {"type": "Point", "coordinates": [98.99433, 18.7848]}, "properties": {"id": "cm-osm-node-820836246", "name": "Drug Etc", "nameTh": "ร้านเภสัชกร", "nameEn": "Drug Etc", "cat": ["essentials", "medical"], "province": "cm", "slug": "drug-etc-820836246", "rank": 2}}, {"type": "Feature", "geometry": {"type": "Point", "coordinates": [98.99299, 18.7871]}, "properties": {"id": "cm-osm-node-7426389272", "name": "Drug Store", "nameTh": null, "nameEn": "Drug Store", "cat": ["essentials", "medical"], "province": "cm", "slug": "drug-store-7426389272", "rank": 1}}, {"type": "Feature", "geometry": {"type": "Point", "coordinates": [98.97217, 18.79505]}, "properties": {"id": "cm-osm-node-3420998759", "name": "Elite Dental Lab", "nameTh": null, "nameEn": "Elite Dental Lab", "cat": ["medical"], "province": "cm", "slug": "elite-dental-lab-3420998759", "rank": 1}}, {"type": "Feature", "geometry": {"type": "Point", "coordinates": [98.9997, 18.78142]}, "properties": {"id": "cm-osm-node-1685434037", "name": "Elite Smile", "nameTh": null, "nameEn": "Elite Smile", "cat": ["medical"], "province": "cm", "slug": "elite-smile-1685434037", "rank": 1}}, {"type": "Feature", "geometry": {"type": "Point", "coordinates": [98.93688, 18.74068]}, "properties": {"id": "cm-osm-node-4397224129", "name": "Empress Dental", "nameTh": null, "nameEn": "Empress Dental", "cat": ["medical"], "province": "cm", "slug": "empress-dental-4397224129", "rank": 1}}, {"type": "Feature", "geometry": {"type": "Point", "coordinates": [98.97389, 18.81307]}, "properties": {"id": "cm-osm-node-13411824164", "name": "Esthera Clinic", "nameTh": null, "nameEn": "Esthera Clinic", "cat": ["medical"], "province": "cm", "slug": "esthera-clinic-13411824164", "rank": 1}}, {"type": "Feature", "geometry": {"type": "Point", "coordinates": [98.97517, 18.7991]}, "properties": {"id": "cm-osm-node-13437706098", "name": "Eve Pharmacy", "nameTh": null, "nameEn": "Eve Pharmacy", "cat": ["essentials", "medical"], "province": "cm", "slug": "eve-pharmacy-13437706098", "rank": 3}}, {"type": "Feature", "geometry": {"type": "Point", "coordinates": [98.97237, 18.77228]}, "properties": {"id": "cm-osm-node-10220800728", "name": "Evergreen Pharma", "nameTh": null, "nameEn": "Evergreen Pharma", "cat": ["essentials", "medical"], "province": "cm", "slug": "evergreen-pharma-10220800728", "rank": 1}}, {"type": "Feature", "geometry": {"type": "Point", "coordinates": [99.01858, 18.80771]}, "properties": {"id": "cm-osm-node-2865838601", "name": "F. B. Medical Clinic", "nameTh": null, "nameEn": "F. B. Medical Clinic", "cat": ["medical"], "province": "cm", "slug": "f-b-medical-clinic-2865838601", "rank": 1}}, {"type": "Feature", "geometry": {"type": "Point", "coordinates": [98.95742, 18.79196]}, "properties": {"id": "cm-osm-node-6519106998", "name": "Fairy", "nameTh": null, "nameEn": "Fairy", "cat": ["medical"], "province": "cm", "slug": "fairy-6519106998", "rank": 1}}, {"type": "Feature", "geometry": {"type": "Point", "coordinates": [98.98359, 18.78955]}, "properties": {"id": "cm-osm-node-4213529541", "name": "Family Dental Clinic", "nameTh": null, "nameEn": "Family Dental Clinic", "cat": ["medical"], "province": "cm", "slug": "family-dental-clinic-4213529541", "rank": 1}}, {"type": "Feature", "geometry": {"type": "Point", "coordinates": [98.97363, 18.78891]}, "properties": {"id": "cm-osm-node-13459906301", "name": "Fascino", "nameTh": null, "nameEn": "Fascino", "cat": ["essentials", "medical"], "province": "cm", "slug": "fascino-13459906301", "rank": 1}}, {"type": "Feature", "geometry": {"type": "Point", "coordinates": [99.02172, 18.80701]}, "properties": {"id": "cm-osm-node-12603110749", "name": "Fascino Pharmacy", "nameTh": null, "nameEn": "Fascino Pharmacy", "cat": ["essentials", "medical"], "province": "cm", "slug": "fascino-pharmacy-12603110749", "rank": 1}}, {"type": "Feature", "geometry": {"type": "Point", "coordinates": [98.97709, 18.77174]}, "properties": {"id": "cm-osm-node-1030382176", "name": "First Drug", "nameTh": null, "nameEn": "First Drug", "cat": ["essentials", "medical"], "province": "cm", "slug": "first-drug-1030382176", "rank": 2}}, {"type": "Feature", "geometry": {"type": "Point", "coordinates": [99.01771, 18.80694]}, "properties": {"id": "cm-osm-node-2865805502", "name": "First Drug", "nameTh": null, "nameEn": "First Drug", "cat": ["essentials", "medical"], "province": "cm", "slug": "first-drug-2865805502", "rank": 1}}, {"type": "Feature", "geometry": {"type": "Point", "coordinates": [98.9755, 18.76931]}, "properties": {"id": "cm-osm-node-3347631784", "name": "First Drug", "nameTh": null, "nameEn": "First Drug", "cat": ["essentials", "medical"], "province": "cm", "slug": "first-drug-3347631784", "rank": 2}}, {"type": "Feature", "geometry": {"type": "Point", "coordinates": [98.9322, 18.70154]}, "properties": {"id": "cm-osm-node-3476127843", "name": "First Drug", "nameTh": null, "nameEn": "First Drug", "cat": ["essentials", "medical"], "province": "cm", "slug": "first-drug-3476127843", "rank": 1}}, {"type": "Feature", "geometry": {"type": "Point", "coordinates": [98.97137, 18.8464]}, "properties": {"id": "cm-osm-node-4480923147", "name": "First Drug", "nameTh": "เฟิร์สดรัก", "nameEn": "First Drug", "cat": ["essentials", "medical"], "province": "cm", "slug": "first-drug-4480923147", "rank": 2}}, {"type": "Feature", "geometry": {"type": "Point", "coordinates": [99.00562, 18.78347]}, "properties": {"id": "cm-osm-node-4509283283", "name": "First Drug", "nameTh": null, "nameEn": "First Drug", "cat": ["essentials", "medical"], "province": "cm", "slug": "first-drug-4509283283", "rank": 1}}, {"type": "Feature", "geometry": {"type": "Point", "coordinates": [98.96043, 18.80513]}, "properties": {"id": "cm-osm-node-4407877591", "name": "Fortune Dental Clinic", "nameTh": null, "nameEn": "Fortune Dental Clinic", "cat": ["medical"], "province": "cm", "slug": "fortune-dental-clinic-4407877591", "rank": 1}}, {"type": "Feature", "geometry": {"type": "Point", "coordinates": [98.98327, 18.76804]}, "properties": {"id": "cm-osm-node-8566596039", "name": "Fortune Dental Clinic", "nameTh": null, "nameEn": "Fortune Dental Clinic", "cat": ["medical"], "province": "cm", "slug": "fortune-dental-clinic-8566596039", "rank": 1}}, {"type": "Feature", "geometry": {"type": "Point", "coordinates": [98.99124, 18.76435]}, "properties": {"id": "cm-osm-node-9561715981", "name": "Free Medical Clinic", "nameTh": null, "nameEn": "Free Medical Clinic", "cat": ["medical"], "province": "cm", "slug": "free-medical-clinic-9561715981", "rank": 1}}, {"type": "Feature", "geometry": {"type": "Point", "coordinates": [99.01479, 18.87514]}, "properties": {"id": "cm-osm-node-12521893877", "name": "Goodwick Drugstore", "nameTh": null, "nameEn": "Goodwick Drugstore", "cat": ["essentials", "medical"], "province": "cm", "slug": "goodwick-drugstore-12521893877", "rank": 2}}, {"type": "Feature", "geometry": {"type": "Point", "coordinates": [98.99345, 18.78471]}, "properties": {"id": "cm-osm-node-2652777924", "name": "Goodwill Pharmacy", "nameTh": null, "nameEn": "Goodwill Pharmacy", "cat": ["essentials", "medical"], "province": "cm", "slug": "goodwill-pharmacy-2652777924", "rank": 1}}, {"type": "Feature", "geometry": {"type": "Point", "coordinates": [98.97007, 18.79689]}, "properties": {"id": "cm-osm-node-1797033659", "name": "Grace Dental Care", "nameTh": null, "nameEn": "Grace Dental Care", "cat": ["medical"], "province": "cm", "slug": "grace-dental-care-1797033659", "rank": 1}}, {"type": "Feature", "geometry": {"type": "Point", "coordinates": [98.97657, 18.77388]}, "properties": {"id": "cm-osm-way-249376159", "name": "GranDent Dental Clinic", "nameTh": null, "nameEn": "GranDent Dental Clinic", "cat": ["medical"], "province": "cm", "slug": "grandent-dental-clinic-249376159", "rank": 2}}, {"type": "Feature", "geometry": {"type": "Point", "coordinates": [98.94173, 18.74684]}, "properties": {"id": "cm-osm-node-3243798861", "name": "Greensafe", "nameTh": null, "nameEn": "Greensafe", "cat": ["essentials", "medical"], "province": "cm", "slug": "greensafe-3243798861", "rank": 1}}, {"type": "Feature", "geometry": {"type": "Point", "coordinates": [98.9737, 18.79567]}, "properties": {"id": "cm-osm-node-3420936694", "name": "Hair Transplant Center", "nameTh": null, "nameEn": "Hair Transplant Center", "cat": ["medical"], "province": "cm", "slug": "hair-transplant-center-3420936694", "rank": 1}}, {"type": "Feature", "geometry": {"type": "Point", "coordinates": [98.9287, 18.64388]}, "properties": {"id": "cm-osm-way-1256348501", "name": "Han Kaeo Tambon Health Promoting Hospital", "nameTh": null, "nameEn": "Han Kaeo Tambon Health Promoting Hospital", "cat": ["medical"], "province": "cm", "slug": "han-kaeo-tambon-health-promoting-hospital-1256348501", "rank": 1}}, {"type": "Feature", "geometry": {"type": "Point", "coordinates": [98.96852, 18.75646]}, "properties": {"id": "cm-osm-node-5265397323", "name": "Health Care Medical Clinic", "nameTh": null, "nameEn": "Health Care Medical Clinic", "cat": ["medical"], "province": "cm", "slug": "health-care-medical-clinic-5265397323", "rank": 4}}, {"type": "Feature", "geometry": {"type": "Point", "coordinates": [98.63002, 19.62704]}, "properties": {"id": "cm-osm-way-673808262", "name": "Health Centre", "nameTh": null, "nameEn": "Health Centre", "cat": ["medical"], "province": "cm", "slug": "health-centre-673808262", "rank": 1}}, {"type": "Feature", "geometry": {"type": "Point", "coordinates": [98.72249, 19.39262]}, "properties": {"id": "cm-osm-way-674032911", "name": "Health Centre", "nameTh": null, "nameEn": "Health Centre", "cat": ["medical"], "province": "cm", "slug": "health-centre-674032911", "rank": 1}}, {"type": "Feature", "geometry": {"type": "Point", "coordinates": [99.29972, 19.34441]}, "properties": {"id": "cm-osm-way-1234204170", "name": "Health Promoting Centre", "nameTh": null, "nameEn": "Health Promoting Centre", "cat": ["medical"], "province": "cm", "slug": "health-promoting-centre-1234204170", "rank": 1}}, {"type": "Feature", "geometry": {"type": "Point", "coordinates": [99.00631, 18.75954]}, "properties": {"id": "cm-osm-way-696418613", "name": "Health Restorative Clinic", "nameTh": null, "nameEn": "Health Restorative Clinic", "cat": ["medical"], "province": "cm", "slug": "health-restorative-clinic-696418613", "rank": 1}}, {"type": "Feature", "geometry": {"type": "Point", "coordinates": [98.98558, 18.86494]}, "properties": {"id": "cm-osm-node-11548828144", "name": "Heart Dental Clinic", "nameTh": null, "nameEn": "Heart Dental Clinic", "cat": ["medical"], "province": "cm", "slug": "heart-dental-clinic-11548828144", "rank": 2}}, {"type": "Feature", "geometry": {"type": "Point", "coordinates": [98.99945, 18.78041]}, "properties": {"id": "cm-osm-node-4449558138", "name": "Hollywood Smile", "nameTh": null, "nameEn": "Hollywood Smile", "cat": ["medical"], "province": "cm", "slug": "hollywood-smile-4449558138", "rank": 1}}, {"type": "Feature", "geometry": {"type": "Point", "coordinates": [98.97703, 18.79349]}, "properties": {"id": "cm-osm-way-1106554073", "name": "Home Health Care", "nameTh": null, "nameEn": "Home Health Care", "cat": ["medical"], "province": "cm", "slug": "home-health-care-1106554073", "rank": 1}}, {"type": "Feature", "geometry": {"type": "Point", "coordinates": [98.91725, 18.92006]}, "properties": {"id": "cm-osm-node-3340129242", "name": "Home Pharmacy", "nameTh": null, "nameEn": "Home Pharmacy", "cat": ["essentials", "medical"], "province": "cm", "slug": "home-pharmacy-3340129242", "rank": 1}}, {"type": "Feature", "geometry": {"type": "Point", "coordinates": [98.98225, 18.77599]}, "properties": {"id": "cm-osm-node-6352082387", "name": "House of Dentists", "nameTh": null, "nameEn": "House of Dentists", "cat": ["medical"], "province": "cm", "slug": "house-of-dentists-6352082387", "rank": 1}}, {"type": "Feature", "geometry": {"type": "Point", "coordinates": [98.95441, 18.74553]}, "properties": {"id": "cm-osm-node-2456846022", "name": "I Smile", "nameTh": null, "nameEn": "I Smile", "cat": ["medical"], "province": "cm", "slug": "i-smile-2456846022", "rank": 2}}, {"type": "Feature", "geometry": {"type": "Point", "coordinates": [99.0064, 18.75975]}, "properties": {"id": "cm-osm-way-696836599", "name": "Intercountry Centre for Oral Health", "nameTh": null, "nameEn": "Intercountry Centre for Oral Health", "cat": ["medical"], "province": "cm", "slug": "intercountry-centre-for-oral-health-696836599", "rank": 1}}, {"type": "Feature", "geometry": {"type": "Point", "coordinates": [98.99233, 18.79501]}, "properties": {"id": "cm-osm-way-492846847", "name": "Ivora", "nameTh": null, "nameEn": "Ivora", "cat": ["medical"], "province": "cm", "slug": "ivora-492846847", "rank": 1}}, {"type": "Feature", "geometry": {"type": "Point", "coordinates": [98.97386, 18.81328]}, "properties": {"id": "cm-osm-node-13411824162", "name": "JDC Dental Clinic", "nameTh": null, "nameEn": "JDC Dental Clinic", "cat": ["medical"], "province": "cm", "slug": "jdc-dental-clinic-13411824162", "rank": 1}}, {"type": "Feature", "geometry": {"type": "Point", "coordinates": [98.99314, 18.79081]}, "properties": {"id": "cm-osm-node-6973265152", "name": "Jaksu Pattana Eye Clinic", "nameTh": null, "nameEn": "Jaksu Pattana Eye Clinic", "cat": ["medical"], "province": "cm", "slug": "jaksu-pattana-eye-clinic-6973265152", "rank": 2}}, {"type": "Feature", "geometry": {"type": "Point", "coordinates": [99.0828, 18.76602]}, "properties": {"id": "cm-osm-node-4495318902", "name": "Kira Pharmacy", "nameTh": null, "nameEn": "Kira Pharmacy", "cat": ["essentials", "medical"], "province": "cm", "slug": "kira-pharmacy-4495318902", "rank": 1}}, {"type": "Feature", "geometry": {"type": "Point", "coordinates": [98.98714, 18.78097]}, "properties": {"id": "cm-osm-node-5030800523", "name": "Kitcha dental", "nameTh": null, "nameEn": "Kitcha dental", "cat": ["medical"], "province": "cm", "slug": "kitcha-dental-5030800523", "rank": 3}}, {"type": "Feature", "geometry": {"type": "Point", "coordinates": [98.97291, 18.81425]}, "properties": {"id": "cm-osm-way-576783166", "name": "Kullapat Medical Polyclinic", "nameTh": null, "nameEn": "Kullapat Medical Polyclinic", "cat": ["medical"], "province": "cm", "slug": "kullapat-medical-polyclinic-576783166", "rank": 1}}, {"type": "Feature", "geometry": {"type": "Point", "coordinates": [98.98876, 18.79494]}, "properties": {"id": "cm-osm-way-743769375", "name": "LDC dental center", "nameTh": null, "nameEn": "LDC dental center", "cat": ["medical"], "province": "cm", "slug": "ldc-dental-center-743769375", "rank": 1}}, {"type": "Feature", "geometry": {"type": "Point", "coordinates": [98.98779, 18.78154]}, "properties": {"id": "cm-osm-node-7426498834", "name": "Lanna Pharmacy", "nameTh": null, "nameEn": "Lanna Pharmacy", "cat": ["essentials", "medical"], "province": "cm", "slug": "lanna-pharmacy-7426498834", "rank": 1}}, {"type": "Feature", "geometry": {"type": "Point", "coordinates": [98.96608, 18.8077]}, "properties": {"id": "cm-osm-node-4385522690", "name": "Le' Rin Clinic", "nameTh": null, "nameEn": "Le' Rin Clinic", "cat": ["medical"], "province": "cm", "slug": "le-rin-clinic-4385522690", "rank": 1}}, {"type": "Feature", "geometry": {"type": "Point", "coordinates": [98.94603, 18.97394]}, "properties": {"id": "cm-osm-node-4594757864", "name": "Love Teath", "nameTh": null, "nameEn": "Love Teath", "cat": ["medical"], "province": "cm", "slug": "love-teath-4594757864", "rank": 1}}, {"type": "Feature", "geometry": {"type": "Point", "coordinates": [98.98469, 18.77881]}, "properties": {"id": "cm-osm-node-11965949469", "name": "M Square Polyclinic", "nameTh": null, "nameEn": "M Square Polyclinic", "cat": ["medical"], "province": "cm", "slug": "m-square-polyclinic-11965949469", "rank": 3}}, {"type": "Feature", "geometry": {"type": "Point", "coordinates": [98.97071, 18.79965]}, "properties": {"id": "cm-osm-node-3304475323", "name": "M-Brace Orthodontic Clinic", "nameTh": null, "nameEn": "M-Brace Orthodontic Clinic", "cat": ["medical"], "province": "cm", "slug": "m-brace-orthodontic-clinic-3304475323", "rank": 1}}, {"type": "Feature", "geometry": {"type": "Point", "coordinates": [98.97387, 18.80999]}, "properties": {"id": "cm-osm-node-10970962604", "name": "MIlada Thai-Chinese Medical Clinic", "nameTh": null, "nameEn": "MIlada Thai-Chinese Medical Clinic", "cat": ["medical"], "province": "cm", "slug": "milada-thai-chinese-medical-clinic-10970962604", "rank": 4}}, {"type": "Feature", "geometry": {"type": "Point", "coordinates": [98.97192, 18.79458]}, "properties": {"id": "cm-osm-node-3421207455", "name": "MV Clinic", "nameTh": null, "nameEn": "MV Clinic", "cat": ["medical"], "province": "cm", "slug": "mv-clinic-3421207455", "rank": 1}}, {"type": "Feature", "geometry": {"type": "Point", "coordinates": [99.30636, 18.86708]}, "properties": {"id": "cm-osm-node-12629910948", "name": "MY WELLA", "nameTh": null, "nameEn": "MY WELLA", "cat": ["medical"], "province": "cm", "slug": "my-wella-12629910948", "rank": 3}}, {"type": "Feature", "geometry": {"type": "Point", "coordinates": [99.00815, 18.75585]}, "properties": {"id": "cm-osm-node-4509307974", "name": "Maeraming", "nameTh": null, "nameEn": "Maeraming", "cat": ["essentials", "medical"], "province": "cm", "slug": "maeraming-4509307974", "rank": 1}}, {"type": "Feature", "geometry": {"type": "Point", "coordinates": [99.29903, 20.03361]}, "properties": {"id": "cm-osm-node-4462719451", "name": "Mai Ai Pharmacy", "nameTh": null, "nameEn": "Mai Ai Pharmacy", "cat": ["essentials", "medical"], "province": "cm", "slug": "mai-ai-pharmacy-4462719451", "rank": 1}}, {"type": "Feature", "geometry": {"type": "Point", "coordinates": [99.03103, 18.88775]}, "properties": {"id": "cm-osm-node-4598764189", "name": "Massage", "nameTh": "Massage", "nameEn": null, "cat": ["massage", "medical"], "province": "cm", "slug": "massage-4598764189", "rank": 1}}, {"type": "Feature", "geometry": {"type": "Point", "coordinates": [99.01381, 18.88535]}, "properties": {"id": "cm-osm-node-4358513168", "name": "Maysa dental", "nameTh": null, "nameEn": "Maysa dental", "cat": ["medical"], "province": "cm", "slug": "maysa-dental-4358513168", "rank": 1}}, {"type": "Feature", "geometry": {"type": "Point", "coordinates": [99.06175, 18.77476]}, "properties": {"id": "cm-osm-node-8624828724", "name": "Mint Dental Clinic", "nameTh": null, "nameEn": "Mint Dental Clinic", "cat": ["medical"], "province": "cm", "slug": "mint-dental-clinic-8624828724", "rank": 1}}, {"type": "Feature", "geometry": {"type": "Point", "coordinates": [98.97847, 18.79066]}, "properties": {"id": "cm-osm-node-3385507275", "name": "Modern Drug", "nameTh": null, "nameEn": "Modern Drug", "cat": ["essentials", "medical"], "province": "cm", "slug": "modern-drug-3385507275", "rank": 1}}, {"type": "Feature", "geometry": {"type": "Point", "coordinates": [98.92087, 18.96755]}, "properties": {"id": "cm-osm-node-5248793592", "name": "Mountain View Hospital", "nameTh": null, "nameEn": "Mountain View Hospital", "cat": ["medical"], "province": "cm", "slug": "mountain-view-hospital-5248793592", "rank": 1}}, {"type": "Feature", "geometry": {"type": "Point", "coordinates": [98.9678, 18.80725]}, "properties": {"id": "cm-osm-node-4766216568", "name": "N-smile Dental Clinic", "nameTh": null, "nameEn": "N-smile Dental Clinic", "cat": ["medical"], "province": "cm", "slug": "n-smile-dental-clinic-4766216568", "rank": 1}}, {"type": "Feature", "geometry": {"type": "Point", "coordinates": [98.98257, 18.78775]}, "properties": {"id": "cm-osm-node-6354525187", "name": "NAT Pharmacy", "nameTh": null, "nameEn": "NAT Pharmacy", "cat": ["essentials", "medical"], "province": "cm", "slug": "nat-pharmacy-6354525187", "rank": 2}}, {"type": "Feature", "geometry": {"type": "Point", "coordinates": [98.96428, 18.81974]}, "properties": {"id": "cm-osm-way-668012404", "name": "Narada Clinic", "nameTh": null, "nameEn": "Narada Clinic", "cat": ["medical"], "province": "cm", "slug": "narada-clinic-668012404", "rank": 2}}, {"type": "Feature", "geometry": {"type": "Point", "coordinates": [99.04166, 18.77398]}, "properties": {"id": "cm-osm-node-8690841998", "name": "Nawapoom Clinic", "nameTh": null, "nameEn": "Nawapoom Clinic", "cat": ["medical"], "province": "cm", "slug": "nawapoom-clinic-8690841998", "rank": 1}}, {"type": "Feature", "geometry": {"type": "Point", "coordinates": [99.01151, 18.89154]}, "properties": {"id": "cm-osm-node-4593007927", "name": "Neo Dent", "nameTh": null, "nameEn": "Neo Dent", "cat": ["medical"], "province": "cm", "slug": "neo-dent-4593007927", "rank": 1}}, {"type": "Feature", "geometry": {"type": "Point", "coordinates": [99.01819, 18.81982]}, "properties": {"id": "cm-osm-node-6592115397", "name": "Nicha Clinic", "nameTh": null, "nameEn": "Nicha Clinic", "cat": ["medical"], "province": "cm", "slug": "nicha-clinic-6592115397", "rank": 1}}, {"type": "Feature", "geometry": {"type": "Point", "coordinates": [99.01856, 18.80758]}, "properties": {"id": "cm-osm-node-2865838801", "name": "Nitipon Clinic", "nameTh": null, "nameEn": "Nitipon Clinic", "cat": ["medical"], "province": "cm", "slug": "nitipon-clinic-2865838801", "rank": 1}}, {"type": "Feature", "geometry": {"type": "Point", "coordinates": [98.98568, 18.80368]}, "properties": {"id": "cm-osm-node-2682524182", "name": "OK Dental Clinic", "nameTh": null, "nameEn": "OK Dental Clinic", "cat": ["medical"], "province": "cm", "slug": "ok-dental-clinic-2682524182", "rank": 1}}, {"type": "Feature", "geometry": {"type": "Point", "coordinates": [98.97083, 18.79058]}, "properties": {"id": "cm-osm-way-1103996217", "name": "OPD ศูนย์ศรีพัฒน์", "nameTh": "OPD ศูนย์ศรีพัฒน์", "nameEn": "OPD Sriphat Center", "cat": ["medical"], "province": "cm", "slug": "opd-sriphat-center-1103996217", "rank": 2}}, {"type": "Feature", "geometry": {"type": "Point", "coordinates": [98.95294, 18.79328]}, "properties": {"id": "cm-osm-node-7128510785", "name": "Open Wide", "nameTh": null, "nameEn": "Open Wide", "cat": ["medical"], "province": "cm", "slug": "open-wide-7128510785", "rank": 2}}, {"type": "Feature", "geometry": {"type": "Point", "coordinates": [98.94379, 18.77571]}, "properties": {"id": "cm-dgth-fda-3801213086", "name": "PP Pharmacy", "nameTh": null, "nameEn": "PP Pharmacy", "cat": ["essentials", "medical"], "province": "cm", "slug": "pp-pharmacy-3801213086", "rank": 2}}, {"type": "Feature", "geometry": {"type": "Point", "coordinates": [99.0191, 18.80054]}, "properties": {"id": "cm-osm-node-2002017642", "name": "PS Pharmacy", "nameTh": null, "nameEn": "PS Pharmacy", "cat": ["essentials", "medical"], "province": "cm", "slug": "ps-pharmacy-2002017642", "rank": 1}}, {"type": "Feature", "geometry": {"type": "Point", "coordinates": [99.00863, 18.82365]}, "properties": {"id": "cm-osm-way-411355067", "name": "Pachara Clinic", "nameTh": null, "nameEn": "Pachara Clinic", "cat": ["medical"], "province": "cm", "slug": "pachara-clinic-411355067", "rank": 2}}, {"type": "Feature", "geometry": {"type": "Point", "coordinates": [98.97083, 18.80534]}, "properties": {"id": "cm-osm-way-314669819", "name": "Panipha Clinic", "nameTh": null, "nameEn": "Panipha Clinic", "cat": ["medical"], "province": "cm", "slug": "panipha-clinic-314669819", "rank": 2}}, {"type": "Feature", "geometry": {"type": "Point", "coordinates": [98.99266, 18.78771]}, "properties": {"id": "cm-osm-node-7426282724", "name": "Peera Pharmacy", "nameTh": null, "nameEn": "Peera Pharmacy", "cat": ["essentials", "medical"], "province": "cm", "slug": "peera-pharmacy-7426282724", "rank": 2}}, {"type": "Feature", "geometry": {"type": "Point", "coordinates": [98.99767, 18.76853]}, "properties": {"id": "cm-osm-node-4836661028", "name": "Pet Clinic", "nameTh": null, "nameEn": "Pet Clinic", "cat": ["medical"], "province": "cm", "slug": "pet-clinic-4836661028", "rank": 1}}, {"type": "Feature", "geometry": {"type": "Point", "coordinates": [98.99416, 18.78503]}, "properties": {"id": "cm-osm-node-2113309878", "name": "PharmFriend", "nameTh": null, "nameEn": "PharmFriend", "cat": ["essentials", "medical"], "province": "cm", "slug": "pharmfriend-2113309878", "rank": 1}}, {"type": "Feature", "geometry": {"type": "Point", "coordinates": [98.97334, 18.78889]}, "properties": {"id": "cm-osm-node-4559256793", "name": "Pharma Choice", "nameTh": null, "nameEn": "Pharma Choice", "cat": ["essentials", "medical"], "province": "cm", "slug": "pharma-choice-4559256793", "rank": 2}}, {"type": "Feature", "geometry": {"type": "Point", "coordinates": [99.01193, 18.79963]}, "properties": {"id": "cm-osm-node-8712823741", "name": "Pharma Choice", "nameTh": null, "nameEn": "Pharma Choice", "cat": ["essentials", "medical"], "province": "cm", "slug": "pharma-choice-8712823741", "rank": 1}}, {"type": "Feature", "geometry": {"type": "Point", "coordinates": [98.95857, 18.78265]}, "properties": {"id": "cm-osm-node-8892041479", "name": "Pharma Choice", "nameTh": null, "nameEn": "Pharma Choice", "cat": ["essentials", "medical"], "province": "cm", "slug": "pharma-choice-8892041479", "rank": 3}}, {"type": "Feature", "geometry": {"type": "Point", "coordinates": [99.01858, 18.78528]}, "properties": {"id": "cm-osm-way-339329939", "name": "Pharma Choice", "nameTh": null, "nameEn": "Pharma Choice", "cat": ["essentials", "medical"], "province": "cm", "slug": "pharma-choice-339329939", "rank": 1}}, {"type": "Feature", "geometry": {"type": "Point", "coordinates": [98.96495, 18.74057]}, "properties": {"id": "cm-osm-node-10093942441", "name": "Pharma Mate", "nameTh": null, "nameEn": "Pharma Mate", "cat": ["essentials", "medical"], "province": "cm", "slug": "pharma-mate-10093942441", "rank": 1}}, {"type": "Feature", "geometry": {"type": "Point", "coordinates": [98.99256, 18.78772]}, "properties": {"id": "cm-osm-node-4918071821", "name": "Pharma Square", "nameTh": null, "nameEn": "Pharma Square", "cat": ["essentials", "medical"], "province": "cm", "slug": "pharma-square-4918071821", "rank": 1}}, {"type": "Feature", "geometry": {"type": "Point", "coordinates": [99.0299, 18.7696]}, "properties": {"id": "cm-osm-way-365937066", "name": "Pharma Way", "nameTh": null, "nameEn": "Pharma Way", "cat": ["essentials", "medical"], "province": "cm", "slug": "pharma-way-365937066", "rank": 1}}, {"type": "Feature", "geometry": {"type": "Point", "coordinates": [99.00915, 18.75298]}, "properties": {"id": "cm-osm-node-3331426911", "name": "Pharma \\Choice", "nameTh": null, "nameEn": "Pharma \\Choice", "cat": ["essentials", "medical"], "province": "cm", "slug": "pharma-choice-3331426911", "rank": 1}}, {"type": "Feature", "geometry": {"type": "Point", "coordinates": [98.99833, 18.78445]}, "properties": {"id": "cm-osm-node-2655166227", "name": "PharmaShop", "nameTh": null, "nameEn": "PharmaShop", "cat": ["essentials", "medical"], "province": "cm", "slug": "pharmashop-2655166227", "rank": 1}}, {"type": "Feature", "geometry": {"type": "Point", "coordinates": [98.96704, 18.80213]}, "properties": {"id": "cm-osm-node-3287356497", "name": "Pharmacare Plus", "nameTh": null, "nameEn": "Pharmacare Plus", "cat": ["essentials", "medical"], "province": "cm", "slug": "pharmacare-plus-3287356497", "rank": 1}}, {"type": "Feature", "geometry": {"type": "Point", "coordinates": [98.98569, 18.86516]}, "properties": {"id": "cm-osm-node-11420085364", "name": "Pharmacy", "nameTh": null, "nameEn": "Pharmacy", "cat": ["essentials", "medical"], "province": "cm", "slug": "pharmacy-11420085364", "rank": 1}}, {"type": "Feature", "geometry": {"type": "Point", "coordinates": [98.97054, 18.87927]}, "properties": {"id": "cm-osm-node-11707782228", "name": "Pharmacy", "nameTh": null, "nameEn": "Pharmacy", "cat": ["essentials", "medical"], "province": "cm", "slug": "pharmacy-11707782228", "rank": 2}}, {"type": "Feature", "geometry": {"type": "Point", "coordinates": [98.96733, 18.80196]}, "properties": {"id": "cm-osm-node-12586888806", "name": "Pharmacy", "nameTh": null, "nameEn": "Pharmacy", "cat": ["essentials", "medical"], "province": "cm", "slug": "pharmacy-12586888806", "rank": 1}}, {"type": "Feature", "geometry": {"type": "Point", "coordinates": [98.98885, 18.7818]}, "properties": {"id": "cm-osm-node-6250975985", "name": "Pharmacy", "nameTh": null, "nameEn": "Pharmacy", "cat": ["essentials", "medical"], "province": "cm", "slug": "pharmacy-6250975985", "rank": 1}}, {"type": "Feature", "geometry": {"type": "Point", "coordinates": [99.20758, 19.91346]}, "properties": {"id": "cm-osm-way-642848280", "name": "Pharmacy", "nameTh": "โชคทวีเภสัช", "nameEn": "Pharmacy", "cat": ["essentials", "medical"], "province": "cm", "slug": "pharmacy-642848280", "rank": 3}}, {"type": "Feature", "geometry": {"type": "Point", "coordinates": [98.97087, 18.79609]}, "properties": {"id": "cm-osm-node-3420974159", "name": "Pharmatist", "nameTh": null, "nameEn": "Pharmatist", "cat": ["essentials", "medical"], "province": "cm", "slug": "pharmatist-3420974159", "rank": 2}}, {"type": "Feature", "geometry": {"type": "Point", "coordinates": [98.98266, 18.78869]}, "properties": {"id": "cm-osm-node-2567784386", "name": "Phuping Pharmacy", "nameTh": null, "nameEn": "Phuping Pharmacy", "cat": ["essentials", "medical"], "province": "cm", "slug": "phuping-pharmacy-2567784386", "rank": 1}}, {"type": "Feature", "geometry": {"type": "Point", "coordinates": [98.97683, 18.79274]}, "properties": {"id": "cm-osm-way-679152516", "name": "Physical Therapy Centre", "nameTh": null, "nameEn": "Physical Therapy Centre", "cat": ["medical"], "province": "cm", "slug": "physical-therapy-centre-679152516", "rank": 1}}, {"type": "Feature", "geometry": {"type": "Point", "coordinates": [98.96435, 19.46407]}, "properties": {"id": "cm-osm-node-2678341649", "name": "Pink House", "nameTh": null, "nameEn": "Pink House", "cat": ["essentials", "medical"], "province": "cm", "slug": "pink-house-2678341649", "rank": 1}}, {"type": "Feature", "geometry": {"type": "Point", "coordinates": [98.99286, 18.78466]}, "properties": {"id": "cm-osm-node-3266576367", "name": "Pongsakorn Dental Clinic", "nameTh": null, "nameEn": "Pongsakorn Dental Clinic", "cat": ["medical"], "province": "cm", "slug": "pongsakorn-dental-clinic-3266576367", "rank": 1}}, {"type": "Feature", "geometry": {"type": "Point", "coordinates": [98.9931, 18.78965]}, "properties": {"id": "cm-osm-way-481723934", "name": "Pongsakorn Dental Clinic", "nameTh": null, "nameEn": "Pongsakorn Dental Clinic", "cat": ["medical"], "province": "cm", "slug": "pongsakorn-dental-clinic-481723934", "rank": 2}}, {"type": "Feature", "geometry": {"type": "Point", "coordinates": [98.97958, 18.8256]}, "properties": {"id": "cm-osm-node-4480934053", "name": "Poon", "nameTh": "คลินิกทันตกรรม หมอปูน", "nameEn": "Poon", "cat": ["medical"], "province": "cm", "slug": "poon-4480934053", "rank": 3}}, {"type": "Feature", "geometry": {"type": "Point", "coordinates": [98.99641, 18.78966]}, "properties": {"id": "cm-curated-prep-by-cwc", "name": "PrEP by CWC", "nameTh": null, "nameEn": "PrEP by CWC", "cat": ["medical"], "province": "cm", "slug": "prep-by-cwc-cmcuratedprepbycwc", "rank": 4}}, {"type": "Feature", "geometry": {"type": "Point", "coordinates": [98.98243, 18.81549]}, "properties": {"id": "cm-osm-node-4216612497", "name": "Premium Drug", "nameTh": null, "nameEn": "Premium Drug", "cat": ["essentials", "medical"], "province": "cm", "slug": "premium-drug-4216612497", "rank": 2}}, {"type": "Feature", "geometry": {"type": "Point", "coordinates": [98.98811, 18.72119]}, "properties": {"id": "cm-osm-node-11607143391", "name": "Prim Pharmacy", "nameTh": null, "nameEn": "Prim Pharmacy", "cat": ["essentials", "medical"], "province": "cm", "slug": "prim-pharmacy-11607143391", "rank": 1}}, {"type": "Feature", "geometry": {"type": "Point", "coordinates": [98.94786, 18.90252]}, "properties": {"id": "cm-osm-node-12513844010", "name": "Prompt Health Centre AMS CMU", "nameTh": null, "nameEn": "Prompt Health Centre AMS CMU", "cat": ["medical"], "province": "cm", "slug": "prompt-health-centre-ams-cmu-12513844010", "rank": 1}}, {"type": "Feature", "geometry": {"type": "Point", "coordinates": [98.98353, 18.7098]}, "properties": {"id": "cm-osm-node-11228627553", "name": "Pumrapee Chinese Medicine Clinic", "nameTh": null, "nameEn": "Pumrapee Chinese Medicine Clinic", "cat": ["medical"], "province": "cm", "slug": "pumrapee-chinese-medicine-clinic-11228627553", "rank": 3}}, {"type": "Feature", "geometry": {"type": "Point", "coordinates": [98.94591, 18.91232]}, "properties": {"id": "cm-osm-way-1456802846", "name": "Punyim", "nameTh": null, "nameEn": "Punyim", "cat": ["medical"], "province": "cm", "slug": "punyim-1456802846", "rank": 2}}, {"type": "Feature", "geometry": {"type": "Point", "coordinates": [98.96647, 18.798]}, "properties": {"id": "cm-osm-node-1074593976", "name": "Quality Drug", "nameTh": null, "nameEn": "Quality Drug", "cat": ["essentials", "medical"], "province": "cm", "slug": "quality-drug-1074593976", "rank": 1}}, {"type": "Feature", "geometry": {"type": "Point", "coordinates": [99.01856, 18.80765]}, "properties": {"id": "cm-osm-node-2865838701", "name": "Rajdhevee Clinic", "nameTh": null, "nameEn": "Rajdhevee Clinic", "cat": ["medical"], "province": "cm", "slug": "rajdhevee-clinic-2865838701", "rank": 1}}, {"type": "Feature", "geometry": {"type": "Point", "coordinates": [98.9705, 18.80011]}, "properties": {"id": "cm-osm-node-3304475327", "name": "Ratchaphuek Clinic", "nameTh": null, "nameEn": "Ratchaphuek Clinic", "cat": ["medical"], "province": "cm", "slug": "ratchaphuek-clinic-3304475327", "rank": 2}}, {"type": "Feature", "geometry": {"type": "Point", "coordinates": [98.97304, 18.7941]}, "properties": {"id": "cm-osm-node-3421245746", "name": "Ratika Skin Clinic", "nameTh": null, "nameEn": "Ratika Skin Clinic", "cat": ["medical"], "province": "cm", "slug": "ratika-skin-clinic-3421245746", "rank": 2}}, {"type": "Feature", "geometry": {"type": "Point", "coordinates": [98.99052, 18.79138]}, "properties": {"id": "cm-osm-way-578853348", "name": "Red Cross Blood donation centre", "nameTh": null, "nameEn": "Red Cross Blood donation centre", "cat": ["medical"], "province": "cm", "slug": "red-cross-blood-donation-centre-578853348", "rank": 2}}, {"type": "Feature", "geometry": {"type": "Point", "coordinates": [98.97744, 18.60983]}, "properties": {"id": "cm-osm-way-1257110438", "name": "Rimping Subdistrict Halth Promoting Hospital", "nameTh": null, "nameEn": "Rimping Subdistrict Halth Promoting Hospital", "cat": ["medical"], "province": "cm", "slug": "rimping-subdistrict-halth-promoting-hospital-1257110438", "rank": 1}}, {"type": "Feature", "geometry": {"type": "Point", "coordinates": [99.01854, 18.80746]}, "properties": {"id": "cm-osm-node-2865838901", "name": "Romrawin Clinic", "nameTh": null, "nameEn": "Romrawin Clinic", "cat": ["medical"], "province": "cm", "slug": "romrawin-clinic-2865838901", "rank": 1}}, {"type": "Feature", "geometry": {"type": "Point", "coordinates": [98.96531, 18.79492]}, "properties": {"id": "cm-osm-node-11382625121", "name": "SS Dental Clinic", "nameTh": null, "nameEn": "SS Dental Clinic", "cat": ["medical"], "province": "cm", "slug": "ss-dental-clinic-11382625121", "rank": 1}}, {"type": "Feature", "geometry": {"type": "Point", "coordinates": [98.97222, 18.79505]}, "properties": {"id": "cm-osm-node-3420998761", "name": "Sarinya Clinic", "nameTh": null, "nameEn": "Sarinya Clinic", "cat": ["medical"], "province": "cm", "slug": "sarinya-clinic-3420998761", "rank": 2}}, {"type": "Feature", "geometry": {"type": "Point", "coordinates": [99.02556, 18.78926]}, "properties": {"id": "cm-osm-node-5406305301", "name": "Save Drug", "nameTh": null, "nameEn": "Save Drug", "cat": ["essentials", "medical"], "province": "cm", "slug": "save-drug-5406305301", "rank": 1}}, {"type": "Feature", "geometry": {"type": "Point", "coordinates": [98.97249, 18.78892]}, "properties": {"id": "cm-osm-node-12486500701", "name": "Shandon Pharma", "nameTh": null, "nameEn": "Shandon Pharma", "cat": ["essentials", "medical"], "province": "cm", "slug": "shandon-pharma-12486500701", "rank": 2}}, {"type": "Feature", "geometry": {"type": "Point", "coordinates": [98.96297, 18.82266]}, "properties": {"id": "cm-osm-way-279091286", "name": "Sireebanya Medical Clinic", "nameTh": null, "nameEn": "Sireebanya Medical Clinic", "cat": ["medical"], "province": "cm", "slug": "sireebanya-medical-clinic-279091286", "rank": 2}}, {"type": "Feature", "geometry": {"type": "Point", "coordinates": [98.97751, 18.79277]}, "properties": {"id": "cm-osm-way-679152513", "name": "Skin Centre", "nameTh": null, "nameEn": "Skin Centre", "cat": ["medical"], "province": "cm", "slug": "skin-centre-679152513", "rank": 2}}, {"type": "Feature", "geometry": {"type": "Point", "coordinates": [98.98762, 18.79375]}, "properties": {"id": "cm-osm-node-6611483885", "name": "Skin clinic", "nameTh": null, "nameEn": "Skin clinic", "cat": ["medical"], "province": "cm", "slug": "skin-clinic-6611483885", "rank": 1}}, {"type": "Feature", "geometry": {"type": "Point", "coordinates": [98.97159, 18.80759]}, "properties": {"id": "cm-osm-node-6994689098", "name": "Smile 32", "nameTh": null, "nameEn": "Smile 32", "cat": ["medical"], "province": "cm", "slug": "smile-32-6994689098", "rank": 1}}, {"type": "Feature", "geometry": {"type": "Point", "coordinates": [98.97706, 18.77433]}, "properties": {"id": "cm-osm-node-6992284787", "name": "Smile Boutique", "nameTh": null, "nameEn": "Smile Boutique", "cat": ["medical"], "province": "cm", "slug": "smile-boutique-6992284787", "rank": 1}}, {"type": "Feature", "geometry": {"type": "Point", "coordinates": [98.97261, 18.79342]}, "properties": {"id": "cm-osm-node-2810979301", "name": "Smile Line", "nameTh": null, "nameEn": "Smile Line", "cat": ["medical"], "province": "cm", "slug": "smile-line-2810979301", "rank": 3}}, {"type": "Feature", "geometry": {"type": "Point", "coordinates": [98.97076, 18.79779]}, "properties": {"id": "cm-osm-way-696717704", "name": "Smile Line", "nameTh": null, "nameEn": "Smile Line", "cat": ["medical"], "province": "cm", "slug": "smile-line-696717704", "rank": 1}}, {"type": "Feature", "geometry": {"type": "Point", "coordinates": [99.00986, 18.89342]}, "properties": {"id": "cm-osm-node-11846261913", "name": "So good dental clinic (คลินิกทันตกรรมโซกู๊ด)", "nameTh": "So good dental clinic (คลินิกทันตกรรมโซกู๊ด)", "nameEn": null, "cat": ["medical"], "province": "cm", "slug": "so-good-dental-clinic-11846261913", "rank": 2}}, {"type": "Feature", "geometry": {"type": "Point", "coordinates": [98.98453, 18.80987]}, "properties": {"id": "cm-osm-way-209762045", "name": "Sor Pasert Pharmacy", "nameTh": null, "nameEn": "Sor Pasert Pharmacy", "cat": ["essentials", "medical"], "province": "cm", "slug": "sor-pasert-pharmacy-209762045", "rank": 1}}, {"type": "Feature", "geometry": {"type": "Point", "coordinates": [98.97061, 18.78998]}, "properties": {"id": "cm-osm-node-3369589473", "name": "Sriphat Imaging Centre", "nameTh": null, "nameEn": "Sriphat Imaging Centre", "cat": ["medical"], "province": "cm", "slug": "sriphat-imaging-centre-3369589473", "rank": 2}}, {"type": "Feature", "geometry": {"type": "Point", "coordinates": [98.85967, 18.5216]}, "properties": {"id": "cm-osm-way-1353158890", "name": "Subdistrict Health Promoting Hospital", "nameTh": null, "nameEn": "Subdistrict Health Promoting Hospital", "cat": ["medical"], "province": "cm", "slug": "subdistrict-health-promoting-hospital-1353158890", "rank": 1}}, {"type": "Feature", "geometry": {"type": "Point", "coordinates": [98.96265, 18.78921]}, "properties": {"id": "cm-osm-node-5425850221", "name": "Sun Clinic Chiang Mai", "nameTh": null, "nameEn": "Sun Clinic Chiang Mai", "cat": ["medical"], "province": "cm", "slug": "sun-clinic-chiang-mai-5425850221", "rank": 1}}, {"type": "Feature", "geometry": {"type": "Point", "coordinates": [99.02538, 18.78946]}, "properties": {"id": "cm-osm-node-2595902501", "name": "Super Drug", "nameTh": null, "nameEn": "Super Drug", "cat": ["essentials", "medical"], "province": "cm", "slug": "super-drug-2595902501", "rank": 2}}, {"type": "Feature", "geometry": {"type": "Point", "coordinates": [99.00065, 18.91561]}, "properties": {"id": "cm-dgth-fda-0313028550", "name": "Syrup Pharmacy ร้านยาซีรัป", "nameTh": "Syrup Pharmacy ร้านยาซีรัป", "nameEn": null, "cat": ["essentials", "medical"], "province": "cm", "slug": "syrup-pharmacy-0313028550", "rank": 2}}, {"type": "Feature", "geometry": {"type": "Point", "coordinates": [99.0024, 18.82364]}, "properties": {"id": "cm-osm-node-11215121810", "name": "TTC Spa School", "nameTh": null, "nameEn": "TTC Spa School", "cat": ["medical"], "province": "cm", "slug": "ttc-spa-school-11215121810", "rank": 3}}, {"type": "Feature", "geometry": {"type": "Point", "coordinates": [98.98076, 18.77609]}, "properties": {"id": "cm-osm-node-6322159249", "name": "Tanawat Clinic Orthopaedics", "nameTh": null, "nameEn": "Tanawat Clinic Orthopaedics", "cat": ["medical"], "province": "cm", "slug": "tanawat-clinic-orthopaedics-6322159249", "rank": 2}}, {"type": "Feature", "geometry": {"type": "Point", "coordinates": [99.03264, 18.7597]}, "properties": {"id": "cm-osm-node-2969749033", "name": "The Bridge of Life", "nameTh": null, "nameEn": "The Bridge of Life", "cat": ["medical"], "province": "cm", "slug": "the-bridge-of-life-2969749033", "rank": 1}}, {"type": "Feature", "geometry": {"type": "Point", "coordinates": [98.92191, 18.96762]}, "properties": {"id": "cm-osm-way-542929587", "name": "The Cabin", "nameTh": null, "nameEn": "The Cabin", "cat": ["medical"], "province": "cm", "slug": "the-cabin-542929587", "rank": 3}}, {"type": "Feature", "geometry": {"type": "Point", "coordinates": [99.09462, 18.86615]}, "properties": {"id": "cm-osm-node-13758871237", "name": "The Inner Longeity & Well-Being", "nameTh": null, "nameEn": "The Inner Longeity & Well-Being", "cat": ["medical"], "province": "cm", "slug": "the-inner-longeity-well-being-13758871237", "rank": 2}}, {"type": "Feature", "geometry": {"type": "Point", "coordinates": [99.0, 18.78303]}, "properties": {"id": "cm-osm-node-2610123177", "name": "The Pharma C", "nameTh": null, "nameEn": "The Pharma C", "cat": ["essentials", "medical"], "province": "cm", "slug": "the-pharma-c-2610123177", "rank": 1}}, {"type": "Feature", "geometry": {"type": "Point", "coordinates": [98.98279, 18.80937]}, "properties": {"id": "cm-osm-node-7053637677", "name": "The River Rehab", "nameTh": null, "nameEn": "The River Rehab", "cat": ["medical"], "province": "cm", "slug": "the-river-rehab-7053637677", "rank": 3}}, {"type": "Feature", "geometry": {"type": "Point", "coordinates": [98.99459, 18.78107]}, "properties": {"id": "cm-osm-node-7595842186", "name": "Tooth House", "nameTh": null, "nameEn": "Tooth House", "cat": ["medical"], "province": "cm", "slug": "tooth-house-7595842186", "rank": 3}}, {"type": "Feature", "geometry": {"type": "Point", "coordinates": [98.9511, 18.79386]}, "properties": {"id": "cm-osm-node-7106487586", "name": "Tooth time", "nameTh": null, "nameEn": "Tooth time", "cat": ["medical"], "province": "cm", "slug": "tooth-time-7106487586", "rank": 1}}, {"type": "Feature", "geometry": {"type": "Point", "coordinates": [98.96704, 18.80265]}, "properties": {"id": "cm-osm-node-11609521632", "name": "Tsuruha", "nameTh": null, "nameEn": "Tsuruha", "cat": ["essentials", "medical"], "province": "cm", "slug": "tsuruha-11609521632", "rank": 1}}, {"type": "Feature", "geometry": {"type": "Point", "coordinates": [98.97391, 18.81298]}, "properties": {"id": "cm-osm-node-13411824165", "name": "U-shine Aesthetic Clinic", "nameTh": null, "nameEn": "U-shine Aesthetic Clinic", "cat": ["medical"], "province": "cm", "slug": "u-shine-aesthetic-clinic-13411824165", "rank": 1}}, {"type": "Feature", "geometry": {"type": "Point", "coordinates": [98.99363, 18.78689]}, "properties": {"id": "cm-osm-node-3322998498", "name": "V-Smile", "nameTh": null, "nameEn": "V-Smile", "cat": ["medical"], "province": "cm", "slug": "v-smile-3322998498", "rank": 2}}, {"type": "Feature", "geometry": {"type": "Point", "coordinates": [98.97937, 18.80109]}, "properties": {"id": "cm-osm-node-11936097570", "name": "VP Dental Clinic", "nameTh": null, "nameEn": "VP Dental Clinic", "cat": ["medical"], "province": "cm", "slug": "vp-dental-clinic-11936097570", "rank": 3}}, {"type": "Feature", "geometry": {"type": "Point", "coordinates": [99.01767, 18.75946]}, "properties": {"id": "cm-osm-node-13423112414", "name": "VV Clinic", "nameTh": null, "nameEn": "VV Clinic", "cat": ["medical"], "province": "cm", "slug": "vv-clinic-13423112414", "rank": 1}}, {"type": "Feature", "geometry": {"type": "Point", "coordinates": [98.27625, 19.05807]}, "properties": {"id": "cm-osm-way-735052086", "name": "Village Hospital", "nameTh": null, "nameEn": "Village Hospital", "cat": ["medical"], "province": "cm", "slug": "village-hospital-735052086", "rank": 1}}, {"type": "Feature", "geometry": {"type": "Point", "coordinates": [98.99974, 18.77741]}, "properties": {"id": "cm-osm-node-11596822006", "name": "Virush-kibkul Dental Clinic", "nameTh": null, "nameEn": "Virush-kibkul Dental Clinic", "cat": ["medical"], "province": "cm", "slug": "virush-kibkul-dental-clinic-11596822006", "rank": 1}}, {"type": "Feature", "geometry": {"type": "Point", "coordinates": [98.98842, 18.78603]}, "properties": {"id": "cm-osm-node-7026355500", "name": "Vitamin H Pharmacy & Beauty Bar", "nameTh": null, "nameEn": "Vitamin H Pharmacy & Beauty Bar", "cat": ["essentials", "medical"], "province": "cm", "slug": "vitamin-h-pharmacy-beauty-bar-7026355500", "rank": 1}}, {"type": "Feature", "geometry": {"type": "Point", "coordinates": [98.31579, 19.07762]}, "properties": {"id": "cm-osm-way-317555398", "name": "Wat Chan Hospital", "nameTh": null, "nameEn": "Wat Chan Hospital", "cat": ["medical"], "province": "cm", "slug": "wat-chan-hospital-317555398", "rank": 1}}, {"type": "Feature", "geometry": {"type": "Point", "coordinates": [98.93218, 18.70175]}, "properties": {"id": "cm-osm-node-3476127842", "name": "Watson", "nameTh": null, "nameEn": "Watson", "cat": ["essentials", "medical"], "province": "cm", "slug": "watson-3476127842", "rank": 1}}, {"type": "Feature", "geometry": {"type": "Point", "coordinates": [98.96702, 18.80264]}, "properties": {"id": "cm-osm-node-3287356500", "name": "Watsons", "nameTh": null, "nameEn": "Watsons", "cat": ["essentials", "medical"], "province": "cm", "slug": "watsons-3287356500", "rank": 1}}, {"type": "Feature", "geometry": {"type": "Point", "coordinates": [98.97589, 18.76934]}, "properties": {"id": "cm-osm-node-3347633210", "name": "Watsons", "nameTh": null, "nameEn": "Watsons", "cat": ["essentials", "medical"], "province": "cm", "slug": "watsons-3347633210", "rank": 2}}, {"type": "Feature", "geometry": {"type": "Point", "coordinates": [98.97481, 18.76883]}, "properties": {"id": "cm-osm-node-3347677637", "name": "Watsons", "nameTh": null, "nameEn": "Watsons", "cat": ["essentials", "medical"], "province": "cm", "slug": "watsons-3347677637", "rank": 2}}, {"type": "Feature", "geometry": {"type": "Point", "coordinates": [99.01083, 18.82355]}, "properties": {"id": "cm-osm-node-3558878351", "name": "Watsons", "nameTh": null, "nameEn": "Watsons", "cat": ["essentials", "medical"], "province": "cm", "slug": "watsons-3558878351", "rank": 1}}, {"type": "Feature", "geometry": {"type": "Point", "coordinates": [98.96546, 18.78948]}, "properties": {"id": "cm-osm-node-4360076765", "name": "Watsons", "nameTh": null, "nameEn": "Watsons", "cat": ["essentials", "medical"], "province": "cm", "slug": "watsons-4360076765", "rank": 1}}, {"type": "Feature", "geometry": {"type": "Point", "coordinates": [98.99895, 18.77211]}, "properties": {"id": "cm-osm-node-4449570557", "name": "Watsons", "nameTh": null, "nameEn": "Watsons", "cat": ["essentials", "medical"], "province": "cm", "slug": "watsons-4449570557", "rank": 1}}, {"type": "Feature", "geometry": {"type": "Point", "coordinates": [99.00901, 18.7521]}, "properties": {"id": "cm-osm-node-9252808362", "name": "Watsons", "nameTh": null, "nameEn": "Watsons", "cat": ["essentials", "medical"], "province": "cm", "slug": "watsons-9252808362", "rank": 1}}, {"type": "Feature", "geometry": {"type": "Point", "coordinates": [98.97845, 18.80271]}, "properties": {"id": "cm-osm-node-3283879619", "name": "Wellcare", "nameTh": null, "nameEn": "Wellcare", "cat": ["essentials", "medical"], "province": "cm", "slug": "wellcare-3283879619", "rank": 1}}, {"type": "Feature", "geometry": {"type": "Point", "coordinates": [99.21223, 19.91812]}, "properties": {"id": "cm-osm-node-6180577690", "name": "Wiang Fang Pharmacy", "nameTh": null, "nameEn": "Wiang Fang Pharmacy", "cat": ["essentials", "medical"], "province": "cm", "slug": "wiang-fang-pharmacy-6180577690", "rank": 1}}, {"type": "Feature", "geometry": {"type": "Point", "coordinates": [98.63573, 19.56011]}, "properties": {"id": "cm-osm-way-388093043", "name": "Wiang Haeng Hospital", "nameTh": null, "nameEn": "Wiang Haeng Hospital", "cat": ["medical"], "province": "cm", "slug": "wiang-haeng-hospital-388093043", "rank": 1}}, {"type": "Feature", "geometry": {"type": "Point", "coordinates": [98.97394, 18.80836]}, "properties": {"id": "cm-osm-node-3184683030", "name": "XC Clinic", "nameTh": null, "nameEn": "XC Clinic", "cat": ["medical"], "province": "cm", "slug": "xc-clinic-3184683030", "rank": 1}}, {"type": "Feature", "geometry": {"type": "Point", "coordinates": [98.99787, 18.79154]}, "properties": {"id": "cm-osm-node-2655274611", "name": "cheek2cheek", "nameTh": null, "nameEn": "cheek2cheek", "cat": ["medical"], "province": "cm", "slug": "cheek2cheek-2655274611", "rank": 1}}, {"type": "Feature", "geometry": {"type": "Point", "coordinates": [99.00133, 18.78988]}, "properties": {"id": "cm-osm-way-1015826851", "name": "chinese herb store", "nameTh": null, "nameEn": "chinese herb store", "cat": ["medical"], "province": "cm", "slug": "chinese-herb-store-1015826851", "rank": 1}}, {"type": "Feature", "geometry": {"type": "Point", "coordinates": [98.36347, 18.49951]}, "properties": {"id": "cm-osm-node-6275683685", "name": "pharmacy", "nameTh": null, "nameEn": "pharmacy", "cat": ["essentials", "medical"], "province": "cm", "slug": "pharmacy-6275683685", "rank": 1}}, {"type": "Feature", "geometry": {"type": "Point", "coordinates": [98.97833, 18.80343]}, "properties": {"id": "cm-osm-node-3283898388", "name": "กนกศักดิ์เภสัช", "nameTh": "กนกศักดิ์เภสัช", "nameEn": "Kanok Sak", "cat": ["essentials", "medical"], "province": "cm", "slug": "kanok-sak-3283898388", "rank": 3}}, {"type": "Feature", "geometry": {"type": "Point", "coordinates": [98.96952, 18.78978]}, "properties": {"id": "cm-moph-0114210300023", "name": "กรมการแพทย์ โรงพยาบาลประสาทจังหวัดเชียงใหม่", "nameTh": "กรมการแพทย์ โรงพยาบาลประสาทจังหวัดเชียงใหม่", "nameEn": null, "cat": ["medical"], "province": "cm", "slug": "0114210300023", "rank": 1}}, {"type": "Feature", "geometry": {"type": "Point", "coordinates": [98.97972, 18.82512]}, "properties": {"id": "cm-osm-node-4480913382", "name": "กล่องยา เภสัช", "nameTh": "กล่องยา เภสัช", "nameEn": "Klong Ya Pharmacy", "cat": ["essentials", "medical"], "province": "cm", "slug": "klong-ya-pharmacy-4480913382", "rank": 2}}, {"type": "Feature", "geometry": {"type": "Point", "coordinates": [99.11283, 18.85074]}, "properties": {"id": "cm-dgth-fda-4246045398", "name": "กันตนาเภสัช", "nameTh": "กันตนาเภสัช", "nameEn": null, "cat": ["essentials", "medical"], "province": "cm", "slug": "4246045398", "rank": 2}}, {"type": "Feature", "geometry": {"type": "Point", "coordinates": [98.97445, 18.81323]}, "properties": {"id": "cm-dgth-fda-0492184898", "name": "กู๊ด ฟาร์ม่า", "nameTh": "กู๊ด ฟาร์ม่า", "nameEn": null, "cat": ["essentials", "medical"], "province": "cm", "slug": "0492184898", "rank": 2}}, {"type": "Feature", "geometry": {"type": "Point", "coordinates": [98.9232, 18.91479]}, "properties": {"id": "cm-dgth-fda-2971582637", "name": "กู๊ดลัค ดรัก สโตร์", "nameTh": "กู๊ดลัค ดรัก สโตร์", "nameEn": null, "cat": ["essentials", "medical"], "province": "cm", "slug": "2971582637", "rank": 2}}, {"type": "Feature", "geometry": {"type": "Point", "coordinates": [98.9232, 18.91479]}, "properties": {"id": "cm-dgth-fda-1290613345", "name": "ขอนตาลเภสัช", "nameTh": "ขอนตาลเภสัช", "nameEn": null, "cat": ["essentials", "medical"], "province": "cm", "slug": "1290613345", "rank": 2}}, {"type": "Feature", "geometry": {"type": "Point", "coordinates": [99.00235, 18.81053]}, "properties": {"id": "cm-osm-node-3318073706", "name": "ขายยา", "nameTh": "ขายยา", "nameEn": null, "cat": ["essentials", "medical"], "province": "cm", "slug": "3318073706", "rank": 1}}, {"type": "Feature", "geometry": {"type": "Point", "coordinates": [98.97445, 18.81323]}, "properties": {"id": "cm-dgth-fda-2845593045", "name": "ข่วงสิงห์เภสัช 2", "nameTh": "ข่วงสิงห์เภสัช 2", "nameEn": null, "cat": ["essentials", "medical"], "province": "cm", "slug": "2-2845593045", "rank": 2}}, {"type": "Feature", "geometry": {"type": "Point", "coordinates": [98.99759, 18.77599]}, "properties": {"id": "cm-dgth-fda-3116554648", "name": "คชาเภสัช สาขาศรีปิงเมือง", "nameTh": "คชาเภสัช สาขาศรีปิงเมือง", "nameEn": null, "cat": ["essentials", "medical"], "province": "cm", "slug": "3116554648", "rank": 2}}, {"type": "Feature", "geometry": {"type": "Point", "coordinates": [98.97844, 18.78992]}, "properties": {"id": "cm-osm-node-2638262573", "name": "คณายา", "nameTh": "คณายา", "nameEn": "Drug Store", "cat": ["essentials", "medical"], "province": "cm", "slug": "drug-store-2638262573", "rank": 2}}, {"type": "Feature", "geometry": {"type": "Point", "coordinates": [98.94379, 18.77571]}, "properties": {"id": "cm-dgth-fda-3285506744", "name": "ครอบครัวยา", "nameTh": "ครอบครัวยา", "nameEn": null, "cat": ["essentials", "medical"], "province": "cm", "slug": "3285506744", "rank": 2}}, {"type": "Feature", "geometry": {"type": "Point", "coordinates": [98.97413, 18.80365]}, "properties": {"id": "cm-osm-node-2530413333", "name": "คลังปันยา", "nameTh": "คลังปันยา", "nameEn": "Khlang Pan Ya", "cat": ["essentials", "medical"], "province": "cm", "slug": "khlang-pan-ya-2530413333", "rank": 2}}, {"type": "Feature", "geometry": {"type": "Point", "coordinates": [98.97445, 18.81323]}, "properties": {"id": "cm-dgth-fda-1384267636", "name": "คลังยากาดธานินทร์", "nameTh": "คลังยากาดธานินทร์", "nameEn": null, "cat": ["essentials", "medical"], "province": "cm", "slug": "1384267636", "rank": 2}}, {"type": "Feature", "geometry": {"type": "Point", "coordinates": [98.99382, 18.7874]}, "properties": {"id": "cm-osm-way-482771557", "name": "คลังยาท่าแพ", "nameTh": "คลังยาท่าแพ", "nameEn": "Klangya Thapae", "cat": ["essentials", "medical"], "province": "cm", "slug": "klangya-thapae-482771557", "rank": 2}}, {"type": "Feature", "geometry": {"type": "Point", "coordinates": [99.01084, 18.78688]}, "properties": {"id": "cm-dgth-fda-2058004915", "name": "คลังยาพลัส มีโชค", "nameTh": "คลังยาพลัส มีโชค", "nameEn": null, "cat": ["essentials", "medical"], "province": "cm", "slug": "2058004915", "rank": 2}}, {"type": "Feature", "geometry": {"type": "Point", "coordinates": [98.98593, 18.77342]}, "properties": {"id": "cm-dgth-fda-1092613253", "name": "คลังยาราชพฤกษ์", "nameTh": "คลังยาราชพฤกษ์", "nameEn": null, "cat": ["essentials", "medical"], "province": "cm", "slug": "1092613253", "rank": 2}}, {"type": "Feature", "geometry": {"type": "Point", "coordinates": [99.03834, 18.84416]}, "properties": {"id": "cm-dgth-fda-2480571378", "name": "คลังยาเพื่อนคุณ", "nameTh": "คลังยาเพื่อนคุณ", "nameEn": null, "cat": ["essentials", "medical"], "province": "cm", "slug": "2480571378", "rank": 2}}, {"type": "Feature", "geometry": {"type": "Point", "coordinates": [99.09689, 18.76093]}, "properties": {"id": "cm-dgth-fda-0722488253", "name": "คลังยาเภสัช", "nameTh": "คลังยาเภสัช", "nameEn": null, "cat": ["essentials", "medical"], "province": "cm", "slug": "0722488253", "rank": 2}}, {"type": "Feature", "geometry": {"type": "Point", "coordinates": [99.03834, 18.84416]}, "properties": {"id": "cm-dgth-fda-3383717608", "name": "คลังยาเภสัช สันป่าเปา", "nameTh": "คลังยาเภสัช สันป่าเปา", "nameEn": null, "cat": ["essentials", "medical"], "province": "cm", "slug": "3383717608", "rank": 2}}, {"type": "Feature", "geometry": {"type": "Point", "coordinates": [99.01084, 18.78688]}, "properties": {"id": "cm-dgth-fda-0432257124", "name": "คลังยาแม่ทา สาขา 2", "nameTh": "คลังยาแม่ทา สาขา 2", "nameEn": null, "cat": ["essentials", "medical"], "province": "cm", "slug": "2-0432257124", "rank": 2}}, {"type": "Feature", "geometry": {"type": "Point", "coordinates": [99.03834, 18.84416]}, "properties": {"id": "cm-dgth-fda-0895334504", "name": "คลังยาแม่โจ้", "nameTh": "คลังยาแม่โจ้", "nameEn": null, "cat": ["essentials", "medical"], "province": "cm", "slug": "0895334504", "rank": 2}}, {"type": "Feature", "geometry": {"type": "Point", "coordinates": [98.98229, 18.78612]}, "properties": {"id": "cm-osm-node-3384110499", "name": "คลินิก วิไลทันตแพทย์", "nameTh": "คลินิก วิไลทันตแพทย์", "nameEn": "Be-Smile", "cat": ["medical"], "province": "cm", "slug": "be-smile-3384110499", "rank": 2}}, {"type": "Feature", "geometry": {"type": "Point", "coordinates": [98.93709, 18.72339]}, "properties": {"id": "cm-osm-node-2654840220", "name": "คลินิก สวนดอกการแพทย์2", "nameTh": "คลินิก สวนดอกการแพทย์2", "nameEn": null, "cat": ["medical"], "province": "cm", "slug": "2-2654840220", "rank": 1}}, {"type": "Feature", "geometry": {"type": "Point", "coordinates": [99.20595, 19.36532]}, "properties": {"id": "cm-osm-node-4606488777", "name": "คลินิก หมอวาทิต", "nameTh": "คลินิก หมอวาทิต", "nameEn": "Dr. Wathit", "cat": ["medical"], "province": "cm", "slug": "dr-wathit-4606488777", "rank": 2}}, {"type": "Feature", "geometry": {"type": "Point", "coordinates": [98.95027, 18.77099]}, "properties": {"id": "cm-osm-node-4449669883", "name": "คลินิกคุณแม่", "nameTh": "คลินิกคุณแม่", "nameEn": "Khunmae Clinic", "cat": ["medical"], "province": "cm", "slug": "khunmae-clinic-4449669883", "rank": 2}}, {"type": "Feature", "geometry": {"type": "Point", "coordinates": [98.98378, 18.78561]}, "properties": {"id": "cm-osm-node-3384089347", "name": "คลินิกชุมชนเชียงใหม่", "nameTh": "คลินิกชุมชนเชียงใหม่", "nameEn": "Medical and Family Planning Services", "cat": ["medical"], "province": "cm", "slug": "medical-and-family-planning-services-3384089347", "rank": 3}}, {"type": "Feature", "geometry": {"type": "Point", "coordinates": [99.13618, 18.86946]}, "properties": {"id": "cm-osm-node-4542028457", "name": "คลินิกดอยสะเก็ด(เชิงดอย) กายภาพบำบัด", "nameTh": "คลินิกดอยสะเก็ด(เชิงดอย) กายภาพบำบัด", "nameEn": null, "cat": ["medical"], "province": "cm", "slug": "4542028457", "rank": 1}}, {"type": "Feature", "geometry": {"type": "Point", "coordinates": [98.9599, 18.80294]}, "properties": {"id": "cm-osm-node-8829279589", "name": "คลินิกทันตกรรม ดับเบิ้ลยู เชียงใหม่", "nameTh": "คลินิกทันตกรรม ดับเบิ้ลยู เชียงใหม่", "nameEn": "W Chiangmai Dental Clinic", "cat": ["medical"], "province": "cm", "slug": "w-chiangmai-dental-clinic-8829279589", "rank": 2}}, {"type": "Feature", "geometry": {"type": "Point", "coordinates": [98.97855, 18.79132]}, "properties": {"id": "cm-osm-node-2638125760", "name": "คลินิกทันตกรรม ฟัน ฟัน", "nameTh": "คลินิกทันตกรรม ฟัน ฟัน", "nameEn": "Fan Fan", "cat": ["medical"], "province": "cm", "slug": "fan-fan-2638125760", "rank": 3}}, {"type": "Feature", "geometry": {"type": "Point", "coordinates": [98.98569, 18.78988]}, "properties": {"id": "cm-osm-node-1619287900", "name": "คลินิกทันตกรรม มุขไม้", "nameTh": "คลินิกทันตกรรมมุขไม้", "nameEn": "Mukmai Dental Clinic", "cat": ["medical"], "province": "cm", "slug": "mukmai-dental-clinic-1619287900", "rank": 4}}, {"type": "Feature", "geometry": {"type": "Point", "coordinates": [99.05509, 18.75403]}, "properties": {"id": "cm-osm-node-4014231496", "name": "คลินิกทันตกรรม ยิัมใส", "nameTh": "คลินิกทันตกรรม ยิัมใส", "nameEn": "Imsai Dental Clinic", "cat": ["medical"], "province": "cm", "slug": "imsai-dental-clinic-4014231496", "rank": 2}}, {"type": "Feature", "geometry": {"type": "Point", "coordinates": [99.00603, 18.76986]}, "properties": {"id": "cm-osm-node-2661443152", "name": "คลินิกทันตกรรม สไมล์ ทู ยู", "nameTh": "คลินิกทันตกรรม สไมล์ ทู ยู", "nameEn": "Thanta Kam Samai Thu Yu Clinic", "cat": ["medical"], "province": "cm", "slug": "thanta-kam-samai-thu-yu-clinic-2661443152", "rank": 3}}, {"type": "Feature", "geometry": {"type": "Point", "coordinates": [98.94195, 18.91536]}, "properties": {"id": "cm-osm-node-3341008195", "name": "คลินิกทันตกรรม อารมณ์ดี", "nameTh": "คลินิกทันตกรรม อารมณ์ดี", "nameEn": null, "cat": ["medical"], "province": "cm", "slug": "3341008195", "rank": 3}}, {"type": "Feature", "geometry": {"type": "Point", "coordinates": [99.00811, 18.75633]}, "properties": {"id": "cm-osm-node-4509283285", "name": "คลินิกทันตกรรม เดนท์โฮม", "nameTh": "คลินิกทันตกรรม เดนท์โฮม", "nameEn": "Denthome", "cat": ["medical"], "province": "cm", "slug": "denthome-4509283285", "rank": 2}}, {"type": "Feature", "geometry": {"type": "Point", "coordinates": [99.11191, 18.74887]}, "properties": {"id": "cm-osm-node-8636404802", "name": "คลินิกทันตกรรม เลิฟลี่ สไมล์", "nameTh": "คลินิกทันตกรรม เลิฟลี่ สไมล์", "nameEn": "Lovely Smile Dental Clinic", "cat": ["medical"], "province": "cm", "slug": "lovely-smile-dental-clinic-8636404802", "rank": 2}}, {"type": "Feature", "geometry": {"type": "Point", "coordinates": [98.99991, 18.77295]}, "properties": {"id": "cm-osm-node-12514139421", "name": "คลินิกทันตกรรมมตโตะ เชียงใหม่", "nameTh": "คลินิกทันตกรรมมตโตะ เชียงใหม่", "nameEn": "Motto Dental Clinic", "cat": ["medical"], "province": "cm", "slug": "motto-dental-clinic-12514139421", "rank": 2}}, {"type": "Feature", "geometry": {"type": "Point", "coordinates": [98.98577, 18.80117]}, "properties": {"id": "cm-osm-node-3298104170", "name": "คลินิกทันตกรรมหมอสุกิจ", "nameTh": "คลินิกทันตกรรมหมอสุกิจ", "nameEn": "Dr. Sukit Dental Clinic", "cat": ["medical"], "province": "cm", "slug": "dr-sukit-dental-clinic-3298104170", "rank": 3}}, {"type": "Feature", "geometry": {"type": "Point", "coordinates": [99.13583, 18.8699]}, "properties": {"id": "cm-osm-node-6824463517", "name": "คลินิกทันตกรรมเชิงดอย", "nameTh": "คลินิกทันตกรรมเชิงดอย", "nameEn": null, "cat": ["medical"], "province": "cm", "slug": "6824463517", "rank": 3}}, {"type": "Feature", "geometry": {"type": "Point", "coordinates": [98.9603, 18.79094]}, "properties": {"id": "cm-osm-way-866506854", "name": "คลินิกทันตแพทย์ทองนารถ-ปริฉัตร", "nameTh": "คลินิกทันตแพทย์ทองนารถ-ปริฉัตร", "nameEn": null, "cat": ["medical"], "province": "cm", "slug": "866506854", "rank": 3}}, {"type": "Feature", "geometry": {"type": "Point", "coordinates": [98.97979, 18.78896]}, "properties": {"id": "cm-osm-node-3385521309", "name": "คลินิกนายแพทย์ จำลอง ดิษยวณิช", "nameTh": "คลินิกนายแพทย์ จำลอง ดิษยวณิช", "nameEn": "Psychiatric Clinic", "cat": ["medical"], "province": "cm", "slug": "psychiatric-clinic-3385521309", "rank": 3}}, {"type": "Feature", "geometry": {"type": "Point", "coordinates": [99.07433, 18.76803]}, "properties": {"id": "cm-osm-node-725620359", "name": "คลินิกยา", "nameTh": "คลินิกยา", "nameEn": "Clinic Ya Pharmacy", "cat": ["essentials", "medical"], "province": "cm", "slug": "clinic-ya-pharmacy-725620359", "rank": 2}}, {"type": "Feature", "geometry": {"type": "Point", "coordinates": [98.9164, 18.73845]}, "properties": {"id": "cm-dgth-fda-2439644917", "name": "คลินิกยาต้นแกว๋น", "nameTh": "คลินิกยาต้นแกว๋น", "nameEn": null, "cat": ["essentials", "medical"], "province": "cm", "slug": "2439644917", "rank": 2}}, {"type": "Feature", "geometry": {"type": "Point", "coordinates": [98.35791, 17.79889]}, "properties": {"id": "cm-dgth-fda-2913781658", "name": "คลินิกยาพร้อมเภสัช 2", "nameTh": "คลินิกยาพร้อมเภสัช 2", "nameEn": null, "cat": ["essentials", "medical"], "province": "cm", "slug": "2-2913781658", "rank": 2}}, {"type": "Feature", "geometry": {"type": "Point", "coordinates": [98.98013, 18.80465]}, "properties": {"id": "cm-osm-node-2530379603", "name": "คลินิกรักษ์ยิ้ม", "nameTh": "คลินิกรักษ์ยิ้ม", "nameEn": "Ruk Yim Dental Clinic", "cat": ["medical"], "province": "cm", "slug": "ruk-yim-dental-clinic-2530379603", "rank": 3}}, {"type": "Feature", "geometry": {"type": "Point", "coordinates": [99.03511, 18.88013]}, "properties": {"id": "cm-osm-node-2587294404", "name": "คลินิกสวนดอก", "nameTh": "คลินิกสวนดอก", "nameEn": "Suan Dok Clinic", "cat": ["medical"], "province": "cm", "slug": "suan-dok-clinic-2587294404", "rank": 3}}, {"type": "Feature", "geometry": {"type": "Point", "coordinates": [98.99469, 18.79468]}, "properties": {"id": "cm-osm-node-4636000526", "name": "คลินิกสูติ นรีเวช", "nameTh": "คลินิกสูติ นรีเวช", "nameEn": null, "cat": ["medical"], "province": "cm", "slug": "4636000526", "rank": 2}}, {"type": "Feature", "geometry": {"type": "Point", "coordinates": [99.00288, 18.78423]}, "properties": {"id": "cm-osm-node-3417032442", "name": "คลินิกหมอ ณัฐพงศ์-ศศิวิมล", "nameTh": "คลินิกหมอ ณัฐพงศ์-ศศิวิมล", "nameEn": "Doctor Natapong-Sasiwimol Clinic", "cat": ["medical"], "province": "cm", "slug": "doctor-natapong-sasiwimol-clinic-3417032442", "rank": 3}}, {"type": "Feature", "geometry": {"type": "Point", "coordinates": [99.00506, 18.90192]}, "properties": {"id": "cm-osm-node-2589524818", "name": "คลินิกหมอกร", "nameTh": "คลินิกหมอกร", "nameEn": "Mo Kon Clinic", "cat": ["medical"], "province": "cm", "slug": "mo-kon-clinic-2589524818", "rank": 3}}, {"type": "Feature", "geometry": {"type": "Point", "coordinates": [98.98155, 18.78271]}, "properties": {"id": "cm-osm-node-3388717543", "name": "คลินิกหมอกิตติวรรณ", "nameTh": "คลินิกหมอกิตติวรรณ", "nameEn": "Dr. Kittiwan Psychiatric Clinic", "cat": ["medical"], "province": "cm", "slug": "dr-kittiwan-psychiatric-clinic-3388717543", "rank": 3}}, {"type": "Feature", "geometry": {"type": "Point", "coordinates": [98.96874, 18.79482]}, "properties": {"id": "cm-osm-node-2650761566", "name": "คลินิกหมอธเนศ เวชกรรม", "nameTh": "คลินิกหมอธเนศ เวชกรรม", "nameEn": "Dr. Taned", "cat": ["medical"], "province": "cm", "slug": "dr-taned-2650761566", "rank": 4}}, {"type": "Feature", "geometry": {"type": "Point", "coordinates": [99.11684, 18.74679]}, "properties": {"id": "cm-osm-node-2889032501", "name": "คลินิกหมอประโยชน์", "nameTh": "คลินิกหมอประโยชน์", "nameEn": "Dr. Prayot", "cat": ["medical"], "province": "cm", "slug": "dr-prayot-2889032501", "rank": 3}}, {"type": "Feature", "geometry": {"type": "Point", "coordinates": [98.94016, 18.92365]}, "properties": {"id": "cm-osm-node-4595187167", "name": "คลินิกหมอพจน์", "nameTh": "คลินิกหมอพจน์", "nameEn": "Dr. Phot", "cat": ["medical"], "province": "cm", "slug": "dr-phot-4595187167", "rank": 4}}, {"type": "Feature", "geometry": {"type": "Point", "coordinates": [98.99883, 18.77312]}, "properties": {"id": "cm-curated-drwimon-clinic", "name": "คลินิกหมอวิมล", "nameTh": "คลินิกหมอวิมล", "nameEn": "Dr Wimon Clinic (plastic surgery)", "cat": ["medical"], "province": "cm", "slug": "dr-wimon-clinic-plastic-surgery-cmcurateddrwimonclinic", "rank": 6}}, {"type": "Feature", "geometry": {"type": "Point", "coordinates": [98.97913, 18.78957]}, "properties": {"id": "cm-osm-node-3390734345", "name": "คลินิกหมอวิโรจน์ สูติ-นรีเวช", "nameTh": "คลินิกหมอวิโรจน์ สูติ-นรีเวช", "nameEn": null, "cat": ["medical"], "province": "cm", "slug": "3390734345", "rank": 1}}, {"type": "Feature", "geometry": {"type": "Point", "coordinates": [98.96609, 18.75314]}, "properties": {"id": "cm-osm-node-2687048820", "name": "คลินิกหมอสวนดอก แม่เหียะเวชกรรม", "nameTh": "คลินิกหมอสวนดอก แม่เหียะเวชกรรม", "nameEn": null, "cat": ["medical"], "province": "cm", "slug": "2687048820", "rank": 1}}, {"type": "Feature", "geometry": {"type": "Point", "coordinates": [99.12076, 18.8117]}, "properties": {"id": "cm-osm-node-2582055355", "name": "คลินิกหมอสุรพงษ์", "nameTh": "คลินิกหมอสุรพงษ์", "nameEn": "Mo Sura Phong", "cat": ["medical"], "province": "cm", "slug": "mo-sura-phong-2582055355", "rank": 3}}, {"type": "Feature", "geometry": {"type": "Point", "coordinates": [98.98622, 18.79981]}, "properties": {"id": "cm-osm-node-2420202262", "name": "คลินิกหมออรุโณทัย", "nameTh": "คลินิกหมออรุโณทัย", "nameEn": "Dr. Arunothai", "cat": ["medical"], "province": "cm", "slug": "dr-arunothai-2420202262", "rank": 3}}, {"type": "Feature", "geometry": {"type": "Point", "coordinates": [98.87594, 18.56887]}, "properties": {"id": "cm-osm-node-2685204050", "name": "คลินิกหมอเจษฎา", "nameTh": "คลินิกหมอเจษฎา", "nameEn": "Mo Chetsada", "cat": ["medical"], "province": "cm", "slug": "mo-chetsada-2685204050", "rank": 4}}, {"type": "Feature", "geometry": {"type": "Point", "coordinates": [98.99282, 18.92118]}, "properties": {"id": "cm-osm-way-1017058854", "name": "คลินิกเด็กหมอวีรวรรณ", "nameTh": "คลินิกเด็กหมอวีรวรรณ", "nameEn": "Pediatric clinic Dr. Weerawan", "cat": ["medical"], "province": "cm", "slug": "pediatric-clinic-dr-weerawan-1017058854", "rank": 2}}, {"type": "Feature", "geometry": {"type": "Point", "coordinates": [98.96909, 18.78908]}, "properties": {"id": "cm-osm-node-4559259128", "name": "คลินิกเวชกรรมชุมชนสุเทพ", "nameTh": "คลินิกเวชกรรมชุมชนสุเทพ", "nameEn": "Suthep Community Clinic", "cat": ["medical"], "province": "cm", "slug": "suthep-community-clinic-4559259128", "rank": 2}}, {"type": "Feature", "geometry": {"type": "Point", "coordinates": [98.98249, 18.78701]}, "properties": {"id": "cm-osm-node-2466325294", "name": "คลินิกโรคฟันล้านนา", "nameTh": "คลินิกโรคฟันล้านนา", "nameEn": "Lanna Dental Clinic", "cat": ["medical"], "province": "cm", "slug": "lanna-dental-clinic-2466325294", "rank": 3}}, {"type": "Feature", "geometry": {"type": "Point", "coordinates": [99.00942, 18.8745]}, "properties": {"id": "cm-osm-node-5235823221", "name": "คลินิค ศิวาพร", "nameTh": "คลินิค ศิวาพร", "nameEn": "Siwaporn Clinic", "cat": ["medical"], "province": "cm", "slug": "siwaporn-clinic-5235823221", "rank": 3}}, {"type": "Feature", "geometry": {"type": "Point", "coordinates": [98.98588, 18.80055]}, "properties": {"id": "cm-osm-node-3289830521", "name": "คลินิค เชียงใหม่ทันตแพทย์", "nameTh": "คลินิค เชียงใหม่ทันตแพทย์", "nameEn": "Chiangmai Dental Clinic", "cat": ["medical"], "province": "cm", "slug": "chiangmai-dental-clinic-3289830521", "rank": 4}}, {"type": "Feature", "geometry": {"type": "Point", "coordinates": [98.96666, 18.78933]}, "properties": {"id": "cm-osm-node-4356162632", "name": "คลินิครักฟัน", "nameTh": "คลินิครักฟัน", "nameEn": null, "cat": ["medical"], "province": "cm", "slug": "4356162632", "rank": 1}}, {"type": "Feature", "geometry": {"type": "Point", "coordinates": [98.98644, 18.79518]}, "properties": {"id": "cm-osm-node-1616042300", "name": "คลินิคหมอจรูญ", "nameTh": "คลินิคหมอจรูญ", "nameEn": "Dr Jaroon Medical Clinic", "cat": ["medical"], "province": "cm", "slug": "dr-jaroon-medical-clinic-1616042300", "rank": 3}}, {"type": "Feature", "geometry": {"type": "Point", "coordinates": [99.03224, 18.71612]}, "properties": {"id": "cm-osm-node-4509323610", "name": "คลินิคหมอวรวุฒิ", "nameTh": "คลินิคหมอวรวุฒิ", "nameEn": "Dr. Worawuth", "cat": ["medical"], "province": "cm", "slug": "dr-worawuth-4509323610", "rank": 3}}, {"type": "Feature", "geometry": {"type": "Point", "coordinates": [99.00209, 18.76719]}, "properties": {"id": "cm-osm-node-1361128547", "name": "คลีนิก ชนะการ เมตตาภรณ์", "nameTh": "คลีนิก ชนะการ เมตตาภรณ์", "nameEn": "Chanakan Clinic", "cat": ["medical"], "province": "cm", "slug": "chanakan-clinic-1361128547", "rank": 3}}, {"type": "Feature", "geometry": {"type": "Point", "coordinates": [98.96543, 19.36925]}, "properties": {"id": "cm-osm-way-857178911", "name": "คลีนิกหมอยุทธนา", "nameTh": "คลีนิกหมอยุทธนา", "nameEn": "Dr. Yutthana", "cat": ["medical"], "province": "cm", "slug": "dr-yutthana-857178911", "rank": 2}}, {"type": "Feature", "geometry": {"type": "Point", "coordinates": [99.00915, 18.89462]}, "properties": {"id": "cm-osm-node-2601003848", "name": "คลีนิกหมอสวนดอก", "nameTh": "คลีนิกหมอสวนดอก", "nameEn": null, "cat": ["medical"], "province": "cm", "slug": "2601003848", "rank": 1}}, {"type": "Feature", "geometry": {"type": "Point", "coordinates": [98.98277, 18.81135]}, "properties": {"id": "cm-osm-node-2336703072", "name": "คลีนิค หมอก่อกู้", "nameTh": "คลีนิค หมอก่อกู้", "nameEn": null, "cat": ["medical"], "province": "cm", "slug": "2336703072", "rank": 1}}, {"type": "Feature", "geometry": {"type": "Point", "coordinates": [98.9979, 18.79148]}, "properties": {"id": "cm-osm-node-2655279917", "name": "คลีนิคทำฟัน เปิดทุกวัน", "nameTh": "คลีนิคทำฟัน เปิดทุกวัน", "nameEn": null, "cat": ["medical"], "province": "cm", "slug": "2655279917", "rank": 1}}, {"type": "Feature", "geometry": {"type": "Point", "coordinates": [99.0212, 18.84821]}, "properties": {"id": "cm-osm-node-6584707363", "name": "คลีนิคหมอสายชล", "nameTh": "คลีนิคหมอสายชล", "nameEn": null, "cat": ["medical"], "province": "cm", "slug": "6584707363", "rank": 1}}, {"type": "Feature", "geometry": {"type": "Point", "coordinates": [98.94379, 18.77571]}, "properties": {"id": "cm-dgth-fda-1323953999", "name": "ควอลิตี้ดรักส์", "nameTh": "ควอลิตี้ดรักส์", "nameEn": null, "cat": ["essentials", "medical"], "province": "cm", "slug": "1323953999", "rank": 2}}, {"type": "Feature", "geometry": {"type": "Point", "coordinates": [98.89094, 18.64311]}, "properties": {"id": "cm-dgth-fda-2326730736", "name": "คัดสรรปันยา สาขาทุ่งเสี้ยว", "nameTh": "คัดสรรปันยา สาขาทุ่งเสี้ยว", "nameEn": null, "cat": ["essentials", "medical"], "province": "cm", "slug": "2326730736", "rank": 2}}, {"type": "Feature", "geometry": {"type": "Point", "coordinates": [98.95896, 18.78529]}, "properties": {"id": "cm-osm-node-8892041480", "name": "คาร์โก้ ฟาร์มาซี", "nameTh": "คาร์โก้ ฟาร์มาซี", "nameEn": "Cargo Pharmacy", "cat": ["essentials", "medical"], "province": "cm", "slug": "cargo-pharmacy-8892041480", "rank": 2}}, {"type": "Feature", "geometry": {"type": "Point", "coordinates": [98.94379, 18.77571]}, "properties": {"id": "cm-dgth-fda-2128067692", "name": "คิดถึงฟาร์มาซี", "nameTh": "คิดถึงฟาร์มาซี", "nameEn": null, "cat": ["essentials", "medical"], "province": "cm", "slug": "2128067692", "rank": 2}}, {"type": "Feature", "geometry": {"type": "Point", "coordinates": [98.9164, 18.73845]}, "properties": {"id": "cm-dgth-fda-2675035758", "name": "คิดถึงยา", "nameTh": "คิดถึงยา", "nameEn": null, "cat": ["essentials", "medical"], "province": "cm", "slug": "2675035758", "rank": 2}}, {"type": "Feature", "geometry": {"type": "Point", "coordinates": [98.99694, 18.79075]}, "properties": {"id": "cm-osm-node-2655274608", "name": "คุณหมอ", "nameTh": "คุณหมอ", "nameEn": null, "cat": ["medical"], "province": "cm", "slug": "2655274608", "rank": 1}}, {"type": "Feature", "geometry": {"type": "Point", "coordinates": [98.95984, 18.80315]}, "properties": {"id": "cm-osm-node-8829292317", "name": "คูมิ คลินิกเวชกรรม", "nameTh": "คูมิ คลินิกเวชกรรม", "nameEn": "Kumi Clinic", "cat": ["medical"], "province": "cm", "slug": "kumi-clinic-8829292317", "rank": 2}}, {"type": "Feature", "geometry": {"type": "Point", "coordinates": [99.01031, 18.89261]}, "properties": {"id": "cm-osm-node-2600998410", "name": "งามวงศ์ คลินิกเวชกรรม", "nameTh": "งามวงศ์ คลินิกเวชกรรม", "nameEn": null, "cat": ["medical"], "province": "cm", "slug": "2600998410", "rank": 3}}, {"type": "Feature", "geometry": {"type": "Point", "coordinates": [99.05596, 18.75456]}, "properties": {"id": "cm-osm-node-2296850377", "name": "จ. เจริญ เภสัช", "nameTh": "จ. เจริญ เภสัช", "nameEn": "J Charoen Pharmacy", "cat": ["essentials", "medical"], "province": "cm", "slug": "j-charoen-pharmacy-2296850377", "rank": 2}}, {"type": "Feature", "geometry": {"type": "Point", "coordinates": [98.97445, 18.81323]}, "properties": {"id": "cm-dgth-fda-2044853548", "name": "จากใจเภสัช", "nameTh": "จากใจเภสัช", "nameEn": null, "cat": ["essentials", "medical"], "province": "cm", "slug": "2044853548", "rank": 2}}, {"type": "Feature", "geometry": {"type": "Point", "coordinates": [98.99234, 18.79823]}, "properties": {"id": "cm-osm-node-4536272522", "name": "จื้อกิมโอสถ", "nameTh": "จื้อกิมโอสถ", "nameEn": "Chue Kim Osot", "cat": ["essentials", "medical"], "province": "cm", "slug": "chue-kim-osot-4536272522", "rank": 2}}, {"type": "Feature", "geometry": {"type": "Point", "coordinates": [99.03834, 18.84416]}, "properties": {"id": "cm-dgth-fda-2356099141", "name": "จุฑาเทพเภสัช", "nameTh": "จุฑาเทพเภสัช", "nameEn": null, "cat": ["essentials", "medical"], "province": "cm", "slug": "2356099141", "rank": 2}}, {"type": "Feature", "geometry": {"type": "Point", "coordinates": [98.98208, 18.78405]}, "properties": {"id": "cm-osm-node-4358693890", "name": "จ่ายยา", "nameTh": "จ่ายยา", "nameEn": "Pharmacy", "cat": ["essentials", "medical"], "province": "cm", "slug": "pharmacy-4358693890", "rank": 2}}, {"type": "Feature", "geometry": {"type": "Point", "coordinates": [98.96871, 18.85365]}, "properties": {"id": "cm-osm-node-4480908059", "name": "ช.ฟาร์มาซี", "nameTh": "ช.ฟาร์มาซี", "nameEn": "Cho Pharmacy", "cat": ["essentials", "medical"], "province": "cm", "slug": "cho-pharmacy-4480908059", "rank": 2}}, {"type": "Feature", "geometry": {"type": "Point", "coordinates": [98.94115, 18.93366]}, "properties": {"id": "cm-osm-node-2611231505", "name": "ช.ฟาร์มาซี 2", "nameTh": "ช.ฟาร์มาซี 2", "nameEn": "G. Pharmacy 2", "cat": ["essentials", "medical"], "province": "cm", "slug": "g-pharmacy-2-2611231505", "rank": 2}}, {"type": "Feature", "geometry": {"type": "Point", "coordinates": [99.12209, 18.74282]}, "properties": {"id": "cm-osm-node-4679698261", "name": "ชาญศิริ เภสัช", "nameTh": "ชาญศิริ เภสัช", "nameEn": "Chan Siri Pharmacy", "cat": ["essentials", "medical"], "province": "cm", "slug": "chan-siri-pharmacy-4679698261", "rank": 2}}, {"type": "Feature", "geometry": {"type": "Point", "coordinates": [98.97445, 18.81323]}, "properties": {"id": "cm-dgth-fda-4071659462", "name": "ชีวาเภสัช", "nameTh": "ชีวาเภสัช", "nameEn": null, "cat": ["essentials", "medical"], "province": "cm", "slug": "4071659462", "rank": 2}}, {"type": "Feature", "geometry": {"type": "Point", "coordinates": [99.03834, 18.84416]}, "properties": {"id": "cm-dgth-fda-2904380687", "name": "ชุมชนเภสัช", "nameTh": "ชุมชนเภสัช", "nameEn": null, "cat": ["essentials", "medical"], "province": "cm", "slug": "2904380687", "rank": 2}}, {"type": "Feature", "geometry": {"type": "Point", "coordinates": [98.99748, 18.79113]}, "properties": {"id": "cm-osm-node-2655277627", "name": "ชูชัยคลีนิค", "nameTh": "ชูชัยคลีนิค", "nameEn": "Chu Chai Clinic", "cat": ["medical"], "province": "cm", "slug": "chu-chai-clinic-2655277627", "rank": 2}}, {"type": "Feature", "geometry": {"type": "Point", "coordinates": [98.97304, 18.81944]}, "properties": {"id": "cm-osm-way-1101025879", "name": "ช่วงสิงห์เภสัช 2", "nameTh": "ช่วงสิงห์เภสัช 2", "nameEn": "Kuan singh Drug", "cat": ["essentials", "medical"], "province": "cm", "slug": "kuan-singh-drug-1101025879", "rank": 2}}, {"type": "Feature", "geometry": {"type": "Point", "coordinates": [98.98566, 18.78093]}, "properties": {"id": "cm-osm-node-2598540250", "name": "ช่างหล่อคลินิกการแพทย์แผนไทย", "nameTh": "ช่างหล่อคลินิกการแพทย์แผนไทย", "nameEn": "Changlor Traditional and Alternative Medical Clinic", "cat": ["medical"], "province": "cm", "slug": "changlor-traditional-and-alternative-medical-clinic-2598540250", "rank": 3}}, {"type": "Feature", "geometry": {"type": "Point", "coordinates": [99.0011, 18.76401]}, "properties": {"id": "cm-osm-node-2609696940", "name": "ช้างคลานเภสัช", "nameTh": "ช้างคลานเภสัช", "nameEn": null, "cat": ["essentials", "medical"], "province": "cm", "slug": "2609696940", "rank": 1}}, {"type": "Feature", "geometry": {"type": "Point", "coordinates": [98.97445, 18.81323]}, "properties": {"id": "cm-dgth-fda-0627395854", "name": "ซันมูน ฟาร์ม่า", "nameTh": "ซันมูน ฟาร์ม่า", "nameEn": null, "cat": ["essentials", "medical"], "province": "cm", "slug": "0627395854", "rank": 2}}, {"type": "Feature", "geometry": {"type": "Point", "coordinates": [98.96419, 18.79927]}, "properties": {"id": "cm-osm-node-4596223591", "name": "ซีดีเจ คลินิกทันตกรรม", "nameTh": "ซีดีเจ คลินิกทันตกรรม", "nameEn": "CDJ Dental Clinic", "cat": ["medical"], "province": "cm", "slug": "cdj-dental-clinic-4596223591", "rank": 3}}, {"type": "Feature", "geometry": {"type": "Point", "coordinates": [98.99057, 18.79616]}, "properties": {"id": "cm-dgth-fda-2859889781", "name": "ซีเคร็ต ฟาร์มาซี (Secret Pharmacy)", "nameTh": "ซีเคร็ต ฟาร์มาซี (Secret Pharmacy)", "nameEn": null, "cat": ["essentials", "medical"], "province": "cm", "slug": "secret-pharmacy-2859889781", "rank": 2}}, {"type": "Feature", "geometry": {"type": "Point", "coordinates": [99.11283, 18.85074]}, "properties": {"id": "cm-dgth-fda-2544337608", "name": "ซุปเปอร์ฟาร์ม่า", "nameTh": "ซุปเปอร์ฟาร์ม่า", "nameEn": null, "cat": ["essentials", "medical"], "province": "cm", "slug": "2544337608", "rank": 2}}, {"type": "Feature", "geometry": {"type": "Point", "coordinates": [98.91524, 18.68874]}, "properties": {"id": "cm-dgth-fda-0398697078", "name": "ณิชาเภสัช", "nameTh": "ณิชาเภสัช", "nameEn": null, "cat": ["essentials", "medical"], "province": "cm", "slug": "0398697078", "rank": 2}}, {"type": "Feature", "geometry": {"type": "Point", "coordinates": [99.01084, 18.78688]}, "properties": {"id": "cm-dgth-fda-0845923936", "name": "ดร.สมูทไลฟ์ เชียงใหม่", "nameTh": "ดร.สมูทไลฟ์ เชียงใหม่", "nameEn": null, "cat": ["essentials", "medical"], "province": "cm", "slug": "0845923936", "rank": 2}}, {"type": "Feature", "geometry": {"type": "Point", "coordinates": [99.01266, 18.8001]}, "properties": {"id": "cm-osm-node-4962179026", "name": "ดาราเภสัช", "nameTh": "ดาราเภสัช", "nameEn": "Dara Pharmacy", "cat": ["essentials", "medical"], "province": "cm", "slug": "dara-pharmacy-4962179026", "rank": 2}}, {"type": "Feature", "geometry": {"type": "Point", "coordinates": [98.98806, 18.78023]}, "properties": {"id": "cm-osm-node-11248890435", "name": "ดาเรศทันตคลินิก", "nameTh": "ดาเรศทันตคลินิก", "nameEn": null, "cat": ["medical"], "province": "cm", "slug": "11248890435", "rank": 1}}, {"type": "Feature", "geometry": {"type": "Point", "coordinates": [98.98432, 18.80479]}, "properties": {"id": "cm-osm-node-3301938408", "name": "ดำรงเภสัช", "nameTh": "ดำรงเภสัช", "nameEn": "Damrong", "cat": ["essentials", "medical"], "province": "cm", "slug": "damrong-3301938408", "rank": 2}}, {"type": "Feature", "geometry": {"type": "Point", "coordinates": [99.02665, 18.72105]}, "properties": {"id": "cm-osm-node-4115755031", "name": "ดี", "nameTh": "ดี", "nameEn": "D Dental Clinic", "cat": ["medical"], "province": "cm", "slug": "d-dental-clinic-4115755031", "rank": 2}}, {"type": "Feature", "geometry": {"type": "Point", "coordinates": [98.98088, 18.74611]}, "properties": {"id": "cm-dgth-fda-2532400337", "name": "ดี ดรัก สโตร์", "nameTh": "ดี ดรัก สโตร์", "nameEn": null, "cat": ["essentials", "medical"], "province": "cm", "slug": "2532400337", "rank": 2}}, {"type": "Feature", "geometry": {"type": "Point", "coordinates": [99.04694, 18.79078]}, "properties": {"id": "cm-dgth-fda-0194344136", "name": "ดีดีฟาร์ม่า", "nameTh": "ดีดีฟาร์ม่า", "nameEn": null, "cat": ["essentials", "medical"], "province": "cm", "slug": "0194344136", "rank": 2}}, {"type": "Feature", "geometry": {"type": "Point", "coordinates": [99.03834, 18.84416]}, "properties": {"id": "cm-dgth-fda-0318858154", "name": "ด้วยรักเภสัช", "nameTh": "ด้วยรักเภสัช", "nameEn": null, "cat": ["essentials", "medical"], "province": "cm", "slug": "0318858154", "rank": 2}}, {"type": "Feature", "geometry": {"type": "Point", "coordinates": [99.03565, 18.71088]}, "properties": {"id": "cm-dgth-fda-0465608134", "name": "ต้นยางฟาร์มาซี", "nameTh": "ต้นยางฟาร์มาซี", "nameEn": null, "cat": ["essentials", "medical"], "province": "cm", "slug": "0465608134", "rank": 2}}, {"type": "Feature", "geometry": {"type": "Point", "coordinates": [99.04769, 18.74731]}, "properties": {"id": "cm-osm-node-6585521485", "name": "ต้นยางหลวงเภสัช", "nameTh": "ต้นยางหลวงเภสัช", "nameEn": null, "cat": ["essentials", "medical"], "province": "cm", "slug": "6585521485", "rank": 1}}, {"type": "Feature", "geometry": {"type": "Point", "coordinates": [99.07647, 18.7665]}, "properties": {"id": "cm-osm-node-8636291987", "name": "ต้นเปา คลินิก", "nameTh": "ต้นเปา คลินิก", "nameEn": "Ton Pao Clinic", "cat": ["medical"], "province": "cm", "slug": "ton-pao-clinic-8636291987", "rank": 4}}, {"type": "Feature", "geometry": {"type": "Point", "coordinates": [99.01388, 18.74297]}, "properties": {"id": "cm-dgth-fda-1322829909", "name": "ต้นโชคเภสัช", "nameTh": "ต้นโชคเภสัช", "nameEn": null, "cat": ["essentials", "medical"], "province": "cm", "slug": "1322829909", "rank": 2}}, {"type": "Feature", "geometry": {"type": "Point", "coordinates": [98.98088, 18.80295]}, "properties": {"id": "cm-osm-node-2530342678", "name": "ต้องเภสัช", "nameTh": "ต้องเภสัช", "nameEn": null, "cat": ["essentials", "medical"], "province": "cm", "slug": "2530342678", "rank": 1}}, {"type": "Feature", "geometry": {"type": "Point", "coordinates": [99.03152, 18.89476]}, "properties": {"id": "cm-dgth-fda-4170797003", "name": "ทรายแก้วเภสัช", "nameTh": "ทรายแก้วเภสัช", "nameEn": null, "cat": ["essentials", "medical"], "province": "cm", "slug": "4170797003", "rank": 2}}, {"type": "Feature", "geometry": {"type": "Point", "coordinates": [98.98521, 18.80509]}, "properties": {"id": "cm-osm-node-3298057029", "name": "ทันตแพทย์ ทรงธรรม-อัจฉรา", "nameTh": "ทันตแพทย์ ทรงธรรม-อัจฉรา", "nameEn": "Dentist", "cat": ["medical"], "province": "cm", "slug": "dentist-3298057029", "rank": 3}}, {"type": "Feature", "geometry": {"type": "Point", "coordinates": [99.11283, 18.85074]}, "properties": {"id": "cm-dgth-fda-3889796848", "name": "ทานตะวันเภสัช", "nameTh": "ทานตะวันเภสัช", "nameEn": null, "cat": ["essentials", "medical"], "province": "cm", "slug": "3889796848", "rank": 2}}, {"type": "Feature", "geometry": {"type": "Point", "coordinates": [99.13714, 18.7365]}, "properties": {"id": "cm-osm-node-8656581287", "name": "ทิพย์รัตน์ เภสัช", "nameTh": "ทิพย์รัตน์ เภสัช", "nameEn": "Thip Rat Pharmacy", "cat": ["essentials", "medical"], "province": "cm", "slug": "thip-rat-pharmacy-8656581287", "rank": 2}}, {"type": "Feature", "geometry": {"type": "Point", "coordinates": [99.01567, 18.79959]}, "properties": {"id": "cm-osm-way-475303017", "name": "ทีปทัศน์คลินิกเวชกรรม", "nameTh": "ทีปทัศน์คลินิกเวชกรรม", "nameEn": null, "cat": ["medical"], "province": "cm", "slug": "475303017", "rank": 2}}, {"type": "Feature", "geometry": {"type": "Point", "coordinates": [98.94379, 18.77571]}, "properties": {"id": "cm-dgth-fda-2941962994", "name": "ทีแคร์ฟาร์มา (T Care Pharma)", "nameTh": "ทีแคร์ฟาร์มา (T Care Pharma)", "nameEn": null, "cat": ["essentials", "medical"], "province": "cm", "slug": "t-care-pharma-2941962994", "rank": 2}}, {"type": "Feature", "geometry": {"type": "Point", "coordinates": [98.99671, 18.78814]}, "properties": {"id": "cm-osm-node-6351676085", "name": "ท่าแพ คลีนิค", "nameTh": "ท่าแพ คลีนิค", "nameEn": "Tha Phae Clinic", "cat": ["medical"], "province": "cm", "slug": "tha-phae-clinic-6351676085", "rank": 2}}, {"type": "Feature", "geometry": {"type": "Point", "coordinates": [99.29888, 20.0333]}, "properties": {"id": "cm-osm-node-2620473583", "name": "ธงชัยโอสถ", "nameTh": "ธงชัยโอสถ", "nameEn": null, "cat": ["essentials", "medical"], "province": "cm", "slug": "2620473583", "rank": 1}}, {"type": "Feature", "geometry": {"type": "Point", "coordinates": [98.96753, 18.79484]}, "properties": {"id": "cm-osm-node-3421284598", "name": "ธนวัฒน์คลินิก", "nameTh": "ธนวัฒน์คลินิก", "nameEn": null, "cat": ["medical"], "province": "cm", "slug": "3421284598", "rank": 2}}, {"type": "Feature", "geometry": {"type": "Point", "coordinates": [98.98534, 18.80407]}, "properties": {"id": "cm-osm-node-3298079406", "name": "ธานินทร์ คลินิกทันตกรรม", "nameTh": "ธานินทร์ คลินิกทันตกรรม", "nameEn": "Thanin", "cat": ["medical"], "province": "cm", "slug": "thanin-3298079406", "rank": 4}}, {"type": "Feature", "geometry": {"type": "Point", "coordinates": [98.98473, 18.804]}, "properties": {"id": "cm-osm-node-3285646158", "name": "ธานินเภสัช", "nameTh": "ธานินเภสัช", "nameEn": "Thanin", "cat": ["essentials", "medical"], "province": "cm", "slug": "thanin-3285646158", "rank": 2}}, {"type": "Feature", "geometry": {"type": "Point", "coordinates": [99.00065, 18.91561]}, "properties": {"id": "cm-dgth-fda-0126304863", "name": "ธีภพเภสัช", "nameTh": "ธีภพเภสัช", "nameEn": null, "cat": ["essentials", "medical"], "province": "cm", "slug": "0126304863", "rank": 2}}, {"type": "Feature", "geometry": {"type": "Point", "coordinates": [98.99759, 18.77599]}, "properties": {"id": "cm-dgth-fda-0531682752", "name": "นครพิงค์เภสัช", "nameTh": "นครพิงค์เภสัช", "nameEn": null, "cat": ["essentials", "medical"], "province": "cm", "slug": "0531682752", "rank": 2}}, {"type": "Feature", "geometry": {"type": "Point", "coordinates": [99.09689, 18.76093]}, "properties": {"id": "cm-dgth-fda-1359884083", "name": "นครยา", "nameTh": "นครยา", "nameEn": null, "cat": ["essentials", "medical"], "province": "cm", "slug": "1359884083", "rank": 2}}, {"type": "Feature", "geometry": {"type": "Point", "coordinates": [98.99057, 18.79616]}, "properties": {"id": "cm-dgth-fda-2782022181", "name": "นครยา2", "nameTh": "นครยา2", "nameEn": null, "cat": ["essentials", "medical"], "province": "cm", "slug": "2-2782022181", "rank": 2}}, {"type": "Feature", "geometry": {"type": "Point", "coordinates": [99.30274, 20.03454]}, "properties": {"id": "cm-dgth-fda-1598599294", "name": "นครเวชภัณฑ์ สาขาศรีดอนแก้ว", "nameTh": "นครเวชภัณฑ์ สาขาศรีดอนแก้ว", "nameEn": null, "cat": ["essentials", "medical"], "province": "cm", "slug": "1598599294", "rank": 2}}, {"type": "Feature", "geometry": {"type": "Point", "coordinates": [99.30274, 20.03454]}, "properties": {"id": "cm-dgth-fda-2541752120", "name": "นครเวชภัณฑ์ สาขาแม่อาย", "nameTh": "นครเวชภัณฑ์ สาขาแม่อาย", "nameEn": null, "cat": ["essentials", "medical"], "province": "cm", "slug": "2541752120", "rank": 2}}, {"type": "Feature", "geometry": {"type": "Point", "coordinates": [98.99165, 18.7659]}, "properties": {"id": "cm-osm-node-4594022592", "name": "นนทรมย์คลินิก", "nameTh": "นนทรมย์คลินิก", "nameEn": "Nontarom Clinic", "cat": ["medical"], "province": "cm", "slug": "nontarom-clinic-4594022592", "rank": 2}}, {"type": "Feature", "geometry": {"type": "Point", "coordinates": [98.98534, 18.80402]}, "properties": {"id": "cm-osm-node-3298082575", "name": "นันทพร การแพทย์", "nameTh": "นันทพร การแพทย์", "nameEn": "Neurological Clinic", "cat": ["medical"], "province": "cm", "slug": "neurological-clinic-3298082575", "rank": 4}}, {"type": "Feature", "geometry": {"type": "Point", "coordinates": [99.01084, 18.78688]}, "properties": {"id": "cm-dgth-fda-2084726671", "name": "นานาฟาร์มาซี", "nameTh": "นานาฟาร์มาซี", "nameEn": null, "cat": ["essentials", "medical"], "province": "cm", "slug": "2084726671", "rank": 2}}, {"type": "Feature", "geometry": {"type": "Point", "coordinates": [99.09689, 18.76093]}, "properties": {"id": "cm-dgth-fda-2502925412", "name": "นานายา ฟาร์มา", "nameTh": "นานายา ฟาร์มา", "nameEn": null, "cat": ["essentials", "medical"], "province": "cm", "slug": "2502925412", "rank": 2}}, {"type": "Feature", "geometry": {"type": "Point", "coordinates": [99.03834, 18.84416]}, "properties": {"id": "cm-dgth-fda-1543419016", "name": "นาราเภสัช", "nameTh": "นาราเภสัช", "nameEn": null, "cat": ["essentials", "medical"], "province": "cm", "slug": "1543419016", "rank": 2}}, {"type": "Feature", "geometry": {"type": "Point", "coordinates": [98.97445, 18.81323]}, "properties": {"id": "cm-dgth-fda-3994383985", "name": "นิวเจน ฟาร์มาซี", "nameTh": "นิวเจน ฟาร์มาซี", "nameEn": null, "cat": ["essentials", "medical"], "province": "cm", "slug": "3994383985", "rank": 2}}, {"type": "Feature", "geometry": {"type": "Point", "coordinates": [98.9164, 18.73845]}, "properties": {"id": "cm-dgth-fda-0602542738", "name": "น้ำหนึ่งเภสัช", "nameTh": "น้ำหนึ่งเภสัช", "nameEn": null, "cat": ["essentials", "medical"], "province": "cm", "slug": "0602542738", "rank": 2}}, {"type": "Feature", "geometry": {"type": "Point", "coordinates": [99.08497, 18.77001]}, "properties": {"id": "cm-osm-node-7048156487", "name": "บริการ", "nameTh": "บริการ", "nameEn": null, "cat": ["medical"], "province": "cm", "slug": "7048156487", "rank": 1}}, {"type": "Feature", "geometry": {"type": "Point", "coordinates": [98.99641, 18.78966]}, "properties": {"id": "cm-dgth-fda-2352031666", "name": "บริษัท ช้างม่อยฟาร์มาซ๊ จำกัด", "nameTh": "บริษัท ช้างม่อยฟาร์มาซ๊ จำกัด", "nameEn": null, "cat": ["essentials", "medical"], "province": "cm", "slug": "2352031666", "rank": 2}}, {"type": "Feature", "geometry": {"type": "Point", "coordinates": [98.97572, 18.79333]}, "properties": {"id": "cm-dgth-fda-1011503739", "name": "บริษัท พีระเภสัช จำกัด", "nameTh": "บริษัท พีระเภสัช จำกัด", "nameEn": null, "cat": ["essentials", "medical"], "province": "cm", "slug": "1011503739", "rank": 2}}, {"type": "Feature", "geometry": {"type": "Point", "coordinates": [99.01084, 18.78688]}, "properties": {"id": "cm-dgth-fda-4036102766", "name": "บริษัท ฟาร์ม่าเซฟ จำกัด", "nameTh": "บริษัท ฟาร์ม่าเซฟ จำกัด", "nameEn": null, "cat": ["essentials", "medical"], "province": "cm", "slug": "4036102766", "rank": 2}}, {"type": "Feature", "geometry": {"type": "Point", "coordinates": [98.99057, 18.79616]}, "properties": {"id": "cm-dgth-fda-3311756558", "name": "บริษัท วิทยาศรม จำกัด (สาขา 3)", "nameTh": "บริษัท วิทยาศรม จำกัด (สาขา 3)", "nameEn": null, "cat": ["essentials", "medical"], "province": "cm", "slug": "3-3311756558", "rank": 2}}, {"type": "Feature", "geometry": {"type": "Point", "coordinates": [98.99057, 18.79616]}, "properties": {"id": "cm-dgth-fda-1464042869", "name": "บริษัท เบสท์ กรุ๊ป (1999) จำกัด สาขาที่ 00001", "nameTh": "บริษัท เบสท์ กรุ๊ป (1999) จำกัด สาขาที่ 00001", "nameEn": null, "cat": ["essentials", "medical"], "province": "cm", "slug": "1999-00001-1464042869", "rank": 2}}, {"type": "Feature", "geometry": {"type": "Point", "coordinates": [99.02989, 18.78754]}, "properties": {"id": "cm-dgth-fda-1089183024", "name": "บริษัท เภสัชกร ดนัย จำกัด", "nameTh": "บริษัท เภสัชกร ดนัย จำกัด", "nameEn": null, "cat": ["essentials", "medical"], "province": "cm", "slug": "1089183024", "rank": 2}}, {"type": "Feature", "geometry": {"type": "Point", "coordinates": [99.01084, 18.78688]}, "properties": {"id": "cm-dgth-fda-0073821129", "name": "บริษัท เอสเอสยูพี โทแทล เวลเนส จำกัด", "nameTh": "บริษัท เอสเอสยูพี โทแทล เวลเนส จำกัด", "nameEn": null, "cat": ["essentials", "medical"], "province": "cm", "slug": "0073821129", "rank": 2}}, {"type": "Feature", "geometry": {"type": "Point", "coordinates": [98.97445, 18.81323]}, "properties": {"id": "cm-dgth-fda-1269265056", "name": "บริษัทซูรูฮะ(ประเทศไทย)จำกัด สาขาเม-ญ่าเชียงใหม่", "nameTh": "บริษัทซูรูฮะ(ประเทศไทย)จำกัด สาขาเม-ญ่าเชียงใหม่", "nameEn": null, "cat": ["essentials", "medical"], "province": "cm", "slug": "1269265056", "rank": 2}}, {"type": "Feature", "geometry": {"type": "Point", "coordinates": [99.01084, 18.78688]}, "properties": {"id": "cm-dgth-fda-3702331354", "name": "บริษัทดาราเภสัช จำกัด", "nameTh": "บริษัทดาราเภสัช จำกัด", "nameEn": null, "cat": ["essentials", "medical"], "province": "cm", "slug": "3702331354", "rank": 2}}, {"type": "Feature", "geometry": {"type": "Point", "coordinates": [98.98593, 18.77342]}, "properties": {"id": "cm-dgth-fda-0597816393", "name": "บริษัทบิ๊กซีซูเปอร์เซ็นเตอร์ จำกัด(มหาชน)(สาขาหางดง)", "nameTh": "บริษัทบิ๊กซีซูเปอร์เซ็นเตอร์ จำกัด(มหาชน)(สาขาหางดง)", "nameEn": null, "cat": ["essentials", "medical"], "province": "cm", "slug": "0597816393", "rank": 2}}, {"type": "Feature", "geometry": {"type": "Point", "coordinates": [98.98088, 18.74611]}, "properties": {"id": "cm-dgth-fda-2389648091", "name": "บริษัทฟาร์มาแคร์ พลัส จำกัด", "nameTh": "บริษัทฟาร์มาแคร์ พลัส จำกัด", "nameEn": null, "cat": ["essentials", "medical"], "province": "cm", "slug": "2389648091", "rank": 2}}, {"type": "Feature", "geometry": {"type": "Point", "coordinates": [99.06551, 18.84217]}, "properties": {"id": "cm-dgth-fda-1449823450", "name": "บริษัทฟาร์ม่า เฮ้ลธ์ แคร์ จำกัด", "nameTh": "บริษัทฟาร์ม่า เฮ้ลธ์ แคร์ จำกัด", "nameEn": null, "cat": ["essentials", "medical"], "province": "cm", "slug": "1449823450", "rank": 2}}, {"type": "Feature", "geometry": {"type": "Point", "coordinates": [98.99759, 18.77599]}, "properties": {"id": "cm-dgth-fda-0421446647", "name": "บริษัทเวชไพศาลฟาร์ม่า จำกัด", "nameTh": "บริษัทเวชไพศาลฟาร์ม่า จำกัด", "nameEn": null, "cat": ["essentials", "medical"], "province": "cm", "slug": "0421446647", "rank": 2}}, {"type": "Feature", "geometry": {"type": "Point", "coordinates": [99.01023, 18.75675]}, "properties": {"id": "cm-dgth-fda-3002531766", "name": "บริษัทแอมเวย์ (ประเทศไทย) จำกัด สาขาเชียงใหม่", "nameTh": "บริษัทแอมเวย์ (ประเทศไทย) จำกัด สาขาเชียงใหม่", "nameEn": null, "cat": ["essentials", "medical"], "province": "cm", "slug": "3002531766", "rank": 2}}, {"type": "Feature", "geometry": {"type": "Point", "coordinates": [98.94379, 18.77571]}, "properties": {"id": "cm-dgth-fda-1745533094", "name": "บิ๊กบีฟาร์มาซี", "nameTh": "บิ๊กบีฟาร์มาซี", "nameEn": null, "cat": ["essentials", "medical"], "province": "cm", "slug": "1745533094", "rank": 2}}, {"type": "Feature", "geometry": {"type": "Point", "coordinates": [98.99759, 18.77599]}, "properties": {"id": "cm-dgth-fda-1992711292", "name": "บี ที ฟาร์มาซี", "nameTh": "บี ที ฟาร์มาซี", "nameEn": null, "cat": ["essentials", "medical"], "province": "cm", "slug": "1992711292", "rank": 2}}, {"type": "Feature", "geometry": {"type": "Point", "coordinates": [99.01388, 18.74297]}, "properties": {"id": "cm-dgth-fda-4020128840", "name": "บีพีฟาร์มาซี", "nameTh": "บีพีฟาร์มาซี", "nameEn": null, "cat": ["essentials", "medical"], "province": "cm", "slug": "4020128840", "rank": 2}}, {"type": "Feature", "geometry": {"type": "Point", "coordinates": [98.99759, 18.77599]}, "properties": {"id": "cm-dgth-fda-1661787530", "name": "บีเอชดรัก", "nameTh": "บีเอชดรัก", "nameEn": null, "cat": ["essentials", "medical"], "province": "cm", "slug": "1661787530", "rank": 2}}, {"type": "Feature", "geometry": {"type": "Point", "coordinates": [98.97669, 18.80144]}, "properties": {"id": "cm-osm-node-6348620185", "name": "บุญบัวคลีนิค นวดจัดกระดูก", "nameTh": "บุญบัวคลีนิค นวดจัดกระดูก", "nameEn": null, "cat": ["medical"], "province": "cm", "slug": "6348620185", "rank": 1}}, {"type": "Feature", "geometry": {"type": "Point", "coordinates": [98.99057, 18.79616]}, "properties": {"id": "cm-dgth-fda-2334101093", "name": "บู๊ทส์ - วัดพระสิงห์ เชียงใหม่", "nameTh": "บู๊ทส์ - วัดพระสิงห์ เชียงใหม่", "nameEn": null, "cat": ["essentials", "medical"], "province": "cm", "slug": "2334101093", "rank": 2}}, {"type": "Feature", "geometry": {"type": "Point", "coordinates": [99.01084, 18.78688]}, "properties": {"id": "cm-dgth-fda-2949610369", "name": "บู๊ทส์ - เซ็นทรัล เฟสติวัล เชียงใหม่ ชั้น 4", "nameTh": "บู๊ทส์ - เซ็นทรัล เฟสติวัล เชียงใหม่ ชั้น 4", "nameEn": null, "cat": ["essentials", "medical"], "province": "cm", "slug": "4-2949610369", "rank": 2}}, {"type": "Feature", "geometry": {"type": "Point", "coordinates": [98.94379, 18.77571]}, "properties": {"id": "cm-dgth-fda-0943879280", "name": "บู๊ทส์-ถนนนิมมาน", "nameTh": "บู๊ทส์-ถนนนิมมาน", "nameEn": null, "cat": ["essentials", "medical"], "province": "cm", "slug": "0943879280", "rank": 2}}, {"type": "Feature", "geometry": {"type": "Point", "coordinates": [98.97572, 18.79333]}, "properties": {"id": "cm-dgth-fda-0132508097", "name": "บู๊ทส์-ท่าแพ เชียงใหม่ 2", "nameTh": "บู๊ทส์-ท่าแพ เชียงใหม่ 2", "nameEn": null, "cat": ["essentials", "medical"], "province": "cm", "slug": "2-0132508097", "rank": 2}}, {"type": "Feature", "geometry": {"type": "Point", "coordinates": [98.97445, 18.81323]}, "properties": {"id": "cm-dgth-fda-0641623530", "name": "บ่ายสองเภสัช", "nameTh": "บ่ายสองเภสัช", "nameEn": null, "cat": ["essentials", "medical"], "province": "cm", "slug": "0641623530", "rank": 2}}, {"type": "Feature", "geometry": {"type": "Point", "coordinates": [99.10356, 18.75663]}, "properties": {"id": "cm-osm-node-7132439185", "name": "บ้านคุณพิมพ์", "nameTh": "บ้านคุณพิมพ์", "nameEn": "Pim", "cat": ["medical"], "province": "cm", "slug": "pim-7132439185", "rank": 2}}, {"type": "Feature", "geometry": {"type": "Point", "coordinates": [98.98017, 18.81044]}, "properties": {"id": "cm-dgth-fda-1752075154", "name": "บ้านจันทร์ฟาร์มาซี", "nameTh": "บ้านจันทร์ฟาร์มาซี", "nameEn": null, "cat": ["essentials", "medical"], "province": "cm", "slug": "1752075154", "rank": 2}}, {"type": "Feature", "geometry": {"type": "Point", "coordinates": [98.98593, 18.77342]}, "properties": {"id": "cm-dgth-fda-1836036084", "name": "บ้านจินฟาร์มา", "nameTh": "บ้านจินฟาร์มา", "nameEn": null, "cat": ["essentials", "medical"], "province": "cm", "slug": "1836036084", "rank": 2}}, {"type": "Feature", "geometry": {"type": "Point", "coordinates": [99.02099, 18.77361]}, "properties": {"id": "cm-osm-node-4334725589", "name": "บ้านต้นขาม 2", "nameTh": "บ้านต้นขาม 2", "nameEn": null, "cat": ["medical"], "province": "cm", "slug": "2-4334725589", "rank": 2}}, {"type": "Feature", "geometry": {"type": "Point", "coordinates": [98.98017, 18.81044]}, "properties": {"id": "cm-dgth-fda-2962561340", "name": "บ้านท่อเภสัช", "nameTh": "บ้านท่อเภสัช", "nameEn": null, "cat": ["essentials", "medical"], "province": "cm", "slug": "2962561340", "rank": 2}}, {"type": "Feature", "geometry": {"type": "Point", "coordinates": [98.98088, 18.74611]}, "properties": {"id": "cm-dgth-fda-3330320451", "name": "บ้านยา 881", "nameTh": "บ้านยา 881", "nameEn": null, "cat": ["essentials", "medical"], "province": "cm", "slug": "881-3330320451", "rank": 2}}, {"type": "Feature", "geometry": {"type": "Point", "coordinates": [98.97445, 18.81323]}, "properties": {"id": "cm-dgth-fda-1748434401", "name": "บ้านยาคำเที่ยง", "nameTh": "บ้านยาคำเที่ยง", "nameEn": null, "cat": ["essentials", "medical"], "province": "cm", "slug": "1748434401", "rank": 2}}, {"type": "Feature", "geometry": {"type": "Point", "coordinates": [99.11283, 18.85074]}, "properties": {"id": "cm-dgth-fda-0491226912", "name": "บ้านยาจันทร์ดาว", "nameTh": "บ้านยาจันทร์ดาว", "nameEn": null, "cat": ["essentials", "medical"], "province": "cm", "slug": "0491226912", "rank": 2}}, {"type": "Feature", "geometry": {"type": "Point", "coordinates": [98.9164, 18.73845]}, "properties": {"id": "cm-dgth-fda-3141988738", "name": "บ้านยาน้ำโท้ง", "nameTh": "บ้านยาน้ำโท้ง", "nameEn": null, "cat": ["essentials", "medical"], "province": "cm", "slug": "3141988738", "rank": 2}}, {"type": "Feature", "geometry": {"type": "Point", "coordinates": [99.11283, 18.85074]}, "properties": {"id": "cm-dgth-fda-4107208499", "name": "บ้านยาป่าบงเภสัช", "nameTh": "บ้านยาป่าบงเภสัช", "nameEn": null, "cat": ["essentials", "medical"], "province": "cm", "slug": "4107208499", "rank": 2}}, {"type": "Feature", "geometry": {"type": "Point", "coordinates": [98.9164, 18.73845]}, "properties": {"id": "cm-dgth-fda-2674308200", "name": "บ้านยาฟาร์มาซิส", "nameTh": "บ้านยาฟาร์มาซิส", "nameEn": null, "cat": ["essentials", "medical"], "province": "cm", "slug": "2674308200", "rank": 2}}, {"type": "Feature", "geometry": {"type": "Point", "coordinates": [98.98593, 18.77342]}, "properties": {"id": "cm-dgth-fda-2633277187", "name": "บ้านยาวังตาล", "nameTh": "บ้านยาวังตาล", "nameEn": null, "cat": ["essentials", "medical"], "province": "cm", "slug": "2633277187", "rank": 2}}, {"type": "Feature", "geometry": {"type": "Point", "coordinates": [98.99225, 18.87069]}, "properties": {"id": "cm-dgth-fda-1402196084", "name": "บ้านยาสันผีเสื้อ", "nameTh": "บ้านยาสันผีเสื้อ", "nameEn": null, "cat": ["essentials", "medical"], "province": "cm", "slug": "1402196084", "rank": 2}}, {"type": "Feature", "geometry": {"type": "Point", "coordinates": [99.01917, 18.73266]}, "properties": {"id": "cm-osm-way-163021936", "name": "บ้านยาสารภี", "nameTh": "บ้านยาสารภี", "nameEn": "Saraphi Pharmacy", "cat": ["essentials", "medical"], "province": "cm", "slug": "saraphi-pharmacy-163021936", "rank": 3}}, {"type": "Feature", "geometry": {"type": "Point", "coordinates": [98.98088, 18.74611]}, "properties": {"id": "cm-dgth-fda-2463431307", "name": "บ้านยาอาจารย์", "nameTh": "บ้านยาอาจารย์", "nameEn": null, "cat": ["essentials", "medical"], "province": "cm", "slug": "2463431307", "rank": 2}}, {"type": "Feature", "geometry": {"type": "Point", "coordinates": [99.11283, 18.85074]}, "properties": {"id": "cm-dgth-fda-0618331836", "name": "บ้านยาฮักษา", "nameTh": "บ้านยาฮักษา", "nameEn": null, "cat": ["essentials", "medical"], "province": "cm", "slug": "0618331836", "rank": 2}}, {"type": "Feature", "geometry": {"type": "Point", "coordinates": [98.98593, 18.77342]}, "properties": {"id": "cm-dgth-fda-2932479219", "name": "บ้านยาเพิ่มพูน", "nameTh": "บ้านยาเพิ่มพูน", "nameEn": null, "cat": ["essentials", "medical"], "province": "cm", "slug": "2932479219", "rank": 2}}, {"type": "Feature", "geometry": {"type": "Point", "coordinates": [99.07825, 18.76557]}, "properties": {"id": "cm-osm-node-1330366617", "name": "บ้านยาเภสัช", "nameTh": "บ้านยาเภสัช", "nameEn": "Ban Ya Pharmacy", "cat": ["essentials", "medical"], "province": "cm", "slug": "ban-ya-pharmacy-1330366617", "rank": 2}}, {"type": "Feature", "geometry": {"type": "Point", "coordinates": [98.97445, 18.81323]}, "properties": {"id": "cm-dgth-fda-2341210386", "name": "บ้านยาเอื้ออังกูร", "nameTh": "บ้านยาเอื้ออังกูร", "nameEn": null, "cat": ["essentials", "medical"], "province": "cm", "slug": "2341210386", "rank": 2}}, {"type": "Feature", "geometry": {"type": "Point", "coordinates": [98.89094, 18.64311]}, "properties": {"id": "cm-dgth-fda-3475072543", "name": "บ้านยาแฮปปี้", "nameTh": "บ้านยาแฮปปี้", "nameEn": null, "cat": ["essentials", "medical"], "province": "cm", "slug": "3475072543", "rank": 2}}, {"type": "Feature", "geometry": {"type": "Point", "coordinates": [98.98593, 18.77342]}, "properties": {"id": "cm-dgth-fda-4201442313", "name": "บ้านหมอ-ยา-ดี", "nameTh": "บ้านหมอ-ยา-ดี", "nameEn": null, "cat": ["essentials", "medical"], "province": "cm", "slug": "4201442313", "rank": 2}}, {"type": "Feature", "geometry": {"type": "Point", "coordinates": [98.89094, 18.64311]}, "properties": {"id": "cm-dgth-fda-3815132839", "name": "บ้านเปียงเภสัช", "nameTh": "บ้านเปียงเภสัช", "nameEn": null, "cat": ["essentials", "medical"], "province": "cm", "slug": "3815132839", "rank": 2}}, {"type": "Feature", "geometry": {"type": "Point", "coordinates": [99.01084, 18.78688]}, "properties": {"id": "cm-dgth-fda-2585533457", "name": "ป.เจริญเภสัช", "nameTh": "ป.เจริญเภสัช", "nameEn": null, "cat": ["essentials", "medical"], "province": "cm", "slug": "2585533457", "rank": 2}}, {"type": "Feature", "geometry": {"type": "Point", "coordinates": [99.09689, 18.76093]}, "properties": {"id": "cm-dgth-fda-2941489217", "name": "ปราณปริยาเภสัช", "nameTh": "ปราณปริยาเภสัช", "nameEn": null, "cat": ["essentials", "medical"], "province": "cm", "slug": "2941489217", "rank": 2}}, {"type": "Feature", "geometry": {"type": "Point", "coordinates": [98.99658, 18.79499]}, "properties": {"id": "cm-osm-node-4536351788", "name": "ปราโมทย์คลีนิค", "nameTh": "ปราโมทย์คลีนิค", "nameEn": "Pramote", "cat": ["medical"], "province": "cm", "slug": "pramote-4536351788", "rank": 4}}, {"type": "Feature", "geometry": {"type": "Point", "coordinates": [98.99806, 18.79908]}, "properties": {"id": "cm-osm-node-3394774002", "name": "ปรียาเภสัช", "nameTh": "ปรียาเภสัช", "nameEn": null, "cat": ["essentials", "medical"], "province": "cm", "slug": "3394774002", "rank": 1}}, {"type": "Feature", "geometry": {"type": "Point", "coordinates": [98.9164, 18.73845]}, "properties": {"id": "cm-dgth-fda-2787022479", "name": "ปัญยา", "nameTh": "ปัญยา", "nameEn": null, "cat": ["essentials", "medical"], "province": "cm", "slug": "2787022479", "rank": 2}}, {"type": "Feature", "geometry": {"type": "Point", "coordinates": [99.03834, 18.84416]}, "properties": {"id": "cm-dgth-fda-3628555761", "name": "ป่าตอง ฟาร์ม่าแคร์", "nameTh": "ป่าตอง ฟาร์ม่าแคร์", "nameEn": null, "cat": ["essentials", "medical"], "province": "cm", "slug": "3628555761", "rank": 2}}, {"type": "Feature", "geometry": {"type": "Point", "coordinates": [98.99368, 18.82371]}, "properties": {"id": "cm-osm-node-6561413660", "name": "ป่าตัน คลินิค", "nameTh": "ป่าตัน คลินิค", "nameEn": "Pa Ton Clinic", "cat": ["medical"], "province": "cm", "slug": "pa-ton-clinic-6561413660", "rank": 2}}, {"type": "Feature", "geometry": {"type": "Point", "coordinates": [99.01388, 18.74297]}, "properties": {"id": "cm-dgth-fda-3204741554", "name": "ป่าบงฟาร์มาซี", "nameTh": "ป่าบงฟาร์มาซี", "nameEn": null, "cat": ["essentials", "medical"], "province": "cm", "slug": "3204741554", "rank": 2}}, {"type": "Feature", "geometry": {"type": "Point", "coordinates": [99.05209, 18.7447]}, "properties": {"id": "cm-osm-node-1179024295", "name": "ป่าบงเภสัช", "nameTh": "ป่าบงเภสัช", "nameEn": null, "cat": ["essentials", "medical"], "province": "cm", "slug": "1179024295", "rank": 1}}, {"type": "Feature", "geometry": {"type": "Point", "coordinates": [99.03152, 18.89476]}, "properties": {"id": "cm-dgth-fda-2614135932", "name": "ป่าเหมือดฟาร์ม่า", "nameTh": "ป่าเหมือดฟาร์ม่า", "nameEn": null, "cat": ["essentials", "medical"], "province": "cm", "slug": "2614135932", "rank": 2}}, {"type": "Feature", "geometry": {"type": "Point", "coordinates": [98.98088, 18.74611]}, "properties": {"id": "cm-dgth-fda-1997782507", "name": "ป่าแดดฟาร์มาซี", "nameTh": "ป่าแดดฟาร์มาซี", "nameEn": null, "cat": ["essentials", "medical"], "province": "cm", "slug": "1997782507", "rank": 2}}, {"type": "Feature", "geometry": {"type": "Point", "coordinates": [98.99369, 18.7888]}, "properties": {"id": "cm-osm-node-2211025832", "name": "ป้าย่น ทันตคลินิก", "nameTh": "ป้าย่น ทันตคลินิก", "nameEn": "Payon Dental Clinic", "cat": ["medical"], "province": "cm", "slug": "payon-dental-clinic-2211025832", "rank": 3}}, {"type": "Feature", "geometry": {"type": "Point", "coordinates": [98.97121, 18.84565]}, "properties": {"id": "cm-osm-node-6563494854", "name": "ผุสดี เภสัช", "nameTh": "ผุสดี เภสัช", "nameEn": null, "cat": ["essentials", "medical"], "province": "cm", "slug": "6563494854", "rank": 1}}, {"type": "Feature", "geometry": {"type": "Point", "coordinates": [98.94751, 18.72494]}, "properties": {"id": "cm-osm-node-13950359721", "name": "พชรคลินิก สาขาหางดง Pachara Clinic Hang Dong", "nameTh": "พชรคลินิก สาขาหางดง Pachara Clinic Hang Dong", "nameEn": null, "cat": ["medical"], "province": "cm", "slug": "pachara-clinic-hang-dong-13950359721", "rank": 3}}, {"type": "Feature", "geometry": {"type": "Point", "coordinates": [99.01388, 18.74297]}, "properties": {"id": "cm-dgth-fda-2935946716", "name": "พญาชมภูเภสัช", "nameTh": "พญาชมภูเภสัช", "nameEn": null, "cat": ["essentials", "medical"], "province": "cm", "slug": "2935946716", "rank": 2}}, {"type": "Feature", "geometry": {"type": "Point", "coordinates": [98.9164, 18.73845]}, "properties": {"id": "cm-dgth-fda-1367493552", "name": "พบยาเภสัช", "nameTh": "พบยาเภสัช", "nameEn": null, "cat": ["essentials", "medical"], "province": "cm", "slug": "1367493552", "rank": 2}}, {"type": "Feature", "geometry": {"type": "Point", "coordinates": [98.97926, 18.79791]}, "properties": {"id": "cm-osm-node-3298145680", "name": "พรรนเวชคลินิก", "nameTh": "พรรนเวชคลินิก", "nameEn": null, "cat": ["medical"], "province": "cm", "slug": "3298145680", "rank": 3}}, {"type": "Feature", "geometry": {"type": "Point", "coordinates": [99.00412, 18.7131]}, "properties": {"id": "cm-dgth-fda-2533056274", "name": "พริมยา", "nameTh": "พริมยา", "nameEn": null, "cat": ["essentials", "medical"], "province": "cm", "slug": "2533056274", "rank": 2}}, {"type": "Feature", "geometry": {"type": "Point", "coordinates": [99.01084, 18.78688]}, "properties": {"id": "cm-dgth-fda-2236638962", "name": "พร้อมปันยา", "nameTh": "พร้อมปันยา", "nameEn": null, "cat": ["essentials", "medical"], "province": "cm", "slug": "2236638962", "rank": 2}}, {"type": "Feature", "geometry": {"type": "Point", "coordinates": [99.06551, 18.84217]}, "properties": {"id": "cm-dgth-fda-4023862994", "name": "พร้อมปันยา 9", "nameTh": "พร้อมปันยา 9", "nameEn": null, "cat": ["essentials", "medical"], "province": "cm", "slug": "9-4023862994", "rank": 2}}, {"type": "Feature", "geometry": {"type": "Point", "coordinates": [99.02989, 18.78754]}, "properties": {"id": "cm-dgth-fda-3743727875", "name": "พร้อมปันยา สาขาปอยหลวง", "nameTh": "พร้อมปันยา สาขาปอยหลวง", "nameEn": null, "cat": ["essentials", "medical"], "province": "cm", "slug": "3743727875", "rank": 2}}, {"type": "Feature", "geometry": {"type": "Point", "coordinates": [99.03834, 18.84416]}, "properties": {"id": "cm-dgth-fda-3739476378", "name": "พร้อมยา สันทราย", "nameTh": "พร้อมยา สันทราย", "nameEn": null, "cat": ["essentials", "medical"], "province": "cm", "slug": "3739476378", "rank": 2}}, {"type": "Feature", "geometry": {"type": "Point", "coordinates": [98.9232, 18.91479]}, "properties": {"id": "cm-dgth-fda-2521879941", "name": "พร้อมยาแม่ริม", "nameTh": "พร้อมยาแม่ริม", "nameEn": null, "cat": ["essentials", "medical"], "province": "cm", "slug": "2521879941", "rank": 2}}, {"type": "Feature", "geometry": {"type": "Point", "coordinates": [99.02492, 18.76353]}, "properties": {"id": "cm-osm-node-2963931133", "name": "พฤกษชาติ คลีนิค", "nameTh": "พฤกษชาติ คลีนิค", "nameEn": "Pruksakhart Clinic", "cat": ["medical"], "province": "cm", "slug": "pruksakhart-clinic-2963931133", "rank": 2}}, {"type": "Feature", "geometry": {"type": "Point", "coordinates": [99.06555, 18.76207]}, "properties": {"id": "cm-osm-node-5580093621", "name": "พฤกษา", "nameTh": "พฤกษา", "nameEn": null, "cat": ["medical"], "province": "cm", "slug": "5580093621", "rank": 1}}, {"type": "Feature", "geometry": {"type": "Point", "coordinates": [98.9232, 18.91479]}, "properties": {"id": "cm-dgth-fda-0335948183", "name": "พลังยา", "nameTh": "พลังยา", "nameEn": null, "cat": ["essentials", "medical"], "province": "cm", "slug": "0335948183", "rank": 2}}, {"type": "Feature", "geometry": {"type": "Point", "coordinates": [98.96691, 18.8077]}, "properties": {"id": "cm-osm-way-668015251", "name": "พัชยาเภสัช", "nameTh": "พัชยาเภสัช", "nameEn": null, "cat": ["essentials", "medical"], "province": "cm", "slug": "668015251", "rank": 1}}, {"type": "Feature", "geometry": {"type": "Point", "coordinates": [98.9164, 18.73845]}, "properties": {"id": "cm-dgth-fda-1784020386", "name": "พัฒนเภสัช", "nameTh": "พัฒนเภสัช", "nameEn": null, "cat": ["essentials", "medical"], "province": "cm", "slug": "1784020386", "rank": 2}}, {"type": "Feature", "geometry": {"type": "Point", "coordinates": [99.00552, 18.7642]}, "properties": {"id": "cm-osm-node-2661432117", "name": "พิมลการแพทย์", "nameTh": "พิมลการแพทย์", "nameEn": null, "cat": ["medical"], "province": "cm", "slug": "2661432117", "rank": 2}}, {"type": "Feature", "geometry": {"type": "Point", "coordinates": [98.97074, 18.79436]}, "properties": {"id": "cm-curated-piman-clinic", "name": "พิมาน คลินิก", "nameTh": "พิมาน คลินิก", "nameEn": "Piman Clinic (RIHES CMU)", "cat": ["medical"], "province": "cm", "slug": "piman-clinic-rihes-cmu-cmcuratedpimanclinic", "rank": 5}}, {"type": "Feature", "geometry": {"type": "Point", "coordinates": [99.02989, 18.78754]}, "properties": {"id": "cm-dgth-fda-0046586723", "name": "พิสิฐ เภสัช 3", "nameTh": "พิสิฐ เภสัช 3", "nameEn": null, "cat": ["essentials", "medical"], "province": "cm", "slug": "3-0046586723", "rank": 2}}, {"type": "Feature", "geometry": {"type": "Point", "coordinates": [98.97445, 18.81323]}, "properties": {"id": "cm-dgth-fda-2847756303", "name": "พิสิฐเภสัช", "nameTh": "พิสิฐเภสัช", "nameEn": null, "cat": ["essentials", "medical"], "province": "cm", "slug": "2847756303", "rank": 2}}, {"type": "Feature", "geometry": {"type": "Point", "coordinates": [98.89094, 18.64311]}, "properties": {"id": "cm-dgth-fda-0561142561", "name": "พิสิฐเภสัช 2", "nameTh": "พิสิฐเภสัช 2", "nameEn": null, "cat": ["essentials", "medical"], "province": "cm", "slug": "2-0561142561", "rank": 2}}, {"type": "Feature", "geometry": {"type": "Point", "coordinates": [99.01297, 18.7553]}, "properties": {"id": "cm-osm-way-1234258607", "name": "พีดีเนอร์สซิ่งโฮม ดูแลผู้สูงอายุ", "nameTh": "พีดีเนอร์สซิ่งโฮม ดูแลผู้สูงอายุ", "nameEn": "PD Nursing Home Care for the Elderly", "cat": ["medical"], "province": "cm", "slug": "pd-nursing-home-care-for-the-elderly-1234258607", "rank": 2}}, {"type": "Feature", "geometry": {"type": "Point", "coordinates": [98.96903, 18.78754]}, "properties": {"id": "cm-osm-node-4539213081", "name": "พีทีฟาร์มาซี", "nameTh": "พีทีฟาร์มาซี", "nameEn": "PT Pharmacy", "cat": ["essentials", "medical"], "province": "cm", "slug": "pt-pharmacy-4539213081", "rank": 2}}, {"type": "Feature", "geometry": {"type": "Point", "coordinates": [98.99273, 18.78771]}, "properties": {"id": "cm-osm-way-579074439", "name": "พีระ", "nameTh": "พีระ", "nameEn": "Peera Pharmacy", "cat": ["essentials", "medical"], "province": "cm", "slug": "peera-pharmacy-579074439", "rank": 2}}, {"type": "Feature", "geometry": {"type": "Point", "coordinates": [99.04694, 18.79078]}, "properties": {"id": "cm-dgth-fda-3505241346", "name": "พีเจฟาร์มาซี", "nameTh": "พีเจฟาร์มาซี", "nameEn": null, "cat": ["essentials", "medical"], "province": "cm", "slug": "3505241346", "rank": 2}}, {"type": "Feature", "geometry": {"type": "Point", "coordinates": [99.09689, 18.76093]}, "properties": {"id": "cm-dgth-fda-0766756873", "name": "พีเอ็นฟาร์มาซี", "nameTh": "พีเอ็นฟาร์มาซี", "nameEn": null, "cat": ["essentials", "medical"], "province": "cm", "slug": "0766756873", "rank": 2}}, {"type": "Feature", "geometry": {"type": "Point", "coordinates": [99.00504, 18.902]}, "properties": {"id": "cm-osm-node-2589524823", "name": "พีแอนด์พี", "nameTh": "พีแอนด์พี", "nameEn": "P&P Pharmacy", "cat": ["essentials", "medical"], "province": "cm", "slug": "p-p-pharmacy-2589524823", "rank": 2}}, {"type": "Feature", "geometry": {"type": "Point", "coordinates": [98.94379, 18.77571]}, "properties": {"id": "cm-dgth-fda-2274158221", "name": "พีแอลฟาร์มาซี", "nameTh": "พีแอลฟาร์มาซี", "nameEn": null, "cat": ["essentials", "medical"], "province": "cm", "slug": "2274158221", "rank": 2}}, {"type": "Feature", "geometry": {"type": "Point", "coordinates": [98.94145, 18.93505]}, "properties": {"id": "cm-osm-node-4594671203", "name": "พี่น้องเภสัช", "nameTh": "พี่น้องเภสัช", "nameEn": "Phinong Pharmacy", "cat": ["essentials", "medical"], "province": "cm", "slug": "phinong-pharmacy-4594671203", "rank": 2}}, {"type": "Feature", "geometry": {"type": "Point", "coordinates": [99.03725, 18.81813]}, "properties": {"id": "cm-osm-node-6597621272", "name": "ฟาม่าร์ช้อยช์", "nameTh": "ฟาม่าร์ช้อยช์", "nameEn": "Pharma Choice", "cat": ["essentials", "medical"], "province": "cm", "slug": "pharma-choice-6597621272", "rank": 2}}, {"type": "Feature", "geometry": {"type": "Point", "coordinates": [98.94379, 18.77571]}, "properties": {"id": "cm-dgth-fda-3003131994", "name": "ฟาร์มาซิสท์", "nameTh": "ฟาร์มาซิสท์", "nameEn": null, "cat": ["essentials", "medical"], "province": "cm", "slug": "3003131994", "rank": 2}}, {"type": "Feature", "geometry": {"type": "Point", "coordinates": [98.96513, 19.36943]}, "properties": {"id": "cm-osm-node-6647753827", "name": "ฟาร์มาซีเชียงดาว", "nameTh": "ฟาร์มาซีเชียงดาว", "nameEn": "Chiang Dao Pharmacy", "cat": ["essentials", "medical"], "province": "cm", "slug": "chiang-dao-pharmacy-6647753827", "rank": 2}}, {"type": "Feature", "geometry": {"type": "Point", "coordinates": [98.91817, 18.68143]}, "properties": {"id": "cm-dgth-fda-2503273162", "name": "ฟาร์มามิกซ์ เพลินเพลส", "nameTh": "ฟาร์มามิกซ์ เพลินเพลส", "nameEn": null, "cat": ["essentials", "medical"], "province": "cm", "slug": "2503273162", "rank": 2}}, {"type": "Feature", "geometry": {"type": "Point", "coordinates": [98.97445, 18.81323]}, "properties": {"id": "cm-dgth-fda-2395854963", "name": "ฟาร์มาฮัก (Pharma Hug)", "nameTh": "ฟาร์มาฮัก (Pharma Hug)", "nameEn": null, "cat": ["essentials", "medical"], "province": "cm", "slug": "pharma-hug-2395854963", "rank": 2}}, {"type": "Feature", "geometry": {"type": "Point", "coordinates": [99.01023, 18.75675]}, "properties": {"id": "cm-dgth-fda-1494605600", "name": "ฟาร์มาเซีย", "nameTh": "ฟาร์มาเซีย", "nameEn": null, "cat": ["essentials", "medical"], "province": "cm", "slug": "1494605600", "rank": 2}}, {"type": "Feature", "geometry": {"type": "Point", "coordinates": [98.98088, 18.74611]}, "properties": {"id": "cm-dgth-fda-2181720083", "name": "ฟาร์มาเมด", "nameTh": "ฟาร์มาเมด", "nameEn": null, "cat": ["essentials", "medical"], "province": "cm", "slug": "2181720083", "rank": 2}}, {"type": "Feature", "geometry": {"type": "Point", "coordinates": [98.94379, 18.77571]}, "properties": {"id": "cm-dgth-fda-0205602543", "name": "ฟาร์มาเวย์สาขาท่าอากาศยานเชียงใหม่อาคารผู้โดยสารระหว่างประเทศ", "nameTh": "ฟาร์มาเวย์สาขาท่าอากาศยานเชียงใหม่อาคารผู้โดยสารระหว่างประเทศ", "nameEn": null, "cat": ["essentials", "medical"], "province": "cm", "slug": "0205602543", "rank": 2}}, {"type": "Feature", "geometry": {"type": "Point", "coordinates": [99.13644, 18.86942]}, "properties": {"id": "cm-osm-node-4542031825", "name": "ฟาร์มาเฮล์ท", "nameTh": "ฟาร์มาเฮล์ท", "nameEn": null, "cat": ["essentials", "medical"], "province": "cm", "slug": "4542031825", "rank": 1}}, {"type": "Feature", "geometry": {"type": "Point", "coordinates": [98.89094, 18.64311]}, "properties": {"id": "cm-dgth-fda-1542194963", "name": "ฟาร์มาไกด์", "nameTh": "ฟาร์มาไกด์", "nameEn": null, "cat": ["essentials", "medical"], "province": "cm", "slug": "1542194963", "rank": 2}}, {"type": "Feature", "geometry": {"type": "Point", "coordinates": [98.99759, 18.77599]}, "properties": {"id": "cm-dgth-fda-3456091436", "name": "ฟาร์มเฟรนด์", "nameTh": "ฟาร์มเฟรนด์", "nameEn": null, "cat": ["essentials", "medical"], "province": "cm", "slug": "3456091436", "rank": 2}}, {"type": "Feature", "geometry": {"type": "Point", "coordinates": [99.0113, 18.81104]}, "properties": {"id": "cm-osm-node-772433651", "name": "ฟาร์ม่า ชอยส์", "nameTh": "ฟาร์ม่า ชอยส์", "nameEn": "Pharma Choice", "cat": ["essentials", "medical"], "province": "cm", "slug": "pharma-choice-772433651", "rank": 2}}, {"type": "Feature", "geometry": {"type": "Point", "coordinates": [98.9164, 18.73845]}, "properties": {"id": "cm-dgth-fda-0050282621", "name": "ฟาร์ม่า พี", "nameTh": "ฟาร์ม่า พี", "nameEn": null, "cat": ["essentials", "medical"], "province": "cm", "slug": "0050282621", "rank": 2}}, {"type": "Feature", "geometry": {"type": "Point", "coordinates": [98.98117, 18.80517]}, "properties": {"id": "cm-osm-node-3298008473", "name": "ฟาร์ม่า ไทม์", "nameTh": "ฟาร์ม่า ไทม์", "nameEn": "Pharma Thai", "cat": ["essentials", "medical"], "province": "cm", "slug": "pharma-thai-3298008473", "rank": 2}}, {"type": "Feature", "geometry": {"type": "Point", "coordinates": [98.97843, 18.80239]}, "properties": {"id": "cm-osm-node-2530435324", "name": "ฟาร์ม่าคลับ", "nameTh": "ฟาร์ม่าคลับ", "nameEn": "Pharma Club", "cat": ["essentials", "medical"], "province": "cm", "slug": "pharma-club-2530435324", "rank": 3}}, {"type": "Feature", "geometry": {"type": "Point", "coordinates": [99.06995, 18.77054]}, "properties": {"id": "cm-osm-way-354631318", "name": "ฟาร์ม่าช้อยซ์", "nameTh": "ฟาร์ม่าช้อยซ์", "nameEn": "Pharma Choice", "cat": ["essentials", "medical"], "province": "cm", "slug": "pharma-choice-354631318", "rank": 3}}, {"type": "Feature", "geometry": {"type": "Point", "coordinates": [99.03834, 18.84416]}, "properties": {"id": "cm-dgth-fda-1269585522", "name": "ฟาร์ม่าช้อยซ์สาขารวมโชค", "nameTh": "ฟาร์ม่าช้อยซ์สาขารวมโชค", "nameEn": null, "cat": ["essentials", "medical"], "province": "cm", "slug": "1269585522", "rank": 2}}, {"type": "Feature", "geometry": {"type": "Point", "coordinates": [98.97445, 18.81323]}, "properties": {"id": "cm-dgth-fda-2724547441", "name": "ฟาร์ม่าเฟิร์ส", "nameTh": "ฟาร์ม่าเฟิร์ส", "nameEn": null, "cat": ["essentials", "medical"], "province": "cm", "slug": "2724547441", "rank": 2}}, {"type": "Feature", "geometry": {"type": "Point", "coordinates": [98.97445, 18.81323]}, "properties": {"id": "cm-dgth-fda-0118254295", "name": "ฟาร์ม่าเฟิร์ส 3", "nameTh": "ฟาร์ม่าเฟิร์ส 3", "nameEn": null, "cat": ["essentials", "medical"], "province": "cm", "slug": "3-0118254295", "rank": 2}}, {"type": "Feature", "geometry": {"type": "Point", "coordinates": [98.98593, 18.77342]}, "properties": {"id": "cm-dgth-fda-0890951936", "name": "ฟาร์ม่าเมท", "nameTh": "ฟาร์ม่าเมท", "nameEn": null, "cat": ["essentials", "medical"], "province": "cm", "slug": "0890951936", "rank": 2}}, {"type": "Feature", "geometry": {"type": "Point", "coordinates": [98.97445, 18.81323]}, "properties": {"id": "cm-dgth-fda-1828604955", "name": "ฟาร์ม่าแล็บ", "nameTh": "ฟาร์ม่าแล็บ", "nameEn": null, "cat": ["essentials", "medical"], "province": "cm", "slug": "1828604955", "rank": 2}}, {"type": "Feature", "geometry": {"type": "Point", "coordinates": [99.01367, 18.80084]}, "properties": {"id": "cm-osm-node-2650790830", "name": "ฟาสซิโน", "nameTh": "ฟาสซิโน", "nameEn": "Phasino", "cat": ["essentials", "medical"], "province": "cm", "slug": "phasino-2650790830", "rank": 5}}, {"type": "Feature", "geometry": {"type": "Point", "coordinates": [99.072, 18.8428]}, "properties": {"id": "cm-osm-node-3345717669", "name": "ฟิวเจอร์ แล็ป คลินิก", "nameTh": "ฟิวเจอร์ แล็ป คลินิก", "nameEn": "Future Lab Clinic", "cat": ["medical"], "province": "cm", "slug": "future-lab-clinic-3345717669", "rank": 2}}, {"type": "Feature", "geometry": {"type": "Point", "coordinates": [98.98593, 18.77342]}, "properties": {"id": "cm-dgth-fda-1826534186", "name": "ฟูยูฟาร์ม่า", "nameTh": "ฟูยูฟาร์ม่า", "nameEn": null, "cat": ["essentials", "medical"], "province": "cm", "slug": "1826534186", "rank": 2}}, {"type": "Feature", "geometry": {"type": "Point", "coordinates": [98.99523, 18.78732]}, "properties": {"id": "cm-osm-node-3414106792", "name": "ภานุการแพทย์", "nameTh": "ภานุการแพทย์", "nameEn": "Panu MD. Clinic", "cat": ["medical"], "province": "cm", "slug": "panu-md-clinic-3414106792", "rank": 4}}, {"type": "Feature", "geometry": {"type": "Point", "coordinates": [98.98581, 18.80077]}, "properties": {"id": "cm-osm-node-3289860355", "name": "ภิญโญเภสัช", "nameTh": "ภิญโญเภสัช", "nameEn": "Phinyo", "cat": ["essentials", "medical"], "province": "cm", "slug": "phinyo-3289860355", "rank": 2}}, {"type": "Feature", "geometry": {"type": "Point", "coordinates": [99.00607, 18.76992]}, "properties": {"id": "cm-osm-node-2661443153", "name": "ภีชญาเภสัช", "nameTh": "ภีชญาเภสัช", "nameEn": "Phi Chaya Pharmacist", "cat": ["essentials", "medical"], "province": "cm", "slug": "phi-chaya-pharmacist-2661443153", "rank": 2}}, {"type": "Feature", "geometry": {"type": "Point", "coordinates": [98.9838, 18.7961]}, "properties": {"id": "cm-osm-node-7679383352", "name": "มณีนพรัตน์คลินิกเวชกรรม", "nameTh": "มณีนพรัตน์คลินิกเวชกรรม", "nameEn": null, "cat": ["medical"], "province": "cm", "slug": "7679383352", "rank": 1}}, {"type": "Feature", "geometry": {"type": "Point", "coordinates": [98.94379, 18.77571]}, "properties": {"id": "cm-dgth-fda-3304150892", "name": "มอร์", "nameTh": "มอร์", "nameEn": null, "cat": ["essentials", "medical"], "province": "cm", "slug": "3304150892", "rank": 2}}, {"type": "Feature", "geometry": {"type": "Point", "coordinates": [99.00065, 18.91561]}, "properties": {"id": "cm-dgth-fda-3300033476", "name": "มังกรฟาร์ม่า", "nameTh": "มังกรฟาร์ม่า", "nameEn": null, "cat": ["essentials", "medical"], "province": "cm", "slug": "3300033476", "rank": 2}}, {"type": "Feature", "geometry": {"type": "Point", "coordinates": [98.99178, 18.78512]}, "properties": {"id": "cm-osm-way-793410613", "name": "มังคละโอสถ", "nameTh": "มังคละโอสถ", "nameEn": "Mungkala Traditonal Chinese Medicine (acupuncture) Clinic", "cat": ["medical"], "province": "cm", "slug": "mungkala-traditonal-chinese-medicine-acupuncture-clinic-793410613", "rank": 4}}, {"type": "Feature", "geometry": {"type": "Point", "coordinates": [99.04908, 18.75694]}, "properties": {"id": "cm-osm-node-2039805563", "name": "มายเดนท์", "nameTh": "มายเดนท์", "nameEn": null, "cat": ["medical"], "province": "cm", "slug": "2039805563", "rank": 2}}, {"type": "Feature", "geometry": {"type": "Point", "coordinates": [99.01084, 18.78688]}, "properties": {"id": "cm-dgth-fda-3158254390", "name": "มิตรสาส์นเภสัช", "nameTh": "มิตรสาส์นเภสัช", "nameEn": null, "cat": ["essentials", "medical"], "province": "cm", "slug": "3158254390", "rank": 2}}, {"type": "Feature", "geometry": {"type": "Point", "coordinates": [99.01776, 18.79395]}, "properties": {"id": "cm-osm-node-4584097442", "name": "มีนาเภสัช", "nameTh": "มีนาเภสัช", "nameEn": "Mina Pharmacy", "cat": ["essentials", "medical"], "province": "cm", "slug": "mina-pharmacy-4584097442", "rank": 3}}, {"type": "Feature", "geometry": {"type": "Point", "coordinates": [98.94379, 18.77571]}, "properties": {"id": "cm-dgth-fda-2430263379", "name": "มียา", "nameTh": "มียา", "nameEn": null, "cat": ["essentials", "medical"], "province": "cm", "slug": "2430263379", "rank": 2}}, {"type": "Feature", "geometry": {"type": "Point", "coordinates": [99.01084, 18.78688]}, "properties": {"id": "cm-dgth-fda-3571123560", "name": "มียาฟาร์มาซี 2", "nameTh": "มียาฟาร์มาซี 2", "nameEn": null, "cat": ["essentials", "medical"], "province": "cm", "slug": "2-3571123560", "rank": 2}}, {"type": "Feature", "geometry": {"type": "Point", "coordinates": [99.00065, 18.91561]}, "properties": {"id": "cm-dgth-fda-1975587487", "name": "มีโชคเภสัช", "nameTh": "มีโชคเภสัช", "nameEn": null, "cat": ["essentials", "medical"], "province": "cm", "slug": "1975587487", "rank": 2}}, {"type": "Feature", "geometry": {"type": "Point", "coordinates": [98.97445, 18.81323]}, "properties": {"id": "cm-dgth-fda-2410793887", "name": "มุมยาเภสัช", "nameTh": "มุมยาเภสัช", "nameEn": null, "cat": ["essentials", "medical"], "province": "cm", "slug": "2410793887", "rank": 2}}, {"type": "Feature", "geometry": {"type": "Point", "coordinates": [99.01084, 18.78688]}, "properties": {"id": "cm-dgth-fda-1287594014", "name": "มุมยาเภสัช2", "nameTh": "มุมยาเภสัช2", "nameEn": null, "cat": ["essentials", "medical"], "province": "cm", "slug": "2-1287594014", "rank": 2}}, {"type": "Feature", "geometry": {"type": "Point", "coordinates": [98.98659, 18.77395]}, "properties": {"id": "cm-curated-mplus-chiangmai", "name": "มูลนิธิเอ็มพลัส เชียงใหม่", "nameTh": "มูลนิธิเอ็มพลัส เชียงใหม่", "nameEn": "M Plus Foundation Chiang Mai", "cat": ["medical"], "province": "cm", "slug": "m-plus-foundation-chiang-mai-cmcuratedmpluschiangmai", "rank": 6}}, {"type": "Feature", "geometry": {"type": "Point", "coordinates": [98.99314, 18.7895]}, "properties": {"id": "cm-osm-way-481723928", "name": "มูลเมืองเภสัช", "nameTh": "มูลเมืองเภสัช", "nameEn": "Moonmuang Pharmacy", "cat": ["essentials", "medical"], "province": "cm", "slug": "moonmuang-pharmacy-481723928", "rank": 2}}, {"type": "Feature", "geometry": {"type": "Point", "coordinates": [99.03565, 18.71088]}, "properties": {"id": "cm-dgth-fda-0311780034", "name": "ยางเนิ้งเภสัช", "nameTh": "ยางเนิ้งเภสัช", "nameEn": null, "cat": ["essentials", "medical"], "province": "cm", "slug": "0311780034", "rank": 2}}, {"type": "Feature", "geometry": {"type": "Point", "coordinates": [99.04694, 18.79078]}, "properties": {"id": "cm-dgth-fda-3884875258", "name": "ยาดีเชียงใหม่", "nameTh": "ยาดีเชียงใหม่", "nameEn": null, "cat": ["essentials", "medical"], "province": "cm", "slug": "3884875258", "rank": 2}}, {"type": "Feature", "geometry": {"type": "Point", "coordinates": [98.98088, 18.74611]}, "properties": {"id": "cm-dgth-fda-0595507729", "name": "ยาบำรุงสุข", "nameTh": "ยาบำรุงสุข", "nameEn": null, "cat": ["essentials", "medical"], "province": "cm", "slug": "0595507729", "rank": 2}}, {"type": "Feature", "geometry": {"type": "Point", "coordinates": [99.01388, 18.74297]}, "properties": {"id": "cm-dgth-fda-3940706055", "name": "ยาบำรุงสุข (ไชยสถาน สารภี)", "nameTh": "ยาบำรุงสุข (ไชยสถาน สารภี)", "nameEn": null, "cat": ["essentials", "medical"], "province": "cm", "slug": "3940706055", "rank": 2}}, {"type": "Feature", "geometry": {"type": "Point", "coordinates": [99.11283, 18.85074]}, "properties": {"id": "cm-dgth-fda-1068848033", "name": "ยาฟอร์ยู", "nameTh": "ยาฟอร์ยู", "nameEn": null, "cat": ["essentials", "medical"], "province": "cm", "slug": "1068848033", "rank": 2}}, {"type": "Feature", "geometry": {"type": "Point", "coordinates": [99.03834, 18.84416]}, "properties": {"id": "cm-dgth-fda-3218389230", "name": "ยามหามิตร", "nameTh": "ยามหามิตร", "nameEn": null, "cat": ["essentials", "medical"], "province": "cm", "slug": "3218389230", "rank": 2}}, {"type": "Feature", "geometry": {"type": "Point", "coordinates": [99.01084, 18.78688]}, "properties": {"id": "cm-dgth-fda-1828066511", "name": "ยาริมเวียง", "nameTh": "ยาริมเวียง", "nameEn": null, "cat": ["essentials", "medical"], "province": "cm", "slug": "1828066511", "rank": 2}}, {"type": "Feature", "geometry": {"type": "Point", "coordinates": [99.01084, 18.78688]}, "properties": {"id": "cm-dgth-fda-2488704690", "name": "ยาสี่พี่น้อง (ท่าศาลา)", "nameTh": "ยาสี่พี่น้อง (ท่าศาลา)", "nameEn": null, "cat": ["essentials", "medical"], "province": "cm", "slug": "2488704690", "rank": 2}}, {"type": "Feature", "geometry": {"type": "Point", "coordinates": [98.9164, 18.73845]}, "properties": {"id": "cm-dgth-fda-1626631523", "name": "ยาสี่พี่น้อง (สันผักหวาน)", "nameTh": "ยาสี่พี่น้อง (สันผักหวาน)", "nameEn": null, "cat": ["essentials", "medical"], "province": "cm", "slug": "1626631523", "rank": 2}}, {"type": "Feature", "geometry": {"type": "Point", "coordinates": [98.9164, 18.73845]}, "properties": {"id": "cm-dgth-fda-1194784120", "name": "ยาแยอะแยะ สาขาหางดง", "nameTh": "ยาแยอะแยะ สาขาหางดง", "nameEn": null, "cat": ["essentials", "medical"], "province": "cm", "slug": "1194784120", "rank": 2}}, {"type": "Feature", "geometry": {"type": "Point", "coordinates": [98.94379, 18.77571]}, "properties": {"id": "cm-dgth-fda-1691328718", "name": "ยาแอนด์ยู", "nameTh": "ยาแอนด์ยู", "nameEn": null, "cat": ["essentials", "medical"], "province": "cm", "slug": "1691328718", "rank": 2}}, {"type": "Feature", "geometry": {"type": "Point", "coordinates": [99.18967, 19.28031]}, "properties": {"id": "cm-osm-node-11104076305", "name": "รพ.สต. ร่มเกล้า", "nameTh": "รพ.สต. ร่มเกล้า", "nameEn": null, "cat": ["medical"], "province": "cm", "slug": "11104076305", "rank": 1}}, {"type": "Feature", "geometry": {"type": "Point", "coordinates": [99.17603, 19.38717]}, "properties": {"id": "cm-osm-node-11104073505", "name": "รพสต. ทุ่งน้อย", "nameTh": "รพสต. ทุ่งน้อย", "nameEn": null, "cat": ["medical"], "province": "cm", "slug": "11104073505", "rank": 1}}, {"type": "Feature", "geometry": {"type": "Point", "coordinates": [98.98275, 18.86559]}, "properties": {"id": "cm-osm-node-3191082471", "name": "รักยา", "nameTh": "รักยา", "nameEn": null, "cat": ["essentials", "medical"], "province": "cm", "slug": "3191082471", "rank": 1}}, {"type": "Feature", "geometry": {"type": "Point", "coordinates": [99.03565, 18.71088]}, "properties": {"id": "cm-dgth-fda-0420442344", "name": "รักษา เภสัช", "nameTh": "รักษา เภสัช", "nameEn": null, "cat": ["essentials", "medical"], "province": "cm", "slug": "0420442344", "rank": 2}}, {"type": "Feature", "geometry": {"type": "Point", "coordinates": [98.99225, 18.87069]}, "properties": {"id": "cm-dgth-fda-2167387157", "name": "รักษ์ยาเภสัช", "nameTh": "รักษ์ยาเภสัช", "nameEn": null, "cat": ["essentials", "medical"], "province": "cm", "slug": "2167387157", "rank": 2}}, {"type": "Feature", "geometry": {"type": "Point", "coordinates": [99.03152, 18.89476]}, "properties": {"id": "cm-dgth-fda-1216565675", "name": "รัชดาพร เภสัช", "nameTh": "รัชดาพร เภสัช", "nameEn": null, "cat": ["essentials", "medical"], "province": "cm", "slug": "1216565675", "rank": 2}}, {"type": "Feature", "geometry": {"type": "Point", "coordinates": [98.9232, 18.91479]}, "properties": {"id": "cm-dgth-fda-1400866910", "name": "รัตนาวดี ดรัก", "nameTh": "รัตนาวดี ดรัก", "nameEn": null, "cat": ["essentials", "medical"], "province": "cm", "slug": "1400866910", "rank": 2}}, {"type": "Feature", "geometry": {"type": "Point", "coordinates": [98.9232, 18.91479]}, "properties": {"id": "cm-dgth-fda-2873620735", "name": "ริญญ์ยาเภสัช", "nameTh": "ริญญ์ยาเภสัช", "nameEn": null, "cat": ["essentials", "medical"], "province": "cm", "slug": "2873620735", "rank": 2}}, {"type": "Feature", "geometry": {"type": "Point", "coordinates": [99.01084, 18.78688]}, "properties": {"id": "cm-dgth-fda-0124142316", "name": "ริญญ์ยาเภสัช2", "nameTh": "ริญญ์ยาเภสัช2", "nameEn": null, "cat": ["essentials", "medical"], "province": "cm", "slug": "2-0124142316", "rank": 2}}, {"type": "Feature", "geometry": {"type": "Point", "coordinates": [99.05228, 18.8303]}, "properties": {"id": "cm-osm-node-8699198245", "name": "ริมกวง เภสัช", "nameTh": "ริมกวง เภสัช", "nameEn": "Rim Kuang Pharmacy", "cat": ["essentials", "medical"], "province": "cm", "slug": "rim-kuang-pharmacy-8699198245", "rank": 2}}, {"type": "Feature", "geometry": {"type": "Point", "coordinates": [98.98587, 18.80049]}, "properties": {"id": "cm-osm-node-3289826715", "name": "รุ่งเรืองฟาร์มาซี", "nameTh": "รุ่งเรืองฟาร์มาซี", "nameEn": "Rungrueang", "cat": ["essentials", "medical"], "province": "cm", "slug": "rungrueang-3289826715", "rank": 2}}, {"type": "Feature", "geometry": {"type": "Point", "coordinates": [98.9964, 18.78419]}, "properties": {"id": "cm-osm-node-822570174", "name": "ร้าน 56เภสัชกร", "nameTh": "ร้าน 56เภสัชกร", "nameEn": "56 Pharmacy", "cat": ["essentials", "medical"], "province": "cm", "slug": "56-pharmacy-822570174", "rank": 3}}, {"type": "Feature", "geometry": {"type": "Point", "coordinates": [99.11283, 18.85074]}, "properties": {"id": "cm-dgth-fda-1891939605", "name": "ร้าน คลินิกยาท่ารั้ว", "nameTh": "ร้าน คลินิกยาท่ารั้ว", "nameEn": null, "cat": ["essentials", "medical"], "province": "cm", "slug": "1891939605", "rank": 2}}, {"type": "Feature", "geometry": {"type": "Point", "coordinates": [99.03834, 18.84416]}, "properties": {"id": "cm-dgth-fda-3108135700", "name": "ร้าน ซีซี ฟาร์มาซี", "nameTh": "ร้าน ซีซี ฟาร์มาซี", "nameEn": null, "cat": ["essentials", "medical"], "province": "cm", "slug": "3108135700", "rank": 2}}, {"type": "Feature", "geometry": {"type": "Point", "coordinates": [98.98017, 18.81044]}, "properties": {"id": "cm-dgth-fda-1316334991", "name": "ร้าน ตู้ยาลานนา", "nameTh": "ร้าน ตู้ยาลานนา", "nameEn": null, "cat": ["essentials", "medical"], "province": "cm", "slug": "1316334991", "rank": 2}}, {"type": "Feature", "geometry": {"type": "Point", "coordinates": [98.99641, 18.78966]}, "properties": {"id": "cm-dgth-fda-2977740760", "name": "ร้าน ธนากรเภสัช", "nameTh": "ร้าน ธนากรเภสัช", "nameEn": null, "cat": ["essentials", "medical"], "province": "cm", "slug": "2977740760", "rank": 2}}, {"type": "Feature", "geometry": {"type": "Point", "coordinates": [98.97572, 18.79333]}, "properties": {"id": "cm-dgth-fda-1912634262", "name": "ร้าน นัดเภสัช", "nameTh": "ร้าน นัดเภสัช", "nameEn": null, "cat": ["essentials", "medical"], "province": "cm", "slug": "1912634262", "rank": 2}}, {"type": "Feature", "geometry": {"type": "Point", "coordinates": [99.01388, 18.74297]}, "properties": {"id": "cm-dgth-fda-3008210104", "name": "ร้าน บ้านมียา", "nameTh": "ร้าน บ้านมียา", "nameEn": null, "cat": ["essentials", "medical"], "province": "cm", "slug": "3008210104", "rank": 2}}, {"type": "Feature", "geometry": {"type": "Point", "coordinates": [99.09689, 18.76093]}, "properties": {"id": "cm-dgth-fda-3260433002", "name": "ร้าน บ้านยาด้วยรัก", "nameTh": "ร้าน บ้านยาด้วยรัก", "nameEn": null, "cat": ["essentials", "medical"], "province": "cm", "slug": "3260433002", "rank": 2}}, {"type": "Feature", "geometry": {"type": "Point", "coordinates": [98.91817, 18.68143]}, "properties": {"id": "cm-dgth-fda-1342524788", "name": "ร้าน ฟาสซิโน สาขาตลาดหางดง", "nameTh": "ร้าน ฟาสซิโน สาขาตลาดหางดง", "nameEn": null, "cat": ["essentials", "medical"], "province": "cm", "slug": "1342524788", "rank": 2}}, {"type": "Feature", "geometry": {"type": "Point", "coordinates": [99.00597, 18.82824]}, "properties": {"id": "cm-osm-node-5571097521", "name": "ร้าน ยาไทยเภสัช 2", "nameTh": "ร้าน ยาไทยเภสัช 2", "nameEn": "Ya Thai Pharmacy 2", "cat": ["essentials", "medical"], "province": "cm", "slug": "ya-thai-pharmacy-2-5571097521", "rank": 3}}, {"type": "Feature", "geometry": {"type": "Point", "coordinates": [98.99057, 18.79616]}, "properties": {"id": "cm-dgth-fda-3868082572", "name": "ร้าน ศรีพิงศ์ ฟาร์มาซี", "nameTh": "ร้าน ศรีพิงศ์ ฟาร์มาซี", "nameEn": null, "cat": ["essentials", "medical"], "province": "cm", "slug": "3868082572", "rank": 2}}, {"type": "Feature", "geometry": {"type": "Point", "coordinates": [98.97445, 18.81323]}, "properties": {"id": "cm-dgth-fda-0770358494", "name": "ร้าน ส. เภสัช", "nameTh": "ร้าน ส. เภสัช", "nameEn": null, "cat": ["essentials", "medical"], "province": "cm", "slug": "0770358494", "rank": 2}}, {"type": "Feature", "geometry": {"type": "Point", "coordinates": [99.06551, 18.84217]}, "properties": {"id": "cm-dgth-fda-2424585289", "name": "ร้าน สบายใจเภสัช", "nameTh": "ร้าน สบายใจเภสัช", "nameEn": null, "cat": ["essentials", "medical"], "province": "cm", "slug": "2424585289", "rank": 2}}, {"type": "Feature", "geometry": {"type": "Point", "coordinates": [98.94379, 18.77571]}, "properties": {"id": "cm-dgth-fda-3903667662", "name": "ร้าน สวนดอกฟาร์ม่า", "nameTh": "ร้าน สวนดอกฟาร์ม่า", "nameEn": null, "cat": ["essentials", "medical"], "province": "cm", "slug": "3903667662", "rank": 2}}, {"type": "Feature", "geometry": {"type": "Point", "coordinates": [98.91817, 18.68143]}, "properties": {"id": "cm-dgth-fda-3900779714", "name": "ร้าน หมอยาเภสัช ตลาดสดหางดง", "nameTh": "ร้าน หมอยาเภสัช ตลาดสดหางดง", "nameEn": null, "cat": ["essentials", "medical"], "province": "cm", "slug": "3900779714", "rank": 2}}, {"type": "Feature", "geometry": {"type": "Point", "coordinates": [98.97445, 18.81323]}, "properties": {"id": "cm-dgth-fda-0473234436", "name": "ร้าน เลี้ยงเซ่งฮวด", "nameTh": "ร้าน เลี้ยงเซ่งฮวด", "nameEn": null, "cat": ["essentials", "medical"], "province": "cm", "slug": "0473234436", "rank": 2}}, {"type": "Feature", "geometry": {"type": "Point", "coordinates": [98.99759, 18.77599]}, "properties": {"id": "cm-dgth-fda-2675008953", "name": "ร้าน56 ฟาร์มาซี", "nameTh": "ร้าน56 ฟาร์มาซี", "nameEn": null, "cat": ["essentials", "medical"], "province": "cm", "slug": "56-2675008953", "rank": 2}}, {"type": "Feature", "geometry": {"type": "Point", "coordinates": [99.03565, 18.71088]}, "properties": {"id": "cm-dgth-fda-2072116476", "name": "ร้าน72เภสัช", "nameTh": "ร้าน72เภสัช", "nameEn": null, "cat": ["essentials", "medical"], "province": "cm", "slug": "72-2072116476", "rank": 2}}, {"type": "Feature", "geometry": {"type": "Point", "coordinates": [98.9164, 18.73845]}, "properties": {"id": "cm-dgth-fda-2621630147", "name": "ร้านHome drug", "nameTh": "ร้านHome drug", "nameEn": null, "cat": ["essentials", "medical"], "province": "cm", "slug": "home-drug-2621630147", "rank": 2}}, {"type": "Feature", "geometry": {"type": "Point", "coordinates": [98.99057, 18.79616]}, "properties": {"id": "cm-dgth-fda-4137862895", "name": "ร้านก.อุดมเภสัช", "nameTh": "ร้านก.อุดมเภสัช", "nameEn": null, "cat": ["essentials", "medical"], "province": "cm", "slug": "4137862895", "rank": 2}}, {"type": "Feature", "geometry": {"type": "Point", "coordinates": [98.97445, 18.81323]}, "properties": {"id": "cm-dgth-fda-1547194315", "name": "ร้านกฤตยา เภสัช", "nameTh": "ร้านกฤตยา เภสัช", "nameEn": null, "cat": ["essentials", "medical"], "province": "cm", "slug": "1547194315", "rank": 2}}, {"type": "Feature", "geometry": {"type": "Point", "coordinates": [99.01084, 18.78688]}, "properties": {"id": "cm-dgth-fda-2457036496", "name": "ร้านกิตติเชียงใหม่ฟาร์มาซี", "nameTh": "ร้านกิตติเชียงใหม่ฟาร์มาซี", "nameEn": null, "cat": ["essentials", "medical"], "province": "cm", "slug": "2457036496", "rank": 2}}, {"type": "Feature", "geometry": {"type": "Point", "coordinates": [98.99759, 18.77599]}, "properties": {"id": "cm-dgth-fda-0944805661", "name": "ร้านขวัญดาวเภสัช สาขาช้างคลาน", "nameTh": "ร้านขวัญดาวเภสัช สาขาช้างคลาน", "nameEn": null, "cat": ["essentials", "medical"], "province": "cm", "slug": "0944805661", "rank": 2}}, {"type": "Feature", "geometry": {"type": "Point", "coordinates": [98.98929, 18.83673]}, "properties": {"id": "cm-osm-node-3340959345", "name": "ร้านขายของ", "nameTh": "ร้านขายของ", "nameEn": null, "cat": ["essentials", "medical"], "province": "cm", "slug": "3340959345", "rank": 2}}, {"type": "Feature", "geometry": {"type": "Point", "coordinates": [98.94268, 18.74767]}, "properties": {"id": "cm-osm-node-10168498001", "name": "ร้านขายยา", "nameTh": "ร้านขายยา", "nameEn": null, "cat": ["essentials", "medical"], "province": "cm", "slug": "10168498001", "rank": 1}}, {"type": "Feature", "geometry": {"type": "Point", "coordinates": [99.00283, 18.78515]}, "properties": {"id": "cm-osm-node-3417161543", "name": "ร้านขายยา", "nameTh": "ร้านขายยา", "nameEn": null, "cat": ["essentials", "medical"], "province": "cm", "slug": "3417161543", "rank": 1}}, {"type": "Feature", "geometry": {"type": "Point", "coordinates": [98.95835, 18.79168]}, "properties": {"id": "cm-osm-node-6519106999", "name": "ร้านขายยา", "nameTh": "ร้านขายยา", "nameEn": null, "cat": ["essentials", "medical"], "province": "cm", "slug": "6519106999", "rank": 1}}, {"type": "Feature", "geometry": {"type": "Point", "coordinates": [98.94181, 18.74809]}, "properties": {"id": "cm-osm-way-1111381048", "name": "ร้านขายยา", "nameTh": "ร้านขายยา", "nameEn": null, "cat": ["essentials", "medical"], "province": "cm", "slug": "1111381048", "rank": 1}}, {"type": "Feature", "geometry": {"type": "Point", "coordinates": [99.00065, 18.91561]}, "properties": {"id": "cm-dgth-fda-0627309107", "name": "ร้านขายยา กู๊ดลัค ดรักสโตร์ สาขาแม่โจ้", "nameTh": "ร้านขายยา กู๊ดลัค ดรักสโตร์ สาขาแม่โจ้", "nameEn": null, "cat": ["essentials", "medical"], "province": "cm", "slug": "0627309107", "rank": 2}}, {"type": "Feature", "geometry": {"type": "Point", "coordinates": [99.01805, 18.84397]}, "properties": {"id": "cm-osm-node-4609316807", "name": "ร้านขายยา คุณปูน", "nameTh": "ร้านขายยา คุณปูน", "nameEn": "Khun Pun Pharmacy", "cat": ["essentials", "medical"], "province": "cm", "slug": "khun-pun-pharmacy-4609316807", "rank": 2}}, {"type": "Feature", "geometry": {"type": "Point", "coordinates": [98.99331, 18.79195]}, "properties": {"id": "cm-osm-node-4559223067", "name": "ร้านขายยา ชัยดิษฐ์", "nameTh": "ร้านขายยา ชัยดิษฐ์", "nameEn": "Chai Dit Pharmacy", "cat": ["essentials", "medical"], "province": "cm", "slug": "chai-dit-pharmacy-4559223067", "rank": 2}}, {"type": "Feature", "geometry": {"type": "Point", "coordinates": [98.97572, 18.79333]}, "properties": {"id": "cm-dgth-fda-1199800445", "name": "ร้านขายยา ด๊อกเตอร์ดรัก", "nameTh": "ร้านขายยา ด๊อกเตอร์ดรัก", "nameEn": null, "cat": ["essentials", "medical"], "province": "cm", "slug": "1199800445", "rank": 2}}, {"type": "Feature", "geometry": {"type": "Point", "coordinates": [98.95465, 18.7876]}, "properties": {"id": "cm-osm-node-6519106995", "name": "ร้านขายยา ต้นโมก", "nameTh": "ร้านขายยา ต้นโมก", "nameEn": null, "cat": ["essentials", "medical"], "province": "cm", "slug": "6519106995", "rank": 1}}, {"type": "Feature", "geometry": {"type": "Point", "coordinates": [99.01388, 18.74297]}, "properties": {"id": "cm-dgth-fda-1937325332", "name": "ร้านขายยา พริตตี้ ฟาร์มา สาขาสันกำแพง", "nameTh": "ร้านขายยา พริตตี้ ฟาร์มา สาขาสันกำแพง", "nameEn": null, "cat": ["essentials", "medical"], "province": "cm", "slug": "1937325332", "rank": 2}}, {"type": "Feature", "geometry": {"type": "Point", "coordinates": [98.9683, 18.7682]}, "properties": {"id": "cm-osm-node-1474871809", "name": "ร้านขายยา ฟาม่าเวย์", "nameTh": "ร้านขายยา ฟาม่าเวย์", "nameEn": "Pharmaway", "cat": ["essentials", "medical"], "province": "cm", "slug": "pharmaway-1474871809", "rank": 2}}, {"type": "Feature", "geometry": {"type": "Point", "coordinates": [98.96782, 18.76962]}, "properties": {"id": "cm-osm-node-1474872628", "name": "ร้านขายยา ฟาม่าเวย์", "nameTh": "ร้านขายยา ฟาม่าเวย์", "nameEn": "Pharmaway", "cat": ["essentials", "medical"], "province": "cm", "slug": "pharmaway-1474872628", "rank": 2}}, {"type": "Feature", "geometry": {"type": "Point", "coordinates": [99.11283, 18.85074]}, "properties": {"id": "cm-dgth-fda-0640719184", "name": "ร้านขายยา วิชัยเภสัช", "nameTh": "ร้านขายยา วิชัยเภสัช", "nameEn": null, "cat": ["essentials", "medical"], "province": "cm", "slug": "0640719184", "rank": 2}}, {"type": "Feature", "geometry": {"type": "Point", "coordinates": [99.12248, 18.74288]}, "properties": {"id": "cm-osm-node-1508541535", "name": "ร้านขายยา สหเวชภัณฑ์", "nameTh": "ร้านขายยา สหเวชภัณฑ์", "nameEn": "Saha Wetchaphan Pharmacy", "cat": ["essentials", "medical"], "province": "cm", "slug": "saha-wetchaphan-pharmacy-1508541535", "rank": 2}}, {"type": "Feature", "geometry": {"type": "Point", "coordinates": [98.99225, 18.87069]}, "properties": {"id": "cm-dgth-fda-1910426603", "name": "ร้านขายยา อ.เจริญเภสัช 2", "nameTh": "ร้านขายยา อ.เจริญเภสัช 2", "nameEn": null, "cat": ["essentials", "medical"], "province": "cm", "slug": "2-1910426603", "rank": 2}}, {"type": "Feature", "geometry": {"type": "Point", "coordinates": [99.02989, 18.78754]}, "properties": {"id": "cm-dgth-fda-1861184167", "name": "ร้านขายยา เซฟดรัก เซ็นเตอร์ สาขาโรงพยาบาลกรุงเทพเชียงใหม่", "nameTh": "ร้านขายยา เซฟดรัก เซ็นเตอร์ สาขาโรงพยาบาลกรุงเทพเชียงใหม่", "nameEn": null, "cat": ["essentials", "medical"], "province": "cm", "slug": "1861184167", "rank": 2}}, {"type": "Feature", "geometry": {"type": "Point", "coordinates": [98.9232, 18.91479]}, "properties": {"id": "cm-dgth-fda-2461645825", "name": "ร้านขายยา เมดิซีน", "nameTh": "ร้านขายยา เมดิซีน", "nameEn": null, "cat": ["essentials", "medical"], "province": "cm", "slug": "2461645825", "rank": 2}}, {"type": "Feature", "geometry": {"type": "Point", "coordinates": [98.98088, 18.74611]}, "properties": {"id": "cm-dgth-fda-3776111002", "name": "ร้านขายยา โลตัส สาขาเชียงใหม่ หางดง", "nameTh": "ร้านขายยา โลตัส สาขาเชียงใหม่ หางดง", "nameEn": null, "cat": ["essentials", "medical"], "province": "cm", "slug": "3776111002", "rank": 2}}, {"type": "Feature", "geometry": {"type": "Point", "coordinates": [99.01084, 18.78688]}, "properties": {"id": "cm-dgth-fda-3960142442", "name": "ร้านขายยา โลตัส สาขาเชียงใหม่รวมโชค", "nameTh": "ร้านขายยา โลตัส สาขาเชียงใหม่รวมโชค", "nameEn": null, "cat": ["essentials", "medical"], "province": "cm", "slug": "3960142442", "rank": 2}}, {"type": "Feature", "geometry": {"type": "Point", "coordinates": [98.95739, 18.79197]}, "properties": {"id": "cm-osm-node-6519106997", "name": "ร้านขายยา ใส่ใจ", "nameTh": "ร้านขายยา ใส่ใจ", "nameEn": null, "cat": ["essentials", "medical"], "province": "cm", "slug": "6519106997", "rank": 1}}, {"type": "Feature", "geometry": {"type": "Point", "coordinates": [98.9164, 18.73845]}, "properties": {"id": "cm-dgth-fda-0213760559", "name": "ร้านขายยาขัวมุงเภสัช", "nameTh": "ร้านขายยาขัวมุงเภสัช", "nameEn": null, "cat": ["essentials", "medical"], "province": "cm", "slug": "0213760559", "rank": 2}}, {"type": "Feature", "geometry": {"type": "Point", "coordinates": [98.99641, 18.78966]}, "properties": {"id": "cm-dgth-fda-4235692332", "name": "ร้านขายยาจิรเวช", "nameTh": "ร้านขายยาจิรเวช", "nameEn": null, "cat": ["essentials", "medical"], "province": "cm", "slug": "4235692332", "rank": 2}}, {"type": "Feature", "geometry": {"type": "Point", "coordinates": [98.89094, 18.64311]}, "properties": {"id": "cm-dgth-fda-1850125416", "name": "ร้านขายยาช.เจริญเภสัช", "nameTh": "ร้านขายยาช.เจริญเภสัช", "nameEn": null, "cat": ["essentials", "medical"], "province": "cm", "slug": "1850125416", "rank": 2}}, {"type": "Feature", "geometry": {"type": "Point", "coordinates": [99.00065, 18.91561]}, "properties": {"id": "cm-dgth-fda-3768819570", "name": "ร้านขายยาชาญชัยเภสัช", "nameTh": "ร้านขายยาชาญชัยเภสัช", "nameEn": null, "cat": ["essentials", "medical"], "province": "cm", "slug": "3768819570", "rank": 2}}, {"type": "Feature", "geometry": {"type": "Point", "coordinates": [99.09689, 18.76093]}, "properties": {"id": "cm-dgth-fda-3827320575", "name": "ร้านขายยาชาญศิริเภสัช", "nameTh": "ร้านขายยาชาญศิริเภสัช", "nameEn": null, "cat": ["essentials", "medical"], "province": "cm", "slug": "3827320575", "rank": 2}}, {"type": "Feature", "geometry": {"type": "Point", "coordinates": [99.01388, 18.74297]}, "properties": {"id": "cm-dgth-fda-4108435317", "name": "ร้านขายยาซีเค ฟาร์มาซี", "nameTh": "ร้านขายยาซีเค ฟาร์มาซี", "nameEn": null, "cat": ["essentials", "medical"], "province": "cm", "slug": "4108435317", "rank": 2}}, {"type": "Feature", "geometry": {"type": "Point", "coordinates": [99.01388, 18.74297]}, "properties": {"id": "cm-dgth-fda-0610666985", "name": "ร้านขายยาซีเคฟาร์มาซี สาขาต้นเปา", "nameTh": "ร้านขายยาซีเคฟาร์มาซี สาขาต้นเปา", "nameEn": null, "cat": ["essentials", "medical"], "province": "cm", "slug": "0610666985", "rank": 2}}, {"type": "Feature", "geometry": {"type": "Point", "coordinates": [98.91817, 18.68143]}, "properties": {"id": "cm-dgth-fda-3354716507", "name": "ร้านขายยาณัฎฐาเภสัช", "nameTh": "ร้านขายยาณัฎฐาเภสัช", "nameEn": null, "cat": ["essentials", "medical"], "province": "cm", "slug": "3354716507", "rank": 2}}, {"type": "Feature", "geometry": {"type": "Point", "coordinates": [98.99057, 18.79616]}, "properties": {"id": "cm-dgth-fda-1208049111", "name": "ร้านขายยาด็อกเตอร์ฟาร์ม่า", "nameTh": "ร้านขายยาด็อกเตอร์ฟาร์ม่า", "nameEn": null, "cat": ["essentials", "medical"], "province": "cm", "slug": "1208049111", "rank": 2}}, {"type": "Feature", "geometry": {"type": "Point", "coordinates": [98.99057, 18.79616]}, "properties": {"id": "cm-dgth-fda-0524921890", "name": "ร้านขายยาทวีเวชภัณฑ์", "nameTh": "ร้านขายยาทวีเวชภัณฑ์", "nameEn": null, "cat": ["essentials", "medical"], "province": "cm", "slug": "0524921890", "rank": 2}}, {"type": "Feature", "geometry": {"type": "Point", "coordinates": [99.00065, 18.91561]}, "properties": {"id": "cm-dgth-fda-3334272923", "name": "ร้านขายยาธงชัยเภสัช", "nameTh": "ร้านขายยาธงชัยเภสัช", "nameEn": null, "cat": ["essentials", "medical"], "province": "cm", "slug": "3334272923", "rank": 2}}, {"type": "Feature", "geometry": {"type": "Point", "coordinates": [99.30274, 20.03454]}, "properties": {"id": "cm-dgth-fda-2275529922", "name": "ร้านขายยาธงชัยโอสถ", "nameTh": "ร้านขายยาธงชัยโอสถ", "nameEn": null, "cat": ["essentials", "medical"], "province": "cm", "slug": "2275529922", "rank": 2}}, {"type": "Feature", "geometry": {"type": "Point", "coordinates": [98.9164, 18.73845]}, "properties": {"id": "cm-dgth-fda-0320411094", "name": "ร้านขายยานานาเภสัช", "nameTh": "ร้านขายยานานาเภสัช", "nameEn": null, "cat": ["essentials", "medical"], "province": "cm", "slug": "0320411094", "rank": 2}}, {"type": "Feature", "geometry": {"type": "Point", "coordinates": [98.94379, 18.77571]}, "properties": {"id": "cm-dgth-fda-2338116225", "name": "ร้านขายยาบู๊ทส์ (สาขากาดสวนแก้ว)", "nameTh": "ร้านขายยาบู๊ทส์ (สาขากาดสวนแก้ว)", "nameEn": null, "cat": ["essentials", "medical"], "province": "cm", "slug": "2338116225", "rank": 2}}, {"type": "Feature", "geometry": {"type": "Point", "coordinates": [98.97445, 18.81323]}, "properties": {"id": "cm-dgth-fda-3576216597", "name": "ร้านขายยาปริญญารักษ์", "nameTh": "ร้านขายยาปริญญารักษ์", "nameEn": null, "cat": ["essentials", "medical"], "province": "cm", "slug": "3576216597", "rank": 2}}, {"type": "Feature", "geometry": {"type": "Point", "coordinates": [99.09689, 18.76093]}, "properties": {"id": "cm-dgth-fda-2157163343", "name": "ร้านขายยาป่าไผ่เภสัช", "nameTh": "ร้านขายยาป่าไผ่เภสัช", "nameEn": null, "cat": ["essentials", "medical"], "province": "cm", "slug": "2157163343", "rank": 2}}, {"type": "Feature", "geometry": {"type": "Point", "coordinates": [98.98017, 18.81044]}, "properties": {"id": "cm-dgth-fda-0113464257", "name": "ร้านขายยาพงษ์เภสัชกร", "nameTh": "ร้านขายยาพงษ์เภสัชกร", "nameEn": null, "cat": ["essentials", "medical"], "province": "cm", "slug": "0113464257", "rank": 2}}, {"type": "Feature", "geometry": {"type": "Point", "coordinates": [98.98088, 18.74611]}, "properties": {"id": "cm-dgth-fda-4227042711", "name": "ร้านขายยาพริตตี้ ฟาร์มา สาขาเป่าเปา", "nameTh": "ร้านขายยาพริตตี้ ฟาร์มา สาขาเป่าเปา", "nameEn": null, "cat": ["essentials", "medical"], "province": "cm", "slug": "4227042711", "rank": 2}}, {"type": "Feature", "geometry": {"type": "Point", "coordinates": [98.94379, 18.77571]}, "properties": {"id": "cm-dgth-fda-3304669873", "name": "ร้านขายยาฟาร์มาเวย์ 4(สนามบิน ชั้น1)", "nameTh": "ร้านขายยาฟาร์มาเวย์ 4(สนามบิน ชั้น1)", "nameEn": null, "cat": ["essentials", "medical"], "province": "cm", "slug": "4-1-3304669873", "rank": 2}}, {"type": "Feature", "geometry": {"type": "Point", "coordinates": [98.94379, 18.77571]}, "properties": {"id": "cm-dgth-fda-4076851286", "name": "ร้านขายยาฟาร์ม่าช้อยซ์ 3", "nameTh": "ร้านขายยาฟาร์ม่าช้อยซ์ 3", "nameEn": null, "cat": ["essentials", "medical"], "province": "cm", "slug": "3-4076851286", "rank": 2}}, {"type": "Feature", "geometry": {"type": "Point", "coordinates": [98.97572, 18.79333]}, "properties": {"id": "cm-dgth-fda-2233041589", "name": "ร้านขายยาฟาร์ม่าช้อยซ์ ท่าแพ", "nameTh": "ร้านขายยาฟาร์ม่าช้อยซ์ ท่าแพ", "nameEn": null, "cat": ["essentials", "medical"], "province": "cm", "slug": "2233041589", "rank": 2}}, {"type": "Feature", "geometry": {"type": "Point", "coordinates": [99.03834, 18.84416]}, "properties": {"id": "cm-dgth-fda-3910221307", "name": "ร้านขายยาฟาร์ม่าช้อยซ์ สาขาติดปั๊มเชลล์ สันทราย", "nameTh": "ร้านขายยาฟาร์ม่าช้อยซ์ สาขาติดปั๊มเชลล์ สันทราย", "nameEn": null, "cat": ["essentials", "medical"], "province": "cm", "slug": "3910221307", "rank": 2}}, {"type": "Feature", "geometry": {"type": "Point", "coordinates": [99.01023, 18.75675]}, "properties": {"id": "cm-dgth-fda-2788218607", "name": "ร้านขายยาฟาร์ม่าช้อยซ์ สาขาสภต.แม่ปิง", "nameTh": "ร้านขายยาฟาร์ม่าช้อยซ์ สาขาสภต.แม่ปิง", "nameEn": null, "cat": ["essentials", "medical"], "province": "cm", "slug": "2788218607", "rank": 2}}, {"type": "Feature", "geometry": {"type": "Point", "coordinates": [99.09689, 18.76093]}, "properties": {"id": "cm-dgth-fda-3492111800", "name": "ร้านขายยาฟาร์ม่าช้อยซ์ สาขาสันกำแพง", "nameTh": "ร้านขายยาฟาร์ม่าช้อยซ์ สาขาสันกำแพง", "nameEn": null, "cat": ["essentials", "medical"], "province": "cm", "slug": "3492111800", "rank": 2}}, {"type": "Feature", "geometry": {"type": "Point", "coordinates": [98.98088, 18.74611]}, "properties": {"id": "cm-dgth-fda-2526948775", "name": "ร้านขายยาฟาร์ม่าช้อยซ์ สาขาใกล้หมอ", "nameTh": "ร้านขายยาฟาร์ม่าช้อยซ์ สาขาใกล้หมอ", "nameEn": null, "cat": ["essentials", "medical"], "province": "cm", "slug": "2526948775", "rank": 2}}, {"type": "Feature", "geometry": {"type": "Point", "coordinates": [99.01084, 18.78688]}, "properties": {"id": "cm-dgth-fda-0380858901", "name": "ร้านขายยาฟาร์ม่าช้อยซ์ หน้าโรงเรียนดารา", "nameTh": "ร้านขายยาฟาร์ม่าช้อยซ์ หน้าโรงเรียนดารา", "nameEn": null, "cat": ["essentials", "medical"], "province": "cm", "slug": "0380858901", "rank": 2}}, {"type": "Feature", "geometry": {"type": "Point", "coordinates": [99.01084, 18.78688]}, "properties": {"id": "cm-dgth-fda-0902104194", "name": "ร้านขายยาภวนะเภสัช", "nameTh": "ร้านขายยาภวนะเภสัช", "nameEn": null, "cat": ["essentials", "medical"], "province": "cm", "slug": "0902104194", "rank": 2}}, {"type": "Feature", "geometry": {"type": "Point", "coordinates": [98.99057, 18.79616]}, "properties": {"id": "cm-dgth-fda-1384574616", "name": "ร้านขายยาภิญโญเภสัช", "nameTh": "ร้านขายยาภิญโญเภสัช", "nameEn": null, "cat": ["essentials", "medical"], "province": "cm", "slug": "1384574616", "rank": 2}}, {"type": "Feature", "geometry": {"type": "Point", "coordinates": [98.99641, 18.78966]}, "properties": {"id": "cm-dgth-fda-1360218652", "name": "ร้านขายยาภิรมย์เภสัช", "nameTh": "ร้านขายยาภิรมย์เภสัช", "nameEn": null, "cat": ["essentials", "medical"], "province": "cm", "slug": "1360218652", "rank": 2}}, {"type": "Feature", "geometry": {"type": "Point", "coordinates": [98.99641, 18.78966]}, "properties": {"id": "cm-dgth-fda-1585788679", "name": "ร้านขายยามณีรัตน์เภสัช", "nameTh": "ร้านขายยามณีรัตน์เภสัช", "nameEn": null, "cat": ["essentials", "medical"], "province": "cm", "slug": "1585788679", "rank": 2}}, {"type": "Feature", "geometry": {"type": "Point", "coordinates": [98.98593, 18.77342]}, "properties": {"id": "cm-dgth-fda-2325792345", "name": "ร้านขายยายาใจเภสัช", "nameTh": "ร้านขายยายาใจเภสัช", "nameEn": null, "cat": ["essentials", "medical"], "province": "cm", "slug": "2325792345", "rank": 2}}, {"type": "Feature", "geometry": {"type": "Point", "coordinates": [99.01084, 18.78688]}, "properties": {"id": "cm-dgth-fda-1822019368", "name": "ร้านขายยารวมโชคเภสัช", "nameTh": "ร้านขายยารวมโชคเภสัช", "nameEn": null, "cat": ["essentials", "medical"], "province": "cm", "slug": "1822019368", "rank": 2}}, {"type": "Feature", "geometry": {"type": "Point", "coordinates": [98.98593, 18.77342]}, "properties": {"id": "cm-dgth-fda-2051572395", "name": "ร้านขายยารักษาโอสถ (๑)", "nameTh": "ร้านขายยารักษาโอสถ (๑)", "nameEn": null, "cat": ["essentials", "medical"], "province": "cm", "slug": "2051572395", "rank": 2}}, {"type": "Feature", "geometry": {"type": "Point", "coordinates": [98.89094, 18.64311]}, "properties": {"id": "cm-dgth-fda-2325505547", "name": "ร้านขายยารัชภูมิเภสัช", "nameTh": "ร้านขายยารัชภูมิเภสัช", "nameEn": null, "cat": ["essentials", "medical"], "province": "cm", "slug": "2325505547", "rank": 2}}, {"type": "Feature", "geometry": {"type": "Point", "coordinates": [98.97572, 18.79333]}, "properties": {"id": "cm-dgth-fda-0412554995", "name": "ร้านขายยาลานนาเภสัช", "nameTh": "ร้านขายยาลานนาเภสัช", "nameEn": null, "cat": ["essentials", "medical"], "province": "cm", "slug": "0412554995", "rank": 2}}, {"type": "Feature", "geometry": {"type": "Point", "coordinates": [98.97445, 18.81323]}, "properties": {"id": "cm-dgth-fda-2739626330", "name": "ร้านขายยาว.เภสัชกร", "nameTh": "ร้านขายยาว.เภสัชกร", "nameEn": null, "cat": ["essentials", "medical"], "province": "cm", "slug": "2739626330", "rank": 2}}, {"type": "Feature", "geometry": {"type": "Point", "coordinates": [98.99641, 18.78966]}, "properties": {"id": "cm-dgth-fda-2319250336", "name": "ร้านขายยาวัฒนาพรโอสถ", "nameTh": "ร้านขายยาวัฒนาพรโอสถ", "nameEn": null, "cat": ["essentials", "medical"], "province": "cm", "slug": "2319250336", "rank": 2}}, {"type": "Feature", "geometry": {"type": "Point", "coordinates": [98.99641, 18.78966]}, "properties": {"id": "cm-dgth-fda-1971221556", "name": "ร้านขายยาวัฒนาพรโอสถ (สาขา)", "nameTh": "ร้านขายยาวัฒนาพรโอสถ (สาขา)", "nameEn": null, "cat": ["essentials", "medical"], "province": "cm", "slug": "1971221556", "rank": 2}}, {"type": "Feature", "geometry": {"type": "Point", "coordinates": [98.99641, 18.78966]}, "properties": {"id": "cm-dgth-fda-3817245635", "name": "ร้านขายยาวิชยานนท์เภสัช", "nameTh": "ร้านขายยาวิชยานนท์เภสัช", "nameEn": null, "cat": ["essentials", "medical"], "province": "cm", "slug": "3817245635", "rank": 2}}, {"type": "Feature", "geometry": {"type": "Point", "coordinates": [98.99057, 18.79616]}, "properties": {"id": "cm-dgth-fda-4019312331", "name": "ร้านขายยาศาลายา", "nameTh": "ร้านขายยาศาลายา", "nameEn": null, "cat": ["essentials", "medical"], "province": "cm", "slug": "4019312331", "rank": 2}}, {"type": "Feature", "geometry": {"type": "Point", "coordinates": [99.03834, 18.84416]}, "properties": {"id": "cm-dgth-fda-2443507459", "name": "ร้านขายยาสมศักดิ์เภสัช", "nameTh": "ร้านขายยาสมศักดิ์เภสัช", "nameEn": null, "cat": ["essentials", "medical"], "province": "cm", "slug": "2443507459", "rank": 2}}, {"type": "Feature", "geometry": {"type": "Point", "coordinates": [98.98593, 18.77342]}, "properties": {"id": "cm-dgth-fda-1913758145", "name": "ร้านขายยาสยามชัยเภสัช", "nameTh": "ร้านขายยาสยามชัยเภสัช", "nameEn": null, "cat": ["essentials", "medical"], "province": "cm", "slug": "1913758145", "rank": 2}}, {"type": "Feature", "geometry": {"type": "Point", "coordinates": [98.97445, 18.81323]}, "properties": {"id": "cm-dgth-fda-2925793678", "name": "ร้านขายยาสวนดอกเภสัช 789", "nameTh": "ร้านขายยาสวนดอกเภสัช 789", "nameEn": null, "cat": ["essentials", "medical"], "province": "cm", "slug": "789-2925793678", "rank": 2}}, {"type": "Feature", "geometry": {"type": "Point", "coordinates": [98.97572, 18.79333]}, "properties": {"id": "cm-dgth-fda-0364187504", "name": "ร้านขายยาสว่างโอสถ", "nameTh": "ร้านขายยาสว่างโอสถ", "nameEn": null, "cat": ["essentials", "medical"], "province": "cm", "slug": "0364187504", "rank": 2}}, {"type": "Feature", "geometry": {"type": "Point", "coordinates": [98.97445, 18.81323]}, "properties": {"id": "cm-dgth-fda-0502103435", "name": "ร้านขายยาสันติธรรมเภสัช", "nameTh": "ร้านขายยาสันติธรรมเภสัช", "nameEn": null, "cat": ["essentials", "medical"], "province": "cm", "slug": "0502103435", "rank": 2}}, {"type": "Feature", "geometry": {"type": "Point", "coordinates": [98.89094, 18.64311]}, "properties": {"id": "cm-dgth-fda-4172829730", "name": "ร้านขายยาสามพี่น้อง", "nameTh": "ร้านขายยาสามพี่น้อง", "nameEn": null, "cat": ["essentials", "medical"], "province": "cm", "slug": "4172829730", "rank": 2}}, {"type": "Feature", "geometry": {"type": "Point", "coordinates": [98.99641, 18.78966]}, "properties": {"id": "cm-dgth-fda-1651883404", "name": "ร้านขายยาสุรศักดิ์เภสัชกร", "nameTh": "ร้านขายยาสุรศักดิ์เภสัชกร", "nameEn": null, "cat": ["essentials", "medical"], "province": "cm", "slug": "1651883404", "rank": 2}}, {"type": "Feature", "geometry": {"type": "Point", "coordinates": [98.99641, 18.78966]}, "properties": {"id": "cm-dgth-fda-0691110863", "name": "ร้านขายยาสุเมธเวชภัณฑ์", "nameTh": "ร้านขายยาสุเมธเวชภัณฑ์", "nameEn": null, "cat": ["essentials", "medical"], "province": "cm", "slug": "0691110863", "rank": 2}}, {"type": "Feature", "geometry": {"type": "Point", "coordinates": [98.99641, 18.78966]}, "properties": {"id": "cm-dgth-fda-1939116597", "name": "ร้านขายยาหมอยาเมืองใหม่", "nameTh": "ร้านขายยาหมอยาเมืองใหม่", "nameEn": null, "cat": ["essentials", "medical"], "province": "cm", "slug": "1939116597", "rank": 2}}, {"type": "Feature", "geometry": {"type": "Point", "coordinates": [98.97445, 18.81323]}, "properties": {"id": "cm-dgth-fda-0211933902", "name": "ร้านขายยาห้าแยกเภสัชกร", "nameTh": "ร้านขายยาห้าแยกเภสัชกร", "nameEn": null, "cat": ["essentials", "medical"], "province": "cm", "slug": "0211933902", "rank": 2}}, {"type": "Feature", "geometry": {"type": "Point", "coordinates": [98.99759, 18.77599]}, "properties": {"id": "cm-dgth-fda-0938245140", "name": "ร้านขายยาอาร์ เอ็กซ์ ฟาร์ม่า", "nameTh": "ร้านขายยาอาร์ เอ็กซ์ ฟาร์ม่า", "nameEn": null, "cat": ["essentials", "medical"], "province": "cm", "slug": "0938245140", "rank": 2}}, {"type": "Feature", "geometry": {"type": "Point", "coordinates": [99.01084, 18.78688]}, "properties": {"id": "cm-dgth-fda-0757559222", "name": "ร้านขายยาอ้อมเมืองเภสัช", "nameTh": "ร้านขายยาอ้อมเมืองเภสัช", "nameEn": null, "cat": ["essentials", "medical"], "province": "cm", "slug": "0757559222", "rank": 2}}, {"type": "Feature", "geometry": {"type": "Point", "coordinates": [99.0066, 18.90402]}, "properties": {"id": "cm-dgth-fda-2243260261", "name": "ร้านขายยาเจดีเภสัช", "nameTh": "ร้านขายยาเจดีเภสัช", "nameEn": null, "cat": ["essentials", "medical"], "province": "cm", "slug": "2243260261", "rank": 2}}, {"type": "Feature", "geometry": {"type": "Point", "coordinates": [98.97445, 18.81323]}, "properties": {"id": "cm-dgth-fda-1050189842", "name": "ร้านขายยาเชียงใหม่เภสัชกิจ", "nameTh": "ร้านขายยาเชียงใหม่เภสัชกิจ", "nameEn": null, "cat": ["essentials", "medical"], "province": "cm", "slug": "1050189842", "rank": 2}}, {"type": "Feature", "geometry": {"type": "Point", "coordinates": [99.01084, 18.78688]}, "properties": {"id": "cm-dgth-fda-4007905382", "name": "ร้านขายยาเซฟดรัก เซ็นเตอร์ สาขาบิ๊กซี เชียงใหม่ 1", "nameTh": "ร้านขายยาเซฟดรัก เซ็นเตอร์ สาขาบิ๊กซี เชียงใหม่ 1", "nameEn": null, "cat": ["essentials", "medical"], "province": "cm", "slug": "1-4007905382", "rank": 2}}, {"type": "Feature", "geometry": {"type": "Point", "coordinates": [98.99057, 18.79616]}, "properties": {"id": "cm-dgth-fda-2870436191", "name": "ร้านขายยาเดชาเวชภัณฑ์", "nameTh": "ร้านขายยาเดชาเวชภัณฑ์", "nameEn": null, "cat": ["essentials", "medical"], "province": "cm", "slug": "2870436191", "rank": 2}}, {"type": "Feature", "geometry": {"type": "Point", "coordinates": [98.98017, 18.81044]}, "properties": {"id": "cm-dgth-fda-3635193413", "name": "ร้านขายยาเทสโก้โลตัส ฟาร์มาซี สาขาคำเที่ยง", "nameTh": "ร้านขายยาเทสโก้โลตัส ฟาร์มาซี สาขาคำเที่ยง", "nameEn": null, "cat": ["essentials", "medical"], "province": "cm", "slug": "3635193413", "rank": 2}}, {"type": "Feature", "geometry": {"type": "Point", "coordinates": [98.9232, 18.91479]}, "properties": {"id": "cm-dgth-fda-0948508604", "name": "ร้านขายยาเพชรฟาร์ม่า", "nameTh": "ร้านขายยาเพชรฟาร์ม่า", "nameEn": null, "cat": ["essentials", "medical"], "province": "cm", "slug": "0948508604", "rank": 2}}, {"type": "Feature", "geometry": {"type": "Point", "coordinates": [98.9232, 18.91479]}, "properties": {"id": "cm-dgth-fda-0881486190", "name": "ร้านขายยาเฟิสท์ดรัก", "nameTh": "ร้านขายยาเฟิสท์ดรัก", "nameEn": null, "cat": ["essentials", "medical"], "province": "cm", "slug": "0881486190", "rank": 2}}, {"type": "Feature", "geometry": {"type": "Point", "coordinates": [99.01084, 18.78688]}, "properties": {"id": "cm-dgth-fda-4289189052", "name": "ร้านขายยาเฟิสท์ดรัก(สาขา ริมปิงซุปเปอร์สโตร์ สาขานวรัฐ)", "nameTh": "ร้านขายยาเฟิสท์ดรัก(สาขา ริมปิงซุปเปอร์สโตร์ สาขานวรัฐ)", "nameEn": null, "cat": ["essentials", "medical"], "province": "cm", "slug": "4289189052", "rank": 2}}, {"type": "Feature", "geometry": {"type": "Point", "coordinates": [99.03565, 18.71088]}, "properties": {"id": "cm-dgth-fda-1877769000", "name": "ร้านขายยาเภสัชกรประธาน", "nameTh": "ร้านขายยาเภสัชกรประธาน", "nameEn": null, "cat": ["essentials", "medical"], "province": "cm", "slug": "1877769000", "rank": 2}}, {"type": "Feature", "geometry": {"type": "Point", "coordinates": [98.9232, 18.91479]}, "properties": {"id": "cm-dgth-fda-4142899670", "name": "ร้านขายยาเภสัชกรมานพ", "nameTh": "ร้านขายยาเภสัชกรมานพ", "nameEn": null, "cat": ["essentials", "medical"], "province": "cm", "slug": "4142899670", "rank": 2}}, {"type": "Feature", "geometry": {"type": "Point", "coordinates": [98.97572, 18.79333]}, "properties": {"id": "cm-dgth-fda-4108518705", "name": "ร้านขายยาเภสัชกำลังสองฟาร์มาสแควร์", "nameTh": "ร้านขายยาเภสัชกำลังสองฟาร์มาสแควร์", "nameEn": null, "cat": ["essentials", "medical"], "province": "cm", "slug": "4108518705", "rank": 2}}, {"type": "Feature", "geometry": {"type": "Point", "coordinates": [99.00065, 18.91561]}, "properties": {"id": "cm-dgth-fda-2315962693", "name": "ร้านขายยาเอกเภสัช", "nameTh": "ร้านขายยาเอกเภสัช", "nameEn": null, "cat": ["essentials", "medical"], "province": "cm", "slug": "2315962693", "rank": 2}}, {"type": "Feature", "geometry": {"type": "Point", "coordinates": [99.01084, 18.78688]}, "properties": {"id": "cm-dgth-fda-3314336722", "name": "ร้านขายยาเอกเวชภัณฑ์", "nameTh": "ร้านขายยาเอกเวชภัณฑ์", "nameEn": null, "cat": ["essentials", "medical"], "province": "cm", "slug": "3314336722", "rank": 2}}, {"type": "Feature", "geometry": {"type": "Point", "coordinates": [99.01084, 18.78688]}, "properties": {"id": "cm-dgth-fda-2360598584", "name": "ร้านขายยาเฮลท์ตี้ โฮม", "nameTh": "ร้านขายยาเฮลท์ตี้ โฮม", "nameEn": null, "cat": ["essentials", "medical"], "province": "cm", "slug": "2360598584", "rank": 2}}, {"type": "Feature", "geometry": {"type": "Point", "coordinates": [99.03834, 18.84416]}, "properties": {"id": "cm-dgth-fda-4082605207", "name": "ร้านขายยาแฟมิลี่ ฟาร์มาซี", "nameTh": "ร้านขายยาแฟมิลี่ ฟาร์มาซี", "nameEn": null, "cat": ["essentials", "medical"], "province": "cm", "slug": "4082605207", "rank": 2}}, {"type": "Feature", "geometry": {"type": "Point", "coordinates": [99.00065, 18.91561]}, "properties": {"id": "cm-dgth-fda-3162665249", "name": "ร้านขายยาแม่โจ้เภสัช", "nameTh": "ร้านขายยาแม่โจ้เภสัช", "nameEn": null, "cat": ["essentials", "medical"], "province": "cm", "slug": "3162665249", "rank": 2}}, {"type": "Feature", "geometry": {"type": "Point", "coordinates": [98.89094, 18.64311]}, "properties": {"id": "cm-dgth-fda-0554733791", "name": "ร้านขายยาโฮม-เมด แม่โจ้", "nameTh": "ร้านขายยาโฮม-เมด แม่โจ้", "nameEn": null, "cat": ["essentials", "medical"], "province": "cm", "slug": "0554733791", "rank": 2}}, {"type": "Feature", "geometry": {"type": "Point", "coordinates": [98.98593, 18.77342]}, "properties": {"id": "cm-dgth-fda-3573459896", "name": "ร้านขายยาใส่ใจแม่เหียะ", "nameTh": "ร้านขายยาใส่ใจแม่เหียะ", "nameEn": null, "cat": ["essentials", "medical"], "province": "cm", "slug": "3573459896", "rank": 2}}, {"type": "Feature", "geometry": {"type": "Point", "coordinates": [99.04087, 18.79964]}, "properties": {"id": "cm-dgth-fda-1232392251", "name": "ร้านขายา กู๊ดลัค ดรักสโตร์ สาขาแม่คาว", "nameTh": "ร้านขายา กู๊ดลัค ดรักสโตร์ สาขาแม่คาว", "nameEn": null, "cat": ["essentials", "medical"], "province": "cm", "slug": "1232392251", "rank": 2}}, {"type": "Feature", "geometry": {"type": "Point", "coordinates": [98.99759, 18.77599]}, "properties": {"id": "cm-dgth-fda-2756689697", "name": "ร้านคลังยาท่าแพ", "nameTh": "ร้านคลังยาท่าแพ", "nameEn": null, "cat": ["essentials", "medical"], "province": "cm", "slug": "2756689697", "rank": 2}}, {"type": "Feature", "geometry": {"type": "Point", "coordinates": [98.9232, 18.91479]}, "properties": {"id": "cm-dgth-fda-2742827185", "name": "ร้านคลังยาโป่งแยง", "nameTh": "ร้านคลังยาโป่งแยง", "nameEn": null, "cat": ["essentials", "medical"], "province": "cm", "slug": "2742827185", "rank": 2}}, {"type": "Feature", "geometry": {"type": "Point", "coordinates": [99.09689, 18.76093]}, "properties": {"id": "cm-dgth-fda-0971214982", "name": "ร้านคลินิกยา ต้นเปา", "nameTh": "ร้านคลินิกยา ต้นเปา", "nameEn": null, "cat": ["essentials", "medical"], "province": "cm", "slug": "0971214982", "rank": 2}}, {"type": "Feature", "geometry": {"type": "Point", "coordinates": [99.04694, 18.79078]}, "properties": {"id": "cm-dgth-fda-0627039428", "name": "ร้านคลินิกยาสันกลาง", "nameTh": "ร้านคลินิกยาสันกลาง", "nameEn": null, "cat": ["essentials", "medical"], "province": "cm", "slug": "0627039428", "rank": 2}}, {"type": "Feature", "geometry": {"type": "Point", "coordinates": [99.04694, 18.79078]}, "properties": {"id": "cm-dgth-fda-2977241572", "name": "ร้านจ.เจริญเภสัช", "nameTh": "ร้านจ.เจริญเภสัช", "nameEn": null, "cat": ["essentials", "medical"], "province": "cm", "slug": "2977241572", "rank": 2}}, {"type": "Feature", "geometry": {"type": "Point", "coordinates": [99.01023, 18.75675]}, "properties": {"id": "cm-dgth-fda-0457352397", "name": "ร้านจินจุฑาเภสัช", "nameTh": "ร้านจินจุฑาเภสัช", "nameEn": null, "cat": ["essentials", "medical"], "province": "cm", "slug": "0457352397", "rank": 2}}, {"type": "Feature", "geometry": {"type": "Point", "coordinates": [98.9232, 18.91479]}, "properties": {"id": "cm-dgth-fda-2842286028", "name": "ร้านช.ฟาร์มาซี", "nameTh": "ร้านช.ฟาร์มาซี", "nameEn": null, "cat": ["essentials", "medical"], "province": "cm", "slug": "2842286028", "rank": 2}}, {"type": "Feature", "geometry": {"type": "Point", "coordinates": [98.9232, 18.91479]}, "properties": {"id": "cm-dgth-fda-1832258699", "name": "ร้านช.ฟาร์มาซี 2", "nameTh": "ร้านช.ฟาร์มาซี 2", "nameEn": null, "cat": ["essentials", "medical"], "province": "cm", "slug": "2-1832258699", "rank": 2}}, {"type": "Feature", "geometry": {"type": "Point", "coordinates": [99.00412, 18.7131]}, "properties": {"id": "cm-dgth-fda-4038880850", "name": "ร้านชุมชนยา", "nameTh": "ร้านชุมชนยา", "nameEn": null, "cat": ["essentials", "medical"], "province": "cm", "slug": "4038880850", "rank": 2}}, {"type": "Feature", "geometry": {"type": "Point", "coordinates": [99.00412, 18.7131]}, "properties": {"id": "cm-dgth-fda-3015768987", "name": "ร้านชุมชนยา 2", "nameTh": "ร้านชุมชนยา 2", "nameEn": null, "cat": ["essentials", "medical"], "province": "cm", "slug": "2-3015768987", "rank": 2}}, {"type": "Feature", "geometry": {"type": "Point", "coordinates": [99.01388, 18.74297]}, "properties": {"id": "cm-dgth-fda-2496104644", "name": "ร้านชุมชนยา 4", "nameTh": "ร้านชุมชนยา 4", "nameEn": null, "cat": ["essentials", "medical"], "province": "cm", "slug": "4-2496104644", "rank": 2}}, {"type": "Feature", "geometry": {"type": "Point", "coordinates": [98.98088, 18.74611]}, "properties": {"id": "cm-dgth-fda-0885134831", "name": "ร้านช้างคลานเภสัช", "nameTh": "ร้านช้างคลานเภสัช", "nameEn": null, "cat": ["essentials", "medical"], "province": "cm", "slug": "0885134831", "rank": 2}}, {"type": "Feature", "geometry": {"type": "Point", "coordinates": [99.01084, 18.78688]}, "properties": {"id": "cm-dgth-fda-2153575757", "name": "ร้านซันฟาร์มาซี", "nameTh": "ร้านซันฟาร์มาซี", "nameEn": null, "cat": ["essentials", "medical"], "province": "cm", "slug": "2153575757", "rank": 2}}, {"type": "Feature", "geometry": {"type": "Point", "coordinates": [99.03834, 18.84416]}, "properties": {"id": "cm-dgth-fda-2718696548", "name": "ร้านซี เอ็น เอ็กซ์ ฟาร์มา", "nameTh": "ร้านซี เอ็น เอ็กซ์ ฟาร์มา", "nameEn": null, "cat": ["essentials", "medical"], "province": "cm", "slug": "2718696548", "rank": 2}}, {"type": "Feature", "geometry": {"type": "Point", "coordinates": [98.97445, 18.81323]}, "properties": {"id": "cm-dgth-fda-1783346312", "name": "ร้านซี เอ็ม เภสัช", "nameTh": "ร้านซี เอ็ม เภสัช", "nameEn": null, "cat": ["essentials", "medical"], "province": "cm", "slug": "1783346312", "rank": 2}}, {"type": "Feature", "geometry": {"type": "Point", "coordinates": [98.98593, 18.77342]}, "properties": {"id": "cm-dgth-fda-1585326751", "name": "ร้านซีตรัสฟาร์มาซี สาขาบิ๊กซีหางดง", "nameTh": "ร้านซีตรัสฟาร์มาซี สาขาบิ๊กซีหางดง", "nameEn": null, "cat": ["essentials", "medical"], "province": "cm", "slug": "1585326751", "rank": 2}}, {"type": "Feature", "geometry": {"type": "Point", "coordinates": [99.01084, 18.78688]}, "properties": {"id": "cm-dgth-fda-3343737540", "name": "ร้านซีตรัสฟาร์มาซี สาขามีโชคมอลล์", "nameTh": "ร้านซีตรัสฟาร์มาซี สาขามีโชคมอลล์", "nameEn": null, "cat": ["essentials", "medical"], "province": "cm", "slug": "3343737540", "rank": 2}}, {"type": "Feature", "geometry": {"type": "Point", "coordinates": [99.03834, 18.84416]}, "properties": {"id": "cm-dgth-fda-3869919586", "name": "ร้านซีตรัสฟาร์มาซี สาขารวมโชค", "nameTh": "ร้านซีตรัสฟาร์มาซี สาขารวมโชค", "nameEn": null, "cat": ["essentials", "medical"], "province": "cm", "slug": "3869919586", "rank": 2}}, {"type": "Feature", "geometry": {"type": "Point", "coordinates": [98.98593, 18.77342]}, "properties": {"id": "cm-dgth-fda-1173697051", "name": "ร้านซีตรัสฟาร์มาซี สาขาเซ็นทรัลแอร์พอร์ต", "nameTh": "ร้านซีตรัสฟาร์มาซี สาขาเซ็นทรัลแอร์พอร์ต", "nameEn": null, "cat": ["essentials", "medical"], "province": "cm", "slug": "1173697051", "rank": 2}}, {"type": "Feature", "geometry": {"type": "Point", "coordinates": [98.98017, 18.81044]}, "properties": {"id": "cm-dgth-fda-0099519575", "name": "ร้านซีตรัสฟาร์มาซี สาขาเทสโก้โลตัสคำเที่ยง", "nameTh": "ร้านซีตรัสฟาร์มาซี สาขาเทสโก้โลตัสคำเที่ยง", "nameEn": null, "cat": ["essentials", "medical"], "province": "cm", "slug": "0099519575", "rank": 2}}, {"type": "Feature", "geometry": {"type": "Point", "coordinates": [98.97572, 18.79333]}, "properties": {"id": "cm-dgth-fda-0792957594", "name": "ร้านซีตรัสฟาร์มาซี สาขาเมต้า มอลล์", "nameTh": "ร้านซีตรัสฟาร์มาซี สาขาเมต้า มอลล์", "nameEn": null, "cat": ["essentials", "medical"], "province": "cm", "slug": "0792957594", "rank": 2}}, {"type": "Feature", "geometry": {"type": "Point", "coordinates": [98.98593, 18.77342]}, "properties": {"id": "cm-dgth-fda-3954412945", "name": "ร้านณัฏฐณีย์เภสัช", "nameTh": "ร้านณัฏฐณีย์เภสัช", "nameEn": null, "cat": ["essentials", "medical"], "province": "cm", "slug": "3954412945", "rank": 2}}, {"type": "Feature", "geometry": {"type": "Point", "coordinates": [98.9164, 18.73845]}, "properties": {"id": "cm-dgth-fda-3306037668", "name": "ร้านดรัก ไพร้ซ", "nameTh": "ร้านดรัก ไพร้ซ", "nameEn": null, "cat": ["essentials", "medical"], "province": "cm", "slug": "3306037668", "rank": 2}}, {"type": "Feature", "geometry": {"type": "Point", "coordinates": [98.89094, 18.64311]}, "properties": {"id": "cm-dgth-fda-3053107026", "name": "ร้านตำรับยา", "nameTh": "ร้านตำรับยา", "nameEn": null, "cat": ["essentials", "medical"], "province": "cm", "slug": "3053107026", "rank": 2}}, {"type": "Feature", "geometry": {"type": "Point", "coordinates": [99.01084, 18.78688]}, "properties": {"id": "cm-dgth-fda-3653774741", "name": "ร้านต้นขามเภสัช", "nameTh": "ร้านต้นขามเภสัช", "nameEn": null, "cat": ["essentials", "medical"], "province": "cm", "slug": "3653774741", "rank": 2}}, {"type": "Feature", "geometry": {"type": "Point", "coordinates": [99.01388, 18.74297]}, "properties": {"id": "cm-dgth-fda-3266385112", "name": "ร้านต้นโชคเภสัช สาขา สารภี", "nameTh": "ร้านต้นโชคเภสัช สาขา สารภี", "nameEn": null, "cat": ["essentials", "medical"], "province": "cm", "slug": "3266385112", "rank": 2}}, {"type": "Feature", "geometry": {"type": "Point", "coordinates": [98.9232, 18.91479]}, "properties": {"id": "cm-dgth-fda-2977809812", "name": "ร้านทวีโรจน์เภสัช", "nameTh": "ร้านทวีโรจน์เภสัช", "nameEn": null, "cat": ["essentials", "medical"], "province": "cm", "slug": "2977809812", "rank": 2}}, {"type": "Feature", "geometry": {"type": "Point", "coordinates": [99.09689, 18.76093]}, "properties": {"id": "cm-dgth-fda-3173671566", "name": "ร้านทิพย์รัตน์เภสัช", "nameTh": "ร้านทิพย์รัตน์เภสัช", "nameEn": null, "cat": ["essentials", "medical"], "province": "cm", "slug": "3173671566", "rank": 2}}, {"type": "Feature", "geometry": {"type": "Point", "coordinates": [99.03834, 18.84416]}, "properties": {"id": "cm-dgth-fda-3372453812", "name": "ร้านท่าเกวียนเภสัช", "nameTh": "ร้านท่าเกวียนเภสัช", "nameEn": null, "cat": ["essentials", "medical"], "province": "cm", "slug": "3372453812", "rank": 2}}, {"type": "Feature", "geometry": {"type": "Point", "coordinates": [98.91817, 18.68143]}, "properties": {"id": "cm-dgth-fda-3855494162", "name": "ร้านธนพลเภสัช", "nameTh": "ร้านธนพลเภสัช", "nameEn": null, "cat": ["essentials", "medical"], "province": "cm", "slug": "3855494162", "rank": 2}}, {"type": "Feature", "geometry": {"type": "Point", "coordinates": [98.89094, 18.64311]}, "properties": {"id": "cm-dgth-fda-2132498358", "name": "ร้านธนาคารยา", "nameTh": "ร้านธนาคารยา", "nameEn": null, "cat": ["essentials", "medical"], "province": "cm", "slug": "2132498358", "rank": 2}}, {"type": "Feature", "geometry": {"type": "Point", "coordinates": [99.02989, 18.78754]}, "properties": {"id": "cm-dgth-fda-1289852589", "name": "ร้านธาดาฟาร์มาซี", "nameTh": "ร้านธาดาฟาร์มาซี", "nameEn": null, "cat": ["essentials", "medical"], "province": "cm", "slug": "1289852589", "rank": 2}}, {"type": "Feature", "geometry": {"type": "Point", "coordinates": [98.97445, 18.81323]}, "properties": {"id": "cm-dgth-fda-0340815515", "name": "ร้านธานินเภสัช", "nameTh": "ร้านธานินเภสัช", "nameEn": null, "cat": ["essentials", "medical"], "province": "cm", "slug": "0340815515", "rank": 2}}, {"type": "Feature", "geometry": {"type": "Point", "coordinates": [99.00065, 18.91561]}, "properties": {"id": "cm-dgth-fda-3710232318", "name": "ร้านธีระเภสัช 4", "nameTh": "ร้านธีระเภสัช 4", "nameEn": null, "cat": ["essentials", "medical"], "province": "cm", "slug": "4-3710232318", "rank": 2}}, {"type": "Feature", "geometry": {"type": "Point", "coordinates": [98.9232, 18.91479]}, "properties": {"id": "cm-dgth-fda-4094440087", "name": "ร้านน้ำรินฟาร์มาซี", "nameTh": "ร้านน้ำรินฟาร์มาซี", "nameEn": null, "cat": ["essentials", "medical"], "province": "cm", "slug": "4094440087", "rank": 2}}, {"type": "Feature", "geometry": {"type": "Point", "coordinates": [98.9164, 18.73845]}, "properties": {"id": "cm-dgth-fda-2282952341", "name": "ร้านน้ำแพร่เภสัช", "nameTh": "ร้านน้ำแพร่เภสัช", "nameEn": null, "cat": ["essentials", "medical"], "province": "cm", "slug": "2282952341", "rank": 2}}, {"type": "Feature", "geometry": {"type": "Point", "coordinates": [98.97445, 18.81323]}, "properties": {"id": "cm-dgth-fda-2465866606", "name": "ร้านบู๊ท สาขาเมญ่า เชียงใหม่ 2", "nameTh": "ร้านบู๊ท สาขาเมญ่า เชียงใหม่ 2", "nameEn": null, "cat": ["essentials", "medical"], "province": "cm", "slug": "2-2465866606", "rank": 2}}, {"type": "Feature", "geometry": {"type": "Point", "coordinates": [98.99641, 18.78966]}, "properties": {"id": "cm-dgth-fda-0688385734", "name": "ร้านบู๊ทส์ - ถนนท่าแพ เชียงใหม่", "nameTh": "ร้านบู๊ทส์ - ถนนท่าแพ เชียงใหม่", "nameEn": null, "cat": ["essentials", "medical"], "province": "cm", "slug": "0688385734", "rank": 2}}, {"type": "Feature", "geometry": {"type": "Point", "coordinates": [98.98593, 18.77342]}, "properties": {"id": "cm-dgth-fda-3429513876", "name": "ร้านบู๊ทส์ บิ๊กซีหางดง", "nameTh": "ร้านบู๊ทส์ บิ๊กซีหางดง", "nameEn": null, "cat": ["essentials", "medical"], "province": "cm", "slug": "3429513876", "rank": 2}}, {"type": "Feature", "geometry": {"type": "Point", "coordinates": [99.01084, 18.78688]}, "properties": {"id": "cm-dgth-fda-3418320333", "name": "ร้านบู๊ทส์-เซ็นทรัล เฟสติวัล เชียงใหม่", "nameTh": "ร้านบู๊ทส์-เซ็นทรัล เฟสติวัล เชียงใหม่", "nameEn": null, "cat": ["essentials", "medical"], "province": "cm", "slug": "3418320333", "rank": 2}}, {"type": "Feature", "geometry": {"type": "Point", "coordinates": [98.94379, 18.77571]}, "properties": {"id": "cm-dgth-fda-3715359843", "name": "ร้านบู๊ทส์-เซ็นทรัล แอร์พอร์ต เชียงใหม่ ชั้น จี", "nameTh": "ร้านบู๊ทส์-เซ็นทรัล แอร์พอร์ต เชียงใหม่ ชั้น จี", "nameEn": null, "cat": ["essentials", "medical"], "province": "cm", "slug": "3715359843", "rank": 2}}, {"type": "Feature", "geometry": {"type": "Point", "coordinates": [98.94379, 18.77571]}, "properties": {"id": "cm-dgth-fda-0155732088", "name": "ร้านบู๊ทส์-เซ็นทรัลแอร์พอร์ต เชียงใหม่", "nameTh": "ร้านบู๊ทส์-เซ็นทรัลแอร์พอร์ต เชียงใหม่", "nameEn": null, "cat": ["essentials", "medical"], "province": "cm", "slug": "0155732088", "rank": 2}}, {"type": "Feature", "geometry": {"type": "Point", "coordinates": [98.97445, 18.81323]}, "properties": {"id": "cm-dgth-fda-2416232525", "name": "ร้านบู๊ทส์-เมญ่า เชียงใหม่", "nameTh": "ร้านบู๊ทส์-เมญ่า เชียงใหม่", "nameEn": null, "cat": ["essentials", "medical"], "province": "cm", "slug": "2416232525", "rank": 2}}, {"type": "Feature", "geometry": {"type": "Point", "coordinates": [99.30274, 20.03454]}, "properties": {"id": "cm-dgth-fda-3259078650", "name": "ร้านบ้านยา", "nameTh": "ร้านบ้านยา", "nameEn": null, "cat": ["essentials", "medical"], "province": "cm", "slug": "3259078650", "rank": 2}}, {"type": "Feature", "geometry": {"type": "Point", "coordinates": [98.99225, 18.87069]}, "properties": {"id": "cm-dgth-fda-2456294292", "name": "ร้านบ้านยาป่าข่อย", "nameTh": "ร้านบ้านยาป่าข่อย", "nameEn": null, "cat": ["essentials", "medical"], "province": "cm", "slug": "2456294292", "rank": 2}}, {"type": "Feature", "geometry": {"type": "Point", "coordinates": [98.98088, 18.74611]}, "properties": {"id": "cm-dgth-fda-2059376724", "name": "ร้านบ้านยาป่าแดด", "nameTh": "ร้านบ้านยาป่าแดด", "nameEn": null, "cat": ["essentials", "medical"], "province": "cm", "slug": "2059376724", "rank": 2}}, {"type": "Feature", "geometry": {"type": "Point", "coordinates": [98.89094, 18.64311]}, "properties": {"id": "cm-dgth-fda-3566364256", "name": "ร้านบ้านยาฟาร์มาเชีย", "nameTh": "ร้านบ้านยาฟาร์มาเชีย", "nameEn": null, "cat": ["essentials", "medical"], "province": "cm", "slug": "3566364256", "rank": 2}}, {"type": "Feature", "geometry": {"type": "Point", "coordinates": [99.01388, 18.74297]}, "properties": {"id": "cm-dgth-fda-1703377956", "name": "ร้านบ้านยาศรีบุญเรือง", "nameTh": "ร้านบ้านยาศรีบุญเรือง", "nameEn": null, "cat": ["essentials", "medical"], "province": "cm", "slug": "1703377956", "rank": 2}}, {"type": "Feature", "geometry": {"type": "Point", "coordinates": [99.09689, 18.76093]}, "properties": {"id": "cm-dgth-fda-3272978497", "name": "ร้านบ้านยาสันกำแพง", "nameTh": "ร้านบ้านยาสันกำแพง", "nameEn": null, "cat": ["essentials", "medical"], "province": "cm", "slug": "3272978497", "rank": 2}}, {"type": "Feature", "geometry": {"type": "Point", "coordinates": [99.01388, 18.74297]}, "properties": {"id": "cm-dgth-fda-0385775632", "name": "ร้านบ้านยาสารภี", "nameTh": "ร้านบ้านยาสารภี", "nameEn": null, "cat": ["essentials", "medical"], "province": "cm", "slug": "0385775632", "rank": 2}}, {"type": "Feature", "geometry": {"type": "Point", "coordinates": [99.03834, 18.84416]}, "properties": {"id": "cm-dgth-fda-2740699888", "name": "ร้านบ้านยาหนองจ๊อม", "nameTh": "ร้านบ้านยาหนองจ๊อม", "nameEn": null, "cat": ["essentials", "medical"], "province": "cm", "slug": "2740699888", "rank": 2}}, {"type": "Feature", "geometry": {"type": "Point", "coordinates": [99.01388, 18.74297]}, "properties": {"id": "cm-dgth-fda-0929181488", "name": "ร้านบ้านยาอุ่นใจ", "nameTh": "ร้านบ้านยาอุ่นใจ", "nameEn": null, "cat": ["essentials", "medical"], "province": "cm", "slug": "0929181488", "rank": 2}}, {"type": "Feature", "geometry": {"type": "Point", "coordinates": [99.09689, 18.76093]}, "properties": {"id": "cm-dgth-fda-2717374036", "name": "ร้านบ้านยาเภสัช", "nameTh": "ร้านบ้านยาเภสัช", "nameEn": null, "cat": ["essentials", "medical"], "province": "cm", "slug": "2717374036", "rank": 2}}, {"type": "Feature", "geometry": {"type": "Point", "coordinates": [99.11283, 18.85074]}, "properties": {"id": "cm-dgth-fda-3453892020", "name": "ร้านประเสริฐเภสัช", "nameTh": "ร้านประเสริฐเภสัช", "nameEn": null, "cat": ["essentials", "medical"], "province": "cm", "slug": "3453892020", "rank": 2}}, {"type": "Feature", "geometry": {"type": "Point", "coordinates": [99.00412, 18.7131]}, "properties": {"id": "cm-dgth-fda-3507781187", "name": "ร้านปรินยาฟาร์มาซี (Prinya Pharmacy)", "nameTh": "ร้านปรินยาฟาร์มาซี (Prinya Pharmacy)", "nameEn": null, "cat": ["essentials", "medical"], "province": "cm", "slug": "prinya-pharmacy-3507781187", "rank": 2}}, {"type": "Feature", "geometry": {"type": "Point", "coordinates": [98.99641, 18.78966]}, "properties": {"id": "cm-dgth-fda-1670907706", "name": "ร้านปรีดาเภสัช", "nameTh": "ร้านปรีดาเภสัช", "nameEn": null, "cat": ["essentials", "medical"], "province": "cm", "slug": "1670907706", "rank": 2}}, {"type": "Feature", "geometry": {"type": "Point", "coordinates": [98.97445, 18.81323]}, "properties": {"id": "cm-dgth-fda-2922239682", "name": "ร้านปันยา", "nameTh": "ร้านปันยา", "nameEn": null, "cat": ["essentials", "medical"], "province": "cm", "slug": "2922239682", "rank": 2}}, {"type": "Feature", "geometry": {"type": "Point", "coordinates": [98.98017, 18.81044]}, "properties": {"id": "cm-dgth-fda-0255659809", "name": "ร้านป่าตันเภสัช", "nameTh": "ร้านป่าตันเภสัช", "nameEn": null, "cat": ["essentials", "medical"], "province": "cm", "slug": "0255659809", "rank": 2}}, {"type": "Feature", "geometry": {"type": "Point", "coordinates": [98.9232, 18.91479]}, "properties": {"id": "cm-dgth-fda-2974039189", "name": "ร้านผุสดีเภสัช", "nameTh": "ร้านผุสดีเภสัช", "nameEn": null, "cat": ["essentials", "medical"], "province": "cm", "slug": "2974039189", "rank": 2}}, {"type": "Feature", "geometry": {"type": "Point", "coordinates": [98.98017, 18.81044]}, "properties": {"id": "cm-dgth-fda-3099052166", "name": "ร้านพงษ์เภสัช แอนด์ คอสเมติกส์", "nameTh": "ร้านพงษ์เภสัช แอนด์ คอสเมติกส์", "nameEn": null, "cat": ["essentials", "medical"], "province": "cm", "slug": "3099052166", "rank": 2}}, {"type": "Feature", "geometry": {"type": "Point", "coordinates": [99.04694, 18.79078]}, "properties": {"id": "cm-dgth-fda-3172470959", "name": "ร้านพริตตี้ ฟาร์มา สาขาสันกลาง", "nameTh": "ร้านพริตตี้ ฟาร์มา สาขาสันกลาง", "nameEn": null, "cat": ["essentials", "medical"], "province": "cm", "slug": "3172470959", "rank": 2}}, {"type": "Feature", "geometry": {"type": "Point", "coordinates": [98.97445, 18.81323]}, "properties": {"id": "cm-dgth-fda-0788188730", "name": "ร้านพร้อมยา ข่วงสิงห์", "nameTh": "ร้านพร้อมยา ข่วงสิงห์", "nameEn": null, "cat": ["essentials", "medical"], "province": "cm", "slug": "0788188730", "rank": 2}}, {"type": "Feature", "geometry": {"type": "Point", "coordinates": [99.03152, 18.89476]}, "properties": {"id": "cm-dgth-fda-3729918614", "name": "ร้านพร้อมยาป่าเหมือด", "nameTh": "ร้านพร้อมยาป่าเหมือด", "nameEn": null, "cat": ["essentials", "medical"], "province": "cm", "slug": "3729918614", "rank": 2}}, {"type": "Feature", "geometry": {"type": "Point", "coordinates": [98.97445, 18.81323]}, "properties": {"id": "cm-dgth-fda-4181452273", "name": "ร้านพัชยาเภสัช", "nameTh": "ร้านพัชยาเภสัช", "nameEn": null, "cat": ["essentials", "medical"], "province": "cm", "slug": "4181452273", "rank": 2}}, {"type": "Feature", "geometry": {"type": "Point", "coordinates": [99.03834, 18.84416]}, "properties": {"id": "cm-dgth-fda-3127496653", "name": "ร้านพานพลอยเภสัช", "nameTh": "ร้านพานพลอยเภสัช", "nameEn": null, "cat": ["essentials", "medical"], "province": "cm", "slug": "3127496653", "rank": 2}}, {"type": "Feature", "geometry": {"type": "Point", "coordinates": [98.98088, 18.74611]}, "properties": {"id": "cm-dgth-fda-2321416316", "name": "ร้านพี แอนด์ พี ดรัก (P&P DRUG)", "nameTh": "ร้านพี แอนด์ พี ดรัก (P&P DRUG)", "nameEn": null, "cat": ["essentials", "medical"], "province": "cm", "slug": "p-p-drug-2321416316", "rank": 2}}, {"type": "Feature", "geometry": {"type": "Point", "coordinates": [98.94379, 18.77571]}, "properties": {"id": "cm-dgth-fda-2528887281", "name": "ร้านพีที ฟาร์มาซี", "nameTh": "ร้านพีที ฟาร์มาซี", "nameEn": null, "cat": ["essentials", "medical"], "province": "cm", "slug": "2528887281", "rank": 2}}, {"type": "Feature", "geometry": {"type": "Point", "coordinates": [99.00065, 18.91561]}, "properties": {"id": "cm-dgth-fda-3986864719", "name": "ร้านพีแอนด์พี ฟาร์มาซี", "nameTh": "ร้านพีแอนด์พี ฟาร์มาซี", "nameEn": null, "cat": ["essentials", "medical"], "province": "cm", "slug": "3986864719", "rank": 2}}, {"type": "Feature", "geometry": {"type": "Point", "coordinates": [98.99759, 18.77599]}, "properties": {"id": "cm-dgth-fda-2834481781", "name": "ร้านฟาร์มาซี ยูนิต", "nameTh": "ร้านฟาร์มาซี ยูนิต", "nameEn": null, "cat": ["essentials", "medical"], "province": "cm", "slug": "2834481781", "rank": 2}}, {"type": "Feature", "geometry": {"type": "Point", "coordinates": [99.11283, 18.85074]}, "properties": {"id": "cm-dgth-fda-2583220940", "name": "ร้านฟาร์มาพลัส", "nameTh": "ร้านฟาร์มาพลัส", "nameEn": null, "cat": ["essentials", "medical"], "province": "cm", "slug": "2583220940", "rank": 2}}, {"type": "Feature", "geometry": {"type": "Point", "coordinates": [98.97445, 18.81323]}, "properties": {"id": "cm-dgth-fda-1389752658", "name": "ร้านฟาร์มาแคร์ พลัส สาขาเมญ่า ชั้น 3", "nameTh": "ร้านฟาร์มาแคร์ พลัส สาขาเมญ่า ชั้น 3", "nameEn": null, "cat": ["essentials", "medical"], "province": "cm", "slug": "3-1389752658", "rank": 2}}, {"type": "Feature", "geometry": {"type": "Point", "coordinates": [98.9164, 18.73845]}, "properties": {"id": "cm-dgth-fda-2073177686", "name": "ร้านฟาร์มาโฟกัส", "nameTh": "ร้านฟาร์มาโฟกัส", "nameEn": null, "cat": ["essentials", "medical"], "province": "cm", "slug": "2073177686", "rank": 2}}, {"type": "Feature", "geometry": {"type": "Point", "coordinates": [98.9164, 18.73845]}, "properties": {"id": "cm-dgth-fda-3887547563", "name": "ร้านฟาร์ม่าวัน (Pharma ONE)", "nameTh": "ร้านฟาร์ม่าวัน (Pharma ONE)", "nameEn": null, "cat": ["essentials", "medical"], "province": "cm", "slug": "pharma-one-3887547563", "rank": 2}}, {"type": "Feature", "geometry": {"type": "Point", "coordinates": [98.94379, 18.77571]}, "properties": {"id": "cm-dgth-fda-3898376565", "name": "ร้านฟาสซิโน สาขาถนนสุเทพ", "nameTh": "ร้านฟาสซิโน สาขาถนนสุเทพ", "nameEn": null, "cat": ["essentials", "medical"], "province": "cm", "slug": "3898376565", "rank": 2}}, {"type": "Feature", "geometry": {"type": "Point", "coordinates": [98.94379, 18.77571]}, "properties": {"id": "cm-dgth-fda-3513211370", "name": "ร้านฟาสิโน สวนดอก", "nameTh": "ร้านฟาสิโน สวนดอก", "nameEn": null, "cat": ["essentials", "medical"], "province": "cm", "slug": "3513211370", "rank": 2}}, {"type": "Feature", "geometry": {"type": "Point", "coordinates": [99.03565, 18.71088]}, "properties": {"id": "cm-dgth-fda-3153026461", "name": "ร้านฟ้ามุ่ย", "nameTh": "ร้านฟ้ามุ่ย", "nameEn": null, "cat": ["essentials", "medical"], "province": "cm", "slug": "3153026461", "rank": 2}}, {"type": "Feature", "geometry": {"type": "Point", "coordinates": [99.04694, 18.79078]}, "properties": {"id": "cm-dgth-fda-3058729143", "name": "ร้านมั่งมีเภสัช", "nameTh": "ร้านมั่งมีเภสัช", "nameEn": null, "cat": ["essentials", "medical"], "province": "cm", "slug": "3058729143", "rank": 2}}, {"type": "Feature", "geometry": {"type": "Point", "coordinates": [99.01084, 18.78688]}, "properties": {"id": "cm-dgth-fda-1054311356", "name": "ร้านมีโชคฟาร์มา", "nameTh": "ร้านมีโชคฟาร์มา", "nameEn": null, "cat": ["essentials", "medical"], "province": "cm", "slug": "1054311356", "rank": 2}}, {"type": "Feature", "geometry": {"type": "Point", "coordinates": [98.99057, 18.79616]}, "properties": {"id": "cm-dgth-fda-3742587355", "name": "ร้านมูลเมืองเภสัช", "nameTh": "ร้านมูลเมืองเภสัช", "nameEn": null, "cat": ["essentials", "medical"], "province": "cm", "slug": "3742587355", "rank": 2}}, {"type": "Feature", "geometry": {"type": "Point", "coordinates": [99.03152, 18.89476]}, "properties": {"id": "cm-dgth-fda-3826212157", "name": "ร้านยา Absolute Pharmacy", "nameTh": "ร้านยา Absolute Pharmacy", "nameEn": null, "cat": ["essentials", "medical"], "province": "cm", "slug": "absolute-pharmacy-3826212157", "rank": 2}}, {"type": "Feature", "geometry": {"type": "Point", "coordinates": [99.03834, 18.84416]}, "properties": {"id": "cm-dgth-fda-1901213025", "name": "ร้านยา กู๊ดลัค สาขาเพชรประเสริฐ - รวมโชค", "nameTh": "ร้านยา กู๊ดลัค สาขาเพชรประเสริฐ - รวมโชค", "nameEn": null, "cat": ["essentials", "medical"], "province": "cm", "slug": "1901213025", "rank": 2}}, {"type": "Feature", "geometry": {"type": "Point", "coordinates": [99.01388, 18.74297]}, "properties": {"id": "cm-dgth-fda-2804548120", "name": "ร้านยา บ้านเภสัช", "nameTh": "ร้านยา บ้านเภสัช", "nameEn": null, "cat": ["essentials", "medical"], "province": "cm", "slug": "2804548120", "rank": 2}}, {"type": "Feature", "geometry": {"type": "Point", "coordinates": [99.06551, 18.84217]}, "properties": {"id": "cm-dgth-fda-1040914928", "name": "ร้านยา พ.เภสัช (แม่กวง)", "nameTh": "ร้านยา พ.เภสัช (แม่กวง)", "nameEn": null, "cat": ["essentials", "medical"], "province": "cm", "slug": "1040914928", "rank": 2}}, {"type": "Feature", "geometry": {"type": "Point", "coordinates": [98.97572, 18.79333]}, "properties": {"id": "cm-dgth-fda-0434646794", "name": "ร้านยา ฟาร์มาร์ท ซี", "nameTh": "ร้านยา ฟาร์มาร์ท ซี", "nameEn": null, "cat": ["essentials", "medical"], "province": "cm", "slug": "0434646794", "rank": 2}}, {"type": "Feature", "geometry": {"type": "Point", "coordinates": [98.98593, 18.77342]}, "properties": {"id": "cm-dgth-fda-0875172931", "name": "ร้านยา สวนดอกเภสัช ตลาดสดแม่เหียะ", "nameTh": "ร้านยา สวนดอกเภสัช ตลาดสดแม่เหียะ", "nameEn": null, "cat": ["essentials", "medical"], "province": "cm", "slug": "0875172931", "rank": 2}}, {"type": "Feature", "geometry": {"type": "Point", "coordinates": [98.96104, 18.79937]}, "properties": {"id": "cm-osm-node-2638612443", "name": "ร้านยา เอพลัส", "nameTh": "ร้านยา เอพลัส", "nameEn": "A+ Pharmacy", "cat": ["essentials", "medical"], "province": "cm", "slug": "a-pharmacy-2638612443", "rank": 3}}, {"type": "Feature", "geometry": {"type": "Point", "coordinates": [99.01023, 18.75675]}, "properties": {"id": "cm-dgth-fda-3072196402", "name": "ร้านยากรีนเวย์", "nameTh": "ร้านยากรีนเวย์", "nameEn": null, "cat": ["essentials", "medical"], "province": "cm", "slug": "3072196402", "rank": 2}}, {"type": "Feature", "geometry": {"type": "Point", "coordinates": [99.01084, 18.78688]}, "properties": {"id": "cm-dgth-fda-2420523788", "name": "ร้านยากลับบ้านเภสัชชุมชน", "nameTh": "ร้านยากลับบ้านเภสัชชุมชน", "nameEn": null, "cat": ["essentials", "medical"], "province": "cm", "slug": "2420523788", "rank": 2}}, {"type": "Feature", "geometry": {"type": "Point", "coordinates": [99.04694, 18.79078]}, "properties": {"id": "cm-dgth-fda-0616487496", "name": "ร้านยาจันทร์ศรี", "nameTh": "ร้านยาจันทร์ศรี", "nameEn": null, "cat": ["essentials", "medical"], "province": "cm", "slug": "0616487496", "rank": 2}}, {"type": "Feature", "geometry": {"type": "Point", "coordinates": [99.09689, 18.76093]}, "properties": {"id": "cm-dgth-fda-0696218884", "name": "ร้านยาจินดาเภสัช", "nameTh": "ร้านยาจินดาเภสัช", "nameEn": null, "cat": ["essentials", "medical"], "province": "cm", "slug": "0696218884", "rank": 2}}, {"type": "Feature", "geometry": {"type": "Point", "coordinates": [98.97445, 18.81323]}, "properties": {"id": "cm-dgth-fda-2073735447", "name": "ร้านยาดี พลัส", "nameTh": "ร้านยาดี พลัส", "nameEn": null, "cat": ["essentials", "medical"], "province": "cm", "slug": "2073735447", "rank": 2}}, {"type": "Feature", "geometry": {"type": "Point", "coordinates": [98.94379, 18.77571]}, "properties": {"id": "cm-dgth-fda-0766624444", "name": "ร้านยาดี หลังมอ", "nameTh": "ร้านยาดี หลังมอ", "nameEn": null, "cat": ["essentials", "medical"], "province": "cm", "slug": "0766624444", "rank": 2}}, {"type": "Feature", "geometry": {"type": "Point", "coordinates": [98.98088, 18.74611]}, "properties": {"id": "cm-dgth-fda-1411920904", "name": "ร้านยาท่าใหม่อิเภสัช", "nameTh": "ร้านยาท่าใหม่อิเภสัช", "nameEn": null, "cat": ["essentials", "medical"], "province": "cm", "slug": "1411920904", "rank": 2}}, {"type": "Feature", "geometry": {"type": "Point", "coordinates": [99.03834, 18.84416]}, "properties": {"id": "cm-dgth-fda-1534981454", "name": "ร้านยาบุญเป็ง", "nameTh": "ร้านยาบุญเป็ง", "nameEn": null, "cat": ["essentials", "medical"], "province": "cm", "slug": "1534981454", "rank": 2}}, {"type": "Feature", "geometry": {"type": "Point", "coordinates": [99.09689, 18.76093]}, "properties": {"id": "cm-dgth-fda-2270909720", "name": "ร้านยาบุษบา", "nameTh": "ร้านยาบุษบา", "nameEn": null, "cat": ["essentials", "medical"], "province": "cm", "slug": "2270909720", "rank": 2}}, {"type": "Feature", "geometry": {"type": "Point", "coordinates": [98.9164, 18.73845]}, "properties": {"id": "cm-dgth-fda-3321834633", "name": "ร้านยาบ้านดิน", "nameTh": "ร้านยาบ้านดิน", "nameEn": null, "cat": ["essentials", "medical"], "province": "cm", "slug": "3321834633", "rank": 2}}, {"type": "Feature", "geometry": {"type": "Point", "coordinates": [99.11283, 18.85074]}, "properties": {"id": "cm-dgth-fda-0687668841", "name": "ร้านยาประกฤษเภสัช", "nameTh": "ร้านยาประกฤษเภสัช", "nameEn": null, "cat": ["essentials", "medical"], "province": "cm", "slug": "0687668841", "rank": 2}}, {"type": "Feature", "geometry": {"type": "Point", "coordinates": [98.9164, 18.73845]}, "properties": {"id": "cm-dgth-fda-1617830148", "name": "ร้านยาประจำบ้าน", "nameTh": "ร้านยาประจำบ้าน", "nameEn": null, "cat": ["essentials", "medical"], "province": "cm", "slug": "1617830148", "rank": 2}}, {"type": "Feature", "geometry": {"type": "Point", "coordinates": [99.01084, 18.78688]}, "properties": {"id": "cm-dgth-fda-1372122993", "name": "ร้านยาประเสริฐเภสัช", "nameTh": "ร้านยาประเสริฐเภสัช", "nameEn": null, "cat": ["essentials", "medical"], "province": "cm", "slug": "1372122993", "rank": 2}}, {"type": "Feature", "geometry": {"type": "Point", "coordinates": [98.98593, 18.77342]}, "properties": {"id": "cm-dgth-fda-3525211782", "name": "ร้านยาปรีดา", "nameTh": "ร้านยาปรีดา", "nameEn": null, "cat": ["essentials", "medical"], "province": "cm", "slug": "3525211782", "rank": 2}}, {"type": "Feature", "geometry": {"type": "Point", "coordinates": [99.09689, 18.76093]}, "properties": {"id": "cm-dgth-fda-3149105565", "name": "ร้านยาป่าเห็ว", "nameTh": "ร้านยาป่าเห็ว", "nameEn": null, "cat": ["essentials", "medical"], "province": "cm", "slug": "3149105565", "rank": 2}}, {"type": "Feature", "geometry": {"type": "Point", "coordinates": [98.98088, 18.74611]}, "properties": {"id": "cm-dgth-fda-2759028353", "name": "ร้านยาพฤฒพลัง", "nameTh": "ร้านยาพฤฒพลัง", "nameEn": null, "cat": ["essentials", "medical"], "province": "cm", "slug": "2759028353", "rank": 2}}, {"type": "Feature", "geometry": {"type": "Point", "coordinates": [98.97445, 18.81323]}, "properties": {"id": "cm-dgth-fda-2972305956", "name": "ร้านยาฟาร์มาแคร์ พลัส สาขาเมญ่า", "nameTh": "ร้านยาฟาร์มาแคร์ พลัส สาขาเมญ่า", "nameEn": null, "cat": ["essentials", "medical"], "province": "cm", "slug": "2972305956", "rank": 2}}, {"type": "Feature", "geometry": {"type": "Point", "coordinates": [99.03152, 18.89476]}, "properties": {"id": "cm-dgth-fda-2106587938", "name": "ร้านยาฟาร์มาโดม Pharma Dome", "nameTh": "ร้านยาฟาร์มาโดม Pharma Dome", "nameEn": null, "cat": ["essentials", "medical"], "province": "cm", "slug": "pharma-dome-2106587938", "rank": 2}}, {"type": "Feature", "geometry": {"type": "Point", "coordinates": [98.94379, 18.77571]}, "properties": {"id": "cm-dgth-fda-3765931325", "name": "ร้านยาฟาร์มเฟรช", "nameTh": "ร้านยาฟาร์มเฟรช", "nameEn": null, "cat": ["essentials", "medical"], "province": "cm", "slug": "3765931325", "rank": 2}}, {"type": "Feature", "geometry": {"type": "Point", "coordinates": [98.99759, 18.77599]}, "properties": {"id": "cm-dgth-fda-2479140083", "name": "ร้านยาฟาร์ม่าคาเฟ่", "nameTh": "ร้านยาฟาร์ม่าคาเฟ่", "nameEn": null, "cat": ["essentials", "medical"], "province": "cm", "slug": "2479140083", "rank": 2}}, {"type": "Feature", "geometry": {"type": "Point", "coordinates": [98.94379, 18.77571]}, "properties": {"id": "cm-dgth-fda-2036143976", "name": "ร้านยาฟาร์ม่าช้อยซ์ สาขาถนนเลียบคลองชลประทาน", "nameTh": "ร้านยาฟาร์ม่าช้อยซ์ สาขาถนนเลียบคลองชลประทาน", "nameEn": null, "cat": ["essentials", "medical"], "province": "cm", "slug": "2036143976", "rank": 2}}, {"type": "Feature", "geometry": {"type": "Point", "coordinates": [99.04694, 18.79078]}, "properties": {"id": "cm-dgth-fda-1114728476", "name": "ร้านยาฟาร์ม่าช้อยซ์สาขาสันกลาง", "nameTh": "ร้านยาฟาร์ม่าช้อยซ์สาขาสันกลาง", "nameEn": null, "cat": ["essentials", "medical"], "province": "cm", "slug": "1114728476", "rank": 2}}, {"type": "Feature", "geometry": {"type": "Point", "coordinates": [99.11283, 18.85074]}, "properties": {"id": "cm-dgth-fda-4235828971", "name": "ร้านยาฟาร์ม่าเฮลท์", "nameTh": "ร้านยาฟาร์ม่าเฮลท์", "nameEn": null, "cat": ["essentials", "medical"], "province": "cm", "slug": "4235828971", "rank": 2}}, {"type": "Feature", "geometry": {"type": "Point", "coordinates": [99.01023, 18.75675]}, "properties": {"id": "cm-dgth-fda-1143915694", "name": "ร้านยาฟาสซิโน สาขา ปตท.หนองหอย เชียงใหม่", "nameTh": "ร้านยาฟาสซิโน สาขา ปตท.หนองหอย เชียงใหม่", "nameEn": null, "cat": ["essentials", "medical"], "province": "cm", "slug": "1143915694", "rank": 2}}, {"type": "Feature", "geometry": {"type": "Point", "coordinates": [99.30274, 20.03454]}, "properties": {"id": "cm-dgth-fda-1495488877", "name": "ร้านยามะลิชื่น", "nameTh": "ร้านยามะลิชื่น", "nameEn": null, "cat": ["essentials", "medical"], "province": "cm", "slug": "1495488877", "rank": 2}}, {"type": "Feature", "geometry": {"type": "Point", "coordinates": [99.01084, 18.78688]}, "properties": {"id": "cm-dgth-fda-3262013209", "name": "ร้านยามั่งมี", "nameTh": "ร้านยามั่งมี", "nameEn": null, "cat": ["essentials", "medical"], "province": "cm", "slug": "3262013209", "rank": 2}}, {"type": "Feature", "geometry": {"type": "Point", "coordinates": [99.03834, 18.84416]}, "properties": {"id": "cm-dgth-fda-1045296442", "name": "ร้านยามั่งมี สาขาบ้านโจ้", "nameTh": "ร้านยามั่งมี สาขาบ้านโจ้", "nameEn": null, "cat": ["essentials", "medical"], "province": "cm", "slug": "1045296442", "rank": 2}}, {"type": "Feature", "geometry": {"type": "Point", "coordinates": [99.03834, 18.84416]}, "properties": {"id": "cm-dgth-fda-3900818630", "name": "ร้านยามิสเตอร์ ฟาร์ม่า", "nameTh": "ร้านยามิสเตอร์ ฟาร์ม่า", "nameEn": null, "cat": ["essentials", "medical"], "province": "cm", "slug": "3900818630", "rank": 2}}, {"type": "Feature", "geometry": {"type": "Point", "coordinates": [98.97445, 18.81323]}, "properties": {"id": "cm-dgth-fda-2959599958", "name": "ร้านยารักษ์สุขภาพ", "nameTh": "ร้านยารักษ์สุขภาพ", "nameEn": null, "cat": ["essentials", "medical"], "province": "cm", "slug": "2959599958", "rank": 2}}, {"type": "Feature", "geometry": {"type": "Point", "coordinates": [98.97445, 18.81323]}, "properties": {"id": "cm-dgth-fda-3479674947", "name": "ร้านยาราชภัฎเภสัช", "nameTh": "ร้านยาราชภัฎเภสัช", "nameEn": null, "cat": ["essentials", "medical"], "province": "cm", "slug": "3479674947", "rank": 2}}, {"type": "Feature", "geometry": {"type": "Point", "coordinates": [98.9232, 18.91479]}, "properties": {"id": "cm-dgth-fda-1339400474", "name": "ร้านยาริมเหนือเภสัช", "nameTh": "ร้านยาริมเหนือเภสัช", "nameEn": null, "cat": ["essentials", "medical"], "province": "cm", "slug": "1339400474", "rank": 2}}, {"type": "Feature", "geometry": {"type": "Point", "coordinates": [98.94379, 18.77571]}, "properties": {"id": "cm-dgth-fda-1046222267", "name": "ร้านยาลูกช้างเภสัช", "nameTh": "ร้านยาลูกช้างเภสัช", "nameEn": null, "cat": ["essentials", "medical"], "province": "cm", "slug": "1046222267", "rank": 2}}, {"type": "Feature", "geometry": {"type": "Point", "coordinates": [98.9164, 18.73845]}, "properties": {"id": "cm-dgth-fda-3961937001", "name": "ร้านยาวิชัยเภสัช", "nameTh": "ร้านยาวิชัยเภสัช", "nameEn": null, "cat": ["essentials", "medical"], "province": "cm", "slug": "3961937001", "rank": 2}}, {"type": "Feature", "geometry": {"type": "Point", "coordinates": [99.01388, 18.74297]}, "properties": {"id": "cm-dgth-fda-0909305846", "name": "ร้านยาศิวะ", "nameTh": "ร้านยาศิวะ", "nameEn": null, "cat": ["essentials", "medical"], "province": "cm", "slug": "0909305846", "rank": 2}}, {"type": "Feature", "geometry": {"type": "Point", "coordinates": [98.98593, 18.77342]}, "properties": {"id": "cm-dgth-fda-3595764935", "name": "ร้านยาสนามบิน", "nameTh": "ร้านยาสนามบิน", "nameEn": null, "cat": ["essentials", "medical"], "province": "cm", "slug": "3595764935", "rank": 2}}, {"type": "Feature", "geometry": {"type": "Point", "coordinates": [99.01388, 18.74297]}, "properties": {"id": "cm-dgth-fda-1389221405", "name": "ร้านยาสมาร์ทดรัก", "nameTh": "ร้านยาสมาร์ทดรัก", "nameEn": null, "cat": ["essentials", "medical"], "province": "cm", "slug": "1389221405", "rank": 2}}, {"type": "Feature", "geometry": {"type": "Point", "coordinates": [98.94379, 18.77571]}, "properties": {"id": "cm-dgth-fda-1031343919", "name": "ร้านยาสร้างเสริมสุขภาพ คณะเภสัชศาสตร์ มช", "nameTh": "ร้านยาสร้างเสริมสุขภาพ คณะเภสัชศาสตร์ มช", "nameEn": null, "cat": ["essentials", "medical"], "province": "cm", "slug": "1031343919", "rank": 2}}, {"type": "Feature", "geometry": {"type": "Point", "coordinates": [98.94172, 18.74723]}, "properties": {"id": "cm-osm-node-10168279338", "name": "ร้านยาสวนดอก", "nameTh": "ร้านยาสวนดอก", "nameEn": null, "cat": ["essentials", "medical"], "province": "cm", "slug": "10168279338", "rank": 1}}, {"type": "Feature", "geometry": {"type": "Point", "coordinates": [98.94379, 18.77571]}, "properties": {"id": "cm-dgth-fda-1541305841", "name": "ร้านยาสวนดอกเภสัช", "nameTh": "ร้านยาสวนดอกเภสัช", "nameEn": null, "cat": ["essentials", "medical"], "province": "cm", "slug": "1541305841", "rank": 2}}, {"type": "Feature", "geometry": {"type": "Point", "coordinates": [99.01084, 18.78688]}, "properties": {"id": "cm-dgth-fda-1898848545", "name": "ร้านยาสันป่าข่อย", "nameTh": "ร้านยาสันป่าข่อย", "nameEn": null, "cat": ["essentials", "medical"], "province": "cm", "slug": "1898848545", "rank": 2}}, {"type": "Feature", "geometry": {"type": "Point", "coordinates": [99.01023, 18.75675]}, "properties": {"id": "cm-dgth-fda-0068593297", "name": "ร้านยาสันป่าเลียง", "nameTh": "ร้านยาสันป่าเลียง", "nameEn": null, "cat": ["essentials", "medical"], "province": "cm", "slug": "0068593297", "rank": 2}}, {"type": "Feature", "geometry": {"type": "Point", "coordinates": [98.98593, 18.77342]}, "properties": {"id": "cm-dgth-fda-1835325853", "name": "ร้านยาสามพี่น้อง", "nameTh": "ร้านยาสามพี่น้อง", "nameEn": null, "cat": ["essentials", "medical"], "province": "cm", "slug": "1835325853", "rank": 2}}, {"type": "Feature", "geometry": {"type": "Point", "coordinates": [98.94379, 18.77571]}, "properties": {"id": "cm-dgth-fda-1387544614", "name": "ร้านยาสีชมพู (ปริญญารักษ์ 2)", "nameTh": "ร้านยาสีชมพู (ปริญญารักษ์ 2)", "nameEn": null, "cat": ["essentials", "medical"], "province": "cm", "slug": "2-1387544614", "rank": 2}}, {"type": "Feature", "geometry": {"type": "Point", "coordinates": [99.03834, 18.84416]}, "properties": {"id": "cm-dgth-fda-3875147400", "name": "ร้านยาหรรษา", "nameTh": "ร้านยาหรรษา", "nameEn": null, "cat": ["essentials", "medical"], "province": "cm", "slug": "3875147400", "rank": 2}}, {"type": "Feature", "geometry": {"type": "Point", "coordinates": [98.9164, 18.73845]}, "properties": {"id": "cm-dgth-fda-3831232341", "name": "ร้านยาออลเดย์เภสัช", "nameTh": "ร้านยาออลเดย์เภสัช", "nameEn": null, "cat": ["essentials", "medical"], "province": "cm", "slug": "3831232341", "rank": 2}}, {"type": "Feature", "geometry": {"type": "Point", "coordinates": [98.97445, 18.81323]}, "properties": {"id": "cm-dgth-fda-3297033281", "name": "ร้านยาอีฟฟาร์มาซี สาขาช้างเผือก", "nameTh": "ร้านยาอีฟฟาร์มาซี สาขาช้างเผือก", "nameEn": null, "cat": ["essentials", "medical"], "province": "cm", "slug": "3297033281", "rank": 2}}, {"type": "Feature", "geometry": {"type": "Point", "coordinates": [98.9232, 18.91479]}, "properties": {"id": "cm-dgth-fda-2741710822", "name": "ร้านยาเกษมเภสัชกร", "nameTh": "ร้านยาเกษมเภสัชกร", "nameEn": null, "cat": ["essentials", "medical"], "province": "cm", "slug": "2741710822", "rank": 2}}, {"type": "Feature", "geometry": {"type": "Point", "coordinates": [98.97358, 18.80817]}, "properties": {"id": "cm-osm-node-3891204865", "name": "ร้านยาเชียงใหม่", "nameTh": "ร้านยาเชียงใหม่", "nameEn": "Ran Ya Chiang Mai", "cat": ["essentials", "medical"], "province": "cm", "slug": "ran-ya-chiang-mai-3891204865", "rank": 2}}, {"type": "Feature", "geometry": {"type": "Point", "coordinates": [98.97445, 18.81323]}, "properties": {"id": "cm-dgth-fda-2990594764", "name": "ร้านยาเชียงใหม่ (สันติธรรม)", "nameTh": "ร้านยาเชียงใหม่ (สันติธรรม)", "nameEn": null, "cat": ["essentials", "medical"], "province": "cm", "slug": "2990594764", "rank": 2}}, {"type": "Feature", "geometry": {"type": "Point", "coordinates": [99.00065, 18.91561]}, "properties": {"id": "cm-dgth-fda-1693177108", "name": "ร้านยาเชียงใหม่ Drugstore.CNX", "nameTh": "ร้านยาเชียงใหม่ Drugstore.CNX", "nameEn": null, "cat": ["essentials", "medical"], "province": "cm", "slug": "drugstore-cnx-1693177108", "rank": 2}}, {"type": "Feature", "geometry": {"type": "Point", "coordinates": [98.99759, 18.77599]}, "properties": {"id": "cm-dgth-fda-1868972719", "name": "ร้านยาเดอะฟาร์มาซี", "nameTh": "ร้านยาเดอะฟาร์มาซี", "nameEn": null, "cat": ["essentials", "medical"], "province": "cm", "slug": "1868972719", "rank": 2}}, {"type": "Feature", "geometry": {"type": "Point", "coordinates": [99.02989, 18.78754]}, "properties": {"id": "cm-dgth-fda-0021389731", "name": "ร้านยาเพียว (Pure) (สาขาเชียงใหม่ 2)", "nameTh": "ร้านยาเพียว (Pure) (สาขาเชียงใหม่ 2)", "nameEn": null, "cat": ["essentials", "medical"], "province": "cm", "slug": "pure-2-0021389731", "rank": 2}}, {"type": "Feature", "geometry": {"type": "Point", "coordinates": [98.91817, 18.68143]}, "properties": {"id": "cm-dgth-fda-1413501638", "name": "ร้านยาเภสัชสัมพันธ์", "nameTh": "ร้านยาเภสัชสัมพันธ์", "nameEn": null, "cat": ["essentials", "medical"], "province": "cm", "slug": "1413501638", "rank": 2}}, {"type": "Feature", "geometry": {"type": "Point", "coordinates": [99.09689, 18.76093]}, "properties": {"id": "cm-dgth-fda-4213624834", "name": "ร้านยาเภสัชใกล้บ้าน", "nameTh": "ร้านยาเภสัชใกล้บ้าน", "nameEn": null, "cat": ["essentials", "medical"], "province": "cm", "slug": "4213624834", "rank": 2}}, {"type": "Feature", "geometry": {"type": "Point", "coordinates": [99.11283, 18.85074]}, "properties": {"id": "cm-dgth-fda-4291725343", "name": "ร้านยาเวียงพิงค์เภสัช สาขาปั๊มปตท.ท่ารั้ว", "nameTh": "ร้านยาเวียงพิงค์เภสัช สาขาปั๊มปตท.ท่ารั้ว", "nameEn": null, "cat": ["essentials", "medical"], "province": "cm", "slug": "4291725343", "rank": 2}}, {"type": "Feature", "geometry": {"type": "Point", "coordinates": [98.99225, 18.87069]}, "properties": {"id": "cm-dgth-fda-0619109997", "name": "ร้านยาเอื้ออังกูร", "nameTh": "ร้านยาเอื้ออังกูร", "nameEn": null, "cat": ["essentials", "medical"], "province": "cm", "slug": "0619109997", "rank": 2}}, {"type": "Feature", "geometry": {"type": "Point", "coordinates": [98.98593, 18.77342]}, "properties": {"id": "cm-dgth-fda-3013292159", "name": "ร้านยาเอ็กซ์ต้า พลัส สาขา กาดวรุณ", "nameTh": "ร้านยาเอ็กซ์ต้า พลัส สาขา กาดวรุณ", "nameEn": null, "cat": ["essentials", "medical"], "province": "cm", "slug": "3013292159", "rank": 2}}, {"type": "Feature", "geometry": {"type": "Point", "coordinates": [98.98017, 18.81044]}, "properties": {"id": "cm-dgth-fda-1994897220", "name": "ร้านยาเอ็กซ์ต้า พลัส สาขาซอยสุขเกษม", "nameTh": "ร้านยาเอ็กซ์ต้า พลัส สาขาซอยสุขเกษม", "nameEn": null, "cat": ["essentials", "medical"], "province": "cm", "slug": "1994897220", "rank": 2}}, {"type": "Feature", "geometry": {"type": "Point", "coordinates": [99.01388, 18.74297]}, "properties": {"id": "cm-dgth-fda-3004861721", "name": "ร้านยาเอ็กซ์ต้า พลัส สาขาดอนจั่น 1", "nameTh": "ร้านยาเอ็กซ์ต้า พลัส สาขาดอนจั่น 1", "nameEn": null, "cat": ["essentials", "medical"], "province": "cm", "slug": "1-3004861721", "rank": 2}}, {"type": "Feature", "geometry": {"type": "Point", "coordinates": [98.94379, 18.77571]}, "properties": {"id": "cm-dgth-fda-2690901917", "name": "ร้านยาเอ็กซ์ต้า พลัส สาขานิมมานเหมินทร์", "nameTh": "ร้านยาเอ็กซ์ต้า พลัส สาขานิมมานเหมินทร์", "nameEn": null, "cat": ["essentials", "medical"], "province": "cm", "slug": "2690901917", "rank": 2}}, {"type": "Feature", "geometry": {"type": "Point", "coordinates": [98.9164, 18.73845]}, "properties": {"id": "cm-dgth-fda-2549886746", "name": "ร้านยาเอ็กซ์ต้า พลัส สาขาบ้านตองกายเหนือ (อ.หางดง)", "nameTh": "ร้านยาเอ็กซ์ต้า พลัส สาขาบ้านตองกายเหนือ (อ.หางดง)", "nameEn": null, "cat": ["essentials", "medical"], "province": "cm", "slug": "2549886746", "rank": 2}}, {"type": "Feature", "geometry": {"type": "Point", "coordinates": [98.91817, 18.68143]}, "properties": {"id": "cm-dgth-fda-0249001202", "name": "ร้านยาเอ็กซ์ต้า พลัส สาขาบ้านแม่ขัก (อ.หางดง)", "nameTh": "ร้านยาเอ็กซ์ต้า พลัส สาขาบ้านแม่ขัก (อ.หางดง)", "nameEn": null, "cat": ["essentials", "medical"], "province": "cm", "slug": "0249001202", "rank": 2}}, {"type": "Feature", "geometry": {"type": "Point", "coordinates": [99.01084, 18.78688]}, "properties": {"id": "cm-dgth-fda-2232681909", "name": "ร้านยาเอ็กซ์ต้า พลัส สาขาสำนักงาน บจก.ชอยส์มินิสโตร์ (ต.ท่าศาลา)", "nameTh": "ร้านยาเอ็กซ์ต้า พลัส สาขาสำนักงาน บจก.ชอยส์มินิสโตร์ (ต.ท่าศาลา)", "nameEn": null, "cat": ["essentials", "medical"], "province": "cm", "slug": "2232681909", "rank": 2}}, {"type": "Feature", "geometry": {"type": "Point", "coordinates": [99.01023, 18.75675]}, "properties": {"id": "cm-dgth-fda-3145678746", "name": "ร้านยาเอ็กซ์ต้าพลัส สาขาการเคหะเชียงใหม่ 2", "nameTh": "ร้านยาเอ็กซ์ต้าพลัส สาขาการเคหะเชียงใหม่ 2", "nameEn": null, "cat": ["essentials", "medical"], "province": "cm", "slug": "2-3145678746", "rank": 2}}, {"type": "Feature", "geometry": {"type": "Point", "coordinates": [99.00065, 18.91561]}, "properties": {"id": "cm-dgth-fda-0946422685", "name": "ร้านยาเฮลตี้เฮาส์(Healthy House)", "nameTh": "ร้านยาเฮลตี้เฮาส์(Healthy House)", "nameEn": null, "cat": ["essentials", "medical"], "province": "cm", "slug": "healthy-house-0946422685", "rank": 2}}, {"type": "Feature", "geometry": {"type": "Point", "coordinates": [98.98088, 18.74611]}, "properties": {"id": "cm-dgth-fda-0429567340", "name": "ร้านยาเฮลท์ อัพ สาขาโลตัสเชียงใหม่หางดง", "nameTh": "ร้านยาเฮลท์ อัพ สาขาโลตัสเชียงใหม่หางดง", "nameEn": null, "cat": ["essentials", "medical"], "province": "cm", "slug": "0429567340", "rank": 2}}, {"type": "Feature", "geometry": {"type": "Point", "coordinates": [98.89094, 18.64311]}, "properties": {"id": "cm-dgth-fda-3051416182", "name": "ร้านยาเฮลท์ตี้เฮ้าส์", "nameTh": "ร้านยาเฮลท์ตี้เฮ้าส์", "nameEn": null, "cat": ["essentials", "medical"], "province": "cm", "slug": "3051416182", "rank": 2}}, {"type": "Feature", "geometry": {"type": "Point", "coordinates": [98.98088, 18.74611]}, "properties": {"id": "cm-dgth-fda-2584655504", "name": "ร้านยาเฮลท์พลัสฟาร์มา", "nameTh": "ร้านยาเฮลท์พลัสฟาร์มา", "nameEn": null, "cat": ["essentials", "medical"], "province": "cm", "slug": "2584655504", "rank": 2}}, {"type": "Feature", "geometry": {"type": "Point", "coordinates": [99.11283, 18.85074]}, "properties": {"id": "cm-dgth-fda-3043662623", "name": "ร้านยาเฮลท์พลัสฟาร์มา สาขา 2 ตลาดแม่คือ", "nameTh": "ร้านยาเฮลท์พลัสฟาร์มา สาขา 2 ตลาดแม่คือ", "nameEn": null, "cat": ["essentials", "medical"], "province": "cm", "slug": "2-3043662623", "rank": 2}}, {"type": "Feature", "geometry": {"type": "Point", "coordinates": [98.98593, 18.77342]}, "properties": {"id": "cm-dgth-fda-1896225562", "name": "ร้านยาแฟมิลี่ดรัก สาขากาดก้อม", "nameTh": "ร้านยาแฟมิลี่ดรัก สาขากาดก้อม", "nameEn": null, "cat": ["essentials", "medical"], "province": "cm", "slug": "1896225562", "rank": 2}}, {"type": "Feature", "geometry": {"type": "Point", "coordinates": [98.98593, 18.77342]}, "properties": {"id": "cm-dgth-fda-0395708974", "name": "ร้านยาแม่เหียะเภสัช", "nameTh": "ร้านยาแม่เหียะเภสัช", "nameEn": null, "cat": ["essentials", "medical"], "province": "cm", "slug": "0395708974", "rank": 2}}, {"type": "Feature", "geometry": {"type": "Point", "coordinates": [99.03834, 18.84416]}, "properties": {"id": "cm-dgth-fda-0792178432", "name": "ร้านยาแฮปปี้ฟาร์ม่า", "nameTh": "ร้านยาแฮปปี้ฟาร์ม่า", "nameEn": null, "cat": ["essentials", "medical"], "province": "cm", "slug": "0792178432", "rank": 2}}, {"type": "Feature", "geometry": {"type": "Point", "coordinates": [99.00065, 18.91561]}, "properties": {"id": "cm-dgth-fda-2171459973", "name": "ร้านยาโอบอุ่น", "nameTh": "ร้านยาโอบอุ่น", "nameEn": null, "cat": ["essentials", "medical"], "province": "cm", "slug": "2171459973", "rank": 2}}, {"type": "Feature", "geometry": {"type": "Point", "coordinates": [99.01388, 18.74297]}, "properties": {"id": "cm-dgth-fda-3523981480", "name": "ร้านยาโฮม-เมด", "nameTh": "ร้านยาโฮม-เมด", "nameEn": null, "cat": ["essentials", "medical"], "province": "cm", "slug": "3523981480", "rank": 2}}, {"type": "Feature", "geometry": {"type": "Point", "coordinates": [98.98593, 18.77342]}, "properties": {"id": "cm-dgth-fda-1339511687", "name": "ร้านยาใกล้ฉัน", "nameTh": "ร้านยาใกล้ฉัน", "nameEn": null, "cat": ["essentials", "medical"], "province": "cm", "slug": "1339511687", "rank": 2}}, {"type": "Feature", "geometry": {"type": "Point", "coordinates": [98.97148, 18.84611]}, "properties": {"id": "cm-osm-node-6563512887", "name": "ร้านยาไทย เภสัช", "nameTh": "ร้านยาไทย เภสัช", "nameEn": null, "cat": ["essentials", "medical"], "province": "cm", "slug": "6563512887", "rank": 1}}, {"type": "Feature", "geometry": {"type": "Point", "coordinates": [98.99225, 18.87069]}, "properties": {"id": "cm-dgth-fda-3828014877", "name": "ร้านยาไทยเภสัช สาขา 2", "nameTh": "ร้านยาไทยเภสัช สาขา 2", "nameEn": null, "cat": ["essentials", "medical"], "province": "cm", "slug": "2-3828014877", "rank": 2}}, {"type": "Feature", "geometry": {"type": "Point", "coordinates": [98.97445, 18.81323]}, "properties": {"id": "cm-dgth-fda-1463426797", "name": "ร้านยิมยิ้มฟาร์มา", "nameTh": "ร้านยิมยิ้มฟาร์มา", "nameEn": null, "cat": ["essentials", "medical"], "province": "cm", "slug": "1463426797", "rank": 2}}, {"type": "Feature", "geometry": {"type": "Point", "coordinates": [99.03565, 18.71088]}, "properties": {"id": "cm-dgth-fda-1142594330", "name": "ร้านยูแอนด์มี ฟาร์มาซี", "nameTh": "ร้านยูแอนด์มี ฟาร์มาซี", "nameEn": null, "cat": ["essentials", "medical"], "province": "cm", "slug": "1142594330", "rank": 2}}, {"type": "Feature", "geometry": {"type": "Point", "coordinates": [99.06551, 18.84217]}, "properties": {"id": "cm-dgth-fda-0423235794", "name": "ร้านริมกวงเภสัช", "nameTh": "ร้านริมกวงเภสัช", "nameEn": null, "cat": ["essentials", "medical"], "province": "cm", "slug": "0423235794", "rank": 2}}, {"type": "Feature", "geometry": {"type": "Point", "coordinates": [99.01023, 18.75675]}, "properties": {"id": "cm-dgth-fda-0831445137", "name": "ร้านล้านยา", "nameTh": "ร้านล้านยา", "nameEn": null, "cat": ["essentials", "medical"], "province": "cm", "slug": "0831445137", "rank": 2}}, {"type": "Feature", "geometry": {"type": "Point", "coordinates": [99.09689, 18.76093]}, "properties": {"id": "cm-dgth-fda-1660356369", "name": "ร้านล้านยาฟาร์มา", "nameTh": "ร้านล้านยาฟาร์มา", "nameEn": null, "cat": ["essentials", "medical"], "province": "cm", "slug": "1660356369", "rank": 2}}, {"type": "Feature", "geometry": {"type": "Point", "coordinates": [99.04694, 18.79078]}, "properties": {"id": "cm-dgth-fda-1381737124", "name": "ร้านวรเวชเภสัช", "nameTh": "ร้านวรเวชเภสัช", "nameEn": null, "cat": ["essentials", "medical"], "province": "cm", "slug": "1381737124", "rank": 2}}, {"type": "Feature", "geometry": {"type": "Point", "coordinates": [98.98017, 18.81044]}, "properties": {"id": "cm-dgth-fda-3599265427", "name": "ร้านวัตสัน (สาขาโลตัสคำเที่ยง)", "nameTh": "ร้านวัตสัน (สาขาโลตัสคำเที่ยง)", "nameEn": null, "cat": ["essentials", "medical"], "province": "cm", "slug": "3599265427", "rank": 2}}, {"type": "Feature", "geometry": {"type": "Point", "coordinates": [98.98593, 18.77342]}, "properties": {"id": "cm-dgth-fda-2417136718", "name": "ร้านวัตสัน ฟาร์มาซี (สาขาเซ็นทรัลแอร์พอร์ตพลาซ่า ชั้น G)", "nameTh": "ร้านวัตสัน ฟาร์มาซี (สาขาเซ็นทรัลแอร์พอร์ตพลาซ่า ชั้น G)", "nameEn": null, "cat": ["essentials", "medical"], "province": "cm", "slug": "g-2417136718", "rank": 2}}, {"type": "Feature", "geometry": {"type": "Point", "coordinates": [98.94379, 18.77571]}, "properties": {"id": "cm-dgth-fda-1139848151", "name": "ร้านวัตสันฟาร์มาซี", "nameTh": "ร้านวัตสันฟาร์มาซี", "nameEn": null, "cat": ["essentials", "medical"], "province": "cm", "slug": "1139848151", "rank": 2}}, {"type": "Feature", "geometry": {"type": "Point", "coordinates": [98.9164, 18.73845]}, "properties": {"id": "cm-dgth-fda-3926359088", "name": "ร้านวัตสันฟาร์มาซี (สาขากาดฝรั่งวิลเลจ)", "nameTh": "ร้านวัตสันฟาร์มาซี (สาขากาดฝรั่งวิลเลจ)", "nameEn": null, "cat": ["essentials", "medical"], "province": "cm", "slug": "3926359088", "rank": 2}}, {"type": "Feature", "geometry": {"type": "Point", "coordinates": [98.98593, 18.77342]}, "properties": {"id": "cm-dgth-fda-3609149289", "name": "ร้านวัตสันฟาร์มาซี (สาขาบิ๊กซีหางดง)", "nameTh": "ร้านวัตสันฟาร์มาซี (สาขาบิ๊กซีหางดง)", "nameEn": null, "cat": ["essentials", "medical"], "province": "cm", "slug": "3609149289", "rank": 2}}, {"type": "Feature", "geometry": {"type": "Point", "coordinates": [99.01084, 18.78688]}, "properties": {"id": "cm-dgth-fda-1058936207", "name": "ร้านวัตสันฟาร์มาซี (สาขามีโชคพลาซ่าเชียงใหม่)", "nameTh": "ร้านวัตสันฟาร์มาซี (สาขามีโชคพลาซ่าเชียงใหม่)", "nameEn": null, "cat": ["essentials", "medical"], "province": "cm", "slug": "1058936207", "rank": 2}}, {"type": "Feature", "geometry": {"type": "Point", "coordinates": [99.01084, 18.78688]}, "properties": {"id": "cm-dgth-fda-1117321296", "name": "ร้านวัตสันฟาร์มาซี (สาขาเซ็นทรัลเชียงใหม่ 2)", "nameTh": "ร้านวัตสันฟาร์มาซี (สาขาเซ็นทรัลเชียงใหม่ 2)", "nameEn": null, "cat": ["essentials", "medical"], "province": "cm", "slug": "2-1117321296", "rank": 2}}, {"type": "Feature", "geometry": {"type": "Point", "coordinates": [98.97445, 18.81323]}, "properties": {"id": "cm-dgth-fda-0975080737", "name": "ร้านวัตสันฟาร์มาซี (สาขาเมญ่าเชียงใหม่)", "nameTh": "ร้านวัตสันฟาร์มาซี (สาขาเมญ่าเชียงใหม่)", "nameEn": null, "cat": ["essentials", "medical"], "province": "cm", "slug": "0975080737", "rank": 2}}, {"type": "Feature", "geometry": {"type": "Point", "coordinates": [99.02989, 18.78754]}, "properties": {"id": "cm-dgth-fda-0054492517", "name": "ร้านวัตสันฟาร์มาซี สาขา บิ๊กซี เชียงใหม่ 2", "nameTh": "ร้านวัตสันฟาร์มาซี สาขา บิ๊กซี เชียงใหม่ 2", "nameEn": null, "cat": ["essentials", "medical"], "province": "cm", "slug": "2-0054492517", "rank": 2}}, {"type": "Feature", "geometry": {"type": "Point", "coordinates": [98.9164, 18.73845]}, "properties": {"id": "cm-dgth-fda-2916050281", "name": "ร้านศรีคำชมภูเภสัช", "nameTh": "ร้านศรีคำชมภูเภสัช", "nameEn": null, "cat": ["essentials", "medical"], "province": "cm", "slug": "2916050281", "rank": 2}}, {"type": "Feature", "geometry": {"type": "Point", "coordinates": [98.97445, 18.81323]}, "properties": {"id": "cm-dgth-fda-1338685898", "name": "ร้านศักดิ์ศรีเภสัช", "nameTh": "ร้านศักดิ์ศรีเภสัช", "nameEn": null, "cat": ["essentials", "medical"], "province": "cm", "slug": "1338685898", "rank": 2}}, {"type": "Feature", "geometry": {"type": "Point", "coordinates": [99.03152, 18.89476]}, "properties": {"id": "cm-dgth-fda-3916293779", "name": "ร้านศักดิ์ไทย เภสัช 2", "nameTh": "ร้านศักดิ์ไทย เภสัช 2", "nameEn": null, "cat": ["essentials", "medical"], "province": "cm", "slug": "2-3916293779", "rank": 2}}, {"type": "Feature", "geometry": {"type": "Point", "coordinates": [99.01084, 18.78688]}, "properties": {"id": "cm-dgth-fda-3336946209", "name": "ร้านส.สิริเภสัช", "nameTh": "ร้านส.สิริเภสัช", "nameEn": null, "cat": ["essentials", "medical"], "province": "cm", "slug": "3336946209", "rank": 2}}, {"type": "Feature", "geometry": {"type": "Point", "coordinates": [98.94379, 18.77571]}, "properties": {"id": "cm-dgth-fda-4050592287", "name": "ร้านสมศักดิ์เภสัช 2", "nameTh": "ร้านสมศักดิ์เภสัช 2", "nameEn": null, "cat": ["essentials", "medical"], "province": "cm", "slug": "2-4050592287", "rank": 2}}, {"type": "Feature", "geometry": {"type": "Point", "coordinates": [98.97445, 18.81323]}, "properties": {"id": "cm-dgth-fda-3792458642", "name": "ร้านสมศักดิ์เภสัช 3", "nameTh": "ร้านสมศักดิ์เภสัช 3", "nameEn": null, "cat": ["essentials", "medical"], "province": "cm", "slug": "3-3792458642", "rank": 2}}, {"type": "Feature", "geometry": {"type": "Point", "coordinates": [98.91817, 18.68143]}, "properties": {"id": "cm-dgth-fda-1381791503", "name": "ร้านสมาร์ทดรักส์", "nameTh": "ร้านสมาร์ทดรักส์", "nameEn": null, "cat": ["essentials", "medical"], "province": "cm", "slug": "1381791503", "rank": 2}}, {"type": "Feature", "geometry": {"type": "Point", "coordinates": [98.9164, 18.73845]}, "properties": {"id": "cm-dgth-fda-4014756368", "name": "ร้านสวนเจ้าเภสัช", "nameTh": "ร้านสวนเจ้าเภสัช", "nameEn": null, "cat": ["essentials", "medical"], "province": "cm", "slug": "4014756368", "rank": 2}}, {"type": "Feature", "geometry": {"type": "Point", "coordinates": [98.91817, 18.68143]}, "properties": {"id": "cm-dgth-fda-0839228205", "name": "ร้านสองเภสัช", "nameTh": "ร้านสองเภสัช", "nameEn": null, "cat": ["essentials", "medical"], "province": "cm", "slug": "0839228205", "rank": 2}}, {"type": "Feature", "geometry": {"type": "Point", "coordinates": [99.06551, 18.84217]}, "properties": {"id": "cm-dgth-fda-0811366996", "name": "ร้านสันติสุขเภสัช", "nameTh": "ร้านสันติสุขเภสัช", "nameEn": null, "cat": ["essentials", "medical"], "province": "cm", "slug": "0811366996", "rank": 2}}, {"type": "Feature", "geometry": {"type": "Point", "coordinates": [99.03565, 18.71088]}, "properties": {"id": "cm-dgth-fda-3325702398", "name": "ร้านสารภีฟาร์มา", "nameTh": "ร้านสารภีฟาร์มา", "nameEn": null, "cat": ["essentials", "medical"], "province": "cm", "slug": "3325702398", "rank": 2}}, {"type": "Feature", "geometry": {"type": "Point", "coordinates": [98.99057, 18.79616]}, "properties": {"id": "cm-dgth-fda-2447533593", "name": "ร้านสิงหราชเภสัช", "nameTh": "ร้านสิงหราชเภสัช", "nameEn": null, "cat": ["essentials", "medical"], "province": "cm", "slug": "2447533593", "rank": 2}}, {"type": "Feature", "geometry": {"type": "Point", "coordinates": [99.02989, 18.78754]}, "properties": {"id": "cm-dgth-fda-0958008369", "name": "ร้านสไมล์ดรักส์ 2", "nameTh": "ร้านสไมล์ดรักส์ 2", "nameEn": null, "cat": ["essentials", "medical"], "province": "cm", "slug": "2-0958008369", "rank": 2}}, {"type": "Feature", "geometry": {"type": "Point", "coordinates": [99.01388, 18.74297]}, "properties": {"id": "cm-dgth-fda-0836494914", "name": "ร้านหนองผึ้งเภสัช", "nameTh": "ร้านหนองผึ้งเภสัช", "nameEn": null, "cat": ["essentials", "medical"], "province": "cm", "slug": "0836494914", "rank": 2}}, {"type": "Feature", "geometry": {"type": "Point", "coordinates": [99.09689, 18.76093]}, "properties": {"id": "cm-dgth-fda-3210368657", "name": "ร้านหมอยาเภสัช", "nameTh": "ร้านหมอยาเภสัช", "nameEn": null, "cat": ["essentials", "medical"], "province": "cm", "slug": "3210368657", "rank": 2}}, {"type": "Feature", "geometry": {"type": "Point", "coordinates": [99.11283, 18.85074]}, "properties": {"id": "cm-dgth-fda-2629275599", "name": "ร้านหมอยาแม่คือ", "nameTh": "ร้านหมอยาแม่คือ", "nameEn": null, "cat": ["essentials", "medical"], "province": "cm", "slug": "2629275599", "rank": 2}}, {"type": "Feature", "geometry": {"type": "Point", "coordinates": [98.9164, 18.73845]}, "properties": {"id": "cm-dgth-fda-0314213186", "name": "ร้านห้องยาเภสัช 1", "nameTh": "ร้านห้องยาเภสัช 1", "nameEn": null, "cat": ["essentials", "medical"], "province": "cm", "slug": "1-0314213186", "rank": 2}}, {"type": "Feature", "geometry": {"type": "Point", "coordinates": [99.09689, 18.76093]}, "properties": {"id": "cm-dgth-fda-0145133031", "name": "ร้านอ.เจริญเภสัช สาขา 3", "nameTh": "ร้านอ.เจริญเภสัช สาขา 3", "nameEn": null, "cat": ["essentials", "medical"], "province": "cm", "slug": "3-0145133031", "rank": 2}}, {"type": "Feature", "geometry": {"type": "Point", "coordinates": [99.03834, 18.84416]}, "properties": {"id": "cm-dgth-fda-0546270589", "name": "ร้านออ เภสัช", "nameTh": "ร้านออ เภสัช", "nameEn": null, "cat": ["essentials", "medical"], "province": "cm", "slug": "0546270589", "rank": 2}}, {"type": "Feature", "geometry": {"type": "Point", "coordinates": [98.99759, 18.77599]}, "properties": {"id": "cm-dgth-fda-4185728433", "name": "ร้านอีซี่ดรัก", "nameTh": "ร้านอีซี่ดรัก", "nameEn": null, "cat": ["essentials", "medical"], "province": "cm", "slug": "4185728433", "rank": 2}}, {"type": "Feature", "geometry": {"type": "Point", "coordinates": [98.97572, 18.79333]}, "properties": {"id": "cm-dgth-fda-3088086262", "name": "ร้านอีฟ ฟาร์มาซี", "nameTh": "ร้านอีฟ ฟาร์มาซี", "nameEn": null, "cat": ["essentials", "medical"], "province": "cm", "slug": "3088086262", "rank": 2}}, {"type": "Feature", "geometry": {"type": "Point", "coordinates": [99.03834, 18.84416]}, "properties": {"id": "cm-dgth-fda-3634554025", "name": "ร้านฮักยาเภสัช", "nameTh": "ร้านฮักยาเภสัช", "nameEn": null, "cat": ["essentials", "medical"], "province": "cm", "slug": "3634554025", "rank": 2}}, {"type": "Feature", "geometry": {"type": "Point", "coordinates": [98.9232, 18.91479]}, "properties": {"id": "cm-dgth-fda-3474707315", "name": "ร้านเคียงยา", "nameTh": "ร้านเคียงยา", "nameEn": null, "cat": ["essentials", "medical"], "province": "cm", "slug": "3474707315", "rank": 2}}, {"type": "Feature", "geometry": {"type": "Point", "coordinates": [98.98593, 18.77342]}, "properties": {"id": "cm-dgth-fda-2796186446", "name": "ร้านเดชาฟาร์มาซี", "nameTh": "ร้านเดชาฟาร์มาซี", "nameEn": null, "cat": ["essentials", "medical"], "province": "cm", "slug": "2796186446", "rank": 2}}, {"type": "Feature", "geometry": {"type": "Point", "coordinates": [98.89094, 18.64311]}, "properties": {"id": "cm-dgth-fda-0766676812", "name": "ร้านเดลี่ดรักส์(Daily Drugs)", "nameTh": "ร้านเดลี่ดรักส์(Daily Drugs)", "nameEn": null, "cat": ["essentials", "medical"], "province": "cm", "slug": "daily-drugs-0766676812", "rank": 2}}, {"type": "Feature", "geometry": {"type": "Point", "coordinates": [99.03152, 18.89476]}, "properties": {"id": "cm-dgth-fda-3028879482", "name": "ร้านเพื่อนยาเภสัช", "nameTh": "ร้านเพื่อนยาเภสัช", "nameEn": null, "cat": ["essentials", "medical"], "province": "cm", "slug": "3028879482", "rank": 2}}, {"type": "Feature", "geometry": {"type": "Point", "coordinates": [98.9164, 18.73845]}, "properties": {"id": "cm-dgth-fda-1053929211", "name": "ร้านเฟิสท์ดรัก (สาขากาดฝรั่ง)", "nameTh": "ร้านเฟิสท์ดรัก (สาขากาดฝรั่ง)", "nameEn": null, "cat": ["essentials", "medical"], "province": "cm", "slug": "1053929211", "rank": 2}}, {"type": "Feature", "geometry": {"type": "Point", "coordinates": [98.98593, 18.77342]}, "properties": {"id": "cm-dgth-fda-2667021129", "name": "ร้านเฟิสท์ดรัก (สาขาซิตี้เดลี่)", "nameTh": "ร้านเฟิสท์ดรัก (สาขาซิตี้เดลี่)", "nameEn": null, "cat": ["essentials", "medical"], "province": "cm", "slug": "2667021129", "rank": 2}}, {"type": "Feature", "geometry": {"type": "Point", "coordinates": [99.01084, 18.78688]}, "properties": {"id": "cm-dgth-fda-1414986035", "name": "ร้านเฟิสท์ดรัก (สาขามีโชค พลาซ่า)", "nameTh": "ร้านเฟิสท์ดรัก (สาขามีโชค พลาซ่า)", "nameEn": null, "cat": ["essentials", "medical"], "province": "cm", "slug": "1414986035", "rank": 2}}, {"type": "Feature", "geometry": {"type": "Point", "coordinates": [99.09689, 18.76093]}, "properties": {"id": "cm-dgth-fda-3245268024", "name": "ร้านเภสัชกร ท.", "nameTh": "ร้านเภสัชกร ท.", "nameEn": null, "cat": ["essentials", "medical"], "province": "cm", "slug": "3245268024", "rank": 2}}, {"type": "Feature", "geometry": {"type": "Point", "coordinates": [98.99292, 18.78573]}, "properties": {"id": "cm-osm-node-1615269494", "name": "ร้านเภสัชกร ฟาม่าช้อย", "nameTh": "ร้านเภสัชกร ฟาม่าช้อย", "nameEn": "Pharma Choice", "cat": ["essentials", "medical"], "province": "cm", "slug": "pharma-choice-1615269494", "rank": 2}}, {"type": "Feature", "geometry": {"type": "Point", "coordinates": [98.98593, 18.77342]}, "properties": {"id": "cm-dgth-fda-2470221624", "name": "ร้านเภสัชกรดาว", "nameTh": "ร้านเภสัชกรดาว", "nameEn": null, "cat": ["essentials", "medical"], "province": "cm", "slug": "2470221624", "rank": 2}}, {"type": "Feature", "geometry": {"type": "Point", "coordinates": [99.03565, 18.71088]}, "properties": {"id": "cm-dgth-fda-3904065015", "name": "ร้านเภสัชกรภาณุ", "nameTh": "ร้านเภสัชกรภาณุ", "nameEn": null, "cat": ["essentials", "medical"], "province": "cm", "slug": "3904065015", "rank": 2}}, {"type": "Feature", "geometry": {"type": "Point", "coordinates": [99.03834, 18.84416]}, "properties": {"id": "cm-dgth-fda-3124770239", "name": "ร้านเภสัชเชียงใหม่", "nameTh": "ร้านเภสัชเชียงใหม่", "nameEn": null, "cat": ["essentials", "medical"], "province": "cm", "slug": "3124770239", "rank": 2}}, {"type": "Feature", "geometry": {"type": "Point", "coordinates": [98.89094, 18.64311]}, "properties": {"id": "cm-dgth-fda-4154570986", "name": "ร้านเมตตาโอสถ", "nameTh": "ร้านเมตตาโอสถ", "nameEn": null, "cat": ["essentials", "medical"], "province": "cm", "slug": "4154570986", "rank": 2}}, {"type": "Feature", "geometry": {"type": "Point", "coordinates": [99.09689, 18.76093]}, "properties": {"id": "cm-dgth-fda-3883209356", "name": "ร้านเรืองกฤตเภสัช", "nameTh": "ร้านเรืองกฤตเภสัช", "nameEn": null, "cat": ["essentials", "medical"], "province": "cm", "slug": "3883209356", "rank": 2}}, {"type": "Feature", "geometry": {"type": "Point", "coordinates": [98.99759, 18.77599]}, "properties": {"id": "cm-dgth-fda-1766988860", "name": "ร้านเวียงพิงค์เภสัช", "nameTh": "ร้านเวียงพิงค์เภสัช", "nameEn": null, "cat": ["essentials", "medical"], "province": "cm", "slug": "1766988860", "rank": 2}}, {"type": "Feature", "geometry": {"type": "Point", "coordinates": [98.9232, 18.91479]}, "properties": {"id": "cm-dgth-fda-2224947194", "name": "ร้านเวียงพิงค์เภสัช สาขา ตรงข้ามแม็คโครแม่ริม", "nameTh": "ร้านเวียงพิงค์เภสัช สาขา ตรงข้ามแม็คโครแม่ริม", "nameEn": null, "cat": ["essentials", "medical"], "province": "cm", "slug": "2224947194", "rank": 2}}, {"type": "Feature", "geometry": {"type": "Point", "coordinates": [98.98593, 18.77342]}, "properties": {"id": "cm-dgth-fda-1147491986", "name": "ร้านเวียงยา", "nameTh": "ร้านเวียงยา", "nameEn": null, "cat": ["essentials", "medical"], "province": "cm", "slug": "1147491986", "rank": 2}}, {"type": "Feature", "geometry": {"type": "Point", "coordinates": [98.9232, 18.91479]}, "properties": {"id": "cm-dgth-fda-0709730141", "name": "ร้านเหมืองแก้วเภสัช", "nameTh": "ร้านเหมืองแก้วเภสัช", "nameEn": null, "cat": ["essentials", "medical"], "province": "cm", "slug": "0709730141", "rank": 2}}, {"type": "Feature", "geometry": {"type": "Point", "coordinates": [98.94379, 18.77571]}, "properties": {"id": "cm-dgth-fda-2742758280", "name": "ร้านเอียะแซโอสถ", "nameTh": "ร้านเอียะแซโอสถ", "nameEn": null, "cat": ["essentials", "medical"], "province": "cm", "slug": "2742758280", "rank": 2}}, {"type": "Feature", "geometry": {"type": "Point", "coordinates": [99.03834, 18.84416]}, "properties": {"id": "cm-dgth-fda-1536109355", "name": "ร้านเอื้ออารีย์เภสัช", "nameTh": "ร้านเอื้ออารีย์เภสัช", "nameEn": null, "cat": ["essentials", "medical"], "province": "cm", "slug": "1536109355", "rank": 2}}, {"type": "Feature", "geometry": {"type": "Point", "coordinates": [98.98593, 18.77342]}, "properties": {"id": "cm-dgth-fda-4125557274", "name": "ร้านเฮลท์เมทฟาร์มา", "nameTh": "ร้านเฮลท์เมทฟาร์มา", "nameEn": null, "cat": ["essentials", "medical"], "province": "cm", "slug": "4125557274", "rank": 2}}, {"type": "Feature", "geometry": {"type": "Point", "coordinates": [99.11283, 18.85074]}, "properties": {"id": "cm-dgth-fda-3067872039", "name": "ร้านเฮือนยาเภสัช", "nameTh": "ร้านเฮือนยาเภสัช", "nameEn": null, "cat": ["essentials", "medical"], "province": "cm", "slug": "3067872039", "rank": 2}}, {"type": "Feature", "geometry": {"type": "Point", "coordinates": [98.9232, 18.91479]}, "properties": {"id": "cm-dgth-fda-1812104294", "name": "ร้านเฮือนยาแม่ริม", "nameTh": "ร้านเฮือนยาแม่ริม", "nameEn": null, "cat": ["essentials", "medical"], "province": "cm", "slug": "1812104294", "rank": 2}}, {"type": "Feature", "geometry": {"type": "Point", "coordinates": [99.09689, 18.76093]}, "properties": {"id": "cm-dgth-fda-3026547696", "name": "ร้านแช่ช้างเภสัช", "nameTh": "ร้านแช่ช้างเภสัช", "nameEn": null, "cat": ["essentials", "medical"], "province": "cm", "slug": "3026547696", "rank": 2}}, {"type": "Feature", "geometry": {"type": "Point", "coordinates": [98.97445, 18.81323]}, "properties": {"id": "cm-dgth-fda-0960731469", "name": "ร้านแตงกวาเภสัช", "nameTh": "ร้านแตงกวาเภสัช", "nameEn": null, "cat": ["essentials", "medical"], "province": "cm", "slug": "0960731469", "rank": 2}}, {"type": "Feature", "geometry": {"type": "Point", "coordinates": [99.06551, 18.84217]}, "properties": {"id": "cm-dgth-fda-0368770445", "name": "ร้านแม่กวงเภสัช", "nameTh": "ร้านแม่กวงเภสัช", "nameEn": null, "cat": ["essentials", "medical"], "province": "cm", "slug": "0368770445", "rank": 2}}, {"type": "Feature", "geometry": {"type": "Point", "coordinates": [99.11283, 18.85074]}, "properties": {"id": "cm-dgth-fda-0289273952", "name": "ร้านแม่คือเภสัช", "nameTh": "ร้านแม่คือเภสัช", "nameEn": null, "cat": ["essentials", "medical"], "province": "cm", "slug": "0289273952", "rank": 2}}, {"type": "Feature", "geometry": {"type": "Point", "coordinates": [98.97445, 18.81323]}, "properties": {"id": "cm-dgth-fda-4231246643", "name": "ร้านแม่หยวกเภสัช", "nameTh": "ร้านแม่หยวกเภสัช", "nameEn": null, "cat": ["essentials", "medical"], "province": "cm", "slug": "4231246643", "rank": 2}}, {"type": "Feature", "geometry": {"type": "Point", "coordinates": [98.99759, 18.77599]}, "properties": {"id": "cm-dgth-fda-0712460276", "name": "ร้านแฮปปี้ ดรักส์", "nameTh": "ร้านแฮปปี้ ดรักส์", "nameEn": null, "cat": ["essentials", "medical"], "province": "cm", "slug": "0712460276", "rank": 2}}, {"type": "Feature", "geometry": {"type": "Point", "coordinates": [98.98931, 18.83755]}, "properties": {"id": "cm-osm-node-2102708913", "name": "ร้านโชว์ห่วย", "nameTh": "ร้านโชว์ห่วย", "nameEn": null, "cat": ["essentials", "medical"], "province": "cm", "slug": "2102708913", "rank": 2}}, {"type": "Feature", "geometry": {"type": "Point", "coordinates": [98.90347, 18.90729]}, "properties": {"id": "cm-dgth-fda-0451723926", "name": "ร้านโฮมฟาร์มาซี", "nameTh": "ร้านโฮมฟาร์มาซี", "nameEn": null, "cat": ["essentials", "medical"], "province": "cm", "slug": "0451723926", "rank": 2}}, {"type": "Feature", "geometry": {"type": "Point", "coordinates": [98.94379, 18.77571]}, "properties": {"id": "cm-dgth-fda-1234181119", "name": "ร้านไนน์ตี้ไนน์ฟาร์มาซี", "nameTh": "ร้านไนน์ตี้ไนน์ฟาร์มาซี", "nameEn": null, "cat": ["essentials", "medical"], "province": "cm", "slug": "1234181119", "rank": 2}}, {"type": "Feature", "geometry": {"type": "Point", "coordinates": [98.99759, 18.77599]}, "properties": {"id": "cm-dgth-fda-0528916719", "name": "ร้านไอริสดรัก", "nameTh": "ร้านไอริสดรัก", "nameEn": null, "cat": ["essentials", "medical"], "province": "cm", "slug": "0528916719", "rank": 2}}, {"type": "Feature", "geometry": {"type": "Point", "coordinates": [98.9164, 18.73845]}, "properties": {"id": "cm-dgth-fda-3820720966", "name": "ร้ายสยาม สไมล์ ฟาร์มาซี", "nameTh": "ร้ายสยาม สไมล์ ฟาร์มาซี", "nameEn": null, "cat": ["essentials", "medical"], "province": "cm", "slug": "3820720966", "rank": 2}}, {"type": "Feature", "geometry": {"type": "Point", "coordinates": [98.99317, 18.80545]}, "properties": {"id": "cm-osm-way-697853687", "name": "ฤตยา เภสัช", "nameTh": "ฤตยา เภสัช", "nameEn": null, "cat": ["essentials", "medical"], "province": "cm", "slug": "697853687", "rank": 1}}, {"type": "Feature", "geometry": {"type": "Point", "coordinates": [98.99659, 18.78419]}, "properties": {"id": "cm-osm-node-824508595", "name": "ลอยเคราะห์คลินิก", "nameTh": "ลอยเคราะห์คลินิก", "nameEn": null, "cat": ["medical"], "province": "cm", "slug": "824508595", "rank": 2}}, {"type": "Feature", "geometry": {"type": "Point", "coordinates": [98.91524, 18.68874]}, "properties": {"id": "cm-dgth-fda-3455326704", "name": "ละเอียดเภสัช", "nameTh": "ละเอียดเภสัช", "nameEn": null, "cat": ["essentials", "medical"], "province": "cm", "slug": "3455326704", "rank": 2}}, {"type": "Feature", "geometry": {"type": "Point", "coordinates": [99.16505, 18.79119]}, "properties": {"id": "cm-osm-node-4553038814", "name": "ลานทองคลินิก", "nameTh": "ลานทองคลินิก", "nameEn": "Lan Tong Clinic", "cat": ["medical"], "province": "cm", "slug": "lan-tong-clinic-4553038814", "rank": 3}}, {"type": "Feature", "geometry": {"type": "Point", "coordinates": [98.97914, 18.80105]}, "properties": {"id": "cm-osm-node-3283988636", "name": "ล้านนาคลีนิค", "nameTh": "ล้านนาคลีนิค", "nameEn": "Lanna Clinic", "cat": ["medical"], "province": "cm", "slug": "lanna-clinic-3283988636", "rank": 3}}, {"type": "Feature", "geometry": {"type": "Point", "coordinates": [98.98338, 18.80413]}, "properties": {"id": "cm-osm-node-3285654758", "name": "ว.เภสัชกร", "nameTh": "ว.เภสัชกร", "nameEn": null, "cat": ["essentials", "medical"], "province": "cm", "slug": "3285654758", "rank": 1}}, {"type": "Feature", "geometry": {"type": "Point", "coordinates": [98.95978, 18.78734]}, "properties": {"id": "cm-osm-way-1012745361", "name": "วชิราภรณ์ - พิษณุ คลินิก", "nameTh": "วชิราภรณ์ - พิษณุ คลินิก", "nameEn": "Vachiraporn-Phitsanu Clinic", "cat": ["medical"], "province": "cm", "slug": "vachiraporn-phitsanu-clinic-1012745361", "rank": 2}}, {"type": "Feature", "geometry": {"type": "Point", "coordinates": [98.9232, 18.91479]}, "properties": {"id": "cm-dgth-fda-1105344586", "name": "วรวรรณเภัช", "nameTh": "วรวรรณเภัช", "nameEn": null, "cat": ["essentials", "medical"], "province": "cm", "slug": "1105344586", "rank": 2}}, {"type": "Feature", "geometry": {"type": "Point", "coordinates": [98.98535, 18.80397]}, "properties": {"id": "cm-osm-node-3298084826", "name": "วรวิทย์คลีนิค", "nameTh": "วรวิทย์คลีนิค", "nameEn": "Wonwit", "cat": ["medical"], "province": "cm", "slug": "wonwit-3298084826", "rank": 3}}, {"type": "Feature", "geometry": {"type": "Point", "coordinates": [99.00887, 18.78691]}, "properties": {"id": "cm-osm-node-7060105285", "name": "วัฒนะโอสถ", "nameTh": "วัฒนะโอสถ", "nameEn": "Watthana Osot", "cat": ["essentials", "medical"], "province": "cm", "slug": "watthana-osot-7060105285", "rank": 2}}, {"type": "Feature", "geometry": {"type": "Point", "coordinates": [99.01084, 18.78688]}, "properties": {"id": "cm-dgth-fda-2789136028", "name": "วัตสันฟาร์มาซี สาขา บิ๊กซี เชียงใหม่ 1", "nameTh": "วัตสันฟาร์มาซี สาขา บิ๊กซี เชียงใหม่ 1", "nameEn": null, "cat": ["essentials", "medical"], "province": "cm", "slug": "1-2789136028", "rank": 2}}, {"type": "Feature", "geometry": {"type": "Point", "coordinates": [99.01084, 18.78688]}, "properties": {"id": "cm-dgth-fda-4258314788", "name": "วัตสันฟาร์มาซี สาขาเซ็นทรัลเชียงใหม่ 2 ชั้น 4", "nameTh": "วัตสันฟาร์มาซี สาขาเซ็นทรัลเชียงใหม่ 2 ชั้น 4", "nameEn": null, "cat": ["essentials", "medical"], "province": "cm", "slug": "2-4-4258314788", "rank": 2}}, {"type": "Feature", "geometry": {"type": "Point", "coordinates": [98.98593, 18.77342]}, "properties": {"id": "cm-dgth-fda-1183164257", "name": "วัตสันฟาร์มาซี สาขาเซ็นทรัลแอร์พอร์ตพลาซ่า ชั้น 1", "nameTh": "วัตสันฟาร์มาซี สาขาเซ็นทรัลแอร์พอร์ตพลาซ่า ชั้น 1", "nameEn": null, "cat": ["essentials", "medical"], "province": "cm", "slug": "1-1183164257", "rank": 2}}, {"type": "Feature", "geometry": {"type": "Point", "coordinates": [98.99759, 18.77599]}, "properties": {"id": "cm-dgth-fda-3530967374", "name": "วัตสันฟาร์มาซี สาขาแอ็ด เคิร์ฟ เชียงใหม่", "nameTh": "วัตสันฟาร์มาซี สาขาแอ็ด เคิร์ฟ เชียงใหม่", "nameEn": null, "cat": ["essentials", "medical"], "province": "cm", "slug": "3530967374", "rank": 2}}, {"type": "Feature", "geometry": {"type": "Point", "coordinates": [98.99759, 18.77599]}, "properties": {"id": "cm-dgth-fda-0136346639", "name": "วัตสันฟาร์มาซี สาขาโมเวนพิค เชียงใหม่", "nameTh": "วัตสันฟาร์มาซี สาขาโมเวนพิค เชียงใหม่", "nameEn": null, "cat": ["essentials", "medical"], "province": "cm", "slug": "0136346639", "rank": 2}}, {"type": "Feature", "geometry": {"type": "Point", "coordinates": [99.00121, 18.78924]}, "properties": {"id": "cm-osm-node-915447899", "name": "วิชยนนท์เภสัช", "nameTh": "วิชยนนท์เภสัช", "nameEn": "Vitchayanont Bhesaj", "cat": ["essentials", "medical"], "province": "cm", "slug": "vitchayanont-bhesaj-915447899", "rank": 2}}, {"type": "Feature", "geometry": {"type": "Point", "coordinates": [99.09689, 18.76093]}, "properties": {"id": "cm-dgth-fda-3994457879", "name": "วิรัชเภสัช", "nameTh": "วิรัชเภสัช", "nameEn": null, "cat": ["essentials", "medical"], "province": "cm", "slug": "3994457879", "rank": 2}}, {"type": "Feature", "geometry": {"type": "Point", "coordinates": [98.9858, 18.80083]}, "properties": {"id": "cm-osm-node-3289863506", "name": "วโรภัณฑ์", "nameTh": "วโรภัณฑ์", "nameEn": "Waro Phan", "cat": ["essentials", "medical"], "province": "cm", "slug": "waro-phan-3289863506", "rank": 2}}, {"type": "Feature", "geometry": {"type": "Point", "coordinates": [99.01388, 18.74297]}, "properties": {"id": "cm-dgth-fda-1988765842", "name": "ศรีประภาเภสัช", "nameTh": "ศรีประภาเภสัช", "nameEn": null, "cat": ["essentials", "medical"], "province": "cm", "slug": "1988765842", "rank": 2}}, {"type": "Feature", "geometry": {"type": "Point", "coordinates": [98.99485, 18.79011]}, "properties": {"id": "cm-osm-node-4538126080", "name": "ศักดา ทันตคลินิก", "nameTh": "ศักดา ทันตคลินิก", "nameEn": "Sakda", "cat": ["medical"], "province": "cm", "slug": "sakda-4538126080", "rank": 2}}, {"type": "Feature", "geometry": {"type": "Point", "coordinates": [98.98088, 18.74611]}, "properties": {"id": "cm-dgth-fda-2086833519", "name": "ศักดิ์ศรีเภสัช 2", "nameTh": "ศักดิ์ศรีเภสัช 2", "nameEn": null, "cat": ["essentials", "medical"], "province": "cm", "slug": "2-2086833519", "rank": 2}}, {"type": "Feature", "geometry": {"type": "Point", "coordinates": [98.97445, 18.81323]}, "properties": {"id": "cm-dgth-fda-3489403698", "name": "ศักดิ์ศรีเภสัช สาขาข่วงสิงห์", "nameTh": "ศักดิ์ศรีเภสัช สาขาข่วงสิงห์", "nameEn": null, "cat": ["essentials", "medical"], "province": "cm", "slug": "3489403698", "rank": 2}}, {"type": "Feature", "geometry": {"type": "Point", "coordinates": [98.99057, 18.79616]}, "properties": {"id": "cm-dgth-fda-2012939449", "name": "ศักดิ์ศรีเภสัช สาขาช้างเผือก", "nameTh": "ศักดิ์ศรีเภสัช สาขาช้างเผือก", "nameEn": null, "cat": ["essentials", "medical"], "province": "cm", "slug": "2012939449", "rank": 2}}, {"type": "Feature", "geometry": {"type": "Point", "coordinates": [98.91817, 18.68143]}, "properties": {"id": "cm-dgth-fda-0814095798", "name": "ศักดิ์ศรีเภสัช สาขาตลาดหางดง", "nameTh": "ศักดิ์ศรีเภสัช สาขาตลาดหางดง", "nameEn": null, "cat": ["essentials", "medical"], "province": "cm", "slug": "0814095798", "rank": 2}}, {"type": "Feature", "geometry": {"type": "Point", "coordinates": [98.94379, 18.77571]}, "properties": {"id": "cm-dgth-fda-3980948593", "name": "ศักดิ์ศรีเภสัช สาขาประตูศึกษา มช.", "nameTh": "ศักดิ์ศรีเภสัช สาขาประตูศึกษา มช.", "nameEn": null, "cat": ["essentials", "medical"], "province": "cm", "slug": "3980948593", "rank": 2}}, {"type": "Feature", "geometry": {"type": "Point", "coordinates": [98.97445, 18.81323]}, "properties": {"id": "cm-dgth-fda-2948188124", "name": "ศักดิ์ศรีเภสัช สาขาราชภัฏ", "nameTh": "ศักดิ์ศรีเภสัช สาขาราชภัฏ", "nameEn": null, "cat": ["essentials", "medical"], "province": "cm", "slug": "2948188124", "rank": 2}}, {"type": "Feature", "geometry": {"type": "Point", "coordinates": [98.97445, 18.81323]}, "properties": {"id": "cm-dgth-fda-2623148653", "name": "ศักดิ์ศรีเภสัช สาขาเจ็ดยอด", "nameTh": "ศักดิ์ศรีเภสัช สาขาเจ็ดยอด", "nameEn": null, "cat": ["essentials", "medical"], "province": "cm", "slug": "2623148653", "rank": 2}}, {"type": "Feature", "geometry": {"type": "Point", "coordinates": [99.03834, 18.84416]}, "properties": {"id": "cm-dgth-fda-3551852661", "name": "ศักดิ์ไทยเภสัช", "nameTh": "ศักดิ์ไทยเภสัช", "nameEn": null, "cat": ["essentials", "medical"], "province": "cm", "slug": "3551852661", "rank": 2}}, {"type": "Feature", "geometry": {"type": "Point", "coordinates": [99.0066, 18.90402]}, "properties": {"id": "cm-dgth-fda-2224356143", "name": "ศักดิ์ไทยเภสัช 3", "nameTh": "ศักดิ์ไทยเภสัช 3", "nameEn": null, "cat": ["essentials", "medical"], "province": "cm", "slug": "3-2224356143", "rank": 2}}, {"type": "Feature", "geometry": {"type": "Point", "coordinates": [99.03834, 18.84416]}, "properties": {"id": "cm-dgth-fda-0880901435", "name": "ศักดิ์ไทยเภสัช 4", "nameTh": "ศักดิ์ไทยเภสัช 4", "nameEn": null, "cat": ["essentials", "medical"], "province": "cm", "slug": "4-0880901435", "rank": 2}}, {"type": "Feature", "geometry": {"type": "Point", "coordinates": [99.03834, 18.84416]}, "properties": {"id": "cm-dgth-fda-2101126007", "name": "ศักดิ์ไทยเภสัช 6", "nameTh": "ศักดิ์ไทยเภสัช 6", "nameEn": null, "cat": ["essentials", "medical"], "province": "cm", "slug": "6-2101126007", "rank": 2}}, {"type": "Feature", "geometry": {"type": "Point", "coordinates": [99.11283, 18.85074]}, "properties": {"id": "cm-dgth-fda-1300190832", "name": "ศักดิ์ไทยเภสัช สาขาดอยสะเก็ด", "nameTh": "ศักดิ์ไทยเภสัช สาขาดอยสะเก็ด", "nameEn": null, "cat": ["essentials", "medical"], "province": "cm", "slug": "1300190832", "rank": 2}}, {"type": "Feature", "geometry": {"type": "Point", "coordinates": [99.03834, 18.84416]}, "properties": {"id": "cm-dgth-fda-0118185646", "name": "ศักดิ์ไทยเภสัช สาขาเมต้ามอล", "nameTh": "ศักดิ์ไทยเภสัช สาขาเมต้ามอล", "nameEn": null, "cat": ["essentials", "medical"], "province": "cm", "slug": "0118185646", "rank": 2}}, {"type": "Feature", "geometry": {"type": "Point", "coordinates": [98.9164, 18.73845]}, "properties": {"id": "cm-dgth-fda-3137550691", "name": "ศักดิ์ไทยเภสัช สาขาแยกต้นเกว๋น", "nameTh": "ศักดิ์ไทยเภสัช สาขาแยกต้นเกว๋น", "nameEn": null, "cat": ["essentials", "medical"], "province": "cm", "slug": "3137550691", "rank": 2}}, {"type": "Feature", "geometry": {"type": "Point", "coordinates": [99.09689, 18.76093]}, "properties": {"id": "cm-dgth-fda-2521588556", "name": "ศักดิ์ไทยเภสัช สาขาโลตัสบ่อสร้าง", "nameTh": "ศักดิ์ไทยเภสัช สาขาโลตัสบ่อสร้าง", "nameEn": null, "cat": ["essentials", "medical"], "province": "cm", "slug": "2521588556", "rank": 2}}, {"type": "Feature", "geometry": {"type": "Point", "coordinates": [98.97445, 18.81323]}, "properties": {"id": "cm-dgth-fda-0501984648", "name": "ศาลากลางเภสัช", "nameTh": "ศาลากลางเภสัช", "nameEn": null, "cat": ["essentials", "medical"], "province": "cm", "slug": "0501984648", "rank": 2}}, {"type": "Feature", "geometry": {"type": "Point", "coordinates": [98.94379, 18.77571]}, "properties": {"id": "cm-dgth-fda-1777639658", "name": "ศิริมังคลาจารย์ดรักส์", "nameTh": "ศิริมังคลาจารย์ดรักส์", "nameEn": null, "cat": ["essentials", "medical"], "province": "cm", "slug": "1777639658", "rank": 2}}, {"type": "Feature", "geometry": {"type": "Point", "coordinates": [98.97445, 18.81323]}, "properties": {"id": "cm-dgth-fda-0190511062", "name": "ศิลาฟาร์มา", "nameTh": "ศิลาฟาร์มา", "nameEn": null, "cat": ["essentials", "medical"], "province": "cm", "slug": "0190511062", "rank": 2}}, {"type": "Feature", "geometry": {"type": "Point", "coordinates": [98.97085, 18.79771]}, "properties": {"id": "cm-osm-node-6542873684", "name": "ศุภางค์เภสัช", "nameTh": "ศุภางค์เภสัช", "nameEn": null, "cat": ["essentials", "medical"], "province": "cm", "slug": "6542873684", "rank": 1}}, {"type": "Feature", "geometry": {"type": "Point", "coordinates": [99.09215, 18.84574]}, "properties": {"id": "cm-osm-node-11015761268", "name": "ศูนย์ดูแลผู้ป่วยและผู้สูงอายุ ธนรัฎ เฮลท์แคร์", "nameTh": "ศูนย์ดูแลผู้ป่วยและผู้สูงอายุ ธนรัฎ เฮลท์แคร์", "nameEn": null, "cat": ["medical"], "province": "cm", "slug": "11015761268", "rank": 1}}, {"type": "Feature", "geometry": {"type": "Point", "coordinates": [98.98092, 18.8033]}, "properties": {"id": "cm-osm-way-1361417966", "name": "ศูนย์ตรวจธาลัสซีเมียภาคเหนือ", "nameTh": "ศูนย์ตรวจธาลัสซีเมียภาคเหนือ", "nameEn": "Torpong Pediatric Clinic", "cat": ["medical"], "province": "cm", "slug": "torpong-pediatric-clinic-1361417966", "rank": 2}}, {"type": "Feature", "geometry": {"type": "Point", "coordinates": [98.3779, 18.4845]}, "properties": {"id": "cm-osm-node-3248774104", "name": "ศูนย์บริการสาธารณสุขตำบลท่าผา", "nameTh": "ศูนย์บริการสาธารณสุขตำบลท่าผา", "nameEn": "Sun Borikan Satharanasuk Tambon Tha Pha", "cat": ["medical"], "province": "cm", "slug": "sun-borikan-satharanasuk-tambon-tha-pha-3248774104", "rank": 2}}, {"type": "Feature", "geometry": {"type": "Point", "coordinates": [98.97568, 18.79035]}, "properties": {"id": "cm-osm-node-12779208443", "name": "ศูนย์บริการเทคนิคการแพทย์คลินิก", "nameTh": "ศูนย์บริการเทคนิคการแพทย์คลินิก", "nameEn": "AMS Clinical Service Center, CMU", "cat": ["medical"], "province": "cm", "slug": "ams-clinical-service-center-cmu-12779208443", "rank": 3}}, {"type": "Feature", "geometry": {"type": "Point", "coordinates": [98.94379, 18.77571]}, "properties": {"id": "cm-dgth-fda-0166693767", "name": "ศูนย์ปฏิบัติการเภสัชชุมชน คณะเภสัชศาสตร์", "nameTh": "ศูนย์ปฏิบัติการเภสัชชุมชน คณะเภสัชศาสตร์", "nameEn": null, "cat": ["essentials", "medical"], "province": "cm", "slug": "0166693767", "rank": 2}}, {"type": "Feature", "geometry": {"type": "Point", "coordinates": [98.8594, 18.70453]}, "properties": {"id": "cm-osm-way-243415943", "name": "ศูนย์ฟื้นฟูสมรรถภาพ", "nameTh": "ศูนย์ฟื้นฟูสมรรถภาพ", "nameEn": "Suan Prung Rehabilitation Center", "cat": ["medical"], "province": "cm", "slug": "suan-prung-rehabilitation-center-243415943", "rank": 2}}, {"type": "Feature", "geometry": {"type": "Point", "coordinates": [98.97445, 18.81323]}, "properties": {"id": "cm-dgth-fda-3194759929", "name": "ศูนย์ยาสี่แยกข่วงสิงห์", "nameTh": "ศูนย์ยาสี่แยกข่วงสิงห์", "nameEn": null, "cat": ["essentials", "medical"], "province": "cm", "slug": "3194759929", "rank": 2}}, {"type": "Feature", "geometry": {"type": "Point", "coordinates": [98.95568, 18.7993]}, "properties": {"id": "cm-osm-relation-18946595", "name": "ศูนย์สุขภาพ มช", "nameTh": "ศูนย์สุขภาพ มช", "nameEn": null, "cat": ["medical"], "province": "cm", "slug": "18946595", "rank": 1}}, {"type": "Feature", "geometry": {"type": "Point", "coordinates": [98.9626, 18.85084]}, "properties": {"id": "cm-osm-way-1115112650", "name": "ศูนย์ส่งเสริมพัฒนาการเด็กภาคเหนือจังหวัดเชียงใหม่", "nameTh": "ศูนย์ส่งเสริมพัฒนาการเด็กภาคเหนือจังหวัดเชียงใหม่", "nameEn": "Rajanagarindra Institute of Child Development", "cat": ["medical"], "province": "cm", "slug": "rajanagarindra-institute-of-child-development-1115112650", "rank": 3}}, {"type": "Feature", "geometry": {"type": "Point", "coordinates": [98.9945, 18.77328]}, "properties": {"id": "cm-osm-node-5650846061", "name": "ศูนย์อนามัยที่ 10", "nameTh": "ศูนย์อนามัยที่ 10", "nameEn": "Medical Center 10", "cat": ["medical"], "province": "cm", "slug": "medical-center-10-5650846061", "rank": 3}}, {"type": "Feature", "geometry": {"type": "Point", "coordinates": [98.96916, 18.75642]}, "properties": {"id": "cm-osm-way-438135402", "name": "ศูนย์เวชศาสตร์ผู้สูงอายุ เชียงใหม่", "nameTh": "ศูนย์เวชศาสตร์ผู้สูงอายุ เชียงใหม่", "nameEn": "Center for Geriatric Medicine", "cat": ["medical"], "province": "cm", "slug": "center-for-geriatric-medicine-438135402", "rank": 2}}, {"type": "Feature", "geometry": {"type": "Point", "coordinates": [99.0148, 18.80853]}, "properties": {"id": "cm-osm-node-3394781917", "name": "ศูนย์เอกซเรย์คอมพิวเตอร์", "nameTh": "ศูนย์เอกซเรย์คอมพิวเตอร์", "nameEn": "Radiology", "cat": ["medical"], "province": "cm", "slug": "radiology-3394781917", "rank": 3}}, {"type": "Feature", "geometry": {"type": "Point", "coordinates": [98.98629, 18.66438]}, "properties": {"id": "cm-osm-node-8488145088", "name": "ศูนย์แพทย์ทางเลือกสารภี", "nameTh": "ศูนย์แพทย์ทางเลือกสารภี", "nameEn": null, "cat": ["medical"], "province": "cm", "slug": "8488145088", "rank": 1}}, {"type": "Feature", "geometry": {"type": "Point", "coordinates": [99.01084, 18.78688]}, "properties": {"id": "cm-dgth-fda-4193695109", "name": "สถานปฏิบัติการเภสัชชุมชนคณะเภสัชศาสตร์มหาวิทยาลัยพายัพ", "nameTh": "สถานปฏิบัติการเภสัชชุมชนคณะเภสัชศาสตร์มหาวิทยาลัยพายัพ", "nameEn": null, "cat": ["essentials", "medical"], "province": "cm", "slug": "4193695109", "rank": 2}}, {"type": "Feature", "geometry": {"type": "Point", "coordinates": [99.00412, 18.7131]}, "properties": {"id": "cm-dgth-fda-1174399929", "name": "สถานียา", "nameTh": "สถานียา", "nameEn": null, "cat": ["essentials", "medical"], "province": "cm", "slug": "1174399929", "rank": 2}}, {"type": "Feature", "geometry": {"type": "Point", "coordinates": [99.03284, 19.7441]}, "properties": {"id": "cm-osm-way-244834118", "name": "สถานีอนามัยสันติวนา(บ้านถ้ำงอบ)สันติวนา", "nameTh": "สถานีอนามัยสันติวนา(บ้านถ้ำงอบ)สันติวนา", "nameEn": "Santiwana Health Center (Ban Tham Ngop)", "cat": ["medical"], "province": "cm", "slug": "santiwana-health-center-ban-tham-ngop-244834118", "rank": 2}}, {"type": "Feature", "geometry": {"type": "Point", "coordinates": [99.05352, 18.83053]}, "properties": {"id": "cm-osm-node-8699177786", "name": "สบายจัย เภสัช", "nameTh": "สบายจัย เภสัช", "nameEn": "Sabai Chai Pharmacy", "cat": ["essentials", "medical"], "province": "cm", "slug": "sabai-chai-pharmacy-8699177786", "rank": 2}}, {"type": "Feature", "geometry": {"type": "Point", "coordinates": [98.97056, 18.80916]}, "properties": {"id": "cm-osm-node-6561956910", "name": "สบายดีแพ็ต คลีนิค", "nameTh": "สบายดีแพ็ต คลีนิค", "nameEn": null, "cat": ["medical"], "province": "cm", "slug": "6561956910", "rank": 1}}, {"type": "Feature", "geometry": {"type": "Point", "coordinates": [98.99463, 18.79262]}, "properties": {"id": "cm-osm-way-492846864", "name": "สมบัติ คลินิกเทคนิคการแพทย์", "nameTh": "สมบัติ คลินิกเทคนิคการแพทย์", "nameEn": null, "cat": ["medical"], "province": "cm", "slug": "492846864", "rank": 2}}, {"type": "Feature", "geometry": {"type": "Point", "coordinates": [99.12026, 18.74431]}, "properties": {"id": "cm-osm-node-3607210394", "name": "สมพงษ์การแพทย์", "nameTh": "สมพงษ์การแพทย์", "nameEn": null, "cat": ["essentials", "medical"], "province": "cm", "slug": "3607210394", "rank": 1}}, {"type": "Feature", "geometry": {"type": "Point", "coordinates": [98.96131, 18.79061]}, "properties": {"id": "cm-osm-node-1851232864", "name": "สมศักดิ์เภสัช 2", "nameTh": "สมศักดิ์เภสัช 2", "nameEn": "Somsak Pharmacy 2", "cat": ["essentials", "medical"], "province": "cm", "slug": "somsak-pharmacy-2-1851232864", "rank": 2}}, {"type": "Feature", "geometry": {"type": "Point", "coordinates": [98.98369, 18.80418]}, "properties": {"id": "cm-osm-node-3285652272", "name": "สมศักดิ์เภสัช 3", "nameTh": "สมศักดิ์เภสัช 3", "nameEn": "Som Sak 3", "cat": ["essentials", "medical"], "province": "cm", "slug": "som-sak-3-3285652272", "rank": 2}}, {"type": "Feature", "geometry": {"type": "Point", "coordinates": [98.98843, 18.78101]}, "properties": {"id": "cm-osm-node-1026006144", "name": "สยามชัย เภสัช", "nameTh": "สยามชัย เภสัช", "nameEn": "Sayam Chai Pharmacy", "cat": ["essentials", "medical"], "province": "cm", "slug": "sayam-chai-pharmacy-1026006144", "rank": 3}}, {"type": "Feature", "geometry": {"type": "Point", "coordinates": [99.09689, 18.76093]}, "properties": {"id": "cm-dgth-fda-0883736961", "name": "สยามโอสถ", "nameTh": "สยามโอสถ", "nameEn": null, "cat": ["essentials", "medical"], "province": "cm", "slug": "0883736961", "rank": 2}}, {"type": "Feature", "geometry": {"type": "Point", "coordinates": [98.98593, 18.77342]}, "properties": {"id": "cm-dgth-fda-2441848223", "name": "สวนดอกเภสัช วงแหวนรอบกลาง", "nameTh": "สวนดอกเภสัช วงแหวนรอบกลาง", "nameEn": null, "cat": ["essentials", "medical"], "province": "cm", "slug": "2441848223", "rank": 2}}, {"type": "Feature", "geometry": {"type": "Point", "coordinates": [98.96814, 18.80298]}, "properties": {"id": "cm-osm-node-3291782191", "name": "สวนสนคลินิก เวชกรรม", "nameTh": "สวนสนคลินิก เวชกรรม", "nameEn": null, "cat": ["medical"], "province": "cm", "slug": "3291782191", "rank": 3}}, {"type": "Feature", "geometry": {"type": "Point", "coordinates": [98.99005, 18.78089]}, "properties": {"id": "cm-osm-node-8736566402", "name": "สวยดอก โพลีคลีนิค", "nameTh": "สวยดอก โพลีคลีนิค", "nameEn": "Suai Dok Polyclinic", "cat": ["medical"], "province": "cm", "slug": "suai-dok-polyclinic-8736566402", "rank": 3}}, {"type": "Feature", "geometry": {"type": "Point", "coordinates": [99.01084, 18.78688]}, "properties": {"id": "cm-dgth-fda-3817722305", "name": "สหายเภสัช", "nameTh": "สหายเภสัช", "nameEn": null, "cat": ["essentials", "medical"], "province": "cm", "slug": "3817722305", "rank": 2}}, {"type": "Feature", "geometry": {"type": "Point", "coordinates": [98.9164, 18.73845]}, "properties": {"id": "cm-dgth-fda-3869666595", "name": "สะพานขาวเภสัช", "nameTh": "สะพานขาวเภสัช", "nameEn": null, "cat": ["essentials", "medical"], "province": "cm", "slug": "3869666595", "rank": 2}}, {"type": "Feature", "geometry": {"type": "Point", "coordinates": [99.07409, 18.84407]}, "properties": {"id": "cm-osm-node-3345723035", "name": "สันติสุขเภสัช", "nameTh": "สันติสุขเภสัช", "nameEn": "Santisuk Pharmacy", "cat": ["essentials", "medical"], "province": "cm", "slug": "santisuk-pharmacy-3345723035", "rank": 2}}, {"type": "Feature", "geometry": {"type": "Point", "coordinates": [99.029, 18.81574]}, "properties": {"id": "cm-osm-node-2637893710", "name": "สันทรายเภสัช", "nameTh": "สันทรายเภสัช", "nameEn": "San Sai Pharmacy", "cat": ["essentials", "medical"], "province": "cm", "slug": "san-sai-pharmacy-2637893710", "rank": 2}}, {"type": "Feature", "geometry": {"type": "Point", "coordinates": [99.06258, 18.83694]}, "properties": {"id": "cm-osm-node-3345711226", "name": "สันนาเม็งฟาร์ม่า", "nameTh": "สันนาเม็งฟาร์ม่า", "nameEn": "San Na Meng Pharma", "cat": ["essentials", "medical"], "province": "cm", "slug": "san-na-meng-pharma-3345711226", "rank": 2}}, {"type": "Feature", "geometry": {"type": "Point", "coordinates": [99.09689, 18.76093]}, "properties": {"id": "cm-dgth-fda-2032953665", "name": "สันโค้งเภสัช", "nameTh": "สันโค้งเภสัช", "nameEn": null, "cat": ["essentials", "medical"], "province": "cm", "slug": "2032953665", "rank": 2}}, {"type": "Feature", "geometry": {"type": "Point", "coordinates": [98.9232, 18.91479]}, "properties": {"id": "cm-dgth-fda-4261717170", "name": "สันโป่ง ฟาร์มาซี", "nameTh": "สันโป่ง ฟาร์มาซี", "nameEn": null, "cat": ["essentials", "medical"], "province": "cm", "slug": "4261717170", "rank": 2}}, {"type": "Feature", "geometry": {"type": "Point", "coordinates": [99.01388, 18.74297]}, "properties": {"id": "cm-dgth-fda-1951204527", "name": "สามมิตร ใกล้ยา", "nameTh": "สามมิตร ใกล้ยา", "nameEn": null, "cat": ["essentials", "medical"], "province": "cm", "slug": "1951204527", "rank": 2}}, {"type": "Feature", "geometry": {"type": "Point", "coordinates": [99.03834, 18.84416]}, "properties": {"id": "cm-dgth-fda-1862720230", "name": "สามแยกเภสัช", "nameTh": "สามแยกเภสัช", "nameEn": null, "cat": ["essentials", "medical"], "province": "cm", "slug": "1862720230", "rank": 2}}, {"type": "Feature", "geometry": {"type": "Point", "coordinates": [98.98593, 18.77342]}, "properties": {"id": "cm-dgth-fda-2210253111", "name": "สายเหนือเภสัช", "nameTh": "สายเหนือเภสัช", "nameEn": null, "cat": ["essentials", "medical"], "province": "cm", "slug": "2210253111", "rank": 2}}, {"type": "Feature", "geometry": {"type": "Point", "coordinates": [98.89094, 18.64311]}, "properties": {"id": "cm-dgth-fda-1857333647", "name": "สารพันยา", "nameTh": "สารพันยา", "nameEn": null, "cat": ["essentials", "medical"], "province": "cm", "slug": "1857333647", "rank": 2}}, {"type": "Feature", "geometry": {"type": "Point", "coordinates": [99.01084, 18.78688]}, "properties": {"id": "cm-dgth-fda-1053845841", "name": "สาระพันยา", "nameTh": "สาระพันยา", "nameEn": null, "cat": ["essentials", "medical"], "province": "cm", "slug": "1053845841", "rank": 2}}, {"type": "Feature", "geometry": {"type": "Point", "coordinates": [99.09689, 18.76093]}, "properties": {"id": "cm-dgth-fda-1199679458", "name": "สิบแสนเภสัช", "nameTh": "สิบแสนเภสัช", "nameEn": null, "cat": ["essentials", "medical"], "province": "cm", "slug": "1199679458", "rank": 2}}, {"type": "Feature", "geometry": {"type": "Point", "coordinates": [99.20398, 19.36544]}, "properties": {"id": "cm-osm-node-4604540574", "name": "สิรินาถ เภสัช", "nameTh": "สิรินาถ เภสัช", "nameEn": "Siri Nat Pharmacy", "cat": ["essentials", "medical"], "province": "cm", "slug": "siri-nat-pharmacy-4604540574", "rank": 2}}, {"type": "Feature", "geometry": {"type": "Point", "coordinates": [99.03834, 18.84416]}, "properties": {"id": "cm-dgth-fda-2485652546", "name": "สิรินาถเภสัช สันทราย", "nameTh": "สิรินาถเภสัช สันทราย", "nameEn": null, "cat": ["essentials", "medical"], "province": "cm", "slug": "2485652546", "rank": 2}}, {"type": "Feature", "geometry": {"type": "Point", "coordinates": [99.07627, 18.74407]}, "properties": {"id": "cm-osm-node-8687339329", "name": "สิริราช เภสัช", "nameTh": "สิริราช เภสัช", "nameEn": "Siri Rat Pharmacy", "cat": ["essentials", "medical"], "province": "cm", "slug": "siri-rat-pharmacy-8687339329", "rank": 2}}, {"type": "Feature", "geometry": {"type": "Point", "coordinates": [99.00412, 18.7131]}, "properties": {"id": "cm-dgth-fda-0506150878", "name": "สิริราชเภสัช 3", "nameTh": "สิริราชเภสัช 3", "nameEn": null, "cat": ["essentials", "medical"], "province": "cm", "slug": "3-0506150878", "rank": 2}}, {"type": "Feature", "geometry": {"type": "Point", "coordinates": [99.04045, 18.76834]}, "properties": {"id": "cm-osm-node-8690712209", "name": "สี่ พี่น้อง", "nameTh": "สี่ พี่น้อง", "nameEn": "4 Phinong", "cat": ["essentials", "medical"], "province": "cm", "slug": "4-phinong-8690712209", "rank": 2}}, {"type": "Feature", "geometry": {"type": "Point", "coordinates": [98.97085, 18.7951]}, "properties": {"id": "cm-osm-node-2650769479", "name": "สุขใจเภสัช", "nameTh": "สุขใจเภสัช", "nameEn": null, "cat": ["essentials", "medical"], "province": "cm", "slug": "2650769479", "rank": 1}}, {"type": "Feature", "geometry": {"type": "Point", "coordinates": [98.98017, 18.81044]}, "properties": {"id": "cm-dgth-fda-2483580803", "name": "สุพัตราเภสัช", "nameTh": "สุพัตราเภสัช", "nameEn": null, "cat": ["essentials", "medical"], "province": "cm", "slug": "2483580803", "rank": 2}}, {"type": "Feature", "geometry": {"type": "Point", "coordinates": [99.03834, 18.84416]}, "properties": {"id": "cm-dgth-fda-3974665664", "name": "สุริยะชัยเภสัช", "nameTh": "สุริยะชัยเภสัช", "nameEn": null, "cat": ["essentials", "medical"], "province": "cm", "slug": "3974665664", "rank": 2}}, {"type": "Feature", "geometry": {"type": "Point", "coordinates": [98.97823, 18.7848]}, "properties": {"id": "cm-osm-node-3390734344", "name": "สุรเชษฐ คลีนิค", "nameTh": "สุรเชษฐ คลีนิค", "nameEn": "Surachet Clinic", "cat": ["medical"], "province": "cm", "slug": "surachet-clinic-3390734344", "rank": 2}}, {"type": "Feature", "geometry": {"type": "Point", "coordinates": [99.13642, 18.66939]}, "properties": {"id": "cm-osm-way-106856873", "name": "ส่งเสริมสขภาพ", "nameTh": "ส่งเสริมสขภาพ", "nameEn": null, "cat": ["medical"], "province": "cm", "slug": "106856873", "rank": 1}}, {"type": "Feature", "geometry": {"type": "Point", "coordinates": [98.98946, 18.77956]}, "properties": {"id": "cm-osm-node-2661221810", "name": "หจก.สยามชัยเภสัช", "nameTh": "หจก.สยามชัยเภสัช", "nameEn": null, "cat": ["essentials", "medical"], "province": "cm", "slug": "2661221810", "rank": 1}}, {"type": "Feature", "geometry": {"type": "Point", "coordinates": [99.02989, 18.78754]}, "properties": {"id": "cm-dgth-fda-2896851738", "name": "หนองประทีปเภสัช", "nameTh": "หนองประทีปเภสัช", "nameEn": null, "cat": ["essentials", "medical"], "province": "cm", "slug": "2896851738", "rank": 2}}, {"type": "Feature", "geometry": {"type": "Point", "coordinates": [99.01084, 18.78688]}, "properties": {"id": "cm-dgth-fda-2824039337", "name": "หนึ่ง-สอง ฟาร์มาซี", "nameTh": "หนึ่ง-สอง ฟาร์มาซี", "nameEn": null, "cat": ["essentials", "medical"], "province": "cm", "slug": "2824039337", "rank": 2}}, {"type": "Feature", "geometry": {"type": "Point", "coordinates": [99.01416, 18.89188]}, "properties": {"id": "cm-osm-node-2589524819", "name": "หมอประมวล", "nameTh": "หมอประมวล", "nameEn": "Mo Pramuan", "cat": ["medical"], "province": "cm", "slug": "mo-pramuan-2589524819", "rank": 2}}, {"type": "Feature", "geometry": {"type": "Point", "coordinates": [99.20574, 18.74212]}, "properties": {"id": "cm-osm-node-8672777399", "name": "หมอยา เภสัช", "nameTh": "หมอยา เภสัช", "nameEn": "Mo Ya Pharmacy", "cat": ["essentials", "medical"], "province": "cm", "slug": "mo-ya-pharmacy-8672777399", "rank": 3}}, {"type": "Feature", "geometry": {"type": "Point", "coordinates": [98.95942, 18.80578]}, "properties": {"id": "cm-osm-node-6557943259", "name": "หมอยาสุเทพ", "nameTh": "หมอยาสุเทพ", "nameEn": null, "cat": ["essentials", "medical"], "province": "cm", "slug": "6557943259", "rank": 1}}, {"type": "Feature", "geometry": {"type": "Point", "coordinates": [99.06722, 18.74788]}, "properties": {"id": "cm-osm-node-4685165753", "name": "หมอวรากร", "nameTh": "หมอวรากร", "nameEn": "Dr. Wara Kon", "cat": ["medical"], "province": "cm", "slug": "dr-wara-kon-4685165753", "rank": 2}}, {"type": "Feature", "geometry": {"type": "Point", "coordinates": [99.05178, 18.77802]}, "properties": {"id": "cm-osm-node-4557811610", "name": "หมอศุภชัย คลินิก", "nameTh": "หมอศุภชัย คลินิก", "nameEn": "Dr. Suppha Chai", "cat": ["medical"], "province": "cm", "slug": "dr-suppha-chai-4557811610", "rank": 2}}, {"type": "Feature", "geometry": {"type": "Point", "coordinates": [99.09689, 18.76093]}, "properties": {"id": "cm-dgth-fda-0528292894", "name": "หลุยส์ ฟาร์มาซี", "nameTh": "หลุยส์ ฟาร์มาซี", "nameEn": null, "cat": ["essentials", "medical"], "province": "cm", "slug": "0528292894", "rank": 2}}, {"type": "Feature", "geometry": {"type": "Point", "coordinates": [98.98284, 18.81478]}, "properties": {"id": "cm-osm-node-4480941139", "name": "หัสชัย คลีนิค", "nameTh": "หัสชัย คลีนิค", "nameEn": "Hat Chai", "cat": ["medical"], "province": "cm", "slug": "hat-chai-4480941139", "rank": 2}}, {"type": "Feature", "geometry": {"type": "Point", "coordinates": [98.91817, 18.68143]}, "properties": {"id": "cm-dgth-fda-3325942906", "name": "หางดงเภสัช", "nameTh": "หางดงเภสัช", "nameEn": null, "cat": ["essentials", "medical"], "province": "cm", "slug": "3325942906", "rank": 2}}, {"type": "Feature", "geometry": {"type": "Point", "coordinates": [98.97104, 18.79945]}, "properties": {"id": "cm-osm-node-2537789990", "name": "ห้วยแก้วคลินิค", "nameTh": "ห้วยแก้วคลินิค", "nameEn": "Huay Kaew Polyclinic", "cat": ["medical"], "province": "cm", "slug": "huay-kaew-polyclinic-2537789990", "rank": 4}}, {"type": "Feature", "geometry": {"type": "Point", "coordinates": [99.01388, 18.74297]}, "properties": {"id": "cm-dgth-fda-1855940854", "name": "ห้องยาฟาร์มาซี", "nameTh": "ห้องยาฟาร์มาซี", "nameEn": null, "cat": ["essentials", "medical"], "province": "cm", "slug": "1855940854", "rank": 2}}, {"type": "Feature", "geometry": {"type": "Point", "coordinates": [99.01388, 18.74297]}, "properties": {"id": "cm-dgth-fda-1420951036", "name": "ห้องยาเภสัช สาขา 1", "nameTh": "ห้องยาเภสัช สาขา 1", "nameEn": null, "cat": ["essentials", "medical"], "province": "cm", "slug": "1-1420951036", "rank": 2}}, {"type": "Feature", "geometry": {"type": "Point", "coordinates": [99.01388, 18.74297]}, "properties": {"id": "cm-dgth-fda-1821013647", "name": "ห้องยาเภสัช สาขา 2", "nameTh": "ห้องยาเภสัช สาขา 2", "nameEn": null, "cat": ["essentials", "medical"], "province": "cm", "slug": "2-1821013647", "rank": 2}}, {"type": "Feature", "geometry": {"type": "Point", "coordinates": [99.01023, 18.75675]}, "properties": {"id": "cm-dgth-fda-0683408059", "name": "ห้องยาเภสัช สาขา 3", "nameTh": "ห้องยาเภสัช สาขา 3", "nameEn": null, "cat": ["essentials", "medical"], "province": "cm", "slug": "3-0683408059", "rank": 2}}, {"type": "Feature", "geometry": {"type": "Point", "coordinates": [99.01388, 18.74297]}, "properties": {"id": "cm-dgth-fda-3091073014", "name": "ห้องยาเภสัช สาขา 5", "nameTh": "ห้องยาเภสัช สาขา 5", "nameEn": null, "cat": ["essentials", "medical"], "province": "cm", "slug": "5-3091073014", "rank": 2}}, {"type": "Feature", "geometry": {"type": "Point", "coordinates": [99.09689, 18.76093]}, "properties": {"id": "cm-dgth-fda-1796711943", "name": "ห้างหุ้นส่วนจำกัด สันกำแพงเภสัช", "nameTh": "ห้างหุ้นส่วนจำกัด สันกำแพงเภสัช", "nameEn": null, "cat": ["essentials", "medical"], "province": "cm", "slug": "1796711943", "rank": 2}}, {"type": "Feature", "geometry": {"type": "Point", "coordinates": [99.06551, 18.84217]}, "properties": {"id": "cm-dgth-fda-0590612442", "name": "ห้างหุ้นส่วนจำกัด สันนาเม็ง เมดิคอล", "nameTh": "ห้างหุ้นส่วนจำกัด สันนาเม็ง เมดิคอล", "nameEn": null, "cat": ["essentials", "medical"], "province": "cm", "slug": "0590612442", "rank": 2}}, {"type": "Feature", "geometry": {"type": "Point", "coordinates": [99.09689, 18.76093]}, "properties": {"id": "cm-dgth-fda-1504370937", "name": "ห้างหุ้นส่วนจำกัดคลังยาบ่อสร้าง", "nameTh": "ห้างหุ้นส่วนจำกัดคลังยาบ่อสร้าง", "nameEn": null, "cat": ["essentials", "medical"], "province": "cm", "slug": "1504370937", "rank": 2}}, {"type": "Feature", "geometry": {"type": "Point", "coordinates": [98.99641, 18.78966]}, "properties": {"id": "cm-dgth-fda-1572096443", "name": "ห้างหุ้นส่วนจำกัดจิบอังตึ้งโอสถ", "nameTh": "ห้างหุ้นส่วนจำกัดจิบอังตึ้งโอสถ", "nameEn": null, "cat": ["essentials", "medical"], "province": "cm", "slug": "1572096443", "rank": 2}}, {"type": "Feature", "geometry": {"type": "Point", "coordinates": [98.98593, 18.77342]}, "properties": {"id": "cm-dgth-fda-1480221795", "name": "ห้างหุ้นส่วนจำกัดพรีเมียม ฟาร์มาซี (สาขาแอร์พอร์ต พลาซ่า)", "nameTh": "ห้างหุ้นส่วนจำกัดพรีเมียม ฟาร์มาซี (สาขาแอร์พอร์ต พลาซ่า)", "nameEn": null, "cat": ["essentials", "medical"], "province": "cm", "slug": "1480221795", "rank": 2}}, {"type": "Feature", "geometry": {"type": "Point", "coordinates": [98.94379, 18.77571]}, "properties": {"id": "cm-dgth-fda-0509607060", "name": "ห้างหุ้นส่วนสามัญ เมดิก้าฮับ", "nameTh": "ห้างหุ้นส่วนสามัญ เมดิก้าฮับ", "nameEn": null, "cat": ["essentials", "medical"], "province": "cm", "slug": "0509607060", "rank": 2}}, {"type": "Feature", "geometry": {"type": "Point", "coordinates": [98.97814, 18.80164]}, "properties": {"id": "cm-osm-node-3283950889", "name": "ห้าแยกเภสัชกร", "nameTh": "ห้าแยกเภสัชกร", "nameEn": "Ha Yaek", "cat": ["essentials", "medical"], "province": "cm", "slug": "ha-yaek-3283950889", "rank": 2}}, {"type": "Feature", "geometry": {"type": "Point", "coordinates": [99.08331, 18.73944]}, "properties": {"id": "cm-osm-node-4692878348", "name": "อ.เจริญ เภสัช", "nameTh": "อ.เจริญ เภสัช", "nameEn": "O Charoen Pharmacy", "cat": ["essentials", "medical"], "province": "cm", "slug": "o-charoen-pharmacy-4692878348", "rank": 2}}, {"type": "Feature", "geometry": {"type": "Point", "coordinates": [99.00958, 18.89394]}, "properties": {"id": "cm-osm-node-3343143609", "name": "อ.เภสัช", "nameTh": "อ.เภสัช", "nameEn": null, "cat": ["essentials", "medical"], "province": "cm", "slug": "3343143609", "rank": 1}}, {"type": "Feature", "geometry": {"type": "Point", "coordinates": [98.98593, 18.77342]}, "properties": {"id": "cm-dgth-fda-1595464288", "name": "อนันยาเภสัช", "nameTh": "อนันยาเภสัช", "nameEn": null, "cat": ["essentials", "medical"], "province": "cm", "slug": "1595464288", "rank": 2}}, {"type": "Feature", "geometry": {"type": "Point", "coordinates": [99.00007, 18.6524]}, "properties": {"id": "cm-osm-way-548253109", "name": "อนามัย", "nameTh": "อนามัย", "nameEn": null, "cat": ["medical"], "province": "cm", "slug": "548253109", "rank": 1}}, {"type": "Feature", "geometry": {"type": "Point", "coordinates": [98.65668, 18.47422]}, "properties": {"id": "cm-osm-way-1467984058", "name": "อนามัยบ้านเมืองกลาง", "nameTh": "อนามัยบ้านเมืองกลาง", "nameEn": null, "cat": ["medical"], "province": "cm", "slug": "1467984058", "rank": 1}}, {"type": "Feature", "geometry": {"type": "Point", "coordinates": [98.97665, 18.79642]}, "properties": {"id": "cm-osm-way-364392026", "name": "อภิชาติ สูติ-นรี คลินิมีบุตรยาก", "nameTh": "อภิชาติ สูติ-นรี คลินิมีบุตรยาก", "nameEn": "Chiang Mai Fertility Centre", "cat": ["medical"], "province": "cm", "slug": "chiang-mai-fertility-centre-364392026", "rank": 4}}, {"type": "Feature", "geometry": {"type": "Point", "coordinates": [98.35789, 17.7985]}, "properties": {"id": "cm-osm-node-2618253462", "name": "อมก๋อย คลินิค", "nameTh": "อมก๋อย คลินิค", "nameEn": null, "cat": ["medical"], "province": "cm", "slug": "2618253462", "rank": 1}}, {"type": "Feature", "geometry": {"type": "Point", "coordinates": [98.35743, 17.79935]}, "properties": {"id": "cm-osm-node-2618252959", "name": "อมก๋อยเภสัช", "nameTh": "อมก๋อยเภสัช", "nameEn": null, "cat": ["essentials", "medical"], "province": "cm", "slug": "2618252959", "rank": 1}}, {"type": "Feature", "geometry": {"type": "Point", "coordinates": [98.99641, 18.78966]}, "properties": {"id": "cm-dgth-fda-2476734943", "name": "อัมเบรลลา ฟาร์มา", "nameTh": "อัมเบรลลา ฟาร์มา", "nameEn": null, "cat": ["essentials", "medical"], "province": "cm", "slug": "2476734943", "rank": 2}}, {"type": "Feature", "geometry": {"type": "Point", "coordinates": [99.09689, 18.76093]}, "properties": {"id": "cm-dgth-fda-3989142865", "name": "อารี ดรักเฮ้าส์", "nameTh": "อารี ดรักเฮ้าส์", "nameEn": null, "cat": ["essentials", "medical"], "province": "cm", "slug": "3989142865", "rank": 2}}, {"type": "Feature", "geometry": {"type": "Point", "coordinates": [98.98705, 18.79769]}, "properties": {"id": "cm-osm-node-4535602957", "name": "อาลียารินเฮ้าส์", "nameTh": "อาลียารินเฮ้าส์", "nameEn": "Ali Pharmacy", "cat": ["essentials", "medical"], "province": "cm", "slug": "ali-pharmacy-4535602957", "rank": 2}}, {"type": "Feature", "geometry": {"type": "Point", "coordinates": [98.99856, 18.76947]}, "properties": {"id": "cm-osm-node-3298760886", "name": "อีซี่ดรัก", "nameTh": "อีซี่ดรัก", "nameEn": "Easy Drug", "cat": ["essentials", "medical"], "province": "cm", "slug": "easy-drug-3298760886", "rank": 2}}, {"type": "Feature", "geometry": {"type": "Point", "coordinates": [98.98181, 18.78293]}, "properties": {"id": "cm-osm-node-11359736106", "name": "อีฟ ฟาร์มาซี", "nameTh": "อีฟ ฟาร์มาซี", "nameEn": "Eve Pharmacy", "cat": ["essentials", "medical"], "province": "cm", "slug": "eve-pharmacy-11359736106", "rank": 4}}, {"type": "Feature", "geometry": {"type": "Point", "coordinates": [98.95976, 18.80356]}, "properties": {"id": "cm-osm-node-8829264539", "name": "อีสต์ คลินิก", "nameTh": "อีสต์ คลินิก", "nameEn": "East Clinic", "cat": ["medical"], "province": "cm", "slug": "east-clinic-8829264539", "rank": 2}}, {"type": "Feature", "geometry": {"type": "Point", "coordinates": [98.95977, 18.80369]}, "properties": {"id": "cm-osm-node-8829267934", "name": "อีเดน คลินิกเวชกรรม", "nameTh": "อีเดน คลินิกเวชกรรม", "nameEn": "E-Den Clinic", "cat": ["medical"], "province": "cm", "slug": "e-den-clinic-8829267934", "rank": 2}}, {"type": "Feature", "geometry": {"type": "Point", "coordinates": [98.94251, 18.91907]}, "properties": {"id": "cm-osm-way-657097389", "name": "อุตวิชัยการแพทย์", "nameTh": "อุตวิชัยการแพทย์", "nameEn": "Uttawichai Clinic", "cat": ["medical"], "province": "cm", "slug": "uttawichai-clinic-657097389", "rank": 3}}, {"type": "Feature", "geometry": {"type": "Point", "coordinates": [98.98001, 18.80019]}, "properties": {"id": "cm-osm-node-3283612048", "name": "อุ่นใจเภสัช", "nameTh": "อุ่นใจเภสัช", "nameEn": "Unchai Pharmacy", "cat": ["essentials", "medical"], "province": "cm", "slug": "unchai-pharmacy-3283612048", "rank": 2}}, {"type": "Feature", "geometry": {"type": "Point", "coordinates": [99.02644, 18.76386]}, "properties": {"id": "cm-osm-node-6597502156", "name": "อ้อมเมือง เภสัช", "nameTh": "อ้อมเมือง เภสัช", "nameEn": "Om Mueang Pharmacy", "cat": ["essentials", "medical"], "province": "cm", "slug": "om-mueang-pharmacy-6597502156", "rank": 2}}, {"type": "Feature", "geometry": {"type": "Point", "coordinates": [98.91524, 18.68874]}, "properties": {"id": "cm-dgth-fda-0221562129", "name": "ฮอดคลังยา", "nameTh": "ฮอดคลังยา", "nameEn": null, "cat": ["essentials", "medical"], "province": "cm", "slug": "0221562129", "rank": 2}}, {"type": "Feature", "geometry": {"type": "Point", "coordinates": [98.96005, 18.8045]}, "properties": {"id": "cm-osm-node-4759269487", "name": "ฮักฟัน", "nameTh": "ฮักฟัน", "nameEn": "Hug Fun Dental", "cat": ["medical"], "province": "cm", "slug": "hug-fun-dental-4759269487", "rank": 2}}, {"type": "Feature", "geometry": {"type": "Point", "coordinates": [99.11283, 18.85074]}, "properties": {"id": "cm-dgth-fda-0897302194", "name": "ฮักยาเภสัช 2 โลตัสแม่คือ", "nameTh": "ฮักยาเภสัช 2 โลตัสแม่คือ", "nameEn": null, "cat": ["essentials", "medical"], "province": "cm", "slug": "2-0897302194", "rank": 2}}, {"type": "Feature", "geometry": {"type": "Point", "coordinates": [98.99883, 18.77312]}, "properties": {"id": "cm-curated-hugsa-klang-wiang", "name": "ฮักษา กลางเวียง", "nameTh": "ฮักษา กลางเวียง", "nameEn": "Hugsa Medical (Klang Wiang)", "cat": ["medical"], "province": "cm", "slug": "hugsa-medical-klang-wiang-cmcuratedhugsaklangwiang", "rank": 6}}, {"type": "Feature", "geometry": {"type": "Point", "coordinates": [99.00065, 18.91561]}, "properties": {"id": "cm-dgth-fda-3068200568", "name": "เกรซ ฟาร์ม่า", "nameTh": "เกรซ ฟาร์ม่า", "nameEn": null, "cat": ["essentials", "medical"], "province": "cm", "slug": "3068200568", "rank": 2}}, {"type": "Feature", "geometry": {"type": "Point", "coordinates": [99.03834, 18.84416]}, "properties": {"id": "cm-dgth-fda-3479840767", "name": "เกรซ ฟาร์ม่า สาขา ตลาดทุ่งข้าวตอก", "nameTh": "เกรซ ฟาร์ม่า สาขา ตลาดทุ่งข้าวตอก", "nameEn": null, "cat": ["essentials", "medical"], "province": "cm", "slug": "3479840767", "rank": 2}}, {"type": "Feature", "geometry": {"type": "Point", "coordinates": [99.03152, 18.89476]}, "properties": {"id": "cm-dgth-fda-0418928483", "name": "เกรซ ฟาร์ม่า สาขา ตลาดป่าเหมือด", "nameTh": "เกรซ ฟาร์ม่า สาขา ตลาดป่าเหมือด", "nameEn": null, "cat": ["essentials", "medical"], "province": "cm", "slug": "0418928483", "rank": 2}}, {"type": "Feature", "geometry": {"type": "Point", "coordinates": [98.97445, 18.81323]}, "properties": {"id": "cm-dgth-fda-0501805802", "name": "เก้าเก้าเภสัช", "nameTh": "เก้าเก้าเภสัช", "nameEn": null, "cat": ["essentials", "medical"], "province": "cm", "slug": "0501805802", "rank": 2}}, {"type": "Feature", "geometry": {"type": "Point", "coordinates": [99.01716, 18.84554]}, "properties": {"id": "cm-osm-node-2641503134", "name": "เคเค ฟาร์มาซี", "nameTh": "เคเค ฟาร์มาซี", "nameEn": "KK Pharmacy", "cat": ["essentials", "medical"], "province": "cm", "slug": "kk-pharmacy-2641503134", "rank": 2}}, {"type": "Feature", "geometry": {"type": "Point", "coordinates": [99.03834, 18.84416]}, "properties": {"id": "cm-dgth-fda-2750369198", "name": "เจตน์เภสัช", "nameTh": "เจตน์เภสัช", "nameEn": null, "cat": ["essentials", "medical"], "province": "cm", "slug": "2750369198", "rank": 2}}, {"type": "Feature", "geometry": {"type": "Point", "coordinates": [99.01084, 18.78688]}, "properties": {"id": "cm-dgth-fda-3516436148", "name": "เจริญเมืองเภสัช", "nameTh": "เจริญเมืองเภสัช", "nameEn": null, "cat": ["essentials", "medical"], "province": "cm", "slug": "3516436148", "rank": 2}}, {"type": "Feature", "geometry": {"type": "Point", "coordinates": [98.98052, 18.80943]}, "properties": {"id": "cm-osm-node-7473061885", "name": "เจไอบี ข่วงสิงหฺ์", "nameTh": "เจไอบี ข่วงสิงหฺ์", "nameEn": "JIB ข่วงสิงห์", "cat": ["medical"], "province": "cm", "slug": "jib-7473061885", "rank": 2}}, {"type": "Feature", "geometry": {"type": "Point", "coordinates": [98.96707, 18.80743]}, "properties": {"id": "cm-osm-node-3318044625", "name": "เชิงดอยเภสัช", "nameTh": "เชิงดอยเภสัช", "nameEn": null, "cat": ["essentials", "medical"], "province": "cm", "slug": "3318044625", "rank": 1}}, {"type": "Feature", "geometry": {"type": "Point", "coordinates": [99.00827, 18.77708]}, "properties": {"id": "cm-osm-node-2648438306", "name": "เชียงใหม่คริสเตียนคลินิค", "nameTh": "เชียงใหม่คริสเตียนคลินิค", "nameEn": "Chiang Mai Christian Clinic", "cat": ["medical"], "province": "cm", "slug": "chiang-mai-christian-clinic-2648438306", "rank": 4}}, {"type": "Feature", "geometry": {"type": "Point", "coordinates": [98.98325, 18.80435]}, "properties": {"id": "cm-osm-node-3316954761", "name": "เชียงใหม่ไดเร็ค", "nameTh": "เชียงใหม่ไดเร็ค", "nameEn": null, "cat": ["essentials", "medical"], "province": "cm", "slug": "3316954761", "rank": 1}}, {"type": "Feature", "geometry": {"type": "Point", "coordinates": [98.97005, 18.80436]}, "properties": {"id": "cm-osm-way-1279060998", "name": "เซราคลินิก สาขาเชียงใหม่", "nameTh": "เซราคลินิก สาขาเชียงใหม่", "nameEn": null, "cat": ["medical"], "province": "cm", "slug": "1279060998", "rank": 2}}, {"type": "Feature", "geometry": {"type": "Point", "coordinates": [99.02382, 18.80807]}, "properties": {"id": "cm-osm-node-3345705421", "name": "เซ็นทรัล ฟาร์ม", "nameTh": "เซ็นทรัล ฟาร์ม", "nameEn": null, "cat": ["essentials", "medical"], "province": "cm", "slug": "3345705421", "rank": 1}}, {"type": "Feature", "geometry": {"type": "Point", "coordinates": [98.9164, 18.73845]}, "properties": {"id": "cm-dgth-fda-0525512615", "name": "เฌอเภสัช", "nameTh": "เฌอเภสัช", "nameEn": null, "cat": ["essentials", "medical"], "province": "cm", "slug": "0525512615", "rank": 2}}, {"type": "Feature", "geometry": {"type": "Point", "coordinates": [98.99332, 18.79208]}, "properties": {"id": "cm-osm-node-3298800096", "name": "เดชาเวชภัณฑ์", "nameTh": "เดชาเวชภัณฑ์", "nameEn": null, "cat": ["essentials", "medical"], "province": "cm", "slug": "3298800096", "rank": 1}}, {"type": "Feature", "geometry": {"type": "Point", "coordinates": [98.99759, 18.77599]}, "properties": {"id": "cm-dgth-fda-3240005701", "name": "เดอะ เมดิ ซี", "nameTh": "เดอะ เมดิ ซี", "nameEn": null, "cat": ["essentials", "medical"], "province": "cm", "slug": "3240005701", "rank": 2}}, {"type": "Feature", "geometry": {"type": "Point", "coordinates": [98.99641, 18.78966]}, "properties": {"id": "cm-dgth-fda-1142588907", "name": "เทอร่า ฟาร์มาซี", "nameTh": "เทอร่า ฟาร์มาซี", "nameEn": null, "cat": ["essentials", "medical"], "province": "cm", "slug": "1142588907", "rank": 2}}, {"type": "Feature", "geometry": {"type": "Point", "coordinates": [99.01084, 18.78688]}, "properties": {"id": "cm-dgth-fda-3409267420", "name": "เน็กซ์พลัสเภสัช", "nameTh": "เน็กซ์พลัสเภสัช", "nameEn": null, "cat": ["essentials", "medical"], "province": "cm", "slug": "3409267420", "rank": 2}}, {"type": "Feature", "geometry": {"type": "Point", "coordinates": [99.09689, 18.76093]}, "properties": {"id": "cm-dgth-fda-0882643455", "name": "เบนน์ ฟาร์มาซี", "nameTh": "เบนน์ ฟาร์มาซี", "nameEn": null, "cat": ["essentials", "medical"], "province": "cm", "slug": "0882643455", "rank": 2}}, {"type": "Feature", "geometry": {"type": "Point", "coordinates": [99.03152, 18.89476]}, "properties": {"id": "cm-dgth-fda-0025179098", "name": "เปรม ฟาร์มาซี", "nameTh": "เปรม ฟาร์มาซี", "nameEn": null, "cat": ["essentials", "medical"], "province": "cm", "slug": "0025179098", "rank": 2}}, {"type": "Feature", "geometry": {"type": "Point", "coordinates": [99.04694, 18.79078]}, "properties": {"id": "cm-dgth-fda-3417952034", "name": "เพื่อคุณเภสัช", "nameTh": "เพื่อคุณเภสัช", "nameEn": null, "cat": ["essentials", "medical"], "province": "cm", "slug": "3417952034", "rank": 2}}, {"type": "Feature", "geometry": {"type": "Point", "coordinates": [99.01084, 18.78688]}, "properties": {"id": "cm-dgth-fda-2664408421", "name": "เพื่อนคุณเภสัช", "nameTh": "เพื่อนคุณเภสัช", "nameEn": null, "cat": ["essentials", "medical"], "province": "cm", "slug": "2664408421", "rank": 2}}, {"type": "Feature", "geometry": {"type": "Point", "coordinates": [98.89094, 18.64311]}, "properties": {"id": "cm-dgth-fda-2873231331", "name": "เพื่อนบ้านฟาร์มาซี", "nameTh": "เพื่อนบ้านฟาร์มาซี", "nameEn": null, "cat": ["essentials", "medical"], "province": "cm", "slug": "2873231331", "rank": 2}}, {"type": "Feature", "geometry": {"type": "Point", "coordinates": [98.89094, 18.64311]}, "properties": {"id": "cm-dgth-fda-2763729174", "name": "เพื่อนยาฟาร์มาซี", "nameTh": "เพื่อนยาฟาร์มาซี", "nameEn": null, "cat": ["essentials", "medical"], "province": "cm", "slug": "2763729174", "rank": 2}}, {"type": "Feature", "geometry": {"type": "Point", "coordinates": [98.91524, 18.68874]}, "properties": {"id": "cm-dgth-fda-4182963222", "name": "เพื่อนยาฮอด", "nameTh": "เพื่อนยาฮอด", "nameEn": null, "cat": ["essentials", "medical"], "province": "cm", "slug": "4182963222", "rank": 2}}, {"type": "Feature", "geometry": {"type": "Point", "coordinates": [99.05194, 18.87478]}, "properties": {"id": "cm-osm-node-2590244281", "name": "เพื่อนยาเภสัช", "nameTh": "เพื่อนยาเภสัช", "nameEn": "Phuean Ya", "cat": ["essentials", "medical"], "province": "cm", "slug": "phuean-ya-2590244281", "rank": 3}}, {"type": "Feature", "geometry": {"type": "Point", "coordinates": [98.94379, 18.77571]}, "properties": {"id": "cm-dgth-fda-2995681858", "name": "เภสัชกร", "nameTh": "เภสัชกร", "nameEn": null, "cat": ["essentials", "medical"], "province": "cm", "slug": "2995681858", "rank": 2}}, {"type": "Feature", "geometry": {"type": "Point", "coordinates": [98.97186, 18.8452]}, "properties": {"id": "cm-osm-node-6563512885", "name": "เภสัชกรมานพ", "nameTh": "เภสัชกรมานพ", "nameEn": null, "cat": ["essentials", "medical"], "province": "cm", "slug": "6563512885", "rank": 1}}, {"type": "Feature", "geometry": {"type": "Point", "coordinates": [98.98088, 18.74611]}, "properties": {"id": "cm-dgth-fda-3535212029", "name": "เภสัชพลัส", "nameTh": "เภสัชพลัส", "nameEn": null, "cat": ["essentials", "medical"], "province": "cm", "slug": "3535212029", "rank": 2}}, {"type": "Feature", "geometry": {"type": "Point", "coordinates": [99.01084, 18.78688]}, "properties": {"id": "cm-dgth-fda-1731657207", "name": "เภสัชเพื่อนคุณ", "nameTh": "เภสัชเพื่อนคุณ", "nameEn": null, "cat": ["essentials", "medical"], "province": "cm", "slug": "1731657207", "rank": 2}}, {"type": "Feature", "geometry": {"type": "Point", "coordinates": [99.1175, 18.74641]}, "properties": {"id": "cm-osm-node-8639519979", "name": "เภสัชใกล้บ้าน", "nameTh": "เภสัชใกล้บ้าน", "nameEn": "Klai Ban Pharmacy", "cat": ["essentials", "medical"], "province": "cm", "slug": "klai-ban-pharmacy-8639519979", "rank": 2}}, {"type": "Feature", "geometry": {"type": "Point", "coordinates": [99.03834, 18.84416]}, "properties": {"id": "cm-dgth-fda-1928906096", "name": "เภสัชใจดี", "nameTh": "เภสัชใจดี", "nameEn": null, "cat": ["essentials", "medical"], "province": "cm", "slug": "1928906096", "rank": 2}}, {"type": "Feature", "geometry": {"type": "Point", "coordinates": [98.96633, 18.79688]}, "properties": {"id": "cm-osm-node-3417322296", "name": "เมดิก้า ฮับ", "nameTh": "เมดิก้า ฮับ", "nameEn": "Medica Hub", "cat": ["essentials", "medical"], "province": "cm", "slug": "medica-hub-3417322296", "rank": 2}}, {"type": "Feature", "geometry": {"type": "Point", "coordinates": [99.09689, 18.76093]}, "properties": {"id": "cm-dgth-fda-3941563162", "name": "เรือนยา", "nameTh": "เรือนยา", "nameEn": null, "cat": ["essentials", "medical"], "province": "cm", "slug": "3941563162", "rank": 2}}, {"type": "Feature", "geometry": {"type": "Point", "coordinates": [98.94687, 18.90985]}, "properties": {"id": "cm-osm-way-525732811", "name": "เวชพิงค์คลินิก", "nameTh": "เวชพิงค์คลินิก", "nameEn": "Phing Clinic", "cat": ["medical"], "province": "cm", "slug": "phing-clinic-525732811", "rank": 4}}, {"type": "Feature", "geometry": {"type": "Point", "coordinates": [98.99901, 18.77627]}, "properties": {"id": "cm-osm-node-3394760978", "name": "เวชไพศาลฟาร์ม่า", "nameTh": "เวชไพศาลฟาร์ม่า", "nameEn": null, "cat": ["essentials", "medical"], "province": "cm", "slug": "3394760978", "rank": 1}}, {"type": "Feature", "geometry": {"type": "Point", "coordinates": [98.97445, 18.81323]}, "properties": {"id": "cm-dgth-fda-2096265864", "name": "เวลล์แคร์ฟาร์มาซี", "nameTh": "เวลล์แคร์ฟาร์มาซี", "nameEn": null, "cat": ["essentials", "medical"], "province": "cm", "slug": "2096265864", "rank": 2}}, {"type": "Feature", "geometry": {"type": "Point", "coordinates": [98.97844, 18.8063]}, "properties": {"id": "cm-osm-node-1858680853", "name": "เวียงบัวฟาร์มาซี", "nameTh": "เวียงบัวฟาร์มาซี", "nameEn": "Viangbua Pharmacy", "cat": ["essentials", "medical"], "province": "cm", "slug": "viangbua-pharmacy-1858680853", "rank": 2}}, {"type": "Feature", "geometry": {"type": "Point", "coordinates": [99.11283, 18.85074]}, "properties": {"id": "cm-dgth-fda-0022160006", "name": "เวียงพิงค์เภสัช สาขาตลาดท่ารั้ว", "nameTh": "เวียงพิงค์เภสัช สาขาตลาดท่ารั้ว", "nameEn": null, "cat": ["essentials", "medical"], "province": "cm", "slug": "0022160006", "rank": 2}}, {"type": "Feature", "geometry": {"type": "Point", "coordinates": [98.9232, 18.91479]}, "properties": {"id": "cm-dgth-fda-2856553499", "name": "เวียงพิงค์เภสัช สาขาสุขุมเซอร์วิส แม่ริม", "nameTh": "เวียงพิงค์เภสัช สาขาสุขุมเซอร์วิส แม่ริม", "nameEn": null, "cat": ["essentials", "medical"], "province": "cm", "slug": "2856553499", "rank": 2}}, {"type": "Feature", "geometry": {"type": "Point", "coordinates": [98.96726, 18.79535]}, "properties": {"id": "cm-osm-node-3421293918", "name": "เวียงแก้วคลินิก", "nameTh": "เวียงแก้วคลินิก", "nameEn": "Wang Kaew Clinic", "cat": ["medical"], "province": "cm", "slug": "wang-kaew-clinic-3421293918", "rank": 2}}, {"type": "Feature", "geometry": {"type": "Point", "coordinates": [98.91817, 18.68143]}, "properties": {"id": "cm-dgth-fda-3681788064", "name": "เวียงแหวนเภสัช", "nameTh": "เวียงแหวนเภสัช", "nameEn": null, "cat": ["essentials", "medical"], "province": "cm", "slug": "3681788064", "rank": 2}}, {"type": "Feature", "geometry": {"type": "Point", "coordinates": [98.9164, 18.73845]}, "properties": {"id": "cm-dgth-fda-0456876769", "name": "เสบียงยา", "nameTh": "เสบียงยา", "nameEn": null, "cat": ["essentials", "medical"], "province": "cm", "slug": "0456876769", "rank": 2}}, {"type": "Feature", "geometry": {"type": "Point", "coordinates": [98.94379, 18.77571]}, "properties": {"id": "cm-dgth-fda-2211187660", "name": "เอกเภสัช สาขา 2 ศิริมังคลาจารย์", "nameTh": "เอกเภสัช สาขา 2 ศิริมังคลาจารย์", "nameEn": null, "cat": ["essentials", "medical"], "province": "cm", "slug": "2-2211187660", "rank": 2}}, {"type": "Feature", "geometry": {"type": "Point", "coordinates": [98.94379, 18.77571]}, "properties": {"id": "cm-dgth-fda-0180972125", "name": "เอฟเวอร์กรีน ฟาร์ม่า", "nameTh": "เอฟเวอร์กรีน ฟาร์ม่า", "nameEn": null, "cat": ["essentials", "medical"], "province": "cm", "slug": "0180972125", "rank": 2}}, {"type": "Feature", "geometry": {"type": "Point", "coordinates": [99.11283, 18.85074]}, "properties": {"id": "cm-dgth-fda-0988048354", "name": "เอวา ฟาร์มาซี", "nameTh": "เอวา ฟาร์มาซี", "nameEn": null, "cat": ["essentials", "medical"], "province": "cm", "slug": "0988048354", "rank": 2}}, {"type": "Feature", "geometry": {"type": "Point", "coordinates": [98.98127, 18.80396]}, "properties": {"id": "cm-osm-node-2530350601", "name": "เอส.ฟาร์ม่า", "nameTh": "เอส.ฟาร์ม่า", "nameEn": null, "cat": ["essentials", "medical"], "province": "cm", "slug": "2530350601", "rank": 1}}, {"type": "Feature", "geometry": {"type": "Point", "coordinates": [98.99057, 18.79616]}, "properties": {"id": "cm-dgth-fda-3817798808", "name": "เอสวีฟาร์มาซี", "nameTh": "เอสวีฟาร์มาซี", "nameEn": null, "cat": ["essentials", "medical"], "province": "cm", "slug": "3817798808", "rank": 2}}, {"type": "Feature", "geometry": {"type": "Point", "coordinates": [98.97572, 18.79333]}, "properties": {"id": "cm-dgth-fda-0208646589", "name": "เออเบิน กรีน ฟาร์มาซี", "nameTh": "เออเบิน กรีน ฟาร์มาซี", "nameEn": null, "cat": ["essentials", "medical"], "province": "cm", "slug": "0208646589", "rank": 2}}, {"type": "Feature", "geometry": {"type": "Point", "coordinates": [99.03834, 18.84416]}, "properties": {"id": "cm-dgth-fda-4001336733", "name": "เอ็กซ์ต้า พลัส สาขาบ้านโจ้ 2 (อ.สันทราย)", "nameTh": "เอ็กซ์ต้า พลัส สาขาบ้านโจ้ 2 (อ.สันทราย)", "nameEn": null, "cat": ["essentials", "medical"], "province": "cm", "slug": "2-4001336733", "rank": 2}}, {"type": "Feature", "geometry": {"type": "Point", "coordinates": [98.97572, 18.79333]}, "properties": {"id": "cm-dgth-fda-4101182594", "name": "เอ็นเค ฟาร์มาซี", "nameTh": "เอ็นเค ฟาร์มาซี", "nameEn": null, "cat": ["essentials", "medical"], "province": "cm", "slug": "4101182594", "rank": 2}}, {"type": "Feature", "geometry": {"type": "Point", "coordinates": [98.99641, 18.78966]}, "properties": {"id": "cm-dgth-fda-2312021982", "name": "เอ็ม ฟาร์มาซี", "nameTh": "เอ็ม ฟาร์มาซี", "nameEn": null, "cat": ["essentials", "medical"], "province": "cm", "slug": "2312021982", "rank": 2}}, {"type": "Feature", "geometry": {"type": "Point", "coordinates": [98.35791, 17.79889]}, "properties": {"id": "cm-dgth-fda-1766156672", "name": "เฮือนยาดี", "nameTh": "เฮือนยาดี", "nameEn": null, "cat": ["essentials", "medical"], "province": "cm", "slug": "1766156672", "rank": 2}}, {"type": "Feature", "geometry": {"type": "Point", "coordinates": [99.03821, 18.62867]}, "properties": {"id": "cm-osm-node-13413197623", "name": "เฮือนสมุนไพร", "nameTh": "เฮือนสมุนไพร", "nameEn": "Huean Herbs", "cat": ["essentials", "medical"], "province": "cm", "slug": "huean-herbs-13413197623", "rank": 2}}, {"type": "Feature", "geometry": {"type": "Point", "coordinates": [98.96401, 18.80849]}, "properties": {"id": "cm-osm-way-668015247", "name": "แคร์ เภสัช", "nameTh": "แคร์ เภสัช", "nameEn": null, "cat": ["essentials", "medical"], "province": "cm", "slug": "668015247", "rank": 1}}, {"type": "Feature", "geometry": {"type": "Point", "coordinates": [98.94379, 18.77571]}, "properties": {"id": "cm-dgth-fda-2028857846", "name": "แจ่มฟ้าเภสัช", "nameTh": "แจ่มฟ้าเภสัช", "nameEn": null, "cat": ["essentials", "medical"], "province": "cm", "slug": "2028857846", "rank": 2}}, {"type": "Feature", "geometry": {"type": "Point", "coordinates": [98.98623, 18.79704]}, "properties": {"id": "cm-osm-node-6554077412", "name": "แพนบิ้วตี้แคร์", "nameTh": "แพนบิ้วตี้แคร์", "nameEn": null, "cat": ["medical"], "province": "cm", "slug": "6554077412", "rank": 1}}, {"type": "Feature", "geometry": {"type": "Point", "coordinates": [99.03644, 18.81744]}, "properties": {"id": "cm-osm-node-6597621273", "name": "แฟมิลี่", "nameTh": "แฟมิลี่", "nameEn": null, "cat": ["essentials", "medical"], "province": "cm", "slug": "6597621273", "rank": 1}}, {"type": "Feature", "geometry": {"type": "Point", "coordinates": [99.05301, 18.83083]}, "properties": {"id": "cm-osm-node-8699173888", "name": "แม่กวง เภสัช", "nameTh": "แม่กวง เภสัช", "nameEn": "Mae Kwong Pharmacy", "cat": ["essentials", "medical"], "province": "cm", "slug": "mae-kwong-pharmacy-8699173888", "rank": 2}}, {"type": "Feature", "geometry": {"type": "Point", "coordinates": [98.97584, 18.83438]}, "properties": {"id": "cm-osm-node-6563269459", "name": "แม่หยวก เภสัช", "nameTh": "แม่หยวก เภสัช", "nameEn": null, "cat": ["essentials", "medical"], "province": "cm", "slug": "6563269459", "rank": 1}}, {"type": "Feature", "geometry": {"type": "Point", "coordinates": [99.00962, 18.89383]}, "properties": {"id": "cm-osm-node-3340983593", "name": "แม่โจ้เภสัช", "nameTh": "แม่โจ้เภสัช", "nameEn": "Mae Jo Pharmacy", "cat": ["essentials", "medical"], "province": "cm", "slug": "mae-jo-pharmacy-3340983593", "rank": 2}}, {"type": "Feature", "geometry": {"type": "Point", "coordinates": [98.99584, 18.7931]}, "properties": {"id": "cm-osm-node-4536361294", "name": "แฮปปี้ ทันตคลินิก", "nameTh": "แฮปปี้ ทันตคลินิก", "nameEn": "Happy Dental Clinic", "cat": ["medical"], "province": "cm", "slug": "happy-dental-clinic-4536361294", "rank": 4}}, {"type": "Feature", "geometry": {"type": "Point", "coordinates": [98.97445, 18.81323]}, "properties": {"id": "cm-dgth-fda-3387722701", "name": "แฮปปี้เฮ้ลธ", "nameTh": "แฮปปี้เฮ้ลธ", "nameEn": null, "cat": ["essentials", "medical"], "province": "cm", "slug": "3387722701", "rank": 2}}, {"type": "Feature", "geometry": {"type": "Point", "coordinates": [98.9164, 18.73845]}, "properties": {"id": "cm-dgth-fda-3463583968", "name": "โกดังยาหารแก้ว", "nameTh": "โกดังยาหารแก้ว", "nameEn": null, "cat": ["essentials", "medical"], "province": "cm", "slug": "3463583968", "rank": 2}}, {"type": "Feature", "geometry": {"type": "Point", "coordinates": [99.03834, 18.84416]}, "properties": {"id": "cm-dgth-fda-1518489040", "name": "โชควารีเภสัช", "nameTh": "โชควารีเภสัช", "nameEn": null, "cat": ["essentials", "medical"], "province": "cm", "slug": "1518489040", "rank": 2}}, {"type": "Feature", "geometry": {"type": "Point", "coordinates": [98.99057, 18.79616]}, "properties": {"id": "cm-dgth-fda-3164843588", "name": "โปรฟาร์มาซิส", "nameTh": "โปรฟาร์มาซิส", "nameEn": null, "cat": ["essentials", "medical"], "province": "cm", "slug": "3164843588", "rank": 2}}, {"type": "Feature", "geometry": {"type": "Point", "coordinates": [98.9232, 18.91479]}, "properties": {"id": "cm-dgth-fda-2108073831", "name": "โป่งแยงรวมยา", "nameTh": "โป่งแยงรวมยา", "nameEn": null, "cat": ["essentials", "medical"], "province": "cm", "slug": "2108073831", "rank": 2}}, {"type": "Feature", "geometry": {"type": "Point", "coordinates": [98.88502, 18.59536]}, "properties": {"id": "cm-osm-node-2685457463", "name": "โรงพยาบาล สันป่าตอง", "nameTh": "โรงพยาบาล สันป่าตอง", "nameEn": "San Pa Tong Hospital", "cat": ["medical"], "province": "cm", "slug": "san-pa-tong-hospital-2685457463", "rank": 2}}, {"type": "Feature", "geometry": {"type": "Point", "coordinates": [99.02087, 18.69462]}, "properties": {"id": "cm-osm-way-146187274", "name": "โรงพยาบาล หนองแฝก", "nameTh": "โรงพยาบาล หนองแฝก", "nameEn": "Nong Faek Hospital", "cat": ["medical"], "province": "cm", "slug": "nong-faek-hospital-146187274", "rank": 2}}, {"type": "Feature", "geometry": {"type": "Point", "coordinates": [98.98137, 18.81073]}, "properties": {"id": "cm-osm-way-103561795", "name": "โรงพยาบาล เชียงใหม่", "nameTh": "โรงพยาบาล เชียงใหม่", "nameEn": "Chiang Mai Hospital", "cat": ["medical"], "province": "cm", "slug": "chiang-mai-hospital-103561795", "rank": 2}}, {"type": "Feature", "geometry": {"type": "Point", "coordinates": [98.98847, 18.78038]}, "properties": {"id": "cm-osm-way-1267912392", "name": "โรงพยาบาล เชียงใหม่เมดิคอลเซ็นเตอร์", "nameTh": "โรงพยาบาล เชียงใหม่เมดิคอลเซ็นเตอร์", "nameEn": "CMC Hospital", "cat": ["medical"], "province": "cm", "slug": "cmc-hospital-1267912392", "rank": 2}}, {"type": "Feature", "geometry": {"type": "Point", "coordinates": [98.96036, 19.13717]}, "properties": {"id": "cm-osm-way-761165593", "name": "โรงพยาบาล แม่แตง", "nameTh": "โรงพยาบาล แม่แตง", "nameEn": "Mae Taeng Hospital", "cat": ["medical"], "province": "cm", "slug": "mae-taeng-hospital-761165593", "rank": 2}}, {"type": "Feature", "geometry": {"type": "Point", "coordinates": [98.97218, 18.77813]}, "properties": {"id": "cm-osm-node-7856667787", "name": "โรงพยาบาลกองบิน 41", "nameTh": "โรงพยาบาลกองบิน 41", "nameEn": "Kong Bin 41 Hospital", "cat": ["medical"], "province": "cm", "slug": "kong-bin-41-hospital-7856667787", "rank": 2}}, {"type": "Feature", "geometry": {"type": "Point", "coordinates": [99.01496, 18.77802]}, "properties": {"id": "cm-osm-way-889581070", "name": "โรงพยาบาลค่ายกาวิละ", "nameTh": "โรงพยาบาลค่ายกาวิละ", "nameEn": "Fort Kawila Hospital", "cat": ["medical"], "province": "cm", "slug": "fort-kawila-hospital-889581070", "rank": 2}}, {"type": "Feature", "geometry": {"type": "Point", "coordinates": [98.67427, 18.40658]}, "properties": {"id": "cm-osm-node-1287571763", "name": "โรงพยาบาลจอมทอง", "nameTh": "โรงพยาบาลจอมทอง", "nameEn": "Chomthong Hospital", "cat": ["medical"], "province": "cm", "slug": "chomthong-hospital-1287571763", "rank": 2}}, {"type": "Feature", "geometry": {"type": "Point", "coordinates": [98.98694, 18.79911]}, "properties": {"id": "cm-osm-way-103540040", "name": "โรงพยาบาลช้างเผือก", "nameTh": "โรงพยาบาลช้างเผือก", "nameEn": "Chang Puak Hospital", "cat": ["medical"], "province": "cm", "slug": "chang-puak-hospital-103540040", "rank": 3}}, {"type": "Feature", "geometry": {"type": "Point", "coordinates": [99.12869, 18.86836]}, "properties": {"id": "cm-osm-way-239970155", "name": "โรงพยาบาลดอยสะเก็ด", "nameTh": "โรงพยาบาลดอยสะเก็ด", "nameEn": "Doi Saket Hospital", "cat": ["medical"], "province": "cm", "slug": "doi-saket-hospital-239970155", "rank": 2}}, {"type": "Feature", "geometry": {"type": "Point", "coordinates": [98.78019, 18.47759]}, "properties": {"id": "cm-osm-way-658048981", "name": "โรงพยาบาลดอยหล่อ", "nameTh": "โรงพยาบาลดอยหล่อ", "nameEn": null, "cat": ["medical"], "province": "cm", "slug": "658048981", "rank": 1}}, {"type": "Feature", "geometry": {"type": "Point", "coordinates": [98.69055, 17.94997]}, "properties": {"id": "cm-moph-8899210200026", "name": "โรงพยาบาลดอยเต่า", "nameTh": "โรงพยาบาลดอยเต่า", "nameEn": null, "cat": ["medical"], "province": "cm", "slug": "8899210200026", "rank": 1}}, {"type": "Feature", "geometry": {"type": "Point", "coordinates": [98.94289, 18.9107]}, "properties": {"id": "cm-osm-way-1015722824", "name": "โรงพยาบาลดารารัศมี", "nameTh": "โรงพยาบาลดารารัศมี", "nameEn": "Dararassamee Hospital", "cat": ["medical"], "province": "cm", "slug": "dararassamee-hospital-1015722824", "rank": 2}}, {"type": "Feature", "geometry": {"type": "Point", "coordinates": [98.99088, 18.81136]}, "properties": {"id": "cm-osm-way-331487129", "name": "โรงพยาบาลตาเซนต์ปีเตอร์", "nameTh": "โรงพยาบาลตาเซนต์ปีเตอร์", "nameEn": "St. Peter Eye Hospital", "cat": ["medical"], "province": "cm", "slug": "st-peter-eye-hospital-331487129", "rank": 3}}, {"type": "Feature", "geometry": {"type": "Point", "coordinates": [98.94022, 19.0171]}, "properties": {"id": "cm-osm-node-3136767740", "name": "โรงพยาบาลธัญญารักษ์เชียงใหม่", "nameTh": "โรงพยาบาลธัญญารักษ์เชียงใหม่", "nameEn": "Chiangmai Thanyarak Hospital", "cat": ["medical"], "province": "cm", "slug": "chiangmai-thanyarak-hospital-3136767740", "rank": 2}}, {"type": "Feature", "geometry": {"type": "Point", "coordinates": [98.96642, 18.8518]}, "properties": {"id": "cm-osm-way-1115985031", "name": "โรงพยาบาลนครพิงค์", "nameTh": "โรงพยาบาลนครพิงค์", "nameEn": "Nakornping Hospital", "cat": ["medical"], "province": "cm", "slug": "nakornping-hospital-1115985031", "rank": 2}}, {"type": "Feature", "geometry": {"type": "Point", "coordinates": [98.99748, 18.78156]}, "properties": {"id": "cm-osm-way-356428393", "name": "โรงพยาบาลนครพิงค์ แผนกผู้ป่วยนอก", "nameTh": "โรงพยาบาลนครพิงค์ แผนกผู้ป่วยนอก", "nameEn": "Nakornping Hospital Outpatient Department", "cat": ["medical"], "province": "cm", "slug": "nakornping-hospital-outpatient-department-356428393", "rank": 2}}, {"type": "Feature", "geometry": {"type": "Point", "coordinates": [99.12675, 18.65557]}, "properties": {"id": "cm-osm-way-318369725", "name": "โรงพยาบาลบ้านธิ", "nameTh": "โรงพยาบาลบ้านธิ", "nameEn": "Ban Thi Hospital", "cat": ["medical"], "province": "cm", "slug": "ban-thi-hospital-318369725", "rank": 2}}, {"type": "Feature", "geometry": {"type": "Point", "coordinates": [98.96962, 18.7897]}, "properties": {"id": "cm-osm-node-725689588", "name": "โรงพยาบาลประสาทเชียงใหม่", "nameTh": "โรงพยาบาลประสาทเชียงใหม่", "nameEn": "Chiang Mai Neurological Hospital", "cat": ["medical"], "province": "cm", "slug": "chiang-mai-neurological-hospital-725689588", "rank": 2}}, {"type": "Feature", "geometry": {"type": "Point", "coordinates": [99.20652, 19.91338]}, "properties": {"id": "cm-osm-relation-9189199", "name": "โรงพยาบาลฝาง", "nameTh": "โรงพยาบาลฝาง", "nameEn": "Fang Hospital", "cat": ["medical"], "province": "cm", "slug": "fang-hospital-9189199", "rank": 2}}, {"type": "Feature", "geometry": {"type": "Point", "coordinates": [99.20005, 19.36759]}, "properties": {"id": "cm-osm-node-2178385466", "name": "โรงพยาบาลพร้าว", "nameTh": "โรงพยาบาลพร้าว", "nameEn": "Phrao Hospital", "cat": ["medical"], "province": "cm", "slug": "phrao-hospital-2178385466", "rank": 2}}, {"type": "Feature", "geometry": {"type": "Point", "coordinates": [98.97428, 18.79184]}, "properties": {"id": "cm-osm-way-189618479", "name": "โรงพยาบาลมหาราชนครเชียงใหม่", "nameTh": "โรงพยาบาลมหาราชนครเชียงใหม่", "nameEn": "Maharaj Nakorn Chiang Mai Hospital", "cat": ["medical"], "province": "cm", "slug": "maharaj-nakorn-chiang-mai-hospital-189618479", "rank": 3}}, {"type": "Feature", "geometry": {"type": "Point", "coordinates": [99.00426, 18.76685]}, "properties": {"id": "cm-osm-way-97675282", "name": "โรงพยาบาลราชเวช", "nameTh": "โรงพยาบาลราชเวช เชียงใหม่", "nameEn": "Rajavej Chiang Mai Hospital", "cat": ["medical"], "province": "cm", "slug": "rajavej-chiang-mai-hospital-97675282", "rank": 5}}, {"type": "Feature", "geometry": {"type": "Point", "coordinates": [98.99085, 18.81272]}, "properties": {"id": "cm-osm-way-529099381", "name": "โรงพยาบาลลานนา", "nameTh": "โรงพยาบาลลานนา", "nameEn": "Lanna Hospital", "cat": ["medical"], "province": "cm", "slug": "lanna-hospital-529099381", "rank": 2}}, {"type": "Feature", "geometry": {"type": "Point", "coordinates": [98.31419, 19.08015]}, "properties": {"id": "cm-moph-8899210200046", "name": "โรงพยาบาลวัดจันทร์เฉลิมพระเกียรติ ๘๐ พรรษา", "nameTh": "โรงพยาบาลวัดจันทร์เฉลิมพระเกียรติ ๘๐ พรรษา", "nameEn": null, "cat": ["medical"], "province": "cm", "slug": "8899210200046", "rank": 1}}, {"type": "Feature", "geometry": {"type": "Point", "coordinates": [98.97915, 18.77941]}, "properties": {"id": "cm-osm-way-1212478397", "name": "โรงพยาบาลสวนปรุง", "nameTh": "โรงพยาบาลสวนปรุง", "nameEn": "Suan Prung Psychiatric Hospital", "cat": ["medical"], "province": "cm", "slug": "suan-prung-psychiatric-hospital-1212478397", "rank": 2}}, {"type": "Feature", "geometry": {"type": "Point", "coordinates": [98.73255, 18.84681]}, "properties": {"id": "cm-osm-way-242009865", "name": "โรงพยาบาลสะเมิง", "nameTh": "โรงพยาบาลสะเมิง", "nameEn": "Samoeng Hospital", "cat": ["medical"], "province": "cm", "slug": "samoeng-hospital-242009865", "rank": 2}}, {"type": "Feature", "geometry": {"type": "Point", "coordinates": [99.12269, 18.71558]}, "properties": {"id": "cm-moph-8899210200039", "name": "โรงพยาบาลสันกำแพง", "nameTh": "โรงพยาบานสันกำแพง", "nameEn": "San Kamphaeng Hospital", "cat": ["medical"], "province": "cm", "slug": "san-kamphaeng-hospital-8899210200039", "rank": 2}}, {"type": "Feature", "geometry": {"type": "Point", "coordinates": [98.99356, 18.91777]}, "properties": {"id": "cm-moph-8899210200040", "name": "โรงพยาบาลสันทราย", "nameTh": "โรงพยาบาลสันทราย", "nameEn": null, "cat": ["medical"], "province": "cm", "slug": "8899210200040", "rank": 1}}, {"type": "Feature", "geometry": {"type": "Point", "coordinates": [98.99415, 18.92094]}, "properties": {"id": "cm-osm-way-1017058199", "name": "โรงพยาบาลสันทราย", "nameTh": "โรงพยาบาลสันทราย", "nameEn": "San Sai Hospital - Main Building", "cat": ["medical"], "province": "cm", "slug": "san-sai-hospital-main-building-1017058199", "rank": 2}}, {"type": "Feature", "geometry": {"type": "Point", "coordinates": [98.99385, 18.92052]}, "properties": {"id": "cm-osm-way-1017058212", "name": "โรงพยาบาลสันทราย", "nameTh": "โรงพยาบาลสันทราย", "nameEn": "San Sai Hospital", "cat": ["medical"], "province": "cm", "slug": "san-sai-hospital-1017058212", "rank": 3}}, {"type": "Feature", "geometry": {"type": "Point", "coordinates": [99.04318, 18.68087]}, "properties": {"id": "cm-osm-way-319556306", "name": "โรงพยาบาลสารภี", "nameTh": "โรงพยาบาลสารภี", "nameEn": "Saraphi Hospital", "cat": ["medical"], "province": "cm", "slug": "saraphi-hospital-319556306", "rank": 2}}, {"type": "Feature", "geometry": {"type": "Point", "coordinates": [98.95335, 18.69194]}, "properties": {"id": "cm-osm-node-11974286345", "name": "โรงพยาบาลส่งเสริมสุขภาพตำบล", "nameTh": "โรงพยาบาลส่งเสริมสุขภาพตำบล", "nameEn": null, "cat": ["medical"], "province": "cm", "slug": "11974286345", "rank": 1}}, {"type": "Feature", "geometry": {"type": "Point", "coordinates": [99.33177, 18.92179]}, "properties": {"id": "cm-osm-node-2465491442", "name": "โรงพยาบาลส่งเสริมสุขภาพตำบล", "nameTh": "โรงพยาบาลส่งเสริมสุขภาพตำบล", "nameEn": "Ban Pang Hai Subdistrict Health Promoting Hospital", "cat": ["medical"], "province": "cm", "slug": "ban-pang-hai-subdistrict-health-promoting-hospital-2465491442", "rank": 2}}, {"type": "Feature", "geometry": {"type": "Point", "coordinates": [98.81902, 18.88406]}, "properties": {"id": "cm-osm-node-2556148313", "name": "โรงพยาบาลส่งเสริมสุขภาพตำบล", "nameTh": "โรงพยาบาลส่งเสริมสุขภาพตำบล", "nameEn": "Subdistrict Health Promoting Hospital", "cat": ["medical"], "province": "cm", "slug": "subdistrict-health-promoting-hospital-2556148313", "rank": 2}}, {"type": "Feature", "geometry": {"type": "Point", "coordinates": [99.05199, 18.87366]}, "properties": {"id": "cm-osm-node-2556232398", "name": "โรงพยาบาลส่งเสริมสุขภาพตำบล", "nameTh": "โรงพยาบาลส่งเสริมสุขภาพตำบล", "nameEn": "Subdistrict Health Promoting Hospital", "cat": ["medical"], "province": "cm", "slug": "subdistrict-health-promoting-hospital-2556232398", "rank": 2}}, {"type": "Feature", "geometry": {"type": "Point", "coordinates": [99.11921, 18.80984]}, "properties": {"id": "cm-osm-node-2581588273", "name": "โรงพยาบาลส่งเสริมสุขภาพตำบล", "nameTh": "โรงพยาบาลส่งเสริมสุขภาพตำบล", "nameEn": "Subdistrict Health Promoting Hospital", "cat": ["medical"], "province": "cm", "slug": "subdistrict-health-promoting-hospital-2581588273", "rank": 2}}, {"type": "Feature", "geometry": {"type": "Point", "coordinates": [99.13526, 18.91597]}, "properties": {"id": "cm-osm-node-2603357597", "name": "โรงพยาบาลส่งเสริมสุขภาพตำบล", "nameTh": "โรงพยาบาลส่งเสริมสุขภาพตำบล", "nameEn": "Subdistrict Health Promoting Hospital", "cat": ["medical"], "province": "cm", "slug": "subdistrict-health-promoting-hospital-2603357597", "rank": 2}}, {"type": "Feature", "geometry": {"type": "Point", "coordinates": [98.94205, 19.05895]}, "properties": {"id": "cm-osm-node-2611292216", "name": "โรงพยาบาลส่งเสริมสุขภาพตำบล", "nameTh": "โรงพยาบาลส่งเสริมสุขภาพตำบล", "nameEn": "Subdistrict Health Promoting Hospital", "cat": ["medical"], "province": "cm", "slug": "subdistrict-health-promoting-hospital-2611292216", "rank": 2}}, {"type": "Feature", "geometry": {"type": "Point", "coordinates": [98.98476, 19.14363]}, "properties": {"id": "cm-osm-node-2611395655", "name": "โรงพยาบาลส่งเสริมสุขภาพตำบล", "nameTh": "โรงพยาบาลส่งเสริมสุขภาพตำบล", "nameEn": "Subdistrict Health Promoting Hospital", "cat": ["medical"], "province": "cm", "slug": "subdistrict-health-promoting-hospital-2611395655", "rank": 2}}, {"type": "Feature", "geometry": {"type": "Point", "coordinates": [99.27692, 18.8598]}, "properties": {"id": "cm-osm-node-2631743072", "name": "โรงพยาบาลส่งเสริมสุขภาพตำบล", "nameTh": "โรงพยาบาลส่งเสริมสุขภาพตำบล", "nameEn": "Subdistrict Health Promoting Hospital", "cat": ["medical"], "province": "cm", "slug": "subdistrict-health-promoting-hospital-2631743072", "rank": 2}}, {"type": "Feature", "geometry": {"type": "Point", "coordinates": [98.89196, 18.68653]}, "properties": {"id": "cm-osm-node-2670834398", "name": "โรงพยาบาลส่งเสริมสุขภาพตำบล", "nameTh": "โรงพยาบาลส่งเสริมสุขภาพตำบล", "nameEn": "Subdistrict Health Promoting Hospital", "cat": ["medical"], "province": "cm", "slug": "subdistrict-health-promoting-hospital-2670834398", "rank": 2}}, {"type": "Feature", "geometry": {"type": "Point", "coordinates": [98.8424, 18.51635]}, "properties": {"id": "cm-osm-node-2684268199", "name": "โรงพยาบาลส่งเสริมสุขภาพตำบล", "nameTh": "โรงพยาบาลส่งเสริมสุขภาพตำบล", "nameEn": "Subdistrict Health Promoting Hospital", "cat": ["medical"], "province": "cm", "slug": "subdistrict-health-promoting-hospital-2684268199", "rank": 2}}, {"type": "Feature", "geometry": {"type": "Point", "coordinates": [98.79819, 18.53354]}, "properties": {"id": "cm-osm-node-2684285898", "name": "โรงพยาบาลส่งเสริมสุขภาพตำบล", "nameTh": "โรงพยาบาลส่งเสริมสุขภาพตำบล", "nameEn": "Subdistrict Health Promoting Hospital", "cat": ["medical"], "province": "cm", "slug": "subdistrict-health-promoting-hospital-2684285898", "rank": 2}}, {"type": "Feature", "geometry": {"type": "Point", "coordinates": [98.76219, 18.45153]}, "properties": {"id": "cm-osm-node-2684968483", "name": "โรงพยาบาลส่งเสริมสุขภาพตำบล", "nameTh": "โรงพยาบาลส่งเสริมสุขภาพตำบล", "nameEn": "Subdistrict Health Promoting Hospital", "cat": ["medical"], "province": "cm", "slug": "subdistrict-health-promoting-hospital-2684968483", "rank": 2}}, {"type": "Feature", "geometry": {"type": "Point", "coordinates": [98.67385, 18.48856]}, "properties": {"id": "cm-osm-node-2685135771", "name": "โรงพยาบาลส่งเสริมสุขภาพตำบล", "nameTh": "โรงพยาบาลส่งเสริมสุขภาพตำบล", "nameEn": "Subdistrict Health Promoting Hospital", "cat": ["medical"], "province": "cm", "slug": "subdistrict-health-promoting-hospital-2685135771", "rank": 2}}, {"type": "Feature", "geometry": {"type": "Point", "coordinates": [98.85438, 18.6123]}, "properties": {"id": "cm-osm-node-3382898587", "name": "โรงพยาบาลส่งเสริมสุขภาพตำบล", "nameTh": "โรงพยาบาลส่งเสริมสุขภาพตำบล", "nameEn": "Subdistrict Health Promoting Hospital", "cat": ["medical"], "province": "cm", "slug": "subdistrict-health-promoting-hospital-3382898587", "rank": 2}}, {"type": "Feature", "geometry": {"type": "Point", "coordinates": [99.14101, 18.80981]}, "properties": {"id": "cm-osm-node-3412084416", "name": "โรงพยาบาลส่งเสริมสุขภาพตำบล", "nameTh": "โรงพยาบาลส่งเสริมสุขภาพตำบล", "nameEn": "Subdistrict Health Promoting Hospital", "cat": ["medical"], "province": "cm", "slug": "subdistrict-health-promoting-hospital-3412084416", "rank": 2}}, {"type": "Feature", "geometry": {"type": "Point", "coordinates": [98.95511, 19.33147]}, "properties": {"id": "cm-osm-node-4439140700", "name": "โรงพยาบาลส่งเสริมสุขภาพตำบล", "nameTh": "โรงพยาบาลส่งเสริมสุขภาพตำบล", "nameEn": "Subdistrict Health Promoting Hospital", "cat": ["medical"], "province": "cm", "slug": "subdistrict-health-promoting-hospital-4439140700", "rank": 2}}, {"type": "Feature", "geometry": {"type": "Point", "coordinates": [99.10153, 18.84094]}, "properties": {"id": "cm-osm-node-4495125555", "name": "โรงพยาบาลส่งเสริมสุขภาพตำบล", "nameTh": "โรงพยาบาลส่งเสริมสุขภาพตำบล", "nameEn": "Subdistrict Health Promoting Hospital", "cat": ["medical"], "province": "cm", "slug": "subdistrict-health-promoting-hospital-4495125555", "rank": 2}}, {"type": "Feature", "geometry": {"type": "Point", "coordinates": [99.03682, 18.66292]}, "properties": {"id": "cm-osm-node-4509419915", "name": "โรงพยาบาลส่งเสริมสุขภาพตำบล", "nameTh": "โรงพยาบาลส่งเสริมสุขภาพตำบล", "nameEn": "Subdistrict Health Promoting Hospital", "cat": ["medical"], "province": "cm", "slug": "subdistrict-health-promoting-hospital-4509419915", "rank": 2}}, {"type": "Feature", "geometry": {"type": "Point", "coordinates": [99.17857, 18.83406]}, "properties": {"id": "cm-osm-node-4549762629", "name": "โรงพยาบาลส่งเสริมสุขภาพตำบล", "nameTh": "โรงพยาบาลส่งเสริมสุขภาพตำบล", "nameEn": "Subdistrict Health Promoting Hospital", "cat": ["medical"], "province": "cm", "slug": "subdistrict-health-promoting-hospital-4549762629", "rank": 2}}, {"type": "Feature", "geometry": {"type": "Point", "coordinates": [99.07471, 19.43399]}, "properties": {"id": "cm-osm-node-4606612090", "name": "โรงพยาบาลส่งเสริมสุขภาพตำบล", "nameTh": "โรงพยาบาลส่งเสริมสุขภาพตำบล", "nameEn": "Subdistrict Health Promoting Hospital", "cat": ["medical"], "province": "cm", "slug": "subdistrict-health-promoting-hospital-4606612090", "rank": 2}}, {"type": "Feature", "geometry": {"type": "Point", "coordinates": [99.10058, 18.87997]}, "properties": {"id": "cm-osm-node-4666066093", "name": "โรงพยาบาลส่งเสริมสุขภาพตำบล", "nameTh": "โรงพยาบาลส่งเสริมสุขภาพตำบล", "nameEn": "Subdistrict Health Promoting Hospital", "cat": ["medical"], "province": "cm", "slug": "subdistrict-health-promoting-hospital-4666066093", "rank": 2}}, {"type": "Feature", "geometry": {"type": "Point", "coordinates": [98.92625, 18.72434]}, "properties": {"id": "cm-osm-way-1102636618", "name": "โรงพยาบาลส่งเสริมสุขภาพตำบล", "nameTh": "โรงพยาบาลส่งเสริมสุขภาพตำบล", "nameEn": "Subdistrict Health Promoting Hospital", "cat": ["medical"], "province": "cm", "slug": "subdistrict-health-promoting-hospital-1102636618", "rank": 2}}, {"type": "Feature", "geometry": {"type": "Point", "coordinates": [98.96996, 19.03776]}, "properties": {"id": "cm-osm-way-1234506356", "name": "โรงพยาบาลส่งเสริมสุขภาพตำบล", "nameTh": "โรงพยาบาลส่งเสริมสุขภาพตำบล", "nameEn": "Subdistrict Health Promoting Hospital", "cat": ["medical"], "province": "cm", "slug": "subdistrict-health-promoting-hospital-1234506356", "rank": 2}}, {"type": "Feature", "geometry": {"type": "Point", "coordinates": [98.94131, 19.12349]}, "properties": {"id": "cm-osm-way-1359828305", "name": "โรงพยาบาลส่งเสริมสุขภาพตำบล", "nameTh": "โรงพยาบาลส่งเสริมสุขภาพตำบล", "nameEn": "Mae Taeng Subdistrict Public Health Office", "cat": ["medical"], "province": "cm", "slug": "mae-taeng-subdistrict-public-health-office-1359828305", "rank": 2}}, {"type": "Feature", "geometry": {"type": "Point", "coordinates": [99.08234, 18.88431]}, "properties": {"id": "cm-osm-way-142870895", "name": "โรงพยาบาลส่งเสริมสุขภาพตำบล", "nameTh": "โรงพยาบาลส่งเสริมสุขภาพตำบล", "nameEn": "Ban Mueang Wa District Health Center", "cat": ["medical"], "province": "cm", "slug": "ban-mueang-wa-district-health-center-142870895", "rank": 2}}, {"type": "Feature", "geometry": {"type": "Point", "coordinates": [98.94554, 18.91256]}, "properties": {"id": "cm-osm-way-1456802840", "name": "โรงพยาบาลส่งเสริมสุขภาพตำบล", "nameTh": "โรงพยาบาลส่งเสริมสุขภาพตำบล", "nameEn": "Subdistrict Health Promoting Hospital", "cat": ["medical"], "province": "cm", "slug": "subdistrict-health-promoting-hospital-1456802840", "rank": 2}}, {"type": "Feature", "geometry": {"type": "Point", "coordinates": [98.94989, 19.17405]}, "properties": {"id": "cm-osm-way-208006050", "name": "โรงพยาบาลส่งเสริมสุขภาพตำบล", "nameTh": "โรงพยาบาลส่งเสริมสุขภาพตำบล", "nameEn": "Mae Taeng Health Center", "cat": ["medical"], "province": "cm", "slug": "mae-taeng-health-center-208006050", "rank": 2}}, {"type": "Feature", "geometry": {"type": "Point", "coordinates": [98.9521, 19.17732]}, "properties": {"id": "cm-osm-way-857784794", "name": "โรงพยาบาลส่งเสริมสุขภาพตำบล", "nameTh": "โรงพยาบาลส่งเสริมสุขภาพตำบล", "nameEn": "Subdistrict Health Promoting Hospital", "cat": ["medical"], "province": "cm", "slug": "subdistrict-health-promoting-hospital-857784794", "rank": 2}}, {"type": "Feature", "geometry": {"type": "Point", "coordinates": [98.96601, 19.30264]}, "properties": {"id": "cm-osm-way-906579277", "name": "โรงพยาบาลส่งเสริมสุขภาพตำบล", "nameTh": "โรงพยาบาลส่งเสริมสุขภาพตำบล บ้านสบอ้อ", "nameEn": "Ban Sop-O Subdistrict Health Promoting Hospital", "cat": ["medical"], "province": "cm", "slug": "ban-sop-o-subdistrict-health-promoting-hospital-906579277", "rank": 2}}, {"type": "Feature", "geometry": {"type": "Point", "coordinates": [98.74439, 18.45179]}, "properties": {"id": "cm-osm-node-2685168388", "name": "โรงพยาบาลส่งเสริมสุขภาพตำบล ข่วงเปา", "nameTh": "โรงพยาบาลส่งเสริมสุขภาพตำบล ข่วงเปา", "nameEn": "Khuang Pao Subdistrict Health Promoting Hospital", "cat": ["medical"], "province": "cm", "slug": "khuang-pao-subdistrict-health-promoting-hospital-2685168388", "rank": 2}}, {"type": "Feature", "geometry": {"type": "Point", "coordinates": [99.07519, 18.76767]}, "properties": {"id": "cm-osm-node-2610171775", "name": "โรงพยาบาลส่งเสริมสุขภาพตำบล ต้นเปา", "nameTh": "โรงพยาบาลส่งเสริมสุขภาพตำบล ต้นเปา", "nameEn": "Ton Pao Subdistrict Health Promoting Hospital", "cat": ["medical"], "province": "cm", "slug": "ton-pao-subdistrict-health-promoting-hospital-2610171775", "rank": 2}}, {"type": "Feature", "geometry": {"type": "Point", "coordinates": [99.17996, 19.11068]}, "properties": {"id": "cm-osm-node-3485532602", "name": "โรงพยาบาลส่งเสริมสุขภาพตำบล นาเม็ง", "nameTh": "โรงพยาบาลส่งเสริมสุขภาพตำบล นาเม็ง", "nameEn": "Na Meng Subdistrict Health Promoting Hospital", "cat": ["medical"], "province": "cm", "slug": "na-meng-subdistrict-health-promoting-hospital-3485532602", "rank": 2}}, {"type": "Feature", "geometry": {"type": "Point", "coordinates": [99.17113, 18.72283]}, "properties": {"id": "cm-osm-node-2582055353", "name": "โรงพยาบาลส่งเสริมสุขภาพตำบล บ้านดอยยาว", "nameTh": "โรงพยาบาลส่งเสริมสุขภาพตำบล บ้านดอยยาว", "nameEn": "Ban Doi Yao Subdistrict Health Promoting Hospital", "cat": ["medical"], "province": "cm", "slug": "ban-doi-yao-subdistrict-health-promoting-hospital-2582055353", "rank": 2}}, {"type": "Feature", "geometry": {"type": "Point", "coordinates": [99.12397, 18.74076]}, "properties": {"id": "cm-osm-node-5038210267", "name": "โรงพยาบาลส่งเสริมสุขภาพตำบล บ้านตลาด", "nameTh": "โรงพยาบาลส่งเสริมสุขภาพตำบล บ้านตลาด", "nameEn": "Ban Talat Subdistrict Health Promoting Hospital", "cat": ["medical"], "province": "cm", "slug": "ban-talat-subdistrict-health-promoting-hospital-5038210267", "rank": 2}}, {"type": "Feature", "geometry": {"type": "Point", "coordinates": [99.02253, 19.48181]}, "properties": {"id": "cm-osm-node-6522618485", "name": "โรงพยาบาลส่งเสริมสุขภาพตำบล บ้านปางเฟือง", "nameTh": "โรงพยาบาลส่งเสริมสุขภาพตำบล บ้านปางเฟือง", "nameEn": "Pang Fueang Subdistrict Health Promoting Hospital", "cat": ["medical"], "province": "cm", "slug": "pang-fueang-subdistrict-health-promoting-hospital-6522618485", "rank": 2}}, {"type": "Feature", "geometry": {"type": "Point", "coordinates": [99.14375, 19.66615]}, "properties": {"id": "cm-osm-node-6530686989", "name": "โรงพยาบาลส่งเสริมสุขภาพตำบล บ้านร้องธาร", "nameTh": "โรงพยาบาลส่งเสริมสุขภาพตำบล บ้านร้องธาร", "nameEn": "Ban Rong Tan Subdistrict Health Promoting Hospital", "cat": ["medical"], "province": "cm", "slug": "ban-rong-tan-subdistrict-health-promoting-hospital-6530686989", "rank": 2}}, {"type": "Feature", "geometry": {"type": "Point", "coordinates": [99.17073, 18.74119]}, "properties": {"id": "cm-osm-node-2631793255", "name": "โรงพยาบาลส่งเสริมสุขภาพตำบล บ้านร้องวัวแดง", "nameTh": "โรงพยาบาลส่งเสริมสุขภาพตำบล บ้านร้องวัวแดง", "nameEn": "Ban Rong Wua Daeng Subdistrict Health Promoting Hospital", "cat": ["medical"], "province": "cm", "slug": "ban-rong-wua-daeng-subdistrict-health-promoting-hospital-2631793255", "rank": 2}}, {"type": "Feature", "geometry": {"type": "Point", "coordinates": [99.1469, 18.73771]}, "properties": {"id": "cm-osm-node-2631801600", "name": "โรงพยาบาลส่งเสริมสุขภาพตำบล บ้านสันโค้งใหม่", "nameTh": "โรงพยาบาลส่งเสริมสุขภาพตำบล บ้านสันโค้งใหม่", "nameEn": "Ban San Khong Mai Subdistrict Health Promoting Hospital", "cat": ["medical"], "province": "cm", "slug": "ban-san-khong-mai-subdistrict-health-promoting-hospital-2631801600", "rank": 2}}, {"type": "Feature", "geometry": {"type": "Point", "coordinates": [99.17327, 19.08092]}, "properties": {"id": "cm-osm-node-3485567512", "name": "โรงพยาบาลส่งเสริมสุขภาพตำบล บ้านหลวง", "nameTh": "โรงพยาบาลส่งเสริมสุขภาพตำบล บ้านหลวง", "nameEn": "Ban Luang Subdistrict Health Promoting Hospital", "cat": ["medical"], "province": "cm", "slug": "ban-luang-subdistrict-health-promoting-hospital-3485567512", "rank": 2}}, {"type": "Feature", "geometry": {"type": "Point", "coordinates": [99.33571, 19.04087]}, "properties": {"id": "cm-osm-way-1030666248", "name": "โรงพยาบาลส่งเสริมสุขภาพตำบล บ้านห้วยหม้อ(สมเด็จ)", "nameTh": "โรงพยาบาลส่งเสริมสุขภาพตำบล บ้านห้วยหม้อ(สมเด็จ)", "nameEn": "Ban Huai Mo Subdistrict Health Promoting Hospital", "cat": ["medical"], "province": "cm", "slug": "ban-huai-mo-subdistrict-health-promoting-hospital-1030666248", "rank": 2}}, {"type": "Feature", "geometry": {"type": "Point", "coordinates": [99.19295, 19.3358]}, "properties": {"id": "cm-osm-node-3485528211", "name": "โรงพยาบาลส่งเสริมสุขภาพตำบล บ้านแพะพัฒนา", "nameTh": "โรงพยาบาลส่งเสริมสุขภาพตำบล บ้านแพะพัฒนา", "nameEn": "Ban Phae Phatthana Subdistrict Health Promoting Hospital", "cat": ["medical"], "province": "cm", "slug": "ban-phae-phatthana-subdistrict-health-promoting-hospital-3485528211", "rank": 2}}, {"type": "Feature", "geometry": {"type": "Point", "coordinates": [99.23253, 18.91693]}, "properties": {"id": "cm-osm-way-1041079086", "name": "โรงพยาบาลส่งเสริมสุขภาพตำบล บ้านโป่งดิน", "nameTh": "โรงพยาบาลส่งเสริมสุขภาพตำบล บ้านโป่งดิน", "nameEn": "Ban Pong Din Subdistrict Health Promoting Hospital", "cat": ["medical"], "province": "cm", "slug": "ban-pong-din-subdistrict-health-promoting-hospital-1041079086", "rank": 2}}, {"type": "Feature", "geometry": {"type": "Point", "coordinates": [98.48888, 17.77707]}, "properties": {"id": "cm-osm-node-2618547888", "name": "โรงพยาบาลส่งเสริมสุขภาพตำบล ยางเปียง", "nameTh": "โรงพยาบาลส่งเสริมสุขภาพตำบล ยางเปียง", "nameEn": "Yang Piang Subdistrict Health Promoting Hospital", "cat": ["medical"], "province": "cm", "slug": "yang-piang-subdistrict-health-promoting-hospital-2618547888", "rank": 2}}, {"type": "Feature", "geometry": {"type": "Point", "coordinates": [98.35813, 17.44741]}, "properties": {"id": "cm-moph-8899210206315", "name": "โรงพยาบาลส่งเสริมสุขภาพตำบลซิแบร์ ตำบลแม่ตื่น", "nameTh": "โรงพยาบาลส่งเสริมสุขภาพตำบลซิแบร์ ตำบลแม่ตื่น", "nameEn": null, "cat": ["medical"], "province": "cm", "slug": "8899210206315", "rank": 1}}, {"type": "Feature", "geometry": {"type": "Point", "coordinates": [98.82, 18.59992]}, "properties": {"id": "cm-moph-8899210206316", "name": "โรงพยาบาลส่งเสริมสุขภาพตำบลดอนเปา ตำบลดอนเปา", "nameTh": "โรงพยาบาลส่งเสริมสุขภาพตำบลดอนเปา ตำบลดอนเปา", "nameEn": null, "cat": ["medical"], "province": "cm", "slug": "8899210206316", "rank": 1}}, {"type": "Feature", "geometry": {"type": "Point", "coordinates": [98.52392, 18.53982]}, "properties": {"id": "cm-moph-8899210206317", "name": "โรงพยาบาลส่งเสริมสุขภาพตำบลดอยอินทนนท์", "nameTh": "โรงพยาบาลส่งเสริมสุขภาพตำบลดอยอินทนนท์", "nameEn": null, "cat": ["medical"], "province": "cm", "slug": "8899210206317", "rank": 1}}, {"type": "Feature", "geometry": {"type": "Point", "coordinates": [98.84709, 18.6461]}, "properties": {"id": "cm-osm-node-8128588816", "name": "โรงพยาบาลส่งเสริมสุขภาพตำบลน้ำบ่อหลวง", "nameTh": "โรงพยาบาลส่งเสริมสุขภาพตำบลน้ำบ่อหลวง", "nameEn": "Nam Bo Luang Tambon Health Promoting Hospital", "cat": ["medical"], "province": "cm", "slug": "nam-bo-luang-tambon-health-promoting-hospital-8128588816", "rank": 2}}, {"type": "Feature", "geometry": {"type": "Point", "coordinates": [99.07204, 18.81431]}, "properties": {"id": "cm-moph-8899210206318", "name": "โรงพยาบาลส่งเสริมสุขภาพตำบลบ้านกอกหม่น ตำบลสันปูเลย", "nameTh": "โรงพยาบาลส่งเสริมสุขภาพตำบลบ้านกอกหม่น ตำบลสันปูเลย", "nameEn": null, "cat": ["medical"], "province": "cm", "slug": "8899210206318", "rank": 1}}, {"type": "Feature", "geometry": {"type": "Point", "coordinates": [98.34906, 18.57017]}, "properties": {"id": "cm-moph-8899210206319", "name": "โรงพยาบาลส่งเสริมสุขภาพตำบลบ้านกองกาน ตำบลแม่ศึก", "nameTh": "โรงพยาบาลส่งเสริมสุขภาพตำบลบ้านกองกาน ตำบลแม่ศึก", "nameEn": null, "cat": ["medical"], "province": "cm", "slug": "8899210206319", "rank": 1}}, {"type": "Feature", "geometry": {"type": "Point", "coordinates": [98.25037, 18.14822]}, "properties": {"id": "cm-moph-8899210206321", "name": "โรงพยาบาลส่งเสริมสุขภาพตำบลบ้านกองลอย ตำบลบ่อสลี", "nameTh": "โรงพยาบาลส่งเสริมสุขภาพตำบลบ้านกองลอย ตำบลบ่อสลี", "nameEn": null, "cat": ["medical"], "province": "cm", "slug": "8899210206321", "rank": 1}}, {"type": "Feature", "geometry": {"type": "Point", "coordinates": [98.38058, 18.43104]}, "properties": {"id": "cm-moph-8899210206320", "name": "โรงพยาบาลส่งเสริมสุขภาพตำบลบ้านกองแขก ตำบลกองแขก", "nameTh": "โรงพยาบาลส่งเสริมสุขภาพตำบลบ้านกองแขก ตำบลกองแขก", "nameEn": null, "cat": ["medical"], "province": "cm", "slug": "8899210206320", "rank": 1}}, {"type": "Feature", "geometry": {"type": "Point", "coordinates": [99.10329, 18.69749]}, "properties": {"id": "cm-moph-8899210206322", "name": "โรงพยาบาลส่งเสริมสุขภาพตำบลบ้านกอสะเรียม ตำบลบวกค้าง", "nameTh": "โรงพยาบาลส่งเสริมสุขภาพตำบลบ้านกอสะเรียม ตำบลบวกค้าง", "nameEn": null, "cat": ["medical"], "province": "cm", "slug": "8899210206322", "rank": 1}}, {"type": "Feature", "geometry": {"type": "Point", "coordinates": [98.85132, 18.63331]}, "properties": {"id": "cm-moph-8899210206323", "name": "โรงพยาบาลส่งเสริมสุขภาพตำบลบ้านกิ่วแลน้อย ตำบลบ้านแม", "nameTh": "โรงพยาบาลส่งเสริมสุขภาพตำบลบ้านกิ่วแลน้อย ตำบลบ้านแม", "nameEn": null, "cat": ["medical"], "province": "cm", "slug": "8899210206323", "rank": 1}}, {"type": "Feature", "geometry": {"type": "Point", "coordinates": [98.86431, 18.63446]}, "properties": {"id": "cm-moph-8899210206324", "name": "โรงพยาบาลส่งเสริมสุขภาพตำบลบ้านกิ่วแลหลวง ตำบลยุหว่า", "nameTh": "โรงพยาบาลส่งเสริมสุขภาพตำบลบ้านกิ่วแลหลวง ตำบลยุหว่า", "nameEn": null, "cat": ["medical"], "province": "cm", "slug": "8899210206324", "rank": 1}}, {"type": "Feature", "geometry": {"type": "Point", "coordinates": [98.96609, 18.91865]}, "properties": {"id": "cm-moph-8899210206326", "name": "โรงพยาบาลส่งเสริมสุขภาพตำบลบ้านขอนตาล ตำบลริมใต้", "nameTh": "โรงพยาบาลส่งเสริมสุขภาพตำบลบ้านขอนตาล ตำบลริมใต้", "nameEn": null, "cat": ["medical"], "province": "cm", "slug": "8899210206326", "rank": 1}}, {"type": "Feature", "geometry": {"type": "Point", "coordinates": [99.0104, 18.81089]}, "properties": {"id": "cm-moph-8899210206327", "name": "โรงพยาบาลส่งเสริมสุขภาพตำบลบ้านขะจาว ตำบลฟ้าฮ่าม", "nameTh": "โรงพยาบาลส่งเสริมสุขภาพตำบลบ้านขะจาว ตำบลฟ้าฮ่าม", "nameEn": null, "cat": ["medical"], "province": "cm", "slug": "8899210206327", "rank": 1}}, {"type": "Feature", "geometry": {"type": "Point", "coordinates": [98.92859, 18.64375]}, "properties": {"id": "cm-moph-8899210206328", "name": "โรงพยาบาลส่งเสริมสุขภาพตำบลบ้านขันแก้ว ตำบลหารแก้ว", "nameTh": "โรงพยาบาลส่งเสริมสุขภาพตำบลบ้านขันแก้ว ตำบลหารแก้ว", "nameEn": null, "cat": ["medical"], "province": "cm", "slug": "8899210206328", "rank": 1}}, {"type": "Feature", "geometry": {"type": "Point", "coordinates": [99.16677, 19.41159]}, "properties": {"id": "cm-moph-8899210206329", "name": "โรงพยาบาลส่งเสริมสุขภาพตำบลบ้านขามสุ่มป่า ตำบลสันทราย", "nameTh": "โรงพยาบาลส่งเสริมสุขภาพตำบลบ้านขามสุ่มป่า ตำบลสันทราย", "nameEn": null, "cat": ["medical"], "province": "cm", "slug": "8899210206329", "rank": 1}}, {"type": "Feature", "geometry": {"type": "Point", "coordinates": [98.95312, 19.0419]}, "properties": {"id": "cm-moph-8899210206330", "name": "โรงพยาบาลส่งเสริมสุขภาพตำบลบ้านขี้เหล็กหลวง ตำบลขี้เหล็ก", "nameTh": "โรงพยาบาลส่งเสริมสุขภาพตำบลบ้านขี้เหล็กหลวง ตำบลขี้เหล็ก", "nameEn": null, "cat": ["medical"], "province": "cm", "slug": "8899210206330", "rank": 1}}, {"type": "Feature", "geometry": {"type": "Point", "coordinates": [98.57391, 18.40496]}, "properties": {"id": "cm-moph-8899210206331", "name": "โรงพยาบาลส่งเสริมสุขภาพตำบลบ้านขุนแตะ", "nameTh": "โรงพยาบาลส่งเสริมสุขภาพตำบลบ้านขุนแตะ", "nameEn": null, "cat": ["medical"], "province": "cm", "slug": "8899210206331", "rank": 1}}, {"type": "Feature", "geometry": {"type": "Point", "coordinates": [98.50241, 18.29426]}, "properties": {"id": "cm-moph-8899210206332", "name": "โรงพยาบาลส่งเสริมสุขภาพตำบลบ้านขุนแปะ ตำบลบ้านแปะ", "nameTh": "โรงพยาบาลส่งเสริมสุขภาพตำบลบ้านขุนแปะ ตำบลบ้านแปะ", "nameEn": null, "cat": ["medical"], "province": "cm", "slug": "8899210206332", "rank": 1}}, {"type": "Feature", "geometry": {"type": "Point", "coordinates": [99.34619, 20.00547]}, "properties": {"id": "cm-moph-8899210206333", "name": "โรงพยาบาลส่งเสริมสุขภาพตำบลบ้านคายหลวง ตำบลแม่นาวาง", "nameTh": "โรงพยาบาลส่งเสริมสุขภาพตำบลบ้านคายหลวง ตำบลแม่นาวาง", "nameEn": null, "cat": ["medical"], "province": "cm", "slug": "8899210206333", "rank": 1}}, {"type": "Feature", "geometry": {"type": "Point", "coordinates": [99.04115, 19.9003]}, "properties": {"id": "cm-moph-8899210206334", "name": "โรงพยาบาลส่งเสริมสุขภาพตำบลบ้านคุ้ม ตำบลแม่งอน", "nameTh": "โรงพยาบาลส่งเสริมสุขภาพตำบลบ้านคุ้ม ตำบลแม่งอน", "nameEn": null, "cat": ["medical"], "province": "cm", "slug": "8899210206334", "rank": 1}}, {"type": "Feature", "geometry": {"type": "Point", "coordinates": [98.66315, 18.94421]}, "properties": {"id": "cm-moph-8899210206337", "name": "โรงพยาบาลส่งเสริมสุขภาพตำบลบ้านงิ้วเฒ่า ตำบลแม่สาบ", "nameTh": "โรงพยาบาลส่งเสริมสุขภาพตำบลบ้านงิ้วเฒ่า ตำบลแม่สาบ", "nameEn": null, "cat": ["medical"], "province": "cm", "slug": "8899210206337", "rank": 1}}, {"type": "Feature", "geometry": {"type": "Point", "coordinates": [98.63714, 19.64679]}, "properties": {"id": "cm-moph-8899210206612", "name": "โรงพยาบาลส่งเสริมสุขภาพตำบลบ้านจอง ตำบลเปียงหลวง", "nameTh": "โรงพยาบาลส่งเสริมสุขภาพตำบลบ้านจอง ตำบลเปียงหลวง", "nameEn": null, "cat": ["medical"], "province": "cm", "slug": "8899210206612", "rank": 1}}, {"type": "Feature", "geometry": {"type": "Point", "coordinates": [99.27522, 19.90798]}, "properties": {"id": "cm-moph-8899210206613", "name": "โรงพยาบาลส่งเสริมสุขภาพตำบลบ้านจัดสรร ตำบลบ้านหลวง", "nameTh": "โรงพยาบาลส่งเสริมสุขภาพตำบลบ้านจัดสรร ตำบลบ้านหลวง", "nameEn": null, "cat": ["medical"], "province": "cm", "slug": "8899210206613", "rank": 1}}, {"type": "Feature", "geometry": {"type": "Point", "coordinates": [99.01274, 19.1495]}, "properties": {"id": "cm-moph-8899210206616", "name": "โรงพยาบาลส่งเสริมสุขภาพตำบลบ้านช่อแล ตำบลช่อแล", "nameTh": "โรงพยาบาลส่งเสริมสุขภาพตำบลบ้านช่อแล ตำบลช่อแล", "nameEn": null, "cat": ["medical"], "province": "cm", "slug": "8899210206616", "rank": 1}}, {"type": "Feature", "geometry": {"type": "Point", "coordinates": [98.96126, 18.99162]}, "properties": {"id": "cm-moph-8899210206617", "name": "โรงพยาบาลส่งเสริมสุขภาพตำบลบ้านซาง ตำบลขี้เหล็ก", "nameTh": "โรงพยาบาลส่งเสริมสุขภาพตำบลบ้านซาง ตำบลขี้เหล็ก", "nameEn": null, "cat": ["medical"], "province": "cm", "slug": "8899210206617", "rank": 1}}, {"type": "Feature", "geometry": {"type": "Point", "coordinates": [98.86145, 18.55648]}, "properties": {"id": "cm-moph-8899210206618", "name": "โรงพยาบาลส่งเสริมสุขภาพตำบลบ้านดงก๋ำ ตำบลทุ่งสะโตก", "nameTh": "โรงพยาบาลส่งเสริมสุขภาพตำบลบ้านดงก๋ำ ตำบลทุ่งสะโตก", "nameEn": null, "cat": ["medical"], "province": "cm", "slug": "8899210206618", "rank": 1}}, {"type": "Feature", "geometry": {"type": "Point", "coordinates": [99.14415, 19.69974]}, "properties": {"id": "cm-moph-8899210206619", "name": "โรงพยาบาลส่งเสริมสุขภาพตำบลบ้านดงป่าสัก ตำบลศรีดงเย็น", "nameTh": "โรงพยาบาลส่งเสริมสุขภาพตำบลบ้านดงป่าสัก ตำบลศรีดงเย็น", "nameEn": null, "cat": ["medical"], "province": "cm", "slug": "8899210206619", "rank": 1}}, {"type": "Feature", "geometry": {"type": "Point", "coordinates": [98.64826, 18.20849]}, "properties": {"id": "cm-moph-8899210206620", "name": "โรงพยาบาลส่งเสริมสุขภาพตำบลบ้านดงเย็น  ตำบลบ้านแปะ", "nameTh": "โรงพยาบาลส่งเสริมสุขภาพตำบลบ้านดงเย็น  ตำบลบ้านแปะ", "nameEn": null, "cat": ["medical"], "province": "cm", "slug": "8899210206620", "rank": 1}}, {"type": "Feature", "geometry": {"type": "Point", "coordinates": [99.14307, 18.83931]}, "properties": {"id": "cm-moph-8899210206621", "name": "โรงพยาบาลส่งเสริมสุขภาพตำบลบ้านดวงดี", "nameTh": "โรงพยาบาลส่งเสริมสุขภาพตำบลบ้านดวงดี", "nameEn": null, "cat": ["medical"], "province": "cm", "slug": "8899210206621", "rank": 1}}, {"type": "Feature", "geometry": {"type": "Point", "coordinates": [98.85426, 18.55252]}, "properties": {"id": "cm-moph-8899210206622", "name": "โรงพยาบาลส่งเสริมสุขภาพตำบลบ้านดอนชัย ตำบลยางคราม", "nameTh": "โรงพยาบาลส่งเสริมสุขภาพตำบลบ้านดอนชัย ตำบลยางคราม", "nameEn": null, "cat": ["medical"], "province": "cm", "slug": "8899210206622", "rank": 1}}, {"type": "Feature", "geometry": {"type": "Point", "coordinates": [98.97594, 18.89411]}, "properties": {"id": "cm-moph-8899210206623", "name": "โรงพยาบาลส่งเสริมสุขภาพตำบลบ้านดอนตัน ตำบลเหมืองแก้ว", "nameTh": "โรงพยาบาลส่งเสริมสุขภาพตำบลบ้านดอนตัน ตำบลเหมืองแก้ว", "nameEn": null, "cat": ["medical"], "province": "cm", "slug": "8899210206623", "rank": 1}}, {"type": "Feature", "geometry": {"type": "Point", "coordinates": [99.17112, 18.72282]}, "properties": {"id": "cm-moph-8899210206625", "name": "โรงพยาบาลส่งเสริมสุขภาพตำบลบ้านดอยยาว ตำบลแช่ช้าง", "nameTh": "โรงพยาบาลส่งเสริมสุขภาพตำบลบ้านดอยยาว ตำบลแช่ช้าง", "nameEn": null, "cat": ["medical"], "province": "cm", "slug": "8899210206625", "rank": 1}}, {"type": "Feature", "geometry": {"type": "Point", "coordinates": [98.73558, 17.89135]}, "properties": {"id": "cm-moph-8899210206624", "name": "โรงพยาบาลส่งเสริมสุขภาพตำบลบ้านดอยเต่า ตำบลดอยเต่า", "nameTh": "โรงพยาบาลส่งเสริมสุขภาพตำบลบ้านดอยเต่า ตำบลดอยเต่า", "nameEn": null, "cat": ["medical"], "province": "cm", "slug": "8899210206624", "rank": 1}}, {"type": "Feature", "geometry": {"type": "Point", "coordinates": [99.12411, 18.74041]}, "properties": {"id": "cm-moph-8899210206631", "name": "โรงพยาบาลส่งเสริมสุขภาพตำบลบ้านตลาด ตำบลสันกำแพง", "nameTh": "โรงพยาบาลส่งเสริมสุขภาพตำบลบ้านตลาด ตำบลสันกำแพง", "nameEn": null, "cat": ["medical"], "province": "cm", "slug": "8899210206631", "rank": 1}}, {"type": "Feature", "geometry": {"type": "Point", "coordinates": [98.67967, 18.09725]}, "properties": {"id": "cm-moph-8899210206632", "name": "โรงพยาบาลส่งเสริมสุขภาพตำบลบ้านตาลกลาง ตำบลบ้านตาล", "nameTh": "โรงพยาบาลส่งเสริมสุขภาพตำบลบ้านตาลกลาง ตำบลบ้านตาล", "nameEn": null, "cat": ["medical"], "province": "cm", "slug": "8899210206632", "rank": 1}}, {"type": "Feature", "geometry": {"type": "Point", "coordinates": [98.36075, 17.95728]}, "properties": {"id": "cm-moph-8899210206633", "name": "โรงพยาบาลส่งเสริมสุขภาพตำบลบ้านตุงลอย ตำบลอมก๋อย", "nameTh": "โรงพยาบาลส่งเสริมสุขภาพตำบลบ้านตุงลอย ตำบลอมก๋อย", "nameEn": null, "cat": ["medical"], "province": "cm", "slug": "8899210206633", "rank": 1}}, {"type": "Feature", "geometry": {"type": "Point", "coordinates": [98.85822, 19.14993]}, "properties": {"id": "cm-moph-8899210206629", "name": "โรงพยาบาลส่งเสริมสุขภาพตำบลบ้านต้นลุง ตำบลบ้านช้าง", "nameTh": "โรงพยาบาลส่งเสริมสุขภาพตำบลบ้านต้นลุง ตำบลบ้านช้าง", "nameEn": null, "cat": ["medical"], "province": "cm", "slug": "8899210206629", "rank": 1}}, {"type": "Feature", "geometry": {"type": "Point", "coordinates": [98.92604, 18.7243]}, "properties": {"id": "cm-moph-8899210206626", "name": "โรงพยาบาลส่งเสริมสุขภาพตำบลบ้านต้นเกว๋น ตำบลหนองควาย", "nameTh": "โรงพยาบาลส่งเสริมสุขภาพตำบลบ้านต้นเกว๋น ตำบลหนองควาย", "nameEn": null, "cat": ["medical"], "province": "cm", "slug": "8899210206626", "rank": 1}}, {"type": "Feature", "geometry": {"type": "Point", "coordinates": [99.07535, 18.7677]}, "properties": {"id": "cm-moph-8899210206628", "name": "โรงพยาบาลส่งเสริมสุขภาพตำบลบ้านต้นเปา ตำบลต้นเปา", "nameTh": "โรงพยาบาลส่งเสริมสุขภาพตำบลบ้านต้นเปา ตำบลต้นเปา", "nameEn": null, "cat": ["medical"], "province": "cm", "slug": "8899210206628", "rank": 1}}, {"type": "Feature", "geometry": {"type": "Point", "coordinates": [98.95337, 18.6918]}, "properties": {"id": "cm-moph-8899210206630", "name": "โรงพยาบาลส่งเสริมสุขภาพตำบลบ้านต้นเฮือด  ตำบลบ้านแหวน", "nameTh": "โรงพยาบาลส่งเสริมสุขภาพตำบลบ้านต้นเฮือด  ตำบลบ้านแหวน", "nameEn": null, "cat": ["medical"], "province": "cm", "slug": "8899210206630", "rank": 1}}, {"type": "Feature", "geometry": {"type": "Point", "coordinates": [98.95315, 18.68171]}, "properties": {"id": "cm-moph-8899210206627", "name": "โรงพยาบาลส่งเสริมสุขภาพตำบลบ้านต้นแก้ว ตำบลขุนคง", "nameTh": "โรงพยาบาลส่งเสริมสุขภาพตำบลบ้านต้นแก้ว ตำบลขุนคง", "nameEn": null, "cat": ["medical"], "province": "cm", "slug": "8899210206627", "rank": 1}}, {"type": "Feature", "geometry": {"type": "Point", "coordinates": [98.70868, 17.92394]}, "properties": {"id": "cm-moph-8899210206636", "name": "โรงพยาบาลส่งเสริมสุขภาพตำบลบ้านถิ่นสำราญ ตำบลดอยเต่า", "nameTh": "โรงพยาบาลส่งเสริมสุขภาพตำบลบ้านถิ่นสำราญ ตำบลดอยเต่า", "nameEn": null, "cat": ["medical"], "province": "cm", "slug": "8899210206636", "rank": 1}}, {"type": "Feature", "geometry": {"type": "Point", "coordinates": [98.93227, 18.5548]}, "properties": {"id": "cm-moph-8899210206637", "name": "โรงพยาบาลส่งเสริมสุขภาพตำบลบ้านทรายมูล ตำบลแม่ก๊า", "nameTh": "โรงพยาบาลส่งเสริมสุขภาพตำบลบ้านทรายมูล ตำบลแม่ก๊า", "nameEn": null, "cat": ["medical"], "province": "cm", "slug": "8899210206637", "rank": 1}}, {"type": "Feature", "geometry": {"type": "Point", "coordinates": [99.23362, 19.37889]}, "properties": {"id": "cm-moph-8899210206647", "name": "โรงพยาบาลส่งเสริมสุขภาพตำบลบ้านทุ่งกู่ ตำบลป่าตุ้ม", "nameTh": "โรงพยาบาลส่งเสริมสุขภาพตำบลบ้านทุ่งกู่ ตำบลป่าตุ้ม", "nameEn": null, "cat": ["medical"], "province": "cm", "slug": "8899210206647", "rank": 1}}, {"type": "Feature", "geometry": {"type": "Point", "coordinates": [98.9608, 19.54987]}, "properties": {"id": "cm-moph-8899210206648", "name": "โรงพยาบาลส่งเสริมสุขภาพตำบลบ้านทุ่งข้าวพวง ตำบลทุ่งข้าวพวง", "nameTh": "โรงพยาบาลส่งเสริมสุขภาพตำบลบ้านทุ่งข้าวพวง ตำบลทุ่งข้าวพวง", "nameEn": null, "cat": ["medical"], "province": "cm", "slug": "8899210206648", "rank": 1}}, {"type": "Feature", "geometry": {"type": "Point", "coordinates": [98.42926, 17.32327]}, "properties": {"id": "cm-moph-8899210206649", "name": "โรงพยาบาลส่งเสริมสุขภาพตำบลบ้านทุ่งต้นงิ้ว", "nameTh": "โรงพยาบาลส่งเสริมสุขภาพตำบลบ้านทุ่งต้นงิ้ว", "nameEn": null, "cat": ["medical"], "province": "cm", "slug": "8899210206649", "rank": 1}}, {"type": "Feature", "geometry": {"type": "Point", "coordinates": [99.17603, 19.38715]}, "properties": {"id": "cm-moph-8899210206650", "name": "โรงพยาบาลส่งเสริมสุขภาพตำบลบ้านทุ่งน้อย ตำบลบ้านโป่ง", "nameTh": "โรงพยาบาลส่งเสริมสุขภาพตำบลบ้านทุ่งน้อย ตำบลบ้านโป่ง", "nameEn": null, "cat": ["medical"], "province": "cm", "slug": "8899210206650", "rank": 1}}, {"type": "Feature", "geometry": {"type": "Point", "coordinates": [98.81865, 18.57371]}, "properties": {"id": "cm-moph-8899210206651", "name": "โรงพยาบาลส่งเสริมสุขภาพตำบลบ้านทุ่งป่าคาเหนือ ตำบลทุ่งปี้", "nameTh": "โรงพยาบาลส่งเสริมสุขภาพตำบลบ้านทุ่งป่าคาเหนือ ตำบลทุ่งปี้", "nameEn": null, "cat": ["medical"], "province": "cm", "slug": "8899210206651", "rank": 1}}, {"type": "Feature", "geometry": {"type": "Point", "coordinates": [99.13536, 18.91596]}, "properties": {"id": "cm-moph-8899210206654", "name": "โรงพยาบาลส่งเสริมสุขภาพตำบลบ้านทุ่งมะหนิ้ว ตำบลลวงเหนือ", "nameTh": "โรงพยาบาลส่งเสริมสุขภาพตำบลบ้านทุ่งมะหนิ้ว ตำบลลวงเหนือ", "nameEn": null, "cat": ["medical"], "province": "cm", "slug": "8899210206654", "rank": 1}}, {"type": "Feature", "geometry": {"type": "Point", "coordinates": [98.8219, 18.66405]}, "properties": {"id": "cm-moph-8899210206655", "name": "โรงพยาบาลส่งเสริมสุขภาพตำบลบ้านทุ่งศาลา ตำบลดอนเปา", "nameTh": "โรงพยาบาลส่งเสริมสุขภาพตำบลบ้านทุ่งศาลา ตำบลดอนเปา", "nameEn": null, "cat": ["medical"], "province": "cm", "slug": "8899210206655", "rank": 1}}, {"type": "Feature", "geometry": {"type": "Point", "coordinates": [99.19738, 19.36258]}, "properties": {"id": "cm-moph-8899210206657", "name": "โรงพยาบาลส่งเสริมสุขภาพตำบลบ้านทุ่งหลวง ตำบลทุ่งหลวง", "nameTh": "โรงพยาบาลส่งเสริมสุขภาพตำบลบ้านทุ่งหลวง ตำบลทุ่งหลวง", "nameEn": null, "cat": ["medical"], "province": "cm", "slug": "8899210206657", "rank": 1}}, {"type": "Feature", "geometry": {"type": "Point", "coordinates": [98.85957, 18.52163]}, "properties": {"id": "cm-moph-8899210206658", "name": "โรงพยาบาลส่งเสริมสุขภาพตำบลบ้านทุ่งหลุก ตำบลท่าวังพร้าว", "nameTh": "โรงพยาบาลส่งเสริมสุขภาพตำบลบ้านทุ่งหลุก ตำบลท่าวังพร้าว", "nameEn": null, "cat": ["medical"], "province": "cm", "slug": "8899210206658", "rank": 1}}, {"type": "Feature", "geometry": {"type": "Point", "coordinates": [98.87371, 18.56097]}, "properties": {"id": "cm-moph-8899210206656", "name": "โรงพยาบาลส่งเสริมสุขภาพตำบลบ้านทุ่งเสี้ยว ตำบลบ้านกลาง", "nameTh": "โรงพยาบาลส่งเสริมสุขภาพตำบลบ้านทุ่งเสี้ยว ตำบลบ้านกลาง", "nameEn": null, "cat": ["medical"], "province": "cm", "slug": "8899210206656", "rank": 1}}, {"type": "Feature", "geometry": {"type": "Point", "coordinates": [98.64554, 18.13043]}, "properties": {"id": "cm-moph-8899210206652", "name": "โรงพยาบาลส่งเสริมสุขภาพตำบลบ้านทุ่งโป่ง ตำบลบ้านตาล", "nameTh": "โรงพยาบาลส่งเสริมสุขภาพตำบลบ้านทุ่งโป่ง ตำบลบ้านตาล", "nameEn": null, "cat": ["medical"], "province": "cm", "slug": "8899210206652", "rank": 1}}, {"type": "Feature", "geometry": {"type": "Point", "coordinates": [98.91136, 18.91915]}, "properties": {"id": "cm-moph-8899210206653", "name": "โรงพยาบาลส่งเสริมสุขภาพตำบลบ้านทุ่งโป่ง ตำบลแม่แรม", "nameTh": "โรงพยาบาลส่งเสริมสุขภาพตำบลบ้านทุ่งโป่ง ตำบลแม่แรม", "nameEn": null, "cat": ["medical"], "province": "cm", "slug": "8899210206653", "rank": 1}}, {"type": "Feature", "geometry": {"type": "Point", "coordinates": [99.04225, 18.84502]}, "properties": {"id": "cm-moph-8899210206638", "name": "โรงพยาบาลส่งเสริมสุขภาพตำบลบ้านท่อ ตำบลสันทรายหลวง", "nameTh": "โรงพยาบาลส่งเสริมสุขภาพตำบลบ้านท่อ ตำบลสันทรายหลวง", "nameEn": null, "cat": ["medical"], "province": "cm", "slug": "8899210206638", "rank": 1}}, {"type": "Feature", "geometry": {"type": "Point", "coordinates": [99.12347, 18.8228]}, "properties": {"id": "cm-moph-8899210206639", "name": "โรงพยาบาลส่งเสริมสุขภาพตำบลบ้านท่า ตำบลสง่าบ้าน", "nameTh": "โรงพยาบาลส่งเสริมสุขภาพตำบลบ้านท่า ตำบลสง่าบ้าน", "nameEn": null, "cat": ["medical"], "province": "cm", "slug": "8899210206639", "rank": 1}}, {"type": "Feature", "geometry": {"type": "Point", "coordinates": [98.61649, 18.20996]}, "properties": {"id": "cm-moph-8899210206640", "name": "โรงพยาบาลส่งเสริมสุขภาพตำบลบ้านท่าข้ามเหนือ ตำบลบ้านแปะ", "nameTh": "โรงพยาบาลส่งเสริมสุขภาพตำบลบ้านท่าข้ามเหนือ ตำบลบ้านแปะ", "nameEn": null, "cat": ["medical"], "province": "cm", "slug": "8899210206640", "rank": 1}}, {"type": "Feature", "geometry": {"type": "Point", "coordinates": [99.35928, 20.05773]}, "properties": {"id": "cm-moph-8899210206642", "name": "โรงพยาบาลส่งเสริมสุขภาพตำบลบ้านท่าตอน ตำบลท่าตอน", "nameTh": "โรงพยาบาลส่งเสริมสุขภาพตำบลบ้านท่าตอน ตำบลท่าตอน", "nameEn": null, "cat": ["medical"], "province": "cm", "slug": "8899210206642", "rank": 1}}, {"type": "Feature", "geometry": {"type": "Point", "coordinates": [99.06809, 18.72412]}, "properties": {"id": "cm-moph-8899210206641", "name": "โรงพยาบาลส่งเสริมสุขภาพตำบลบ้านท่าต้นกวาว ตำบลชมภู", "nameTh": "โรงพยาบาลส่งเสริมสุขภาพตำบลบ้านท่าต้นกวาว ตำบลชมภู", "nameEn": null, "cat": ["medical"], "province": "cm", "slug": "8899210206641", "rank": 1}}, {"type": "Feature", "geometry": {"type": "Point", "coordinates": [99.44961, 20.06238]}, "properties": {"id": "cm-moph-8899210206644", "name": "โรงพยาบาลส่งเสริมสุขภาพตำบลบ้านท่ามะแกง ตำบลท่าตอน", "nameTh": "โรงพยาบาลส่งเสริมสุขภาพตำบลบ้านท่ามะแกง ตำบลท่าตอน", "nameEn": null, "cat": ["medical"], "province": "cm", "slug": "8899210206644", "rank": 1}}, {"type": "Feature", "geometry": {"type": "Point", "coordinates": [98.99847, 18.82793]}, "properties": {"id": "cm-moph-8899210206645", "name": "โรงพยาบาลส่งเสริมสุขภาพตำบลบ้านท่าหลุก ตำบลสันผีเสื้อ", "nameTh": "โรงพยาบาลส่งเสริมสุขภาพตำบลบ้านท่าหลุก ตำบลสันผีเสื้อ", "nameEn": null, "cat": ["medical"], "province": "cm", "slug": "8899210206645", "rank": 1}}, {"type": "Feature", "geometry": {"type": "Point", "coordinates": [99.15795, 19.93639]}, "properties": {"id": "cm-moph-8899210206646", "name": "โรงพยาบาลส่งเสริมสุขภาพตำบลบ้านท่าหัด ตำบลโป่งน้ำร้อน", "nameTh": "โรงพยาบาลส่งเสริมสุขภาพตำบลบ้านท่าหัด ตำบลโป่งน้ำร้อน", "nameEn": null, "cat": ["medical"], "province": "cm", "slug": "8899210206646", "rank": 1}}, {"type": "Feature", "geometry": {"type": "Point", "coordinates": [98.81953, 18.63895]}, "properties": {"id": "cm-moph-8899210206643", "name": "โรงพยาบาลส่งเสริมสุขภาพตำบลบ้านท่าโป่ง ตำบลบ้านแม", "nameTh": "โรงพยาบาลส่งเสริมสุขภาพตำบลบ้านท่าโป่ง ตำบลบ้านแม", "nameEn": null, "cat": ["medical"], "province": "cm", "slug": "8899210206643", "rank": 1}}, {"type": "Feature", "geometry": {"type": "Point", "coordinates": [98.55723, 18.07153]}, "properties": {"id": "cm-moph-8899210206663", "name": "โรงพยาบาลส่งเสริมสุขภาพตำบลบ้านนาคอเรือ ตำบลนาคอเรือ", "nameTh": "โรงพยาบาลส่งเสริมสุขภาพตำบลบ้านนาคอเรือ ตำบลนาคอเรือ", "nameEn": null, "cat": ["medical"], "province": "cm", "slug": "8899210206663", "rank": 1}}, {"type": "Feature", "geometry": {"type": "Point", "coordinates": [98.78507, 18.59285]}, "properties": {"id": "cm-moph-8899210206664", "name": "โรงพยาบาลส่งเสริมสุขภาพตำบลบ้านนาทราย ตำบลทุ่งปี้", "nameTh": "โรงพยาบาลส่งเสริมสุขภาพตำบลบ้านนาทราย ตำบลทุ่งปี้", "nameEn": null, "cat": ["medical"], "province": "cm", "slug": "8899210206664", "rank": 1}}, {"type": "Feature", "geometry": {"type": "Point", "coordinates": [98.36545, 18.09356]}, "properties": {"id": "cm-moph-8899210206665", "name": "โรงพยาบาลส่งเสริมสุขภาพตำบลบ้านนาฟ่อน ตำบลบ่อหลวง", "nameTh": "โรงพยาบาลส่งเสริมสุขภาพตำบลบ้านนาฟ่อน ตำบลบ่อหลวง", "nameEn": null, "cat": ["medical"], "province": "cm", "slug": "8899210206665", "rank": 1}}, {"type": "Feature", "geometry": {"type": "Point", "coordinates": [98.95817, 19.62951]}, "properties": {"id": "cm-moph-8899210206667", "name": "โรงพยาบาลส่งเสริมสุขภาพตำบลบ้านนาหวาย ตำบลเมืองนะ", "nameTh": "โรงพยาบาลส่งเสริมสุขภาพตำบลบ้านนาหวาย ตำบลเมืองนะ", "nameEn": null, "cat": ["medical"], "province": "cm", "slug": "8899210206667", "rank": 1}}, {"type": "Feature", "geometry": {"type": "Point", "coordinates": [98.33871, 18.69038]}, "properties": {"id": "cm-moph-8899210206668", "name": "โรงพยาบาลส่งเสริมสุขภาพตำบลบ้านนาฮ่อง", "nameTh": "โรงพยาบาลส่งเสริมสุขภาพตำบลบ้านนาฮ่อง", "nameEn": null, "cat": ["medical"], "province": "cm", "slug": "8899210206668", "rank": 1}}, {"type": "Feature", "geometry": {"type": "Point", "coordinates": [98.13346, 17.82421]}, "properties": {"id": "cm-moph-8899210206662", "name": "โรงพยาบาลส่งเสริมสุขภาพตำบลบ้านนาเกียน ตำบลนาเกียน", "nameTh": "โรงพยาบาลส่งเสริมสุขภาพตำบลบ้านนาเกียน ตำบลนาเกียน", "nameEn": null, "cat": ["medical"], "province": "cm", "slug": "8899210206662", "rank": 1}}, {"type": "Feature", "geometry": {"type": "Point", "coordinates": [99.17994, 19.11071]}, "properties": {"id": "cm-moph-8899210206666", "name": "โรงพยาบาลส่งเสริมสุขภาพตำบลบ้านนาเม็ง ตำบลโหล่งขอด", "nameTh": "โรงพยาบาลส่งเสริมสุขภาพตำบลบ้านนาเม็ง ตำบลโหล่งขอด", "nameEn": null, "cat": ["medical"], "province": "cm", "slug": "8899210206666", "rank": 1}}, {"type": "Feature", "geometry": {"type": "Point", "coordinates": [98.66161, 18.0281]}, "properties": {"id": "cm-moph-8899210206661", "name": "โรงพยาบาลส่งเสริมสุขภาพตำบลบ้านน้อย ตำบลบงตัน", "nameTh": "โรงพยาบาลส่งเสริมสุขภาพตำบลบ้านน้อย ตำบลบงตัน", "nameEn": null, "cat": ["medical"], "province": "cm", "slug": "8899210206661", "rank": 1}}, {"type": "Feature", "geometry": {"type": "Point", "coordinates": [98.84928, 18.64465]}, "properties": {"id": "cm-moph-8899210206670", "name": "โรงพยาบาลส่งเสริมสุขภาพตำบลบ้านน้ำบ่อหลวง ตำบลน้ำบ่อหลวง", "nameTh": "โรงพยาบาลส่งเสริมสุขภาพตำบลบ้านน้ำบ่อหลวง ตำบลน้ำบ่อหลวง", "nameEn": null, "cat": ["medical"], "province": "cm", "slug": "8899210206670", "rank": 1}}, {"type": "Feature", "geometry": {"type": "Point", "coordinates": [98.89199, 18.68657]}, "properties": {"id": "cm-moph-8899210206671", "name": "โรงพยาบาลส่งเสริมสุขภาพตำบลบ้านน้ำแพร่ ตำบลน้ำแพร่", "nameTh": "โรงพยาบาลส่งเสริมสุขภาพตำบลบ้านน้ำแพร่ ตำบลน้ำแพร่", "nameEn": null, "cat": ["medical"], "province": "cm", "slug": "8899210206671", "rank": 1}}, {"type": "Feature", "geometry": {"type": "Point", "coordinates": [98.9852, 18.68474]}, "properties": {"id": "cm-moph-8899210206669", "name": "โรงพยาบาลส่งเสริมสุขภาพตำบลบ้านน้ำโท้ง ตำบลสบแม่ข่า", "nameTh": "โรงพยาบาลส่งเสริมสุขภาพตำบลบ้านน้ำโท้ง ตำบลสบแม่ข่า", "nameEn": null, "cat": ["medical"], "province": "cm", "slug": "8899210206669", "rank": 1}}, {"type": "Feature", "geometry": {"type": "Point", "coordinates": [99.04337, 18.78344]}, "properties": {"id": "cm-osm-node-14016583683", "name": "โรงพยาบาลส่งเสริมสุขภาพตำบลบ้านบวกครก", "nameTh": "โรงพยาบาลส่งเสริมสุขภาพตำบลบ้านบวกครก", "nameEn": null, "cat": ["medical"], "province": "cm", "slug": "14016583683", "rank": 1}}, {"type": "Feature", "geometry": {"type": "Point", "coordinates": [98.9482, 18.61799]}, "properties": {"id": "cm-moph-8899210206672", "name": "โรงพยาบาลส่งเสริมสุขภาพตำบลบ้านบวกครก ตำบลหนองตอง", "nameTh": "โรงพยาบาลส่งเสริมสุขภาพตำบลบ้านบวกครก ตำบลหนองตอง", "nameEn": null, "cat": ["medical"], "province": "cm", "slug": "8899210206672", "rank": 1}}, {"type": "Feature", "geometry": {"type": "Point", "coordinates": [99.04339, 18.78343]}, "properties": {"id": "cm-moph-8899210206673", "name": "โรงพยาบาลส่งเสริมสุขภาพตำบลบ้านบวกครกน้อย ตำบลหนองป่าครั่ง", "nameTh": "โรงพยาบาลส่งเสริมสุขภาพตำบลบ้านบวกครกน้อย ตำบลหนองป่าครั่ง", "nameEn": null, "cat": ["medical"], "province": "cm", "slug": "8899210206673", "rank": 1}}, {"type": "Feature", "geometry": {"type": "Point", "coordinates": [99.00339, 18.71578]}, "properties": {"id": "cm-moph-8899210206674", "name": "โรงพยาบาลส่งเสริมสุขภาพตำบลบ้านบวกครกเหนือ ตำบลท่าวังตาล", "nameTh": "โรงพยาบาลส่งเสริมสุขภาพตำบลบ้านบวกครกเหนือ ตำบลท่าวังตาล", "nameEn": null, "cat": ["medical"], "province": "cm", "slug": "8899210206674", "rank": 1}}, {"type": "Feature", "geometry": {"type": "Point", "coordinates": [98.92682, 19.09214]}, "properties": {"id": "cm-moph-8899210206675", "name": "โรงพยาบาลส่งเสริมสุขภาพตำบลบ้านบวกหมื้อ ตำบลขี้เหล็ก", "nameTh": "โรงพยาบาลส่งเสริมสุขภาพตำบลบ้านบวกหมื้อ ตำบลขี้เหล็ก", "nameEn": null, "cat": ["medical"], "province": "cm", "slug": "8899210206675", "rank": 1}}, {"type": "Feature", "geometry": {"type": "Point", "coordinates": [98.35827, 18.14769]}, "properties": {"id": "cm-moph-8899210206676", "name": "โรงพยาบาลส่งเสริมสุขภาพตำบลบ้านบ่อพะแวน ตำบลบ่อหลวง", "nameTh": "โรงพยาบาลส่งเสริมสุขภาพตำบลบ้านบ่อพะแวน ตำบลบ่อหลวง", "nameEn": null, "cat": ["medical"], "province": "cm", "slug": "8899210206676", "rank": 1}}, {"type": "Feature", "geometry": {"type": "Point", "coordinates": [98.2446, 18.15197]}, "properties": {"id": "cm-moph-8899210206677", "name": "โรงพยาบาลส่งเสริมสุขภาพตำบลบ้านบ่อสลี ตำบลบ่อสลี", "nameTh": "โรงพยาบาลส่งเสริมสุขภาพตำบลบ้านบ่อสลี ตำบลบ่อสลี", "nameEn": null, "cat": ["medical"], "province": "cm", "slug": "8899210206677", "rank": 1}}, {"type": "Feature", "geometry": {"type": "Point", "coordinates": [98.88568, 18.75448]}, "properties": {"id": "cm-moph-8899210206678", "name": "โรงพยาบาลส่งเสริมสุขภาพตำบลบ้านปง ตำบลบ้านปง", "nameTh": "โรงพยาบาลส่งเสริมสุขภาพตำบลบ้านปง ตำบลบ้านปง", "nameEn": null, "cat": ["medical"], "province": "cm", "slug": "8899210206678", "rank": 1}}, {"type": "Feature", "geometry": {"type": "Point", "coordinates": [99.11679, 19.73878]}, "properties": {"id": "cm-moph-8899210206679", "name": "โรงพยาบาลส่งเสริมสุขภาพตำบลบ้านปง ตำบลหนองบัว", "nameTh": "โรงพยาบาลส่งเสริมสุขภาพตำบลบ้านปง ตำบลหนองบัว", "nameEn": null, "cat": ["medical"], "province": "cm", "slug": "8899210206679", "rank": 1}}, {"type": "Feature", "geometry": {"type": "Point", "coordinates": [98.98452, 19.14369]}, "properties": {"id": "cm-moph-8899210206680", "name": "โรงพยาบาลส่งเสริมสุขภาพตำบลบ้านปง ตำบลอินทขิล", "nameTh": "โรงพยาบาลส่งเสริมสุขภาพตำบลบ้านปง ตำบลอินทขิล", "nameEn": null, "cat": ["medical"], "province": "cm", "slug": "8899210206680", "rank": 1}}, {"type": "Feature", "geometry": {"type": "Point", "coordinates": [99.14337, 19.74703]}, "properties": {"id": "cm-moph-8899210206681", "name": "โรงพยาบาลส่งเสริมสุขภาพตำบลบ้านปงตำ ตำบลปงตำ", "nameTh": "โรงพยาบาลส่งเสริมสุขภาพตำบลบ้านปงตำ ตำบลปงตำ", "nameEn": null, "cat": ["medical"], "province": "cm", "slug": "8899210206681", "rank": 1}}, {"type": "Feature", "geometry": {"type": "Point", "coordinates": [98.96118, 19.19651]}, "properties": {"id": "cm-moph-8899210207539", "name": "โรงพยาบาลส่งเสริมสุขภาพตำบลบ้านปางกว้าง ตำบลอินทขิล", "nameTh": "โรงพยาบาลส่งเสริมสุขภาพตำบลบ้านปางกว้าง ตำบลอินทขิล", "nameEn": null, "cat": ["medical"], "province": "cm", "slug": "8899210207539", "rank": 1}}, {"type": "Feature", "geometry": {"type": "Point", "coordinates": [99.07627, 19.43231]}, "properties": {"id": "cm-moph-8899210207542", "name": "โรงพยาบาลส่งเสริมสุขภาพตำบลบ้านปางมะเยา  ตำบลปิงโค้ง", "nameTh": "โรงพยาบาลส่งเสริมสุขภาพตำบลบ้านปางมะเยา  ตำบลปิงโค้ง", "nameEn": null, "cat": ["medical"], "province": "cm", "slug": "8899210207542", "rank": 1}}, {"type": "Feature", "geometry": {"type": "Point", "coordinates": [98.57866, 18.84384]}, "properties": {"id": "cm-moph-8899210207543", "name": "โรงพยาบาลส่งเสริมสุขภาพตำบลบ้านปางมะโอ ตำบลบ่อแก้ว", "nameTh": "โรงพยาบาลส่งเสริมสุขภาพตำบลบ้านปางมะโอ ตำบลบ่อแก้ว", "nameEn": null, "cat": ["medical"], "province": "cm", "slug": "8899210207543", "rank": 1}}, {"type": "Feature", "geometry": {"type": "Point", "coordinates": [98.83189, 19.10712]}, "properties": {"id": "cm-moph-8899210207541", "name": "โรงพยาบาลส่งเสริมสุขภาพตำบลบ้านปางม่วง ตำบลสบเปิง", "nameTh": "โรงพยาบาลส่งเสริมสุขภาพตำบลบ้านปางม่วง ตำบลสบเปิง", "nameEn": null, "cat": ["medical"], "province": "cm", "slug": "8899210207541", "rank": 1}}, {"type": "Feature", "geometry": {"type": "Point", "coordinates": [98.22342, 18.48476]}, "properties": {"id": "cm-moph-8899210207544", "name": "โรงพยาบาลส่งเสริมสุขภาพตำบลบ้านปางหินฝน ตำบลปางหินฝน", "nameTh": "โรงพยาบาลส่งเสริมสุขภาพตำบลบ้านปางหินฝน ตำบลปางหินฝน", "nameEn": null, "cat": ["medical"], "province": "cm", "slug": "8899210207544", "rank": 1}}, {"type": "Feature", "geometry": {"type": "Point", "coordinates": [98.127, 18.79165]}, "properties": {"id": "cm-moph-8899210207545", "name": "โรงพยาบาลส่งเสริมสุขภาพตำบลบ้านปางอุ๋ง ตำบลแม่ศึก", "nameTh": "โรงพยาบาลส่งเสริมสุขภาพตำบลบ้านปางอุ๋ง ตำบลแม่ศึก", "nameEn": null, "cat": ["medical"], "province": "cm", "slug": "8899210207545", "rank": 1}}, {"type": "Feature", "geometry": {"type": "Point", "coordinates": [99.02197, 19.48131]}, "properties": {"id": "cm-moph-8899210207540", "name": "โรงพยาบาลส่งเสริมสุขภาพตำบลบ้านปางเฟือง  ตำบลปิงโค้ง", "nameTh": "โรงพยาบาลส่งเสริมสุขภาพตำบลบ้านปางเฟือง  ตำบลปิงโค้ง", "nameEn": null, "cat": ["medical"], "province": "cm", "slug": "8899210207540", "rank": 1}}, {"type": "Feature", "geometry": {"type": "Point", "coordinates": [99.33025, 18.92127]}, "properties": {"id": "cm-moph-8899210207546", "name": "โรงพยาบาลส่งเสริมสุขภาพตำบลบ้านปางไฮ (เทพเสด็จ) ตำบลเทพเสด็จ", "nameTh": "โรงพยาบาลส่งเสริมสุขภาพตำบลบ้านปางไฮ (เทพเสด็จ) ตำบลเทพเสด็จ", "nameEn": null, "cat": ["medical"], "province": "cm", "slug": "8899210207546", "rank": 1}}, {"type": "Feature", "geometry": {"type": "Point", "coordinates": [99.08779, 18.85781]}, "properties": {"id": "cm-moph-8899210207536", "name": "โรงพยาบาลส่งเสริมสุขภาพตำบลบ้านป่าก้าง ตำบลสันป่าเปา", "nameTh": "โรงพยาบาลส่งเสริมสุขภาพตำบลบ้านป่าก้าง ตำบลสันป่าเปา", "nameEn": null, "cat": ["medical"], "province": "cm", "slug": "8899210207536", "rank": 1}}, {"type": "Feature", "geometry": {"type": "Point", "coordinates": [98.98114, 18.86939]}, "properties": {"id": "cm-moph-8899210207537", "name": "โรงพยาบาลส่งเสริมสุขภาพตำบลบ้านป่าข่อยเหนือ ตำบลสันผีเสื้อ", "nameTh": "โรงพยาบาลส่งเสริมสุขภาพตำบลบ้านป่าข่อยเหนือ ตำบลสันผีเสื้อ", "nameEn": null, "cat": ["medical"], "province": "cm", "slug": "8899210207537", "rank": 1}}, {"type": "Feature", "geometry": {"type": "Point", "coordinates": [99.17443, 19.35649]}, "properties": {"id": "cm-moph-8899210207547", "name": "โรงพยาบาลส่งเสริมสุขภาพตำบลบ้านป่างิ้ว ตำบลน้ำแพร่", "nameTh": "โรงพยาบาลส่งเสริมสุขภาพตำบลบ้านป่างิ้ว ตำบลน้ำแพร่", "nameEn": null, "cat": ["medical"], "province": "cm", "slug": "8899210207547", "rank": 1}}, {"type": "Feature", "geometry": {"type": "Point", "coordinates": [99.10291, 18.81999]}, "properties": {"id": "cm-moph-8899210207549", "name": "โรงพยาบาลส่งเสริมสุขภาพตำบลบ้านป่าดู่ ตำบลป่าลาน", "nameTh": "โรงพยาบาลส่งเสริมสุขภาพตำบลบ้านป่าดู่ ตำบลป่าลาน", "nameEn": null, "cat": ["medical"], "province": "cm", "slug": "8899210207549", "rank": 1}}, {"type": "Feature", "geometry": {"type": "Point", "coordinates": [99.1023, 18.71914]}, "properties": {"id": "cm-moph-8899210207551", "name": "โรงพยาบาลส่งเสริมสุขภาพตำบลบ้านป่าตาล ตำบลบวกค้าง", "nameTh": "โรงพยาบาลส่งเสริมสุขภาพตำบลบ้านป่าตาล ตำบลบวกค้าง", "nameEn": null, "cat": ["medical"], "province": "cm", "slug": "8899210207551", "rank": 1}}, {"type": "Feature", "geometry": {"type": "Point", "coordinates": [98.95709, 18.72522]}, "properties": {"id": "cm-moph-8899210207552", "name": "โรงพยาบาลส่งเสริมสุขภาพตำบลบ้านป่าตาล ตำบลสันผักหวาน", "nameTh": "โรงพยาบาลส่งเสริมสุขภาพตำบลบ้านป่าตาล ตำบลสันผักหวาน", "nameEn": null, "cat": ["medical"], "province": "cm", "slug": "8899210207552", "rank": 1}}, {"type": "Feature", "geometry": {"type": "Point", "coordinates": [98.72655, 18.97168]}, "properties": {"id": "cm-moph-8899210207555", "name": "โรงพยาบาลส่งเสริมสุขภาพตำบลบ้านป่าลาน ตำบลสะเมิงเหนือ", "nameTh": "โรงพยาบาลส่งเสริมสุขภาพตำบลบ้านป่าลาน ตำบลสะเมิงเหนือ", "nameEn": null, "cat": ["medical"], "province": "cm", "slug": "8899210207555", "rank": 1}}, {"type": "Feature", "geometry": {"type": "Point", "coordinates": [99.12147, 18.7787]}, "properties": {"id": "cm-moph-8899210207556", "name": "โรงพยาบาลส่งเสริมสุขภาพตำบลบ้านป่าสักน้อย ตำบลแม่ปูคา", "nameTh": "โรงพยาบาลส่งเสริมสุขภาพตำบลบ้านป่าสักน้อย ตำบลแม่ปูคา", "nameEn": null, "cat": ["medical"], "province": "cm", "slug": "8899210207556", "rank": 1}}, {"type": "Feature", "geometry": {"type": "Point", "coordinates": [98.96547, 18.64778]}, "properties": {"id": "cm-moph-8899210207557", "name": "โรงพยาบาลส่งเสริมสุขภาพตำบลบ้านป่าสา ตำบลสันทราย", "nameTh": "โรงพยาบาลส่งเสริมสุขภาพตำบลบ้านป่าสา ตำบลสันทราย", "nameEn": null, "cat": ["medical"], "province": "cm", "slug": "8899210207557", "rank": 1}}, {"type": "Feature", "geometry": {"type": "Point", "coordinates": [99.05101, 18.87454]}, "properties": {"id": "cm-moph-8899210207558", "name": "โรงพยาบาลส่งเสริมสุขภาพตำบลบ้านป่าเหมือด ตำบลป่าไผ่", "nameTh": "โรงพยาบาลส่งเสริมสุขภาพตำบลบ้านป่าเหมือด ตำบลป่าไผ่", "nameEn": null, "cat": ["medical"], "province": "cm", "slug": "8899210207558", "rank": 1}}, {"type": "Feature", "geometry": {"type": "Point", "coordinates": [99.19158, 19.30744]}, "properties": {"id": "cm-moph-8899210207538", "name": "โรงพยาบาลส่งเสริมสุขภาพตำบลบ้านป่าแขม ตำบลแม่แวน", "nameTh": "โรงพยาบาลส่งเสริมสุขภาพตำบลบ้านป่าแขม ตำบลแม่แวน", "nameEn": null, "cat": ["medical"], "province": "cm", "slug": "8899210207538", "rank": 1}}, {"type": "Feature", "geometry": {"type": "Point", "coordinates": [99.08806, 18.83626]}, "properties": {"id": "cm-moph-8899210207548", "name": "โรงพยาบาลส่งเสริมสุขภาพตำบลบ้านป่าแงะ ตำบลตลาดขวัญ", "nameTh": "โรงพยาบาลส่งเสริมสุขภาพตำบลบ้านป่าแงะ ตำบลตลาดขวัญ", "nameEn": null, "cat": ["medical"], "province": "cm", "slug": "8899210207548", "rank": 1}}, {"type": "Feature", "geometry": {"type": "Point", "coordinates": [99.18145, 19.73814]}, "properties": {"id": "cm-moph-8899210207550", "name": "โรงพยาบาลส่งเสริมสุขภาพตำบลบ้านป่าแดง ตำบลแม่ทะลบ", "nameTh": "โรงพยาบาลส่งเสริมสุขภาพตำบลบ้านป่าแดง ตำบลแม่ทะลบ", "nameEn": null, "cat": ["medical"], "province": "cm", "slug": "8899210207550", "rank": 1}}, {"type": "Feature", "geometry": {"type": "Point", "coordinates": [98.70924, 19.12183]}, "properties": {"id": "cm-moph-8899210207553", "name": "โรงพยาบาลส่งเสริมสุขภาพตำบลบ้านป่าแป๋ ตำบลป่าแป๋", "nameTh": "โรงพยาบาลส่งเสริมสุขภาพตำบลบ้านป่าแป๋ ตำบลป่าแป๋", "nameEn": null, "cat": ["medical"], "province": "cm", "slug": "8899210207553", "rank": 1}}, {"type": "Feature", "geometry": {"type": "Point", "coordinates": [99.29719, 18.67934]}, "properties": {"id": "cm-moph-8899210207554", "name": "โรงพยาบาลส่งเสริมสุขภาพตำบลบ้านป่าไม้ห้วยบง ตำบลทาเหนือ", "nameTh": "โรงพยาบาลส่งเสริมสุขภาพตำบลบ้านป่าไม้ห้วยบง ตำบลทาเหนือ", "nameEn": null, "cat": ["medical"], "province": "cm", "slug": "8899210207554", "rank": 1}}, {"type": "Feature", "geometry": {"type": "Point", "coordinates": [99.22034, 19.41302]}, "properties": {"id": "cm-moph-8899210207559", "name": "โรงพยาบาลส่งเสริมสุขภาพตำบลบ้านป่าไหน่ ตำบลป่าไหน่", "nameTh": "โรงพยาบาลส่งเสริมสุขภาพตำบลบ้านป่าไหน่ ตำบลป่าไหน่", "nameEn": null, "cat": ["medical"], "province": "cm", "slug": "8899210207559", "rank": 1}}, {"type": "Feature", "geometry": {"type": "Point", "coordinates": [98.75547, 18.92939]}, "properties": {"id": "cm-moph-8899210206682", "name": "โรงพยาบาลส่งเสริมสุขภาพตำบลบ้านป๊อก ตำบลสะเมิงเหนือ", "nameTh": "โรงพยาบาลส่งเสริมสุขภาพตำบลบ้านป๊อก ตำบลสะเมิงเหนือ", "nameEn": null, "cat": ["medical"], "province": "cm", "slug": "8899210206682", "rank": 1}}, {"type": "Feature", "geometry": {"type": "Point", "coordinates": [99.15764, 19.22089]}, "properties": {"id": "cm-moph-8899210207567", "name": "โรงพยาบาลส่งเสริมสุขภาพตำบลบ้านผาแดง ตำบลแม่ปั๋ง", "nameTh": "โรงพยาบาลส่งเสริมสุขภาพตำบลบ้านผาแดง ตำบลแม่ปั๋ง", "nameEn": null, "cat": ["medical"], "province": "cm", "slug": "8899210207567", "rank": 1}}, {"type": "Feature", "geometry": {"type": "Point", "coordinates": [99.06106, 18.70774]}, "properties": {"id": "cm-moph-8899210207568", "name": "โรงพยาบาลส่งเสริมสุขภาพตำบลบ้านพญาชมภู ตำบลชมภู", "nameTh": "โรงพยาบาลส่งเสริมสุขภาพตำบลบ้านพญาชมภู ตำบลชมภู", "nameEn": null, "cat": ["medical"], "province": "cm", "slug": "8899210207568", "rank": 1}}, {"type": "Feature", "geometry": {"type": "Point", "coordinates": [99.10092, 18.80375]}, "properties": {"id": "cm-moph-8899210207569", "name": "โรงพยาบาลส่งเสริมสุขภาพตำบลบ้านพันหลัง ตำบลสำราญราษฏร์", "nameTh": "โรงพยาบาลส่งเสริมสุขภาพตำบลบ้านพันหลัง ตำบลสำราญราษฏร์", "nameEn": null, "cat": ["medical"], "province": "cm", "slug": "8899210207569", "rank": 1}}, {"type": "Feature", "geometry": {"type": "Point", "coordinates": [98.3133, 18.0761]}, "properties": {"id": "cm-moph-8899210207570", "name": "โรงพยาบาลส่งเสริมสุขภาพตำบลบ้านพุย ตำบลบ่อหลวง", "nameTh": "โรงพยาบาลส่งเสริมสุขภาพตำบลบ้านพุย ตำบลบ่อหลวง", "nameEn": null, "cat": ["medical"], "province": "cm", "slug": "8899210207570", "rank": 1}}, {"type": "Feature", "geometry": {"type": "Point", "coordinates": [99.04614, 18.7908]}, "properties": {"id": "cm-moph-8899210207574", "name": "โรงพยาบาลส่งเสริมสุขภาพตำบลบ้านมอญ ตำบลสันกลาง", "nameTh": "โรงพยาบาลส่งเสริมสุขภาพตำบลบ้านมอญ ตำบลสันกลาง", "nameEn": null, "cat": ["medical"], "province": "cm", "slug": "8899210207574", "rank": 1}}, {"type": "Feature", "geometry": {"type": "Point", "coordinates": [98.91073, 18.59502]}, "properties": {"id": "cm-moph-8899210207576", "name": "โรงพยาบาลส่งเสริมสุขภาพตำบลบ้านมะขามหลวง ตำบลมะขามหลวง", "nameTh": "โรงพยาบาลส่งเสริมสุขภาพตำบลบ้านมะขามหลวง ตำบลมะขามหลวง", "nameEn": null, "cat": ["medical"], "province": "cm", "slug": "8899210207576", "rank": 1}}, {"type": "Feature", "geometry": {"type": "Point", "coordinates": [98.91115, 18.57602]}, "properties": {"id": "cm-moph-8899210207577", "name": "โรงพยาบาลส่งเสริมสุขภาพตำบลบ้านมะขุนหวาน ตำบลมะขุนหวาน", "nameTh": "โรงพยาบาลส่งเสริมสุขภาพตำบลบ้านมะขุนหวาน ตำบลมะขุนหวาน", "nameEn": null, "cat": ["medical"], "province": "cm", "slug": "8899210207577", "rank": 1}}, {"type": "Feature", "geometry": {"type": "Point", "coordinates": [98.52293, 17.56227]}, "properties": {"id": "cm-moph-8899210207578", "name": "โรงพยาบาลส่งเสริมสุขภาพตำบลบ้านมูเซอร์ ตำบลม่อนจอง", "nameTh": "โรงพยาบาลส่งเสริมสุขภาพตำบลบ้านมูเซอร์ ตำบลม่อนจอง", "nameEn": null, "cat": ["medical"], "province": "cm", "slug": "8899210207578", "rank": 1}}, {"type": "Feature", "geometry": {"type": "Point", "coordinates": [99.11425, 19.93723]}, "properties": {"id": "cm-moph-8899210207572", "name": "โรงพยาบาลส่งเสริมสุขภาพตำบลบ้านม่วงชุม ตำบลม่อนปิ่น", "nameTh": "โรงพยาบาลส่งเสริมสุขภาพตำบลบ้านม่วงชุม ตำบลม่อนปิ่น", "nameEn": null, "cat": ["medical"], "province": "cm", "slug": "8899210207572", "rank": 1}}, {"type": "Feature", "geometry": {"type": "Point", "coordinates": [98.62682, 19.62818]}, "properties": {"id": "cm-moph-8899210207573", "name": "โรงพยาบาลส่งเสริมสุขภาพตำบลบ้านม่วงป็อก ตำบลแสนไห", "nameTh": "โรงพยาบาลส่งเสริมสุขภาพตำบลบ้านม่วงป็อก ตำบลแสนไห", "nameEn": null, "cat": ["medical"], "province": "cm", "slug": "8899210207573", "rank": 1}}, {"type": "Feature", "geometry": {"type": "Point", "coordinates": [99.16208, 19.91629]}, "properties": {"id": "cm-moph-8899210207575", "name": "โรงพยาบาลส่งเสริมสุขภาพตำบลบ้านม่อนปิ่น ตำบลม่อนปิ่น", "nameTh": "โรงพยาบาลส่งเสริมสุขภาพตำบลบ้านม่อนปิ่น ตำบลม่อนปิ่น", "nameEn": null, "cat": ["medical"], "province": "cm", "slug": "8899210207575", "rank": 1}}, {"type": "Feature", "geometry": {"type": "Point", "coordinates": [98.57414, 18.98737]}, "properties": {"id": "cm-moph-8899210207610", "name": "โรงพยาบาลส่งเสริมสุขภาพตำบลบ้านยั้งเมิน ตำบลยั้งเมิน", "nameTh": "โรงพยาบาลส่งเสริมสุขภาพตำบลบ้านยั้งเมิน ตำบลยั้งเมิน", "nameEn": null, "cat": ["medical"], "province": "cm", "slug": "8899210207610", "rank": 1}}, {"type": "Feature", "geometry": {"type": "Point", "coordinates": [99.09928, 19.8042]}, "properties": {"id": "cm-moph-8899210207611", "name": "โรงพยาบาลส่งเสริมสุขภาพตำบลบ้านยาง ตำบลแม่งอน", "nameTh": "โรงพยาบาลส่งเสริมสุขภาพตำบลบ้านยาง ตำบลแม่งอน", "nameEn": null, "cat": ["medical"], "province": "cm", "slug": "8899210207611", "rank": 1}}, {"type": "Feature", "geometry": {"type": "Point", "coordinates": [99.03135, 18.71609]}, "properties": {"id": "cm-moph-8899210207612", "name": "โรงพยาบาลส่งเสริมสุขภาพตำบลบ้านยางเนิ้ง ตำบลยางเนิ้ง", "nameTh": "โรงพยาบาลส่งเสริมสุขภาพตำบลบ้านยางเนิ้ง ตำบลยางเนิ้ง", "nameEn": null, "cat": ["medical"], "province": "cm", "slug": "8899210207612", "rank": 1}}, {"type": "Feature", "geometry": {"type": "Point", "coordinates": [98.4897, 17.77659]}, "properties": {"id": "cm-moph-8899210207613", "name": "โรงพยาบาลส่งเสริมสุขภาพตำบลบ้านยางเปียง ตำบลยางเปียง", "nameTh": "โรงพยาบาลส่งเสริมสุขภาพตำบลบ้านยางเปียง ตำบลยางเปียง", "nameEn": null, "cat": ["medical"], "province": "cm", "slug": "8899210207613", "rank": 1}}, {"type": "Feature", "geometry": {"type": "Point", "coordinates": [98.94545, 18.91237]}, "properties": {"id": "cm-moph-8899210207620", "name": "โรงพยาบาลส่งเสริมสุขภาพตำบลบ้านริมใต้ ตำบลริมใต้", "nameTh": "โรงพยาบาลส่งเสริมสุขภาพตำบลบ้านริมใต้ ตำบลริมใต้", "nameEn": null, "cat": ["medical"], "province": "cm", "slug": "8899210207620", "rank": 1}}, {"type": "Feature", "geometry": {"type": "Point", "coordinates": [99.18987, 19.28047]}, "properties": {"id": "cm-moph-8899210207614", "name": "โรงพยาบาลส่งเสริมสุขภาพตำบลบ้านร่มเกล้า ตำบลแม่แวน", "nameTh": "โรงพยาบาลส่งเสริมสุขภาพตำบลบ้านร่มเกล้า ตำบลแม่แวน", "nameEn": null, "cat": ["medical"], "province": "cm", "slug": "8899210207614", "rank": 1}}, {"type": "Feature", "geometry": {"type": "Point", "coordinates": [98.9416, 19.05946]}, "properties": {"id": "cm-moph-8899210207619", "name": "โรงพยาบาลส่งเสริมสุขภาพตำบลบ้านร่ำเปิง ตำบลขี้เหล็ก", "nameTh": "โรงพยาบาลส่งเสริมสุขภาพตำบลบ้านร่ำเปิง ตำบลขี้เหล็ก", "nameEn": null, "cat": ["medical"], "province": "cm", "slug": "8899210207619", "rank": 1}}, {"type": "Feature", "geometry": {"type": "Point", "coordinates": [99.14364, 19.66635]}, "properties": {"id": "cm-moph-8899210207616", "name": "โรงพยาบาลส่งเสริมสุขภาพตำบลบ้านร้องธาร ตำบลศรีดงเย็น", "nameTh": "โรงพยาบาลส่งเสริมสุขภาพตำบลบ้านร้องธาร ตำบลศรีดงเย็น", "nameEn": null, "cat": ["medical"], "province": "cm", "slug": "8899210207616", "rank": 1}}, {"type": "Feature", "geometry": {"type": "Point", "coordinates": [99.17076, 18.74102]}, "properties": {"id": "cm-moph-8899210207618", "name": "โรงพยาบาลส่งเสริมสุขภาพตำบลบ้านร้องวัวแดง ตำบลร้องวัวแดง", "nameTh": "โรงพยาบาลส่งเสริมสุขภาพตำบลบ้านร้องวัวแดง ตำบลร้องวัวแดง", "nameEn": null, "cat": ["medical"], "province": "cm", "slug": "8899210207618", "rank": 1}}, {"type": "Feature", "geometry": {"type": "Point", "coordinates": [99.10278, 18.88244]}, "properties": {"id": "cm-moph-8899210207617", "name": "โรงพยาบาลส่งเสริมสุขภาพตำบลบ้านร้องเม็ง ตำบลหนองแหย่ง", "nameTh": "โรงพยาบาลส่งเสริมสุขภาพตำบลบ้านร้องเม็ง ตำบลหนองแหย่ง", "nameEn": null, "cat": ["medical"], "province": "cm", "slug": "8899210207617", "rank": 1}}, {"type": "Feature", "geometry": {"type": "Point", "coordinates": [99.16998, 18.78853]}, "properties": {"id": "cm-moph-8899210207625", "name": "โรงพยาบาลส่งเสริมสุขภาพตำบลบ้านล้านตอง ตำบลห้วยทราย", "nameTh": "โรงพยาบาลส่งเสริมสุขภาพตำบลบ้านล้านตอง ตำบลห้วยทราย", "nameEn": null, "cat": ["medical"], "province": "cm", "slug": "8899210207625", "rank": 1}}, {"type": "Feature", "geometry": {"type": "Point", "coordinates": [98.64256, 18.29843]}, "properties": {"id": "cm-moph-8899210207626", "name": "โรงพยาบาลส่งเสริมสุขภาพตำบลบ้านวังน้ำหยาด ตำบลแม่สอย", "nameTh": "โรงพยาบาลส่งเสริมสุขภาพตำบลบ้านวังน้ำหยาด ตำบลแม่สอย", "nameEn": null, "cat": ["medical"], "province": "cm", "slug": "8899210207626", "rank": 1}}, {"type": "Feature", "geometry": {"type": "Point", "coordinates": [98.9948, 18.88319]}, "properties": {"id": "cm-moph-8899210207627", "name": "โรงพยาบาลส่งเสริมสุขภาพตำบลบ้านวังป้อง ตำบลเหมืองแก้ว", "nameTh": "โรงพยาบาลส่งเสริมสุขภาพตำบลบ้านวังป้อง ตำบลเหมืองแก้ว", "nameEn": null, "cat": ["medical"], "province": "cm", "slug": "8899210207627", "rank": 1}}, {"type": "Feature", "geometry": {"type": "Point", "coordinates": [98.98382, 18.73192]}, "properties": {"id": "cm-moph-8899210207628", "name": "โรงพยาบาลส่งเสริมสุขภาพตำบลบ้านวังสิงห์คำ ตำบลป่าแดด", "nameTh": "โรงพยาบาลส่งเสริมสุขภาพตำบลบ้านวังสิงห์คำ ตำบลป่าแดด", "nameEn": null, "cat": ["medical"], "province": "cm", "slug": "8899210207628", "rank": 1}}, {"type": "Feature", "geometry": {"type": "Point", "coordinates": [99.05018, 18.73794]}, "properties": {"id": "cm-moph-8899210207629", "name": "โรงพยาบาลส่งเสริมสุขภาพตำบลบ้านศรีคำชมภู ตำบลป่าบง", "nameTh": "โรงพยาบาลส่งเสริมสุขภาพตำบลบ้านศรีคำชมภู ตำบลป่าบง", "nameEn": null, "cat": ["medical"], "province": "cm", "slug": "8899210207629", "rank": 1}}, {"type": "Feature", "geometry": {"type": "Point", "coordinates": [99.04375, 18.76801]}, "properties": {"id": "cm-moph-8899210207630", "name": "โรงพยาบาลส่งเสริมสุขภาพตำบลบ้านศรีบัวเงิน ตำบลท่าศาลา", "nameTh": "โรงพยาบาลส่งเสริมสุขภาพตำบลบ้านศรีบัวเงิน ตำบลท่าศาลา", "nameEn": null, "cat": ["medical"], "province": "cm", "slug": "8899210207630", "rank": 1}}, {"type": "Feature", "geometry": {"type": "Point", "coordinates": [99.04296, 18.90831]}, "properties": {"id": "cm-moph-8899210207631", "name": "โรงพยาบาลส่งเสริมสุขภาพตำบลบ้านศรีบุญเรือง ตำบลป่าไผ่", "nameTh": "โรงพยาบาลส่งเสริมสุขภาพตำบลบ้านศรีบุญเรือง ตำบลป่าไผ่", "nameEn": null, "cat": ["medical"], "province": "cm", "slug": "8899210207631", "rank": 1}}, {"type": "Feature", "geometry": {"type": "Point", "coordinates": [99.04461, 18.7282]}, "properties": {"id": "cm-moph-8899210207632", "name": "โรงพยาบาลส่งเสริมสุขภาพตำบลบ้านศรีสองเมือง ตำบลไชยสถาน", "nameTh": "โรงพยาบาลส่งเสริมสุขภาพตำบลบ้านศรีสองเมือง ตำบลไชยสถาน", "nameEn": null, "cat": ["medical"], "province": "cm", "slug": "8899210207632", "rank": 1}}, {"type": "Feature", "geometry": {"type": "Point", "coordinates": [98.80307, 18.47962]}, "properties": {"id": "cm-moph-8899210207633", "name": "โรงพยาบาลส่งเสริมสุขภาพตำบลบ้านศิริมังคลาจารย์ ตำบลดอยหล่อ", "nameTh": "โรงพยาบาลส่งเสริมสุขภาพตำบลบ้านศิริมังคลาจารย์ ตำบลดอยหล่อ", "nameEn": null, "cat": ["medical"], "province": "cm", "slug": "8899210207633", "rank": 1}}, {"type": "Feature", "geometry": {"type": "Point", "coordinates": [98.35742, 17.64146]}, "properties": {"id": "cm-moph-8899210207635", "name": "โรงพยาบาลส่งเสริมสุขภาพตำบลบ้านสบลาน ตำบลยางเปียง", "nameTh": "โรงพยาบาลส่งเสริมสุขภาพตำบลบ้านสบลาน ตำบลยางเปียง", "nameEn": null, "cat": ["medical"], "province": "cm", "slug": "8899210207635", "rank": 1}}, {"type": "Feature", "geometry": {"type": "Point", "coordinates": [98.92218, 18.62813]}, "properties": {"id": "cm-moph-8899210207636", "name": "โรงพยาบาลส่งเสริมสุขภาพตำบลบ้านสบหาร ตำบลทุ่งต้อม", "nameTh": "โรงพยาบาลส่งเสริมสุขภาพตำบลบ้านสบหาร ตำบลทุ่งต้อม", "nameEn": null, "cat": ["medical"], "province": "cm", "slug": "8899210207636", "rank": 1}}, {"type": "Feature", "geometry": {"type": "Point", "coordinates": [98.96599, 19.30263]}, "properties": {"id": "cm-moph-8899210207637", "name": "โรงพยาบาลส่งเสริมสุขภาพตำบลบ้านสบอ้อ ตำบลแม่นะ", "nameTh": "โรงพยาบาลส่งเสริมสุขภาพตำบลบ้านสบอ้อ ตำบลแม่นะ", "nameEn": null, "cat": ["medical"], "province": "cm", "slug": "8899210207637", "rank": 1}}, {"type": "Feature", "geometry": {"type": "Point", "coordinates": [98.62986, 18.26404]}, "properties": {"id": "cm-moph-8899210207634", "name": "โรงพยาบาลส่งเสริมสุขภาพตำบลบ้านสบแปะ", "nameTh": "โรงพยาบาลส่งเสริมสุขภาพตำบลบ้านสบแปะ", "nameEn": null, "cat": ["medical"], "province": "cm", "slug": "8899210207634", "rank": 1}}, {"type": "Feature", "geometry": {"type": "Point", "coordinates": [99.24322, 18.78999]}, "properties": {"id": "cm-moph-8899210207639", "name": "โรงพยาบาลส่งเสริมสุขภาพตำบลบ้านสหกรณ์ ตำบลสหกรณ์", "nameTh": "โรงพยาบาลส่งเสริมสุขภาพตำบลบ้านสหกรณ์ ตำบลสหกรณ์", "nameEn": null, "cat": ["medical"], "province": "cm", "slug": "8899210207639", "rank": 1}}, {"type": "Feature", "geometry": {"type": "Point", "coordinates": [99.21767, 19.33712]}, "properties": {"id": "cm-moph-8899210207638", "name": "โรงพยาบาลส่งเสริมสุขภาพตำบลบ้านสหกรณ์ ตำบลเขื่อนผาก", "nameTh": "โรงพยาบาลส่งเสริมสุขภาพตำบลบ้านสหกรณ์ ตำบลเขื่อนผาก", "nameEn": null, "cat": ["medical"], "province": "cm", "slug": "8899210207638", "rank": 1}}, {"type": "Feature", "geometry": {"type": "Point", "coordinates": [98.29916, 18.45799]}, "properties": {"id": "cm-moph-8899210207641", "name": "โรงพยาบาลส่งเสริมสุขภาพตำบลบ้านสองธาร ตำบลบ้านทับ", "nameTh": "โรงพยาบาลส่งเสริมสุขภาพตำบลบ้านสองธาร ตำบลบ้านทับ", "nameEn": null, "cat": ["medical"], "province": "cm", "slug": "8899210207641", "rank": 1}}, {"type": "Feature", "geometry": {"type": "Point", "coordinates": [99.18089, 19.86908]}, "properties": {"id": "cm-moph-8899210207640", "name": "โรงพยาบาลส่งเสริมสุขภาพตำบลบ้านสองแคว ตำบลสันทราย", "nameTh": "โรงพยาบาลส่งเสริมสุขภาพตำบลบ้านสองแคว ตำบลสันทราย", "nameEn": null, "cat": ["medical"], "province": "cm", "slug": "8899210207640", "rank": 1}}, {"type": "Feature", "geometry": {"type": "Point", "coordinates": [98.88615, 19.01332]}, "properties": {"id": "cm-moph-8899210207642", "name": "โรงพยาบาลส่งเสริมสุขภาพตำบลบ้านสะลวงนอก ตำบลสะลวง", "nameTh": "โรงพยาบาลส่งเสริมสุขภาพตำบลบ้านสะลวงนอก ตำบลสะลวง", "nameEn": null, "cat": ["medical"], "province": "cm", "slug": "8899210207642", "rank": 1}}, {"type": "Feature", "geometry": {"type": "Point", "coordinates": [98.94381, 18.99888]}, "properties": {"id": "cm-moph-8899210207643", "name": "โรงพยาบาลส่งเสริมสุขภาพตำบลบ้านสันคะยอม ตำบลขี้เหล็ก", "nameTh": "โรงพยาบาลส่งเสริมสุขภาพตำบลบ้านสันคะยอม ตำบลขี้เหล็ก", "nameEn": null, "cat": ["medical"], "province": "cm", "slug": "8899210207643", "rank": 1}}, {"type": "Feature", "geometry": {"type": "Point", "coordinates": [99.03646, 18.83132]}, "properties": {"id": "cm-moph-8899210207644", "name": "โรงพยาบาลส่งเสริมสุขภาพตำบลบ้านสันคะยอม ตำบลสันทรายน้อย", "nameTh": "โรงพยาบาลส่งเสริมสุขภาพตำบลบ้านสันคะยอม ตำบลสันทรายน้อย", "nameEn": null, "cat": ["medical"], "province": "cm", "slug": "8899210207644", "rank": 1}}, {"type": "Feature", "geometry": {"type": "Point", "coordinates": [99.03284, 19.74409]}, "properties": {"id": "cm-moph-8899210207648", "name": "โรงพยาบาลส่งเสริมสุขภาพตำบลบ้านสันติวนา ตำบลหนองบัว", "nameTh": "โรงพยาบาลส่งเสริมสุขภาพตำบลบ้านสันติวนา ตำบลหนองบัว", "nameEn": null, "cat": ["medical"], "province": "cm", "slug": "8899210207648", "rank": 1}}, {"type": "Feature", "geometry": {"type": "Point", "coordinates": [98.99758, 18.6962]}, "properties": {"id": "cm-moph-8899210207646", "name": "โรงพยาบาลส่งเสริมสุขภาพตำบลบ้านสันต้นกอก ตำบลดอนแก้ว", "nameTh": "โรงพยาบาลส่งเสริมสุขภาพตำบลบ้านสันต้นกอก ตำบลดอนแก้ว", "nameEn": null, "cat": ["medical"], "province": "cm", "slug": "8899210207646", "rank": 1}}, {"type": "Feature", "geometry": {"type": "Point", "coordinates": [99.10096, 18.78389]}, "properties": {"id": "cm-moph-8899210207647", "name": "โรงพยาบาลส่งเสริมสุขภาพตำบลบ้านสันต้นแหน ตำบลแม่คือ", "nameTh": "โรงพยาบาลส่งเสริมสุขภาพตำบลบ้านสันต้นแหน ตำบลแม่คือ", "nameEn": null, "cat": ["medical"], "province": "cm", "slug": "8899210207647", "rank": 1}}, {"type": "Feature", "geometry": {"type": "Point", "coordinates": [98.93328, 18.68407]}, "properties": {"id": "cm-moph-8899210207650", "name": "โรงพยาบาลส่งเสริมสุขภาพตำบลบ้านสันทราย ตำบลหนองแก๋ว", "nameTh": "โรงพยาบาลส่งเสริมสุขภาพตำบลบ้านสันทราย ตำบลหนองแก๋ว", "nameEn": null, "cat": ["medical"], "province": "cm", "slug": "8899210207650", "rank": 1}}, {"type": "Feature", "geometry": {"type": "Point", "coordinates": [99.13952, 18.80983]}, "properties": {"id": "cm-moph-8899210207649", "name": "โรงพยาบาลส่งเสริมสุขภาพตำบลบ้านสันทราย ตำบลแม่ฮ้อยเงิน", "nameTh": "โรงพยาบาลส่งเสริมสุขภาพตำบลบ้านสันทราย ตำบลแม่ฮ้อยเงิน", "nameEn": null, "cat": ["medical"], "province": "cm", "slug": "8899210207649", "rank": 1}}, {"type": "Feature", "geometry": {"type": "Point", "coordinates": [99.22882, 19.89985]}, "properties": {"id": "cm-moph-8899210207651", "name": "โรงพยาบาลส่งเสริมสุขภาพตำบลบ้านสันทรายคองน้อย ตำบลเวียง", "nameTh": "โรงพยาบาลส่งเสริมสุขภาพตำบลบ้านสันทรายคองน้อย ตำบลเวียง", "nameEn": null, "cat": ["medical"], "province": "cm", "slug": "8899210207651", "rank": 1}}, {"type": "Feature", "geometry": {"type": "Point", "coordinates": [98.87152, 19.03332]}, "properties": {"id": "cm-moph-8899210207654", "name": "โรงพยาบาลส่งเสริมสุขภาพตำบลบ้านสันป่าตึง ตำบลสันป่ายาง", "nameTh": "โรงพยาบาลส่งเสริมสุขภาพตำบลบ้านสันป่าตึง ตำบลสันป่ายาง", "nameEn": null, "cat": ["medical"], "province": "cm", "slug": "8899210207654", "rank": 1}}, {"type": "Feature", "geometry": {"type": "Point", "coordinates": [99.28294, 19.96016]}, "properties": {"id": "cm-moph-8899210207652", "name": "โรงพยาบาลส่งเสริมสุขภาพตำบลบ้านสันป๋อ ตำบลสันต้นหมื้อ", "nameTh": "โรงพยาบาลส่งเสริมสุขภาพตำบลบ้านสันป๋อ ตำบลสันต้นหมื้อ", "nameEn": null, "cat": ["medical"], "province": "cm", "slug": "8899210207652", "rank": 1}}, {"type": "Feature", "geometry": {"type": "Point", "coordinates": [99.04277, 18.80971]}, "properties": {"id": "cm-moph-8899210207655", "name": "โรงพยาบาลส่งเสริมสุขภาพตำบลบ้านสันพระเนตร ตำบลสันพระเนตร", "nameTh": "โรงพยาบาลส่งเสริมสุขภาพตำบลบ้านสันพระเนตร ตำบลสันพระเนตร", "nameEn": null, "cat": ["medical"], "province": "cm", "slug": "8899210207655", "rank": 1}}, {"type": "Feature", "geometry": {"type": "Point", "coordinates": [98.87225, 18.56022]}, "properties": {"id": "cm-moph-8899210207656", "name": "โรงพยาบาลส่งเสริมสุขภาพตำบลบ้านสันห่าว", "nameTh": "โรงพยาบาลส่งเสริมสุขภาพตำบลบ้านสันห่าว", "nameEn": null, "cat": ["medical"], "province": "cm", "slug": "8899210207656", "rank": 1}}, {"type": "Feature", "geometry": {"type": "Point", "coordinates": [99.15141, 18.73948]}, "properties": {"id": "cm-moph-8899210207645", "name": "โรงพยาบาลส่งเสริมสุขภาพตำบลบ้านสันโค้ง ตำบลทรายมูล", "nameTh": "โรงพยาบาลส่งเสริมสุขภาพตำบลบ้านสันโค้ง ตำบลทรายมูล", "nameEn": null, "cat": ["medical"], "province": "cm", "slug": "8899210207645", "rank": 1}}, {"type": "Feature", "geometry": {"type": "Point", "coordinates": [99.29971, 19.34421]}, "properties": {"id": "cm-moph-8899210207657", "name": "โรงพยาบาลส่งเสริมสุขภาพตำบลบ้านสามลี่", "nameTh": "โรงพยาบาลส่งเสริมสุขภาพตำบลบ้านสามลี่", "nameEn": null, "cat": ["medical"], "province": "cm", "slug": "8899210207657", "rank": 1}}, {"type": "Feature", "geometry": {"type": "Point", "coordinates": [98.84419, 18.51678]}, "properties": {"id": "cm-moph-8899210207658", "name": "โรงพยาบาลส่งเสริมสุขภาพตำบลบ้านสามหลัง ตำบลสองแคว", "nameTh": "โรงพยาบาลส่งเสริมสุขภาพตำบลบ้านสามหลัง ตำบลสองแคว", "nameEn": null, "cat": ["medical"], "province": "cm", "slug": "8899210207658", "rank": 1}}, {"type": "Feature", "geometry": {"type": "Point", "coordinates": [98.91764, 18.96013]}, "properties": {"id": "cm-moph-8899210207662", "name": "โรงพยาบาลส่งเสริมสุขภาพตำบลบ้านหนองปลามัน ตำบลห้วยทราย", "nameTh": "โรงพยาบาลส่งเสริมสุขภาพตำบลบ้านหนองปลามัน ตำบลห้วยทราย", "nameEn": null, "cat": ["medical"], "province": "cm", "slug": "8899210207662", "rank": 1}}, {"type": "Feature", "geometry": {"type": "Point", "coordinates": [99.16677, 19.4253]}, "properties": {"id": "cm-moph-8899210207663", "name": "โรงพยาบาลส่งเสริมสุขภาพตำบลบ้านหนองปิด ตำบลสันทราย", "nameTh": "โรงพยาบาลส่งเสริมสุขภาพตำบลบ้านหนองปิด ตำบลสันทราย", "nameEn": null, "cat": ["medical"], "province": "cm", "slug": "8899210207663", "rank": 1}}, {"type": "Feature", "geometry": {"type": "Point", "coordinates": [99.01663, 18.73339]}, "properties": {"id": "cm-moph-8899210207664", "name": "โรงพยาบาลส่งเสริมสุขภาพตำบลบ้านหนองผึ้ง ตำบลหนองผึ้ง", "nameTh": "โรงพยาบาลส่งเสริมสุขภาพตำบลบ้านหนองผึ้ง ตำบลหนองผึ้ง", "nameEn": null, "cat": ["medical"], "province": "cm", "slug": "8899210207664", "rank": 1}}, {"type": "Feature", "geometry": {"type": "Point", "coordinates": [98.74027, 18.45389]}, "properties": {"id": "cm-moph-8899210207669", "name": "โรงพยาบาลส่งเสริมสุขภาพตำบลบ้านหนองห่าย ตำบลข่วงเปา", "nameTh": "โรงพยาบาลส่งเสริมสุขภาพตำบลบ้านหนองห่าย ตำบลข่วงเปา", "nameEn": null, "cat": ["medical"], "province": "cm", "slug": "8899210207669", "rank": 1}}, {"type": "Feature", "geometry": {"type": "Point", "coordinates": [98.83519, 18.67189]}, "properties": {"id": "cm-moph-8899210207668", "name": "โรงพยาบาลส่งเสริมสุขภาพตำบลบ้านหนองห้า ตำบลน้ำบ่อหลวง", "nameTh": "โรงพยาบาลส่งเสริมสุขภาพตำบลบ้านหนองห้า ตำบลน้ำบ่อหลวง", "nameEn": null, "cat": ["medical"], "province": "cm", "slug": "8899210207668", "rank": 1}}, {"type": "Feature", "geometry": {"type": "Point", "coordinates": [99.19893, 19.84567]}, "properties": {"id": "cm-moph-8899210207670", "name": "โรงพยาบาลส่งเสริมสุขภาพตำบลบ้านหนองฮ่าง ตำบลแม่คะ", "nameTh": "โรงพยาบาลส่งเสริมสุขภาพตำบลบ้านหนองฮ่าง ตำบลแม่คะ", "nameEn": null, "cat": ["medical"], "province": "cm", "slug": "8899210207670", "rank": 1}}, {"type": "Feature", "geometry": {"type": "Point", "coordinates": [98.55458, 18.67893]}, "properties": {"id": "cm-moph-8899210207661", "name": "โรงพยาบาลส่งเสริมสุขภาพตำบลบ้านหนองเต่า ตำบลแม่วิน", "nameTh": "โรงพยาบาลส่งเสริมสุขภาพตำบลบ้านหนองเต่า ตำบลแม่วิน", "nameEn": null, "cat": ["medical"], "province": "cm", "slug": "8899210207661", "rank": 1}}, {"type": "Feature", "geometry": {"type": "Point", "coordinates": [99.02074, 18.6947]}, "properties": {"id": "cm-moph-8899210207665", "name": "โรงพยาบาลส่งเสริมสุขภาพตำบลบ้านหนองแฝก ตำบลหนองแฝก", "nameTh": "โรงพยาบาลส่งเสริมสุขภาพตำบลบ้านหนองแฝก ตำบลหนองแฝก", "nameEn": null, "cat": ["medical"], "province": "cm", "slug": "8899210207665", "rank": 1}}, {"type": "Feature", "geometry": {"type": "Point", "coordinates": [99.01997, 18.84693]}, "properties": {"id": "cm-moph-8899210207659", "name": "โรงพยาบาลส่งเสริมสุขภาพตำบลบ้านหนองไคร้ ตำบลหนองจ๊อม", "nameTh": "โรงพยาบาลส่งเสริมสุขภาพตำบลบ้านหนองไคร้ ตำบลหนองจ๊อม", "nameEn": null, "cat": ["medical"], "province": "cm", "slug": "8899210207659", "rank": 1}}, {"type": "Feature", "geometry": {"type": "Point", "coordinates": [98.93982, 18.60101]}, "properties": {"id": "cm-moph-8899210207660", "name": "โรงพยาบาลส่งเสริมสุขภาพตำบลบ้านหนองไคร้ ตำบลหนองตอง", "nameTh": "โรงพยาบาลส่งเสริมสุขภาพตำบลบ้านหนองไคร้ ตำบลหนองตอง", "nameEn": null, "cat": ["medical"], "province": "cm", "slug": "8899210207660", "rank": 1}}, {"type": "Feature", "geometry": {"type": "Point", "coordinates": [99.29002, 19.91766]}, "properties": {"id": "cm-moph-8899210207671", "name": "โรงพยาบาลส่งเสริมสุขภาพตำบลบ้านหลวง ตำบลบ้านหลวง", "nameTh": "โรงพยาบาลส่งเสริมสุขภาพตำบลบ้านหลวง ตำบลบ้านหลวง", "nameEn": null, "cat": ["medical"], "province": "cm", "slug": "8899210207671", "rank": 1}}, {"type": "Feature", "geometry": {"type": "Point", "coordinates": [99.1731, 19.08091]}, "properties": {"id": "cm-moph-8899210207672", "name": "โรงพยาบาลส่งเสริมสุขภาพตำบลบ้านหลวง ตำบลโหล่งขอด", "nameTh": "โรงพยาบาลส่งเสริมสุขภาพตำบลบ้านหลวง ตำบลโหล่งขอด", "nameEn": null, "cat": ["medical"], "province": "cm", "slug": "8899210207672", "rank": 1}}, {"type": "Feature", "geometry": {"type": "Point", "coordinates": [98.97361, 18.66622]}, "properties": {"id": "cm-moph-8899210207687", "name": "โรงพยาบาลส่งเสริมสุขภาพตำบลบ้านหัวดง ตำบลขัวมุง", "nameTh": "โรงพยาบาลส่งเสริมสุขภาพตำบลบ้านหัวดง ตำบลขัวมุง", "nameEn": null, "cat": ["medical"], "province": "cm", "slug": "8899210207687", "rank": 1}}, {"type": "Feature", "geometry": {"type": "Point", "coordinates": [99.25616, 18.79678]}, "properties": {"id": "cm-moph-8899210207689", "name": "โรงพยาบาลส่งเสริมสุขภาพตำบลบ้านหัวฝาย ตำบลออนเหนือ", "nameTh": "โรงพยาบาลส่งเสริมสุขภาพตำบลบ้านหัวฝาย ตำบลออนเหนือ", "nameEn": null, "cat": ["medical"], "province": "cm", "slug": "8899210207689", "rank": 1}}, {"type": "Feature", "geometry": {"type": "Point", "coordinates": [99.02895, 19.1196]}, "properties": {"id": "cm-moph-8899210207688", "name": "โรงพยาบาลส่งเสริมสุขภาพตำบลบ้านหัวฝาย ตำบลแม่หอพระ", "nameTh": "โรงพยาบาลส่งเสริมสุขภาพตำบลบ้านหัวฝาย ตำบลแม่หอพระ", "nameEn": null, "cat": ["medical"], "province": "cm", "slug": "8899210207688", "rank": 1}}, {"type": "Feature", "geometry": {"type": "Point", "coordinates": [98.8403, 18.59675]}, "properties": {"id": "cm-moph-8899210207690", "name": "โรงพยาบาลส่งเสริมสุขภาพตำบลบ้านหัวริน ตำบลทุ่งสะโตก", "nameTh": "โรงพยาบาลส่งเสริมสุขภาพตำบลบ้านหัวริน ตำบลทุ่งสะโตก", "nameEn": null, "cat": ["medical"], "province": "cm", "slug": "8899210207690", "rank": 1}}, {"type": "Feature", "geometry": {"type": "Point", "coordinates": [99.17474, 19.89096]}, "properties": {"id": "cm-moph-8899210207675", "name": "โรงพยาบาลส่งเสริมสุขภาพตำบลบ้านห้วยงูนอก ตำบลสันทราย", "nameTh": "โรงพยาบาลส่งเสริมสุขภาพตำบลบ้านห้วยงูนอก ตำบลสันทราย", "nameEn": null, "cat": ["medical"], "province": "cm", "slug": "8899210207675", "rank": 1}}, {"type": "Feature", "geometry": {"type": "Point", "coordinates": [98.61267, 18.22671]}, "properties": {"id": "cm-moph-8899210207676", "name": "โรงพยาบาลส่งเสริมสุขภาพตำบลบ้านห้วยทราย ตำบลบ้านแปะ", "nameTh": "โรงพยาบาลส่งเสริมสุขภาพตำบลบ้านห้วยทราย ตำบลบ้านแปะ", "nameEn": null, "cat": ["medical"], "province": "cm", "slug": "8899210207676", "rank": 1}}, {"type": "Feature", "geometry": {"type": "Point", "coordinates": [99.26991, 18.59993]}, "properties": {"id": "cm-moph-8899210207677", "name": "โรงพยาบาลส่งเสริมสุขภาพตำบลบ้านห้วยทราย ตำบลแม่ทา", "nameTh": "โรงพยาบาลส่งเสริมสุขภาพตำบลบ้านห้วยทราย ตำบลแม่ทา", "nameEn": null, "cat": ["medical"], "province": "cm", "slug": "8899210207677", "rank": 1}}, {"type": "Feature", "geometry": {"type": "Point", "coordinates": [98.48624, 17.37629]}, "properties": {"id": "cm-moph-8899210207678", "name": "โรงพยาบาลส่งเสริมสุขภาพตำบลบ้านห้วยน้ำขาว ตำบลม่อนจอง", "nameTh": "โรงพยาบาลส่งเสริมสุขภาพตำบลบ้านห้วยน้ำขาว ตำบลม่อนจอง", "nameEn": null, "cat": ["medical"], "province": "cm", "slug": "8899210207678", "rank": 1}}, {"type": "Feature", "geometry": {"type": "Point", "coordinates": [98.29867, 19.03942]}, "properties": {"id": "cm-moph-8899210207679", "name": "โรงพยาบาลส่งเสริมสุขภาพตำบลบ้านห้วยบง ตำบลบ้านจันทร์", "nameTh": "โรงพยาบาลส่งเสริมสุขภาพตำบลบ้านห้วยบง ตำบลบ้านจันทร์", "nameEn": null, "cat": ["medical"], "province": "cm", "slug": "8899210207679", "rank": 1}}, {"type": "Feature", "geometry": {"type": "Point", "coordinates": [99.17863, 18.83405]}, "properties": {"id": "cm-moph-8899210207680", "name": "โรงพยาบาลส่งเสริมสุขภาพตำบลบ้านห้วยบ่อทอง", "nameTh": "โรงพยาบาลส่งเสริมสุขภาพตำบลบ้านห้วยบ่อทอง", "nameEn": null, "cat": ["medical"], "province": "cm", "slug": "8899210207680", "rank": 1}}, {"type": "Feature", "geometry": {"type": "Point", "coordinates": [99.25681, 19.9992]}, "properties": {"id": "cm-moph-8899210207681", "name": "โรงพยาบาลส่งเสริมสุขภาพตำบลบ้านห้วยป่าซาง ตำบลแม่สาว", "nameTh": "โรงพยาบาลส่งเสริมสุขภาพตำบลบ้านห้วยป่าซาง ตำบลแม่สาว", "nameEn": null, "cat": ["medical"], "province": "cm", "slug": "8899210207681", "rank": 1}}, {"type": "Feature", "geometry": {"type": "Point", "coordinates": [98.72846, 18.25446]}, "properties": {"id": "cm-moph-8899210207684", "name": "โรงพยาบาลส่งเสริมสุขภาพตำบลบ้านห้วยม่วงฝั่งซ้าย ตำบลแม่สอย", "nameTh": "โรงพยาบาลส่งเสริมสุขภาพตำบลบ้านห้วยม่วงฝั่งซ้าย ตำบลแม่สอย", "nameEn": null, "cat": ["medical"], "province": "cm", "slug": "8899210207684", "rank": 1}}, {"type": "Feature", "geometry": {"type": "Point", "coordinates": [98.88179, 18.6617]}, "properties": {"id": "cm-moph-8899210207685", "name": "โรงพยาบาลส่งเสริมสุขภาพตำบลบ้านห้วยส้ม ตำบลสันกลาง", "nameTh": "โรงพยาบาลส่งเสริมสุขภาพตำบลบ้านห้วยส้ม ตำบลสันกลาง", "nameEn": null, "cat": ["medical"], "province": "cm", "slug": "8899210207685", "rank": 1}}, {"type": "Feature", "geometry": {"type": "Point", "coordinates": [99.33592, 19.04088]}, "properties": {"id": "cm-moph-8899210207686", "name": "โรงพยาบาลส่งเสริมสุขภาพตำบลบ้านห้วยหม้อ(สมเด็จ) ตำบลป่าเมี่ยง", "nameTh": "โรงพยาบาลส่งเสริมสุขภาพตำบลบ้านห้วยหม้อ(สมเด็จ) ตำบลป่าเมี่ยง", "nameEn": null, "cat": ["medical"], "province": "cm", "slug": "8899210207686", "rank": 1}}, {"type": "Feature", "geometry": {"type": "Point", "coordinates": [98.76397, 18.45045]}, "properties": {"id": "cm-moph-8899210207682", "name": "โรงพยาบาลส่งเสริมสุขภาพตำบลบ้านห้วยเปายง ตำบลดอยหล่อ", "nameTh": "โรงพยาบาลส่งเสริมสุขภาพตำบลบ้านห้วยเปายง ตำบลดอยหล่อ", "nameEn": null, "cat": ["medical"], "province": "cm", "slug": "8899210207682", "rank": 1}}, {"type": "Feature", "geometry": {"type": "Point", "coordinates": [99.27697, 18.85974]}, "properties": {"id": "cm-moph-8899210207673", "name": "โรงพยาบาลส่งเสริมสุขภาพตำบลบ้านห้วยแก้ว ตำบลห้วยแก้ว", "nameTh": "โรงพยาบาลส่งเสริมสุขภาพตำบลบ้านห้วยแก้ว ตำบลห้วยแก้ว", "nameEn": null, "cat": ["medical"], "province": "cm", "slug": "8899210207673", "rank": 1}}, {"type": "Feature", "geometry": {"type": "Point", "coordinates": [99.21542, 19.81434]}, "properties": {"id": "cm-moph-8899210207674", "name": "โรงพยาบาลส่งเสริมสุขภาพตำบลบ้านห้วยไคร้ ตำบลแม่คะ", "nameTh": "โรงพยาบาลส่งเสริมสุขภาพตำบลบ้านห้วยไคร้ ตำบลแม่คะ", "nameEn": null, "cat": ["medical"], "province": "cm", "slug": "8899210207674", "rank": 1}}, {"type": "Feature", "geometry": {"type": "Point", "coordinates": [99.14105, 19.72393]}, "properties": {"id": "cm-moph-8899210207683", "name": "โรงพยาบาลส่งเสริมสุขภาพตำบลบ้านห้วยไผ่ ตำบลหนองบัว", "nameTh": "โรงพยาบาลส่งเสริมสุขภาพตำบลบ้านห้วยไผ่ ตำบลหนองบัว", "nameEn": null, "cat": ["medical"], "province": "cm", "slug": "8899210207683", "rank": 1}}, {"type": "Feature", "geometry": {"type": "Point", "coordinates": [98.60252, 18.91405]}, "properties": {"id": "cm-moph-8899210207701", "name": "โรงพยาบาลส่งเสริมสุขภาพตำบลบ้านอมลอง ตำบลแม่สาบ", "nameTh": "โรงพยาบาลส่งเสริมสุขภาพตำบลบ้านอมลอง ตำบลแม่สาบ", "nameEn": null, "cat": ["medical"], "province": "cm", "slug": "8899210207701", "rank": 1}}, {"type": "Feature", "geometry": {"type": "Point", "coordinates": [98.96511, 19.74119]}, "properties": {"id": "cm-moph-8899210207702", "name": "โรงพยาบาลส่งเสริมสุขภาพตำบลบ้านอรุโณทัย ตำบลเมืองนะ", "nameTh": "โรงพยาบาลส่งเสริมสุขภาพตำบลบ้านอรุโณทัย ตำบลเมืองนะ", "nameEn": null, "cat": ["medical"], "province": "cm", "slug": "8899210207702", "rank": 1}}, {"type": "Feature", "geometry": {"type": "Point", "coordinates": [99.25026, 18.76771]}, "properties": {"id": "cm-moph-8899210207703", "name": "โรงพยาบาลส่งเสริมสุขภาพตำบลบ้านออนกลาง ตำบลออนกลาง", "nameTh": "โรงพยาบาลส่งเสริมสุขภาพตำบลบ้านออนกลาง ตำบลออนกลาง", "nameEn": null, "cat": ["medical"], "province": "cm", "slug": "8899210207703", "rank": 1}}, {"type": "Feature", "geometry": {"type": "Point", "coordinates": [98.79503, 19.18161]}, "properties": {"id": "cm-moph-8899210207704", "name": "โรงพยาบาลส่งเสริมสุขภาพตำบลบ้านออบ ตำบลเมืองก๋าย", "nameTh": "โรงพยาบาลส่งเสริมสุขภาพตำบลบ้านออบ ตำบลเมืองก๋าย", "nameEn": null, "cat": ["medical"], "province": "cm", "slug": "8899210207704", "rank": 1}}, {"type": "Feature", "geometry": {"type": "Point", "coordinates": [98.22175, 17.90402]}, "properties": {"id": "cm-moph-8899210207705", "name": "โรงพยาบาลส่งเสริมสุขภาพตำบลบ้านอูตูม ตำบลนาเกียน", "nameTh": "โรงพยาบาลส่งเสริมสุขภาพตำบลบ้านอูตูม ตำบลนาเกียน", "nameEn": null, "cat": ["medical"], "province": "cm", "slug": "8899210207705", "rank": 1}}, {"type": "Feature", "geometry": {"type": "Point", "coordinates": [98.9812, 18.97838]}, "properties": {"id": "cm-moph-8899210206615", "name": "โรงพยาบาลส่งเสริมสุขภาพตำบลบ้านเจดีย์แม่ครัว ตำบลแม่แฝกใหม่", "nameTh": "โรงพยาบาลส่งเสริมสุขภาพตำบลบ้านเจดีย์แม่ครัว ตำบลแม่แฝกใหม่", "nameEn": null, "cat": ["medical"], "province": "cm", "slug": "8899210206615", "rank": 1}}, {"type": "Feature", "geometry": {"type": "Point", "coordinates": [98.97032, 18.80999]}, "properties": {"id": "cm-moph-8899210206614", "name": "โรงพยาบาลส่งเสริมสุขภาพตำบลบ้านเจ็ดยอด ตำบลช้างเผือก", "nameTh": "โรงพยาบาลส่งเสริมสุขภาพตำบลบ้านเจ็ดยอด ตำบลช้างเผือก", "nameEn": null, "cat": ["medical"], "province": "cm", "slug": "8899210206614", "rank": 1}}, {"type": "Feature", "geometry": {"type": "Point", "coordinates": [98.83642, 18.55215]}, "properties": {"id": "cm-moph-8899210206634", "name": "โรงพยาบาลส่งเสริมสุขภาพตำบลบ้านเตาไห  ตำบลทุ่งรวงทอง", "nameTh": "โรงพยาบาลส่งเสริมสุขภาพตำบลบ้านเตาไห  ตำบลทุ่งรวงทอง", "nameEn": null, "cat": ["medical"], "province": "cm", "slug": "8899210206634", "rank": 1}}, {"type": "Feature", "geometry": {"type": "Point", "coordinates": [98.85298, 18.61173]}, "properties": {"id": "cm-moph-8899210207561", "name": "โรงพยาบาลส่งเสริมสุขภาพตำบลบ้านเปียง ตำบลบ้านแม", "nameTh": "โรงพยาบาลส่งเสริมสุขภาพตำบลบ้านเปียง ตำบลบ้านแม", "nameEn": null, "cat": ["medical"], "province": "cm", "slug": "8899210207561", "rank": 1}}, {"type": "Feature", "geometry": {"type": "Point", "coordinates": [98.62817, 19.6797]}, "properties": {"id": "cm-moph-8899210207562", "name": "โรงพยาบาลส่งเสริมสุขภาพตำบลบ้านเปียงหลวง ตำบลเปียงหลวง", "nameTh": "โรงพยาบาลส่งเสริมสุขภาพตำบลบ้านเปียงหลวง ตำบลเปียงหลวง", "nameEn": null, "cat": ["medical"], "province": "cm", "slug": "8899210207562", "rank": 1}}, {"type": "Feature", "geometry": {"type": "Point", "coordinates": [98.99995, 19.18874]}, "properties": {"id": "cm-moph-8899210207560", "name": "โรงพยาบาลส่งเสริมสุขภาพตำบลบ้านเป้า ตำบลบ้านเป้า", "nameTh": "โรงพยาบาลส่งเสริมสุขภาพตำบลบ้านเป้า ตำบลบ้านเป้า", "nameEn": null, "cat": ["medical"], "province": "cm", "slug": "8899210207560", "rank": 1}}, {"type": "Feature", "geometry": {"type": "Point", "coordinates": [98.6575, 18.47481]}, "properties": {"id": "cm-moph-8899210207579", "name": "โรงพยาบาลส่งเสริมสุขภาพตำบลบ้านเมืองกลาง ตำบลบ้านหลวง", "nameTh": "โรงพยาบาลส่งเสริมสุขภาพตำบลบ้านเมืองกลาง ตำบลบ้านหลวง", "nameEn": null, "cat": ["medical"], "province": "cm", "slug": "8899210207579", "rank": 1}}, {"type": "Feature", "geometry": {"type": "Point", "coordinates": [98.96523, 19.4623]}, "properties": {"id": "cm-moph-8899210207580", "name": "โรงพยาบาลส่งเสริมสุขภาพตำบลบ้านเมืองงาย ตำบลเมืองงาย", "nameTh": "โรงพยาบาลส่งเสริมสุขภาพตำบลบ้านเมืองงาย ตำบลเมืองงาย", "nameEn": null, "cat": ["medical"], "province": "cm", "slug": "8899210207580", "rank": 1}}, {"type": "Feature", "geometry": {"type": "Point", "coordinates": [99.08202, 18.88441]}, "properties": {"id": "cm-moph-8899210207581", "name": "โรงพยาบาลส่งเสริมสุขภาพตำบลบ้านเมืองวะ ตำบลเมืองเล็น", "nameTh": "โรงพยาบาลส่งเสริมสุขภาพตำบลบ้านเมืองวะ ตำบลเมืองเล็น", "nameEn": null, "cat": ["medical"], "province": "cm", "slug": "8899210207581", "rank": 1}}, {"type": "Feature", "geometry": {"type": "Point", "coordinates": [98.93975, 18.93377]}, "properties": {"id": "cm-moph-8899210207691", "name": "โรงพยาบาลส่งเสริมสุขภาพตำบลบ้านเหมืองผ่า ตำบลริมเหนือ", "nameTh": "โรงพยาบาลส่งเสริมสุขภาพตำบลบ้านเหมืองผ่า ตำบลริมเหนือ", "nameEn": null, "cat": ["medical"], "province": "cm", "slug": "8899210207691", "rank": 1}}, {"type": "Feature", "geometry": {"type": "Point", "coordinates": [98.81344, 19.68279]}, "properties": {"id": "cm-moph-8899210206325", "name": "โรงพยาบาลส่งเสริมสุขภาพตำบลบ้านแกน้อย", "nameTh": "โรงพยาบาลส่งเสริมสุขภาพตำบลบ้านแกน้อย", "nameEn": null, "cat": ["medical"], "province": "cm", "slug": "8899210206325", "rank": 1}}, {"type": "Feature", "geometry": {"type": "Point", "coordinates": [99.00004, 18.65236]}, "properties": {"id": "cm-moph-8899210206335", "name": "โรงพยาบาลส่งเสริมสุขภาพตำบลบ้านแคว ตำบลท่ากว้าง", "nameTh": "โรงพยาบาลส่งเสริมสุขภาพตำบลบ้านแคว ตำบลท่ากว้าง", "nameEn": null, "cat": ["medical"], "province": "cm", "slug": "8899210206335", "rank": 1}}, {"type": "Feature", "geometry": {"type": "Point", "coordinates": [98.60659, 18.11125]}, "properties": {"id": "cm-moph-8899210206336", "name": "โรงพยาบาลส่งเสริมสุขภาพตำบลบ้านแควมะกอก ตำบลฮอด", "nameTh": "โรงพยาบาลส่งเสริมสุขภาพตำบลบ้านแควมะกอก ตำบลฮอด", "nameEn": null, "cat": ["medical"], "province": "cm", "slug": "8899210206336", "rank": 1}}, {"type": "Feature", "geometry": {"type": "Point", "coordinates": [98.68164, 18.35318]}, "properties": {"id": "cm-moph-8899210206659", "name": "โรงพยาบาลส่งเสริมสุขภาพตำบลบ้านแท่นดอกไม้ ตำบลสบเตี๊ยะ", "nameTh": "โรงพยาบาลส่งเสริมสุขภาพตำบลบ้านแท่นดอกไม้ ตำบลสบเตี๊ยะ", "nameEn": null, "cat": ["medical"], "province": "cm", "slug": "8899210206659", "rank": 1}}, {"type": "Feature", "geometry": {"type": "Point", "coordinates": [98.713, 17.93742]}, "properties": {"id": "cm-moph-8899210207563", "name": "โรงพยาบาลส่งเสริมสุขภาพตำบลบ้านแปลง 1 ตำบลมืดกา", "nameTh": "โรงพยาบาลส่งเสริมสุขภาพตำบลบ้านแปลง 1 ตำบลมืดกา", "nameEn": null, "cat": ["medical"], "province": "cm", "slug": "1-8899210207563", "rank": 1}}, {"type": "Feature", "geometry": {"type": "Point", "coordinates": [99.19306, 19.33509]}, "properties": {"id": "cm-moph-8899210207571", "name": "โรงพยาบาลส่งเสริมสุขภาพตำบลบ้านแพะ  ตำบลเขื่อนผาก", "nameTh": "โรงพยาบาลส่งเสริมสุขภาพตำบลบ้านแพะ  ตำบลเขื่อนผาก", "nameEn": null, "cat": ["medical"], "province": "cm", "slug": "8899210207571", "rank": 1}}, {"type": "Feature", "geometry": {"type": "Point", "coordinates": [98.91938, 18.6095]}, "properties": {"id": "cm-moph-8899210207584", "name": "โรงพยาบาลส่งเสริมสุขภาพตำบลบ้านแม่กุ้งหลวง ตำบลทุ่งต้อม", "nameTh": "โรงพยาบาลส่งเสริมสุขภาพตำบลบ้านแม่กุ้งหลวง ตำบลทุ่งต้อม", "nameEn": null, "cat": ["medical"], "province": "cm", "slug": "8899210207584", "rank": 1}}, {"type": "Feature", "geometry": {"type": "Point", "coordinates": [99.11819, 18.81007]}, "properties": {"id": "cm-moph-8899210207582", "name": "โรงพยาบาลส่งเสริมสุขภาพตำบลบ้านแม่ก๊ะ ตำบลตลาดใหญ่", "nameTh": "โรงพยาบาลส่งเสริมสุขภาพตำบลบ้านแม่ก๊ะ ตำบลตลาดใหญ่", "nameEn": null, "cat": ["medical"], "province": "cm", "slug": "8899210207582", "rank": 1}}, {"type": "Feature", "geometry": {"type": "Point", "coordinates": [98.9287, 19.14036]}, "properties": {"id": "cm-moph-8899210207583", "name": "โรงพยาบาลส่งเสริมสุขภาพตำบลบ้านแม่ก๊ะ ตำบลแม่แตง", "nameTh": "โรงพยาบาลส่งเสริมสุขภาพตำบลบ้านแม่ก๊ะ ตำบลแม่แตง", "nameEn": null, "cat": ["medical"], "province": "cm", "slug": "8899210207583", "rank": 1}}, {"type": "Feature", "geometry": {"type": "Point", "coordinates": [99.16406, 19.78671]}, "properties": {"id": "cm-moph-8899210207585", "name": "โรงพยาบาลส่งเสริมสุขภาพตำบลบ้านแม่ข่า ตำบลแม่ข่า", "nameTh": "โรงพยาบาลส่งเสริมสุขภาพตำบลบ้านแม่ข่า ตำบลแม่ข่า", "nameEn": null, "cat": ["medical"], "province": "cm", "slug": "8899210207585", "rank": 1}}, {"type": "Feature", "geometry": {"type": "Point", "coordinates": [99.1462, 19.80489]}, "properties": {"id": "cm-moph-8899210207586", "name": "โรงพยาบาลส่งเสริมสุขภาพตำบลบ้านแม่งอนกลาง ตำบลแม่งอน", "nameTh": "โรงพยาบาลส่งเสริมสุขภาพตำบลบ้านแม่งอนกลาง ตำบลแม่งอน", "nameEn": null, "cat": ["medical"], "province": "cm", "slug": "8899210207586", "rank": 1}}, {"type": "Feature", "geometry": {"type": "Point", "coordinates": [98.55837, 18.03948]}, "properties": {"id": "cm-moph-8899210207587", "name": "โรงพยาบาลส่งเสริมสุขภาพตำบลบ้านแม่งูด ตำบลนาคอเรือ", "nameTh": "โรงพยาบาลส่งเสริมสุขภาพตำบลบ้านแม่งูด ตำบลนาคอเรือ", "nameEn": null, "cat": ["medical"], "province": "cm", "slug": "8899210207587", "rank": 1}}, {"type": "Feature", "geometry": {"type": "Point", "coordinates": [98.33056, 18.81225]}, "properties": {"id": "cm-moph-8899210207588", "name": "โรงพยาบาลส่งเสริมสุขภาพตำบลบ้านแม่ซา ตำบลแม่นาจร", "nameTh": "โรงพยาบาลส่งเสริมสุขภาพตำบลบ้านแม่ซา ตำบลแม่นาจร", "nameEn": null, "cat": ["medical"], "province": "cm", "slug": "8899210207588", "rank": 1}}, {"type": "Feature", "geometry": {"type": "Point", "coordinates": [98.8903, 19.20269]}, "properties": {"id": "cm-moph-8899210207590", "name": "โรงพยาบาลส่งเสริมสุขภาพตำบลบ้านแม่ตะมาน ตำบลกื้ดช้าง", "nameTh": "โรงพยาบาลส่งเสริมสุขภาพตำบลบ้านแม่ตะมาน ตำบลกื้ดช้าง", "nameEn": null, "cat": ["medical"], "province": "cm", "slug": "8899210207590", "rank": 1}}, {"type": "Feature", "geometry": {"type": "Point", "coordinates": [98.81028, 17.94632]}, "properties": {"id": "cm-moph-8899210207592", "name": "โรงพยาบาลส่งเสริมสุขภาพตำบลบ้านแม่ตูบ ตำบลโป่งทุ่ง", "nameTh": "โรงพยาบาลส่งเสริมสุขภาพตำบลบ้านแม่ตูบ ตำบลโป่งทุ่ง", "nameEn": null, "cat": ["medical"], "province": "cm", "slug": "8899210207592", "rank": 1}}, {"type": "Feature", "geometry": {"type": "Point", "coordinates": [98.9553, 19.33145]}, "properties": {"id": "cm-moph-8899210207595", "name": "โรงพยาบาลส่งเสริมสุขภาพตำบลบ้านแม่นะ ตำบลแม่นะ", "nameTh": "โรงพยาบาลส่งเสริมสุขภาพตำบลบ้านแม่นะ ตำบลแม่นะ", "nameEn": null, "cat": ["medical"], "province": "cm", "slug": "8899210207595", "rank": 1}}, {"type": "Feature", "geometry": {"type": "Point", "coordinates": [98.37876, 18.68024]}, "properties": {"id": "cm-moph-8899210207596", "name": "โรงพยาบาลส่งเสริมสุขภาพตำบลบ้านแม่นาจร ตำบลแม่นาจร", "nameTh": "โรงพยาบาลส่งเสริมสุขภาพตำบลบ้านแม่นาจร ตำบลแม่นาจร", "nameEn": null, "cat": ["medical"], "province": "cm", "slug": "8899210207596", "rank": 1}}, {"type": "Feature", "geometry": {"type": "Point", "coordinates": [99.18444, 19.21656]}, "properties": {"id": "cm-moph-8899210207597", "name": "โรงพยาบาลส่งเสริมสุขภาพตำบลบ้านแม่ปั๋ง ตำบลแม่ปั๋ง", "nameTh": "โรงพยาบาลส่งเสริมสุขภาพตำบลบ้านแม่ปั๋ง ตำบลแม่ปั๋ง", "nameEn": null, "cat": ["medical"], "province": "cm", "slug": "8899210207597", "rank": 1}}, {"type": "Feature", "geometry": {"type": "Point", "coordinates": [99.20393, 18.7267]}, "properties": {"id": "cm-moph-8899210207598", "name": "โรงพยาบาลส่งเสริมสุขภาพตำบลบ้านแม่ผาแหน ตำบลออนใต้", "nameTh": "โรงพยาบาลส่งเสริมสุขภาพตำบลบ้านแม่ผาแหน ตำบลออนใต้", "nameEn": null, "cat": ["medical"], "province": "cm", "slug": "8899210207598", "rank": 1}}, {"type": "Feature", "geometry": {"type": "Point", "coordinates": [98.27309, 19.00478]}, "properties": {"id": "cm-moph-8899210207600", "name": "โรงพยาบาลส่งเสริมสุขภาพตำบลบ้านแม่ละอูป ตำบลแจ่มหลวง", "nameTh": "โรงพยาบาลส่งเสริมสุขภาพตำบลบ้านแม่ละอูป ตำบลแจ่มหลวง", "nameEn": null, "cat": ["medical"], "province": "cm", "slug": "8899210207600", "rank": 1}}, {"type": "Feature", "geometry": {"type": "Point", "coordinates": [98.95891, 18.89249]}, "properties": {"id": "cm-moph-8899210207601", "name": "โรงพยาบาลส่งเสริมสุขภาพตำบลบ้านแม่สาหลวง ตำบลแม่สา", "nameTh": "โรงพยาบาลส่งเสริมสุขภาพตำบลบ้านแม่สาหลวง ตำบลแม่สา", "nameEn": null, "cat": ["medical"], "province": "cm", "slug": "8899210207601", "rank": 1}}, {"type": "Feature", "geometry": {"type": "Point", "coordinates": [98.21496, 17.66202]}, "properties": {"id": "cm-moph-8899210207603", "name": "โรงพยาบาลส่งเสริมสุขภาพตำบลบ้านแม่หลองหลวง ตำบลสบโขง", "nameTh": "โรงพยาบาลส่งเสริมสุขภาพตำบลบ้านแม่หลองหลวง ตำบลสบโขง", "nameEn": null, "cat": ["medical"], "province": "cm", "slug": "8899210207603", "rank": 1}}, {"type": "Feature", "geometry": {"type": "Point", "coordinates": [98.67311, 18.48768]}, "properties": {"id": "cm-moph-8899210207604", "name": "โรงพยาบาลส่งเสริมสุขภาพตำบลบ้านแม่หอย ตำบลบ้านหลวง", "nameTh": "โรงพยาบาลส่งเสริมสุขภาพตำบลบ้านแม่หอย ตำบลบ้านหลวง", "nameEn": null, "cat": ["medical"], "province": "cm", "slug": "8899210207604", "rank": 1}}, {"type": "Feature", "geometry": {"type": "Point", "coordinates": [98.83714, 18.79507]}, "properties": {"id": "cm-moph-8899210207605", "name": "โรงพยาบาลส่งเสริมสุขภาพตำบลบ้านแม่ฮะ ตำบลบ้านปง", "nameTh": "โรงพยาบาลส่งเสริมสุขภาพตำบลบ้านแม่ฮะ ตำบลบ้านปง", "nameEn": null, "cat": ["medical"], "province": "cm", "slug": "8899210207605", "rank": 1}}, {"type": "Feature", "geometry": {"type": "Point", "coordinates": [99.08449, 18.91678]}, "properties": {"id": "cm-moph-8899210207606", "name": "โรงพยาบาลส่งเสริมสุขภาพตำบลบ้านแม่ฮักพัฒนา ตำบลหนองแหย่ง", "nameTh": "โรงพยาบาลส่งเสริมสุขภาพตำบลบ้านแม่ฮักพัฒนา ตำบลหนองแหย่ง", "nameEn": null, "cat": ["medical"], "province": "cm", "slug": "8899210207606", "rank": 1}}, {"type": "Feature", "geometry": {"type": "Point", "coordinates": [99.24114, 19.97965]}, "properties": {"id": "cm-moph-8899210207607", "name": "โรงพยาบาลส่งเสริมสุขภาพตำบลบ้านแม่ฮ่าง ตำบลแม่สาว", "nameTh": "โรงพยาบาลส่งเสริมสุขภาพตำบลบ้านแม่ฮ่าง ตำบลแม่สาว", "nameEn": null, "cat": ["medical"], "province": "cm", "slug": "8899210207607", "rank": 1}}, {"type": "Feature", "geometry": {"type": "Point", "coordinates": [98.65566, 18.40176]}, "properties": {"id": "cm-moph-8899210207593", "name": "โรงพยาบาลส่งเสริมสุขภาพตำบลบ้านแม่เตี๊ยะ ตำบลดอยแก้ว", "nameTh": "โรงพยาบาลส่งเสริมสุขภาพตำบลบ้านแม่เตี๊ยะ ตำบลดอยแก้ว", "nameEn": null, "cat": ["medical"], "province": "cm", "slug": "8899210207593", "rank": 1}}, {"type": "Feature", "geometry": {"type": "Point", "coordinates": [99.40908, 20.04352]}, "properties": {"id": "cm-moph-8899210207599", "name": "โรงพยาบาลส่งเสริมสุขภาพตำบลบ้านแม่เมืองน้อย ตำบลแม่นาวาง", "nameTh": "โรงพยาบาลส่งเสริมสุขภาพตำบลบ้านแม่เมืองน้อย ตำบลแม่นาวาง", "nameEn": null, "cat": ["medical"], "province": "cm", "slug": "8899210207599", "rank": 1}}, {"type": "Feature", "geometry": {"type": "Point", "coordinates": [98.41752, 18.96183]}, "properties": {"id": "cm-moph-8899210207589", "name": "โรงพยาบาลส่งเสริมสุขภาพตำบลบ้านแม่แดดน้อย ตำบลแม่แดด", "nameTh": "โรงพยาบาลส่งเสริมสุขภาพตำบลบ้านแม่แดดน้อย ตำบลแม่แดด", "nameEn": null, "cat": ["medical"], "province": "cm", "slug": "8899210207589", "rank": 1}}, {"type": "Feature", "geometry": {"type": "Point", "coordinates": [98.44939, 18.86156]}, "properties": {"id": "cm-moph-8899210207609", "name": "โรงพยาบาลส่งเสริมสุขภาพตำบลบ้านแม่แฮเหนือ ตำบลแม่นาจร", "nameTh": "โรงพยาบาลส่งเสริมสุขภาพตำบลบ้านแม่แฮเหนือ ตำบลแม่นาจร", "nameEn": null, "cat": ["medical"], "province": "cm", "slug": "8899210207609", "rank": 1}}, {"type": "Feature", "geometry": {"type": "Point", "coordinates": [98.13887, 18.43184]}, "properties": {"id": "cm-moph-8899210207608", "name": "โรงพยาบาลส่งเสริมสุขภาพตำบลบ้านแม่แฮใต้ ตำบลปางหินฝน", "nameTh": "โรงพยาบาลส่งเสริมสุขภาพตำบลบ้านแม่แฮใต้ ตำบลปางหินฝน", "nameEn": null, "cat": ["medical"], "province": "cm", "slug": "8899210207608", "rank": 1}}, {"type": "Feature", "geometry": {"type": "Point", "coordinates": [98.20775, 18.24934]}, "properties": {"id": "cm-moph-8899210207594", "name": "โรงพยาบาลส่งเสริมสุขภาพตำบลบ้านแม่โถ ตำบลบ่อสลี", "nameTh": "โรงพยาบาลส่งเสริมสุขภาพตำบลบ้านแม่โถ ตำบลบ่อสลี", "nameEn": null, "cat": ["medical"], "province": "cm", "slug": "8899210207594", "rank": 1}}, {"type": "Feature", "geometry": {"type": "Point", "coordinates": [98.63568, 18.05189]}, "properties": {"id": "cm-moph-8899210207706", "name": "โรงพยาบาลส่งเสริมสุขภาพตำบลบ้านแอ่นจัดสรร ตำบลบ้านแอ่น", "nameTh": "โรงพยาบาลส่งเสริมสุขภาพตำบลบ้านแอ่นจัดสรร ตำบลบ้านแอ่น", "nameEn": null, "cat": ["medical"], "province": "cm", "slug": "8899210207706", "rank": 1}}, {"type": "Feature", "geometry": {"type": "Point", "coordinates": [98.80133, 18.49993]}, "properties": {"id": "cm-moph-8899210206660", "name": "โรงพยาบาลส่งเสริมสุขภาพตำบลบ้านโทกเสือ (กรป.กลาง) ตำบลดอยหล่อ", "nameTh": "โรงพยาบาลส่งเสริมสุขภาพตำบลบ้านโทกเสือ (กรป.กลาง) ตำบลดอยหล่อ", "nameEn": null, "cat": ["medical"], "province": "cm", "slug": "8899210206660", "rank": 1}}, {"type": "Feature", "geometry": {"type": "Point", "coordinates": [98.74813, 17.85271]}, "properties": {"id": "cm-moph-8899210207565", "name": "โรงพยาบาลส่งเสริมสุขภาพตำบลบ้านโปงทุ่ง ตำบลโปงทุ่ง", "nameTh": "โรงพยาบาลส่งเสริมสุขภาพตำบลบ้านโปงทุ่ง ตำบลโปงทุ่ง", "nameEn": null, "cat": ["medical"], "province": "cm", "slug": "8899210207565", "rank": 1}}, {"type": "Feature", "geometry": {"type": "Point", "coordinates": [99.2339, 18.91809]}, "properties": {"id": "cm-moph-8899210207564", "name": "โรงพยาบาลส่งเสริมสุขภาพตำบลบ้านโป่งดิน(โป่งกุ่ม)  ตำบลป่าเมี่ยง", "nameTh": "โรงพยาบาลส่งเสริมสุขภาพตำบลบ้านโป่งดิน(โป่งกุ่ม)  ตำบลป่าเมี่ยง", "nameEn": null, "cat": ["medical"], "province": "cm", "slug": "8899210207564", "rank": 1}}, {"type": "Feature", "geometry": {"type": "Point", "coordinates": [98.81925, 18.88363]}, "properties": {"id": "cm-moph-8899210207566", "name": "โรงพยาบาลส่งเสริมสุขภาพตำบลบ้านโป่งแยงใน ตำบลโป่งแยง", "nameTh": "โรงพยาบาลส่งเสริมสุขภาพตำบลบ้านโป่งแยงใน ตำบลโป่งแยง", "nameEn": null, "cat": ["medical"], "province": "cm", "slug": "8899210207566", "rank": 1}}, {"type": "Feature", "geometry": {"type": "Point", "coordinates": [98.99944, 18.75314]}, "properties": {"id": "cm-moph-8899210207622", "name": "โรงพยาบาลส่งเสริมสุขภาพตำบลบ้านโรงวัว ตำบลหนองหอย", "nameTh": "โรงพยาบาลส่งเสริมสุขภาพตำบลบ้านโรงวัว ตำบลหนองหอย", "nameEn": null, "cat": ["medical"], "province": "cm", "slug": "8899210207622", "rank": 1}}, {"type": "Feature", "geometry": {"type": "Point", "coordinates": [98.9058, 18.53058]}, "properties": {"id": "cm-moph-8899210207621", "name": "โรงพยาบาลส่งเสริมสุขภาพตำบลบ้านโรงวัว ตำบลแม่ก๊า", "nameTh": "โรงพยาบาลส่งเสริมสุขภาพตำบลบ้านโรงวัว ตำบลแม่ก๊า", "nameEn": null, "cat": ["medical"], "province": "cm", "slug": "8899210207621", "rank": 1}}, {"type": "Feature", "geometry": {"type": "Point", "coordinates": [98.35627, 18.31471]}, "properties": {"id": "cm-moph-8899210207692", "name": "โรงพยาบาลส่งเสริมสุขภาพตำบลบ้านโหล่งปง", "nameTh": "โรงพยาบาลส่งเสริมสุขภาพตำบลบ้านโหล่งปง", "nameEn": null, "cat": ["medical"], "province": "cm", "slug": "8899210207692", "rank": 1}}, {"type": "Feature", "geometry": {"type": "Point", "coordinates": [98.97352, 18.95349]}, "properties": {"id": "cm-moph-8899210207695", "name": "โรงพยาบาลส่งเสริมสุขภาพตำบลบ้านใหม่ ตำบลสันโป่ง", "nameTh": "โรงพยาบาลส่งเสริมสุขภาพตำบลบ้านใหม่ ตำบลสันโป่ง", "nameEn": null, "cat": ["medical"], "province": "cm", "slug": "8899210207695", "rank": 1}}, {"type": "Feature", "geometry": {"type": "Point", "coordinates": [98.72245, 19.3923]}, "properties": {"id": "cm-moph-8899210207693", "name": "โรงพยาบาลส่งเสริมสุขภาพตำบลบ้านใหม่ ตำบลเมืองคอง", "nameTh": "โรงพยาบาลส่งเสริมสุขภาพตำบลบ้านใหม่ ตำบลเมืองคอง", "nameEn": null, "cat": ["medical"], "province": "cm", "slug": "8899210207693", "rank": 1}}, {"type": "Feature", "geometry": {"type": "Point", "coordinates": [98.46009, 17.40005]}, "properties": {"id": "cm-moph-8899210207694", "name": "โรงพยาบาลส่งเสริมสุขภาพตำบลบ้านใหม่ ตำบลแม่ตื่น", "nameTh": "โรงพยาบาลส่งเสริมสุขภาพตำบลบ้านใหม่ ตำบลแม่ตื่น", "nameEn": null, "cat": ["medical"], "province": "cm", "slug": "8899210207694", "rank": 1}}, {"type": "Feature", "geometry": {"type": "Point", "coordinates": [99.29101, 20.03407]}, "properties": {"id": "cm-moph-8899210207696", "name": "โรงพยาบาลส่งเสริมสุขภาพตำบลบ้านใหม่ปู่แช่ ตำบลแม่อาย", "nameTh": "โรงพยาบาลส่งเสริมสุขภาพตำบลบ้านใหม่ปู่แช่ ตำบลแม่อาย", "nameEn": null, "cat": ["medical"], "province": "cm", "slug": "8899210207696", "rank": 1}}, {"type": "Feature", "geometry": {"type": "Point", "coordinates": [98.68542, 18.65395]}, "properties": {"id": "cm-moph-8899210207697", "name": "โรงพยาบาลส่งเสริมสุขภาพตำบลบ้านใหม่วังผาปูน ตำบลแม่วิน", "nameTh": "โรงพยาบาลส่งเสริมสุขภาพตำบลบ้านใหม่วังผาปูน ตำบลแม่วิน", "nameEn": null, "cat": ["medical"], "province": "cm", "slug": "8899210207697", "rank": 1}}, {"type": "Feature", "geometry": {"type": "Point", "coordinates": [98.65782, 18.28145]}, "properties": {"id": "cm-moph-8899210207698", "name": "โรงพยาบาลส่งเสริมสุขภาพตำบลบ้านใหม่สารภี ตำบลแม่สอย", "nameTh": "โรงพยาบาลส่งเสริมสุขภาพตำบลบ้านใหม่สารภี ตำบลแม่สอย", "nameEn": null, "cat": ["medical"], "province": "cm", "slug": "8899210207698", "rank": 1}}, {"type": "Feature", "geometry": {"type": "Point", "coordinates": [99.09858, 19.71909]}, "properties": {"id": "cm-moph-8899210207699", "name": "โรงพยาบาลส่งเสริมสุขภาพตำบลบ้านใหม่หนองบัว ตำบลหนองบัว", "nameTh": "โรงพยาบาลส่งเสริมสุขภาพตำบลบ้านใหม่หนองบัว ตำบลหนองบัว", "nameEn": null, "cat": ["medical"], "province": "cm", "slug": "8899210207699", "rank": 1}}, {"type": "Feature", "geometry": {"type": "Point", "coordinates": [98.80013, 18.53234]}, "properties": {"id": "cm-moph-8899210207700", "name": "โรงพยาบาลส่งเสริมสุขภาพตำบลบ้านใหม่หนองหอย ตำบลสันติสุข", "nameTh": "โรงพยาบาลส่งเสริมสุขภาพตำบลบ้านใหม่หนองหอย ตำบลสันติสุข", "nameEn": null, "cat": ["medical"], "province": "cm", "slug": "8899210207700", "rank": 1}}, {"type": "Feature", "geometry": {"type": "Point", "coordinates": [98.99039, 19.42201]}, "properties": {"id": "cm-moph-8899210206635", "name": "โรงพยาบาลส่งเสริมสุขภาพตำบลบ้านไตรสภาวะคาม ตำบลปิงโค้ง", "nameTh": "โรงพยาบาลส่งเสริมสุขภาพตำบลบ้านไตรสภาวะคาม ตำบลปิงโค้ง", "nameEn": null, "cat": ["medical"], "province": "cm", "slug": "8899210206635", "rank": 1}}, {"type": "Feature", "geometry": {"type": "Point", "coordinates": [98.72297, 17.90486]}, "properties": {"id": "cm-moph-8899210207623", "name": "โรงพยาบาลส่งเสริมสุขภาพตำบลบ้านไร่ ตำบลดอยเต่า", "nameTh": "โรงพยาบาลส่งเสริมสุขภาพตำบลบ้านไร่ ตำบลดอยเต่า", "nameEn": null, "cat": ["medical"], "province": "cm", "slug": "8899210207623", "rank": 1}}, {"type": "Feature", "geometry": {"type": "Point", "coordinates": [98.91895, 18.7146]}, "properties": {"id": "cm-moph-8899210207624", "name": "โรงพยาบาลส่งเสริมสุขภาพตำบลบ้านไร่ ตำบลบ้านแหวน", "nameTh": "โรงพยาบาลส่งเสริมสุขภาพตำบลบ้านไร่ ตำบลบ้านแหวน", "nameEn": null, "cat": ["medical"], "province": "cm", "slug": "8899210207624", "rank": 1}}, {"type": "Feature", "geometry": {"type": "Point", "coordinates": [99.04148, 18.80979]}, "properties": {"id": "cm-osm-way-1539335860", "name": "โรงพยาบาลส่งเสริมสุขภาพตำบลสันพระเนตร", "nameTh": "โรงพยาบาลส่งเสริมสุขภาพตำบลสันพระเนตร", "nameEn": null, "cat": ["medical"], "province": "cm", "slug": "1539335860", "rank": 1}}, {"type": "Feature", "geometry": {"type": "Point", "coordinates": [98.6999, 18.18904]}, "properties": {"id": "cm-moph-8899210207707", "name": "โรงพยาบาลส่งเสริมสุขภาพตำบลห้วยสะแพด", "nameTh": "โรงพยาบาลส่งเสริมสุขภาพตำบลห้วยสะแพด", "nameEn": null, "cat": ["medical"], "province": "cm", "slug": "8899210207707", "rank": 1}}, {"type": "Feature", "geometry": {"type": "Point", "coordinates": [98.99496, 18.77273]}, "properties": {"id": "cm-osm-way-1270779821", "name": "โรงพยาบาลส่งเสริมสุขภาพเชียงใหม่", "nameTh": "โรงพยาบาลส่งเสริมสุขภาพเชียงใหม่", "nameEn": null, "cat": ["medical"], "province": "cm", "slug": "1270779821", "rank": 1}}, {"type": "Feature", "geometry": {"type": "Point", "coordinates": [99.01271, 18.78421]}, "properties": {"id": "cm-osm-node-7856667786", "name": "โรงพยาบาลหมอวงศ์", "nameTh": "โรงพยาบาลหมอวงศ์", "nameEn": "Mo Wong Hospital", "cat": ["medical"], "province": "cm", "slug": "mo-wong-hospital-7856667786", "rank": 2}}, {"type": "Feature", "geometry": {"type": "Point", "coordinates": [98.91838, 18.68323]}, "properties": {"id": "cm-moph-8899210200043", "name": "โรงพยาบาลหางดง", "nameTh": "โรงพยาบาลหางดง", "nameEn": null, "cat": ["medical"], "province": "cm", "slug": "8899210200043", "rank": 1}}, {"type": "Feature", "geometry": {"type": "Point", "coordinates": [98.91836, 18.68307]}, "properties": {"id": "cm-osm-node-2685562362", "name": "โรงพยาบาลหางดง", "nameTh": "โรงพยาบาลหางดง", "nameEn": "Hang Dong Hospital", "cat": ["medical"], "province": "cm", "slug": "hang-dong-hospital-2685562362", "rank": 2}}, {"type": "Feature", "geometry": {"type": "Point", "coordinates": [98.36111, 17.80248]}, "properties": {"id": "cm-osm-way-255998042", "name": "โรงพยาบาลอมก่อย", "nameTh": "โรงพยาบาลอมก่อย", "nameEn": "Omkoi Hospital", "cat": ["medical"], "province": "cm", "slug": "omkoi-hospital-255998042", "rank": 2}}, {"type": "Feature", "geometry": {"type": "Point", "coordinates": [98.36122, 17.80201]}, "properties": {"id": "cm-moph-8899210200044", "name": "โรงพยาบาลอมก๋อย", "nameTh": "โรงพยาบาลอมก๋อย", "nameEn": null, "cat": ["medical"], "province": "cm", "slug": "8899210200044", "rank": 1}}, {"type": "Feature", "geometry": {"type": "Point", "coordinates": [98.61123, 18.17921]}, "properties": {"id": "cm-osm-way-431830403", "name": "โรงพยาบาลฮอด", "nameTh": "โรงพยาบาลฮอด", "nameEn": "Hot Hospital", "cat": ["medical"], "province": "cm", "slug": "hot-hospital-431830403", "rank": 2}}, {"type": "Feature", "geometry": {"type": "Point", "coordinates": [98.97547, 19.40267]}, "properties": {"id": "cm-moph-8899210200024", "name": "โรงพยาบาลเชียงดาว", "nameTh": "โรงพยาบาลเชียงดาว", "nameEn": null, "cat": ["medical"], "province": "cm", "slug": "8899210200024", "rank": 1}}, {"type": "Feature", "geometry": {"type": "Point", "coordinates": [98.97749, 18.79494]}, "properties": {"id": "cm-osm-way-257214959", "name": "โรงพยาบาลเชียงใหม่ราม", "nameTh": "โรงพยาบาลเชียงใหม่ราม", "nameEn": "Chiang Mai Ram Hospital", "cat": ["medical"], "province": "cm", "slug": "chiang-mai-ram-hospital-257214959", "rank": 5}}, {"type": "Feature", "geometry": {"type": "Point", "coordinates": [98.99846, 18.773]}, "properties": {"id": "cm-osm-node-1628665577", "name": "โรงพยาบาลเซ็นทรัลเชียงใหม่เมโมเรียล", "nameTh": "โรงพยาบาลเซ็นทรัลเชียงใหม่เมโมเรียล", "nameEn": "Central Chiang Mai Memorial Hospital", "cat": ["medical"], "province": "cm", "slug": "central-chiang-mai-memorial-hospital-1628665577", "rank": 2}}, {"type": "Feature", "geometry": {"type": "Point", "coordinates": [99.0114, 18.81029]}, "properties": {"id": "cm-osm-way-312058346", "name": "โรงพยาบาลเทพปัญญา", "nameTh": "โรงพยาบาลเทพปัญญา", "nameEn": "Theppanya Hospital", "cat": ["medical"], "province": "cm", "slug": "theppanya-hospital-312058346", "rank": 4}}, {"type": "Feature", "geometry": {"type": "Point", "coordinates": [98.37502, 18.49948]}, "properties": {"id": "cm-moph-8899210200034", "name": "โรงพยาบาลเทพรัตนเวชชานุกูลเฉลิมพระเกียรติ ๖๐ พรรษา", "nameTh": "โรงพยาบาลเทพรัตนเวชชานุกูลเฉลิมพระเกียรติ ๖๐ พรรษา", "nameEn": null, "cat": ["medical"], "province": "cm", "slug": "8899210200034", "rank": 1}}, {"type": "Feature", "geometry": {"type": "Point", "coordinates": [99.00181, 18.7885]}, "properties": {"id": "cm-osm-way-334966229", "name": "โรงพยาบาลเทศบาลนครเชียงใหม่", "nameTh": "โรงพยาบาลเทศบาลนครเชียงใหม่", "nameEn": "Chiang Mai Municipality Hospital", "cat": ["medical"], "province": "cm", "slug": "chiang-mai-municipality-hospital-334966229", "rank": 2}}, {"type": "Feature", "geometry": {"type": "Point", "coordinates": [98.96043, 19.13703]}, "properties": {"id": "cm-moph-8899210200036", "name": "โรงพยาบาลเวียงแหง", "nameTh": "โรงพยาบาลเวียงแหง", "nameEn": null, "cat": ["medical"], "province": "cm", "slug": "8899210200036", "rank": 1}}, {"type": "Feature", "geometry": {"type": "Point", "coordinates": [99.01067, 18.79723]}, "properties": {"id": "cm-osm-way-102807715", "name": "โรงพยาบาลแมคคอมิก", "nameTh": "โรงพยาบาลแมคคอมิก", "nameEn": "McCormick Hospital", "cat": ["medical"], "province": "cm", "slug": "mccormick-hospital-102807715", "rank": 3}}, {"type": "Feature", "geometry": {"type": "Point", "coordinates": [98.77468, 18.61612]}, "properties": {"id": "cm-moph-8899210200037", "name": "โรงพยาบาลแม่วาง", "nameTh": "โรงพยาบาลแม่วาง", "nameEn": null, "cat": ["medical"], "province": "cm", "slug": "8899210200037", "rank": 1}}, {"type": "Feature", "geometry": {"type": "Point", "coordinates": [98.77397, 18.61558]}, "properties": {"id": "cm-osm-way-678812058", "name": "โรงพยาบาลแม่วาง", "nameTh": "โรงพยาบาลแม่วาง", "nameEn": "Mae Wang Hospital", "cat": ["medical"], "province": "cm", "slug": "mae-wang-hospital-678812058", "rank": 2}}, {"type": "Feature", "geometry": {"type": "Point", "coordinates": [99.22173, 18.74324]}, "properties": {"id": "cm-moph-8899210200033", "name": "โรงพยาบาลแม่ออน", "nameTh": "โรงพยาบานแม่ออน", "nameEn": "Mae On Hospital", "cat": ["medical"], "province": "cm", "slug": "mae-on-hospital-8899210200033", "rank": 2}}, {"type": "Feature", "geometry": {"type": "Point", "coordinates": [99.3026, 20.03843]}, "properties": {"id": "cm-moph-8899210200035", "name": "โรงพยาบาลแม่อาย", "nameTh": "โรงพยาบาลแม่อาย", "nameEn": null, "cat": ["medical"], "province": "cm", "slug": "8899210200035", "rank": 1}}, {"type": "Feature", "geometry": {"type": "Point", "coordinates": [99.30221, 20.03893]}, "properties": {"id": "cm-osm-node-7856667791", "name": "โรงพยาบาลแม่อาย", "nameTh": "โรงพยาบาลแม่อาย", "nameEn": "Mae Ai Hospital", "cat": ["medical"], "province": "cm", "slug": "mae-ai-hospital-7856667791", "rank": 2}}, {"type": "Feature", "geometry": {"type": "Point", "coordinates": [98.36515, 18.49826]}, "properties": {"id": "cm-osm-node-7856667788", "name": "โรงพยาบาลแม่แจ่ม", "nameTh": "โรงพยาบาลแม่แจ่ม", "nameEn": "Mae Chaem Hospital", "cat": ["medical"], "province": "cm", "slug": "mae-chaem-hospital-7856667788", "rank": 2}}, {"type": "Feature", "geometry": {"type": "Point", "coordinates": [99.2061, 19.90983]}, "properties": {"id": "cm-moph-8899210200025", "name": "โรงพยาบาลไชยปราการ", "nameTh": "โรงพยาบาลไชยปราการ", "nameEn": null, "cat": ["medical"], "province": "cm", "slug": "8899210200025", "rank": 1}}, {"type": "Feature", "geometry": {"type": "Point", "coordinates": [99.13685, 19.70547]}, "properties": {"id": "cm-osm-node-7856667789", "name": "โรงพยาบาลไชยปราการ", "nameTh": "โรงพยาบาลไชยปราการ", "nameEn": "Chai Prakan Hospital", "cat": ["medical"], "province": "cm", "slug": "chai-prakan-hospital-7856667789", "rank": 2}}, {"type": "Feature", "geometry": {"type": "Point", "coordinates": [99.09689, 18.76093]}, "properties": {"id": "cm-dgth-fda-2752177195", "name": "โอบอุ้มเภสัช", "nameTh": "โอบอุ้มเภสัช", "nameEn": null, "cat": ["essentials", "medical"], "province": "cm", "slug": "2752177195", "rank": 2}}, {"type": "Feature", "geometry": {"type": "Point", "coordinates": [98.99057, 18.79616]}, "properties": {"id": "cm-dgth-fda-0948806854", "name": "โอสถชกร สาขาสันติธรรม", "nameTh": "โอสถชกร สาขาสันติธรรม", "nameEn": null, "cat": ["essentials", "medical"], "province": "cm", "slug": "0948806854", "rank": 2}}, {"type": "Feature", "geometry": {"type": "Point", "coordinates": [99.04174, 18.7617]}, "properties": {"id": "cm-osm-node-8690756835", "name": "โฮม-เมด", "nameTh": "โฮม-เมด", "nameEn": "Home - Med", "cat": ["essentials", "medical"], "province": "cm", "slug": "home-med-8690756835", "rank": 2}}, {"type": "Feature", "geometry": {"type": "Point", "coordinates": [98.89094, 18.64311]}, "properties": {"id": "cm-dgth-fda-1060706328", "name": "ไดมอนด์ ฟาร์มา", "nameTh": "ไดมอนด์ ฟาร์มา", "nameEn": null, "cat": ["essentials", "medical"], "province": "cm", "slug": "1060706328", "rank": 2}}, {"type": "Feature", "geometry": {"type": "Point", "coordinates": [98.95538, 18.79914]}, "properties": {"id": "cm-osm-node-12731348809", "name": "ไผ่ล้อม คลินิก", "nameTh": "ไผ่ล้อม คลินิก", "nameEn": null, "cat": ["essentials", "medical"], "province": "cm", "slug": "12731348809", "rank": 1}}, {"type": "Feature", "geometry": {"type": "Point", "coordinates": [98.95976, 18.79121]}, "properties": {"id": "cm-osm-node-5437853221", "name": "약국", "nameTh": null, "nameEn": "약국", "cat": ["essentials", "medical"], "province": "cm", "slug": "5437853221", "rank": 2}}]}