{"type": "FeatureCollection", "features": [{"type": "Feature", "geometry": {"type": "Point", "coordinates": [98.95267, 18.79584]}, "properties": {"id": "cm-osm-way-1130917240", "name": "402", "nameTh": null, "nameEn": "402", "cat": ["school"], "province": "cm", "slug": "402-1130917240", "rank": 1}}, {"type": "Feature", "geometry": {"type": "Point", "coordinates": [98.9528, 18.79585]}, "properties": {"id": "cm-osm-way-1130917223", "name": "403", "nameTh": null, "nameEn": "403", "cat": ["school"], "province": "cm", "slug": "403-1130917223", "rank": 1}}, {"type": "Feature", "geometry": {"type": "Point", "coordinates": [98.95306, 18.79569]}, "properties": {"id": "cm-osm-way-1130917234", "name": "411", "nameTh": null, "nameEn": "411", "cat": ["school"], "province": "cm", "slug": "411-1130917234", "rank": 1}}, {"type": "Feature", "geometry": {"type": "Point", "coordinates": [98.95306, 18.79556]}, "properties": {"id": "cm-osm-way-1130917221", "name": "412", "nameTh": null, "nameEn": "412", "cat": ["school"], "province": "cm", "slug": "412-1130917221", "rank": 1}}, {"type": "Feature", "geometry": {"type": "Point", "coordinates": [98.95299, 18.79549]}, "properties": {"id": "cm-osm-node-10539762667", "name": "413", "nameTh": null, "nameEn": "413", "cat": ["school"], "province": "cm", "slug": "413-10539762667", "rank": 1}}, {"type": "Feature", "geometry": {"type": "Point", "coordinates": [98.95299, 18.79548]}, "properties": {"id": "cm-osm-way-1130917229", "name": "413", "nameTh": null, "nameEn": "413", "cat": ["school"], "province": "cm", "slug": "413-1130917229", "rank": 1}}, {"type": "Feature", "geometry": {"type": "Point", "coordinates": [98.95291, 18.79548]}, "properties": {"id": "cm-osm-way-1130917274", "name": "413A", "nameTh": null, "nameEn": "413A", "cat": ["school"], "province": "cm", "slug": "413a-1130917274", "rank": 1}}, {"type": "Feature", "geometry": {"type": "Point", "coordinates": [98.95283, 18.79558]}, "properties": {"id": "cm-osm-node-10539762836", "name": "415", "nameTh": null, "nameEn": "415", "cat": ["school"], "province": "cm", "slug": "415-10539762836", "rank": 1}}, {"type": "Feature", "geometry": {"type": "Point", "coordinates": [98.95283, 18.79559]}, "properties": {"id": "cm-osm-way-1130917257", "name": "415", "nameTh": null, "nameEn": "415", "cat": ["school"], "province": "cm", "slug": "415-1130917257", "rank": 1}}, {"type": "Feature", "geometry": {"type": "Point", "coordinates": [98.95267, 18.79577]}, "properties": {"id": "cm-osm-way-1130917242", "name": "501", "nameTh": null, "nameEn": "501", "cat": ["school"], "province": "cm", "slug": "501-1130917242", "rank": 1}}, {"type": "Feature", "geometry": {"type": "Point", "coordinates": [98.95267, 18.79584]}, "properties": {"id": "cm-osm-way-1130917284", "name": "502", "nameTh": null, "nameEn": "502", "cat": ["school"], "province": "cm", "slug": "502-1130917284", "rank": 1}}, {"type": "Feature", "geometry": {"type": "Point", "coordinates": [98.95306, 18.79566]}, "properties": {"id": "cm-osm-way-1130917204", "name": "516", "nameTh": null, "nameEn": "516", "cat": ["school"], "province": "cm", "slug": "516-1130917204", "rank": 1}}, {"type": "Feature", "geometry": {"type": "Point", "coordinates": [98.95306, 18.79551]}, "properties": {"id": "cm-osm-way-1130917241", "name": "517", "nameTh": null, "nameEn": "517", "cat": ["school"], "province": "cm", "slug": "517-1130917241", "rank": 1}}, {"type": "Feature", "geometry": {"type": "Point", "coordinates": [98.95295, 18.79548]}, "properties": {"id": "cm-osm-way-1130917212", "name": "518", "nameTh": null, "nameEn": "518", "cat": ["school"], "province": "cm", "slug": "518-1130917212", "rank": 1}}, {"type": "Feature", "geometry": {"type": "Point", "coordinates": [98.95283, 18.79559]}, "properties": {"id": "cm-osm-way-1130917205", "name": "521", "nameTh": null, "nameEn": "521", "cat": ["school"], "province": "cm", "slug": "521-1130917205", "rank": 1}}, {"type": "Feature", "geometry": {"type": "Point", "coordinates": [98.9437, 18.7518]}, "properties": {"id": "cm-osm-way-1374431219", "name": "Ambassador Bilingual Academy", "nameTh": null, "nameEn": "Ambassador Bilingual Academy", "cat": ["school"], "province": "cm", "slug": "ambassador-bilingual-academy-1374431219", "rank": 1}}, {"type": "Feature", "geometry": {"type": "Point", "coordinates": [99.03201, 18.75069]}, "properties": {"id": "cm-osm-node-4332485835", "name": "Ambassador Bilingual School", "nameTh": null, "nameEn": "Ambassador Bilingual School", "cat": ["school"], "province": "cm", "slug": "ambassador-bilingual-school-4332485835", "rank": 1}}, {"type": "Feature", "geometry": {"type": "Point", "coordinates": [98.94265, 18.74843]}, "properties": {"id": "cm-osm-way-318023900", "name": "American Pacific International School (Primary)", "nameTh": null, "nameEn": "American Pacific International School (Primary)", "cat": ["school", "school-intl"], "province": "cm", "slug": "american-pacific-international-school-primary-318023900", "rank": 1}}, {"type": "Feature", "geometry": {"type": "Point", "coordinates": [98.99237, 18.79387]}, "properties": {"id": "cm-osm-way-255927411", "name": "Aree traditional massage school", "nameTh": null, "nameEn": "Aree traditional massage school", "cat": ["massage", "school"], "province": "cm", "slug": "aree-traditional-massage-school-255927411", "rank": 1}}, {"type": "Feature", "geometry": {"type": "Point", "coordinates": [98.98135, 18.7975]}, "properties": {"id": "cm-osm-node-4535499822", "name": "Art For Kids", "nameTh": null, "nameEn": "Art For Kids", "cat": ["school"], "province": "cm", "slug": "art-for-kids-4535499822", "rank": 2}}, {"type": "Feature", "geometry": {"type": "Point", "coordinates": [98.99114, 18.78966]}, "properties": {"id": "cm-osm-node-3015620954", "name": "Asia Scenic Thai Cooking School", "nameTh": null, "nameEn": "Asia Scenic Thai Cooking School", "cat": ["cooking", "school"], "province": "cm", "slug": "asia-scenic-thai-cooking-school-3015620954", "rank": 3}}, {"type": "Feature", "geometry": {"type": "Point", "coordinates": [98.99923, 18.76201]}, "properties": {"id": "cm-osm-node-3907871473", "name": "Baan Dek Dee", "nameTh": null, "nameEn": "Baan Dek Dee", "cat": ["school"], "province": "cm", "slug": "baan-dek-dee-3907871473", "rank": 2}}, {"type": "Feature", "geometry": {"type": "Point", "coordinates": [98.98951, 18.72557]}, "properties": {"id": "cm-osm-way-728336993", "name": "Baan Hom Samunphrai Centre", "nameTh": null, "nameEn": "Baan Hom Samunphrai Centre", "cat": ["school"], "province": "cm", "slug": "baan-hom-samunphrai-centre-728336993", "rank": 2}}, {"type": "Feature", "geometry": {"type": "Point", "coordinates": [98.99103, 18.78909]}, "properties": {"id": "cm-osm-node-3864197357", "name": "Baan Thai Cookery School", "nameTh": null, "nameEn": "Baan Thai Cookery School", "cat": ["cooking", "school"], "province": "cm", "slug": "baan-thai-cookery-school-3864197357", "rank": 1}}, {"type": "Feature", "geometry": {"type": "Point", "coordinates": [98.98954, 18.78736]}, "properties": {"id": "cm-osm-node-5640397222", "name": "BaanThai Cookery School", "nameTh": "บ้านไทยสอนทำอาหาร", "nameEn": "BaanThai Cookery School", "cat": ["cooking", "school"], "province": "cm", "slug": "baanthai-cookery-school-5640397222", "rank": 3}}, {"type": "Feature", "geometry": {"type": "Point", "coordinates": [98.96524, 19.73854]}, "properties": {"id": "cm-osm-way-244834115", "name": "Ban Arunothai School", "nameTh": null, "nameEn": "Ban Arunothai School", "cat": ["school"], "province": "cm", "slug": "ban-arunothai-school-244834115", "rank": 1}}, {"type": "Feature", "geometry": {"type": "Point", "coordinates": [98.14821, 18.66332]}, "properties": {"id": "cm-osm-node-7005542886", "name": "Ban Chum Sam School", "nameTh": null, "nameEn": "Ban Chum Sam School", "cat": ["school"], "province": "cm", "slug": "ban-chum-sam-school-7005542886", "rank": 1}}, {"type": "Feature", "geometry": {"type": "Point", "coordinates": [98.96898, 18.87789]}, "properties": {"id": "cm-osm-way-1240053915", "name": "Ban Dong Keow School", "nameTh": null, "nameEn": "Ban Dong Keow School", "cat": ["school"], "province": "cm", "slug": "ban-dong-keow-school-1240053915", "rank": 1}}, {"type": "Feature", "geometry": {"type": "Point", "coordinates": [98.98871, 18.74668]}, "properties": {"id": "cm-osm-node-4537138866", "name": "Ban Gor Gai Nursery", "nameTh": null, "nameEn": "Ban Gor Gai Nursery", "cat": ["school"], "province": "cm", "slug": "ban-gor-gai-nursery-4537138866", "rank": 1}}, {"type": "Feature", "geometry": {"type": "Point", "coordinates": [99.21887, 18.73658]}, "properties": {"id": "cm-osm-way-289210140", "name": "Ban Hong School", "nameTh": null, "nameEn": "Ban Hong School", "cat": ["school"], "province": "cm", "slug": "ban-hong-school-289210140", "rank": 1}}, {"type": "Feature", "geometry": {"type": "Point", "coordinates": [99.16784, 19.60821]}, "properties": {"id": "cm-osm-way-661639912", "name": "Ban Huafai school", "nameTh": null, "nameEn": "Ban Huafai school", "cat": ["school"], "province": "cm", "slug": "ban-huafai-school-661639912", "rank": 1}}, {"type": "Feature", "geometry": {"type": "Point", "coordinates": [98.62074, 19.58039]}, "properties": {"id": "cm-osm-way-389134008", "name": "Ban Kong Lom School", "nameTh": null, "nameEn": "Ban Kong Lom School", "cat": ["school"], "province": "cm", "slug": "ban-kong-lom-school-389134008", "rank": 1}}, {"type": "Feature", "geometry": {"type": "Point", "coordinates": [99.10173, 19.96693]}, "properties": {"id": "cm-osm-way-899102351", "name": "Ban Lan School", "nameTh": null, "nameEn": "Ban Lan School", "cat": ["school"], "province": "cm", "slug": "ban-lan-school-899102351", "rank": 1}}, {"type": "Feature", "geometry": {"type": "Point", "coordinates": [98.58715, 18.79386]}, "properties": {"id": "cm-osm-way-678840234", "name": "Ban Maekhapoo School", "nameTh": null, "nameEn": "Ban Maekhapoo School", "cat": ["school"], "province": "cm", "slug": "ban-maekhapoo-school-678840234", "rank": 1}}, {"type": "Feature", "geometry": {"type": "Point", "coordinates": [98.37809, 18.68148]}, "properties": {"id": "cm-osm-way-678832946", "name": "Ban Maenachorn School", "nameTh": null, "nameEn": "Ban Maenachorn School", "cat": ["school"], "province": "cm", "slug": "ban-maenachorn-school-678832946", "rank": 1}}, {"type": "Feature", "geometry": {"type": "Point", "coordinates": [98.62165, 18.82673]}, "properties": {"id": "cm-osm-way-678845459", "name": "Ban Maetoh School", "nameTh": null, "nameEn": "Ban Maetoh School", "cat": ["school"], "province": "cm", "slug": "ban-maetoh-school-678845459", "rank": 1}}, {"type": "Feature", "geometry": {"type": "Point", "coordinates": [98.52336, 17.5716]}, "properties": {"id": "cm-osm-node-3884531655", "name": "Ban Mu Soe School", "nameTh": null, "nameEn": "Ban Mu Soe School", "cat": ["school"], "province": "cm", "slug": "ban-mu-soe-school-3884531655", "rank": 1}}, {"type": "Feature", "geometry": {"type": "Point", "coordinates": [98.55111, 18.68093]}, "properties": {"id": "cm-osm-way-309007130", "name": "Ban Nong Tao School", "nameTh": null, "nameEn": "Ban Nong Tao School", "cat": ["school"], "province": "cm", "slug": "ban-nong-tao-school-309007130", "rank": 1}}, {"type": "Feature", "geometry": {"type": "Point", "coordinates": [98.72566, 18.96772]}, "properties": {"id": "cm-osm-node-2574360774", "name": "Ban Pa Lan School", "nameTh": null, "nameEn": "Ban Pa Lan School", "cat": ["school"], "province": "cm", "slug": "ban-pa-lan-school-2574360774", "rank": 1}}, {"type": "Feature", "geometry": {"type": "Point", "coordinates": [99.22003, 19.40887]}, "properties": {"id": "cm-osm-node-3529549012", "name": "Ban Panai School", "nameTh": null, "nameEn": "Ban Panai School", "cat": ["school"], "province": "cm", "slug": "ban-panai-school-3529549012", "rank": 1}}, {"type": "Feature", "geometry": {"type": "Point", "coordinates": [98.79905, 19.10979]}, "properties": {"id": "cm-osm-way-587824905", "name": "Ban Pang Hang School", "nameTh": null, "nameEn": "Ban Pang Hang School", "cat": ["school"], "province": "cm", "slug": "ban-pang-hang-school-587824905", "rank": 1}}, {"type": "Feature", "geometry": {"type": "Point", "coordinates": [98.12362, 18.72732]}, "properties": {"id": "cm-osm-node-7005542786", "name": "Ban Pang Ung School Sakha Mae Stop", "nameTh": null, "nameEn": "Ban Pang Ung School Sakha Mae Stop", "cat": ["school"], "province": "cm", "slug": "ban-pang-ung-school-sakha-mae-stop-7005542786", "rank": 1}}, {"type": "Feature", "geometry": {"type": "Point", "coordinates": [98.9634, 18.63589]}, "properties": {"id": "cm-osm-way-1263934282", "name": "Ban San Sai School", "nameTh": null, "nameEn": "Ban San Sai School", "cat": ["school"], "province": "cm", "slug": "ban-san-sai-school-1263934282", "rank": 1}}, {"type": "Feature", "geometry": {"type": "Point", "coordinates": [99.03789, 19.72352]}, "properties": {"id": "cm-osm-way-656471385", "name": "Ban Sinchai School", "nameTh": null, "nameEn": "Ban Sinchai School", "cat": ["school"], "province": "cm", "slug": "ban-sinchai-school-656471385", "rank": 1}}, {"type": "Feature", "geometry": {"type": "Point", "coordinates": [99.22949, 19.96908]}, "properties": {"id": "cm-osm-node-1792627679", "name": "Ban Sunpakha School", "nameTh": null, "nameEn": "Ban Sunpakha School", "cat": ["school"], "province": "cm", "slug": "ban-sunpakha-school-1792627679", "rank": 1}}, {"type": "Feature", "geometry": {"type": "Point", "coordinates": [99.05132, 19.92559]}, "properties": {"id": "cm-osm-node-5577608721", "name": "Bankhobdong school", "nameTh": null, "nameEn": "Bankhobdong school", "cat": ["school"], "province": "cm", "slug": "bankhobdong-school-5577608721", "rank": 1}}, {"type": "Feature", "geometry": {"type": "Point", "coordinates": [99.02671, 18.70934]}, "properties": {"id": "cm-osm-way-447021747", "name": "Bee House", "nameTh": null, "nameEn": "Bee House", "cat": ["school"], "province": "cm", "slug": "bee-house-447021747", "rank": 1}}, {"type": "Feature", "geometry": {"type": "Point", "coordinates": [98.9979, 18.71479]}, "properties": {"id": "cm-osm-node-13392625201", "name": "Boon Lanna Muay Thay Boxing Camp", "nameTh": null, "nameEn": "Boon Lanna Muay Thay Boxing Camp", "cat": ["muaythai", "school"], "province": "cm", "slug": "boon-lanna-muay-thay-boxing-camp-13392625201", "rank": 4}}, {"type": "Feature", "geometry": {"type": "Point", "coordinates": [99.00901, 18.79576]}, "properties": {"id": "cm-osm-way-367745510", "name": "British Council", "nameTh": null, "nameEn": "British Council", "cat": ["school"], "province": "cm", "slug": "british-council-367745510", "rank": 1}}, {"type": "Feature", "geometry": {"type": "Point", "coordinates": [99.01235, 19.20066]}, "properties": {"id": "cm-osm-way-846138300", "name": "Buakaw Banchamek Muay Thai Gym", "nameTh": null, "nameEn": "Buakaw Banchamek Muay Thai Gym", "cat": ["muaythai", "school"], "province": "cm", "slug": "buakaw-banchamek-muay-thai-gym-846138300", "rank": 1}}, {"type": "Feature", "geometry": {"type": "Point", "coordinates": [98.99141, 18.77502]}, "properties": {"id": "cm-osm-node-1024236776", "name": "C.M College of Dramatic Arts", "nameTh": null, "nameEn": "C.M College of Dramatic Arts", "cat": ["school"], "province": "cm", "slug": "c-m-college-of-dramatic-arts-1024236776", "rank": 1}}, {"type": "Feature", "geometry": {"type": "Point", "coordinates": [98.95378, 18.8021]}, "properties": {"id": "cm-osm-way-320664125", "name": "CB1", "nameTh": null, "nameEn": "CB1", "cat": ["school"], "province": "cm", "slug": "cb1-320664125", "rank": 1}}, {"type": "Feature", "geometry": {"type": "Point", "coordinates": [98.97296, 18.79396]}, "properties": {"id": "cm-osm-node-3421245742", "name": "CEC", "nameTh": null, "nameEn": "CEC", "cat": ["school"], "province": "cm", "slug": "cec-3421245742", "rank": 1}}, {"type": "Feature", "geometry": {"type": "Point", "coordinates": [98.88858, 18.84513]}, "properties": {"id": "cm-osm-node-2774687795", "name": "CMU Faculty of Agriculture, Khunchangkhian", "nameTh": null, "nameEn": "CMU Faculty of Agriculture, Khunchangkhian", "cat": ["school"], "province": "cm", "slug": "cmu-faculty-of-agriculture-khunchangkhian-2774687795", "rank": 1}}, {"type": "Feature", "geometry": {"type": "Point", "coordinates": [98.9583, 18.79535]}, "properties": {"id": "cm-osm-relation-19162477", "name": "CMU Language Institute", "nameTh": null, "nameEn": "CMU Language Institute", "cat": ["school"], "province": "cm", "slug": "cmu-language-institute-19162477", "rank": 1}}, {"type": "Feature", "geometry": {"type": "Point", "coordinates": [98.95781, 18.79539]}, "properties": {"id": "cm-osm-way-293506534", "name": "CMU Language Institute", "nameTh": null, "nameEn": "CMU Language Institute", "cat": ["school"], "province": "cm", "slug": "cmu-language-institute-293506534", "rank": 1}}, {"type": "Feature", "geometry": {"type": "Point", "coordinates": [98.99037, 18.72361]}, "properties": {"id": "cm-osm-way-728336992", "name": "Call Pond Village", "nameTh": null, "nameEn": "Call Pond Village", "cat": ["school"], "province": "cm", "slug": "call-pond-village-728336992", "rank": 2}}, {"type": "Feature", "geometry": {"type": "Point", "coordinates": [98.9805, 18.81054]}, "properties": {"id": "cm-osm-way-202149021", "name": "Chang Phuak Driving School", "nameTh": null, "nameEn": "Chang Phuak Driving School", "cat": ["school"], "province": "cm", "slug": "chang-phuak-driving-school-202149021", "rank": 3}}, {"type": "Feature", "geometry": {"type": "Point", "coordinates": [98.84069, 19.09461]}, "properties": {"id": "cm-osm-way-1150634328", "name": "Chiang Mai Adventist Academy", "nameTh": null, "nameEn": "Chiang Mai Adventist Academy", "cat": ["school"], "province": "cm", "slug": "chiang-mai-adventist-academy-1150634328", "rank": 2}}, {"type": "Feature", "geometry": {"type": "Point", "coordinates": [99.00475, 18.79859]}, "properties": {"id": "cm-osm-way-154010400", "name": "Chiang Mai International School", "nameTh": null, "nameEn": "Chiang Mai International School", "cat": ["school", "school-intl"], "province": "cm", "slug": "chiang-mai-international-school-154010400", "rank": 1}}, {"type": "Feature", "geometry": {"type": "Point", "coordinates": [99.02509, 18.78019]}, "properties": {"id": "cm-osm-node-7638948350", "name": "ChiangMai Art & Music School", "nameTh": "โรงเรียนเชียงใหม่ อาร์ท แอนด์ มิวสิค", "nameEn": "ChiangMai Art & Music School", "cat": ["school"], "province": "cm", "slug": "chiangmai-art-music-school-7638948350", "rank": 2}}, {"type": "Feature", "geometry": {"type": "Point", "coordinates": [99.19201, 18.73298]}, "properties": {"id": "cm-osm-way-1293012275", "name": "Chiangmai Cedar International School", "nameTh": null, "nameEn": "Chiangmai Cedar International School", "cat": ["school", "school-intl"], "province": "cm", "slug": "chiangmai-cedar-international-school-1293012275", "rank": 1}}, {"type": "Feature", "geometry": {"type": "Point", "coordinates": [98.88345, 18.81678]}, "properties": {"id": "cm-osm-node-1475860138", "name": "Choupholoung School", "nameTh": null, "nameEn": "Choupholoung School", "cat": ["school"], "province": "cm", "slug": "choupholoung-school-1475860138", "rank": 1}}, {"type": "Feature", "geometry": {"type": "Point", "coordinates": [98.99975, 18.71269]}, "properties": {"id": "cm-osm-way-145079939", "name": "Christliche Deutsche Schule Chiang Mai", "nameTh": null, "nameEn": "Christliche Deutsche Schule Chiang Mai", "cat": ["school"], "province": "cm", "slug": "christliche-deutsche-schule-chiang-mai-145079939", "rank": 1}}, {"type": "Feature", "geometry": {"type": "Point", "coordinates": [99.00012, 18.77781]}, "properties": {"id": "cm-osm-node-10830068489", "name": "Club Action Dance Studio", "nameTh": null, "nameEn": "Club Action Dance Studio", "cat": ["school"], "province": "cm", "slug": "club-action-dance-studio-10830068489", "rank": 2}}, {"type": "Feature", "geometry": {"type": "Point", "coordinates": [99.12247, 18.75056]}, "properties": {"id": "cm-osm-node-3440864916", "name": "Cooking@home", "nameTh": null, "nameEn": "Cooking@home", "cat": ["cooking", "school"], "province": "cm", "slug": "cooking-home-3440864916", "rank": 2}}, {"type": "Feature", "geometry": {"type": "Point", "coordinates": [98.98725, 18.78783]}, "properties": {"id": "cm-osm-node-6611331991", "name": "Dhammamethisueka school", "nameTh": null, "nameEn": "Dhammamethisueka school", "cat": ["school"], "province": "cm", "slug": "dhammamethisueka-school-6611331991", "rank": 1}}, {"type": "Feature", "geometry": {"type": "Point", "coordinates": [99.00422, 18.79517]}, "properties": {"id": "cm-osm-node-2329094616", "name": "Effective Thai", "nameTh": null, "nameEn": "Effective Thai", "cat": ["school"], "province": "cm", "slug": "effective-thai-2329094616", "rank": 1}}, {"type": "Feature", "geometry": {"type": "Point", "coordinates": [98.97115, 18.81058]}, "properties": {"id": "cm-osm-way-443316797", "name": "Faculty of Art and Architecture", "nameTh": null, "nameEn": "Faculty of Art and Architecture", "cat": ["school"], "province": "cm", "slug": "faculty-of-art-and-architecture-443316797", "rank": 1}}, {"type": "Feature", "geometry": {"type": "Point", "coordinates": [98.99058, 18.79994]}, "properties": {"id": "cm-osm-way-120547464", "name": "Faculty of Education", "nameTh": null, "nameEn": "Faculty of Education", "cat": ["school"], "province": "cm", "slug": "faculty-of-education-120547464", "rank": 1}}, {"type": "Feature", "geometry": {"type": "Point", "coordinates": [98.95816, 18.78699]}, "properties": {"id": "cm-osm-node-2292084254", "name": "Gap-s Thai Culinary Art School", "nameTh": null, "nameEn": "Gap-s Thai Culinary Art School", "cat": ["cooking", "school"], "province": "cm", "slug": "gap-s-thai-culinary-art-school-2292084254", "rank": 1}}, {"type": "Feature", "geometry": {"type": "Point", "coordinates": [98.99171, 18.73242]}, "properties": {"id": "cm-osm-way-405839397", "name": "Global Holistic Education Institute", "nameTh": null, "nameEn": "Global Holistic Education Institute", "cat": ["school"], "province": "cm", "slug": "global-holistic-education-institute-405839397", "rank": 1}}, {"type": "Feature", "geometry": {"type": "Point", "coordinates": [98.91527, 18.64938]}, "properties": {"id": "cm-osm-way-1138306097", "name": "Grace International School - New Campus", "nameTh": null, "nameEn": "Grace International School - New Campus", "cat": ["school", "school-intl"], "province": "cm", "slug": "grace-international-school-new-campus-1138306097", "rank": 1}}, {"type": "Feature", "geometry": {"type": "Point", "coordinates": [98.90993, 18.65095]}, "properties": {"id": "cm-osm-node-5466547522", "name": "Grace International School New Campus", "nameTh": null, "nameEn": "Grace International School New Campus", "cat": ["school", "school-intl"], "province": "cm", "slug": "grace-international-school-new-campus-5466547522", "rank": 1}}, {"type": "Feature", "geometry": {"type": "Point", "coordinates": [98.92888, 18.74335]}, "properties": {"id": "cm-osm-node-2650554915", "name": "Hanna Christian International Kindergarten", "nameTh": null, "nameEn": "Hanna Christian International Kindergarten", "cat": ["school", "school-intl"], "province": "cm", "slug": "hanna-christian-international-kindergarten-2650554915", "rank": 1}}, {"type": "Feature", "geometry": {"type": "Point", "coordinates": [98.95726, 18.78376]}, "properties": {"id": "cm-osm-node-9430506618", "name": "Heavy Hit Boxing Gym", "nameTh": null, "nameEn": "Heavy Hit Boxing", "cat": ["muaythai", "school"], "province": "cm", "slug": "heavy-hit-boxing-9430506618", "rank": 3}}, {"type": "Feature", "geometry": {"type": "Point", "coordinates": [99.00376, 18.83371]}, "properties": {"id": "cm-osm-way-844278627", "name": "Hillkoff H-Innovation Center", "nameTh": null, "nameEn": "Hillkoff H-Innovation Center", "cat": ["school"], "province": "cm", "slug": "hillkoff-h-innovation-center-844278627", "rank": 1}}, {"type": "Feature", "geometry": {"type": "Point", "coordinates": [99.08713, 18.84997]}, "properties": {"id": "cm-osm-way-554172625", "name": "Honda Riding School", "nameTh": null, "nameEn": "Honda Riding School", "cat": ["school"], "province": "cm", "slug": "honda-riding-school-554172625", "rank": 1}}, {"type": "Feature", "geometry": {"type": "Point", "coordinates": [99.08798, 18.8493]}, "properties": {"id": "cm-osm-relation-7915165", "name": "Honda Safety Riding Park", "nameTh": null, "nameEn": "Honda Safety Riding Park", "cat": ["school"], "province": "cm", "slug": "honda-safety-riding-park-7915165", "rank": 1}}, {"type": "Feature", "geometry": {"type": "Point", "coordinates": [98.99066, 18.80008]}, "properties": {"id": "cm-osm-way-665826712", "name": "Institute of Physical Education Chiangmai", "nameTh": null, "nameEn": "Institute of Physical Education Chiangmai", "cat": ["school"], "province": "cm", "slug": "institute-of-physical-education-chiangmai-665826712", "rank": 1}}, {"type": "Feature", "geometry": {"type": "Point", "coordinates": [98.96726, 18.79384]}, "properties": {"id": "cm-osm-way-539200937", "name": "International College of Digital Innovation", "nameTh": null, "nameEn": "International College of Digital Innovation", "cat": ["school", "school-intl"], "province": "cm", "slug": "international-college-of-digital-innovation-539200937", "rank": 1}}, {"type": "Feature", "geometry": {"type": "Point", "coordinates": [98.98037, 18.81612]}, "properties": {"id": "cm-osm-node-6536292554", "name": "International Sustainable Development Studies Institute (ISDSI)", "nameTh": null, "nameEn": "International Sustainable Development Studies Institute (ISDSI)", "cat": ["school", "school-intl"], "province": "cm", "slug": "international-sustainable-development-studies-institute-isds-6536292554", "rank": 1}}, {"type": "Feature", "geometry": {"type": "Point", "coordinates": [98.97356, 18.79483]}, "properties": {"id": "cm-osm-node-4365805591", "name": "International language school", "nameTh": null, "nameEn": "International language school", "cat": ["school", "school-intl"], "province": "cm", "slug": "international-language-school-4365805591", "rank": 1}}, {"type": "Feature", "geometry": {"type": "Point", "coordinates": [98.99755, 18.74361]}, "properties": {"id": "cm-osm-way-543289578", "name": "K & W Driving School", "nameTh": null, "nameEn": "K & W Driving School", "cat": ["school"], "province": "cm", "slug": "k-w-driving-school-543289578", "rank": 3}}, {"type": "Feature", "geometry": {"type": "Point", "coordinates": [99.03491, 18.71395]}, "properties": {"id": "cm-osm-node-5263892745", "name": "K.A.T.E.", "nameTh": null, "nameEn": "K.A.T.E.", "cat": ["school"], "province": "cm", "slug": "k-a-t-e-5263892745", "rank": 1}}, {"type": "Feature", "geometry": {"type": "Point", "coordinates": [98.99274, 18.78292]}, "properties": {"id": "cm-osm-node-1618793921", "name": "KPN Music Academy", "nameTh": null, "nameEn": "KPN Music Academy", "cat": ["school"], "province": "cm", "slug": "kpn-music-academy-1618793921", "rank": 1}}, {"type": "Feature", "geometry": {"type": "Point", "coordinates": [99.00958, 18.7848]}, "properties": {"id": "cm-osm-node-2726547911", "name": "Kawila Boxing Stadium", "nameTh": null, "nameEn": "Kawila Boxing Stadium", "cat": ["muaythai", "school"], "province": "cm", "slug": "kawila-boxing-stadium-2726547911", "rank": 1}}, {"type": "Feature", "geometry": {"type": "Point", "coordinates": [98.96474, 18.80436]}, "properties": {"id": "cm-osm-node-6954086785", "name": "Khroua Baan Thaï", "nameTh": null, "nameEn": "Khroua Baan Thaï", "cat": ["school"], "province": "cm", "slug": "khroua-baan-tha-6954086785", "rank": 1}}, {"type": "Feature", "geometry": {"type": "Point", "coordinates": [98.98958, 18.7614]}, "properties": {"id": "cm-osm-node-13448064201", "name": "KiDO Chiangmai", "nameTh": null, "nameEn": "KiDO Chiangmai", "cat": ["school"], "province": "cm", "slug": "kido-chiangmai-13448064201", "rank": 3}}, {"type": "Feature", "geometry": {"type": "Point", "coordinates": [99.00826, 18.80134]}, "properties": {"id": "cm-osm-node-3741019486", "name": "Kiddee Day Care", "nameTh": null, "nameEn": "Kiddee Day Care", "cat": ["school"], "province": "cm", "slug": "kiddee-day-care-3741019486", "rank": 2}}, {"type": "Feature", "geometry": {"type": "Point", "coordinates": [98.55161, 18.72493]}, "properties": {"id": "cm-osm-node-4846594276", "name": "Kindergarden", "nameTh": null, "nameEn": "Kindergarden", "cat": ["school"], "province": "cm", "slug": "kindergarden-4846594276", "rank": 1}}, {"type": "Feature", "geometry": {"type": "Point", "coordinates": [98.98081, 18.79374]}, "properties": {"id": "cm-osm-node-3385494631", "name": "Language City Camp", "nameTh": null, "nameEn": "Language City Camp", "cat": ["school"], "province": "cm", "slug": "language-city-camp-3385494631", "rank": 1}}, {"type": "Feature", "geometry": {"type": "Point", "coordinates": [98.97282, 18.81101]}, "properties": {"id": "cm-osm-way-200702327", "name": "Lanna Commercial College", "nameTh": null, "nameEn": "Lanna Commercial College", "cat": ["school"], "province": "cm", "slug": "lanna-commercial-college-200702327", "rank": 1}}, {"type": "Feature", "geometry": {"type": "Point", "coordinates": [98.96584, 18.69681]}, "properties": {"id": "cm-osm-way-574736174", "name": "Lanna International School Thailand", "nameTh": null, "nameEn": "Lanna International School Thailand", "cat": ["school", "school-intl"], "province": "cm", "slug": "lanna-international-school-thailand-574736174", "rank": 1}}, {"type": "Feature", "geometry": {"type": "Point", "coordinates": [98.95979, 18.80939]}, "properties": {"id": "cm-osm-node-4497798295", "name": "Lanna Muay Thai", "nameTh": null, "nameEn": "Lanna Muay Thai", "cat": ["muaythai", "school"], "province": "cm", "slug": "lanna-muay-thai-4497798295", "rank": 1}}, {"type": "Feature", "geometry": {"type": "Point", "coordinates": [98.95945, 18.80965]}, "properties": {"id": "cm-osm-way-452420473", "name": "Lanna Muay Thai Boxing Camp", "nameTh": null, "nameEn": "Lanna Muay Thai Boxing Camp", "cat": ["muaythai", "school"], "province": "cm", "slug": "lanna-muay-thai-boxing-camp-452420473", "rank": 2}}, {"type": "Feature", "geometry": {"type": "Point", "coordinates": [99.01828, 18.76115]}, "properties": {"id": "cm-osm-way-536583535", "name": "Learning Space", "nameTh": null, "nameEn": "Learning Space", "cat": ["school"], "province": "cm", "slug": "learning-space-536583535", "rank": 1}}, {"type": "Feature", "geometry": {"type": "Point", "coordinates": [99.21833, 19.36718]}, "properties": {"id": "cm-osm-way-669898890", "name": "Little Candles School", "nameTh": null, "nameEn": "Little Candles School", "cat": ["school"], "province": "cm", "slug": "little-candles-school-669898890", "rank": 1}}, {"type": "Feature", "geometry": {"type": "Point", "coordinates": [98.97679, 18.87495]}, "properties": {"id": "cm-osm-node-4418737567", "name": "Little Kids Nursery", "nameTh": null, "nameEn": "Little Kids Nursery", "cat": ["school"], "province": "cm", "slug": "little-kids-nursery-4418737567", "rank": 1}}, {"type": "Feature", "geometry": {"type": "Point", "coordinates": [99.08502, 20.09783]}, "properties": {"id": "cm-osm-way-1432193805", "name": "Loi Sam Sip Primary School", "nameTh": null, "nameEn": "Loi Sam Sip Primary School", "cat": ["school"], "province": "cm", "slug": "loi-sam-sip-primary-school-1432193805", "rank": 1}}, {"type": "Feature", "geometry": {"type": "Point", "coordinates": [98.93672, 18.62584]}, "properties": {"id": "cm-osm-way-1341573367", "name": "Luckpongvittaya School", "nameTh": null, "nameEn": "Luckpongvittaya School", "cat": ["school"], "province": "cm", "slug": "luckpongvittaya-school-1341573367", "rank": 1}}, {"type": "Feature", "geometry": {"type": "Point", "coordinates": [99.23151, 18.74715]}, "properties": {"id": "cm-osm-node-2493376577", "name": "Mae On Wittayalai School", "nameTh": null, "nameEn": "Mae On Wittayalai School", "cat": ["school"], "province": "cm", "slug": "mae-on-wittayalai-school-2493376577", "rank": 1}}, {"type": "Feature", "geometry": {"type": "Point", "coordinates": [98.85522, 18.86781]}, "properties": {"id": "cm-osm-node-2774456784", "name": "Mae Sa Mai School", "nameTh": null, "nameEn": "Mae Sa Mai School", "cat": ["school"], "province": "cm", "slug": "mae-sa-mai-school-2774456784", "rank": 1}}, {"type": "Feature", "geometry": {"type": "Point", "coordinates": [99.30299, 18.7289]}, "properties": {"id": "cm-osm-way-241740133", "name": "Mae Tha Krai School", "nameTh": null, "nameEn": "Mae Tha Krai School", "cat": ["school"], "province": "cm", "slug": "mae-tha-krai-school-241740133", "rank": 1}}, {"type": "Feature", "geometry": {"type": "Point", "coordinates": [98.52931, 18.791]}, "properties": {"id": "cm-osm-way-678838574", "name": "Maehaenua School", "nameTh": null, "nameEn": "Maehaenua School", "cat": ["school"], "province": "cm", "slug": "maehaenua-school-678838574", "rank": 1}}, {"type": "Feature", "geometry": {"type": "Point", "coordinates": [99.2301, 18.74926]}, "properties": {"id": "cm-osm-way-220909493", "name": "Maeonwittayalai School", "nameTh": null, "nameEn": "Maeonwittayalai School", "cat": ["school"], "province": "cm", "slug": "maeonwittayalai-school-220909493", "rank": 1}}, {"type": "Feature", "geometry": {"type": "Point", "coordinates": [98.61111, 18.46851]}, "properties": {"id": "cm-osm-node-8951025917", "name": "Maepon Center", "nameTh": null, "nameEn": "Maepon Center", "cat": ["school"], "province": "cm", "slug": "maepon-center-8951025917", "rank": 1}}, {"type": "Feature", "geometry": {"type": "Point", "coordinates": [98.98741, 18.78736]}, "properties": {"id": "cm-osm-node-6611332086", "name": "Mahamakut Buddhist University", "nameTh": null, "nameEn": "Mahamakut Buddhist University", "cat": ["school"], "province": "cm", "slug": "mahamakut-buddhist-university-6611332086", "rank": 1}}, {"type": "Feature", "geometry": {"type": "Point", "coordinates": [98.94101, 18.73036]}, "properties": {"id": "cm-osm-way-957027736", "name": "Meritton British International School", "nameTh": null, "nameEn": "Meritton British International School", "cat": ["school", "school-intl"], "province": "cm", "slug": "meritton-british-international-school-957027736", "rank": 4}}, {"type": "Feature", "geometry": {"type": "Point", "coordinates": [98.9475, 18.72896]}, "properties": {"id": "cm-osm-node-5261640277", "name": "Mind Brain & Body Child Development Center", "nameTh": null, "nameEn": "Mind Brain & Body Child Development Center", "cat": ["school"], "province": "cm", "slug": "mind-brain-body-child-development-center-5261640277", "rank": 1}}, {"type": "Feature", "geometry": {"type": "Point", "coordinates": [98.98447, 18.78917]}, "properties": {"id": "cm-osm-node-13959590803", "name": "Music Ways Studio", "nameTh": null, "nameEn": "Music Ways Studio", "cat": ["school"], "province": "cm", "slug": "music-ways-studio-13959590803", "rank": 1}}, {"type": "Feature", "geometry": {"type": "Point", "coordinates": [98.96891, 18.79457]}, "properties": {"id": "cm-osm-node-3421278245", "name": "NES", "nameTh": null, "nameEn": "NES", "cat": ["school"], "province": "cm", "slug": "nes-3421278245", "rank": 2}}, {"type": "Feature", "geometry": {"type": "Point", "coordinates": [98.99397, 18.79298]}, "properties": {"id": "cm-osm-node-1617076525", "name": "NES Institute of Languages", "nameTh": null, "nameEn": "NES Institute of Languages", "cat": ["school"], "province": "cm", "slug": "nes-institute-of-languages-1617076525", "rank": 1}}, {"type": "Feature", "geometry": {"type": "Point", "coordinates": [98.99005, 18.84845]}, "properties": {"id": "cm-osm-way-175761844", "name": "Napa School (Kindergarten)", "nameTh": null, "nameEn": "Napa School (Kindergarten)", "cat": ["school"], "province": "cm", "slug": "napa-school-kindergarten-175761844", "rank": 1}}, {"type": "Feature", "geometry": {"type": "Point", "coordinates": [98.99245, 18.81767]}, "properties": {"id": "cm-osm-way-313552107", "name": "Nava School of English", "nameTh": null, "nameEn": "Nava School of English", "cat": ["school"], "province": "cm", "slug": "nava-school-of-english-313552107", "rank": 1}}, {"type": "Feature", "geometry": {"type": "Point", "coordinates": [98.91863, 18.95908]}, "properties": {"id": "cm-osm-way-203316010", "name": "Nong Plah Munn Secondary School", "nameTh": null, "nameEn": "Nong Plah Munn Secondary School", "cat": ["school"], "province": "cm", "slug": "nong-plah-munn-secondary-school-203316010", "rank": 1}}, {"type": "Feature", "geometry": {"type": "Point", "coordinates": [98.94986, 18.61754]}, "properties": {"id": "cm-osm-way-1341573373", "name": "Nong Tong Witthaya School", "nameTh": null, "nameEn": "Nong Tong Witthaya School", "cat": ["school"], "province": "cm", "slug": "nong-tong-witthaya-school-1341573373", "rank": 1}}, {"type": "Feature", "geometry": {"type": "Point", "coordinates": [98.9186, 18.66152]}, "properties": {"id": "cm-osm-way-142579612", "name": "North Chiang Mai University", "nameTh": null, "nameEn": "North Chiang Mai University", "cat": ["school"], "province": "cm", "slug": "north-chiang-mai-university-142579612", "rank": 1}}, {"type": "Feature", "geometry": {"type": "Point", "coordinates": [99.01288, 18.75171]}, "properties": {"id": "cm-osm-node-3864514701", "name": "Nutty Beauty Academy", "nameTh": null, "nameEn": "Nutty Beauty Academy", "cat": ["school"], "province": "cm", "slug": "nutty-beauty-academy-3864514701", "rank": 1}}, {"type": "Feature", "geometry": {"type": "Point", "coordinates": [98.95306, 18.79552]}, "properties": {"id": "cm-osm-node-10539762789", "name": "OASYS Lab", "nameTh": null, "nameEn": "OASYS Lab", "cat": ["school"], "province": "cm", "slug": "oasys-lab-10539762789", "rank": 1}}, {"type": "Feature", "geometry": {"type": "Point", "coordinates": [98.97813, 18.77188]}, "properties": {"id": "cm-osm-node-4838037424", "name": "Old Medicine Hospital", "nameTh": null, "nameEn": "Old Medicine Hospital", "cat": ["school"], "province": "cm", "slug": "old-medicine-hospital-4838037424", "rank": 1}}, {"type": "Feature", "geometry": {"type": "Point", "coordinates": [98.97942, 18.79835]}, "properties": {"id": "cm-osm-node-4698577691", "name": "Ong's Thai Massage School", "nameTh": null, "nameEn": "Ong's Thai Massage School", "cat": ["school"], "province": "cm", "slug": "ong-s-thai-massage-school-4698577691", "rank": 1}}, {"type": "Feature", "geometry": {"type": "Point", "coordinates": [99.02894, 18.79138]}, "properties": {"id": "cm-osm-way-756152054", "name": "Outdoor Playground", "nameTh": null, "nameEn": "Outdoor Playground", "cat": ["parks", "school"], "province": "cm", "slug": "outdoor-playground-756152054", "rank": 1}}, {"type": "Feature", "geometry": {"type": "Point", "coordinates": [98.57096, 18.34545]}, "properties": {"id": "cm-osm-way-756871762", "name": "Pa Kluai Phatthana School", "nameTh": null, "nameEn": "Pa Kluai Phatthana School", "cat": ["school"], "province": "cm", "slug": "pa-kluai-phatthana-school-756871762", "rank": 1}}, {"type": "Feature", "geometry": {"type": "Point", "coordinates": [98.7108, 19.1158]}, "properties": {"id": "cm-osm-node-10740464706", "name": "Pa Pae Meditation Retreat", "nameTh": null, "nameEn": "Pa Pae Meditation Retreat", "cat": ["school"], "province": "cm", "slug": "pa-pae-meditation-retreat-10740464706", "rank": 1}}, {"type": "Feature", "geometry": {"type": "Point", "coordinates": [98.91755, 18.70418]}, "properties": {"id": "cm-osm-way-514628742", "name": "Panyaden International School", "nameTh": null, "nameEn": "Panyaden International School", "cat": ["school", "school-intl"], "province": "cm", "slug": "panyaden-international-school-514628742", "rank": 2}}, {"type": "Feature", "geometry": {"type": "Point", "coordinates": [99.0083, 18.799]}, "properties": {"id": "cm-osm-node-10219440217", "name": "Payap University Lifelong Learning Center", "nameTh": null, "nameEn": "Payap University Lifelong Learning Center", "cat": ["school"], "province": "cm", "slug": "payap-university-lifelong-learning-center-10219440217", "rank": 1}}, {"type": "Feature", "geometry": {"type": "Point", "coordinates": [98.9316, 18.70108]}, "properties": {"id": "cm-osm-node-3476191593", "name": "PlayBot", "nameTh": null, "nameEn": "PlayBot", "cat": ["school"], "province": "cm", "slug": "playbot-3476191593", "rank": 1}}, {"type": "Feature", "geometry": {"type": "Point", "coordinates": [99.00333, 18.78149]}, "properties": {"id": "cm-osm-node-3326560612", "name": "Pum Thai Restaurant & Cooking School", "nameTh": null, "nameEn": "Pum Thai Restaurant & Cooking School", "cat": ["cooking", "school"], "province": "cm", "slug": "pum-thai-restaurant-cooking-school-3326560612", "rank": 1}}, {"type": "Feature", "geometry": {"type": "Point", "coordinates": [98.9847, 18.78928]}, "properties": {"id": "cm-osm-node-3804433410", "name": "Pure Chem Center", "nameTh": null, "nameEn": "Pure Chem Center", "cat": ["school"], "province": "cm", "slug": "pure-chem-center-3804433410", "rank": 1}}, {"type": "Feature", "geometry": {"type": "Point", "coordinates": [99.00815, 18.79708]}, "properties": {"id": "cm-osm-node-8715474198", "name": "Pure Standby Art", "nameTh": null, "nameEn": "Pure Standby Art", "cat": ["school"], "province": "cm", "slug": "pure-standby-art-8715474198", "rank": 1}}, {"type": "Feature", "geometry": {"type": "Point", "coordinates": [98.95296, 18.80981]}, "properties": {"id": "cm-osm-node-1196596733", "name": "Rajamangala University of Technology Lanna", "nameTh": null, "nameEn": "Rajamangala University of Technology Lanna", "cat": ["school"], "province": "cm", "slug": "rajamangala-university-of-technology-lanna-1196596733", "rank": 1}}, {"type": "Feature", "geometry": {"type": "Point", "coordinates": [98.92624, 18.75391]}, "properties": {"id": "cm-osm-node-4682613546", "name": "Royal Agricultural Research Centre", "nameTh": null, "nameEn": "Royal Agricultural Research Centre", "cat": ["school"], "province": "cm", "slug": "royal-agricultural-research-centre-4682613546", "rank": 1}}, {"type": "Feature", "geometry": {"type": "Point", "coordinates": [98.97734, 18.80797]}, "properties": {"id": "cm-osm-node-2630716151", "name": "SL Courts", "nameTh": null, "nameEn": "SL Courts", "cat": ["school"], "province": "cm", "slug": "sl-courts-2630716151", "rank": 2}}, {"type": "Feature", "geometry": {"type": "Point", "coordinates": [99.02134, 18.8441]}, "properties": {"id": "cm-osm-node-4254043289", "name": "SO NurSery", "nameTh": null, "nameEn": "SO NurSery", "cat": ["school"], "province": "cm", "slug": "so-nursery-4254043289", "rank": 1}}, {"type": "Feature", "geometry": {"type": "Point", "coordinates": [99.06529, 18.87604]}, "properties": {"id": "cm-osm-node-4515456789", "name": "Sammy's Organic Thai Cooking", "nameTh": null, "nameEn": "Sammy's Organic Thai Cooking", "cat": ["cooking", "school"], "province": "cm", "slug": "sammy-s-organic-thai-cooking-4515456789", "rank": 1}}, {"type": "Feature", "geometry": {"type": "Point", "coordinates": [99.02929, 18.70506]}, "properties": {"id": "cm-osm-way-411566438", "name": "Sarapeepariyatsuksa School", "nameTh": null, "nameEn": "Sarapeepariyatsuksa School", "cat": ["school"], "province": "cm", "slug": "sarapeepariyatsuksa-school-411566438", "rank": 1}}, {"type": "Feature", "geometry": {"type": "Point", "coordinates": [99.03324, 18.71217]}, "properties": {"id": "cm-osm-node-3440925901", "name": "Saraphi Pittayakom School", "nameTh": null, "nameEn": "Saraphi Pittayakom School", "cat": ["school"], "province": "cm", "slug": "saraphi-pittayakom-school-3440925901", "rank": 1}}, {"type": "Feature", "geometry": {"type": "Point", "coordinates": [98.99497, 18.79138]}, "properties": {"id": "cm-osm-node-4538126081", "name": "Sati", "nameTh": null, "nameEn": "Sati", "cat": ["school"], "province": "cm", "slug": "sati-4538126081", "rank": 2}}, {"type": "Feature", "geometry": {"type": "Point", "coordinates": [98.94482, 18.69762]}, "properties": {"id": "cm-osm-way-1237937945", "name": "Satit International Bilingual School of Rangsit University Chiang Mai", "nameTh": null, "nameEn": "Satit International Bilingual School of Rangsit University Chiang Mai", "cat": ["school", "school-intl"], "province": "cm", "slug": "satit-international-bilingual-school-of-rangsit-university-c-1237937945", "rank": 1}}, {"type": "Feature", "geometry": {"type": "Point", "coordinates": [99.23668, 18.87742]}, "properties": {"id": "cm-osm-way-190044892", "name": "School for Life", "nameTh": null, "nameEn": "School for Life", "cat": ["school"], "province": "cm", "slug": "school-for-life-190044892", "rank": 2}}, {"type": "Feature", "geometry": {"type": "Point", "coordinates": [98.9801, 18.79701]}, "properties": {"id": "cm-osm-way-408814852", "name": "Singapore International School Chiangmai", "nameTh": null, "nameEn": "Singapore International School Chiangmai", "cat": ["school", "school-intl"], "province": "cm", "slug": "singapore-international-school-chiangmai-408814852", "rank": 1}}, {"type": "Feature", "geometry": {"type": "Point", "coordinates": [98.97829, 18.77212]}, "properties": {"id": "cm-osm-node-3207247637", "name": "Singapore Maths", "nameTh": null, "nameEn": "Singapore Maths", "cat": ["school"], "province": "cm", "slug": "singapore-maths-3207247637", "rank": 1}}, {"type": "Feature", "geometry": {"type": "Point", "coordinates": [98.99222, 18.78989]}, "properties": {"id": "cm-osm-node-1491332438", "name": "Smart Cook", "nameTh": null, "nameEn": "Smart Cook", "cat": ["school"], "province": "cm", "slug": "smart-cook-1491332438", "rank": 1}}, {"type": "Feature", "geometry": {"type": "Point", "coordinates": [98.97356, 18.79525]}, "properties": {"id": "cm-osm-node-11432627426", "name": "Steampunk Studio", "nameTh": null, "nameEn": "Steampunk Studio", "cat": ["school"], "province": "cm", "slug": "steampunk-studio-11432627426", "rank": 3}}, {"type": "Feature", "geometry": {"type": "Point", "coordinates": [98.97888, 18.79503]}, "properties": {"id": "cm-osm-node-11936184293", "name": "Sting Hive Muay Thai Gym", "nameTh": null, "nameEn": "Sting Hive Muay Thai Gym", "cat": ["muaythai", "school"], "province": "cm", "slug": "sting-hive-muay-thai-gym-11936184293", "rank": 2}}, {"type": "Feature", "geometry": {"type": "Point", "coordinates": [98.9409, 18.731]}, "properties": {"id": "cm-osm-node-1928274997", "name": "Sunshine", "nameTh": null, "nameEn": "Sunshine", "cat": ["school"], "province": "cm", "slug": "sunshine-1928274997", "rank": 1}}, {"type": "Feature", "geometry": {"type": "Point", "coordinates": [99.01082, 18.80044]}, "properties": {"id": "cm-osm-node-5810127834", "name": "Sunshine Massage School", "nameTh": null, "nameEn": "Sunshine Massage School", "cat": ["school"], "province": "cm", "slug": "sunshine-massage-school-5810127834", "rank": 3}}, {"type": "Feature", "geometry": {"type": "Point", "coordinates": [98.9887, 18.79891]}, "properties": {"id": "cm-osm-node-12520530701", "name": "TNSU, Thailand National Sports University", "nameTh": null, "nameEn": "TNSU, Thailand National Sports University, Chiangmai Campus", "cat": ["school"], "province": "cm", "slug": "tnsu-thailand-national-sports-university-chiangmai-campus-12520530701", "rank": 1}}, {"type": "Feature", "geometry": {"type": "Point", "coordinates": [98.99185, 18.79403]}, "properties": {"id": "cm-osm-node-4391653340", "name": "Thai Farm Cooking Class", "nameTh": null, "nameEn": "Thai Farm Cooking Class", "cat": ["cooking", "school"], "province": "cm", "slug": "thai-farm-cooking-class-4391653340", "rank": 3}}, {"type": "Feature", "geometry": {"type": "Point", "coordinates": [99.06946, 18.88074]}, "properties": {"id": "cm-osm-way-961802207", "name": "Thai Secret Cooking School & Organic Garden Farm", "nameTh": null, "nameEn": "Thai Secret Cooking School & Organic Garden Farm", "cat": ["cooking", "school"], "province": "cm", "slug": "thai-secret-cooking-school-organic-garden-farm-961802207", "rank": 3}}, {"type": "Feature", "geometry": {"type": "Point", "coordinates": [99.00543, 18.78729]}, "properties": {"id": "cm-osm-node-11621966493", "name": "Thailand Bible Society", "nameTh": null, "nameEn": "Thailand Bible Society", "cat": ["school"], "province": "cm", "slug": "thailand-bible-society-11621966493", "rank": 1}}, {"type": "Feature", "geometry": {"type": "Point", "coordinates": [98.99607, 18.7882]}, "properties": {"id": "cm-osm-node-12339355501", "name": "Thaphae Muay Thai", "nameTh": null, "nameEn": "Thaphae Muay Thai", "cat": ["muaythai", "school"], "province": "cm", "slug": "thaphae-muay-thai-12339355501", "rank": 1}}, {"type": "Feature", "geometry": {"type": "Point", "coordinates": [98.99488, 18.7841]}, "properties": {"id": "cm-osm-node-6303089086", "name": "Thaï kitchen cookery center", "nameTh": null, "nameEn": "Thaï kitchen cookery center", "cat": ["cooking", "school"], "province": "cm", "slug": "tha-kitchen-cookery-center-6303089086", "rank": 1}}, {"type": "Feature", "geometry": {"type": "Point", "coordinates": [98.9355, 18.73687]}, "properties": {"id": "cm-osm-node-10128035418", "name": "The Camp Muay Thai", "nameTh": "The Camp Muay Thai Resort & Academy", "nameEn": null, "cat": ["muaythai", "school"], "province": "cm", "slug": "the-camp-muay-thai-resort-academy-10128035418", "rank": 3}}, {"type": "Feature", "geometry": {"type": "Point", "coordinates": [98.9776, 18.84073]}, "properties": {"id": "cm-osm-node-8586536251", "name": "The Hill Place 22/24 Jalusion Fashion School", "nameTh": null, "nameEn": "The Hill Place 22/24 Jalusion Fashion School", "cat": ["school"], "province": "cm", "slug": "the-hill-place-22-24-jalusion-fashion-school-8586536251", "rank": 1}}, {"type": "Feature", "geometry": {"type": "Point", "coordinates": [98.96737, 18.80033]}, "properties": {"id": "cm-osm-node-8011815985", "name": "The PRO Language", "nameTh": null, "nameEn": "The PRO Language", "cat": ["school"], "province": "cm", "slug": "the-pro-language-8011815985", "rank": 1}}, {"type": "Feature", "geometry": {"type": "Point", "coordinates": [98.99196, 18.79166]}, "properties": {"id": "cm-osm-node-4086130436", "name": "Ubonluck", "nameTh": null, "nameEn": "Ubonluck", "cat": ["school"], "province": "cm", "slug": "ubonluck-4086130436", "rank": 1}}, {"type": "Feature", "geometry": {"type": "Point", "coordinates": [98.99988, 18.65346]}, "properties": {"id": "cm-osm-way-1257110425", "name": "Umpai Nursery", "nameTh": null, "nameEn": "Umpai Nursery", "cat": ["school"], "province": "cm", "slug": "umpai-nursery-1257110425", "rank": 1}}, {"type": "Feature", "geometry": {"type": "Point", "coordinates": [98.96331, 18.85555]}, "properties": {"id": "cm-osm-node-2162872134", "name": "Viengping Children's Home", "nameTh": null, "nameEn": "Viengping Children's Home", "cat": ["school"], "province": "cm", "slug": "viengping-children-s-home-2162872134", "rank": 1}}, {"type": "Feature", "geometry": {"type": "Point", "coordinates": [99.01897, 18.7565]}, "properties": {"id": "cm-osm-node-5339832280", "name": "Vivaz Dance and Music School", "nameTh": null, "nameEn": "Vivaz Dance and Music School", "cat": ["school"], "province": "cm", "slug": "vivaz-dance-and-music-school-5339832280", "rank": 1}}, {"type": "Feature", "geometry": {"type": "Point", "coordinates": [98.97746, 18.79319]}, "properties": {"id": "cm-osm-node-10830080651", "name": "Vivid dance studios", "nameTh": null, "nameEn": "Vivid dance studios", "cat": ["school"], "province": "cm", "slug": "vivid-dance-studios-10830080651", "rank": 4}}, {"type": "Feature", "geometry": {"type": "Point", "coordinates": [99.02044, 18.75183]}, "properties": {"id": "cm-osm-way-385562938", "name": "Volunteers Without Borders", "nameTh": null, "nameEn": "Volunteers Without Borders", "cat": ["school"], "province": "cm", "slug": "volunteers-without-borders-385562938", "rank": 1}}, {"type": "Feature", "geometry": {"type": "Point", "coordinates": [98.98772, 18.8017]}, "properties": {"id": "cm-osm-node-12543092104", "name": "WASEDA Academy(Japan)", "nameTh": null, "nameEn": "WASEDA Academy(Japan)", "cat": ["school"], "province": "cm", "slug": "waseda-academy-japan-12543092104", "rank": 1}}, {"type": "Feature", "geometry": {"type": "Point", "coordinates": [98.90834, 18.71719]}, "properties": {"id": "cm-osm-node-1799458066", "name": "WVS ITC Worldwide Veterinary Service International Training Center", "nameTh": null, "nameEn": "WVS ITC Worldwide Veterinary Service International Training Center", "cat": ["school", "school-intl"], "province": "cm", "slug": "wvs-itc-worldwide-veterinary-service-international-training-1799458066", "rank": 4}}, {"type": "Feature", "geometry": {"type": "Point", "coordinates": [98.97593, 18.79756]}, "properties": {"id": "cm-osm-node-2559604997", "name": "Walen Language School", "nameTh": null, "nameEn": "Walen Language School", "cat": ["school"], "province": "cm", "slug": "walen-language-school-2559604997", "rank": 1}}, {"type": "Feature", "geometry": {"type": "Point", "coordinates": [99.01793, 18.80613]}, "properties": {"id": "cm-osm-node-2865804801", "name": "Wall Street English", "nameTh": null, "nameEn": "Wall Street English", "cat": ["school"], "province": "cm", "slug": "wall-street-english-2865804801", "rank": 1}}, {"type": "Feature", "geometry": {"type": "Point", "coordinates": [98.92816, 19.14154]}, "properties": {"id": "cm-osm-way-1357686374", "name": "Wat Mae Ka School", "nameTh": null, "nameEn": "Wat Mae Ka School", "cat": ["school"], "province": "cm", "slug": "wat-mae-ka-school-1357686374", "rank": 1}}, {"type": "Feature", "geometry": {"type": "Point", "coordinates": [99.01568, 18.76506]}, "properties": {"id": "cm-osm-way-390331057", "name": "Wat Mueang Sattra School", "nameTh": null, "nameEn": "Wat Mueang Sattra School", "cat": ["school"], "province": "cm", "slug": "wat-mueang-sattra-school-390331057", "rank": 1}}, {"type": "Feature", "geometry": {"type": "Point", "coordinates": [98.84496, 18.50338]}, "properties": {"id": "cm-osm-way-1353129585", "name": "Wat Song Khwae School", "nameTh": null, "nameEn": "Wat Song Khwae School", "cat": ["school"], "province": "cm", "slug": "wat-song-khwae-school-1353129585", "rank": 1}}, {"type": "Feature", "geometry": {"type": "Point", "coordinates": [99.18484, 19.87093]}, "properties": {"id": "cm-osm-way-251717552", "name": "Wat Sriboonruang", "nameTh": null, "nameEn": "Wat Sriboonruang", "cat": ["school"], "province": "cm", "slug": "wat-sriboonruang-251717552", "rank": 1}}, {"type": "Feature", "geometry": {"type": "Point", "coordinates": [98.92844, 18.64075]}, "properties": {"id": "cm-osm-way-1341661874", "name": "Wat Srisawang School", "nameTh": null, "nameEn": "Wat Srisawang School", "cat": ["school"], "province": "cm", "slug": "wat-srisawang-school-1341661874", "rank": 1}}, {"type": "Feature", "geometry": {"type": "Point", "coordinates": [98.99857, 18.76683]}, "properties": {"id": "cm-osm-way-177611882", "name": "Wichai Wittaya Bilingual School", "nameTh": null, "nameEn": "Marmara School - Wichai Wittaya English Program", "cat": ["school"], "province": "cm", "slug": "marmara-school-wichai-wittaya-english-program-177611882", "rank": 1}}, {"type": "Feature", "geometry": {"type": "Point", "coordinates": [98.95006, 18.73196]}, "properties": {"id": "cm-osm-node-12338688901", "name": "Wildcat Muay Thai", "nameTh": null, "nameEn": "Wildcat Muay Thai", "cat": ["muaythai", "school"], "province": "cm", "slug": "wildcat-muay-thai-12338688901", "rank": 1}}, {"type": "Feature", "geometry": {"type": "Point", "coordinates": [98.94889, 18.76231]}, "properties": {"id": "cm-osm-node-9281934917", "name": "Wildcat Muay Thai", "nameTh": null, "nameEn": "Wildcat Muay Thai", "cat": ["muaythai", "school"], "province": "cm", "slug": "wildcat-muay-thai-9281934917", "rank": 3}}, {"type": "Feature", "geometry": {"type": "Point", "coordinates": [99.00182, 18.79623]}, "properties": {"id": "cm-osm-node-13240363791", "name": "Windfield French Intl. School", "nameTh": null, "nameEn": "Windfield French Intl. School", "cat": ["school"], "province": "cm", "slug": "windfield-french-intl-school-13240363791", "rank": 1}}, {"type": "Feature", "geometry": {"type": "Point", "coordinates": [99.09962, 19.775]}, "properties": {"id": "cm-osm-way-804817890", "name": "Wirunthep School", "nameTh": null, "nameEn": "Wirunthep School", "cat": ["school"], "province": "cm", "slug": "wirunthep-school-804817890", "rank": 1}}, {"type": "Feature", "geometry": {"type": "Point", "coordinates": [98.62509, 19.57637]}, "properties": {"id": "cm-osm-way-389133717", "name": "Witthayakhom School", "nameTh": null, "nameEn": "Witthayakhom School", "cat": ["school"], "province": "cm", "slug": "witthayakhom-school-389133717", "rank": 1}}, {"type": "Feature", "geometry": {"type": "Point", "coordinates": [98.70502, 19.29597]}, "properties": {"id": "cm-osm-way-1016891623", "name": "Xinmin Secondary School", "nameTh": null, "nameEn": "Xinmin Secondary School", "cat": ["school"], "province": "cm", "slug": "xinmin-secondary-school-1016891623", "rank": 1}}, {"type": "Feature", "geometry": {"type": "Point", "coordinates": [98.97765, 18.79936]}, "properties": {"id": "cm-osm-node-4308662795", "name": "YMCA", "nameTh": null, "nameEn": "YMCA", "cat": ["school"], "province": "cm", "slug": "ymca-4308662795", "rank": 1}}, {"type": "Feature", "geometry": {"type": "Point", "coordinates": [99.00371, 18.75847]}, "properties": {"id": "cm-osm-way-696797132", "name": "YMCA", "nameTh": null, "nameEn": "YMCA", "cat": ["school"], "province": "cm", "slug": "ymca-696797132", "rank": 1}}, {"type": "Feature", "geometry": {"type": "Point", "coordinates": [98.94921, 18.81039]}, "properties": {"id": "cm-osm-node-11371332070", "name": "nursery Learning center", "nameTh": null, "nameEn": "nursery Learning center", "cat": ["school"], "province": "cm", "slug": "nursery-learning-center-11371332070", "rank": 1}}, {"type": "Feature", "geometry": {"type": "Point", "coordinates": [98.96991, 18.79643]}, "properties": {"id": "cm-osm-node-4365488590", "name": "กวดวิชาภาษา", "nameTh": "กวดวิชาภาษา", "nameEn": "Language courses", "cat": ["school"], "province": "cm", "slug": "language-courses-4365488590", "rank": 3}}, {"type": "Feature", "geometry": {"type": "Point", "coordinates": [99.11845, 18.80868]}, "properties": {"id": "cm-osm-node-2582055356", "name": "กศน.ตำบลตลาดใหญ่ ศูนย์การเรียนชุมชน", "nameTh": "กศน.ตำบลตลาดใหญ่ ศูนย์การเรียนชุมชน", "nameEn": "Talat Yai Vocational Community Learning Center", "cat": ["school"], "province": "cm", "slug": "talat-yai-vocational-community-learning-center-2582055356", "rank": 2}}, {"type": "Feature", "geometry": {"type": "Point", "coordinates": [99.19095, 19.33109]}, "properties": {"id": "cm-osm-node-4605297758", "name": "กศน.ตำบลเขื่อนผาก", "nameTh": "กศน.ตำบลเขื่อนผาก", "nameEn": "Tambon Khuean Phak Non-Formal Education", "cat": ["school"], "province": "cm", "slug": "tambon-khuean-phak-non-formal-education-4605297758", "rank": 2}}, {"type": "Feature", "geometry": {"type": "Point", "coordinates": [99.11611, 18.74603]}, "properties": {"id": "cm-osm-node-2634298485", "name": "กศน.สันกำแพง", "nameTh": "กศน.สันกำแพง", "nameEn": "San Kamphaeng Non-Formal and Informal Education Centre", "cat": ["school"], "province": "cm", "slug": "san-kamphaeng-non-formal-and-informal-education-centre-2634298485", "rank": 2}}, {"type": "Feature", "geometry": {"type": "Point", "coordinates": [98.94753, 18.80131]}, "properties": {"id": "cm-osm-node-6014826895", "name": "คณะการสื่อสารมวลชน", "nameTh": "คณะการสื่อสารมวลชน", "nameEn": null, "cat": ["school"], "province": "cm", "slug": "6014826895", "rank": 1}}, {"type": "Feature", "geometry": {"type": "Point", "coordinates": [98.96801, 18.79003]}, "properties": {"id": "cm-osm-node-12779208407", "name": "คณะทันตแพทยศาสตร์ มหาวิทยาลัยเชียงใหม่", "nameTh": "คณะทันตแพทยศาสตร์ มหาวิทยาลัยเชียงใหม่", "nameEn": "Faculty of Dentistry, Chiang Mai University", "cat": ["school"], "province": "cm", "slug": "faculty-of-dentistry-chiang-mai-university-12779208407", "rank": 2}}, {"type": "Feature", "geometry": {"type": "Point", "coordinates": [98.94814, 18.80476]}, "properties": {"id": "cm-osm-node-6014798842", "name": "คณะนิติศาสตร์", "nameTh": "คณะนิติศาสตร์", "nameEn": "Faculty of Law", "cat": ["school"], "province": "cm", "slug": "faculty-of-law-6014798842", "rank": 2}}, {"type": "Feature", "geometry": {"type": "Point", "coordinates": [98.97545, 18.79083]}, "properties": {"id": "cm-osm-node-4681342960", "name": "คณะพยาบาลศาสตร์", "nameTh": "คณะพยาบาลศาสตร์", "nameEn": "Faculty of Nursing", "cat": ["school"], "province": "cm", "slug": "faculty-of-nursing-4681342960", "rank": 2}}, {"type": "Feature", "geometry": {"type": "Point", "coordinates": [98.95088, 18.80395]}, "properties": {"id": "cm-osm-node-3322985561", "name": "คณะมนุษยศาสตร์", "nameTh": "คณะมนุษยศาสตร์", "nameEn": "Faculty of Humanities", "cat": ["school"], "province": "cm", "slug": "faculty-of-humanities-3322985561", "rank": 2}}, {"type": "Feature", "geometry": {"type": "Point", "coordinates": [98.95477, 18.80315]}, "properties": {"id": "cm-osm-node-5591475899", "name": "คณะรัฐศาสตร์และรัฐประศาสนศาสตร์", "nameTh": "คณะรัฐศาสตร์และรัฐประศาสนศาสตร์", "nameEn": "Faculty of Political Science and Public Administration", "cat": ["school"], "province": "cm", "slug": "faculty-of-political-science-and-public-administration-5591475899", "rank": 2}}, {"type": "Feature", "geometry": {"type": "Point", "coordinates": [98.95294, 18.80097]}, "properties": {"id": "cm-osm-node-6012344207", "name": "คณะวิทยาศาสตร์", "nameTh": "คณะวิทยาศาสตร์", "nameEn": "Faculty of Science", "cat": ["school"], "province": "cm", "slug": "faculty-of-science-6012344207", "rank": 2}}, {"type": "Feature", "geometry": {"type": "Point", "coordinates": [98.94871, 18.79845]}, "properties": {"id": "cm-osm-node-12856048975", "name": "คณะสถาปัตยกรรมศาสตร์", "nameTh": "คณะสถาปัตยกรรมศาสตร์", "nameEn": "Faculty of Architecture", "cat": ["school"], "province": "cm", "slug": "faculty-of-architecture-12856048975", "rank": 2}}, {"type": "Feature", "geometry": {"type": "Point", "coordinates": [98.957, 18.81065]}, "properties": {"id": "cm-osm-node-4743290222", "name": "คณะสถาปัตยกรรมศาสตร์", "nameTh": "คณะสถาปัตยกรรมศาสตร์", "nameEn": "Faculty of arts & architecture", "cat": ["school"], "province": "cm", "slug": "faculty-of-arts-architecture-4743290222", "rank": 3}}, {"type": "Feature", "geometry": {"type": "Point", "coordinates": [98.94997, 18.80258]}, "properties": {"id": "cm-osm-node-6012268592", "name": "คณะสังคมศาสตร์", "nameTh": "คณะสังคมศาสตร์", "nameEn": "Faculty of Social Sciences", "cat": ["school"], "province": "cm", "slug": "faculty-of-social-sciences-6012268592", "rank": 2}}, {"type": "Feature", "geometry": {"type": "Point", "coordinates": [99.01805, 18.91509]}, "properties": {"id": "cm-osm-way-93044355", "name": "คณะสัตวศาสตร์และเทคโนโลยี", "nameTh": "คณะสัตวศาสตร์และเทคโนโลยี", "nameEn": "Faculty of Animal Science and Technology", "cat": ["school"], "province": "cm", "slug": "faculty-of-animal-science-and-technology-93044355", "rank": 2}}, {"type": "Feature", "geometry": {"type": "Point", "coordinates": [98.95986, 18.7934]}, "properties": {"id": "cm-osm-node-6014812269", "name": "คณะเกษตรศาสตร์", "nameTh": "คณะเกษตรศาสตร์", "nameEn": "Faculty of Agriculture", "cat": ["school"], "province": "cm", "slug": "faculty-of-agriculture-6014812269", "rank": 2}}, {"type": "Feature", "geometry": {"type": "Point", "coordinates": [98.9752, 18.78978]}, "properties": {"id": "cm-osm-node-4681342961", "name": "คณะเทคนิคการแพทย์", "nameTh": "คณะเทคนิคการแพทย์", "nameEn": "Faculty of Associated Medical Sciences", "cat": ["school"], "province": "cm", "slug": "faculty-of-associated-medical-sciences-4681342961", "rank": 3}}, {"type": "Feature", "geometry": {"type": "Point", "coordinates": [98.94961, 18.80173]}, "properties": {"id": "cm-osm-node-6012370690", "name": "คณะเศรษฐศาสตร์", "nameTh": "คณะเศรษฐศาสตร์", "nameEn": "Faculty of Economics", "cat": ["school"], "province": "cm", "slug": "faculty-of-economics-6012370690", "rank": 2}}, {"type": "Feature", "geometry": {"type": "Point", "coordinates": [98.97365, 18.78986]}, "properties": {"id": "cm-osm-node-725689597", "name": "คณะแพทยศาสตร์", "nameTh": "คณะแพทยศาสตร์", "nameEn": "Faculty of Medicine", "cat": ["school"], "province": "cm", "slug": "faculty-of-medicine-725689597", "rank": 5}}, {"type": "Feature", "geometry": {"type": "Point", "coordinates": [98.97951, 18.78893]}, "properties": {"id": "cm-osm-node-11228581190", "name": "ครูคลับ", "nameTh": "ครูคลับ", "nameEn": "Kru Club", "cat": ["school"], "province": "cm", "slug": "kru-club-11228581190", "rank": 2}}, {"type": "Feature", "geometry": {"type": "Point", "coordinates": [98.9506, 18.78713]}, "properties": {"id": "cm-osm-node-4594067197", "name": "ครูเมย์", "nameTh": "ครูเมย์", "nameEn": "Kru May", "cat": ["school"], "province": "cm", "slug": "kru-may-4594067197", "rank": 2}}, {"type": "Feature", "geometry": {"type": "Point", "coordinates": [98.72081, 19.37916]}, "properties": {"id": "cm-osm-node-9348144119", "name": "ค่ายมวย สิงห์คำ", "nameTh": "ค่ายมวย สิงห์คำ", "nameEn": "Singhakam boxing gym", "cat": ["muaythai", "school"], "province": "cm", "slug": "singhakam-boxing-gym-9348144119", "rank": 2}}, {"type": "Feature", "geometry": {"type": "Point", "coordinates": [98.95306, 18.80061]}, "properties": {"id": "cm-osm-node-2453751788", "name": "จุดอ่านหนังสือ (โรงอาหาร)", "nameTh": "จุดอ่านหนังสือ (โรงอาหาร)", "nameEn": null, "cat": ["school"], "province": "cm", "slug": "2453751788", "rank": 1}}, {"type": "Feature", "geometry": {"type": "Point", "coordinates": [98.98262, 18.79719]}, "properties": {"id": "cm-osm-way-315412230", "name": "นันทชาติ พรีสคูล", "nameTh": "นันทชาติ พรีสคูล", "nameEn": null, "cat": ["school"], "province": "cm", "slug": "315412230", "rank": 1}}, {"type": "Feature", "geometry": {"type": "Point", "coordinates": [98.99298, 18.79417]}, "properties": {"id": "cm-osm-node-5391744621", "name": "น้อยหน่าอาร์ทสตูดิโอ", "nameTh": "น้อยหน่าอาร์ทสตูดิโอ", "nameEn": "Noina Art Studio", "cat": ["school"], "province": "cm", "slug": "noina-art-studio-5391744621", "rank": 4}}, {"type": "Feature", "geometry": {"type": "Point", "coordinates": [98.95952, 18.7867]}, "properties": {"id": "cm-osm-node-8892109838", "name": "บ้าน น. หนู เนิสเซอรี่", "nameTh": "บ้าน น. หนู เนิสเซอรี่", "nameEn": "Ban No Nu Nursery", "cat": ["school"], "province": "cm", "slug": "ban-no-nu-nursery-8892109838", "rank": 2}}, {"type": "Feature", "geometry": {"type": "Point", "coordinates": [99.12455, 18.75653]}, "properties": {"id": "cm-osm-node-13671180406", "name": "บ้านสอนพิเศษ ครูวี", "nameTh": "บ้านสอนพิเศษ ครูวี", "nameEn": null, "cat": ["school"], "province": "cm", "slug": "13671180406", "rank": 2}}, {"type": "Feature", "geometry": {"type": "Point", "coordinates": [99.33139, 20.0424]}, "properties": {"id": "cm-osm-node-6534478486", "name": "บ้านเด็กกำพร้าแม่อาย", "nameTh": "บ้านเด็กกำพร้าแม่อาย", "nameEn": "Mae Ai Orphanage Children Home", "cat": ["school"], "province": "cm", "slug": "mae-ai-orphanage-children-home-6534478486", "rank": 2}}, {"type": "Feature", "geometry": {"type": "Point", "coordinates": [98.97897, 18.8008]}, "properties": {"id": "cm-osm-node-3284019789", "name": "บ้านเด็กดรุณวลี", "nameTh": "บ้านเด็กดรุณวลี", "nameEn": "Darun Wali", "cat": ["school"], "province": "cm", "slug": "darun-wali-3284019789", "rank": 2}}, {"type": "Feature", "geometry": {"type": "Point", "coordinates": [99.3836, 20.06158]}, "properties": {"id": "cm-osm-node-6534823885", "name": "บ้านแม่สมพร(ช่วยเหลือเด็กยากไร้ ด้อยโอกาส)", "nameTh": "บ้านแม่สมพร(ช่วยเหลือเด็กยากไร้ ด้อยโอกาส)", "nameEn": "Sompon Asisted Living Home", "cat": ["school"], "province": "cm", "slug": "sompon-asisted-living-home-6534823885", "rank": 2}}, {"type": "Feature", "geometry": {"type": "Point", "coordinates": [99.23535, 18.95496]}, "properties": {"id": "cm-osm-way-1030697041", "name": "บ้านแม่หวาน", "nameTh": "โรงเรียนบ้านแม่หวาน", "nameEn": "Ban Mae Wan School", "cat": ["school"], "province": "cm", "slug": "ban-mae-wan-school-1030697041", "rank": 2}}, {"type": "Feature", "geometry": {"type": "Point", "coordinates": [98.99928, 18.77559]}, "properties": {"id": "cm-osm-node-3394760222", "name": "พิงค์อภิบาลกิจ", "nameTh": "พิงค์อภิบาลกิจ", "nameEn": "School of Nurse Aide", "cat": ["school"], "province": "cm", "slug": "school-of-nurse-aide-3394760222", "rank": 2}}, {"type": "Feature", "geometry": {"type": "Point", "coordinates": [98.9267, 19.02102]}, "properties": {"id": "cm-osm-node-10593235382", "name": "ภาควิชาคหกรรมศาสตร์ (อาคาร SCI11)", "nameTh": "ภาควิชาคหกรรมศาสตร์ (อาคาร SCI11)", "nameEn": null, "cat": ["school"], "province": "cm", "slug": "sci11-10593235382", "rank": 2}}, {"type": "Feature", "geometry": {"type": "Point", "coordinates": [98.92612, 19.02158]}, "properties": {"id": "cm-osm-node-10593235384", "name": "ภาควิชาคอมพิวเตอร์ / ภาควิชาคณิตศาสตร์และสถิติ (SCI9)", "nameTh": "ภาควิชาคอมพิวเตอร์ / ภาควิชาคณิตศาสตร์และสถิติ (SCI9)", "nameEn": null, "cat": ["school"], "province": "cm", "slug": "sci9-10593235384", "rank": 2}}, {"type": "Feature", "geometry": {"type": "Point", "coordinates": [98.92597, 19.02117]}, "properties": {"id": "cm-osm-node-10593235381", "name": "ภาควิชาชีววิทยา (อาคาร SCI8)", "nameTh": "ภาควิชาชีววิทยา (อาคาร SCI8)", "nameEn": null, "cat": ["school"], "province": "cm", "slug": "sci8-10593235381", "rank": 2}}, {"type": "Feature", "geometry": {"type": "Point", "coordinates": [98.92551, 19.02135]}, "properties": {"id": "cm-osm-node-10593235385", "name": "ภาควิชาฟิสิกส์และวิทยาศาสตร์ทั่วไป (อาคาร SCI7)", "nameTh": "ภาควิชาฟิสิกส์และวิทยาศาสตร์ทั่วไป (อาคาร SCI7)", "nameEn": null, "cat": ["school"], "province": "cm", "slug": "sci7-10593235385", "rank": 2}}, {"type": "Feature", "geometry": {"type": "Point", "coordinates": [98.92694, 19.02136]}, "properties": {"id": "cm-osm-node-10593235383", "name": "ภาควิชาสาธารณสุขศาสตร์/ภาควิชาวิทยาศาสตร์สิ่งแวดล้อม (อาคาร SCI10)", "nameTh": "ภาควิชาสาธารณสุขศาสตร์/ภาควิชาวิทยาศาสตร์สิ่งแวดล้อม (อาคาร SCI10)", "nameEn": null, "cat": ["school"], "province": "cm", "slug": "sci10-10593235383", "rank": 2}}, {"type": "Feature", "geometry": {"type": "Point", "coordinates": [98.92538, 19.02075]}, "properties": {"id": "cm-osm-node-10593235380", "name": "ภาควิชาเคมี (อาคาร SCI6)", "nameTh": "ภาควิชาเคมี (อาคาร SCI6)", "nameEn": null, "cat": ["school"], "province": "cm", "slug": "sci6-10593235380", "rank": 2}}, {"type": "Feature", "geometry": {"type": "Point", "coordinates": [98.82157, 18.92436]}, "properties": {"id": "cm-osm-node-2556168468", "name": "มวยไทยเม้าท์เท็นแค้มป์", "nameTh": "มวยไทยเม้าท์เท็นแค้มป์", "nameEn": "Muay Thai Mountain Camp", "cat": ["muaythai", "school"], "province": "cm", "slug": "muay-thai-mountain-camp-2556168468", "rank": 2}}, {"type": "Feature", "geometry": {"type": "Point", "coordinates": [98.9138, 18.66265]}, "properties": {"id": "cm-osm-node-2685552559", "name": "มหาวิทยาลัยนอร์ท - เชียงใหม่", "nameTh": "มหาวิทยาลัยนอร์ท - เชียงใหม่", "nameEn": "North Chiang Mai University", "cat": ["school"], "province": "cm", "slug": "north-chiang-mai-university-2685552559", "rank": 4}}, {"type": "Feature", "geometry": {"type": "Point", "coordinates": [99.03272, 18.79619]}, "properties": {"id": "cm-osm-way-122522956", "name": "มหาวิทยาลัยพายัพ", "nameTh": "มหาวิทยาลัยพายัพ", "nameEn": "Payap University", "cat": ["school"], "province": "cm", "slug": "payap-university-122522956", "rank": 2}}, {"type": "Feature", "geometry": {"type": "Point", "coordinates": [99.04032, 18.79854]}, "properties": {"id": "cm-osm-way-199755350", "name": "มหาวิทยาลัยพายัพ", "nameTh": "มหาวิทยาลัยพายัพ", "nameEn": "Payap University", "cat": ["school"], "province": "cm", "slug": "payap-university-199755350", "rank": 2}}, {"type": "Feature", "geometry": {"type": "Point", "coordinates": [99.00925, 18.79908]}, "properties": {"id": "cm-osm-way-186277293", "name": "มหาวิทยาลัยพายัพ เขตแก้วนวรัฐ", "nameTh": "มหาวิทยาลัยพายัพ เขตแก้วนวรัฐ", "nameEn": "Payap University Kaew Nawarat Campus", "cat": ["school"], "province": "cm", "slug": "payap-university-kaew-nawarat-campus-186277293", "rank": 2}}, {"type": "Feature", "geometry": {"type": "Point", "coordinates": [98.97505, 18.77109]}, "properties": {"id": "cm-osm-way-200889789", "name": "มหาวิทยาลัยฟาร์อีสเทอร์น", "nameTh": "มหาวิทยาลัยฟาร์อีสเทอร์น", "nameEn": "The Far Eastern University", "cat": ["school"], "province": "cm", "slug": "the-far-eastern-university-200889789", "rank": 2}}, {"type": "Feature", "geometry": {"type": "Point", "coordinates": [98.97268, 18.71136]}, "properties": {"id": "cm-osm-way-473730250", "name": "มหาวิทยาลัยฟาร์อีสเทอร์น", "nameTh": "มหาวิทยาลัยฟาร์อีสเทอร์น", "nameEn": "Far Eastern University", "cat": ["school"], "province": "cm", "slug": "far-eastern-university-473730250", "rank": 2}}, {"type": "Feature", "geometry": {"type": "Point", "coordinates": [98.92235, 19.02352]}, "properties": {"id": "cm-osm-node-2611287874", "name": "มหาวิทยาลัยราชภัฏเชียงใหม่", "nameTh": "มหาวิทยาลัยราชภัฏเชียงใหม่", "nameEn": "Chiang Mai Rajabhat University", "cat": ["school"], "province": "cm", "slug": "chiang-mai-rajabhat-university-2611287874", "rank": 2}}, {"type": "Feature", "geometry": {"type": "Point", "coordinates": [98.92644, 19.02093]}, "properties": {"id": "cm-osm-way-204109676", "name": "มหาวิทยาลัยราชภัฏเชียงใหม่", "nameTh": "มหาวิทยาลัยราชภัฏเชียงใหม่", "nameEn": "Chiang Mai Rajabhat University Saluang Keeluk Campus", "cat": ["school"], "province": "cm", "slug": "chiang-mai-rajabhat-university-saluang-keeluk-campus-204109676", "rank": 2}}, {"type": "Feature", "geometry": {"type": "Point", "coordinates": [98.98685, 18.8073]}, "properties": {"id": "cm-osm-way-329234389", "name": "มหาวิทยาลัยราชภัฏเชียงใหม่", "nameTh": "มหาวิทยาลัยราชภัฏเชียงใหม่", "nameEn": "ChiangMai Rajabhat University", "cat": ["school"], "province": "cm", "slug": "chiangmai-rajabhat-university-329234389", "rank": 2}}, {"type": "Feature", "geometry": {"type": "Point", "coordinates": [98.95392, 18.80093]}, "properties": {"id": "cm-osm-way-189632187", "name": "มหาวิทยาลัยเชียงใหม่", "nameTh": "มหาวิทยาลัยเชียงใหม่", "nameEn": "Chiang Mai University", "cat": ["school"], "province": "cm", "slug": "chiang-mai-university-189632187", "rank": 4}}, {"type": "Feature", "geometry": {"type": "Point", "coordinates": [98.67634, 18.47289]}, "properties": {"id": "cm-osm-node-2687048808", "name": "มหาวิทยาลัยเทคโนโลยี ราชมงคลล้านนา", "nameTh": "มหาวิทยาลัยเทคโนโลยี ราชมงคลล้านนา", "nameEn": "Lanna University of Technology", "cat": ["school"], "province": "cm", "slug": "lanna-university-of-technology-2687048808", "rank": 2}}, {"type": "Feature", "geometry": {"type": "Point", "coordinates": [99.18143, 18.85326]}, "properties": {"id": "cm-osm-node-1217450392", "name": "มหาวิทยาลัยเทคโนโลยีราชมงคล", "nameTh": "มหาวิทยาลัยเทคโนโลยีราชมงคล", "nameEn": "Rajamangala University of Technology", "cat": ["school"], "province": "cm", "slug": "rajamangala-university-of-technology-1217450392", "rank": 2}}, {"type": "Feature", "geometry": {"type": "Point", "coordinates": [99.01449, 18.89711]}, "properties": {"id": "cm-osm-way-97522878", "name": "มหาวิทยาลัยแม่โจ้", "nameTh": "มหาวิทยาลัยแม่โจ้", "nameEn": "Mae Jo University", "cat": ["school"], "province": "cm", "slug": "mae-jo-university-97522878", "rank": 4}}, {"type": "Feature", "geometry": {"type": "Point", "coordinates": [99.0464, 18.83171]}, "properties": {"id": "cm-osm-node-2622857548", "name": "มูลนิธิ โรงเรียนบ้านแม่ย่อย", "nameTh": "มูลนิธิ โรงเรียนบ้านแม่ย่อย", "nameEn": "Ban Mae Yoi School", "cat": ["school"], "province": "cm", "slug": "ban-mae-yoi-school-2622857548", "rank": 2}}, {"type": "Feature", "geometry": {"type": "Point", "coordinates": [99.11064, 18.7673]}, "properties": {"id": "cm-osm-way-105702230", "name": "ร. ร. บ้านแม่ปูคา", "nameTh": "ร. ร. บ้านแม่ปูคา", "nameEn": null, "cat": ["school"], "province": "cm", "slug": "105702230", "rank": 1}}, {"type": "Feature", "geometry": {"type": "Point", "coordinates": [99.15474, 18.81219]}, "properties": {"id": "cm-osm-way-105703234", "name": "ร. ร. บ้านแม่ฮ้อยเงิน", "nameTh": "ร. ร. บ้านแม่ฮ้อยเงิน", "nameEn": null, "cat": ["school"], "province": "cm", "slug": "105703234", "rank": 1}}, {"type": "Feature", "geometry": {"type": "Point", "coordinates": [99.07582, 18.75294]}, "properties": {"id": "cm-osm-way-95480255", "name": "ร. สันป่าค่า", "nameTh": "ร. สันป่าค่า", "nameEn": null, "cat": ["school"], "province": "cm", "slug": "95480255", "rank": 1}}, {"type": "Feature", "geometry": {"type": "Point", "coordinates": [98.95595, 19.74132]}, "properties": {"id": "cm-osm-way-1509395387", "name": "รงเรียนสอนภาษาจีนเจี้ยวเหรียญเชียงใหม่ 清迈教联高级中学", "nameTh": "รงเรียนสอนภาษาจีนเจี้ยวเหรียญเชียงใหม่", "nameEn": "Jiao Lian Chinese Language School, Chiang Mai", "cat": ["school"], "province": "cm", "slug": "jiao-lian-chinese-language-school-chiang-mai-1509395387", "rank": 2}}, {"type": "Feature", "geometry": {"type": "Point", "coordinates": [98.87036, 18.62352]}, "properties": {"id": "cm-osm-node-1581105163", "name": "รร วัดอุเม็ง", "nameTh": "รร วัดอุเม็ง", "nameEn": null, "cat": ["school"], "province": "cm", "slug": "1581105163", "rank": 1}}, {"type": "Feature", "geometry": {"type": "Point", "coordinates": [98.96979, 18.86811]}, "properties": {"id": "cm-osm-node-5781768257", "name": "รร. ฮอมขวัญ", "nameTh": "รร. ฮอมขวัญ", "nameEn": "Homkwan Waldorf School", "cat": ["school"], "province": "cm", "slug": "homkwan-waldorf-school-5781768257", "rank": 2}}, {"type": "Feature", "geometry": {"type": "Point", "coordinates": [98.997, 18.74399]}, "properties": {"id": "cm-osm-node-13677610022", "name": "รร.สอนขับรถเชียงใหม่เคดับบลิว", "nameTh": "รร.สอนขับรถเชียงใหม่เคดับบลิว", "nameEn": null, "cat": ["school"], "province": "cm", "slug": "13677610022", "rank": 2}}, {"type": "Feature", "geometry": {"type": "Point", "coordinates": [99.13892, 18.72251]}, "properties": {"id": "cm-osm-way-95644120", "name": "วัยพัฒนาวิทยา", "nameTh": "วัยพัฒนาวิทยา", "nameEn": null, "cat": ["school"], "province": "cm", "slug": "95644120", "rank": 1}}, {"type": "Feature", "geometry": {"type": "Point", "coordinates": [98.67479, 18.45901]}, "properties": {"id": "cm-osm-node-2687048798", "name": "วิทยาลัยการอาชีพจอมทอง", "nameTh": "วิทยาลัยการอาชีพจอมทอง", "nameEn": "Chomthong College", "cat": ["school"], "province": "cm", "slug": "chomthong-college-2687048798", "rank": 2}}, {"type": "Feature", "geometry": {"type": "Point", "coordinates": [99.01366, 18.89467]}, "properties": {"id": "cm-osm-node-4524195491", "name": "วิทยาลัยบริหารศาสตร์", "nameTh": "วิทยาลัยบริหารศาสตร์", "nameEn": "School of Administrative Studies", "cat": ["school"], "province": "cm", "slug": "school-of-administrative-studies-4524195491", "rank": 2}}, {"type": "Feature", "geometry": {"type": "Point", "coordinates": [98.9606, 18.85149]}, "properties": {"id": "cm-osm-way-250521943", "name": "วิทยาลัยพยาบาลบรมราชชนนี เชียงใหม่", "nameTh": "วิทยาลัยพยาบาลบรมราชชนนี เชียงใหม่", "nameEn": "Chiang Mai Nursing College", "cat": ["school"], "province": "cm", "slug": "chiang-mai-nursing-college-250521943", "rank": 2}}, {"type": "Feature", "geometry": {"type": "Point", "coordinates": [99.01014, 18.85219]}, "properties": {"id": "cm-osm-way-176273447", "name": "วิทยาลัยพายัพเทคโนโลยีและบริหารธุรกิจ", "nameTh": "วิทยาลัยพายัพเทคโนโลยีและบริหารธุรกิจ", "nameEn": "Payap Technology and Business College", "cat": ["school"], "province": "cm", "slug": "payap-technology-and-business-college-176273447", "rank": 2}}, {"type": "Feature", "geometry": {"type": "Point", "coordinates": [98.95059, 18.80071]}, "properties": {"id": "cm-osm-node-7116881509", "name": "วิทยาลัยศิลปะ สื่อ และเทคโนโลยี", "nameTh": "วิทยาลัยศิลปะ สื่อ และเทคโนโลยี", "nameEn": "College of Arts, Media and Technology", "cat": ["school"], "province": "cm", "slug": "college-of-arts-media-and-technology-7116881509", "rank": 2}}, {"type": "Feature", "geometry": {"type": "Point", "coordinates": [98.96528, 18.80331]}, "properties": {"id": "cm-osm-way-266824840", "name": "วิทยาลัยสารพัดช่างเชียงใหม่", "nameTh": "วิทยาลัยสารพัดช่างเชียงใหม่", "nameEn": "Chiang Mai Polytechnic College", "cat": ["school"], "province": "cm", "slug": "chiang-mai-polytechnic-college-266824840", "rank": 2}}, {"type": "Feature", "geometry": {"type": "Point", "coordinates": [98.9652, 18.80318]}, "properties": {"id": "cm-osm-way-580288757", "name": "วิทยาลัยสารพัดช่างเชียงใหม่", "nameTh": "วิทยาลัยสารพัดช่างเชียงใหม่", "nameEn": "Chiang Mai Polytechnic College", "cat": ["school"], "province": "cm", "slug": "chiang-mai-polytechnic-college-580288757", "rank": 2}}, {"type": "Feature", "geometry": {"type": "Point", "coordinates": [98.98741, 18.7921]}, "properties": {"id": "cm-osm-node-1619287875", "name": "วิทยาลัยอาชีวศึกษา", "nameTh": "วิทยาลัยอาชีวศึกษา", "nameEn": "Chiang Mai Vocational College", "cat": ["school"], "province": "cm", "slug": "chiang-mai-vocational-college-1619287875", "rank": 2}}, {"type": "Feature", "geometry": {"type": "Point", "coordinates": [99.02896, 18.77182]}, "properties": {"id": "cm-osm-way-948739797", "name": "วิทยาลัยอาชีวศึกษา ไทยวิจิตรศิลป", "nameTh": "วิทยาลัยอาชีวศึกษา ไทยวิจิตรศิลป", "nameEn": "Thaivichitsilp Art Vocational College", "cat": ["school"], "province": "cm", "slug": "thaivichitsilp-art-vocational-college-948739797", "rank": 2}}, {"type": "Feature", "geometry": {"type": "Point", "coordinates": [99.22974, 18.75623]}, "properties": {"id": "cm-osm-way-403571678", "name": "วิทยาลัยเทคนิคสันกำแพง", "nameTh": "วิทยาลัยเทคนิคสันกำแพง", "nameEn": "San Kamphaeng Technical College", "cat": ["school"], "province": "cm", "slug": "san-kamphaeng-technical-college-403571678", "rank": 2}}, {"type": "Feature", "geometry": {"type": "Point", "coordinates": [98.98299, 18.79249]}, "properties": {"id": "cm-osm-node-1614993577", "name": "วิทยาลัยเทคนิคเชียงใหม่", "nameTh": "วิทยาลัยเทคนิคเชียงใหม่", "nameEn": "Technical College", "cat": ["school"], "province": "cm", "slug": "technical-college-1614993577", "rank": 2}}, {"type": "Feature", "geometry": {"type": "Point", "coordinates": [98.99379, 18.78312]}, "properties": {"id": "cm-osm-way-255994663", "name": "วิทยาลัยเทคโนโลยีพณิชยการเชียงใหม่", "nameTh": "วิทยาลัยเทคโนโลยีพณิชยการเชียงใหม่", "nameEn": "Chiangmai Commercial Technology College", "cat": ["school"], "province": "cm", "slug": "chiangmai-commercial-technology-college-255994663", "rank": 2}}, {"type": "Feature", "geometry": {"type": "Point", "coordinates": [98.97305, 18.81089]}, "properties": {"id": "cm-osm-way-200702318", "name": "วิทยาลัยเทคโนโลยีพาณิชยการลานนา", "nameTh": "วิทยาลัยเทคโนโลยีพาณิชยการลานนา", "nameEn": "Lanna Commercial Technological College", "cat": ["school"], "province": "cm", "slug": "lanna-commercial-technological-college-200702318", "rank": 2}}, {"type": "Feature", "geometry": {"type": "Point", "coordinates": [98.97271, 18.79801]}, "properties": {"id": "cm-osm-way-97705962", "name": "วิทยาลัยเทคโนโลยีศรีธนาพณิชยการ", "nameTh": "วิทยาลัยเทคโนโลยีศรีธนาพณิชยการ", "nameEn": "Srithana Commercial College", "cat": ["school"], "province": "cm", "slug": "srithana-commercial-college-97705962", "rank": 2}}, {"type": "Feature", "geometry": {"type": "Point", "coordinates": [98.99396, 18.81385]}, "properties": {"id": "cm-osm-way-200374589", "name": "วิทยาลัยเทคโนโลยีโปลิเทคนิคลานนา", "nameTh": "วิทยาลัยเทคโนโลยีโปลิเทคนิคลานนา", "nameEn": "Lanna Polytechnic College Chiangmai", "cat": ["school"], "province": "cm", "slug": "lanna-polytechnic-college-chiangmai-200374589", "rank": 2}}, {"type": "Feature", "geometry": {"type": "Point", "coordinates": [98.36254, 17.79952]}, "properties": {"id": "cm-osm-node-2618232190", "name": "ศูนย์การศึกษาตามอัธยาศัย ตำบลอมก๋อย", "nameTh": "ศูนย์การศึกษาตามอัธยาศัย ตำบลอมก๋อย", "nameEn": null, "cat": ["school"], "province": "cm", "slug": "2618232190", "rank": 1}}, {"type": "Feature", "geometry": {"type": "Point", "coordinates": [98.64024, 18.55413]}, "properties": {"id": "cm-osm-node-5912853986", "name": "ศูนย์การเรียนชุมชนชาวไทยภูเขา”แม่ฟ้าหลวง”บ้านแม่ป่าก่อ", "nameTh": "ศูนย์การเรียนชุมชนชาวไทยภูเขา”แม่ฟ้าหลวง”บ้านแม่ป่าก่อ", "nameEn": null, "cat": ["school"], "province": "cm", "slug": "5912853986", "rank": 2}}, {"type": "Feature", "geometry": {"type": "Point", "coordinates": [98.96966, 19.44698]}, "properties": {"id": "cm-osm-node-8027611122", "name": "ศูนย์ฝึกอาชีพคนพิการอาเซียน อำเภอเชียงดาว", "nameTh": "ศูนย์ฝึกอาชีพคนพิการอาเซียน อำเภอเชียงดาว", "nameEn": "ASEAN Disabled Vocational Training Center Chiang Dao", "cat": ["school"], "province": "cm", "slug": "asean-disabled-vocational-training-center-chiang-dao-8027611122", "rank": 2}}, {"type": "Feature", "geometry": {"type": "Point", "coordinates": [98.92558, 18.72417]}, "properties": {"id": "cm-osm-way-456963532", "name": "ศูนย์พัฒนาเด็กเล็ก", "nameTh": "ศูนย์พัฒนาเด็กเล็ก", "nameEn": "Sun Phatthana Dek Lek", "cat": ["school"], "province": "cm", "slug": "sun-phatthana-dek-lek-456963532", "rank": 2}}, {"type": "Feature", "geometry": {"type": "Point", "coordinates": [99.01274, 18.88574]}, "properties": {"id": "cm-osm-node-2600979450", "name": "ศูนย์พัฒนาเด็กเล็กก่อนวัยเรียน", "nameTh": "ศูนย์พัฒนาเด็กเล็กก่อนวัยเรียน", "nameEn": null, "cat": ["school"], "province": "cm", "slug": "2600979450", "rank": 1}}, {"type": "Feature", "geometry": {"type": "Point", "coordinates": [98.87374, 19.02256]}, "properties": {"id": "cm-osm-node-6474891385", "name": "ศูนย์พัฒนาเด็กเล็กบ้านกาดฮาว", "nameTh": "ศูนย์พัฒนาเด็กเล็กบ้านกาดฮาว", "nameEn": "Ban Kad How Child Development Center", "cat": ["school"], "province": "cm", "slug": "ban-kad-how-child-development-center-6474891385", "rank": 2}}, {"type": "Feature", "geometry": {"type": "Point", "coordinates": [99.18564, 19.23542]}, "properties": {"id": "cm-osm-node-4602728354", "name": "ศูนย์พัฒนาเด็กเล็กบ้านประดู่", "nameTh": "ศูนย์พัฒนาเด็กเล็กบ้านประดู่", "nameEn": "Ban Pradu Kindergarten", "cat": ["school"], "province": "cm", "slug": "ban-pradu-kindergarten-4602728354", "rank": 2}}, {"type": "Feature", "geometry": {"type": "Point", "coordinates": [99.2238, 18.85024]}, "properties": {"id": "cm-osm-node-2598212091", "name": "ศูนย์พัฒนาเด็กเล็กสิรินธร", "nameTh": "ศูนย์พัฒนาเด็กเล็กสิรินธร", "nameEn": "Sirinthon Kindergarten", "cat": ["school"], "province": "cm", "slug": "sirinthon-kindergarten-2598212091", "rank": 2}}, {"type": "Feature", "geometry": {"type": "Point", "coordinates": [98.7948, 18.876]}, "properties": {"id": "cm-osm-way-644696604", "name": "ศูนย์สาธิตการพัฒนาและรณรงค์การใช้หญ้าแฝกด้านป่าไม้", "nameTh": "ศูนย์สาธิตการพัฒนาและรณรงค์การใช้หญ้าแฝกด้านป่าไม้", "nameEn": "Agricutural Training Centre", "cat": ["school"], "province": "cm", "slug": "agricutural-training-centre-644696604", "rank": 2}}, {"type": "Feature", "geometry": {"type": "Point", "coordinates": [98.6991, 17.9468]}, "properties": {"id": "cm-obec-1050130846", "name": "ศูนย์อพยพแปลง 8", "nameTh": "ศูนย์อพยพแปลง 8", "nameEn": null, "cat": ["school"], "province": "cm", "slug": "8-1050130846", "rank": 3}}, {"type": "Feature", "geometry": {"type": "Point", "coordinates": [99.00454, 18.77305]}, "properties": {"id": "cm-osm-way-1175736094", "name": "ศูนย์เด็กเล็ก", "nameTh": "ศูนย์เด็กเล็ก", "nameEn": null, "cat": ["school"], "province": "cm", "slug": "1175736094", "rank": 1}}, {"type": "Feature", "geometry": {"type": "Point", "coordinates": [98.97573, 18.79194]}, "properties": {"id": "cm-osm-node-7599238069", "name": "สถานเลี้ยงเด็กอ่อนก่อนวัยเรียน", "nameTh": "สถานเลี้ยงเด็กอ่อนก่อนวัยเรียน", "nameEn": "Kindergarten", "cat": ["school"], "province": "cm", "slug": "kindergarten-7599238069", "rank": 2}}, {"type": "Feature", "geometry": {"type": "Point", "coordinates": [98.97519, 18.78084]}, "properties": {"id": "cm-osm-node-3263019821", "name": "สนามยิงธนูเชียงใหม่", "nameTh": "สนามยิงธนูเชียงใหม่", "nameEn": "Chiang Mai Archery School", "cat": ["school"], "province": "cm", "slug": "chiang-mai-archery-school-3263019821", "rank": 2}}, {"type": "Feature", "geometry": {"type": "Point", "coordinates": [98.92298, 19.02205]}, "properties": {"id": "cm-osm-node-10593235387", "name": "สำนักงานคณะครุศาสตร์", "nameTh": "สำนักงานคณะครุศาสตร์", "nameEn": null, "cat": ["school"], "province": "cm", "slug": "10593235387", "rank": 1}}, {"type": "Feature", "geometry": {"type": "Point", "coordinates": [98.92399, 19.02152]}, "properties": {"id": "cm-osm-node-10593235376", "name": "สำนักงานคณะวิทยาศาสตร์และเทคโนโลยี", "nameTh": "สำนักงานคณะวิทยาศาสตร์และเทคโนโลยี", "nameEn": null, "cat": ["school"], "province": "cm", "slug": "10593235376", "rank": 2}}, {"type": "Feature", "geometry": {"type": "Point", "coordinates": [98.92333, 19.02432]}, "properties": {"id": "cm-osm-node-10593235393", "name": "สำนักดิจิทัลเพื่อการศึกษา / สำนักหอสมุด", "nameTh": "สำนักดิจิทัลเพื่อการศึกษา / สำนักหอสมุด", "nameEn": null, "cat": ["school"], "province": "cm", "slug": "10593235393", "rank": 1}}, {"type": "Feature", "geometry": {"type": "Point", "coordinates": [98.83455, 19.37377]}, "properties": {"id": "cm-osm-way-391484299", "name": "หน่วยพิทักษ์ป่าขุนห้วยแม่กอก", "nameTh": "หน่วยพิทักษ์ป่าขุนห้วยแม่กอก", "nameEn": "Forest Conservation Station Kuhn Huay Mae Khok", "cat": ["school"], "province": "cm", "slug": "forest-conservation-station-kuhn-huay-mae-khok-391484299", "rank": 2}}, {"type": "Feature", "geometry": {"type": "Point", "coordinates": [98.48214, 18.57382]}, "properties": {"id": "cm-osm-node-2685093286", "name": "หอดูดาวเฉลิมพระเกียรติ ๗ รอบพระชนนพรรษา", "nameTh": "หอดูดาวเฉลิมพระเกียรติ ๗ รอบพระชนนพรรษา", "nameEn": "Thai National Observatory", "cat": ["school"], "province": "cm", "slug": "thai-national-observatory-2685093286", "rank": 2}}, {"type": "Feature", "geometry": {"type": "Point", "coordinates": [98.92183, 19.02323]}, "properties": {"id": "cm-osm-node-10593235388", "name": "หอประชุมคณะครุศาสตร์", "nameTh": "หอประชุมคณะครุศาสตร์", "nameEn": null, "cat": ["school"], "province": "cm", "slug": "10593235388", "rank": 1}}, {"type": "Feature", "geometry": {"type": "Point", "coordinates": [98.92265, 19.02056]}, "properties": {"id": "cm-osm-node-10593235391", "name": "หอพักนักศึกษาคณะครุศาสตร์", "nameTh": "หอพักนักศึกษาคณะครุศาสตร์", "nameEn": null, "cat": ["school"], "province": "cm", "slug": "10593235391", "rank": 1}}, {"type": "Feature", "geometry": {"type": "Point", "coordinates": [98.95306, 18.79563]}, "properties": {"id": "cm-osm-node-10539762499", "name": "ห้องปฎิบัติการ", "nameTh": "ห้องปฎิบัติการ", "nameEn": null, "cat": ["school"], "province": "cm", "slug": "10539762499", "rank": 1}}, {"type": "Feature", "geometry": {"type": "Point", "coordinates": [98.95266, 18.7957]}, "properties": {"id": "cm-osm-node-10539762515", "name": "ห้องปฎิบัติการ", "nameTh": "ห้องปฎิบัติการ", "nameEn": null, "cat": ["school"], "province": "cm", "slug": "10539762515", "rank": 1}}, {"type": "Feature", "geometry": {"type": "Point", "coordinates": [98.95267, 18.7957]}, "properties": {"id": "cm-osm-way-1130917208", "name": "ห้องปฎิบัติการ", "nameTh": "ห้องปฎิบัติการ", "nameEn": null, "cat": ["school"], "province": "cm", "slug": "1130917208", "rank": 1}}, {"type": "Feature", "geometry": {"type": "Point", "coordinates": [98.95306, 18.79562]}, "properties": {"id": "cm-osm-way-1130917267", "name": "ห้องปฎิบัติการ", "nameTh": "ห้องปฎิบัติการ", "nameEn": null, "cat": ["school"], "province": "cm", "slug": "1130917267", "rank": 1}}, {"type": "Feature", "geometry": {"type": "Point", "coordinates": [98.9244, 19.02181]}, "properties": {"id": "cm-osm-node-10593235375", "name": "ห้องพักอาจารย์คณะวิทยาศาสตร์และเทคโนโลยี", "nameTh": "ห้องพักอาจารย์คณะวิทยาศาสตร์และเทคโนโลยี", "nameEn": null, "cat": ["school"], "province": "cm", "slug": "10593235375", "rank": 2}}, {"type": "Feature", "geometry": {"type": "Point", "coordinates": [98.95247, 18.79988]}, "properties": {"id": "cm-osm-node-2453750784", "name": "ห้องอ่านหนังสือ หอ 3 หญิง", "nameTh": "ห้องอ่านหนังสือ หอ 3 หญิง", "nameEn": null, "cat": ["school"], "province": "cm", "slug": "3-2453750784", "rank": 1}}, {"type": "Feature", "geometry": {"type": "Point", "coordinates": [98.95255, 18.79735]}, "properties": {"id": "cm-osm-node-2453752978", "name": "ห้องอ่านหนังสือ หอ 4 ชาย", "nameTh": "ห้องอ่านหนังสือ หอ 4 ชาย", "nameEn": null, "cat": ["school"], "province": "cm", "slug": "4-2453752978", "rank": 1}}, {"type": "Feature", "geometry": {"type": "Point", "coordinates": [98.95171, 18.79741]}, "properties": {"id": "cm-osm-node-2453749219", "name": "ห้องอ่านหนังสือ หอ 5 ชาย", "nameTh": "ห้องอ่านหนังสือ หอ 5 ชาย", "nameEn": null, "cat": ["school"], "province": "cm", "slug": "5-2453749219", "rank": 1}}, {"type": "Feature", "geometry": {"type": "Point", "coordinates": [98.95177, 18.79782]}, "properties": {"id": "cm-osm-node-2453749930", "name": "ห้องอ่านหนังสือ หอ 6 ชาย", "nameTh": "ห้องอ่านหนังสือ หอ 6 ชาย", "nameEn": null, "cat": ["school"], "province": "cm", "slug": "6-2453749930", "rank": 1}}, {"type": "Feature", "geometry": {"type": "Point", "coordinates": [98.95065, 18.79915]}, "properties": {"id": "cm-osm-node-10651643123", "name": "ห้องเรียนinnovation", "nameTh": "ห้องเรียนinnovation", "nameEn": null, "cat": ["school"], "province": "cm", "slug": "innovation-10651643123", "rank": 1}}, {"type": "Feature", "geometry": {"type": "Point", "coordinates": [99.03779, 18.73841]}, "properties": {"id": "cm-osm-way-243444416", "name": "อนุบาลช่องฟ้าซินเซิงวาณิชบำรุง", "nameTh": "อนุบาลช่องฟ้าซินเซิงวาณิชบำรุง", "nameEn": "Fahmai Kindergarten (Chong Fah-Sin Soeng)", "cat": ["school"], "province": "cm", "slug": "fahmai-kindergarten-chong-fah-sin-soeng-243444416", "rank": 2}}, {"type": "Feature", "geometry": {"type": "Point", "coordinates": [98.9865, 18.78905]}, "properties": {"id": "cm-osm-way-307889724", "name": "อนุบาลพรรณี", "nameTh": "อนุบาลพรรณี", "nameEn": null, "cat": ["school"], "province": "cm", "slug": "307889724", "rank": 1}}, {"type": "Feature", "geometry": {"type": "Point", "coordinates": [98.96144, 19.37471]}, "properties": {"id": "cm-osm-node-2623371147", "name": "อนุบาลยูเมะมิกิ", "nameTh": "อนุบาลยูเมะมิกิ", "nameEn": "Yumeniki Kindergarten", "cat": ["school"], "province": "cm", "slug": "yumeniki-kindergarten-2623371147", "rank": 2}}, {"type": "Feature", "geometry": {"type": "Point", "coordinates": [99.04388, 18.77943]}, "properties": {"id": "cm-osm-node-1448613650", "name": "อนุบาลร่มเย็น", "nameTh": "อนุบาลร่มเย็น", "nameEn": null, "cat": ["school"], "province": "cm", "slug": "1448613650", "rank": 1}}, {"type": "Feature", "geometry": {"type": "Point", "coordinates": [99.04026, 18.83049]}, "properties": {"id": "cm-osm-node-2637889578", "name": "อนุบาลสันทราย", "nameTh": "อนุบาลสันทราย", "nameEn": "San Sai Nursery", "cat": ["school"], "province": "cm", "slug": "san-sai-nursery-2637889578", "rank": 2}}, {"type": "Feature", "geometry": {"type": "Point", "coordinates": [99.07222, 18.76389]}, "properties": {"id": "cm-osm-way-95346196", "name": "อนุบาลเปรมฤด", "nameTh": "อนุบาลเปรมฤด", "nameEn": null, "cat": ["school"], "province": "cm", "slug": "95346196", "rank": 1}}, {"type": "Feature", "geometry": {"type": "Point", "coordinates": [98.9215, 19.02274]}, "properties": {"id": "cm-osm-node-10593235392", "name": "อาคาร C", "nameTh": "อาคาร C", "nameEn": null, "cat": ["school"], "province": "cm", "slug": "c-10593235392", "rank": 1}}, {"type": "Feature", "geometry": {"type": "Point", "coordinates": [98.92269, 19.0228]}, "properties": {"id": "cm-osm-node-10593235389", "name": "อาคารพวงคราม 1", "nameTh": "อาคารพวงคราม 1", "nameEn": null, "cat": ["school"], "province": "cm", "slug": "1-10593235389", "rank": 1}}, {"type": "Feature", "geometry": {"type": "Point", "coordinates": [98.922, 19.02236]}, "properties": {"id": "cm-osm-node-10593235390", "name": "อาคารพวงคราม 2", "nameTh": "อาคารพวงคราม 2", "nameEn": null, "cat": ["school"], "province": "cm", "slug": "2-10593235390", "rank": 1}}, {"type": "Feature", "geometry": {"type": "Point", "coordinates": [98.92557, 19.01804]}, "properties": {"id": "cm-osm-node-10593235395", "name": "อาคารวิศวกรรมและก่อสร้าง", "nameTh": "อาคารวิศวกรรมและก่อสร้าง", "nameEn": null, "cat": ["school"], "province": "cm", "slug": "10593235395", "rank": 1}}, {"type": "Feature", "geometry": {"type": "Point", "coordinates": [98.92613, 19.01894]}, "properties": {"id": "cm-osm-node-10593235394", "name": "อาคารเทคโนโลยีเซรามิค", "nameTh": "อาคารเทคโนโลยีเซรามิค", "nameEn": null, "cat": ["school"], "province": "cm", "slug": "10593235394", "rank": 1}}, {"type": "Feature", "geometry": {"type": "Point", "coordinates": [98.92455, 19.02067]}, "properties": {"id": "cm-osm-node-10593235379", "name": "อาคารเรียนรวม C (SCI5)", "nameTh": "อาคารเรียนรวม C (SCI5)", "nameEn": null, "cat": ["school"], "province": "cm", "slug": "c-sci5-10593235379", "rank": 2}}, {"type": "Feature", "geometry": {"type": "Point", "coordinates": [98.92439, 19.02111]}, "properties": {"id": "cm-osm-node-10593235378", "name": "อาคารเรียนรวมและหอประชุมคณะวิทยาศาสตร์และเทคโนโลยี(SCI4)", "nameTh": "อาคารเรียนรวมและหอประชุมคณะวิทยาศาสตร์และเทคโนโลยี(SCI4)", "nameEn": null, "cat": ["school"], "province": "cm", "slug": "sci4-10593235378", "rank": 2}}, {"type": "Feature", "geometry": {"type": "Point", "coordinates": [98.98131, 18.79217]}, "properties": {"id": "cm-osm-node-1614993562", "name": "เกษณี ลีลาศ", "nameTh": "เกษณี ลีลาศ", "nameEn": "Kassnee Dancing Center", "cat": ["school"], "province": "cm", "slug": "kassnee-dancing-center-1614993562", "rank": 3}}, {"type": "Feature", "geometry": {"type": "Point", "coordinates": [98.95409, 18.89339]}, "properties": {"id": "cm-osm-node-5599660472", "name": "เซฟไดร์ฟ เชียงใหม่", "nameTh": "เซฟไดร์ฟ เชียงใหม่", "nameEn": "Safe Drive Chiang Mai", "cat": ["school"], "province": "cm", "slug": "safe-drive-chiang-mai-5599660472", "rank": 3}}, {"type": "Feature", "geometry": {"type": "Point", "coordinates": [98.98459, 18.78904]}, "properties": {"id": "cm-osm-node-3405676837", "name": "เมืองปัญญา", "nameTh": "เมืองปัญญา", "nameEn": null, "cat": ["school"], "province": "cm", "slug": "3405676837", "rank": 1}}, {"type": "Feature", "geometry": {"type": "Point", "coordinates": [98.98039, 18.78767]}, "properties": {"id": "cm-osm-node-2466309818", "name": "แคนดี้โฮม เนิสเซอร์รี่", "nameTh": "แคนดี้โฮม เนิสเซอร์รี่", "nameEn": "Candy Home Nursery", "cat": ["school"], "province": "cm", "slug": "candy-home-nursery-2466309818", "rank": 3}}, {"type": "Feature", "geometry": {"type": "Point", "coordinates": [98.98244, 18.7918]}, "properties": {"id": "cm-osm-way-102825200", "name": "แผนกวิชาช่างเทคนิคอุตสาหกรรม", "nameTh": "แผนกวิชาช่างเทคนิคอุตสาหกรรม", "nameEn": "Department of Industrial Technology", "cat": ["school"], "province": "cm", "slug": "department-of-industrial-technology-102825200", "rank": 2}}, {"type": "Feature", "geometry": {"type": "Point", "coordinates": [98.9248, 19.01917]}, "properties": {"id": "cm-osm-node-10593235396", "name": "โรงฝึกงานอุตสาหกรรมศิลป์", "nameTh": "โรงฝึกงานอุตสาหกรรมศิลป์", "nameEn": null, "cat": ["school"], "province": "cm", "slug": "10593235396", "rank": 1}}, {"type": "Feature", "geometry": {"type": "Point", "coordinates": [98.92268, 19.02158]}, "properties": {"id": "cm-osm-node-10593235386", "name": "โรงอาหารคณะครุศาสตร์", "nameTh": "โรงอาหารคณะครุศาสตร์", "nameEn": null, "cat": ["school"], "province": "cm", "slug": "10593235386", "rank": 1}}, {"type": "Feature", "geometry": {"type": "Point", "coordinates": [98.92407, 19.02231]}, "properties": {"id": "cm-osm-node-10593235377", "name": "โรงอาหารและสโมสรนักศึกษาคณะวิทยาศาสตร์และเทคโนโลยี (SCI3)", "nameTh": "โรงอาหารและสโมสรนักศึกษาคณะวิทยาศาสตร์และเทคโนโลยี (SCI3)", "nameEn": null, "cat": ["school"], "province": "cm", "slug": "sci3-10593235377", "rank": 2}}, {"type": "Feature", "geometry": {"type": "Point", "coordinates": [99.02345, 18.76746]}, "properties": {"id": "cm-osm-way-282659844", "name": "โรงเรียน กาวิละวิทยาลัย", "nameTh": "โรงเรียน กาวิละวิทยาลัย", "nameEn": "Kawila Wittayalai School", "cat": ["school"], "province": "cm", "slug": "kawila-wittayalai-school-282659844", "rank": 2}}, {"type": "Feature", "geometry": {"type": "Point", "coordinates": [99.03438, 18.7387]}, "properties": {"id": "cm-osm-way-283883230", "name": "โรงเรียน ช่องฟ้าซินเซิงวาณิชบำรุง", "nameTh": "โรงเรียน ช่องฟ้าซินเซิงวาณิชบำรุง", "nameEn": "Chongfah Sinseung Wanichbumrung School", "cat": ["school"], "province": "cm", "slug": "chongfah-sinseung-wanichbumrung-school-283883230", "rank": 3}}, {"type": "Feature", "geometry": {"type": "Point", "coordinates": [99.1227, 18.71703]}, "properties": {"id": "cm-osm-way-106383568", "name": "โรงเรียน บ้านบวกค้าง", "nameTh": "โรงเรียน บ้านบวกค้าง", "nameEn": "Ban Buak Khang School", "cat": ["school"], "province": "cm", "slug": "ban-buak-khang-school-106383568", "rank": 2}}, {"type": "Feature", "geometry": {"type": "Point", "coordinates": [99.16971, 18.75961]}, "properties": {"id": "cm-osm-way-252751815", "name": "โรงเรียน บ้านป่าตึงดอยชิว", "nameTh": "โรงเรียน บ้านป่าตึงดอยชิว", "nameEn": "Ban Pa Tueng Doi Chio School", "cat": ["school"], "province": "cm", "slug": "ban-pa-tueng-doi-chio-school-252751815", "rank": 2}}, {"type": "Feature", "geometry": {"type": "Point", "coordinates": [99.18198, 18.82896]}, "properties": {"id": "cm-osm-node-4549755523", "name": "โรงเรียน บ้านป่าไผ่", "nameTh": "โรงเรียน บ้านป่าไผ่", "nameEn": "Ban Pa Phai School", "cat": ["school"], "province": "cm", "slug": "ban-pa-phai-school-4549755523", "rank": 2}}, {"type": "Feature", "geometry": {"type": "Point", "coordinates": [99.15587, 18.83596]}, "properties": {"id": "cm-osm-way-252408871", "name": "โรงเรียน บ้านป่าไม้แดง", "nameTh": "โรงเรียน บ้านป่าไม้แดง", "nameEn": "Ban Pa Mai Daeng School", "cat": ["school"], "province": "cm", "slug": "ban-pa-mai-daeng-school-252408871", "rank": 2}}, {"type": "Feature", "geometry": {"type": "Point", "coordinates": [99.02643, 18.7078]}, "properties": {"id": "cm-osm-way-145004314", "name": "โรงเรียน วชิราลัย", "nameTh": "โรงเรียน วชิราลัย", "nameEn": "Vachiralai School", "cat": ["school"], "province": "cm", "slug": "vachiralai-school-145004314", "rank": 2}}, {"type": "Feature", "geometry": {"type": "Point", "coordinates": [99.02175, 18.78383]}, "properties": {"id": "cm-osm-node-2595939959", "name": "โรงเรียน สารสาสน์วิเทศเชียงใหม่", "nameTh": "โรงเรียน สารสาสน์วิเทศเชียงใหม่", "nameEn": "Sarasas Witaed Chiang Mai School", "cat": ["school"], "province": "cm", "slug": "sarasas-witaed-chiang-mai-school-2595939959", "rank": 2}}, {"type": "Feature", "geometry": {"type": "Point", "coordinates": [99.07663, 18.76639]}, "properties": {"id": "cm-osm-node-4557794469", "name": "โรงเรียน อนุบาลสิทธิโรจน์", "nameTh": "โรงเรียน อนุบาลสิทธิโรจน์", "nameEn": "Sitthi Rot Kindergarten", "cat": ["school"], "province": "cm", "slug": "sitthi-rot-kindergarten-4557794469", "rank": 2}}, {"type": "Feature", "geometry": {"type": "Point", "coordinates": [99.51856, 20.04883]}, "properties": {"id": "cm-obec-1050130474", "name": "โรงเรียนกมล -เรียม สุโกศล (บ้านผาใต้)", "nameTh": "โรงเรียนกมล -เรียม สุโกศล (บ้านผาใต้)", "nameEn": null, "cat": ["school"], "province": "cm", "slug": "1050130474", "rank": 2}}, {"type": "Feature", "geometry": {"type": "Point", "coordinates": [98.8029, 18.51061]}, "properties": {"id": "cm-obec-1050130958", "name": "โรงเรียนกรป.กลางอุปถัมภ์", "nameTh": "โรงเรียนกรป.กลางอุปถัมภ์", "nameEn": null, "cat": ["school"], "province": "cm", "slug": "1050130958", "rank": 3}}, {"type": "Feature", "geometry": {"type": "Point", "coordinates": [98.99236, 18.79697]}, "properties": {"id": "cm-osm-node-4535970650", "name": "โรงเรียนกวดวิชาบ้านศิลป์", "nameTh": "โรงเรียนกวดวิชาบ้านศิลป์", "nameEn": "Tutoring Ban Sin", "cat": ["school"], "province": "cm", "slug": "tutoring-ban-sin-4535970650", "rank": 2}}, {"type": "Feature", "geometry": {"type": "Point", "coordinates": [98.99642, 18.81956]}, "properties": {"id": "cm-osm-way-698743055", "name": "โรงเรียนการจัดการโรงแรม และการท่องเที่ยว", "nameTh": "โรงเรียนการจัดการโรงแรม และการท่องเที่ยว", "nameEn": "Hotel And Tourism Managament School", "cat": ["school"], "province": "cm", "slug": "hotel-and-tourism-managament-school-698743055", "rank": 2}}, {"type": "Feature", "geometry": {"type": "Point", "coordinates": [99.02381, 18.76519]}, "properties": {"id": "cm-obec-1050130987", "name": "โรงเรียนกาวิละวิทยาลัย", "nameTh": "โรงเรียนกาวิละวิทยาลัย", "nameEn": null, "cat": ["school"], "province": "cm", "slug": "1050130987", "rank": 3}}, {"type": "Feature", "geometry": {"type": "Point", "coordinates": [99.01357, 18.78188]}, "properties": {"id": "cm-osm-way-1379171712", "name": "โรงเรียนกาวิละอนุกุล", "nameTh": "โรงเรียนกาวิละอนุกุล", "nameEn": "Kawila anukun school", "cat": ["school"], "province": "cm", "slug": "kawila-anukun-school-1379171712", "rank": 2}}, {"type": "Feature", "geometry": {"type": "Point", "coordinates": [99.0137, 18.7816]}, "properties": {"id": "cm-obec-1050130990", "name": "โรงเรียนกาวิละอนุกูล", "nameTh": "โรงเรียนกาวิละอนุกูล", "nameEn": null, "cat": ["school"], "province": "cm", "slug": "1050130990", "rank": 3}}, {"type": "Feature", "geometry": {"type": "Point", "coordinates": [98.85163, 18.63455]}, "properties": {"id": "cm-osm-way-253419764", "name": "โรงเรียนกิ่วแลน้อย", "nameTh": "โรงเรียนกิ่วแลน้อย", "nameEn": null, "cat": ["school"], "province": "cm", "slug": "253419764", "rank": 1}}, {"type": "Feature", "geometry": {"type": "Point", "coordinates": [98.85188, 18.63539]}, "properties": {"id": "cm-obec-1050130647", "name": "โรงเรียนกิ่วแลน้อยประสิทธิ์วิทยา", "nameTh": "โรงเรียนกิ่วแลน้อยประสิทธิ์วิทยา", "nameEn": null, "cat": ["school"], "province": "cm", "slug": "1050130647", "rank": 3}}, {"type": "Feature", "geometry": {"type": "Point", "coordinates": [98.98558, 18.67209]}, "properties": {"id": "cm-osm-way-888823808", "name": "โรงเรียนขัวมุง", "nameTh": "โรงเรียนขัวมุง", "nameEn": "Khuamung school", "cat": ["school"], "province": "cm", "slug": "khuamung-school-888823808", "rank": 2}}, {"type": "Feature", "geometry": {"type": "Point", "coordinates": [99.00493, 18.76785]}, "properties": {"id": "cm-osm-way-101791447", "name": "โรงเรียนขาลสุวรรณอนุสรณ์", "nameTh": "โรงเรียนขาลสุวรรณอนุสรณ์", "nameEn": "Khansuwan Anusorn School", "cat": ["school"], "province": "cm", "slug": "khansuwan-anusorn-school-101791447", "rank": 2}}, {"type": "Feature", "geometry": {"type": "Point", "coordinates": [98.45644, 17.4018]}, "properties": {"id": "cm-osm-way-386601969", "name": "โรงเรียนขุมขนบ้านใหม่", "nameTh": "โรงเรียนขุมขนบ้านใหม่", "nameEn": "Khumkhon Ban Mai School", "cat": ["school"], "province": "cm", "slug": "khumkhon-ban-mai-school-386601969", "rank": 2}}, {"type": "Feature", "geometry": {"type": "Point", "coordinates": [98.83737, 19.01195]}, "properties": {"id": "cm-osm-node-6474866086", "name": "โรงเรียนคริสเตียน Promise school", "nameTh": "โรงเรียนคริสเตียน Promise school", "nameEn": "Christian Promise school", "cat": ["school"], "province": "cm", "slug": "christian-promise-school-6474866086", "rank": 2}}, {"type": "Feature", "geometry": {"type": "Point", "coordinates": [99.00223, 18.78812]}, "properties": {"id": "cm-obec-1050130032", "name": "โรงเรียนคำเที่ยงอนุสสรณ์", "nameTh": "โรงเรียนคำเที่ยงอนุสสรณ์", "nameEn": null, "cat": ["school"], "province": "cm", "slug": "1050130032", "rank": 3}}, {"type": "Feature", "geometry": {"type": "Point", "coordinates": [98.67694, 18.43557]}, "properties": {"id": "cm-obec-1050130991", "name": "โรงเรียนจอมทอง", "nameTh": "โรงเรียนจอมทอง", "nameEn": null, "cat": ["school"], "province": "cm", "slug": "1050130991", "rank": 3}}, {"type": "Feature", "geometry": {"type": "Point", "coordinates": [99.00664, 18.79173]}, "properties": {"id": "cm-osm-way-378127465", "name": "โรงเรียนจิตต์ภักดี", "nameTh": "โรงเรียนจิตต์ภักดี", "nameEn": "Chit Phakdi School", "cat": ["school"], "province": "cm", "slug": "chit-phakdi-school-378127465", "rank": 2}}, {"type": "Feature", "geometry": {"type": "Point", "coordinates": [99.09946, 19.8045]}, "properties": {"id": "cm-osm-way-1230631039", "name": "โรงเรียนจีนจงเจินบ้านยาง", "nameTh": "โรงเรียนจีนจงเจินบ้านยาง", "nameEn": null, "cat": ["school"], "province": "cm", "slug": "1230631039", "rank": 1}}, {"type": "Feature", "geometry": {"type": "Point", "coordinates": [99.13036, 18.91798]}, "properties": {"id": "cm-obec-1050130151", "name": "โรงเรียนชลประทานผาแตก", "nameTh": "โรงเรียนชลประทานผาแตก", "nameEn": null, "cat": ["school"], "province": "cm", "slug": "1050130151", "rank": 3}}, {"type": "Feature", "geometry": {"type": "Point", "coordinates": [99.13003, 18.91799]}, "properties": {"id": "cm-osm-way-70379217", "name": "โรงเรียนชลประทานผาแตก", "nameTh": "โรงเรียนชลประทานผาแตก", "nameEn": "Rongrian Chonlaprathan Pha Taek", "cat": ["school"], "province": "cm", "slug": "rongrian-chonlaprathan-pha-taek-70379217", "rank": 2}}, {"type": "Feature", "geometry": {"type": "Point", "coordinates": [99.08355, 18.91586]}, "properties": {"id": "cm-obec-1050130608", "name": "โรงเรียนชลประทานเขื่อนแม่กวงจิราธิวัฒน์อุปถัมภ์", "nameTh": "โรงเรียนชลประทานเขื่อนแม่กวงจิราธิวัฒน์อุปถัมภ์", "nameEn": null, "cat": ["school"], "province": "cm", "slug": "1050130608", "rank": 3}}, {"type": "Feature", "geometry": {"type": "Point", "coordinates": [98.87216, 18.63267]}, "properties": {"id": "cm-obec-1050130656", "name": "โรงเรียนชุมชนกิ่วแลหลวงประสิทธิ์วิทยา", "nameTh": "โรงเรียนชุมชนกิ่วแลหลวงประสิทธิ์วิทยา", "nameEn": null, "cat": ["school"], "province": "cm", "slug": "1050130656", "rank": 3}}, {"type": "Feature", "geometry": {"type": "Point", "coordinates": [98.37908, 18.48554]}, "properties": {"id": "cm-obec-1050130285", "name": "โรงเรียนชุมชนตำบลท่าผา", "nameTh": "โรงเรียนชุมชนตำบลท่าผา", "nameEn": null, "cat": ["school"], "province": "cm", "slug": "1050130285", "rank": 3}}, {"type": "Feature", "geometry": {"type": "Point", "coordinates": [99.35425, 20.00731]}, "properties": {"id": "cm-obec-1050130477", "name": "โรงเรียนชุมชนบ้านคาย", "nameTh": "โรงเรียนชุมชนบ้านคาย", "nameEn": null, "cat": ["school"], "province": "cm", "slug": "1050130477", "rank": 3}}, {"type": "Feature", "geometry": {"type": "Point", "coordinates": [98.3618, 18.50087]}, "properties": {"id": "cm-obec-1050130335", "name": "โรงเรียนชุมชนบ้านช่างเคิ่ง", "nameTh": "โรงเรียนชุมชนบ้านช่างเคิ่ง", "nameEn": null, "cat": ["school"], "province": "cm", "slug": "1050130335", "rank": 3}}, {"type": "Feature", "geometry": {"type": "Point", "coordinates": [98.73195, 18.8483]}, "properties": {"id": "cm-obec-1050130519", "name": "โรงเรียนชุมชนบ้านดง", "nameTh": "โรงเรียนชุมชนบ้านดง", "nameEn": null, "cat": ["school"], "province": "cm", "slug": "1050130519", "rank": 2}}, {"type": "Feature", "geometry": {"type": "Point", "coordinates": [98.7347, 17.8914]}, "properties": {"id": "cm-obec-1050130864", "name": "โรงเรียนชุมชนบ้านดอยเต่า", "nameTh": "โรงเรียนชุมชนบ้านดอยเต่า", "nameEn": null, "cat": ["school"], "province": "cm", "slug": "1050130864", "rank": 3}}, {"type": "Feature", "geometry": {"type": "Point", "coordinates": [98.6129, 18.1926]}, "properties": {"id": "cm-obec-1050130818", "name": "โรงเรียนชุมชนบ้านท่าข้าม", "nameTh": "โรงเรียนชุมชนบ้านท่าข้าม", "nameEn": null, "cat": ["school"], "province": "cm", "slug": "1050130818", "rank": 3}}, {"type": "Feature", "geometry": {"type": "Point", "coordinates": [99.03219, 18.78593]}, "properties": {"id": "cm-obec-1050130004", "name": "โรงเรียนชุมชนบ้านบวกครกน้อย", "nameTh": "โรงเรียนชุมชนบ้านบวกครกน้อย", "nameEn": null, "cat": ["school"], "province": "cm", "slug": "1050130004", "rank": 3}}, {"type": "Feature", "geometry": {"type": "Point", "coordinates": [99.0321, 18.786]}, "properties": {"id": "cm-osm-way-1539327195", "name": "โรงเรียนชุมชนบ้านบวกครกน้อย", "nameTh": "โรงเรียนชุมชนบ้านบวกครกน้อย", "nameEn": null, "cat": ["school"], "province": "cm", "slug": "1539327195", "rank": 1}}, {"type": "Feature", "geometry": {"type": "Point", "coordinates": [98.35831, 18.50187]}, "properties": {"id": "cm-obec-1050130323", "name": "โรงเรียนชุมชนบ้านพร้าวหนุ่ม", "nameTh": "โรงเรียนชุมชนบ้านพร้าวหนุ่ม", "nameEn": null, "cat": ["school"], "province": "cm", "slug": "1050130323", "rank": 3}}, {"type": "Feature", "geometry": {"type": "Point", "coordinates": [98.97073, 19.38457]}, "properties": {"id": "cm-obec-1050130098", "name": "โรงเรียนชุมชนบ้านวังจ๊อม", "nameTh": "โรงเรียนชุมชนบ้านวังจ๊อม", "nameEn": null, "cat": ["school"], "province": "cm", "slug": "1050130098", "rank": 3}}, {"type": "Feature", "geometry": {"type": "Point", "coordinates": [98.97039, 19.38423]}, "properties": {"id": "cm-osm-way-707430977", "name": "โรงเรียนชุมชนบ้านวังจ๊อม", "nameTh": "โรงเรียนชุมชนบ้านวังจ๊อม", "nameEn": "Chumchon Ban Wang Chom School", "cat": ["school"], "province": "cm", "slug": "chumchon-ban-wang-chom-school-707430977", "rank": 2}}, {"type": "Feature", "geometry": {"type": "Point", "coordinates": [98.3565, 17.7981]}, "properties": {"id": "cm-obec-1050130772", "name": "โรงเรียนชุมชนบ้านอมก๋อย", "nameTh": "โรงเรียนชุมชนบ้านอมก๋อย", "nameEn": null, "cat": ["school"], "province": "cm", "slug": "1050130772", "rank": 3}}, {"type": "Feature", "geometry": {"type": "Point", "coordinates": [98.35666, 17.79779]}, "properties": {"id": "cm-osm-way-257210331", "name": "โรงเรียนชุมชนบ้านอมก๋อย", "nameTh": "โรงเรียนชุมชนบ้านอมก๋อย", "nameEn": "Omkoi Community School", "cat": ["school"], "province": "cm", "slug": "omkoi-community-school-257210331", "rank": 2}}, {"type": "Feature", "geometry": {"type": "Point", "coordinates": [98.3348, 17.8027]}, "properties": {"id": "cm-obec-1050130778", "name": "โรงเรียนชุมชนบ้านอมก๋อย สาขาบ้านสบอมแฮด", "nameTh": "โรงเรียนชุมชนบ้านอมก๋อย สาขาบ้านสบอมแฮด", "nameEn": null, "cat": ["school"], "province": "cm", "slug": "1050130778", "rank": 3}}, {"type": "Feature", "geometry": {"type": "Point", "coordinates": [98.96516, 19.46075]}, "properties": {"id": "cm-obec-1050130111", "name": "โรงเรียนชุมชนบ้านเมืองงาย", "nameTh": "โรงเรียนชุมชนบ้านเมืองงาย", "nameEn": null, "cat": ["school"], "province": "cm", "slug": "1050130111", "rank": 3}}, {"type": "Feature", "geometry": {"type": "Point", "coordinates": [98.6077, 18.1602]}, "properties": {"id": "cm-obec-1050130820", "name": "โรงเรียนชุมชนบ้านแม่ทัง", "nameTh": "โรงเรียนชุมชนบ้านแม่ทัง", "nameEn": null, "cat": ["school"], "province": "cm", "slug": "1050130820", "rank": 3}}, {"type": "Feature", "geometry": {"type": "Point", "coordinates": [98.69892, 18.85268]}, "properties": {"id": "cm-obec-1050130517", "name": "โรงเรียนชุมชนบ้านแม่สาบ", "nameTh": "โรงเรียนชุมชนบ้านแม่สาบ", "nameEn": null, "cat": ["school"], "province": "cm", "slug": "1050130517", "rank": 3}}, {"type": "Feature", "geometry": {"type": "Point", "coordinates": [99.16861, 19.82993]}, "properties": {"id": "cm-obec-1050130183", "name": "โรงเรียนชุมชนบ้านแม่สูนหลวง", "nameTh": "โรงเรียนชุมชนบ้านแม่สูนหลวง", "nameEn": null, "cat": ["school"], "province": "cm", "slug": "1050130183", "rank": 3}}, {"type": "Feature", "geometry": {"type": "Point", "coordinates": [99.19688, 19.76994]}, "properties": {"id": "cm-osm-node-7555174587", "name": "โรงเรียนชุมชนบ้านแม่สูนหลวง", "nameTh": "โรงเรียนชุมชนบ้านแม่สูนหลวง", "nameEn": "Mae Soon Luang school", "cat": ["school"], "province": "cm", "slug": "mae-soon-luang-school-7555174587", "rank": 2}}, {"type": "Feature", "geometry": {"type": "Point", "coordinates": [99.24665, 19.97808]}, "properties": {"id": "cm-obec-1050130515", "name": "โรงเรียนชุมชนบ้านแม่ฮ่าง", "nameTh": "โรงเรียนชุมชนบ้านแม่ฮ่าง", "nameEn": null, "cat": ["school"], "province": "cm", "slug": "1050130515", "rank": 3}}, {"type": "Feature", "geometry": {"type": "Point", "coordinates": [99.17957, 19.38058]}, "properties": {"id": "cm-obec-1050130244", "name": "โรงเรียนชุมชนบ้านโป่ง", "nameTh": "โรงเรียนชุมชนบ้านโป่ง", "nameEn": null, "cat": ["school"], "province": "cm", "slug": "1050130244", "rank": 2}}, {"type": "Feature", "geometry": {"type": "Point", "coordinates": [98.4563, 17.4021]}, "properties": {"id": "cm-obec-1050130767", "name": "โรงเรียนชุมชนบ้านใหม่", "nameTh": "โรงเรียนชุมชนบ้านใหม่", "nameEn": null, "cat": ["school"], "province": "cm", "slug": "1050130767", "rank": 3}}, {"type": "Feature", "geometry": {"type": "Point", "coordinates": [99.01305, 19.14322]}, "properties": {"id": "cm-obec-1050130409", "name": "โรงเรียนชุมชนวัดช่อแล", "nameTh": "โรงเรียนชุมชนวัดช่อแล", "nameEn": null, "cat": ["school"], "province": "cm", "slug": "1050130409", "rank": 3}}, {"type": "Feature", "geometry": {"type": "Point", "coordinates": [98.99066, 18.8423]}, "properties": {"id": "cm-obec-1050130024", "name": "โรงเรียนชุมชนวัดท่าเดื่อ", "nameTh": "โรงเรียนชุมชนวัดท่าเดื่อ", "nameEn": null, "cat": ["school"], "province": "cm", "slug": "1050130024", "rank": 3}}, {"type": "Feature", "geometry": {"type": "Point", "coordinates": [99.04088, 18.67827]}, "properties": {"id": "cm-obec-1050130691", "name": "โรงเรียนชุมชนวัดปากกอง", "nameTh": "โรงเรียนชุมชนวัดปากกอง", "nameEn": null, "cat": ["school"], "province": "cm", "slug": "1050130691", "rank": 3}}, {"type": "Feature", "geometry": {"type": "Point", "coordinates": [99.0518, 18.73827]}, "properties": {"id": "cm-obec-1050130711", "name": "โรงเรียนชุมชนวัดศรีคำชมภู", "nameTh": "โรงเรียนชุมชนวัดศรีคำชมภู", "nameEn": null, "cat": ["school"], "province": "cm", "slug": "1050130711", "rank": 3}}, {"type": "Feature", "geometry": {"type": "Point", "coordinates": [99.14449, 19.70485]}, "properties": {"id": "cm-obec-1050130881", "name": "โรงเรียนชุมชนวัดศรีดงเย็น", "nameTh": "โรงเรียนชุมชนวัดศรีดงเย็น", "nameEn": null, "cat": ["school"], "province": "cm", "slug": "1050130881", "rank": 3}}, {"type": "Feature", "geometry": {"type": "Point", "coordinates": [98.7126, 17.9389]}, "properties": {"id": "cm-obec-1050130843", "name": "โรงเรียนชุมชนศูนย์อพยพแปลง 4", "nameTh": "โรงเรียนชุมชนศูนย์อพยพแปลง 4", "nameEn": null, "cat": ["school"], "province": "cm", "slug": "4-1050130843", "rank": 3}}, {"type": "Feature", "geometry": {"type": "Point", "coordinates": [99.21254, 19.3327]}, "properties": {"id": "cm-obec-1050130255", "name": "โรงเรียนชุมชนสหกรณ์นิคมวิทยา", "nameTh": "โรงเรียนชุมชนสหกรณ์นิคมวิทยา", "nameEn": null, "cat": ["school"], "province": "cm", "slug": "1050130255", "rank": 3}}, {"type": "Feature", "geometry": {"type": "Point", "coordinates": [98.96298, 19.46195]}, "properties": {"id": "cm-osm-node-4606649644", "name": "โรงเรียนชุมชนเมืองงาย", "nameTh": "โรงเรียนชุมชนเมืองงาย", "nameEn": "Chumchon Mueang Ngai School", "cat": ["school"], "province": "cm", "slug": "chumchon-mueang-ngai-school-4606649644", "rank": 2}}, {"type": "Feature", "geometry": {"type": "Point", "coordinates": [98.95127, 18.73055]}, "properties": {"id": "cm-osm-node-8990242298", "name": "โรงเรียนดนตรี บ้านครูปุก", "nameTh": "โรงเรียนดนตรี บ้านครูปุก", "nameEn": "Ban Khru Puk Music School", "cat": ["school"], "province": "cm", "slug": "ban-khru-puk-music-school-8990242298", "rank": 2}}, {"type": "Feature", "geometry": {"type": "Point", "coordinates": [98.9735, 18.79526]}, "properties": {"id": "cm-osm-node-3420927452", "name": "โรงเรียนดนตรีสันติ", "nameTh": "โรงเรียนดนตรีสันติ", "nameEn": "Santi Music School", "cat": ["school"], "province": "cm", "slug": "santi-music-school-3420927452", "rank": 2}}, {"type": "Feature", "geometry": {"type": "Point", "coordinates": [99.16071, 18.88416]}, "properties": {"id": "cm-obec-1050130997", "name": "โรงเรียนดอยสะเก็ดวิทยาคม", "nameTh": "โรงเรียนดอยสะเก็ดวิทยาคม", "nameEn": null, "cat": ["school"], "province": "cm", "slug": "1050130997", "rank": 3}}, {"type": "Feature", "geometry": {"type": "Point", "coordinates": [99.16073, 18.88415]}, "properties": {"id": "cm-osm-node-13808285971", "name": "โรงเรียนดอยสะเก็ดวิทยาคม", "nameTh": "โรงเรียนดอยสะเก็ดวิทยาคม", "nameEn": "Doi Saket Wittayakhom School", "cat": ["school"], "province": "cm", "slug": "doi-saket-wittayakhom-school-13808285971", "rank": 3}}, {"type": "Feature", "geometry": {"type": "Point", "coordinates": [98.96732, 19.4505]}, "properties": {"id": "cm-obec-1050130126", "name": "โรงเรียนดอยสามหมื่น", "nameTh": "โรงเรียนดอยสามหมื่น", "nameEn": null, "cat": ["school"], "province": "cm", "slug": "1050130126", "rank": 3}}, {"type": "Feature", "geometry": {"type": "Point", "coordinates": [98.59414, 19.41667]}, "properties": {"id": "cm-osm-way-1013989734", "name": "โรงเรียนดอยสามหมื่น", "nameTh": "โรงเรียนดอยสามหมื่น", "nameEn": "Doi Sam Muen School", "cat": ["school"], "province": "cm", "slug": "doi-sam-muen-school-1013989734", "rank": 2}}, {"type": "Feature", "geometry": {"type": "Point", "coordinates": [98.6959, 17.94832]}, "properties": {"id": "cm-obec-1050131015", "name": "โรงเรียนดอยเต่าวิทยาคม", "nameTh": "โรงเรียนดอยเต่าวิทยาคม", "nameEn": null, "cat": ["school"], "province": "cm", "slug": "1050131015", "rank": 3}}, {"type": "Feature", "geometry": {"type": "Point", "coordinates": [99.01339, 18.79719]}, "properties": {"id": "cm-osm-way-854880239", "name": "โรงเรียนดาราวิทยาลัย", "nameTh": "โรงเรียนดาราวิทยาลัย", "nameEn": "Dara Academy", "cat": ["school"], "province": "cm", "slug": "dara-academy-854880239", "rank": 5}}, {"type": "Feature", "geometry": {"type": "Point", "coordinates": [99.14914, 18.72017]}, "properties": {"id": "cm-osm-way-135661357", "name": "โรงเรียนดีเด่น", "nameTh": "โรงเรียนดีเด่น", "nameEn": null, "cat": ["school"], "province": "cm", "slug": "135661357", "rank": 1}}, {"type": "Feature", "geometry": {"type": "Point", "coordinates": [99.36398, 20.06503]}, "properties": {"id": "cm-obec-1050130509", "name": "โรงเรียนต.ช.ด. ไลออนส์มหาจักร 8", "nameTh": "โรงเรียนต.ช.ด. ไลออนส์มหาจักร 8", "nameEn": null, "cat": ["school"], "province": "cm", "slug": "8-1050130509", "rank": 3}}, {"type": "Feature", "geometry": {"type": "Point", "coordinates": [99.48012, 20.08928]}, "properties": {"id": "cm-obec-1050130476", "name": "โรงเรียนต.ช.ด.ศึกษานารีอนุสรณ์ 3", "nameTh": "โรงเรียนต.ช.ด.ศึกษานารีอนุสรณ์ 3", "nameEn": null, "cat": ["school"], "province": "cm", "slug": "3-1050130476", "rank": 2}}, {"type": "Feature", "geometry": {"type": "Point", "coordinates": [98.4651, 17.3922]}, "properties": {"id": "cm-obec-1050130762", "name": "โรงเรียนตรีมิตรวิทยา", "nameTh": "โรงเรียนตรีมิตรวิทยา", "nameEn": null, "cat": ["school"], "province": "cm", "slug": "1050130762", "rank": 2}}, {"type": "Feature", "geometry": {"type": "Point", "coordinates": [98.93896, 18.71491]}, "properties": {"id": "cm-osm-way-145082493", "name": "โรงเรียนตัวอย่าง", "nameTh": "โรงเรียนตัวอย่าง", "nameEn": "Tuayang School", "cat": ["school"], "province": "cm", "slug": "tuayang-school-145082493", "rank": 2}}, {"type": "Feature", "geometry": {"type": "Point", "coordinates": [99.01128, 18.85284]}, "properties": {"id": "cm-osm-way-176273446", "name": "โรงเรียนต้นกล้า", "nameTh": "โรงเรียนต้นกล้า", "nameEn": "Tongkla School", "cat": ["school"], "province": "cm", "slug": "tongkla-school-176273446", "rank": 2}}, {"type": "Feature", "geometry": {"type": "Point", "coordinates": [98.95536, 18.68004]}, "properties": {"id": "cm-osm-way-1283817987", "name": "โรงเรียนต้นแก้วผดุงพิทยาลัย", "nameTh": "โรงเรียนต้นแก้วผดุงพิทยาลัย", "nameEn": "Ton Kaew Phadung Phitthayalai School", "cat": ["school"], "province": "cm", "slug": "ton-kaew-phadung-phitthayalai-school-1283817987", "rank": 2}}, {"type": "Feature", "geometry": {"type": "Point", "coordinates": [98.7324, 18.83726]}, "properties": {"id": "cm-obec-1050130520", "name": "โรงเรียนทรายทองราษฎร์อุทิศ", "nameTh": "โรงเรียนทรายทองราษฎร์อุทิศ", "nameEn": null, "cat": ["school"], "province": "cm", "slug": "1050130520", "rank": 3}}, {"type": "Feature", "geometry": {"type": "Point", "coordinates": [98.73274, 18.83684]}, "properties": {"id": "cm-osm-way-242068155", "name": "โรงเรียนทรายทองราษฎร์อุทิศ", "nameTh": "โรงเรียนทรายทองราษฎร์อุทิศ", "nameEn": "Sai Thong Rat Uthit School", "cat": ["school"], "province": "cm", "slug": "sai-thong-rat-uthit-school-242068155", "rank": 2}}, {"type": "Feature", "geometry": {"type": "Point", "coordinates": [99.29452, 18.67417]}, "properties": {"id": "cm-obec-1050130955", "name": "โรงเรียนทาเหนือวิทยา", "nameTh": "โรงเรียนทาเหนือวิทยา", "nameEn": null, "cat": ["school"], "province": "cm", "slug": "1050130955", "rank": 3}}, {"type": "Feature", "geometry": {"type": "Point", "coordinates": [99.29468, 18.67371]}, "properties": {"id": "cm-osm-way-317965535", "name": "โรงเรียนทาเหนือวิทยา", "nameTh": "โรงเรียนทาเหนือวิทยา", "nameEn": "Thanuea Vittaya", "cat": ["school"], "province": "cm", "slug": "thanuea-vittaya-317965535", "rank": 2}}, {"type": "Feature", "geometry": {"type": "Point", "coordinates": [98.4066, 17.2588]}, "properties": {"id": "cm-obec-1050130771", "name": "โรงเรียนทุ่งต้นงิ้ว", "nameTh": "โรงเรียนทุ่งต้นงิ้ว", "nameEn": null, "cat": ["school"], "province": "cm", "slug": "1050130771", "rank": 3}}, {"type": "Feature", "geometry": {"type": "Point", "coordinates": [99.04322, 18.76945]}, "properties": {"id": "cm-osm-way-156199229", "name": "โรงเรียนท่าศวลา", "nameTh": "โรงเรียนท่าศวลา", "nameEn": "Tha Sawa La School", "cat": ["school"], "province": "cm", "slug": "tha-sawa-la-school-156199229", "rank": 2}}, {"type": "Feature", "geometry": {"type": "Point", "coordinates": [99.04333, 18.76948]}, "properties": {"id": "cm-obec-1050130001", "name": "โรงเรียนท่าศาลา", "nameTh": "โรงเรียนท่าศาลา", "nameEn": null, "cat": ["school"], "province": "cm", "slug": "1050130001", "rank": 3}}, {"type": "Feature", "geometry": {"type": "Point", "coordinates": [98.9331, 18.70513]}, "properties": {"id": "cm-osm-node-4532822018", "name": "โรงเรียนท้าวบุญเรือง", "nameTh": "โรงเรียนท้าวบุญเรือง", "nameEn": "Thao Bun Rueang School", "cat": ["school"], "province": "cm", "slug": "thao-bun-rueang-school-4532822018", "rank": 2}}, {"type": "Feature", "geometry": {"type": "Point", "coordinates": [98.98124, 18.78782]}, "properties": {"id": "cm-osm-node-11228581210", "name": "โรงเรียนธรรมราชศึกษา", "nameTh": "โรงเรียนธรรมราชศึกษา", "nameEn": "Thammarat Sueksa School", "cat": ["school"], "province": "cm", "slug": "thammarat-sueksa-school-11228581210", "rank": 2}}, {"type": "Feature", "geometry": {"type": "Point", "coordinates": [98.98745, 18.78769]}, "properties": {"id": "cm-dgth-monastic-3284692535", "name": "โรงเรียนธรรมเมธีศึกษา", "nameTh": "โรงเรียนธรรมเมธีศึกษา", "nameEn": null, "cat": ["school"], "province": "cm", "slug": "3284692535", "rank": 2}}, {"type": "Feature", "geometry": {"type": "Point", "coordinates": [98.93672, 18.91323]}, "properties": {"id": "cm-osm-way-309177338", "name": "โรงเรียนธีระวัธน์บำเพ็ญ", "nameTh": "โรงเรียนธีระวัธน์บำเพ๊ญ", "nameEn": "Tirawatbampen School", "cat": ["school"], "province": "cm", "slug": "tirawatbampen-school-309177338", "rank": 2}}, {"type": "Feature", "geometry": {"type": "Point", "coordinates": [98.63046, 18.17472]}, "properties": {"id": "cm-osm-way-431830397", "name": "โรงเรียนธีระวิทยา", "nameTh": "โรงเรียนธีระวิทยา", "nameEn": null, "cat": ["school"], "province": "cm", "slug": "431830397", "rank": 1}}, {"type": "Feature", "geometry": {"type": "Point", "coordinates": [98.98209, 18.79058]}, "properties": {"id": "cm-osm-way-405882647", "name": "โรงเรียนนครพิงค์อภิบาลกิจ", "nameTh": "โรงเรียนนครพิงค์อภิบาลกิจ", "nameEn": "Nakornping Aphibalkit School of Nursing Aide", "cat": ["school"], "province": "cm", "slug": "nakornping-aphibalkit-school-of-nursing-aide-405882647", "rank": 2}}, {"type": "Feature", "geometry": {"type": "Point", "coordinates": [98.95965, 18.84438]}, "properties": {"id": "cm-obec-1050131002", "name": "โรงเรียนนวมินทราชูทิศ พายัพ", "nameTh": "โรงเรียนนวมินทราชูทิศ พายัพ", "nameEn": null, "cat": ["school"], "province": "cm", "slug": "1050131002", "rank": 3}}, {"type": "Feature", "geometry": {"type": "Point", "coordinates": [98.9603, 18.84357]}, "properties": {"id": "cm-osm-way-186773862", "name": "โรงเรียนนวมินทราชูทิศ พายัพ", "nameTh": "โรงเรียนนวมินทราชูทิศ พายัพ", "nameEn": "Navamindarajudis Phayap School", "cat": ["school"], "province": "cm", "slug": "navamindarajudis-phayap-school-186773862", "rank": 2}}, {"type": "Feature", "geometry": {"type": "Point", "coordinates": [98.84225, 18.78829]}, "properties": {"id": "cm-osm-node-2438297969", "name": "โรงเรียนนานาชาติ อเมริกันแปซิฟิก", "nameTh": "โรงเรียนนานาชาติ อเมริกันแปซิฟิก", "nameEn": "American Pacific International School", "cat": ["school", "school-intl"], "province": "cm", "slug": "american-pacific-international-school-2438297969", "rank": 2}}, {"type": "Feature", "geometry": {"type": "Point", "coordinates": [98.9907, 18.84734]}, "properties": {"id": "cm-osm-way-175761845", "name": "โรงเรียนนานาชาตินครพายัพ", "nameTh": "โรงเรียนนานาชาตินครพายัพ", "nameEn": "Nakornpayap International School", "cat": ["school", "school-intl"], "province": "cm", "slug": "nakornpayap-international-school-175761845", "rank": 2}}, {"type": "Feature", "geometry": {"type": "Point", "coordinates": [98.95983, 18.74745]}, "properties": {"id": "cm-osm-way-177273026", "name": "โรงเรียนนานาชาติลานนา", "nameTh": "โรงเรียนนานาชาติลานนา", "nameEn": "Lanna International School", "cat": ["school", "school-intl"], "province": "cm", "slug": "lanna-international-school-177273026", "rank": 3}}, {"type": "Feature", "geometry": {"type": "Point", "coordinates": [98.91483, 18.96577]}, "properties": {"id": "cm-osm-way-304926822", "name": "โรงเรียนนานาชาติเปรม ติณสูลานนท์", "nameTh": "โรงเรียนนานาชาติเปรม ติณสูลานนท์", "nameEn": "Prem Tinsulanonda International School", "cat": ["school", "school-intl"], "province": "cm", "slug": "prem-tinsulanonda-international-school-304926822", "rank": 4}}, {"type": "Feature", "geometry": {"type": "Point", "coordinates": [98.52833, 18.53991]}, "properties": {"id": "cm-obec-1050130036", "name": "โรงเรียนนิยมไพรผาหมอนอินทนนท์", "nameTh": "โรงเรียนนิยมไพรผาหมอนอินทนนท์", "nameEn": null, "cat": ["school"], "province": "cm", "slug": "1050130036", "rank": 2}}, {"type": "Feature", "geometry": {"type": "Point", "coordinates": [99.11301, 18.79839]}, "properties": {"id": "cm-osm-way-129614370", "name": "โรงเรียนบริรักษึกษาเชียงใหม่", "nameTh": "โรงเรียนบริรักษึกษาเชียงใหม่", "nameEn": "Bawrirak Suksa Chiangmai School", "cat": ["school"], "province": "cm", "slug": "bawrirak-suksa-chiangmai-school-129614370", "rank": 2}}, {"type": "Feature", "geometry": {"type": "Point", "coordinates": [99.1765, 18.82041]}, "properties": {"id": "cm-osm-way-105705241", "name": "โรงเรียนบานแม่โป่ง", "nameTh": "โรงเรียนบานแม่โป่ง", "nameEn": "Ban Mae Pong School", "cat": ["school"], "province": "cm", "slug": "ban-mae-pong-school-105705241", "rank": 2}}, {"type": "Feature", "geometry": {"type": "Point", "coordinates": [98.96778, 18.78816]}, "properties": {"id": "cm-dgth-monastic-0024435810", "name": "โรงเรียนบาลีสาธิตศึกษา มจร. วิทยาเขตเชียงใหม่", "nameTh": "โรงเรียนบาลีสาธิตศึกษา มจร. วิทยาเขตเชียงใหม่", "nameEn": null, "cat": ["school"], "province": "cm", "slug": "0024435810", "rank": 2}}, {"type": "Feature", "geometry": {"type": "Point", "coordinates": [98.6206, 19.58075]}, "properties": {"id": "cm-obec-1050130869", "name": "โรงเรียนบ้านกองลม", "nameTh": "โรงเรียนบ้านกองลม", "nameEn": null, "cat": ["school"], "province": "cm", "slug": "1050130869", "rank": 3}}, {"type": "Feature", "geometry": {"type": "Point", "coordinates": [98.2442, 18.1506]}, "properties": {"id": "cm-obec-1050130800", "name": "โรงเรียนบ้านกองลอย", "nameTh": "โรงเรียนบ้านกองลอย", "nameEn": null, "cat": ["school"], "province": "cm", "slug": "1050130800", "rank": 3}}, {"type": "Feature", "geometry": {"type": "Point", "coordinates": [98.24419, 18.15053]}, "properties": {"id": "cm-osm-way-454895998", "name": "โรงเรียนบ้านกองลอย", "nameTh": "โรงเรียนบ้านกองลอย", "nameEn": "Ban Kong Loi School", "cat": ["school"], "province": "cm", "slug": "ban-kong-loi-school-454895998", "rank": 2}}, {"type": "Feature", "geometry": {"type": "Point", "coordinates": [98.7984, 17.8051]}, "properties": {"id": "cm-obec-1050130859", "name": "โรงเรียนบ้านกองวะ", "nameTh": "โรงเรียนบ้านกองวะ", "nameEn": null, "cat": ["school"], "province": "cm", "slug": "1050130859", "rank": 3}}, {"type": "Feature", "geometry": {"type": "Point", "coordinates": [98.6192, 18.1794]}, "properties": {"id": "cm-obec-1050130821", "name": "โรงเรียนบ้านกองหิน", "nameTh": "โรงเรียนบ้านกองหิน", "nameEn": null, "cat": ["school"], "province": "cm", "slug": "1050130821", "rank": 3}}, {"type": "Feature", "geometry": {"type": "Point", "coordinates": [98.39016, 18.43938]}, "properties": {"id": "cm-obec-1050130287", "name": "โรงเรียนบ้านกองแขก", "nameTh": "โรงเรียนบ้านกองแขก", "nameEn": null, "cat": ["school"], "province": "cm", "slug": "1050130287", "rank": 3}}, {"type": "Feature", "geometry": {"type": "Point", "coordinates": [98.39247, 18.43568]}, "properties": {"id": "cm-osm-way-675946087", "name": "โรงเรียนบ้านกองแขก", "nameTh": "โรงเรียนบ้านกองแขก", "nameEn": "Ban Kong Khaek School", "cat": ["school"], "province": "cm", "slug": "ban-kong-khaek-school-675946087", "rank": 2}}, {"type": "Feature", "geometry": {"type": "Point", "coordinates": [98.44715, 18.44728]}, "properties": {"id": "cm-obec-1050130292", "name": "โรงเรียนบ้านกองแขก สาขาบ้านแม่หลุ", "nameTh": "โรงเรียนบ้านกองแขก สาขาบ้านแม่หลุ", "nameEn": null, "cat": ["school"], "province": "cm", "slug": "1050130292", "rank": 3}}, {"type": "Feature", "geometry": {"type": "Point", "coordinates": [98.81086, 18.85985]}, "properties": {"id": "cm-obec-1050130423", "name": "โรงเรียนบ้านกองแหะ", "nameTh": "โรงเรียนบ้านกองแหะ", "nameEn": null, "cat": ["school"], "province": "cm", "slug": "1050130423", "rank": 3}}, {"type": "Feature", "geometry": {"type": "Point", "coordinates": [99.10368, 18.70004]}, "properties": {"id": "cm-obec-1050130583", "name": "โรงเรียนบ้านกอสะเลียม", "nameTh": "โรงเรียนบ้านกอสะเลียม", "nameEn": null, "cat": ["school"], "province": "cm", "slug": "1050130583", "rank": 3}}, {"type": "Feature", "geometry": {"type": "Point", "coordinates": [98.81792, 18.60008]}, "properties": {"id": "cm-osm-way-319853300", "name": "โรงเรียนบ้านกาด", "nameTh": "โรงเรียนบ้านกาด", "nameEn": "Ban Kat School", "cat": ["school"], "province": "cm", "slug": "ban-kat-school-319853300", "rank": 2}}, {"type": "Feature", "geometry": {"type": "Point", "coordinates": [98.81728, 18.60059]}, "properties": {"id": "cm-obec-1050130910", "name": "โรงเรียนบ้านกาด (เขมวังส์ฯ)", "nameTh": "โรงเรียนบ้านกาด (เขมวังส์ฯ)", "nameEn": null, "cat": ["school"], "province": "cm", "slug": "1050130910", "rank": 3}}, {"type": "Feature", "geometry": {"type": "Point", "coordinates": [98.81581, 18.60674]}, "properties": {"id": "cm-obec-1050131021", "name": "โรงเรียนบ้านกาดวิทยาคม", "nameTh": "โรงเรียนบ้านกาดวิทยาคม", "nameEn": null, "cat": ["school"], "province": "cm", "slug": "1050131021", "rank": 3}}, {"type": "Feature", "geometry": {"type": "Point", "coordinates": [98.87465, 19.02191]}, "properties": {"id": "cm-obec-1050130460", "name": "โรงเรียนบ้านกาดฮาว", "nameTh": "โรงเรียนบ้านกาดฮาว", "nameEn": null, "cat": ["school"], "province": "cm", "slug": "1050130460", "rank": 3}}, {"type": "Feature", "geometry": {"type": "Point", "coordinates": [98.87489, 19.02228]}, "properties": {"id": "cm-osm-node-6474175190", "name": "โรงเรียนบ้านกาดฮาว", "nameTh": "โรงเรียนบ้านกาดฮาว", "nameEn": "Ban Kad How school", "cat": ["school"], "province": "cm", "slug": "ban-kad-how-school-6474175190", "rank": 2}}, {"type": "Feature", "geometry": {"type": "Point", "coordinates": [98.3693, 18.1401]}, "properties": {"id": "cm-obec-1050130811", "name": "โรงเรียนบ้านกิ่วลม", "nameTh": "โรงเรียนบ้านกิ่วลม", "nameEn": null, "cat": ["school"], "province": "cm", "slug": "1050130811", "rank": 3}}, {"type": "Feature", "geometry": {"type": "Point", "coordinates": [98.36944, 18.14043]}, "properties": {"id": "cm-osm-node-3883159056", "name": "โรงเรียนบ้านกิ่วลม", "nameTh": "โรงเรียนบ้านกิ่วลม", "nameEn": "Ban Kio Lom School", "cat": ["school"], "province": "cm", "slug": "ban-kio-lom-school-3883159056", "rank": 2}}, {"type": "Feature", "geometry": {"type": "Point", "coordinates": [98.60825, 18.99738]}, "properties": {"id": "cm-obec-1050130547", "name": "โรงเรียนบ้านกิ่วเสือ", "nameTh": "โรงเรียนบ้านกิ่วเสือ", "nameEn": null, "cat": ["school"], "province": "cm", "slug": "1050130547", "rank": 3}}, {"type": "Feature", "geometry": {"type": "Point", "coordinates": [98.77284, 19.2203]}, "properties": {"id": "cm-obec-1050130389", "name": "โรงเรียนบ้านก๋ายน้อย", "nameTh": "โรงเรียนบ้านก๋ายน้อย", "nameEn": null, "cat": ["school"], "province": "cm", "slug": "1050130389", "rank": 2}}, {"type": "Feature", "geometry": {"type": "Point", "coordinates": [99.05169, 19.92585]}, "properties": {"id": "cm-obec-1050130199", "name": "โรงเรียนบ้านขอบด้ง", "nameTh": "โรงเรียนบ้านขอบด้ง", "nameEn": null, "cat": ["school"], "province": "cm", "slug": "1050130199", "rank": 3}}, {"type": "Feature", "geometry": {"type": "Point", "coordinates": [98.3736, 18.1045]}, "properties": {"id": "cm-obec-1050130808", "name": "โรงเรียนบ้านขุน", "nameTh": "โรงเรียนบ้านขุน", "nameEn": null, "cat": ["school"], "province": "cm", "slug": "1050130808", "rank": 3}}, {"type": "Feature", "geometry": {"type": "Point", "coordinates": [98.52358, 18.54053]}, "properties": {"id": "cm-obec-1050130035", "name": "โรงเรียนบ้านขุนกลาง", "nameTh": "โรงเรียนบ้านขุนกลาง", "nameEn": null, "cat": ["school"], "province": "cm", "slug": "1050130035", "rank": 3}}, {"type": "Feature", "geometry": {"type": "Point", "coordinates": [98.52368, 18.5407]}, "properties": {"id": "cm-osm-way-309023290", "name": "โรงเรียนบ้านขุนกลาง", "nameTh": "โรงเรียนบ้านขุนกลาง", "nameEn": "Ban Khun Klang School", "cat": ["school"], "province": "cm", "slug": "ban-khun-klang-school-309023290", "rank": 2}}, {"type": "Feature", "geometry": {"type": "Point", "coordinates": [98.53313, 18.46521]}, "properties": {"id": "cm-obec-1050130045", "name": "โรงเรียนบ้านขุนกลางสาขาแม่ยะน้อย", "nameTh": "โรงเรียนบ้านขุนกลางสาขาแม่ยะน้อย", "nameEn": null, "cat": ["school"], "province": "cm", "slug": "1050130045", "rank": 3}}, {"type": "Feature", "geometry": {"type": "Point", "coordinates": [98.61173, 18.18483]}, "properties": {"id": "cm-obec-1050130794", "name": "โรงเรียนบ้านขุนตื่น", "nameTh": "โรงเรียนบ้านขุนตื่น", "nameEn": null, "cat": ["school"], "province": "cm", "slug": "1050130794", "rank": 3}}, {"type": "Feature", "geometry": {"type": "Point", "coordinates": [98.50362, 18.42916]}, "properties": {"id": "cm-obec-1050130034", "name": "โรงเรียนบ้านขุนยะ", "nameTh": "โรงเรียนบ้านขุนยะ", "nameEn": null, "cat": ["school"], "province": "cm", "slug": "1050130034", "rank": 3}}, {"type": "Feature", "geometry": {"type": "Point", "coordinates": [98.52074, 18.62212]}, "properties": {"id": "cm-osm-node-3322417280", "name": "โรงเรียนบ้านขุนวาง", "nameTh": "โรงเรียนบ้านขุนวาง", "nameEn": "Rongrian Ban Khun Wang", "cat": ["school"], "province": "cm", "slug": "rongrian-ban-khun-wang-3322417280", "rank": 2}}, {"type": "Feature", "geometry": {"type": "Point", "coordinates": [99.31851, 19.33245]}, "properties": {"id": "cm-obec-1050130279", "name": "โรงเรียนบ้านขุนแจ๋", "nameTh": "โรงเรียนบ้านขุนแจ๋", "nameEn": null, "cat": ["school"], "province": "cm", "slug": "1050130279", "rank": 3}}, {"type": "Feature", "geometry": {"type": "Point", "coordinates": [98.50347, 18.39436]}, "properties": {"id": "cm-obec-1050130058", "name": "โรงเรียนบ้านขุนแตะ", "nameTh": "โรงเรียนบ้านขุนแตะ", "nameEn": null, "cat": ["school"], "province": "cm", "slug": "1050130058", "rank": 2}}, {"type": "Feature", "geometry": {"type": "Point", "coordinates": [98.47757, 18.32245]}, "properties": {"id": "cm-obec-1050130065", "name": "โรงเรียนบ้านขุนแปะ", "nameTh": "โรงเรียนบ้านขุนแปะ", "nameEn": null, "cat": ["school"], "province": "cm", "slug": "1050130065", "rank": 3}}, {"type": "Feature", "geometry": {"type": "Point", "coordinates": [98.48086, 18.26509]}, "properties": {"id": "cm-obec-1050130069", "name": "โรงเรียนบ้านขุนแปะ สาขาแม่จร", "nameTh": "โรงเรียนบ้านขุนแปะ สาขาแม่จร", "nameEn": null, "cat": ["school"], "province": "cm", "slug": "1050130069", "rank": 3}}, {"type": "Feature", "geometry": {"type": "Point", "coordinates": [98.37323, 17.322]}, "properties": {"id": "cm-obec-1050130764", "name": "โรงเรียนบ้านขุนแม่ตื่นน้อย", "nameTh": "โรงเรียนบ้านขุนแม่ตื่นน้อย", "nameEn": null, "cat": ["school"], "province": "cm", "slug": "1050130764", "rank": 3}}, {"type": "Feature", "geometry": {"type": "Point", "coordinates": [98.15774, 18.63812]}, "properties": {"id": "cm-obec-1050130315", "name": "โรงเรียนบ้านขุนแม่นาย", "nameTh": "โรงเรียนบ้านขุนแม่นาย", "nameEn": null, "cat": ["school"], "province": "cm", "slug": "1050130315", "rank": 3}}, {"type": "Feature", "geometry": {"type": "Point", "coordinates": [98.1981, 18.91709]}, "properties": {"id": "cm-obec-1050130327", "name": "โรงเรียนบ้านขุนแม่รวม", "nameTh": "โรงเรียนบ้านขุนแม่รวม", "nameEn": null, "cat": ["school"], "province": "cm", "slug": "1050130327", "rank": 3}}, {"type": "Feature", "geometry": {"type": "Point", "coordinates": [98.15581, 18.84371]}, "properties": {"id": "cm-obec-1050130326", "name": "โรงเรียนบ้านขุนแม่หยอด", "nameTh": "โรงเรียนบ้านขุนแม่หยอด", "nameEn": null, "cat": ["school"], "province": "cm", "slug": "1050130326", "rank": 3}}, {"type": "Feature", "geometry": {"type": "Point", "coordinates": [98.62565, 18.22205]}, "properties": {"id": "cm-obec-1050130062", "name": "โรงเรียนบ้านข่วงเปาใต้", "nameTh": "โรงเรียนบ้านข่วงเปาใต้", "nameEn": null, "cat": ["school"], "province": "cm", "slug": "1050130062", "rank": 3}}, {"type": "Feature", "geometry": {"type": "Point", "coordinates": [99.03989, 19.89925]}, "properties": {"id": "cm-osm-way-344187093", "name": "โรงเรียนบ้านคุ้ม", "nameTh": "โรงเรียนบ้านคุ้ม", "nameEn": "Debsirin School", "cat": ["school"], "province": "cm", "slug": "debsirin-school-344187093", "rank": 2}}, {"type": "Feature", "geometry": {"type": "Point", "coordinates": [98.7492, 17.8459]}, "properties": {"id": "cm-obec-1050130862", "name": "โรงเรียนบ้านงิ้วสูง", "nameTh": "โรงเรียนบ้านงิ้วสูง", "nameEn": null, "cat": ["school"], "province": "cm", "slug": "1050130862", "rank": 3}}, {"type": "Feature", "geometry": {"type": "Point", "coordinates": [98.63927, 19.6439]}, "properties": {"id": "cm-obec-1050130875", "name": "โรงเรียนบ้านจอง", "nameTh": "โรงเรียนบ้านจอง", "nameEn": null, "cat": ["school"], "province": "cm", "slug": "1050130875", "rank": 2}}, {"type": "Feature", "geometry": {"type": "Point", "coordinates": [98.30962, 19.07608]}, "properties": {"id": "cm-obec-1050130341", "name": "โรงเรียนบ้านจันทร์", "nameTh": "โรงเรียนบ้านจันทร์", "nameEn": null, "cat": ["school"], "province": "cm", "slug": "1050130341", "rank": 2}}, {"type": "Feature", "geometry": {"type": "Point", "coordinates": [98.30379, 19.07595]}, "properties": {"id": "cm-obec-1050130350", "name": "โรงเรียนบ้านจันทร์ สาขาแจ่มน้อย", "nameTh": "โรงเรียนบ้านจันทร์ สาขาแจ่มน้อย", "nameEn": null, "cat": ["school"], "province": "cm", "slug": "1050130350", "rank": 3}}, {"type": "Feature", "geometry": {"type": "Point", "coordinates": [98.7428, 17.8882]}, "properties": {"id": "cm-obec-1050130865", "name": "โรงเรียนบ้านฉิมพลี", "nameTh": "โรงเรียนบ้านฉิมพลี", "nameEn": null, "cat": ["school"], "province": "cm", "slug": "1050130865", "rank": 3}}, {"type": "Feature", "geometry": {"type": "Point", "coordinates": [98.85605, 19.17441]}, "properties": {"id": "cm-obec-1050130407", "name": "โรงเรียนบ้านช้างใน", "nameTh": "โรงเรียนบ้านช้างใน", "nameEn": null, "cat": ["school"], "province": "cm", "slug": "1050130407", "rank": 3}}, {"type": "Feature", "geometry": {"type": "Point", "coordinates": [98.3594, 17.4452]}, "properties": {"id": "cm-obec-1050130770", "name": "โรงเรียนบ้านซิแบร", "nameTh": "โรงเรียนบ้านซิแบร", "nameEn": null, "cat": ["school"], "province": "cm", "slug": "1050130770", "rank": 3}}, {"type": "Feature", "geometry": {"type": "Point", "coordinates": [99.24808, 19.99114]}, "properties": {"id": "cm-obec-1050130514", "name": "โรงเรียนบ้านดง", "nameTh": "โรงเรียนบ้านดง", "nameEn": null, "cat": ["school"], "province": "cm", "slug": "1050130514", "rank": 3}}, {"type": "Feature", "geometry": {"type": "Point", "coordinates": [98.91276, 18.69962]}, "properties": {"id": "cm-obec-1050130731", "name": "โรงเรียนบ้านดง", "nameTh": "โรงเรียนบ้านดง", "nameEn": null, "cat": ["school"], "province": "cm", "slug": "1050130731", "rank": 2}}, {"type": "Feature", "geometry": {"type": "Point", "coordinates": [98.61173, 18.18483]}, "properties": {"id": "cm-obec-1050130828", "name": "โรงเรียนบ้านดงดำ", "nameTh": "โรงเรียนบ้านดงดำ", "nameEn": null, "cat": ["school"], "province": "cm", "slug": "1050130828", "rank": 3}}, {"type": "Feature", "geometry": {"type": "Point", "coordinates": [99.13973, 19.83139]}, "properties": {"id": "cm-obec-1050130221", "name": "โรงเรียนบ้านดงป่าลัน", "nameTh": "โรงเรียนบ้านดงป่าลัน", "nameEn": null, "cat": ["school"], "province": "cm", "slug": "1050130221", "rank": 3}}, {"type": "Feature", "geometry": {"type": "Point", "coordinates": [98.75601, 18.45213]}, "properties": {"id": "cm-obec-1050130979", "name": "โรงเรียนบ้านดงป่าหวาย", "nameTh": "โรงเรียนบ้านดงป่าหวาย", "nameEn": null, "cat": ["school"], "province": "cm", "slug": "1050130979", "rank": 3}}, {"type": "Feature", "geometry": {"type": "Point", "coordinates": [98.75616, 18.45207]}, "properties": {"id": "cm-osm-way-742775735", "name": "โรงเรียนบ้านดงป่าหวาย", "nameTh": "โรงเรียนบ้านดงป่าหวาย", "nameEn": "Ban Dong Pa Wai School", "cat": ["school"], "province": "cm", "slug": "ban-dong-pa-wai-school-742775735", "rank": 2}}, {"type": "Feature", "geometry": {"type": "Point", "coordinates": [99.11898, 18.89019]}, "properties": {"id": "cm-osm-node-4602601064", "name": "โรงเรียนบ้านดงเจริญชัย", "nameTh": "โรงเรียนบ้านดงเจริญชัย", "nameEn": "Ban Dong Charoen Chai School", "cat": ["school"], "province": "cm", "slug": "ban-dong-charoen-chai-school-4602601064", "rank": 2}}, {"type": "Feature", "geometry": {"type": "Point", "coordinates": [98.2062, 18.1972]}, "properties": {"id": "cm-obec-1050130799", "name": "โรงเรียนบ้านดอกแดง", "nameTh": "โรงเรียนบ้านดอกแดง", "nameEn": null, "cat": ["school"], "province": "cm", "slug": "1050130799", "rank": 3}}, {"type": "Feature", "geometry": {"type": "Point", "coordinates": [98.96924, 19.39551]}, "properties": {"id": "cm-obec-1050130096", "name": "โรงเรียนบ้านดอน", "nameTh": "โรงเรียนบ้านดอน", "nameEn": null, "cat": ["school"], "province": "cm", "slug": "1050130096", "rank": 3}}, {"type": "Feature", "geometry": {"type": "Point", "coordinates": [99.27753, 20.02316]}, "properties": {"id": "cm-obec-1050130500", "name": "โรงเรียนบ้านดอนชัย", "nameTh": "โรงเรียนบ้านดอนชัย", "nameEn": null, "cat": ["school"], "province": "cm", "slug": "1050130500", "rank": 3}}, {"type": "Feature", "geometry": {"type": "Point", "coordinates": [99.27733, 20.02347]}, "properties": {"id": "cm-osm-way-256047499", "name": "โรงเรียนบ้านดอนชัย", "nameTh": "โรงเรียนบ้านดอนชัย", "nameEn": null, "cat": ["school"], "province": "cm", "slug": "256047499", "rank": 1}}, {"type": "Feature", "geometry": {"type": "Point", "coordinates": [98.95485, 18.73752]}, "properties": {"id": "cm-obec-1050130011", "name": "โรงเรียนบ้านดอนปิน", "nameTh": "โรงเรียนบ้านดอนปิน", "nameEn": null, "cat": ["school"], "province": "cm", "slug": "1050130011", "rank": 3}}, {"type": "Feature", "geometry": {"type": "Point", "coordinates": [98.95466, 18.7384]}, "properties": {"id": "cm-osm-node-1492467146", "name": "โรงเรียนบ้านดอนปิน", "nameTh": "โรงเรียนบ้านดอนปิน", "nameEn": "Sarasas Witaed Chiang Mai", "cat": ["school"], "province": "cm", "slug": "sarasas-witaed-chiang-mai-1492467146", "rank": 2}}, {"type": "Feature", "geometry": {"type": "Point", "coordinates": [99.12581, 18.728]}, "properties": {"id": "cm-obec-1050130561", "name": "โรงเรียนบ้านดอนปีน", "nameTh": "โรงเรียนบ้านดอนปีน", "nameEn": null, "cat": ["school"], "province": "cm", "slug": "1050130561", "rank": 3}}, {"type": "Feature", "geometry": {"type": "Point", "coordinates": [98.5008, 18.171]}, "properties": {"id": "cm-obec-1050130824", "name": "โรงเรียนบ้านดอยคำ", "nameTh": "โรงเรียนบ้านดอยคำ", "nameEn": null, "cat": ["school"], "province": "cm", "slug": "1050130824", "rank": 2}}, {"type": "Feature", "geometry": {"type": "Point", "coordinates": [98.78172, 18.46554]}, "properties": {"id": "cm-obec-1050130977", "name": "โรงเรียนบ้านดอยหล่อ", "nameTh": "โรงเรียนบ้านดอยหล่อ", "nameEn": null, "cat": ["school"], "province": "cm", "slug": "1050130977", "rank": 3}}, {"type": "Feature", "geometry": {"type": "Point", "coordinates": [98.78185, 18.4653]}, "properties": {"id": "cm-osm-node-2684763781", "name": "โรงเรียนบ้านดอยหล่อ", "nameTh": "โรงเรียนบ้านดอยหล่อ", "nameEn": "Ban Doi Lo School", "cat": ["school"], "province": "cm", "slug": "ban-doi-lo-school-2684763781", "rank": 2}}, {"type": "Feature", "geometry": {"type": "Point", "coordinates": [99.20568, 18.83974]}, "properties": {"id": "cm-obec-1050130173", "name": "โรงเรียนบ้านตลาดขี้เหล็ก", "nameTh": "โรงเรียนบ้านตลาดขี้เหล็ก", "nameEn": null, "cat": ["school"], "province": "cm", "slug": "1050130173", "rank": 3}}, {"type": "Feature", "geometry": {"type": "Point", "coordinates": [99.20551, 18.83918]}, "properties": {"id": "cm-osm-node-2595784902", "name": "โรงเรียนบ้านตลาดขี้เหล็ก", "nameTh": "โรงเรียนบ้านตลาดขี้เหล็ก", "nameEn": "Rongrian Ban Talat Khilek", "cat": ["school"], "province": "cm", "slug": "rongrian-ban-talat-khilek-2595784902", "rank": 2}}, {"type": "Feature", "geometry": {"type": "Point", "coordinates": [98.92816, 18.73397]}, "properties": {"id": "cm-obec-1050130751", "name": "โรงเรียนบ้านตองกาย", "nameTh": "โรงเรียนบ้านตองกาย", "nameEn": null, "cat": ["school"], "province": "cm", "slug": "1050130751", "rank": 3}}, {"type": "Feature", "geometry": {"type": "Point", "coordinates": [98.6899, 18.0982]}, "properties": {"id": "cm-obec-1050130836", "name": "โรงเรียนบ้านตาลเหนือ", "nameTh": "โรงเรียนบ้านตาลเหนือ", "nameEn": null, "cat": ["school"], "province": "cm", "slug": "1050130836", "rank": 3}}, {"type": "Feature", "geometry": {"type": "Point", "coordinates": [98.6836, 18.0964]}, "properties": {"id": "cm-obec-1050130834", "name": "โรงเรียนบ้านตาลใต้", "nameTh": "โรงเรียนบ้านตาลใต้", "nameEn": null, "cat": ["school"], "province": "cm", "slug": "1050130834", "rank": 3}}, {"type": "Feature", "geometry": {"type": "Point", "coordinates": [98.4944, 18.0668]}, "properties": {"id": "cm-obec-1050130839", "name": "โรงเรียนบ้านตีนตก", "nameTh": "โรงเรียนบ้านตีนตก", "nameEn": null, "cat": ["school"], "province": "cm", "slug": "1050130839", "rank": 3}}, {"type": "Feature", "geometry": {"type": "Point", "coordinates": [98.3101, 17.9226]}, "properties": {"id": "cm-obec-1050130783", "name": "โรงเรียนบ้านตุงติง", "nameTh": "โรงเรียนบ้านตุงติง", "nameEn": null, "cat": ["school"], "province": "cm", "slug": "1050130783", "rank": 3}}, {"type": "Feature", "geometry": {"type": "Point", "coordinates": [98.3567, 17.9601]}, "properties": {"id": "cm-obec-1050130782", "name": "โรงเรียนบ้านตุงลอย", "nameTh": "โรงเรียนบ้านตุงลอย", "nameEn": null, "cat": ["school"], "province": "cm", "slug": "1050130782", "rank": 3}}, {"type": "Feature", "geometry": {"type": "Point", "coordinates": [98.35483, 18.51202]}, "properties": {"id": "cm-obec-1050130334", "name": "โรงเรียนบ้านต่อเรือ", "nameTh": "โรงเรียนบ้านต่อเรือ", "nameEn": null, "cat": ["school"], "province": "cm", "slug": "1050130334", "rank": 2}}, {"type": "Feature", "geometry": {"type": "Point", "coordinates": [99.1603, 19.93525]}, "properties": {"id": "cm-obec-1050130201", "name": "โรงเรียนบ้านต้นผึ้ง", "nameTh": "โรงเรียนบ้านต้นผึ้ง", "nameEn": null, "cat": ["school"], "province": "cm", "slug": "1050130201", "rank": 3}}, {"type": "Feature", "geometry": {"type": "Point", "coordinates": [98.97782, 18.9095]}, "properties": {"id": "cm-obec-1050130437", "name": "โรงเรียนบ้านต้นผึ้ง", "nameTh": "โรงเรียนบ้านต้นผึ้ง", "nameEn": null, "cat": ["school"], "province": "cm", "slug": "1050130437", "rank": 3}}, {"type": "Feature", "geometry": {"type": "Point", "coordinates": [98.97788, 18.90955]}, "properties": {"id": "cm-osm-way-389643577", "name": "โรงเรียนบ้านต้นผึ้ง", "nameTh": "โรงเรียนบ้านต้นผึ้ง", "nameEn": "Ban Ton Pueng School", "cat": ["school"], "province": "cm", "slug": "ban-ton-pueng-school-389643577", "rank": 2}}, {"type": "Feature", "geometry": {"type": "Point", "coordinates": [99.22658, 19.37118]}, "properties": {"id": "cm-obec-1050130237", "name": "โรงเรียนบ้านต้นรุง", "nameTh": "โรงเรียนบ้านต้นรุง", "nameEn": null, "cat": ["school"], "province": "cm", "slug": "1050130237", "rank": 3}}, {"type": "Feature", "geometry": {"type": "Point", "coordinates": [99.13959, 19.83139]}, "properties": {"id": "cm-obec-1050130186", "name": "โรงเรียนบ้านต้นส้าน", "nameTh": "โรงเรียนบ้านต้นส้าน", "nameEn": null, "cat": ["school"], "province": "cm", "slug": "1050130186", "rank": 3}}, {"type": "Feature", "geometry": {"type": "Point", "coordinates": [98.92498, 18.72424]}, "properties": {"id": "cm-osm-way-456963453", "name": "โรงเรียนบ้านต้นเกว๋น", "nameTh": "โรงเรียนบ้านต้นเกว๋น", "nameEn": "Ban Ton Kwen School", "cat": ["school"], "province": "cm", "slug": "ban-ton-kwen-school-456963453", "rank": 2}}, {"type": "Feature", "geometry": {"type": "Point", "coordinates": [98.95409, 18.68035]}, "properties": {"id": "cm-osm-way-655352971", "name": "โรงเรียนบ้านต้นแก้ว", "nameTh": "โรงเรียนบ้านต้นแก้ว", "nameEn": "Ban Ton Kaew School", "cat": ["school"], "province": "cm", "slug": "ban-ton-kaew-school-655352971", "rank": 2}}, {"type": "Feature", "geometry": {"type": "Point", "coordinates": [99.11314, 19.71754]}, "properties": {"id": "cm-obec-1050130897", "name": "โรงเรียนบ้านต้นโชค", "nameTh": "โรงเรียนบ้านต้นโชค", "nameEn": null, "cat": ["school"], "province": "cm", "slug": "1050130897", "rank": 3}}, {"type": "Feature", "geometry": {"type": "Point", "coordinates": [98.7089, 17.9219]}, "properties": {"id": "cm-obec-1050130840", "name": "โรงเรียนบ้านถิ่นสำราญ", "nameTh": "โรงเรียนบ้านถิ่นสำราญ", "nameEn": null, "cat": ["school"], "province": "cm", "slug": "1050130840", "rank": 3}}, {"type": "Feature", "geometry": {"type": "Point", "coordinates": [98.92969, 19.39318]}, "properties": {"id": "cm-obec-1050130099", "name": "โรงเรียนบ้านถ้ำ", "nameTh": "โรงเรียนบ้านถ้ำ", "nameEn": null, "cat": ["school"], "province": "cm", "slug": "1050130099", "rank": 3}}, {"type": "Feature", "geometry": {"type": "Point", "coordinates": [98.92989, 19.39348]}, "properties": {"id": "cm-osm-way-407705760", "name": "โรงเรียนบ้านถ้ำ", "nameTh": "โรงเรียนบ้านถ้ำ", "nameEn": "Ban Tham School", "cat": ["school"], "province": "cm", "slug": "ban-tham-school-407705760", "rank": 2}}, {"type": "Feature", "geometry": {"type": "Point", "coordinates": [99.11873, 19.6635]}, "properties": {"id": "cm-obec-1050130884", "name": "โรงเรียนบ้านถ้ำตับเตา", "nameTh": "โรงเรียนบ้านถ้ำตับเตา", "nameEn": null, "cat": ["school"], "province": "cm", "slug": "1050130884", "rank": 3}}, {"type": "Feature", "geometry": {"type": "Point", "coordinates": [98.91845, 18.68316]}, "properties": {"id": "cm-obec-1050130729", "name": "โรงเรียนบ้านทรายมูล", "nameTh": "โรงเรียนบ้านทรายมูล", "nameEn": null, "cat": ["school"], "province": "cm", "slug": "1050130729", "rank": 3}}, {"type": "Feature", "geometry": {"type": "Point", "coordinates": [98.91968, 18.68332]}, "properties": {"id": "cm-osm-way-503373319", "name": "โรงเรียนบ้านทรายมูล", "nameTh": "โรงเรียนบ้านทรายมูล", "nameEn": "Ban Sai Mun School", "cat": ["school"], "province": "cm", "slug": "ban-sai-mun-school-503373319", "rank": 2}}, {"type": "Feature", "geometry": {"type": "Point", "coordinates": [98.97138, 19.21865]}, "properties": {"id": "cm-obec-1050130356", "name": "โรงเรียนบ้านทับเดื่อ", "nameTh": "โรงเรียนบ้านทับเดื่อ", "nameEn": null, "cat": ["school"], "province": "cm", "slug": "1050130356", "rank": 3}}, {"type": "Feature", "geometry": {"type": "Point", "coordinates": [98.97134, 19.21884]}, "properties": {"id": "cm-osm-node-4439459202", "name": "โรงเรียนบ้านทับเดื่อ", "nameTh": "โรงเรียนบ้านทับเดื่อ", "nameEn": "Ban Thap Dua School", "cat": ["school"], "province": "cm", "slug": "ban-thap-dua-school-4439459202", "rank": 2}}, {"type": "Feature", "geometry": {"type": "Point", "coordinates": [98.36735, 18.48539]}, "properties": {"id": "cm-obec-1050130322", "name": "โรงเรียนบ้านทัพ", "nameTh": "โรงเรียนบ้านทัพ", "nameEn": null, "cat": ["school"], "province": "cm", "slug": "1050130322", "rank": 3}}, {"type": "Feature", "geometry": {"type": "Point", "coordinates": [98.2066, 18.0976]}, "properties": {"id": "cm-obec-1050130801", "name": "โรงเรียนบ้านทุ่ง", "nameTh": "โรงเรียนบ้านทุ่ง", "nameEn": null, "cat": ["school"], "province": "cm", "slug": "1050130801", "rank": 3}}, {"type": "Feature", "geometry": {"type": "Point", "coordinates": [98.95848, 19.55496]}, "properties": {"id": "cm-obec-1050130110", "name": "โรงเรียนบ้านทุ่งข้าวพวง", "nameTh": "โรงเรียนบ้านทุ่งข้าวพวง", "nameEn": null, "cat": ["school"], "province": "cm", "slug": "1050130110", "rank": 3}}, {"type": "Feature", "geometry": {"type": "Point", "coordinates": [98.402, 17.9065]}, "properties": {"id": "cm-obec-1050130780", "name": "โรงเรียนบ้านทุ่งจำเริง", "nameTh": "โรงเรียนบ้านทุ่งจำเริง", "nameEn": null, "cat": ["school"], "province": "cm", "slug": "1050130780", "rank": 3}}, {"type": "Feature", "geometry": {"type": "Point", "coordinates": [98.39836, 18.55458]}, "properties": {"id": "cm-obec-1050130333", "name": "โรงเรียนบ้านทุ่งยาว", "nameTh": "โรงเรียนบ้านทุ่งยาว", "nameEn": null, "cat": ["school"], "province": "cm", "slug": "1050130333", "rank": 3}}, {"type": "Feature", "geometry": {"type": "Point", "coordinates": [98.95581, 19.41101]}, "properties": {"id": "cm-obec-1050130095", "name": "โรงเรียนบ้านทุ่งละคร", "nameTh": "โรงเรียนบ้านทุ่งละคร", "nameEn": null, "cat": ["school"], "province": "cm", "slug": "1050130095", "rank": 2}}, {"type": "Feature", "geometry": {"type": "Point", "coordinates": [98.95567, 19.41122]}, "properties": {"id": "cm-osm-node-6861872316", "name": "โรงเรียนบ้านทุ่งละคร", "nameTh": "โรงเรียนบ้านทุ่งละคร", "nameEn": "Ban Thung Lakhon School", "cat": ["school"], "province": "cm", "slug": "ban-thung-lakhon-school-6861872316", "rank": 2}}, {"type": "Feature", "geometry": {"type": "Point", "coordinates": [98.56911, 18.71802]}, "properties": {"id": "cm-obec-1050130923", "name": "โรงเรียนบ้านทุ่งหลวง", "nameTh": "โรงเรียนบ้านทุ่งหลวง", "nameEn": null, "cat": ["school"], "province": "cm", "slug": "1050130923", "rank": 3}}, {"type": "Feature", "geometry": {"type": "Point", "coordinates": [98.97287, 19.35521]}, "properties": {"id": "cm-obec-1050130102", "name": "โรงเรียนบ้านทุ่งหลุก", "nameTh": "โรงเรียนบ้านทุ่งหลุก", "nameEn": null, "cat": ["school"], "province": "cm", "slug": "1050130102", "rank": 3}}, {"type": "Feature", "geometry": {"type": "Point", "coordinates": [99.12069, 19.80763]}, "properties": {"id": "cm-obec-1050130192", "name": "โรงเรียนบ้านทุ่งหลุก", "nameTh": "โรงเรียนบ้านทุ่งหลุก", "nameEn": null, "cat": ["school"], "province": "cm", "slug": "1050130192", "rank": 2}}, {"type": "Feature", "geometry": {"type": "Point", "coordinates": [98.87275, 18.56669]}, "properties": {"id": "cm-osm-node-2684257221", "name": "โรงเรียนบ้านทุ่งเสี้ยว", "nameTh": "โรงเรียนบ้านทุ่งเสี้ยว", "nameEn": "Ban Thung Siao school", "cat": ["school"], "province": "cm", "slug": "ban-thung-siao-school-2684257221", "rank": 2}}, {"type": "Feature", "geometry": {"type": "Point", "coordinates": [98.8719, 18.56676]}, "properties": {"id": "cm-obec-1050130660", "name": "โรงเรียนบ้านทุ่งเสี้ยว (นวรัฐ)", "nameTh": "โรงเรียนบ้านทุ่งเสี้ยว (นวรัฐ)", "nameEn": null, "cat": ["school"], "province": "cm", "slug": "1050130660", "rank": 3}}, {"type": "Feature", "geometry": {"type": "Point", "coordinates": [98.24454, 18.40762]}, "properties": {"id": "cm-obec-1050130313", "name": "โรงเรียนบ้านทุ่งแก", "nameTh": "โรงเรียนบ้านทุ่งแก", "nameEn": null, "cat": ["school"], "province": "cm", "slug": "1050130313", "rank": 3}}, {"type": "Feature", "geometry": {"type": "Point", "coordinates": [98.16817, 18.26258]}, "properties": {"id": "cm-obec-1050131062", "name": "โรงเรียนบ้านทุ่งแก สาขาบ้านแม่แอบ", "nameTh": "โรงเรียนบ้านทุ่งแก สาขาบ้านแม่แอบ", "nameEn": null, "cat": ["school"], "province": "cm", "slug": "1050131062", "rank": 3}}, {"type": "Feature", "geometry": {"type": "Point", "coordinates": [98.90873, 18.91505]}, "properties": {"id": "cm-obec-1050130428", "name": "โรงเรียนบ้านทุ่งโป่ง", "nameTh": "โรงเรียนบ้านทุ่งโป่ง", "nameEn": null, "cat": ["school"], "province": "cm", "slug": "1050130428", "rank": 3}}, {"type": "Feature", "geometry": {"type": "Point", "coordinates": [98.6464, 18.1297]}, "properties": {"id": "cm-obec-1050130835", "name": "โรงเรียนบ้านทุ่งโป่ง", "nameTh": "โรงเรียนบ้านทุ่งโป่ง", "nameEn": null, "cat": ["school"], "province": "cm", "slug": "1050130835", "rank": 3}}, {"type": "Feature", "geometry": {"type": "Point", "coordinates": [98.90854, 18.91508]}, "properties": {"id": "cm-osm-node-2556190425", "name": "โรงเรียนบ้านทุ่งโป่ง", "nameTh": "โรงเรียนบ้านทุ่งโป่ง", "nameEn": "Ban Thung Pong School", "cat": ["school"], "province": "cm", "slug": "ban-thung-pong-school-2556190425", "rank": 2}}, {"type": "Feature", "geometry": {"type": "Point", "coordinates": [98.61581, 18.20616]}, "properties": {"id": "cm-obec-1050130063", "name": "โรงเรียนบ้านท่าข้าม", "nameTh": "โรงเรียนบ้านท่าข้าม", "nameEn": null, "cat": ["school"], "province": "cm", "slug": "1050130063", "rank": 3}}, {"type": "Feature", "geometry": {"type": "Point", "coordinates": [99.19458, 19.42019]}, "properties": {"id": "cm-obec-1050130257", "name": "โรงเรียนบ้านท่ามะเกี๋ยง", "nameTh": "โรงเรียนบ้านท่ามะเกี๋ยง", "nameEn": null, "cat": ["school"], "province": "cm", "slug": "1050130257", "rank": 3}}, {"type": "Feature", "geometry": {"type": "Point", "coordinates": [98.69875, 18.39946]}, "properties": {"id": "cm-obec-1050130053", "name": "โรงเรียนบ้านท่าหลุก", "nameTh": "โรงเรียนบ้านท่าหลุก", "nameEn": null, "cat": ["school"], "province": "cm", "slug": "1050130053", "rank": 3}}, {"type": "Feature", "geometry": {"type": "Point", "coordinates": [98.99938, 18.82697]}, "properties": {"id": "cm-obec-1050130026", "name": "โรงเรียนบ้านท่าหลุกสันทราย", "nameTh": "โรงเรียนบ้านท่าหลุกสันทราย", "nameEn": null, "cat": ["school"], "province": "cm", "slug": "1050130026", "rank": 3}}, {"type": "Feature", "geometry": {"type": "Point", "coordinates": [99.02148, 18.86801]}, "properties": {"id": "cm-obec-1050130635", "name": "โรงเรียนบ้านท่าเกวียน", "nameTh": "โรงเรียนบ้านท่าเกวียน", "nameEn": null, "cat": ["school"], "province": "cm", "slug": "1050130635", "rank": 3}}, {"type": "Feature", "geometry": {"type": "Point", "coordinates": [98.93334, 18.70497]}, "properties": {"id": "cm-obec-1050130756", "name": "โรงเรียนบ้านท้าวบุญเรือง", "nameTh": "โรงเรียนบ้านท้าวบุญเรือง", "nameEn": null, "cat": ["school"], "province": "cm", "slug": "1050130756", "rank": 3}}, {"type": "Feature", "geometry": {"type": "Point", "coordinates": [98.26231, 18.75455]}, "properties": {"id": "cm-obec-1050130302", "name": "โรงเรียนบ้านนากลาง", "nameTh": "โรงเรียนบ้านนากลาง", "nameEn": null, "cat": ["school"], "province": "cm", "slug": "1050130302", "rank": 3}}, {"type": "Feature", "geometry": {"type": "Point", "coordinates": [98.21497, 18.74864]}, "properties": {"id": "cm-obec-1050130305", "name": "โรงเรียนบ้านนากลาง สาขาห้วยผักกูด", "nameTh": "โรงเรียนบ้านนากลาง สาขาห้วยผักกูด", "nameEn": null, "cat": ["school"], "province": "cm", "slug": "1050130305", "rank": 3}}, {"type": "Feature", "geometry": {"type": "Point", "coordinates": [98.6471, 19.00787]}, "properties": {"id": "cm-obec-1050130542", "name": "โรงเรียนบ้านนากู่", "nameTh": "โรงเรียนบ้านนากู่", "nameEn": null, "cat": ["school"], "province": "cm", "slug": "1050130542", "rank": 3}}, {"type": "Feature", "geometry": {"type": "Point", "coordinates": [98.548, 18.0691]}, "properties": {"id": "cm-obec-1050130831", "name": "โรงเรียนบ้านนาคอเรือ", "nameTh": "โรงเรียนบ้านนาคอเรือ", "nameEn": null, "cat": ["school"], "province": "cm", "slug": "1050130831", "rank": 2}}, {"type": "Feature", "geometry": {"type": "Point", "coordinates": [99.18105, 19.10943]}, "properties": {"id": "cm-osm-node-3485533209", "name": "โรงเรียนบ้านนาบุญ-โหล่งขอด", "nameTh": "โรงเรียนบ้านนาบุญ-โหล่งขอด", "nameEn": "์ีNabun - Longkhod School", "cat": ["school"], "province": "cm", "slug": "nabun-longkhod-school-3485533209", "rank": 2}}, {"type": "Feature", "geometry": {"type": "Point", "coordinates": [99.18142, 19.10912]}, "properties": {"id": "cm-obec-1050130269", "name": "โรงเรียนบ้านนาบุญโหล่งขอด", "nameTh": "โรงเรียนบ้านนาบุญโหล่งขอด", "nameEn": null, "cat": ["school"], "province": "cm", "slug": "1050130269", "rank": 3}}, {"type": "Feature", "geometry": {"type": "Point", "coordinates": [98.3606, 18.0885]}, "properties": {"id": "cm-obec-1050130809", "name": "โรงเรียนบ้านนาฟ่อน", "nameTh": "โรงเรียนบ้านนาฟ่อน", "nameEn": null, "cat": ["school"], "province": "cm", "slug": "1050130809", "rank": 3}}, {"type": "Feature", "geometry": {"type": "Point", "coordinates": [98.59316, 19.60622]}, "properties": {"id": "cm-obec-1050130871", "name": "โรงเรียนบ้านนามน", "nameTh": "โรงเรียนบ้านนามน", "nameEn": null, "cat": ["school"], "province": "cm", "slug": "1050130871", "rank": 3}}, {"type": "Feature", "geometry": {"type": "Point", "coordinates": [98.96053, 19.62899]}, "properties": {"id": "cm-obec-1050130104", "name": "โรงเรียนบ้านนาหวาย", "nameTh": "โรงเรียนบ้านนาหวาย", "nameEn": null, "cat": ["school"], "province": "cm", "slug": "1050130104", "rank": 3}}, {"type": "Feature", "geometry": {"type": "Point", "coordinates": [98.33883, 18.68151]}, "properties": {"id": "cm-obec-1050130303", "name": "โรงเรียนบ้านนาฮ่อง", "nameTh": "โรงเรียนบ้านนาฮ่อง", "nameEn": null, "cat": ["school"], "province": "cm", "slug": "1050130303", "rank": 3}}, {"type": "Feature", "geometry": {"type": "Point", "coordinates": [98.1535, 17.8058]}, "properties": {"id": "cm-obec-1050130791", "name": "โรงเรียนบ้านนาเกียน", "nameTh": "โรงเรียนบ้านนาเกียน", "nameEn": null, "cat": ["school"], "province": "cm", "slug": "1050130791", "rank": 3}}, {"type": "Feature", "geometry": {"type": "Point", "coordinates": [98.4816, 17.6086]}, "properties": {"id": "cm-obec-1050130789", "name": "โรงเรียนบ้านนาไคร้", "nameTh": "โรงเรียนบ้านนาไคร้", "nameEn": null, "cat": ["school"], "province": "cm", "slug": "1050130789", "rank": 2}}, {"type": "Feature", "geometry": {"type": "Point", "coordinates": [98.6634, 18.0272]}, "properties": {"id": "cm-obec-1050130852", "name": "โรงเรียนบ้านน้อยห้วยรินวิทยา", "nameTh": "โรงเรียนบ้านน้อยห้วยรินวิทยา", "nameEn": null, "cat": ["school"], "province": "cm", "slug": "1050130852", "rank": 3}}, {"type": "Feature", "geometry": {"type": "Point", "coordinates": [98.67445, 18.4888]}, "properties": {"id": "cm-obec-1050130038", "name": "โรงเรียนบ้านน้ำตกแม่กลาง", "nameTh": "โรงเรียนบ้านน้ำตกแม่กลาง", "nameEn": null, "cat": ["school"], "province": "cm", "slug": "1050130038", "rank": 3}}, {"type": "Feature", "geometry": {"type": "Point", "coordinates": [98.67426, 18.48878]}, "properties": {"id": "cm-osm-node-2685123872", "name": "โรงเรียนบ้านน้ำตกแม่กลาง", "nameTh": "โรงเรียนบ้านน้ำตกแม่กลาง", "nameEn": "Ban Namtok Mae Klang School", "cat": ["school"], "province": "cm", "slug": "ban-namtok-mae-klang-school-2685123872", "rank": 2}}, {"type": "Feature", "geometry": {"type": "Point", "coordinates": [98.94508, 18.98168]}, "properties": {"id": "cm-obec-1050130443", "name": "โรงเรียนบ้านน้ำริน", "nameTh": "โรงเรียนบ้านน้ำริน", "nameEn": null, "cat": ["school"], "province": "cm", "slug": "1050130443", "rank": 3}}, {"type": "Feature", "geometry": {"type": "Point", "coordinates": [98.94516, 18.98146]}, "properties": {"id": "cm-osm-node-2611259562", "name": "โรงเรียนบ้านน้ำริน", "nameTh": "โรงเรียนบ้านน้ำริน", "nameEn": "Ban Nam Rin School", "cat": ["school"], "province": "cm", "slug": "ban-nam-rin-school-2611259562", "rank": 2}}, {"type": "Feature", "geometry": {"type": "Point", "coordinates": [98.89392, 18.68769]}, "properties": {"id": "cm-obec-1050130732", "name": "โรงเรียนบ้านน้ำแพร่", "nameTh": "โรงเรียนบ้านน้ำแพร่", "nameEn": null, "cat": ["school"], "province": "cm", "slug": "1050130732", "rank": 3}}, {"type": "Feature", "geometry": {"type": "Point", "coordinates": [98.89385, 18.68678]}, "properties": {"id": "cm-osm-node-1583795844", "name": "โรงเรียนบ้านน้ำแพร่", "nameTh": "โรงเรียนบ้านน้ำแพร่", "nameEn": "Ban Nam Phrae School", "cat": ["school"], "province": "cm", "slug": "ban-nam-phrae-school-1583795844", "rank": 2}}, {"type": "Feature", "geometry": {"type": "Point", "coordinates": [98.6709, 18.0275]}, "properties": {"id": "cm-obec-1050130855", "name": "โรงเรียนบ้านบงตัน", "nameTh": "โรงเรียนบ้านบงตัน", "nameEn": null, "cat": ["school"], "province": "cm", "slug": "1050130855", "rank": 3}}, {"type": "Feature", "geometry": {"type": "Point", "coordinates": [98.49624, 18.30556]}, "properties": {"id": "cm-obec-1050130064", "name": "โรงเรียนบ้านบนนา", "nameTh": "โรงเรียนบ้านบนนา", "nameEn": null, "cat": ["school"], "province": "cm", "slug": "1050130064", "rank": 3}}, {"type": "Feature", "geometry": {"type": "Point", "coordinates": [99.12192, 18.72189]}, "properties": {"id": "cm-obec-1050130580", "name": "โรงเรียนบ้านบวกค้าง", "nameTh": "โรงเรียนบ้านบวกค้าง", "nameEn": null, "cat": ["school"], "province": "cm", "slug": "1050130580", "rank": 3}}, {"type": "Feature", "geometry": {"type": "Point", "coordinates": [98.79309, 18.8538]}, "properties": {"id": "cm-obec-1050130424", "name": "โรงเรียนบ้านบวกจั่น", "nameTh": "โรงเรียนบ้านบวกจั่น", "nameEn": null, "cat": ["school"], "province": "cm", "slug": "1050130424", "rank": 3}}, {"type": "Feature", "geometry": {"type": "Point", "coordinates": [98.92894, 19.09254]}, "properties": {"id": "cm-obec-1050130397", "name": "โรงเรียนบ้านบวกหมื้อ", "nameTh": "โรงเรียนบ้านบวกหมื้อ", "nameEn": null, "cat": ["school"], "province": "cm", "slug": "1050130397", "rank": 3}}, {"type": "Feature", "geometry": {"type": "Point", "coordinates": [99.09751, 18.87603]}, "properties": {"id": "cm-obec-1050130594", "name": "โรงเรียนบ้านบวกเปา", "nameTh": "โรงเรียนบ้านบวกเปา", "nameEn": null, "cat": ["school"], "province": "cm", "slug": "1050130594", "rank": 3}}, {"type": "Feature", "geometry": {"type": "Point", "coordinates": [99.09765, 18.87588]}, "properties": {"id": "cm-osm-node-4591411937", "name": "โรงเรียนบ้านบวกเปา", "nameTh": "โรงเรียนบ้านบวกเปา", "nameEn": "Ban Buak Pao School", "cat": ["school"], "province": "cm", "slug": "ban-buak-pao-school-4591411937", "rank": 2}}, {"type": "Feature", "geometry": {"type": "Point", "coordinates": [99.08547, 18.77165]}, "properties": {"id": "cm-osm-node-1967755821", "name": "โรงเรียนบ้านบ่อสร้าง", "nameTh": "โรงเรียนบ้านบ่อสร้าง", "nameEn": "Bo Sang School", "cat": ["school"], "province": "cm", "slug": "bo-sang-school-1967755821", "rank": 2}}, {"type": "Feature", "geometry": {"type": "Point", "coordinates": [99.08523, 18.7714]}, "properties": {"id": "cm-obec-1050130549", "name": "โรงเรียนบ้านบ่อสร้างนรากรประสาท", "nameTh": "โรงเรียนบ้านบ่อสร้างนรากรประสาท", "nameEn": null, "cat": ["school"], "province": "cm", "slug": "1050130549", "rank": 3}}, {"type": "Feature", "geometry": {"type": "Point", "coordinates": [98.225, 18.1018]}, "properties": {"id": "cm-obec-1050130802", "name": "โรงเรียนบ้านบ่อสลี", "nameTh": "โรงเรียนบ้านบ่อสลี", "nameEn": null, "cat": ["school"], "province": "cm", "slug": "1050130802", "rank": 3}}, {"type": "Feature", "geometry": {"type": "Point", "coordinates": [98.3544, 18.1525]}, "properties": {"id": "cm-obec-1050130806", "name": "โรงเรียนบ้านบ่อหลวง", "nameTh": "โรงเรียนบ้านบ่อหลวง", "nameEn": null, "cat": ["school"], "province": "cm", "slug": "1050130806", "rank": 3}}, {"type": "Feature", "geometry": {"type": "Point", "coordinates": [99.08108, 18.8471]}, "properties": {"id": "cm-obec-1050130139", "name": "โรงเรียนบ้านบ่อหิน", "nameTh": "โรงเรียนบ้านบ่อหิน", "nameEn": null, "cat": ["school"], "province": "cm", "slug": "1050130139", "rank": 3}}, {"type": "Feature", "geometry": {"type": "Point", "coordinates": [99.08111, 18.84668]}, "properties": {"id": "cm-osm-way-746282578", "name": "โรงเรียนบ้านบ่อหิน", "nameTh": "โรงเรียนบ้านบ่อหิน", "nameEn": "Ban Bo Hin School", "cat": ["school"], "province": "cm", "slug": "ban-bo-hin-school-746282578", "rank": 2}}, {"type": "Feature", "geometry": {"type": "Point", "coordinates": [98.5713, 18.82826]}, "properties": {"id": "cm-obec-1050130531", "name": "โรงเรียนบ้านบ่อแก้ว", "nameTh": "โรงเรียนบ้านบ่อแก้ว", "nameEn": null, "cat": ["school"], "province": "cm", "slug": "1050130531", "rank": 2}}, {"type": "Feature", "geometry": {"type": "Point", "coordinates": [98.88854, 18.75218]}, "properties": {"id": "cm-obec-1050130746", "name": "โรงเรียนบ้านปง", "nameTh": "โรงเรียนบ้านปง", "nameEn": null, "cat": ["school"], "province": "cm", "slug": "1050130746", "rank": 3}}, {"type": "Feature", "geometry": {"type": "Point", "coordinates": [98.88847, 18.75158]}, "properties": {"id": "cm-osm-node-2549262152", "name": "โรงเรียนบ้านปง", "nameTh": "โรงเรียนบ้านปง", "nameEn": "Ban Pong School", "cat": ["school"], "province": "cm", "slug": "ban-pong-school-2549262152", "rank": 2}}, {"type": "Feature", "geometry": {"type": "Point", "coordinates": [98.97891, 19.14798]}, "properties": {"id": "cm-obec-1050130354", "name": "โรงเรียนบ้านปง(อินทขิลวิทยาคาร)", "nameTh": "โรงเรียนบ้านปง(อินทขิลวิทยาคาร)", "nameEn": null, "cat": ["school"], "province": "cm", "slug": "1050130354", "rank": 2}}, {"type": "Feature", "geometry": {"type": "Point", "coordinates": [99.14661, 19.74872]}, "properties": {"id": "cm-obec-1050130889", "name": "โรงเรียนบ้านปงตำ", "nameTh": "โรงเรียนบ้านปงตำ", "nameEn": null, "cat": ["school"], "province": "cm", "slug": "1050130889", "rank": 3}}, {"type": "Feature", "geometry": {"type": "Point", "coordinates": [99.1291, 18.78076]}, "properties": {"id": "cm-obec-1050130574", "name": "โรงเรียนบ้านปงป่าเอื้อง", "nameTh": "โรงเรียนบ้านปงป่าเอื้อง", "nameEn": null, "cat": ["school"], "province": "cm", "slug": "1050130574", "rank": 3}}, {"type": "Feature", "geometry": {"type": "Point", "coordinates": [99.12938, 18.7805]}, "properties": {"id": "cm-osm-way-106049227", "name": "โรงเรียนบ้านปงป่าเอื้อง", "nameTh": "โรงเรียนบ้านปงป่าเอื้อง", "nameEn": null, "cat": ["school"], "province": "cm", "slug": "106049227", "rank": 1}}, {"type": "Feature", "geometry": {"type": "Point", "coordinates": [99.1218, 19.73507]}, "properties": {"id": "cm-obec-1050130898", "name": "โรงเรียนบ้านปงวิทยาสรรค์", "nameTh": "โรงเรียนบ้านปงวิทยาสรรค์", "nameEn": null, "cat": ["school"], "province": "cm", "slug": "1050130898", "rank": 3}}, {"type": "Feature", "geometry": {"type": "Point", "coordinates": [98.74599, 18.44987]}, "properties": {"id": "cm-obec-1050130042", "name": "โรงเรียนบ้านปากทางท่าลี่", "nameTh": "โรงเรียนบ้านปากทางท่าลี่", "nameEn": null, "cat": ["school"], "province": "cm", "slug": "1050130042", "rank": 3}}, {"type": "Feature", "geometry": {"type": "Point", "coordinates": [98.74622, 18.45022]}, "properties": {"id": "cm-osm-node-2685168412", "name": "โรงเรียนบ้านปากทางท่าลี้", "nameTh": "โรงเรียนบ้านปากทางท่าลี้", "nameEn": "Ban Pak Thang Tha Li School", "cat": ["school"], "province": "cm", "slug": "ban-pak-thang-tha-li-school-2685168412", "rank": 2}}, {"type": "Feature", "geometry": {"type": "Point", "coordinates": [98.98963, 18.68233]}, "properties": {"id": "cm-obec-1050130703", "name": "โรงเรียนบ้านปากเหมือง", "nameTh": "โรงเรียนบ้านปากเหมือง", "nameEn": null, "cat": ["school"], "province": "cm", "slug": "1050130703", "rank": 3}}, {"type": "Feature", "geometry": {"type": "Point", "coordinates": [98.98969, 18.68261]}, "properties": {"id": "cm-osm-way-762148643", "name": "โรงเรียนบ้านปากเหมือง", "nameTh": "โรงเรียนบ้านปากเหมือง", "nameEn": "Ban Pak Mueang School", "cat": ["school"], "province": "cm", "slug": "ban-pak-mueang-school-762148643", "rank": 2}}, {"type": "Feature", "geometry": {"type": "Point", "coordinates": [98.95346, 19.18044]}, "properties": {"id": "cm-obec-1050130360", "name": "โรงเรียนบ้านปางกว้าง", "nameTh": "โรงเรียนบ้านปางกว้าง", "nameEn": null, "cat": ["school"], "province": "cm", "slug": "1050130360", "rank": 3}}, {"type": "Feature", "geometry": {"type": "Point", "coordinates": [98.65315, 19.04177]}, "properties": {"id": "cm-obec-1050130543", "name": "โรงเรียนบ้านปางขุม", "nameTh": "โรงเรียนบ้านปางขุม", "nameEn": null, "cat": ["school"], "province": "cm", "slug": "1050130543", "rank": 3}}, {"type": "Feature", "geometry": {"type": "Point", "coordinates": [99.28636, 20.08788]}, "properties": {"id": "cm-obec-1050130503", "name": "โรงเรียนบ้านปางต้นเดื่อ", "nameTh": "โรงเรียนบ้านปางต้นเดื่อ", "nameEn": null, "cat": ["school"], "province": "cm", "slug": "1050130503", "rank": 3}}, {"type": "Feature", "geometry": {"type": "Point", "coordinates": [99.33539, 19.0405]}, "properties": {"id": "cm-osm-node-2123189191", "name": "โรงเรียนบ้านปางน้ำกุ", "nameTh": "โรงเรียนบ้านปางน้ำกุ", "nameEn": "Ban Pang Nam Ku School", "cat": ["school"], "province": "cm", "slug": "ban-pang-nam-ku-school-2123189191", "rank": 2}}, {"type": "Feature", "geometry": {"type": "Point", "coordinates": [99.33623, 19.04297]}, "properties": {"id": "cm-obec-1050130140", "name": "โรงเรียนบ้านปางน้ำถุ", "nameTh": "โรงเรียนบ้านปางน้ำถุ", "nameEn": null, "cat": ["school"], "province": "cm", "slug": "1050130140", "rank": 3}}, {"type": "Feature", "geometry": {"type": "Point", "coordinates": [99.30125, 19.80177]}, "properties": {"id": "cm-obec-1050130228", "name": "โรงเรียนบ้านปางปอย", "nameTh": "โรงเรียนบ้านปางปอย", "nameEn": null, "cat": ["school"], "province": "cm", "slug": "1050130228", "rank": 3}}, {"type": "Feature", "geometry": {"type": "Point", "coordinates": [98.62436, 19.60759]}, "properties": {"id": "cm-obec-1050130878", "name": "โรงเรียนบ้านปางป๋อ", "nameTh": "โรงเรียนบ้านปางป๋อ", "nameEn": null, "cat": ["school"], "province": "cm", "slug": "1050130878", "rank": 3}}, {"type": "Feature", "geometry": {"type": "Point", "coordinates": [99.07787, 19.42991]}, "properties": {"id": "cm-obec-1050130120", "name": "โรงเรียนบ้านปางมะเยา", "nameTh": "โรงเรียนบ้านปางมะเยา", "nameEn": null, "cat": ["school"], "province": "cm", "slug": "1050130120", "rank": 3}}, {"type": "Feature", "geometry": {"type": "Point", "coordinates": [99.02571, 19.44268]}, "properties": {"id": "cm-osm-node-4361739793", "name": "โรงเรียนบ้านปางมะเยา", "nameTh": "โรงเรียนบ้านปางมะเยา", "nameEn": "Ban Pang Ma Yao School", "cat": ["school"], "province": "cm", "slug": "ban-pang-ma-yao-school-4361739793", "rank": 2}}, {"type": "Feature", "geometry": {"type": "Point", "coordinates": [99.07743, 19.43015]}, "properties": {"id": "cm-osm-node-4606588694", "name": "โรงเรียนบ้านปางมะเยา", "nameTh": "โรงเรียนบ้านปางมะเยา", "nameEn": "Ban Pang Ma Yao School", "cat": ["school"], "province": "cm", "slug": "ban-pang-ma-yao-school-4606588694", "rank": 2}}, {"type": "Feature", "geometry": {"type": "Point", "coordinates": [99.17262, 19.84381]}, "properties": {"id": "cm-obec-1050130184", "name": "โรงเรียนบ้านปางสัก", "nameTh": "โรงเรียนบ้านปางสัก", "nameEn": null, "cat": ["school"], "province": "cm", "slug": "1050130184", "rank": 3}}, {"type": "Feature", "geometry": {"type": "Point", "coordinates": [98.22352, 18.48644]}, "properties": {"id": "cm-obec-1050130307", "name": "โรงเรียนบ้านปางหินฝน", "nameTh": "โรงเรียนบ้านปางหินฝน", "nameEn": null, "cat": ["school"], "province": "cm", "slug": "1050130307", "rank": 3}}, {"type": "Feature", "geometry": {"type": "Point", "coordinates": [98.92022, 19.26038]}, "properties": {"id": "cm-obec-1050130359", "name": "โรงเรียนบ้านปางห้วยตาด", "nameTh": "โรงเรียนบ้านปางห้วยตาด", "nameEn": null, "cat": ["school"], "province": "cm", "slug": "1050130359", "rank": 3}}, {"type": "Feature", "geometry": {"type": "Point", "coordinates": [98.11209, 18.79831]}, "properties": {"id": "cm-obec-1050130325", "name": "โรงเรียนบ้านปางอุ๋ง", "nameTh": "โรงเรียนบ้านปางอุ๋ง", "nameEn": null, "cat": ["school"], "province": "cm", "slug": "1050130325", "rank": 3}}, {"type": "Feature", "geometry": {"type": "Point", "coordinates": [98.12359, 18.7267]}, "properties": {"id": "cm-obec-1050130331", "name": "โรงเรียนบ้านปางอุ๋ง สาขาแม่สะต๊อบ", "nameTh": "โรงเรียนบ้านปางอุ๋ง สาขาแม่สะต๊อบ", "nameEn": null, "cat": ["school"], "province": "cm", "slug": "1050130331", "rank": 2}}, {"type": "Feature", "geometry": {"type": "Point", "coordinates": [98.83315, 19.10655]}, "properties": {"id": "cm-obec-1050130385", "name": "โรงเรียนบ้านปางฮ่าง", "nameTh": "โรงเรียนบ้านปางฮ่าง", "nameEn": null, "cat": ["school"], "province": "cm", "slug": "1050130385", "rank": 3}}, {"type": "Feature", "geometry": {"type": "Point", "coordinates": [98.15159, 18.79118]}, "properties": {"id": "cm-obec-1050130332", "name": "โรงเรียนบ้านปางเกี๊ยะ", "nameTh": "โรงเรียนบ้านปางเกี๊ยะ", "nameEn": null, "cat": ["school"], "province": "cm", "slug": "1050130332", "rank": 3}}, {"type": "Feature", "geometry": {"type": "Point", "coordinates": [99.0179, 19.48246]}, "properties": {"id": "cm-obec-1050130118", "name": "โรงเรียนบ้านปางเฟือง", "nameTh": "โรงเรียนบ้านปางเฟือง", "nameEn": null, "cat": ["school"], "province": "cm", "slug": "1050130118", "rank": 3}}, {"type": "Feature", "geometry": {"type": "Point", "coordinates": [99.01759, 19.48286]}, "properties": {"id": "cm-osm-node-6522598187", "name": "โรงเรียนบ้านปางเฟือง", "nameTh": "โรงเรียนบ้านปางเฟือง", "nameEn": "Ban Pang Fueang school", "cat": ["school"], "province": "cm", "slug": "ban-pang-fueang-school-6522598187", "rank": 2}}, {"type": "Feature", "geometry": {"type": "Point", "coordinates": [99.02531, 19.34759]}, "properties": {"id": "cm-obec-1050130103", "name": "โรงเรียนบ้านปางแดง", "nameTh": "โรงเรียนบ้านปางแดง", "nameEn": null, "cat": ["school"], "province": "cm", "slug": "1050130103", "rank": 3}}, {"type": "Feature", "geometry": {"type": "Point", "coordinates": [99.27832, 18.99836]}, "properties": {"id": "cm-obec-1050130147", "name": "โรงเรียนบ้านปางแดง", "nameTh": "โรงเรียนบ้านปางแดง", "nameEn": null, "cat": ["school"], "province": "cm", "slug": "1050130147", "rank": 2}}, {"type": "Feature", "geometry": {"type": "Point", "coordinates": [99.27838, 18.99825]}, "properties": {"id": "cm-osm-node-3260111376", "name": "โรงเรียนบ้านปางแดง", "nameTh": "โรงเรียนบ้านปางแดง", "nameEn": "บ้านปางแดง Ban Pang Daeng School", "cat": ["school"], "province": "cm", "slug": "ban-pang-daeng-school-3260111376", "rank": 2}}, {"type": "Feature", "geometry": {"type": "Point", "coordinates": [98.86709, 19.14314]}, "properties": {"id": "cm-osm-way-760756793", "name": "โรงเรียนบ้านปางใม้แคง", "nameTh": "โรงเรียนบ้านปางใม้แคง", "nameEn": "Ban Pang Mai Khaeng School", "cat": ["school"], "province": "cm", "slug": "ban-pang-mai-khaeng-school-760756793", "rank": 2}}, {"type": "Feature", "geometry": {"type": "Point", "coordinates": [98.86687, 19.14275]}, "properties": {"id": "cm-obec-1050130408", "name": "โรงเรียนบ้านปางไม้แดง", "nameTh": "โรงเรียนบ้านปางไม้แดง", "nameEn": null, "cat": ["school"], "province": "cm", "slug": "1050130408", "rank": 3}}, {"type": "Feature", "geometry": {"type": "Point", "coordinates": [98.82289, 18.95783]}, "properties": {"id": "cm-obec-1050130431", "name": "โรงเรียนบ้านปางไฮ", "nameTh": "โรงเรียนบ้านปางไฮ", "nameEn": null, "cat": ["school"], "province": "cm", "slug": "1050130431", "rank": 2}}, {"type": "Feature", "geometry": {"type": "Point", "coordinates": [99.09752, 18.87591]}, "properties": {"id": "cm-obec-1050130593", "name": "โรงเรียนบ้านป่าก้าง", "nameTh": "โรงเรียนบ้านป่าก้าง", "nameEn": null, "cat": ["school"], "province": "cm", "slug": "1050130593", "rank": 3}}, {"type": "Feature", "geometry": {"type": "Point", "coordinates": [99.3067, 19.91557]}, "properties": {"id": "cm-obec-1050130495", "name": "โรงเรียนบ้านป่าก๊อ", "nameTh": "โรงเรียนบ้านป่าก๊อ", "nameEn": null, "cat": ["school"], "province": "cm", "slug": "1050130495", "rank": 3}}, {"type": "Feature", "geometry": {"type": "Point", "coordinates": [99.05618, 18.8157]}, "properties": {"id": "cm-obec-1050130134", "name": "โรงเรียนบ้านป่าขุย", "nameTh": "โรงเรียนบ้านป่าขุย", "nameEn": null, "cat": ["school"], "province": "cm", "slug": "1050130134", "rank": 2}}, {"type": "Feature", "geometry": {"type": "Point", "coordinates": [99.12568, 18.82867]}, "properties": {"id": "cm-obec-1050130170", "name": "โรงเรียนบ้านป่างิ้ว", "nameTh": "โรงเรียนบ้านป่างิ้ว", "nameEn": null, "cat": ["school"], "province": "cm", "slug": "1050130170", "rank": 3}}, {"type": "Feature", "geometry": {"type": "Point", "coordinates": [99.17053, 19.73432]}, "properties": {"id": "cm-obec-1050130906", "name": "โรงเรียนบ้านป่างิ้ว", "nameTh": "โรงเรียนบ้านป่างิ้ว", "nameEn": null, "cat": ["school"], "province": "cm", "slug": "1050130906", "rank": 2}}, {"type": "Feature", "geometry": {"type": "Point", "coordinates": [98.95684, 18.72556]}, "properties": {"id": "cm-obec-1050130760", "name": "โรงเรียนบ้านป่าตาล", "nameTh": "โรงเรียนบ้านป่าตาล", "nameEn": null, "cat": ["school"], "province": "cm", "slug": "1050130760", "rank": 3}}, {"type": "Feature", "geometry": {"type": "Point", "coordinates": [98.95673, 18.72536]}, "properties": {"id": "cm-osm-way-693588919", "name": "โรงเรียนบ้านป่าตาล", "nameTh": "โรงเรียนบ้านป่าตาล", "nameEn": "Banpatan School", "cat": ["school"], "province": "cm", "slug": "banpatan-school-693588919", "rank": 2}}, {"type": "Feature", "geometry": {"type": "Point", "coordinates": [98.9433, 18.94478]}, "properties": {"id": "cm-obec-1050130464", "name": "โรงเรียนบ้านป่าติ้ว", "nameTh": "โรงเรียนบ้านป่าติ้ว", "nameEn": null, "cat": ["school"], "province": "cm", "slug": "1050130464", "rank": 3}}, {"type": "Feature", "geometry": {"type": "Point", "coordinates": [98.94397, 18.94479]}, "properties": {"id": "cm-osm-way-761170505", "name": "โรงเรียนบ้านป่าติ้ว (สันโป่งประชานุเคราะห์)", "nameTh": "โรงเรียนบ้านป่าติ้ว (สันโป่งประชานุเคราะห์)", "nameEn": "Ban Pa Tio School", "cat": ["school"], "province": "cm", "slug": "ban-pa-tio-school-761170505", "rank": 2}}, {"type": "Feature", "geometry": {"type": "Point", "coordinates": [99.21052, 19.35102]}, "properties": {"id": "cm-obec-1050130238", "name": "โรงเรียนบ้านป่าตุ้ม", "nameTh": "โรงเรียนบ้านป่าตุ้ม", "nameEn": null, "cat": ["school"], "province": "cm", "slug": "1050130238", "rank": 3}}, {"type": "Feature", "geometry": {"type": "Point", "coordinates": [98.95537, 19.33606]}, "properties": {"id": "cm-obec-1050130084", "name": "โรงเรียนบ้านป่าบง", "nameTh": "โรงเรียนบ้านป่าบง", "nameEn": null, "cat": ["school"], "province": "cm", "slug": "1050130084", "rank": 3}}, {"type": "Feature", "geometry": {"type": "Point", "coordinates": [99.17222, 19.932]}, "properties": {"id": "cm-obec-1050130204", "name": "โรงเรียนบ้านป่าบง", "nameTh": "โรงเรียนบ้านป่าบง", "nameEn": null, "cat": ["school"], "province": "cm", "slug": "1050130204", "rank": 3}}, {"type": "Feature", "geometry": {"type": "Point", "coordinates": [98.98985, 18.9296]}, "properties": {"id": "cm-obec-1050130621", "name": "โรงเรียนบ้านป่าบง", "nameTh": "โรงเรียนบ้านป่าบง", "nameEn": null, "cat": ["school"], "province": "cm", "slug": "1050130621", "rank": 3}}, {"type": "Feature", "geometry": {"type": "Point", "coordinates": [98.98964, 18.92929]}, "properties": {"id": "cm-osm-node-2615662417", "name": "โรงเรียนบ้านป่าบง", "nameTh": "โรงเรียนบ้านป่าบง", "nameEn": "Ban Pa Bong School", "cat": ["school"], "province": "cm", "slug": "ban-pa-bong-school-2615662417", "rank": 2}}, {"type": "Feature", "geometry": {"type": "Point", "coordinates": [99.12912, 18.84002]}, "properties": {"id": "cm-obec-1050130168", "name": "โรงเรียนบ้านป่าป้อง", "nameTh": "โรงเรียนบ้านป่าป้อง", "nameEn": null, "cat": ["school"], "province": "cm", "slug": "1050130168", "rank": 3}}, {"type": "Feature", "geometry": {"type": "Point", "coordinates": [99.12954, 18.83995]}, "properties": {"id": "cm-osm-node-4495350453", "name": "โรงเรียนบ้านป่าป้อง", "nameTh": "โรงเรียนบ้านป่าป้อง", "nameEn": "Ban Pa Pong School", "cat": ["school"], "province": "cm", "slug": "ban-pa-pong-school-4495350453", "rank": 2}}, {"type": "Feature", "geometry": {"type": "Point", "coordinates": [98.75599, 18.93035]}, "properties": {"id": "cm-obec-1050130527", "name": "โรงเรียนบ้านป่าลาน", "nameTh": "โรงเรียนบ้านป่าลาน", "nameEn": null, "cat": ["school"], "province": "cm", "slug": "1050130527", "rank": 3}}, {"type": "Feature", "geometry": {"type": "Point", "coordinates": [99.1251, 18.98706]}, "properties": {"id": "cm-obec-1050130150", "name": "โรงเรียนบ้านป่าสักงาม", "nameTh": "โรงเรียนบ้านป่าสักงาม", "nameEn": null, "cat": ["school"], "province": "cm", "slug": "1050130150", "rank": 3}}, {"type": "Feature", "geometry": {"type": "Point", "coordinates": [99.1542, 19.3846]}, "properties": {"id": "cm-osm-way-661628898", "name": "โรงเรียนบ้านป่าอิ้น", "nameTh": "โรงเรียนบ้านป่าอิ้น", "nameEn": "Ban Pa In School", "cat": ["school"], "province": "cm", "slug": "ban-pa-in-school-661628898", "rank": 2}}, {"type": "Feature", "geometry": {"type": "Point", "coordinates": [99.09177, 18.80149]}, "properties": {"id": "cm-osm-node-1083277697", "name": "โรงเรียนบ้านป่าเมือด", "nameTh": "โรงเรียนบ้านป่าเมือด", "nameEn": "Ban Pa Mueat School", "cat": ["school"], "province": "cm", "slug": "ban-pa-mueat-school-1083277697", "rank": 2}}, {"type": "Feature", "geometry": {"type": "Point", "coordinates": [99.07884, 18.80756]}, "properties": {"id": "cm-obec-1050130138", "name": "โรงเรียนบ้านป่าเสร้า", "nameTh": "โรงเรียนบ้านป่าเสร้า", "nameEn": null, "cat": ["school"], "province": "cm", "slug": "1050130138", "rank": 3}}, {"type": "Feature", "geometry": {"type": "Point", "coordinates": [99.09206, 18.80123]}, "properties": {"id": "cm-obec-1050130165", "name": "โรงเรียนบ้านป่าเหมือด", "nameTh": "โรงเรียนบ้านป่าเหมือด", "nameEn": null, "cat": ["school"], "province": "cm", "slug": "1050130165", "rank": 3}}, {"type": "Feature", "geometry": {"type": "Point", "coordinates": [99.05199, 18.87465]}, "properties": {"id": "cm-obec-1050130599", "name": "โรงเรียนบ้านป่าเหมือด", "nameTh": "โรงเรียนบ้านป่าเหมือด", "nameEn": null, "cat": ["school"], "province": "cm", "slug": "1050130599", "rank": 3}}, {"type": "Feature", "geometry": {"type": "Point", "coordinates": [99.05228, 18.87443]}, "properties": {"id": "cm-osm-node-2682568735", "name": "โรงเรียนบ้านป่าเหมือด", "nameTh": "โรงเรียนบ้านป่าเหมือด", "nameEn": "Ban Pa Mueat School", "cat": ["school"], "province": "cm", "slug": "ban-pa-mueat-school-2682568735", "rank": 2}}, {"type": "Feature", "geometry": {"type": "Point", "coordinates": [99.2903, 19.905]}, "properties": {"id": "cm-obec-1050130496", "name": "โรงเรียนบ้านป่าแดง", "nameTh": "โรงเรียนบ้านป่าแดง", "nameEn": null, "cat": ["school"], "province": "cm", "slug": "1050130496", "rank": 3}}, {"type": "Feature", "geometry": {"type": "Point", "coordinates": [99.15623, 18.83637]}, "properties": {"id": "cm-obec-1050130167", "name": "โรงเรียนบ้านป่าไม้แดง", "nameTh": "โรงเรียนบ้านป่าไม้แดง", "nameEn": null, "cat": ["school"], "province": "cm", "slug": "1050130167", "rank": 3}}, {"type": "Feature", "geometry": {"type": "Point", "coordinates": [99.19864, 19.41966]}, "properties": {"id": "cm-obec-1050130239", "name": "โรงเรียนบ้านป่าไหน่", "nameTh": "โรงเรียนบ้านป่าไหน่", "nameEn": null, "cat": ["school"], "province": "cm", "slug": "1050130239", "rank": 3}}, {"type": "Feature", "geometry": {"type": "Point", "coordinates": [98.6993, 17.9316]}, "properties": {"id": "cm-obec-1050130841", "name": "โรงเรียนบ้านผาจุก", "nameTh": "โรงเรียนบ้านผาจุก", "nameEn": null, "cat": ["school"], "province": "cm", "slug": "1050130841", "rank": 3}}, {"type": "Feature", "geometry": {"type": "Point", "coordinates": [98.40962, 18.49995]}, "properties": {"id": "cm-obec-1050130283", "name": "โรงเรียนบ้านผานัง", "nameTh": "โรงเรียนบ้านผานัง", "nameEn": null, "cat": ["school"], "province": "cm", "slug": "1050130283", "rank": 2}}, {"type": "Feature", "geometry": {"type": "Point", "coordinates": [98.41006, 18.50033]}, "properties": {"id": "cm-osm-node-2627028042", "name": "โรงเรียนบ้านผานัง", "nameTh": "โรงเรียนบ้านผานัง", "nameEn": "Ban Pha Nang School", "cat": ["school"], "province": "cm", "slug": "ban-pha-nang-school-2627028042", "rank": 2}}, {"type": "Feature", "geometry": {"type": "Point", "coordinates": [98.2894, 17.8761]}, "properties": {"id": "cm-obec-1050130774", "name": "โรงเรียนบ้านผาปูน", "nameTh": "โรงเรียนบ้านผาปูน", "nameEn": null, "cat": ["school"], "province": "cm", "slug": "1050130774", "rank": 3}}, {"type": "Feature", "geometry": {"type": "Point", "coordinates": [98.23033, 18.80277]}, "properties": {"id": "cm-obec-1050130324", "name": "โรงเรียนบ้านผาละปิ", "nameTh": "โรงเรียนบ้านผาละปิ", "nameEn": null, "cat": ["school"], "province": "cm", "slug": "1050130324", "rank": 3}}, {"type": "Feature", "geometry": {"type": "Point", "coordinates": [98.81019, 19.14583]}, "properties": {"id": "cm-obec-1050130388", "name": "โรงเรียนบ้านผาหมอน", "nameTh": "โรงเรียนบ้านผาหมอน", "nameEn": null, "cat": ["school"], "province": "cm", "slug": "1050130388", "rank": 2}}, {"type": "Feature", "geometry": {"type": "Point", "coordinates": [99.01316, 19.76211]}, "properties": {"id": "cm-obec-1050130901", "name": "โรงเรียนบ้านผาแดง", "nameTh": "โรงเรียนบ้านผาแดง", "nameEn": null, "cat": ["school"], "province": "cm", "slug": "1050130901", "rank": 3}}, {"type": "Feature", "geometry": {"type": "Point", "coordinates": [98.6214, 18.1426]}, "properties": {"id": "cm-obec-1050130829", "name": "โรงเรียนบ้านผาแตน", "nameTh": "โรงเรียนบ้านผาแตน", "nameEn": null, "cat": ["school"], "province": "cm", "slug": "1050130829", "rank": 3}}, {"type": "Feature", "geometry": {"type": "Point", "coordinates": [98.1415, 17.9097]}, "properties": {"id": "cm-obec-1050130982", "name": "โรงเรียนบ้านผีปานเหนือ", "nameTh": "โรงเรียนบ้านผีปานเหนือ", "nameEn": null, "cat": ["school"], "province": "cm", "slug": "1050130982", "rank": 3}}, {"type": "Feature", "geometry": {"type": "Point", "coordinates": [99.0168, 19.1121]}, "properties": {"id": "cm-obec-1050130374", "name": "โรงเรียนบ้านผึ้ง", "nameTh": "โรงเรียนบ้านผึ้ง", "nameEn": null, "cat": ["school"], "province": "cm", "slug": "1050130374", "rank": 3}}, {"type": "Feature", "geometry": {"type": "Point", "coordinates": [99.0174, 19.11172]}, "properties": {"id": "cm-osm-node-2614063794", "name": "โรงเรียนบ้านผึ้ง", "nameTh": "โรงเรียนบ้านผึ้ง", "nameEn": "Ban Phueng School", "cat": ["school"], "province": "cm", "slug": "ban-phueng-school-2614063794", "rank": 2}}, {"type": "Feature", "geometry": {"type": "Point", "coordinates": [98.97409, 18.84233]}, "properties": {"id": "cm-obec-1050130451", "name": "โรงเรียนบ้านพระนอน", "nameTh": "โรงเรียนบ้านพระนอน", "nameEn": null, "cat": ["school"], "province": "cm", "slug": "1050130451", "rank": 3}}, {"type": "Feature", "geometry": {"type": "Point", "coordinates": [98.97406, 18.84234]}, "properties": {"id": "cm-osm-way-746946025", "name": "โรงเรียนบ้านพระนอน", "nameTh": "โรงเรียนบ้านพระนอน", "nameEn": "Ban Phra Non School", "cat": ["school"], "province": "cm", "slug": "ban-phra-non-school-746946025", "rank": 2}}, {"type": "Feature", "geometry": {"type": "Point", "coordinates": [98.79614, 18.58989]}, "properties": {"id": "cm-obec-1050130919", "name": "โรงเรียนบ้านพันตน", "nameTh": "โรงเรียนบ้านพันตน", "nameEn": null, "cat": ["school"], "province": "cm", "slug": "1050130919", "rank": 3}}, {"type": "Feature", "geometry": {"type": "Point", "coordinates": [98.796, 18.58971]}, "properties": {"id": "cm-osm-node-3322326721", "name": "โรงเรียนบ้านพันตน", "nameTh": "โรงเรียนบ้านพันตน", "nameEn": "Ban Phan Ton School", "cat": ["school"], "province": "cm", "slug": "ban-phan-ton-school-3322326721", "rank": 2}}, {"type": "Feature", "geometry": {"type": "Point", "coordinates": [98.30008, 18.03906]}, "properties": {"id": "cm-obec-1050130814", "name": "โรงเรียนบ้านพุย", "nameTh": "โรงเรียนบ้านพุย", "nameEn": null, "cat": ["school"], "province": "cm", "slug": "1050130814", "rank": 3}}, {"type": "Feature", "geometry": {"type": "Point", "coordinates": [98.24523, 18.52773]}, "properties": {"id": "cm-obec-1050130316", "name": "โรงเรียนบ้านพุย สาขาพุยใต้", "nameTh": "โรงเรียนบ้านพุย สาขาพุยใต้", "nameEn": null, "cat": ["school"], "province": "cm", "slug": "1050130316", "rank": 3}}, {"type": "Feature", "geometry": {"type": "Point", "coordinates": [98.91122, 18.72673]}, "properties": {"id": "cm-obec-1050130752", "name": "โรงเรียนบ้านฟ่อน", "nameTh": "โรงเรียนบ้านฟ่อน", "nameEn": null, "cat": ["school"], "province": "cm", "slug": "1050130752", "rank": 3}}, {"type": "Feature", "geometry": {"type": "Point", "coordinates": [98.91085, 18.72646]}, "properties": {"id": "cm-osm-way-764322512", "name": "โรงเรียนบ้านฟ่อน", "nameTh": "โรงเรียนบ้านฟ่อน", "nameEn": "Ban Fon School", "cat": ["school"], "province": "cm", "slug": "ban-fon-school-764322512", "rank": 2}}, {"type": "Feature", "geometry": {"type": "Point", "coordinates": [99.04635, 18.79644]}, "properties": {"id": "cm-obec-1050130552", "name": "โรงเรียนบ้านมอญ", "nameTh": "โรงเรียนบ้านมอญ", "nameEn": null, "cat": ["school"], "province": "cm", "slug": "1050130552", "rank": 2}}, {"type": "Feature", "geometry": {"type": "Point", "coordinates": [98.5234, 17.5714]}, "properties": {"id": "cm-obec-1050130788", "name": "โรงเรียนบ้านมูเซอ", "nameTh": "โรงเรียนบ้านมูเซอ", "nameEn": null, "cat": ["school"], "province": "cm", "slug": "1050130788", "rank": 2}}, {"type": "Feature", "geometry": {"type": "Point", "coordinates": [99.11011, 19.94016]}, "properties": {"id": "cm-obec-1050130208", "name": "โรงเรียนบ้านม่วงชุม", "nameTh": "โรงเรียนบ้านม่วงชุม", "nameEn": null, "cat": ["school"], "province": "cm", "slug": "1050130208", "rank": 3}}, {"type": "Feature", "geometry": {"type": "Point", "coordinates": [99.11009, 19.94044]}, "properties": {"id": "cm-obec-1050130210", "name": "โรงเรียนบ้านม่วงชุม สาขาบ้านสวนชา", "nameTh": "โรงเรียนบ้านม่วงชุม สาขาบ้านสวนชา", "nameEn": null, "cat": ["school"], "province": "cm", "slug": "1050130210", "rank": 3}}, {"type": "Feature", "geometry": {"type": "Point", "coordinates": [98.6291, 19.62883]}, "properties": {"id": "cm-obec-1050130877", "name": "โรงเรียนบ้านม่วงป็อก", "nameTh": "โรงเรียนบ้านม่วงป็อก", "nameEn": null, "cat": ["school"], "province": "cm", "slug": "1050130877", "rank": 3}}, {"type": "Feature", "geometry": {"type": "Point", "coordinates": [98.90242, 18.57277]}, "properties": {"id": "cm-obec-1050130643", "name": "โรงเรียนบ้านม่วงพี่น้อง", "nameTh": "โรงเรียนบ้านม่วงพี่น้อง", "nameEn": null, "cat": ["school"], "province": "cm", "slug": "1050130643", "rank": 3}}, {"type": "Feature", "geometry": {"type": "Point", "coordinates": [99.14165, 18.7987]}, "properties": {"id": "cm-osm-node-3412084423", "name": "โรงเรียนบ้านม่วงโตน", "nameTh": "โรงเรียนบ้านม่วงโตน", "nameEn": "Ban Muang Ton School", "cat": ["school"], "province": "cm", "slug": "ban-muang-ton-school-3412084423", "rank": 2}}, {"type": "Feature", "geometry": {"type": "Point", "coordinates": [99.16804, 19.91313]}, "properties": {"id": "cm-obec-1050130200", "name": "โรงเรียนบ้านม่อนปิ่น", "nameTh": "โรงเรียนบ้านม่อนปิ่น", "nameEn": null, "cat": ["school"], "province": "cm", "slug": "1050130200", "rank": 3}}, {"type": "Feature", "geometry": {"type": "Point", "coordinates": [99.10026, 19.79625]}, "properties": {"id": "cm-obec-1050130193", "name": "โรงเรียนบ้านยาง", "nameTh": "โรงเรียนบ้านยาง", "nameEn": null, "cat": ["school"], "province": "cm", "slug": "1050130193", "rank": 3}}, {"type": "Feature", "geometry": {"type": "Point", "coordinates": [98.4643, 17.7943]}, "properties": {"id": "cm-obec-1050130787", "name": "โรงเรียนบ้านยางครก", "nameTh": "โรงเรียนบ้านยางครก", "nameEn": null, "cat": ["school"], "province": "cm", "slug": "1050130787", "rank": 3}}, {"type": "Feature", "geometry": {"type": "Point", "coordinates": [98.32, 17.824]}, "properties": {"id": "cm-obec-1050130773", "name": "โรงเรียนบ้านยางเปา", "nameTh": "โรงเรียนบ้านยางเปา", "nameEn": null, "cat": ["school"], "province": "cm", "slug": "1050130773", "rank": 2}}, {"type": "Feature", "geometry": {"type": "Point", "coordinates": [98.4909, 17.7772]}, "properties": {"id": "cm-obec-1050130786", "name": "โรงเรียนบ้านยางเปียง", "nameTh": "โรงเรียนบ้านยางเปียง", "nameEn": null, "cat": ["school"], "province": "cm", "slug": "1050130786", "rank": 3}}, {"type": "Feature", "geometry": {"type": "Point", "coordinates": [98.4137, 17.8584]}, "properties": {"id": "cm-obec-1050130781", "name": "โรงเรียนบ้านยางแก้ว", "nameTh": "โรงเรียนบ้านยางแก้ว", "nameEn": null, "cat": ["school"], "province": "cm", "slug": "1050130781", "rank": 3}}, {"type": "Feature", "geometry": {"type": "Point", "coordinates": [98.95929, 19.68188]}, "properties": {"id": "cm-obec-1050130132", "name": "โรงเรียนบ้านรินหลวง", "nameTh": "โรงเรียนบ้านรินหลวง", "nameEn": null, "cat": ["school"], "province": "cm", "slug": "1050130132", "rank": 3}}, {"type": "Feature", "geometry": {"type": "Point", "coordinates": [98.9457, 18.91045]}, "properties": {"id": "cm-obec-1050130447", "name": "โรงเรียนบ้านริมใต้", "nameTh": "โรงเรียนบ้านริมใต้", "nameEn": null, "cat": ["school"], "province": "cm", "slug": "1050130447", "rank": 3}}, {"type": "Feature", "geometry": {"type": "Point", "coordinates": [98.946, 18.9106]}, "properties": {"id": "cm-osm-way-1456802864", "name": "โรงเรียนบ้านริมใต้", "nameTh": "โรงเรียนบ้านริมใต้", "nameEn": "Ban Rim Tai School", "cat": ["school"], "province": "cm", "slug": "ban-rim-tai-school-1456802864", "rank": 2}}, {"type": "Feature", "geometry": {"type": "Point", "coordinates": [98.96785, 19.03735]}, "properties": {"id": "cm-obec-1050130611", "name": "โรงเรียนบ้านร่มหลวง", "nameTh": "โรงเรียนบ้านร่มหลวง", "nameEn": null, "cat": ["school"], "province": "cm", "slug": "1050130611", "rank": 3}}, {"type": "Feature", "geometry": {"type": "Point", "coordinates": [98.9681, 19.03743]}, "properties": {"id": "cm-osm-node-2614077031", "name": "โรงเรียนบ้านร่มหลวง", "nameTh": "โรงเรียนบ้านร่มหลวง", "nameEn": "Ban Rom Luang School", "cat": ["school"], "province": "cm", "slug": "ban-rom-luang-school-2614077031", "rank": 2}}, {"type": "Feature", "geometry": {"type": "Point", "coordinates": [98.92031, 18.57794]}, "properties": {"id": "cm-obec-1050130640", "name": "โรงเรียนบ้านร่องน้ำ", "nameTh": "โรงเรียนบ้านร่องน้ำ", "nameEn": null, "cat": ["school"], "province": "cm", "slug": "1050130640", "rank": 3}}, {"type": "Feature", "geometry": {"type": "Point", "coordinates": [98.9203, 18.57842]}, "properties": {"id": "cm-osm-node-2007760317", "name": "โรงเรียนบ้านร่องนํ้า", "nameTh": "โรงเรียนบ้านร่องนํ้า", "nameEn": null, "cat": ["school"], "province": "cm", "slug": "2007760317", "rank": 1}}, {"type": "Feature", "geometry": {"type": "Point", "coordinates": [99.1086, 18.86643]}, "properties": {"id": "cm-obec-1050130158", "name": "โรงเรียนบ้านร้องขี้เหล็ก", "nameTh": "โรงเรียนบ้านร้องขี้เหล็ก", "nameEn": null, "cat": ["school"], "province": "cm", "slug": "1050130158", "rank": 3}}, {"type": "Feature", "geometry": {"type": "Point", "coordinates": [99.10833, 18.8664]}, "properties": {"id": "cm-osm-node-4633498146", "name": "โรงเรียนบ้านร้องขี้เหล็ก", "nameTh": "โรงเรียนบ้านร้องขี้เหล็ก", "nameEn": "Ban Rong Khilek School", "cat": ["school"], "province": "cm", "slug": "ban-rong-khilek-school-4633498146", "rank": 2}}, {"type": "Feature", "geometry": {"type": "Point", "coordinates": [99.12335, 18.87869]}, "properties": {"id": "cm-obec-1050130152", "name": "โรงเรียนบ้านลวงเหนือ", "nameTh": "โรงเรียนบ้านลวงเหนือ", "nameEn": null, "cat": ["school"], "province": "cm", "slug": "1050130152", "rank": 3}}, {"type": "Feature", "geometry": {"type": "Point", "coordinates": [99.10183, 19.96721]}, "properties": {"id": "cm-obec-1050130209", "name": "โรงเรียนบ้านลาน", "nameTh": "โรงเรียนบ้านลาน", "nameEn": null, "cat": ["school"], "province": "cm", "slug": "1050130209", "rank": 3}}, {"type": "Feature", "geometry": {"type": "Point", "coordinates": [98.61173, 18.18483]}, "properties": {"id": "cm-obec-1050130807", "name": "โรงเรียนบ้านวังกอง", "nameTh": "โรงเรียนบ้านวังกอง", "nameEn": null, "cat": ["school"], "province": "cm", "slug": "1050130807", "rank": 3}}, {"type": "Feature", "geometry": {"type": "Point", "coordinates": [98.64355, 18.29491]}, "properties": {"id": "cm-obec-1050130070", "name": "โรงเรียนบ้านวังน้ำหยาด", "nameTh": "โรงเรียนบ้านวังน้ำหยาด", "nameEn": null, "cat": ["school"], "province": "cm", "slug": "1050130070", "rank": 3}}, {"type": "Feature", "geometry": {"type": "Point", "coordinates": [98.72833, 19.37764]}, "properties": {"id": "cm-obec-1050130124", "name": "โรงเรียนบ้านวังมะริว", "nameTh": "โรงเรียนบ้านวังมะริว", "nameEn": null, "cat": ["school"], "province": "cm", "slug": "1050130124", "rank": 3}}, {"type": "Feature", "geometry": {"type": "Point", "coordinates": [98.72433, 19.37676]}, "properties": {"id": "cm-osm-way-343395589", "name": "โรงเรียนบ้านวังมะริว", "nameTh": "โรงเรียนบ้านวังมะริว", "nameEn": "Wangmariew School", "cat": ["school"], "province": "cm", "slug": "wangmariew-school-343395589", "rank": 2}}, {"type": "Feature", "geometry": {"type": "Point", "coordinates": [98.6111, 18.1772]}, "properties": {"id": "cm-obec-1050130822", "name": "โรงเรียนบ้านวังลุง", "nameTh": "โรงเรียนบ้านวังลุง", "nameEn": null, "cat": ["school"], "province": "cm", "slug": "1050130822", "rank": 3}}, {"type": "Feature", "geometry": {"type": "Point", "coordinates": [98.61077, 18.17737]}, "properties": {"id": "cm-osm-way-431830406", "name": "โรงเรียนบ้านวังลุง", "nameTh": "โรงเรียนบ้านวังลุง", "nameEn": "Ban Wang Lung School", "cat": ["school"], "province": "cm", "slug": "ban-wang-lung-school-431830406", "rank": 2}}, {"type": "Feature", "geometry": {"type": "Point", "coordinates": [98.98583, 18.69144]}, "properties": {"id": "cm-obec-1050130737", "name": "โรงเรียนบ้านวังศรี", "nameTh": "โรงเรียนบ้านวังศรี", "nameEn": null, "cat": ["school"], "province": "cm", "slug": "1050130737", "rank": 3}}, {"type": "Feature", "geometry": {"type": "Point", "coordinates": [98.6201, 18.0619]}, "properties": {"id": "cm-obec-1050130849", "name": "โรงเรียนบ้านวังหม้อ", "nameTh": "โรงเรียนบ้านวังหม้อ", "nameEn": null, "cat": ["school"], "province": "cm", "slug": "1050130849", "rank": 3}}, {"type": "Feature", "geometry": {"type": "Point", "coordinates": [98.6896, 17.984]}, "properties": {"id": "cm-obec-1050130844", "name": "โรงเรียนบ้านวังหลวง", "nameTh": "โรงเรียนบ้านวังหลวง", "nameEn": null, "cat": ["school"], "province": "cm", "slug": "1050130844", "rank": 2}}, {"type": "Feature", "geometry": {"type": "Point", "coordinates": [98.96656, 19.02769]}, "properties": {"id": "cm-obec-1050130612", "name": "โรงเรียนบ้านศรีงาม", "nameTh": "โรงเรียนบ้านศรีงาม", "nameEn": null, "cat": ["school"], "province": "cm", "slug": "1050130612", "rank": 2}}, {"type": "Feature", "geometry": {"type": "Point", "coordinates": [99.20355, 19.92388]}, "properties": {"id": "cm-obec-1050130232", "name": "โรงเรียนบ้านศรีดอนชัย", "nameTh": "โรงเรียนบ้านศรีดอนชัย", "nameEn": null, "cat": ["school"], "province": "cm", "slug": "1050130232", "rank": 3}}, {"type": "Feature", "geometry": {"type": "Point", "coordinates": [99.04024, 18.90006]}, "properties": {"id": "cm-obec-1050130601", "name": "โรงเรียนบ้านศรีบุญเรือง", "nameTh": "โรงเรียนบ้านศรีบุญเรือง", "nameEn": null, "cat": ["school"], "province": "cm", "slug": "1050130601", "rank": 3}}, {"type": "Feature", "geometry": {"type": "Point", "coordinates": [98.95655, 19.30712]}, "properties": {"id": "cm-obec-1050130087", "name": "โรงเรียนบ้านสบคาบ", "nameTh": "โรงเรียนบ้านสบคาบ", "nameEn": null, "cat": ["school"], "province": "cm", "slug": "1050130087", "rank": 3}}, {"type": "Feature", "geometry": {"type": "Point", "coordinates": [98.4071, 17.6054]}, "properties": {"id": "cm-obec-1050130775", "name": "โรงเรียนบ้านสบลาน", "nameTh": "โรงเรียนบ้านสบลาน", "nameEn": null, "cat": ["school"], "province": "cm", "slug": "1050130775", "rank": 3}}, {"type": "Feature", "geometry": {"type": "Point", "coordinates": [98.38433, 18.62477]}, "properties": {"id": "cm-obec-1050130301", "name": "โรงเรียนบ้านสบวาก", "nameTh": "โรงเรียนบ้านสบวาก", "nameEn": null, "cat": ["school"], "province": "cm", "slug": "1050130301", "rank": 3}}, {"type": "Feature", "geometry": {"type": "Point", "coordinates": [98.6799, 18.39667]}, "properties": {"id": "cm-obec-1050130051", "name": "โรงเรียนบ้านสบเตี๊ยะ", "nameTh": "โรงเรียนบ้านสบเตี๊ยะ", "nameEn": null, "cat": ["school"], "province": "cm", "slug": "1050130051", "rank": 3}}, {"type": "Feature", "geometry": {"type": "Point", "coordinates": [98.6458, 18.19938]}, "properties": {"id": "cm-obec-1050130066", "name": "โรงเรียนบ้านสบแจ่มฝั่งซ้าย", "nameTh": "โรงเรียนบ้านสบแจ่มฝั่งซ้าย", "nameEn": null, "cat": ["school"], "province": "cm", "slug": "1050130066", "rank": 3}}, {"type": "Feature", "geometry": {"type": "Point", "coordinates": [98.63488, 18.25631]}, "properties": {"id": "cm-obec-1050130076", "name": "โรงเรียนบ้านสบแปะ", "nameTh": "โรงเรียนบ้านสบแปะ", "nameEn": null, "cat": ["school"], "province": "cm", "slug": "1050130076", "rank": 3}}, {"type": "Feature", "geometry": {"type": "Point", "coordinates": [98.32277, 18.8964]}, "properties": {"id": "cm-obec-1050130328", "name": "โรงเรียนบ้านสบแม่รวม", "nameTh": "โรงเรียนบ้านสบแม่รวม", "nameEn": null, "cat": ["school"], "province": "cm", "slug": "1050130328", "rank": 2}}, {"type": "Feature", "geometry": {"type": "Point", "coordinates": [98.29885, 18.46658]}, "properties": {"id": "cm-obec-1050130306", "name": "โรงเรียนบ้านสองธาร", "nameTh": "โรงเรียนบ้านสองธาร", "nameEn": null, "cat": ["school"], "province": "cm", "slug": "1050130306", "rank": 3}}, {"type": "Feature", "geometry": {"type": "Point", "coordinates": [98.88472, 19.01535]}, "properties": {"id": "cm-obec-1050130459", "name": "โรงเรียนบ้านสะลวงนอก", "nameTh": "โรงเรียนบ้านสะลวงนอก", "nameEn": null, "cat": ["school"], "province": "cm", "slug": "1050130459", "rank": 3}}, {"type": "Feature", "geometry": {"type": "Point", "coordinates": [99.21152, 19.4247]}, "properties": {"id": "cm-obec-1050130242", "name": "โรงเรียนบ้านสันกลาง", "nameTh": "โรงเรียนบ้านสันกลาง", "nameEn": null, "cat": ["school"], "province": "cm", "slug": "1050130242", "rank": 3}}, {"type": "Feature", "geometry": {"type": "Point", "coordinates": [99.11695, 18.74558]}, "properties": {"id": "cm-obec-1050130556", "name": "โรงเรียนบ้านสันกำแพง", "nameTh": "โรงเรียนบ้านสันกำแพง", "nameEn": null, "cat": ["school"], "province": "cm", "slug": "1050130556", "rank": 3}}, {"type": "Feature", "geometry": {"type": "Point", "coordinates": [99.11695, 18.74605]}, "properties": {"id": "cm-osm-node-2634287828", "name": "โรงเรียนบ้านสันกำแพง", "nameTh": "โรงเรียนบ้านสันกำแพง", "nameEn": "Ban San Kamphaeng School", "cat": ["school"], "province": "cm", "slug": "ban-san-kamphaeng-school-2634287828", "rank": 2}}, {"type": "Feature", "geometry": {"type": "Point", "coordinates": [98.94392, 19.00468]}, "properties": {"id": "cm-obec-1050130442", "name": "โรงเรียนบ้านสันคะยอม", "nameTh": "โรงเรียนบ้านสันคะยอม", "nameEn": null, "cat": ["school"], "province": "cm", "slug": "1050130442", "rank": 3}}, {"type": "Feature", "geometry": {"type": "Point", "coordinates": [98.94404, 19.00448]}, "properties": {"id": "cm-osm-node-2611266589", "name": "โรงเรียนบ้านสันคะยอม", "nameTh": "โรงเรียนบ้านสันคะยอม", "nameEn": "Ban San Kha Yom School", "cat": ["school"], "province": "cm", "slug": "ban-san-kha-yom-school-2611266589", "rank": 2}}, {"type": "Feature", "geometry": {"type": "Point", "coordinates": [98.61173, 18.18483]}, "properties": {"id": "cm-obec-1050130866", "name": "โรงเรียนบ้านสันติสุข", "nameTh": "โรงเรียนบ้านสันติสุข", "nameEn": null, "cat": ["school"], "province": "cm", "slug": "1050130866", "rank": 3}}, {"type": "Feature", "geometry": {"type": "Point", "coordinates": [99.21276, 19.87698]}, "properties": {"id": "cm-obec-1050130215", "name": "โรงเรียนบ้านสันต้นดู่", "nameTh": "โรงเรียนบ้านสันต้นดู่", "nameEn": null, "cat": ["school"], "province": "cm", "slug": "1050130215", "rank": 3}}, {"type": "Feature", "geometry": {"type": "Point", "coordinates": [99.09971, 18.81607]}, "properties": {"id": "cm-obec-1050130164", "name": "โรงเรียนบ้านสันต้นม่วงเหนือ", "nameTh": "โรงเรียนบ้านสันต้นม่วงเหนือ", "nameEn": null, "cat": ["school"], "province": "cm", "slug": "1050130164", "rank": 3}}, {"type": "Feature", "geometry": {"type": "Point", "coordinates": [99.10012, 18.81627]}, "properties": {"id": "cm-osm-way-185567000", "name": "โรงเรียนบ้านสันต้นม่วงเหนือ", "nameTh": "โรงเรียนบ้านสันต้นม่วงเหนือ", "nameEn": "Ban San Ton Muang Nuea School", "cat": ["school"], "province": "cm", "slug": "ban-san-ton-muang-nuea-school-185567000", "rank": 2}}, {"type": "Feature", "geometry": {"type": "Point", "coordinates": [99.26041, 19.95527]}, "properties": {"id": "cm-obec-1050130493", "name": "โรงเรียนบ้านสันต้นหมื้อ", "nameTh": "โรงเรียนบ้านสันต้นหมื้อ", "nameEn": null, "cat": ["school"], "province": "cm", "slug": "1050130493", "rank": 3}}, {"type": "Feature", "geometry": {"type": "Point", "coordinates": [99.15549, 19.76942]}, "properties": {"id": "cm-obec-1050130222", "name": "โรงเรียนบ้านสันต้นเปา", "nameTh": "โรงเรียนบ้านสันต้นเปา", "nameEn": null, "cat": ["school"], "province": "cm", "slug": "1050130222", "rank": 3}}, {"type": "Feature", "geometry": {"type": "Point", "coordinates": [99.13459, 18.89409]}, "properties": {"id": "cm-obec-1050130153", "name": "โรงเรียนบ้านสันทราย", "nameTh": "โรงเรียนบ้านสันทราย", "nameEn": null, "cat": ["school"], "province": "cm", "slug": "1050130153", "rank": 3}}, {"type": "Feature", "geometry": {"type": "Point", "coordinates": [99.1941, 19.88328]}, "properties": {"id": "cm-obec-1050130213", "name": "โรงเรียนบ้านสันทราย", "nameTh": "โรงเรียนบ้านสันทราย", "nameEn": null, "cat": ["school"], "province": "cm", "slug": "1050130213", "rank": 3}}, {"type": "Feature", "geometry": {"type": "Point", "coordinates": [98.96232, 18.63892]}, "properties": {"id": "cm-obec-1050130709", "name": "โรงเรียนบ้านสันทราย", "nameTh": "โรงเรียนบ้านสันทราย", "nameEn": null, "cat": ["school"], "province": "cm", "slug": "1050130709", "rank": 3}}, {"type": "Feature", "geometry": {"type": "Point", "coordinates": [98.93385, 18.68582]}, "properties": {"id": "cm-obec-1050130742", "name": "โรงเรียนบ้านสันทราย", "nameTh": "โรงเรียนบ้านสันทราย", "nameEn": null, "cat": ["school"], "province": "cm", "slug": "1050130742", "rank": 3}}, {"type": "Feature", "geometry": {"type": "Point", "coordinates": [99.13443, 18.89439]}, "properties": {"id": "cm-osm-node-2604702210", "name": "โรงเรียนบ้านสันทราย", "nameTh": "โรงเรียนบ้านสันทราย", "nameEn": "Rongrian Ban San Sai", "cat": ["school"], "province": "cm", "slug": "rongrian-ban-san-sai-2604702210", "rank": 2}}, {"type": "Feature", "geometry": {"type": "Point", "coordinates": [99.23011, 19.89773]}, "properties": {"id": "cm-obec-1050130179", "name": "โรงเรียนบ้านสันทรายคองน้อย", "nameTh": "โรงเรียนบ้านสันทรายคองน้อย", "nameEn": null, "cat": ["school"], "province": "cm", "slug": "1050130179", "rank": 3}}, {"type": "Feature", "geometry": {"type": "Point", "coordinates": [99.19146, 19.41188]}, "properties": {"id": "cm-obec-1050130258", "name": "โรงเรียนบ้านสันปง", "nameTh": "โรงเรียนบ้านสันปง", "nameEn": null, "cat": ["school"], "province": "cm", "slug": "1050130258", "rank": 3}}, {"type": "Feature", "geometry": {"type": "Point", "coordinates": [99.27339, 19.93978]}, "properties": {"id": "cm-obec-1050130491", "name": "โรงเรียนบ้านสันปอธง", "nameTh": "โรงเรียนบ้านสันปอธง", "nameEn": null, "cat": ["school"], "province": "cm", "slug": "1050130491", "rank": 2}}, {"type": "Feature", "geometry": {"type": "Point", "coordinates": [99.22924, 19.96918]}, "properties": {"id": "cm-obec-1050130516", "name": "โรงเรียนบ้านสันป่าข่า", "nameTh": "โรงเรียนบ้านสันป่าข่า", "nameEn": null, "cat": ["school"], "province": "cm", "slug": "1050130516", "rank": 2}}, {"type": "Feature", "geometry": {"type": "Point", "coordinates": [98.93859, 18.71517]}, "properties": {"id": "cm-obec-1050130754", "name": "โรงเรียนบ้านสันป่าสัก", "nameTh": "โรงเรียนบ้านสันป่าสัก", "nameEn": null, "cat": ["school"], "province": "cm", "slug": "1050130754", "rank": 3}}, {"type": "Feature", "geometry": {"type": "Point", "coordinates": [98.81881, 19.3307]}, "properties": {"id": "cm-obec-1050130092", "name": "โรงเรียนบ้านสันป่าเกี๊ยะ", "nameTh": "โรงเรียนบ้านสันป่าเกี๊ยะ", "nameEn": null, "cat": ["school"], "province": "cm", "slug": "1050130092", "rank": 2}}, {"type": "Feature", "geometry": {"type": "Point", "coordinates": [99.31855, 20.03803]}, "properties": {"id": "cm-obec-1050130504", "name": "โรงเรียนบ้านสันป่าเหียว", "nameTh": "โรงเรียนบ้านสันป่าเหียว", "nameEn": null, "cat": ["school"], "province": "cm", "slug": "1050130504", "rank": 3}}, {"type": "Feature", "geometry": {"type": "Point", "coordinates": [99.14098, 19.84478]}, "properties": {"id": "cm-obec-1050130189", "name": "โรงเรียนบ้านสันป่าแดง", "nameTh": "โรงเรียนบ้านสันป่าแดง", "nameEn": null, "cat": ["school"], "province": "cm", "slug": "1050130189", "rank": 3}}, {"type": "Feature", "geometry": {"type": "Point", "coordinates": [98.94933, 18.70891]}, "properties": {"id": "cm-obec-1050130757", "name": "โรงเรียนบ้านสันผักหวาน", "nameTh": "โรงเรียนบ้านสันผักหวาน", "nameEn": null, "cat": ["school"], "province": "cm", "slug": "1050130757", "rank": 3}}, {"type": "Feature", "geometry": {"type": "Point", "coordinates": [98.94982, 18.70875]}, "properties": {"id": "cm-osm-way-145082494", "name": "โรงเรียนบ้านสันผักหวาน", "nameTh": "โรงเรียนบ้านสันผักหวาน", "nameEn": "Ban San Phak Wan School", "cat": ["school"], "province": "cm", "slug": "ban-san-phak-wan-school-145082494", "rank": 2}}, {"type": "Feature", "geometry": {"type": "Point", "coordinates": [99.04507, 18.80486]}, "properties": {"id": "cm-obec-1050130589", "name": "โรงเรียนบ้านสันพระเนตร", "nameTh": "โรงเรียนบ้านสันพระเนตร", "nameEn": null, "cat": ["school"], "province": "cm", "slug": "1050130589", "rank": 3}}, {"type": "Feature", "geometry": {"type": "Point", "coordinates": [99.04507, 18.80492]}, "properties": {"id": "cm-osm-way-199769535", "name": "โรงเรียนบ้านสันพระเนตร", "nameTh": "โรงเรียนบ้านสันพระเนตร", "nameEn": null, "cat": ["school"], "province": "cm", "slug": "199769535", "rank": 1}}, {"type": "Feature", "geometry": {"type": "Point", "coordinates": [99.14767, 19.78126]}, "properties": {"id": "cm-obec-1050130218", "name": "โรงเรียนบ้านสันม่วง", "nameTh": "โรงเรียนบ้านสันม่วง", "nameEn": null, "cat": ["school"], "province": "cm", "slug": "1050130218", "rank": 3}}, {"type": "Feature", "geometry": {"type": "Point", "coordinates": [99.04427, 18.82004]}, "properties": {"id": "cm-obec-1050130587", "name": "โรงเรียนบ้านสันศรี", "nameTh": "โรงเรียนบ้านสันศรี", "nameEn": null, "cat": ["school"], "province": "cm", "slug": "1050130587", "rank": 3}}, {"type": "Feature", "geometry": {"type": "Point", "coordinates": [99.04415, 18.82032]}, "properties": {"id": "cm-osm-way-1217979238", "name": "โรงเรียนบ้านสันศรี", "nameTh": "โรงเรียนบ้านสันศรี", "nameEn": "Ban San Si School", "cat": ["school"], "province": "cm", "slug": "ban-san-si-school-1217979238", "rank": 2}}, {"type": "Feature", "geometry": {"type": "Point", "coordinates": [98.41414, 18.5086]}, "properties": {"id": "cm-obec-1050130282", "name": "โรงเรียนบ้านสามสบ", "nameTh": "โรงเรียนบ้านสามสบ", "nameEn": null, "cat": ["school"], "province": "cm", "slug": "1050130282", "rank": 3}}, {"type": "Feature", "geometry": {"type": "Point", "coordinates": [98.84538, 18.51584]}, "properties": {"id": "cm-obec-1050130971", "name": "โรงเรียนบ้านสามหลัง", "nameTh": "โรงเรียนบ้านสามหลัง", "nameEn": null, "cat": ["school"], "province": "cm", "slug": "1050130971", "rank": 3}}, {"type": "Feature", "geometry": {"type": "Point", "coordinates": [98.84466, 18.51661]}, "properties": {"id": "cm-osm-node-2684763786", "name": "โรงเรียนบ้านสามหลัง", "nameTh": "โรงเรียนบ้านสามหลัง", "nameEn": "Ban Sam Lang School", "cat": ["school"], "province": "cm", "slug": "ban-sam-lang-school-2684763786", "rank": 2}}, {"type": "Feature", "geometry": {"type": "Point", "coordinates": [99.03829, 19.72286]}, "properties": {"id": "cm-obec-1050130900", "name": "โรงเรียนบ้านสินชัย", "nameTh": "โรงเรียนบ้านสินชัย", "nameEn": null, "cat": ["school"], "province": "cm", "slug": "1050130900", "rank": 3}}, {"type": "Feature", "geometry": {"type": "Point", "coordinates": [99.53132, 20.09586]}, "properties": {"id": "cm-obec-1050130475", "name": "โรงเรียนบ้านสุขฤทัย", "nameTh": "โรงเรียนบ้านสุขฤทัย", "nameEn": null, "cat": ["school"], "province": "cm", "slug": "1050130475", "rank": 2}}, {"type": "Feature", "geometry": {"type": "Point", "coordinates": [99.13841, 19.80641]}, "properties": {"id": "cm-obec-1050130196", "name": "โรงเรียนบ้านหนองขวาง", "nameTh": "โรงเรียนบ้านหนองขวาง", "nameEn": null, "cat": ["school"], "province": "cm", "slug": "1050130196", "rank": 3}}, {"type": "Feature", "geometry": {"type": "Point", "coordinates": [99.37559, 20.02211]}, "properties": {"id": "cm-obec-1050130479", "name": "โรงเรียนบ้านหนองขี้นกยาง", "nameTh": "โรงเรียนบ้านหนองขี้นกยาง", "nameEn": null, "cat": ["school"], "province": "cm", "slug": "1050130479", "rank": 3}}, {"type": "Feature", "geometry": {"type": "Point", "coordinates": [98.63789, 18.27802]}, "properties": {"id": "cm-obec-1050130073", "name": "โรงเรียนบ้านหนองคัน", "nameTh": "โรงเรียนบ้านหนองคัน", "nameEn": null, "cat": ["school"], "province": "cm", "slug": "1050130073", "rank": 3}}, {"type": "Feature", "geometry": {"type": "Point", "coordinates": [99.23374, 19.9433]}, "properties": {"id": "cm-obec-1050130231", "name": "โรงเรียนบ้านหนองตุ้ม", "nameTh": "โรงเรียนบ้านหนองตุ้ม", "nameEn": null, "cat": ["school"], "province": "cm", "slug": "1050130231", "rank": 3}}, {"type": "Feature", "geometry": {"type": "Point", "coordinates": [98.71044, 19.37445]}, "properties": {"id": "cm-obec-1050130125", "name": "โรงเรียนบ้านหนองบัว", "nameTh": "โรงเรียนบ้านหนองบัว", "nameEn": null, "cat": ["school"], "province": "cm", "slug": "1050130125", "rank": 2}}, {"type": "Feature", "geometry": {"type": "Point", "coordinates": [98.91847, 18.95876]}, "properties": {"id": "cm-obec-1050130454", "name": "โรงเรียนบ้านหนองปลามัน", "nameTh": "โรงเรียนบ้านหนองปลามัน", "nameEn": null, "cat": ["school"], "province": "cm", "slug": "1050130454", "rank": 3}}, {"type": "Feature", "geometry": {"type": "Point", "coordinates": [99.16411, 19.42613]}, "properties": {"id": "cm-obec-1050130256", "name": "โรงเรียนบ้านหนองปิด", "nameTh": "โรงเรียนบ้านหนองปิด", "nameEn": null, "cat": ["school"], "province": "cm", "slug": "1050130256", "rank": 2}}, {"type": "Feature", "geometry": {"type": "Point", "coordinates": [98.95309, 19.07572]}, "properties": {"id": "cm-obec-1050130609", "name": "โรงเรียนบ้านหนองมะจับ", "nameTh": "โรงเรียนบ้านหนองมะจับ", "nameEn": null, "cat": ["school"], "province": "cm", "slug": "1050130609", "rank": 3}}, {"type": "Feature", "geometry": {"type": "Point", "coordinates": [99.17652, 19.86063]}, "properties": {"id": "cm-obec-1050130187", "name": "โรงเรียนบ้านหนองยาว", "nameTh": "โรงเรียนบ้านหนองยาว", "nameEn": null, "cat": ["school"], "province": "cm", "slug": "1050130187", "rank": 3}}, {"type": "Feature", "geometry": {"type": "Point", "coordinates": [98.98345, 18.9505]}, "properties": {"id": "cm-osm-node-2615661945", "name": "โรงเรียนบ้านหนองหาร", "nameTh": "โรงเรียนบ้านหนองหาร", "nameEn": "Ban Nong Han School", "cat": ["school"], "province": "cm", "slug": "ban-nong-han-school-2615661945", "rank": 2}}, {"type": "Feature", "geometry": {"type": "Point", "coordinates": [98.98387, 18.95071]}, "properties": {"id": "cm-obec-1050130626", "name": "โรงเรียนบ้านหนองหาร (ทิพวันอุทิศ)", "nameTh": "โรงเรียนบ้านหนองหาร (ทิพวันอุทิศ)", "nameEn": null, "cat": ["school"], "province": "cm", "slug": "1050130626", "rank": 3}}, {"type": "Feature", "geometry": {"type": "Point", "coordinates": [98.95339, 19.715]}, "properties": {"id": "cm-obec-1050130130", "name": "โรงเรียนบ้านหนองเขียว", "nameTh": "โรงเรียนบ้านหนองเขียว", "nameEn": null, "cat": ["school"], "province": "cm", "slug": "1050130130", "rank": 2}}, {"type": "Feature", "geometry": {"type": "Point", "coordinates": [99.2659, 19.9978]}, "properties": {"id": "cm-obec-1050130511", "name": "โรงเรียนบ้านหนองเต็ง", "nameTh": "โรงเรียนบ้านหนองเต็ง", "nameEn": null, "cat": ["school"], "province": "cm", "slug": "1050130511", "rank": 2}}, {"type": "Feature", "geometry": {"type": "Point", "coordinates": [98.55097, 18.68109]}, "properties": {"id": "cm-obec-1050130924", "name": "โรงเรียนบ้านหนองเต่า", "nameTh": "โรงเรียนบ้านหนองเต่า", "nameEn": null, "cat": ["school"], "province": "cm", "slug": "1050130924", "rank": 2}}, {"type": "Feature", "geometry": {"type": "Point", "coordinates": [99.07607, 18.76679]}, "properties": {"id": "cm-obec-1050130548", "name": "โรงเรียนบ้านหนองโค้ง", "nameTh": "โรงเรียนบ้านหนองโค้ง", "nameEn": null, "cat": ["school"], "province": "cm", "slug": "1050130548", "rank": 3}}, {"type": "Feature", "geometry": {"type": "Point", "coordinates": [99.07413, 18.76672]}, "properties": {"id": "cm-osm-way-1372241478", "name": "โรงเรียนบ้านหนองโค้ง", "nameTh": "โรงเรียนบ้านหนองโค้ง", "nameEn": "Nong Khong School", "cat": ["school"], "province": "cm", "slug": "nong-khong-school-1372241478", "rank": 2}}, {"type": "Feature", "geometry": {"type": "Point", "coordinates": [99.02148, 18.84791]}, "properties": {"id": "cm-obec-1050130637", "name": "โรงเรียนบ้านหนองไคร้", "nameTh": "โรงเรียนบ้านหนองไคร้", "nameEn": null, "cat": ["school"], "province": "cm", "slug": "1050130637", "rank": 3}}, {"type": "Feature", "geometry": {"type": "Point", "coordinates": [99.02152, 18.84798]}, "properties": {"id": "cm-osm-way-761142333", "name": "โรงเรียนบ้านหนองไคร้", "nameTh": "โรงเรียนบ้านหนองไคร้", "nameEn": "Baan Nongkrai School", "cat": ["school"], "province": "cm", "slug": "baan-nongkrai-school-761142333", "rank": 2}}, {"type": "Feature", "geometry": {"type": "Point", "coordinates": [99.17578, 19.08052]}, "properties": {"id": "cm-obec-1050130272", "name": "โรงเรียนบ้านหลวง", "nameTh": "โรงเรียนบ้านหลวง", "nameEn": null, "cat": ["school"], "province": "cm", "slug": "1050130272", "rank": 3}}, {"type": "Feature", "geometry": {"type": "Point", "coordinates": [99.28262, 19.92025]}, "properties": {"id": "cm-obec-1050130494", "name": "โรงเรียนบ้านหลวง", "nameTh": "โรงเรียนบ้านหลวง", "nameEn": null, "cat": ["school"], "province": "cm", "slug": "1050130494", "rank": 2}}, {"type": "Feature", "geometry": {"type": "Point", "coordinates": [98.3619, 17.7889]}, "properties": {"id": "cm-obec-1050130776", "name": "โรงเรียนบ้านหลวง", "nameTh": "โรงเรียนบ้านหลวง", "nameEn": null, "cat": ["school"], "province": "cm", "slug": "1050130776", "rank": 3}}, {"type": "Feature", "geometry": {"type": "Point", "coordinates": [99.17576, 19.08034]}, "properties": {"id": "cm-osm-way-341362904", "name": "โรงเรียนบ้านหลวง", "nameTh": "โรงเรียนบ้านหลวง", "nameEn": "Ban Luang School", "cat": ["school"], "province": "cm", "slug": "ban-luang-school-341362904", "rank": 2}}, {"type": "Feature", "geometry": {"type": "Point", "coordinates": [99.04234, 19.86983]}, "properties": {"id": "cm-obec-1050130197", "name": "โรงเรียนบ้านหลวง (อ.ฝาง)", "nameTh": "โรงเรียนบ้านหลวง (อ.ฝาง)", "nameEn": null, "cat": ["school"], "province": "cm", "slug": "1050130197", "rank": 3}}, {"type": "Feature", "geometry": {"type": "Point", "coordinates": [99.06309, 18.83166]}, "properties": {"id": "cm-obec-1050130591", "name": "โรงเรียนบ้านหลักปัน", "nameTh": "โรงเรียนบ้านหลักปัน", "nameEn": null, "cat": ["school"], "province": "cm", "slug": "1050130591", "rank": 3}}, {"type": "Feature", "geometry": {"type": "Point", "coordinates": [99.05895, 18.83253]}, "properties": {"id": "cm-osm-node-2604373947", "name": "โรงเรียนบ้านหลักปัน", "nameTh": "โรงเรียนบ้านหลักปัน", "nameEn": "Lak Pan School", "cat": ["school"], "province": "cm", "slug": "lak-pan-school-2604373947", "rank": 2}}, {"type": "Feature", "geometry": {"type": "Point", "coordinates": [98.84033, 18.49086]}, "properties": {"id": "cm-obec-1050130970", "name": "โรงเรียนบ้านหัวข่วง", "nameTh": "โรงเรียนบ้านหัวข่วง", "nameEn": null, "cat": ["school"], "province": "cm", "slug": "1050130970", "rank": 3}}, {"type": "Feature", "geometry": {"type": "Point", "coordinates": [99.13641, 19.92359]}, "properties": {"id": "cm-obec-1050130207", "name": "โรงเรียนบ้านหัวนา", "nameTh": "โรงเรียนบ้านหัวนา", "nameEn": null, "cat": ["school"], "province": "cm", "slug": "1050130207", "rank": 3}}, {"type": "Feature", "geometry": {"type": "Point", "coordinates": [99.15379, 19.92094]}, "properties": {"id": "cm-obec-1050130202", "name": "โรงเรียนบ้านหัวฝาย", "nameTh": "โรงเรียนบ้านหัวฝาย", "nameEn": null, "cat": ["school"], "province": "cm", "slug": "1050130202", "rank": 3}}, {"type": "Feature", "geometry": {"type": "Point", "coordinates": [99.06505, 18.86552]}, "properties": {"id": "cm-obec-1050130603", "name": "โรงเรียนบ้านหัวฝาย", "nameTh": "โรงเรียนบ้านหัวฝาย", "nameEn": null, "cat": ["school"], "province": "cm", "slug": "1050130603", "rank": 3}}, {"type": "Feature", "geometry": {"type": "Point", "coordinates": [99.16789, 19.60799]}, "properties": {"id": "cm-obec-1050130886", "name": "โรงเรียนบ้านหัวฝาย", "nameTh": "โรงเรียนบ้านหัวฝาย", "nameEn": null, "cat": ["school"], "province": "cm", "slug": "1050130886", "rank": 3}}, {"type": "Feature", "geometry": {"type": "Point", "coordinates": [98.85196, 18.59009]}, "properties": {"id": "cm-obec-1050130683", "name": "โรงเรียนบ้านหัวริน", "nameTh": "โรงเรียนบ้านหัวริน", "nameEn": null, "cat": ["school"], "province": "cm", "slug": "1050130683", "rank": 3}}, {"type": "Feature", "geometry": {"type": "Point", "coordinates": [98.6079, 18.1677]}, "properties": {"id": "cm-obec-1050130819", "name": "โรงเรียนบ้านหางดง", "nameTh": "โรงเรียนบ้านหางดง", "nameEn": null, "cat": ["school"], "province": "cm", "slug": "1050130819", "rank": 2}}, {"type": "Feature", "geometry": {"type": "Point", "coordinates": [98.68042, 18.34624]}, "properties": {"id": "cm-obec-1050130079", "name": "โรงเรียนบ้านหาดนาค", "nameTh": "โรงเรียนบ้านหาดนาค", "nameEn": null, "cat": ["school"], "province": "cm", "slug": "1050130079", "rank": 3}}, {"type": "Feature", "geometry": {"type": "Point", "coordinates": [98.9223, 18.64903]}, "properties": {"id": "cm-obec-1050130743", "name": "โรงเรียนบ้านหารแก้ว", "nameTh": "โรงเรียนบ้านหารแก้ว", "nameEn": null, "cat": ["school"], "province": "cm", "slug": "1050130743", "rank": 2}}, {"type": "Feature", "geometry": {"type": "Point", "coordinates": [98.16293, 17.85055]}, "properties": {"id": "cm-obec-1050130793", "name": "โรงเรียนบ้านห่างหลวง", "nameTh": "โรงเรียนบ้านห่างหลวง", "nameEn": null, "cat": ["school"], "province": "cm", "slug": "1050130793", "rank": 3}}, {"type": "Feature", "geometry": {"type": "Point", "coordinates": [98.53974, 18.74117]}, "properties": {"id": "cm-obec-1050130931", "name": "โรงเรียนบ้านห้วยข้าวลีบ", "nameTh": "โรงเรียนบ้านห้วยข้าวลีบ", "nameEn": null, "cat": ["school"], "province": "cm", "slug": "1050130931", "rank": 3}}, {"type": "Feature", "geometry": {"type": "Point", "coordinates": [99.41243, 20.03184]}, "properties": {"id": "cm-obec-1050130488", "name": "โรงเรียนบ้านห้วยคอกหมู", "nameTh": "โรงเรียนบ้านห้วยคอกหมู", "nameEn": null, "cat": ["school"], "province": "cm", "slug": "1050130488", "rank": 3}}, {"type": "Feature", "geometry": {"type": "Point", "coordinates": [99.17266, 19.89043]}, "properties": {"id": "cm-obec-1050130216", "name": "โรงเรียนบ้านห้วยงูกลาง", "nameTh": "โรงเรียนบ้านห้วยงูกลาง", "nameEn": null, "cat": ["school"], "province": "cm", "slug": "1050130216", "rank": 3}}, {"type": "Feature", "geometry": {"type": "Point", "coordinates": [99.07058, 19.60308]}, "properties": {"id": "cm-obec-1050130122", "name": "โรงเรียนบ้านห้วยจะค่าน ตชด.อนุสรณ์", "nameTh": "โรงเรียนบ้านห้วยจะค่าน ตชด.อนุสรณ์", "nameEn": null, "cat": ["school"], "province": "cm", "slug": "1050130122", "rank": 3}}, {"type": "Feature", "geometry": {"type": "Point", "coordinates": [98.55258, 18.70857]}, "properties": {"id": "cm-obec-1050130927", "name": "โรงเรียนบ้านห้วยตอง", "nameTh": "โรงเรียนบ้านห้วยตอง", "nameEn": null, "cat": ["school"], "province": "cm", "slug": "1050130927", "rank": 3}}, {"type": "Feature", "geometry": {"type": "Point", "coordinates": [99.25736, 19.69788]}, "properties": {"id": "cm-obec-1050130907", "name": "โรงเรียนบ้านห้วยต้นตอง", "nameTh": "โรงเรียนบ้านห้วยต้นตอง", "nameEn": null, "cat": ["school"], "province": "cm", "slug": "1050130907", "rank": 3}}, {"type": "Feature", "geometry": {"type": "Point", "coordinates": [98.94959, 18.76187]}, "properties": {"id": "cm-obec-1050130013", "name": "โรงเรียนบ้านห้วยทราย", "nameTh": "โรงเรียนบ้านห้วยทราย", "nameEn": null, "cat": ["school"], "province": "cm", "slug": "1050130013", "rank": 3}}, {"type": "Feature", "geometry": {"type": "Point", "coordinates": [98.6119, 18.22575]}, "properties": {"id": "cm-obec-1050130061", "name": "โรงเรียนบ้านห้วยทราย", "nameTh": "โรงเรียนบ้านห้วยทราย", "nameEn": null, "cat": ["school"], "province": "cm", "slug": "1050130061", "rank": 3}}, {"type": "Feature", "geometry": {"type": "Point", "coordinates": [98.94963, 18.76195]}, "properties": {"id": "cm-osm-node-7524656858", "name": "โรงเรียนบ้านห้วยทราย", "nameTh": "โรงเรียนบ้านห้วยทราย", "nameEn": "Ban Huai Sai School", "cat": ["school"], "province": "cm", "slug": "ban-huai-sai-school-7524656858", "rank": 2}}, {"type": "Feature", "geometry": {"type": "Point", "coordinates": [98.97677, 19.48827]}, "properties": {"id": "cm-obec-1050130115", "name": "โรงเรียนบ้านห้วยทรายขาว", "nameTh": "โรงเรียนบ้านห้วยทรายขาว", "nameEn": null, "cat": ["school"], "province": "cm", "slug": "1050130115", "rank": 3}}, {"type": "Feature", "geometry": {"type": "Point", "coordinates": [98.4839, 17.3773]}, "properties": {"id": "cm-obec-1050130763", "name": "โรงเรียนบ้านห้วยน้ำขาว", "nameTh": "โรงเรียนบ้านห้วยน้ำขาว", "nameEn": null, "cat": ["school"], "province": "cm", "slug": "1050130763", "rank": 3}}, {"type": "Feature", "geometry": {"type": "Point", "coordinates": [98.7971, 18.57955]}, "properties": {"id": "cm-obec-1050130963", "name": "โรงเรียนบ้านห้วยน้ำขาว", "nameTh": "โรงเรียนบ้านห้วยน้ำขาว", "nameEn": null, "cat": ["school"], "province": "cm", "slug": "1050130963", "rank": 3}}, {"type": "Feature", "geometry": {"type": "Point", "coordinates": [98.79415, 18.57889]}, "properties": {"id": "cm-osm-way-771604908", "name": "โรงเรียนบ้านห้วยน้ำขาว", "nameTh": "โรงเรียนบ้านห้วยน้ำขาว", "nameEn": "Ban Huai Nam Khao School", "cat": ["school"], "province": "cm", "slug": "ban-huai-nam-khao-school-771604908", "rank": 2}}, {"type": "Feature", "geometry": {"type": "Point", "coordinates": [98.56747, 18.83001]}, "properties": {"id": "cm-obec-1050130537", "name": "โรงเรียนบ้านห้วยน้ำจาง", "nameTh": "โรงเรียนบ้านห้วยน้ำจาง", "nameEn": null, "cat": ["school"], "province": "cm", "slug": "1050130537", "rank": 3}}, {"type": "Feature", "geometry": {"type": "Point", "coordinates": [98.71786, 18.45271]}, "properties": {"id": "cm-obec-1050130056", "name": "โรงเรียนบ้านห้วยน้ำดิบ", "nameTh": "โรงเรียนบ้านห้วยน้ำดิบ", "nameEn": null, "cat": ["school"], "province": "cm", "slug": "1050130056", "rank": 3}}, {"type": "Feature", "geometry": {"type": "Point", "coordinates": [98.71789, 18.45257]}, "properties": {"id": "cm-osm-node-2300193273", "name": "โรงเรียนบ้านห้วยน้ำดิบ", "nameTh": "โรงเรียนบ้านห้วยน้ำดิบ", "nameEn": "Ban Huai Namdip School", "cat": ["school"], "province": "cm", "slug": "ban-huai-namdip-school-2300193273", "rank": 2}}, {"type": "Feature", "geometry": {"type": "Point", "coordinates": [98.71786, 18.45241]}, "properties": {"id": "cm-osm-way-460437974", "name": "โรงเรียนบ้านห้วยน้ำดิบ", "nameTh": "โรงเรียนบ้านห้วยน้ำดิบ", "nameEn": null, "cat": ["school"], "province": "cm", "slug": "460437974", "rank": 1}}, {"type": "Feature", "geometry": {"type": "Point", "coordinates": [99.17701, 19.31512]}, "properties": {"id": "cm-obec-1050130253", "name": "โรงเรียนบ้านห้วยบง", "nameTh": "โรงเรียนบ้านห้วยบง", "nameEn": null, "cat": ["school"], "province": "cm", "slug": "1050130253", "rank": 3}}, {"type": "Feature", "geometry": {"type": "Point", "coordinates": [99.11952, 19.75778]}, "properties": {"id": "cm-obec-1050130890", "name": "โรงเรียนบ้านห้วยบง", "nameTh": "โรงเรียนบ้านห้วยบง", "nameEn": null, "cat": ["school"], "province": "cm", "slug": "1050130890", "rank": 2}}, {"type": "Feature", "geometry": {"type": "Point", "coordinates": [99.17711, 19.31506]}, "properties": {"id": "cm-osm-node-3485530128", "name": "โรงเรียนบ้านห้วยบง", "nameTh": "โรงเรียนบ้านห้วยบง", "nameEn": "Ban Huai Bong School", "cat": ["school"], "province": "cm", "slug": "ban-huai-bong-school-3485530128", "rank": 2}}, {"type": "Feature", "geometry": {"type": "Point", "coordinates": [99.19933, 19.95312]}, "properties": {"id": "cm-obec-1050130234", "name": "โรงเรียนบ้านห้วยบอน", "nameTh": "โรงเรียนบ้านห้วยบอน", "nameEn": null, "cat": ["school"], "province": "cm", "slug": "1050130234", "rank": 2}}, {"type": "Feature", "geometry": {"type": "Point", "coordinates": [98.37018, 18.93997]}, "properties": {"id": "cm-obec-1050130343", "name": "โรงเรียนบ้านห้วยปู", "nameTh": "โรงเรียนบ้านห้วยปู", "nameEn": null, "cat": ["school"], "province": "cm", "slug": "1050130343", "rank": 3}}, {"type": "Feature", "geometry": {"type": "Point", "coordinates": [99.33432, 20.04728]}, "properties": {"id": "cm-obec-1050130505", "name": "โรงเรียนบ้านห้วยปู", "nameTh": "โรงเรียนบ้านห้วยปู", "nameEn": null, "cat": ["school"], "province": "cm", "slug": "1050130505", "rank": 3}}, {"type": "Feature", "geometry": {"type": "Point", "coordinates": [98.36691, 18.89061]}, "properties": {"id": "cm-obec-1050130329", "name": "โรงเรียนบ้านห้วยปู สาขาแม่ตะละใต้", "nameTh": "โรงเรียนบ้านห้วยปู สาขาแม่ตะละใต้", "nameEn": null, "cat": ["school"], "province": "cm", "slug": "1050130329", "rank": 2}}, {"type": "Feature", "geometry": {"type": "Point", "coordinates": [98.4921, 17.5085]}, "properties": {"id": "cm-obec-1050130766", "name": "โรงเรียนบ้านห้วยปูลิง", "nameTh": "โรงเรียนบ้านห้วยปูลิง", "nameEn": null, "cat": ["school"], "province": "cm", "slug": "1050130766", "rank": 3}}, {"type": "Feature", "geometry": {"type": "Point", "coordinates": [99.25683, 20.00012]}, "properties": {"id": "cm-obec-1050130513", "name": "โรงเรียนบ้านห้วยป่าซาง", "nameTh": "โรงเรียนบ้านห้วยป่าซาง", "nameEn": null, "cat": ["school"], "province": "cm", "slug": "1050130513", "rank": 3}}, {"type": "Feature", "geometry": {"type": "Point", "coordinates": [98.22093, 18.86434]}, "properties": {"id": "cm-obec-1050130330", "name": "โรงเรียนบ้านห้วยผา", "nameTh": "โรงเรียนบ้านห้วยผา", "nameEn": null, "cat": ["school"], "province": "cm", "slug": "1050130330", "rank": 3}}, {"type": "Feature", "geometry": {"type": "Point", "coordinates": [98.65114, 18.30921]}, "properties": {"id": "cm-obec-1050130082", "name": "โรงเรียนบ้านห้วยม่วง", "nameTh": "โรงเรียนบ้านห้วยม่วง", "nameEn": null, "cat": ["school"], "province": "cm", "slug": "1050130082", "rank": 2}}, {"type": "Feature", "geometry": {"type": "Point", "coordinates": [99.31557, 19.97351]}, "properties": {"id": "cm-obec-1050130480", "name": "โรงเรียนบ้านห้วยม่วง", "nameTh": "โรงเรียนบ้านห้วยม่วง", "nameEn": null, "cat": ["school"], "province": "cm", "slug": "1050130480", "rank": 3}}, {"type": "Feature", "geometry": {"type": "Point", "coordinates": [98.71751, 18.24745]}, "properties": {"id": "cm-obec-1050130075", "name": "โรงเรียนบ้านห้วยม่วงฝั่งซ้าย", "nameTh": "โรงเรียนบ้านห้วยม่วงฝั่งซ้าย", "nameEn": null, "cat": ["school"], "province": "cm", "slug": "1050130075", "rank": 3}}, {"type": "Feature", "geometry": {"type": "Point", "coordinates": [98.27002, 18.99825]}, "properties": {"id": "cm-obec-1050130347", "name": "โรงเรียนบ้านห้วยยา", "nameTh": "โรงเรียนบ้านห้วยยา", "nameEn": null, "cat": ["school"], "province": "cm", "slug": "1050130347", "rank": 3}}, {"type": "Feature", "geometry": {"type": "Point", "coordinates": [99.46605, 20.07241]}, "properties": {"id": "cm-obec-1050130472", "name": "โรงเรียนบ้านห้วยศาลา", "nameTh": "โรงเรียนบ้านห้วยศาลา", "nameEn": null, "cat": ["school"], "province": "cm", "slug": "1050130472", "rank": 3}}, {"type": "Feature", "geometry": {"type": "Point", "coordinates": [98.70066, 18.18945]}, "properties": {"id": "cm-obec-1050130067", "name": "โรงเรียนบ้านห้วยสะแพด", "nameTh": "โรงเรียนบ้านห้วยสะแพด", "nameEn": null, "cat": ["school"], "province": "cm", "slug": "1050130067", "rank": 3}}, {"type": "Feature", "geometry": {"type": "Point", "coordinates": [98.86883, 18.65883]}, "properties": {"id": "cm-obec-1050130678", "name": "โรงเรียนบ้านห้วยส้ม", "nameTh": "โรงเรียนบ้านห้วยส้ม", "nameEn": null, "cat": ["school"], "province": "cm", "slug": "1050130678", "rank": 2}}, {"type": "Feature", "geometry": {"type": "Point", "coordinates": [98.86835, 18.65904]}, "properties": {"id": "cm-osm-way-640245204", "name": "โรงเรียนบ้านห้วยส้ม", "nameTh": "โรงเรียนบ้านห้วยส้ม", "nameEn": "Ban Huaysom School", "cat": ["school"], "province": "cm", "slug": "ban-huaysom-school-640245204", "rank": 2}}, {"type": "Feature", "geometry": {"type": "Point", "coordinates": [98.53588, 18.36704]}, "properties": {"id": "cm-obec-1050130049", "name": "โรงเรียนบ้านห้วยส้มป่อย", "nameTh": "โรงเรียนบ้านห้วยส้มป่อย", "nameEn": null, "cat": ["school"], "province": "cm", "slug": "1050130049", "rank": 2}}, {"type": "Feature", "geometry": {"type": "Point", "coordinates": [99.1267, 19.90733]}, "properties": {"id": "cm-obec-1050130211", "name": "โรงเรียนบ้านห้วยหมากเลี่ยม", "nameTh": "โรงเรียนบ้านห้วยหมากเลี่ยม", "nameEn": null, "cat": ["school"], "province": "cm", "slug": "1050130211", "rank": 3}}, {"type": "Feature", "geometry": {"type": "Point", "coordinates": [98.4575, 17.4185]}, "properties": {"id": "cm-obec-1050130765", "name": "โรงเรียนบ้านห้วยหล่อดูก", "nameTh": "โรงเรียนบ้านห้วยหล่อดูก", "nameEn": null, "cat": ["school"], "province": "cm", "slug": "1050130765", "rank": 3}}, {"type": "Feature", "geometry": {"type": "Point", "coordinates": [98.4575, 17.41837]}, "properties": {"id": "cm-osm-way-386601966", "name": "โรงเรียนบ้านห้วยหล่อดูก", "nameTh": "โรงเรียนบ้านห้วยหล่อดูก", "nameEn": "Ban Huai Lo Duk School", "cat": ["school"], "province": "cm", "slug": "ban-huai-lo-duk-school-386601966", "rank": 2}}, {"type": "Feature", "geometry": {"type": "Point", "coordinates": [99.1295, 19.81183]}, "properties": {"id": "cm-obec-1050130195", "name": "โรงเรียนบ้านห้วยห้อม", "nameTh": "โรงเรียนบ้านห้วยห้อม", "nameEn": null, "cat": ["school"], "province": "cm", "slug": "1050130195", "rank": 3}}, {"type": "Feature", "geometry": {"type": "Point", "coordinates": [99.00015, 18.91309]}, "properties": {"id": "cm-obec-1050130622", "name": "โรงเรียนบ้านห้วยเกี๋ยง", "nameTh": "โรงเรียนบ้านห้วยเกี๋ยง", "nameEn": null, "cat": ["school"], "province": "cm", "slug": "1050130622", "rank": 3}}, {"type": "Feature", "geometry": {"type": "Point", "coordinates": [98.99976, 18.91368]}, "properties": {"id": "cm-osm-node-2615665796", "name": "โรงเรียนบ้านห้วยเกี๋ยง", "nameTh": "โรงเรียนบ้านห้วยเกี๋ยง", "nameEn": "Ban Huai Kiang School", "cat": ["school"], "province": "cm", "slug": "ban-huai-kiang-school-2615665796", "rank": 2}}, {"type": "Feature", "geometry": {"type": "Point", "coordinates": [98.95502, 19.56871]}, "properties": {"id": "cm-osm-way-844774159", "name": "โรงเรียนบ้านห้วยเป้า", "nameTh": "โรงเรียนบ้านห้วยเป้า", "nameEn": "Ban Huai Pao School", "cat": ["school"], "province": "cm", "slug": "ban-huai-pao-school-844774159", "rank": 2}}, {"type": "Feature", "geometry": {"type": "Point", "coordinates": [99.18891, 19.95313]}, "properties": {"id": "cm-obec-1050130235", "name": "โรงเรียนบ้านห้วยเฮี่ยน", "nameTh": "โรงเรียนบ้านห้วยเฮี่ยน", "nameEn": null, "cat": ["school"], "province": "cm", "slug": "1050130235", "rank": 2}}, {"type": "Feature", "geometry": {"type": "Point", "coordinates": [98.3129, 17.6242]}, "properties": {"id": "cm-obec-1050130981", "name": "โรงเรียนบ้านห้วยโค้ง", "nameTh": "โรงเรียนบ้านห้วยโค้ง", "nameEn": null, "cat": ["school"], "province": "cm", "slug": "1050130981", "rank": 3}}, {"type": "Feature", "geometry": {"type": "Point", "coordinates": [98.64653, 19.64747]}, "properties": {"id": "cm-obec-1050130876", "name": "โรงเรียนบ้านห้วยไคร้", "nameTh": "โรงเรียนบ้านห้วยไคร้", "nameEn": null, "cat": ["school"], "province": "cm", "slug": "1050130876", "rank": 2}}, {"type": "Feature", "geometry": {"type": "Point", "coordinates": [99.21604, 19.81302]}, "properties": {"id": "cm-obec-1050130225", "name": "โรงเรียนบ้านห้วยไคร้ (ฝาง)", "nameTh": "โรงเรียนบ้านห้วยไคร้ (ฝาง)", "nameEn": null, "cat": ["school"], "province": "cm", "slug": "1050130225", "rank": 3}}, {"type": "Feature", "geometry": {"type": "Point", "coordinates": [99.14053, 19.72928]}, "properties": {"id": "cm-obec-1050130894", "name": "โรงเรียนบ้านห้วยไผ่", "nameTh": "โรงเรียนบ้านห้วยไผ่", "nameEn": null, "cat": ["school"], "province": "cm", "slug": "1050130894", "rank": 3}}, {"type": "Feature", "geometry": {"type": "Point", "coordinates": [98.4627, 17.4268]}, "properties": {"id": "cm-obec-1050130768", "name": "โรงเรียนบ้านห้วยไม้หก", "nameTh": "โรงเรียนบ้านห้วยไม้หก", "nameEn": null, "cat": ["school"], "province": "cm", "slug": "1050130768", "rank": 3}}, {"type": "Feature", "geometry": {"type": "Point", "coordinates": [98.38548, 18.27674]}, "properties": {"id": "cm-osm-node-4664690590", "name": "โรงเรียนบ้านอมขุด", "nameTh": "โรงเรียนบ้านอมขุด", "nameEn": null, "cat": ["school"], "province": "cm", "slug": "4664690590", "rank": 1}}, {"type": "Feature", "geometry": {"type": "Point", "coordinates": [98.38751, 18.27436]}, "properties": {"id": "cm-obec-1050130291", "name": "โรงเรียนบ้านอมขูด", "nameTh": "โรงเรียนบ้านอมขูด", "nameEn": null, "cat": ["school"], "province": "cm", "slug": "1050130291", "rank": 3}}, {"type": "Feature", "geometry": {"type": "Point", "coordinates": [98.39205, 18.41449]}, "properties": {"id": "cm-obec-1050130288", "name": "โรงเรียนบ้านอมเม็ง", "nameTh": "โรงเรียนบ้านอมเม็ง", "nameEn": null, "cat": ["school"], "province": "cm", "slug": "1050130288", "rank": 3}}, {"type": "Feature", "geometry": {"type": "Point", "coordinates": [98.9657, 19.73747]}, "properties": {"id": "cm-obec-1050130128", "name": "โรงเรียนบ้านอรุโณทัย", "nameTh": "โรงเรียนบ้านอรุโณทัย", "nameEn": null, "cat": ["school"], "province": "cm", "slug": "1050130128", "rank": 3}}, {"type": "Feature", "geometry": {"type": "Point", "coordinates": [98.96487, 19.7359]}, "properties": {"id": "cm-osm-way-1509395388", "name": "โรงเรียนบ้านอรุโณทัย", "nameTh": "โรงเรียนบ้านอรุโณทัย", "nameEn": "Ban Arunothai School", "cat": ["school"], "province": "cm", "slug": "ban-arunothai-school-1509395388", "rank": 2}}, {"type": "Feature", "geometry": {"type": "Point", "coordinates": [99.09049, 19.5118]}, "properties": {"id": "cm-obec-1050130117", "name": "โรงเรียนบ้านออน", "nameTh": "โรงเรียนบ้านออน", "nameEn": null, "cat": ["school"], "province": "cm", "slug": "1050130117", "rank": 3}}, {"type": "Feature", "geometry": {"type": "Point", "coordinates": [99.25838, 18.76902]}, "properties": {"id": "cm-obec-1050130947", "name": "โรงเรียนบ้านออนกลาง", "nameTh": "โรงเรียนบ้านออนกลาง", "nameEn": null, "cat": ["school"], "province": "cm", "slug": "1050130947", "rank": 3}}, {"type": "Feature", "geometry": {"type": "Point", "coordinates": [99.25765, 18.79056]}, "properties": {"id": "cm-obec-1050130946", "name": "โรงเรียนบ้านออนหลวย", "nameTh": "โรงเรียนบ้านออนหลวย", "nameEn": null, "cat": ["school"], "province": "cm", "slug": "1050130946", "rank": 3}}, {"type": "Feature", "geometry": {"type": "Point", "coordinates": [98.2106, 17.8631]}, "properties": {"id": "cm-obec-1050130796", "name": "โรงเรียนบ้านอูตูม", "nameTh": "โรงเรียนบ้านอูตูม", "nameEn": null, "cat": ["school"], "province": "cm", "slug": "1050130796", "rank": 3}}, {"type": "Feature", "geometry": {"type": "Point", "coordinates": [99.1491, 19.68125]}, "properties": {"id": "cm-obec-1050130882", "name": "โรงเรียนบ้านอ่าย", "nameTh": "โรงเรียนบ้านอ่าย", "nameEn": null, "cat": ["school"], "province": "cm", "slug": "1050130882", "rank": 3}}, {"type": "Feature", "geometry": {"type": "Point", "coordinates": [99.32444, 19.98833]}, "properties": {"id": "cm-obec-1050130481", "name": "โรงเรียนบ้านฮ่างต่ำ", "nameTh": "โรงเรียนบ้านฮ่างต่ำ", "nameEn": null, "cat": ["school"], "province": "cm", "slug": "1050130481", "rank": 3}}, {"type": "Feature", "geometry": {"type": "Point", "coordinates": [98.7374, 17.8599]}, "properties": {"id": "cm-obec-1050130856", "name": "โรงเรียนบ้านเกาะหลวง", "nameTh": "โรงเรียนบ้านเกาะหลวง", "nameEn": null, "cat": ["school"], "province": "cm", "slug": "1050130856", "rank": 3}}, {"type": "Feature", "geometry": {"type": "Point", "coordinates": [99.17874, 19.33832]}, "properties": {"id": "cm-osm-way-372573448", "name": "โรงเรียนบ้านเขื่อนผาก", "nameTh": "โรงเรียนบ้านเขื่อนผาก", "nameEn": "Ban Khuean Phak School", "cat": ["school"], "province": "cm", "slug": "ban-khuean-phak-school-372573448", "rank": 2}}, {"type": "Feature", "geometry": {"type": "Point", "coordinates": [98.98153, 18.97438]}, "properties": {"id": "cm-obec-1050130627", "name": "โรงเรียนบ้านเจดีย์แม่ครัว", "nameTh": "โรงเรียนบ้านเจดีย์แม่ครัว", "nameEn": null, "cat": ["school"], "province": "cm", "slug": "1050130627", "rank": 3}}, {"type": "Feature", "geometry": {"type": "Point", "coordinates": [98.98169, 18.97431]}, "properties": {"id": "cm-osm-way-208943750", "name": "โรงเรียนบ้านเจดีย์แม่ครัว", "nameTh": "โรงเรียนบ้านเจดีย์แม่ครัว", "nameEn": "Banchedimaekhrua School", "cat": ["school"], "province": "cm", "slug": "banchedimaekhrua-school-208943750", "rank": 2}}, {"type": "Feature", "geometry": {"type": "Point", "coordinates": [98.80958, 18.48249]}, "properties": {"id": "cm-obec-1050130975", "name": "โรงเรียนบ้านเจริญสามัคคี", "nameTh": "โรงเรียนบ้านเจริญสามัคคี", "nameEn": null, "cat": ["school"], "province": "cm", "slug": "1050130975", "rank": 3}}, {"type": "Feature", "geometry": {"type": "Point", "coordinates": [99.13593, 18.87114]}, "properties": {"id": "cm-osm-way-388713704", "name": "โรงเรียนบ้านเชิงดอย", "nameTh": "โรงเรียนบ้านเชิงดอย", "nameEn": "Ban Choeng Doi School", "cat": ["school"], "province": "cm", "slug": "ban-choeng-doi-school-388713704", "rank": 3}}, {"type": "Feature", "geometry": {"type": "Point", "coordinates": [99.13528, 18.87102]}, "properties": {"id": "cm-obec-1050130156", "name": "โรงเรียนบ้านเชิงดอย(ดอยสะเก็ดศึกษา)", "nameTh": "โรงเรียนบ้านเชิงดอย(ดอยสะเก็ดศึกษา)", "nameEn": null, "cat": ["school"], "province": "cm", "slug": "1050130156", "rank": 3}}, {"type": "Feature", "geometry": {"type": "Point", "coordinates": [98.94929, 18.79429]}, "properties": {"id": "cm-obec-1050130007", "name": "โรงเรียนบ้านเชิงดอยสุเทพ", "nameTh": "โรงเรียนบ้านเชิงดอยสุเทพ", "nameEn": null, "cat": ["school"], "province": "cm", "slug": "1050130007", "rank": 3}}, {"type": "Feature", "geometry": {"type": "Point", "coordinates": [98.94889, 18.79415]}, "properties": {"id": "cm-osm-node-2650737863", "name": "โรงเรียนบ้านเชิงดอยสุเทพ", "nameTh": "โรงเรียนบ้านเชิงดอยสุเทพ", "nameEn": "Doi Suthep School", "cat": ["school"], "province": "cm", "slug": "doi-suthep-school-2650737863", "rank": 2}}, {"type": "Feature", "geometry": {"type": "Point", "coordinates": [98.96423, 19.36409]}, "properties": {"id": "cm-obec-1050130100", "name": "โรงเรียนบ้านเชียงดาว", "nameTh": "โรงเรียนบ้านเชียงดาว", "nameEn": null, "cat": ["school"], "province": "cm", "slug": "1050130100", "rank": 3}}, {"type": "Feature", "geometry": {"type": "Point", "coordinates": [98.61173, 18.18483]}, "properties": {"id": "cm-obec-1050130832", "name": "โรงเรียนบ้านเด่นวิทยา", "nameTh": "โรงเรียนบ้านเด่นวิทยา", "nameEn": null, "cat": ["school"], "province": "cm", "slug": "1050130832", "rank": 3}}, {"type": "Feature", "geometry": {"type": "Point", "coordinates": [99.19679, 19.76973]}, "properties": {"id": "cm-obec-1050131066", "name": "โรงเรียนบ้านเด่นใหม่", "nameTh": "โรงเรียนบ้านเด่นใหม่", "nameEn": null, "cat": ["school"], "province": "cm", "slug": "1050131066", "rank": 3}}, {"type": "Feature", "geometry": {"type": "Point", "coordinates": [98.4038, 18.0307]}, "properties": {"id": "cm-obec-1050130815", "name": "โรงเรียนบ้านเตียนอาง", "nameTh": "โรงเรียนบ้านเตียนอาง", "nameEn": null, "cat": ["school"], "province": "cm", "slug": "1050130815", "rank": 3}}, {"type": "Feature", "geometry": {"type": "Point", "coordinates": [98.36758, 18.50267]}, "properties": {"id": "cm-obec-1050130339", "name": "โรงเรียนบ้านเนินวิทยา", "nameTh": "โรงเรียนบ้านเนินวิทยา", "nameEn": null, "cat": ["school"], "province": "cm", "slug": "1050130339", "rank": 3}}, {"type": "Feature", "geometry": {"type": "Point", "coordinates": [98.13088, 17.55118]}, "properties": {"id": "cm-osm-way-697688553", "name": "โรงเรียนบ้านเบ๊าะเปาะโกร", "nameTh": "โรงเรียนบ้านเบ๊าะเปาะโกร", "nameEn": null, "cat": ["school"], "province": "cm", "slug": "697688553", "rank": 1}}, {"type": "Feature", "geometry": {"type": "Point", "coordinates": [98.85639, 18.61273]}, "properties": {"id": "cm-obec-1050130649", "name": "โรงเรียนบ้านเปียง", "nameTh": "โรงเรียนบ้านเปียง", "nameEn": null, "cat": ["school"], "province": "cm", "slug": "1050130649", "rank": 3}}, {"type": "Feature", "geometry": {"type": "Point", "coordinates": [98.85624, 18.61285]}, "properties": {"id": "cm-osm-node-3383942520", "name": "โรงเรียนบ้านเปียง", "nameTh": "โรงเรียนบ้านเปียง", "nameEn": "Ban Piang School", "cat": ["school"], "province": "cm", "slug": "ban-piang-school-3383942520", "rank": 2}}, {"type": "Feature", "geometry": {"type": "Point", "coordinates": [98.62718, 19.68325]}, "properties": {"id": "cm-obec-1050130874", "name": "โรงเรียนบ้านเปียงหลวง", "nameTh": "โรงเรียนบ้านเปียงหลวง", "nameEn": null, "cat": ["school"], "province": "cm", "slug": "1050130874", "rank": 3}}, {"type": "Feature", "geometry": {"type": "Point", "coordinates": [98.99823, 19.18882]}, "properties": {"id": "cm-obec-1050130415", "name": "โรงเรียนบ้านเป้าวิทยาคาร", "nameTh": "โรงเรียนบ้านเป้าวิทยาคาร", "nameEn": null, "cat": ["school"], "province": "cm", "slug": "1050130415", "rank": 3}}, {"type": "Feature", "geometry": {"type": "Point", "coordinates": [98.65533, 18.46892]}, "properties": {"id": "cm-obec-1050130039", "name": "โรงเรียนบ้านเมืองกลาง", "nameTh": "โรงเรียนบ้านเมืองกลาง", "nameEn": null, "cat": ["school"], "province": "cm", "slug": "1050130039", "rank": 3}}, {"type": "Feature", "geometry": {"type": "Point", "coordinates": [98.85449, 19.21555]}, "properties": {"id": "cm-obec-1050130404", "name": "โรงเรียนบ้านเมืองกื้ด", "nameTh": "โรงเรียนบ้านเมืองกื้ด", "nameEn": null, "cat": ["school"], "province": "cm", "slug": "1050130404", "rank": 3}}, {"type": "Feature", "geometry": {"type": "Point", "coordinates": [98.81167, 19.00785]}, "properties": {"id": "cm-obec-1050130461", "name": "โรงเรียนบ้านเมืองก๊ะ", "nameTh": "โรงเรียนบ้านเมืองก๊ะ", "nameEn": null, "cat": ["school"], "province": "cm", "slug": "1050130461", "rank": 3}}, {"type": "Feature", "geometry": {"type": "Point", "coordinates": [99.06114, 18.87917]}, "properties": {"id": "cm-obec-1050130597", "name": "โรงเรียนบ้านเมืองขอน", "nameTh": "โรงเรียนบ้านเมืองขอน", "nameEn": null, "cat": ["school"], "province": "cm", "slug": "1050130597", "rank": 3}}, {"type": "Feature", "geometry": {"type": "Point", "coordinates": [98.71353, 19.38388]}, "properties": {"id": "cm-obec-1050130123", "name": "โรงเรียนบ้านเมืองคอง", "nameTh": "โรงเรียนบ้านเมืองคอง", "nameEn": null, "cat": ["school"], "province": "cm", "slug": "1050130123", "rank": 3}}, {"type": "Feature", "geometry": {"type": "Point", "coordinates": [98.71717, 19.38459]}, "properties": {"id": "cm-osm-way-674032904", "name": "โรงเรียนบ้านเมืองคอง", "nameTh": "โรงเรียนบ้านเมืองคอง", "nameEn": "Ban Muang Khong School", "cat": ["school"], "province": "cm", "slug": "ban-muang-khong-school-674032904", "rank": 2}}, {"type": "Feature", "geometry": {"type": "Point", "coordinates": [98.89461, 19.73125]}, "properties": {"id": "cm-obec-1050130127", "name": "โรงเรียนบ้านเมืองนะ", "nameTh": "โรงเรียนบ้านเมืองนะ", "nameEn": null, "cat": ["school"], "province": "cm", "slug": "1050130127", "rank": 3}}, {"type": "Feature", "geometry": {"type": "Point", "coordinates": [99.0612, 18.87956]}, "properties": {"id": "cm-osm-node-2590254769", "name": "โรงเรียนบ้านเมืองบอน", "nameTh": "โรงเรียนบ้านเมืองบอน", "nameEn": "Banmueang Bon School", "cat": ["school"], "province": "cm", "slug": "banmueang-bon-school-2590254769", "rank": 2}}, {"type": "Feature", "geometry": {"type": "Point", "coordinates": [98.62388, 18.58499]}, "properties": {"id": "cm-obec-1050130037", "name": "โรงเรียนบ้านเมืองอาง", "nameTh": "โรงเรียนบ้านเมืองอาง", "nameEn": null, "cat": ["school"], "province": "cm", "slug": "1050130037", "rank": 2}}, {"type": "Feature", "geometry": {"type": "Point", "coordinates": [99.1863, 19.5678]}, "properties": {"id": "cm-obec-1050130888", "name": "โรงเรียนบ้านเวียงผาพัฒนา", "nameTh": "โรงเรียนบ้านเวียงผาพัฒนา", "nameEn": null, "cat": ["school"], "province": "cm", "slug": "1050130888", "rank": 2}}, {"type": "Feature", "geometry": {"type": "Point", "coordinates": [99.21506, 19.91755]}, "properties": {"id": "cm-obec-1050130178", "name": "โรงเรียนบ้านเวียงฝาง", "nameTh": "โรงเรียนบ้านเวียงฝาง", "nameEn": null, "cat": ["school"], "province": "cm", "slug": "1050130178", "rank": 3}}, {"type": "Feature", "geometry": {"type": "Point", "coordinates": [99.15068, 19.91437]}, "properties": {"id": "cm-obec-1050130203", "name": "โรงเรียนบ้านเวียงหวาย", "nameTh": "โรงเรียนบ้านเวียงหวาย", "nameEn": null, "cat": ["school"], "province": "cm", "slug": "1050130203", "rank": 3}}, {"type": "Feature", "geometry": {"type": "Point", "coordinates": [98.64128, 19.55579]}, "properties": {"id": "cm-obec-1050130870", "name": "โรงเรียนบ้านเวียงแหง", "nameTh": "โรงเรียนบ้านเวียงแหง", "nameEn": null, "cat": ["school"], "province": "cm", "slug": "1050130870", "rank": 3}}, {"type": "Feature", "geometry": {"type": "Point", "coordinates": [99.25098, 19.80543]}, "properties": {"id": "cm-obec-1050130227", "name": "โรงเรียนบ้านเหมืองแร่", "nameTh": "โรงเรียนบ้านเหมืองแร่", "nameEn": null, "cat": ["school"], "province": "cm", "slug": "1050130227", "rank": 3}}, {"type": "Feature", "geometry": {"type": "Point", "coordinates": [99.25064, 19.80508]}, "properties": {"id": "cm-osm-way-430293696", "name": "โรงเรียนบ้านเหมืองแร่", "nameTh": "โรงเรียนบ้านเหมืองแร่", "nameEn": null, "cat": ["school"], "province": "cm", "slug": "430293696", "rank": 1}}, {"type": "Feature", "geometry": {"type": "Point", "coordinates": [98.82523, 18.62779]}, "properties": {"id": "cm-obec-1050130914", "name": "โรงเรียนบ้านเหล่าป่าฝาง", "nameTh": "โรงเรียนบ้านเหล่าป่าฝาง", "nameEn": null, "cat": ["school"], "province": "cm", "slug": "1050130914", "rank": 3}}, {"type": "Feature", "geometry": {"type": "Point", "coordinates": [98.80872, 18.49113]}, "properties": {"id": "cm-obec-1050130974", "name": "โรงเรียนบ้านเหล่าเป้า", "nameTh": "โรงเรียนบ้านเหล่าเป้า", "nameEn": null, "cat": ["school"], "province": "cm", "slug": "1050130974", "rank": 3}}, {"type": "Feature", "geometry": {"type": "Point", "coordinates": [98.80885, 18.4911]}, "properties": {"id": "cm-osm-node-2685180111", "name": "โรงเรียนบ้านเหล่าเป้า", "nameTh": "โรงเรียนบ้านเหล่าเป้า", "nameEn": "Ban Lao Pao School", "cat": ["school"], "province": "cm", "slug": "ban-lao-pao-school-2685180111", "rank": 2}}, {"type": "Feature", "geometry": {"type": "Point", "coordinates": [98.18117, 18.45496]}, "properties": {"id": "cm-obec-1050130310", "name": "โรงเรียนบ้านเฮาะวิทยา", "nameTh": "โรงเรียนบ้านเฮาะวิทยา", "nameEn": null, "cat": ["school"], "province": "cm", "slug": "1050130310", "rank": 3}}, {"type": "Feature", "geometry": {"type": "Point", "coordinates": [98.6042, 18.1109]}, "properties": {"id": "cm-obec-1050130826", "name": "โรงเรียนบ้านแควมะกอก", "nameTh": "โรงเรียนบ้านแควมะกอก", "nameEn": null, "cat": ["school"], "province": "cm", "slug": "1050130826", "rank": 3}}, {"type": "Feature", "geometry": {"type": "Point", "coordinates": [99.20164, 19.36705]}, "properties": {"id": "cm-obec-1050130247", "name": "โรงเรียนบ้านแจ่งกู่เรือง", "nameTh": "โรงเรียนบ้านแจ่งกู่เรือง", "nameEn": null, "cat": ["school"], "province": "cm", "slug": "1050130247", "rank": 3}}, {"type": "Feature", "geometry": {"type": "Point", "coordinates": [99.20102, 19.36651]}, "properties": {"id": "cm-osm-node-4606449665", "name": "โรงเรียนบ้านแจ่งกู่เรือง", "nameTh": "โรงเรียนบ้านแจ่งกู่เรือง", "nameEn": "Ban Chaeng Ku Rueang School", "cat": ["school"], "province": "cm", "slug": "ban-chaeng-ku-rueang-school-4606449665", "rank": 2}}, {"type": "Feature", "geometry": {"type": "Point", "coordinates": [98.28783, 19.02821]}, "properties": {"id": "cm-obec-1050130344", "name": "โรงเรียนบ้านแจ่มหลวง", "nameTh": "โรงเรียนบ้านแจ่มหลวง", "nameEn": null, "cat": ["school"], "province": "cm", "slug": "1050130344", "rank": 3}}, {"type": "Feature", "geometry": {"type": "Point", "coordinates": [99.1269, 18.73094]}, "properties": {"id": "cm-obec-1050130562", "name": "โรงเรียนบ้านแช่ช้าง (เทพนานุกูล)", "nameTh": "โรงเรียนบ้านแช่ช้าง (เทพนานุกูล)", "nameEn": null, "cat": ["school"], "province": "cm", "slug": "1050130562", "rank": 3}}, {"type": "Feature", "geometry": {"type": "Point", "coordinates": [98.7234, 17.9246]}, "properties": {"id": "cm-obec-1050130842", "name": "โรงเรียนบ้านแปลง 2", "nameTh": "โรงเรียนบ้านแปลง 2", "nameEn": null, "cat": ["school"], "province": "cm", "slug": "2-1050130842", "rank": 3}}, {"type": "Feature", "geometry": {"type": "Point", "coordinates": [98.6835, 17.9544]}, "properties": {"id": "cm-obec-1050130845", "name": "โรงเรียนบ้านแปลง 5", "nameTh": "โรงเรียนบ้านแปลง 5", "nameEn": null, "cat": ["school"], "province": "cm", "slug": "5-1050130845", "rank": 3}}, {"type": "Feature", "geometry": {"type": "Point", "coordinates": [98.5946, 18.24714]}, "properties": {"id": "cm-obec-1050130060", "name": "โรงเรียนบ้านแปะ", "nameTh": "โรงเรียนบ้านแปะ", "nameEn": null, "cat": ["school"], "province": "cm", "slug": "1050130060", "rank": 3}}, {"type": "Feature", "geometry": {"type": "Point", "coordinates": [98.12552, 18.47993]}, "properties": {"id": "cm-obec-1050130311", "name": "โรงเรียนบ้านแปะสามัคคี", "nameTh": "โรงเรียนบ้านแปะสามัคคี", "nameEn": null, "cat": ["school"], "province": "cm", "slug": "1050130311", "rank": 3}}, {"type": "Feature", "geometry": {"type": "Point", "coordinates": [98.56264, 18.86176]}, "properties": {"id": "cm-obec-1050130536", "name": "โรงเรียนบ้านแมโต๋ สาขาบ้านห้วยเต่า", "nameTh": "โรงเรียนบ้านแมโต๋ สาขาบ้านห้วยเต่า", "nameEn": null, "cat": ["school"], "province": "cm", "slug": "1050130536", "rank": 3}}, {"type": "Feature", "geometry": {"type": "Point", "coordinates": [98.92459, 19.569]}, "properties": {"id": "cm-obec-1050130109", "name": "โรงเรียนบ้านแม่กอนใน", "nameTh": "โรงเรียนบ้านแม่กอนใน", "nameEn": null, "cat": ["school"], "province": "cm", "slug": "1050130109", "rank": 3}}, {"type": "Feature", "geometry": {"type": "Point", "coordinates": [98.92056, 18.60771]}, "properties": {"id": "cm-obec-1050130687", "name": "โรงเรียนบ้านแม่กุ้งหลวง", "nameTh": "โรงเรียนบ้านแม่กุ้งหลวง", "nameEn": null, "cat": ["school"], "province": "cm", "slug": "1050130687", "rank": 3}}, {"type": "Feature", "geometry": {"type": "Point", "coordinates": [98.92028, 18.60777]}, "properties": {"id": "cm-osm-way-257714491", "name": "โรงเรียนบ้านแม่กุ้งหลวง", "nameTh": "โรงเรียนบ้านแม่กุ้งหลวง", "nameEn": null, "cat": ["school"], "province": "cm", "slug": "257714491", "rank": 1}}, {"type": "Feature", "geometry": {"type": "Point", "coordinates": [98.93067, 19.05657]}, "properties": {"id": "cm-osm-node-3892849850", "name": "โรงเรียนบ้านแม่ขะจาน", "nameTh": "โรงเรียนบ้านแม่ขะจาน", "nameEn": "Ban Mae Kha Chan School", "cat": ["school"], "province": "cm", "slug": "ban-mae-kha-chan-school-3892849850", "rank": 2}}, {"type": "Feature", "geometry": {"type": "Point", "coordinates": [98.58722, 18.79349]}, "properties": {"id": "cm-obec-1050130529", "name": "โรงเรียนบ้านแม่ขะปู", "nameTh": "โรงเรียนบ้านแม่ขะปู", "nameEn": null, "cat": ["school"], "province": "cm", "slug": "1050130529", "rank": 3}}, {"type": "Feature", "geometry": {"type": "Point", "coordinates": [98.85287, 18.53036]}, "properties": {"id": "cm-obec-1050130967", "name": "โรงเรียนบ้านแม่ขาน", "nameTh": "โรงเรียนบ้านแม่ขาน", "nameEn": null, "cat": ["school"], "province": "cm", "slug": "1050130967", "rank": 3}}, {"type": "Feature", "geometry": {"type": "Point", "coordinates": [98.85565, 18.52878]}, "properties": {"id": "cm-osm-way-742775698", "name": "โรงเรียนบ้านแม่ขาน", "nameTh": "โรงเรียนบ้านแม่ขาน", "nameEn": "Ban Mae Khan School", "cat": ["school"], "province": "cm", "slug": "ban-mae-khan-school-742775698", "rank": 2}}, {"type": "Feature", "geometry": {"type": "Point", "coordinates": [99.14495, 19.71826]}, "properties": {"id": "cm-obec-1050130880", "name": "โรงเรียนบ้านแม่ขิ", "nameTh": "โรงเรียนบ้านแม่ขิ", "nameEn": null, "cat": ["school"], "province": "cm", "slug": "1050130880", "rank": 3}}, {"type": "Feature", "geometry": {"type": "Point", "coordinates": [99.16309, 19.78658]}, "properties": {"id": "cm-obec-1050130219", "name": "โรงเรียนบ้านแม่ข่า", "nameTh": "โรงเรียนบ้านแม่ข่า", "nameEn": null, "cat": ["school"], "province": "cm", "slug": "1050130219", "rank": 3}}, {"type": "Feature", "geometry": {"type": "Point", "coordinates": [99.20387, 19.84977]}, "properties": {"id": "cm-obec-1050130226", "name": "โรงเรียนบ้านแม่คะ", "nameTh": "โรงเรียนบ้านแม่คะ", "nameEn": null, "cat": ["school"], "province": "cm", "slug": "1050130226", "rank": 3}}, {"type": "Feature", "geometry": {"type": "Point", "coordinates": [99.15103, 19.80237]}, "properties": {"id": "cm-obec-1050130190", "name": "โรงเรียนบ้านแม่งอนกลาง", "nameTh": "โรงเรียนบ้านแม่งอนกลาง", "nameEn": null, "cat": ["school"], "province": "cm", "slug": "1050130190", "rank": 3}}, {"type": "Feature", "geometry": {"type": "Point", "coordinates": [99.15076, 19.80224]}, "properties": {"id": "cm-osm-way-1138194523", "name": "โรงเรียนบ้านแม่งอนกลาง", "nameTh": "โรงเรียนบ้านแม่งอนกลาง", "nameEn": "Ban Mae Ngon Klang School", "cat": ["school"], "province": "cm", "slug": "ban-mae-ngon-klang-school-1138194523", "rank": 2}}, {"type": "Feature", "geometry": {"type": "Point", "coordinates": [98.5587, 18.036]}, "properties": {"id": "cm-obec-1050130838", "name": "โรงเรียนบ้านแม่งูด", "nameTh": "โรงเรียนบ้านแม่งูด", "nameEn": null, "cat": ["school"], "province": "cm", "slug": "1050130838", "rank": 3}}, {"type": "Feature", "geometry": {"type": "Point", "coordinates": [98.33462, 18.81543]}, "properties": {"id": "cm-obec-1050130294", "name": "โรงเรียนบ้านแม่ซา", "nameTh": "โรงเรียนบ้านแม่ซา", "nameEn": null, "cat": ["school"], "province": "cm", "slug": "1050130294", "rank": 3}}, {"type": "Feature", "geometry": {"type": "Point", "coordinates": [99.16114, 18.88105]}, "properties": {"id": "cm-obec-1050130154", "name": "โรงเรียนบ้านแม่ดอกแดง", "nameTh": "โรงเรียนบ้านแม่ดอกแดง", "nameEn": null, "cat": ["school"], "province": "cm", "slug": "1050130154", "rank": 3}}, {"type": "Feature", "geometry": {"type": "Point", "coordinates": [98.88733, 19.20365]}, "properties": {"id": "cm-obec-1050130405", "name": "โรงเรียนบ้านแม่ตะมาน", "nameTh": "โรงเรียนบ้านแม่ตะมาน", "nameEn": null, "cat": ["school"], "province": "cm", "slug": "1050130405", "rank": 3}}, {"type": "Feature", "geometry": {"type": "Point", "coordinates": [98.45773, 18.93497]}, "properties": {"id": "cm-obec-1050130534", "name": "โรงเรียนบ้านแม่ตะละ", "nameTh": "โรงเรียนบ้านแม่ตะละ", "nameEn": null, "cat": ["school"], "province": "cm", "slug": "1050130534", "rank": 2}}, {"type": "Feature", "geometry": {"type": "Point", "coordinates": [98.42695, 18.90951]}, "properties": {"id": "cm-obec-1050130346", "name": "โรงเรียนบ้านแม่ตะละเหนือ", "nameTh": "โรงเรียนบ้านแม่ตะละเหนือ", "nameEn": null, "cat": ["school"], "province": "cm", "slug": "1050130346", "rank": 3}}, {"type": "Feature", "geometry": {"type": "Point", "coordinates": [98.61173, 18.18483]}, "properties": {"id": "cm-obec-1050130761", "name": "โรงเรียนบ้านแม่ตื่น", "nameTh": "โรงเรียนบ้านแม่ตื่น", "nameEn": null, "cat": ["school"], "province": "cm", "slug": "1050130761", "rank": 3}}, {"type": "Feature", "geometry": {"type": "Point", "coordinates": [98.8115, 17.9486]}, "properties": {"id": "cm-obec-1050130861", "name": "โรงเรียนบ้านแม่ตูบ", "nameTh": "โรงเรียนบ้านแม่ตูบ", "nameEn": null, "cat": ["school"], "province": "cm", "slug": "1050130861", "rank": 3}}, {"type": "Feature", "geometry": {"type": "Point", "coordinates": [98.19157, 18.5019]}, "properties": {"id": "cm-obec-1050130309", "name": "โรงเรียนบ้านแม่ตูม", "nameTh": "โรงเรียนบ้านแม่ตูม", "nameEn": null, "cat": ["school"], "province": "cm", "slug": "1050130309", "rank": 3}}, {"type": "Feature", "geometry": {"type": "Point", "coordinates": [98.3481, 17.9949]}, "properties": {"id": "cm-obec-1050130784", "name": "โรงเรียนบ้านแม่ต๋อม", "nameTh": "โรงเรียนบ้านแม่ต๋อม", "nameEn": null, "cat": ["school"], "province": "cm", "slug": "1050130784", "rank": 3}}, {"type": "Feature", "geometry": {"type": "Point", "coordinates": [99.17845, 19.72405]}, "properties": {"id": "cm-obec-1050130904", "name": "โรงเรียนบ้านแม่ทะลบ", "nameTh": "โรงเรียนบ้านแม่ทะลบ", "nameEn": null, "cat": ["school"], "province": "cm", "slug": "1050130904", "rank": 3}}, {"type": "Feature", "geometry": {"type": "Point", "coordinates": [98.95326, 19.32515]}, "properties": {"id": "cm-obec-1050130086", "name": "โรงเรียนบ้านแม่นะ", "nameTh": "โรงเรียนบ้านแม่นะ", "nameEn": null, "cat": ["school"], "province": "cm", "slug": "1050130086", "rank": 3}}, {"type": "Feature", "geometry": {"type": "Point", "coordinates": [98.95323, 19.32522]}, "properties": {"id": "cm-osm-way-766790345", "name": "โรงเรียนบ้านแม่นะ", "nameTh": "โรงเรียนบ้านแม่นะ", "nameEn": "Ban Mae Na School", "cat": ["school"], "province": "cm", "slug": "ban-mae-na-school-766790345", "rank": 2}}, {"type": "Feature", "geometry": {"type": "Point", "coordinates": [98.37743, 18.68903]}, "properties": {"id": "cm-obec-1050130298", "name": "โรงเรียนบ้านแม่นาจร", "nameTh": "โรงเรียนบ้านแม่นาจร", "nameEn": null, "cat": ["school"], "province": "cm", "slug": "1050130298", "rank": 3}}, {"type": "Feature", "geometry": {"type": "Point", "coordinates": [98.80642, 17.89397]}, "properties": {"id": "cm-obec-1050130860", "name": "โรงเรียนบ้านแม่บวน", "nameTh": "โรงเรียนบ้านแม่บวน", "nameEn": null, "cat": ["school"], "province": "cm", "slug": "1050130860", "rank": 3}}, {"type": "Feature", "geometry": {"type": "Point", "coordinates": [98.61049, 18.46917]}, "properties": {"id": "cm-obec-1050130044", "name": "โรงเรียนบ้านแม่ปอน", "nameTh": "โรงเรียนบ้านแม่ปอน", "nameEn": null, "cat": ["school"], "province": "cm", "slug": "1050130044", "rank": 3}}, {"type": "Feature", "geometry": {"type": "Point", "coordinates": [99.18649, 19.22007]}, "properties": {"id": "cm-obec-1050130265", "name": "โรงเรียนบ้านแม่ปั๋ง", "nameTh": "โรงเรียนบ้านแม่ปั๋ง", "nameEn": null, "cat": ["school"], "province": "cm", "slug": "1050130265", "rank": 2}}, {"type": "Feature", "geometry": {"type": "Point", "coordinates": [99.18642, 19.22002]}, "properties": {"id": "cm-obec-1050130267", "name": "โรงเรียนบ้านแม่ปั๋ง สาขาบ้านขุนปั๋ง", "nameTh": "โรงเรียนบ้านแม่ปั๋ง สาขาบ้านขุนปั๋ง", "nameEn": null, "cat": ["school"], "province": "cm", "slug": "1050130267", "rank": 2}}, {"type": "Feature", "geometry": {"type": "Point", "coordinates": [99.16862, 19.51395]}, "properties": {"id": "cm-obec-1050130261", "name": "โรงเรียนบ้านแม่ปาคี", "nameTh": "โรงเรียนบ้านแม่ปาคี", "nameEn": null, "cat": ["school"], "province": "cm", "slug": "1050130261", "rank": 3}}, {"type": "Feature", "geometry": {"type": "Point", "coordinates": [99.17174, 19.5133]}, "properties": {"id": "cm-osm-way-1033121110", "name": "โรงเรียนบ้านแม่ปาคี", "nameTh": "โรงเรียนบ้านแม่ปาคี", "nameEn": "Mae Pa Ki school", "cat": ["school"], "province": "cm", "slug": "mae-pa-ki-school-1033121110", "rank": 2}}, {"type": "Feature", "geometry": {"type": "Point", "coordinates": [98.39732, 18.51887]}, "properties": {"id": "cm-obec-1050130337", "name": "โรงเรียนบ้านแม่ปาน", "nameTh": "โรงเรียนบ้านแม่ปาน", "nameEn": null, "cat": ["school"], "province": "cm", "slug": "1050130337", "rank": 3}}, {"type": "Feature", "geometry": {"type": "Point", "coordinates": [99.11021, 18.76696]}, "properties": {"id": "cm-obec-1050130575", "name": "โรงเรียนบ้านแม่ปูคา", "nameTh": "โรงเรียนบ้านแม่ปูคา", "nameEn": null, "cat": ["school"], "province": "cm", "slug": "1050130575", "rank": 3}}, {"type": "Feature", "geometry": {"type": "Point", "coordinates": [99.0408, 19.45409]}, "properties": {"id": "cm-obec-1050130119", "name": "โรงเรียนบ้านแม่ป๋าม", "nameTh": "โรงเรียนบ้านแม่ป๋าม", "nameEn": null, "cat": ["school"], "province": "cm", "slug": "1050130119", "rank": 3}}, {"type": "Feature", "geometry": {"type": "Point", "coordinates": [99.20596, 18.72372]}, "properties": {"id": "cm-osm-way-148428241", "name": "โรงเรียนบ้านแม่ผาแหน", "nameTh": "โรงเรียนบ้านแม่ผาแหน", "nameEn": "Mae Pha Haen School", "cat": ["school"], "province": "cm", "slug": "mae-pha-haen-school-148428241", "rank": 2}}, {"type": "Feature", "geometry": {"type": "Point", "coordinates": [98.43625, 18.61746]}, "properties": {"id": "cm-obec-1050130299", "name": "โรงเรียนบ้านแม่มะลอ", "nameTh": "โรงเรียนบ้านแม่มะลอ", "nameEn": null, "cat": ["school"], "province": "cm", "slug": "1050130299", "rank": 2}}, {"type": "Feature", "geometry": {"type": "Point", "coordinates": [98.39793, 18.72574]}, "properties": {"id": "cm-obec-1050130296", "name": "โรงเรียนบ้านแม่มุ", "nameTh": "โรงเรียนบ้านแม่มุ", "nameEn": null, "cat": ["school"], "province": "cm", "slug": "1050130296", "rank": 3}}, {"type": "Feature", "geometry": {"type": "Point", "coordinates": [98.56747, 18.84843]}, "properties": {"id": "cm-obec-1050130530", "name": "โรงเรียนบ้านแม่ยางห้า", "nameTh": "โรงเรียนบ้านแม่ยางห้า", "nameEn": null, "cat": ["school"], "province": "cm", "slug": "1050130530", "rank": 3}}, {"type": "Feature", "geometry": {"type": "Point", "coordinates": [98.55254, 18.8837]}, "properties": {"id": "cm-obec-1050130535", "name": "โรงเรียนบ้านแม่ยางห้า สาขาบ้านเด่นฮ่อม", "nameTh": "โรงเรียนบ้านแม่ยางห้า สาขาบ้านเด่นฮ่อม", "nameEn": null, "cat": ["school"], "province": "cm", "slug": "1050130535", "rank": 3}}, {"type": "Feature", "geometry": {"type": "Point", "coordinates": [98.55205, 18.885]}, "properties": {"id": "cm-osm-node-3410041473", "name": "โรงเรียนบ้านแม่ยางห้า สาขาบ้านเด่นฮ่อม", "nameTh": "โรงเรียนบ้านแม่ยางห้า สาขาบ้านเด่นฮ่อม", "nameEn": "Ban Mae Yang Ha School, Ban Den Hom Branch", "cat": ["school"], "province": "cm", "slug": "ban-mae-yang-ha-school-ban-den-hom-branch-3410041473", "rank": 2}}, {"type": "Feature", "geometry": {"type": "Point", "coordinates": [99.04632, 18.83141]}, "properties": {"id": "cm-obec-1050130631", "name": "โรงเรียนบ้านแม่ย่อย(เจียร-สมศรี  วังทองคำ)", "nameTh": "โรงเรียนบ้านแม่ย่อย(เจียร-สมศรี  วังทองคำ)", "nameEn": null, "cat": ["school"], "province": "cm", "slug": "1050130631", "rank": 3}}, {"type": "Feature", "geometry": {"type": "Point", "coordinates": [98.6024, 18.2034]}, "properties": {"id": "cm-obec-1050130817", "name": "โรงเรียนบ้านแม่ลอง", "nameTh": "โรงเรียนบ้านแม่ลอง", "nameEn": null, "cat": ["school"], "province": "cm", "slug": "1050130817", "rank": 2}}, {"type": "Feature", "geometry": {"type": "Point", "coordinates": [98.69827, 18.77923]}, "properties": {"id": "cm-obec-1050130521", "name": "โรงเรียนบ้านแม่ลานคำ", "nameTh": "โรงเรียนบ้านแม่ลานคำ", "nameEn": null, "cat": ["school"], "province": "cm", "slug": "1050130521", "rank": 2}}, {"type": "Feature", "geometry": {"type": "Point", "coordinates": [98.77514, 18.85568]}, "properties": {"id": "cm-obec-1050130522", "name": "โรงเรียนบ้านแม่ลานคำ สาขาบ้านป่าคานอก", "nameTh": "โรงเรียนบ้านแม่ลานคำ สาขาบ้านป่าคานอก", "nameEn": null, "cat": ["school"], "province": "cm", "slug": "1050130522", "rank": 2}}, {"type": "Feature", "geometry": {"type": "Point", "coordinates": [98.3522, 17.685]}, "properties": {"id": "cm-obec-1050130777", "name": "โรงเรียนบ้านแม่ลานหลวง", "nameTh": "โรงเรียนบ้านแม่ลานหลวง", "nameEn": null, "cat": ["school"], "province": "cm", "slug": "1050130777", "rank": 3}}, {"type": "Feature", "geometry": {"type": "Point", "coordinates": [98.3568, 17.7356]}, "properties": {"id": "cm-obec-1050130779", "name": "โรงเรียนบ้านแม่ลานหลวง สาขาบ้านดอยซาง", "nameTh": "โรงเรียนบ้านแม่ลานหลวง สาขาบ้านดอยซาง", "nameEn": null, "cat": ["school"], "province": "cm", "slug": "1050130779", "rank": 2}}, {"type": "Feature", "geometry": {"type": "Point", "coordinates": [98.363, 18.0476]}, "properties": {"id": "cm-obec-1050130810", "name": "โรงเรียนบ้านแม่ลาย", "nameTh": "โรงเรียนบ้านแม่ลาย", "nameEn": null, "cat": ["school"], "province": "cm", "slug": "1050130810", "rank": 2}}, {"type": "Feature", "geometry": {"type": "Point", "coordinates": [98.338, 18.0652]}, "properties": {"id": "cm-obec-1050130813", "name": "โรงเรียนบ้านแม่ลายเหนือ", "nameTh": "โรงเรียนบ้านแม่ลายเหนือ", "nameEn": null, "cat": ["school"], "province": "cm", "slug": "1050130813", "rank": 2}}, {"type": "Feature", "geometry": {"type": "Point", "coordinates": [98.39482, 18.63777]}, "properties": {"id": "cm-obec-1050130300", "name": "โรงเรียนบ้านแม่วาก", "nameTh": "โรงเรียนบ้านแม่วาก", "nameEn": null, "cat": ["school"], "province": "cm", "slug": "1050130300", "rank": 3}}, {"type": "Feature", "geometry": {"type": "Point", "coordinates": [98.33982, 18.55275]}, "properties": {"id": "cm-obec-1050130318", "name": "โรงเรียนบ้านแม่ศึก", "nameTh": "โรงเรียนบ้านแม่ศึก", "nameEn": null, "cat": ["school"], "province": "cm", "slug": "1050130318", "rank": 3}}, {"type": "Feature", "geometry": {"type": "Point", "coordinates": [98.65886, 18.2931]}, "properties": {"id": "cm-obec-1050130071", "name": "โรงเรียนบ้านแม่สอย", "nameTh": "โรงเรียนบ้านแม่สอย", "nameEn": null, "cat": ["school"], "province": "cm", "slug": "1050130071", "rank": 3}}, {"type": "Feature", "geometry": {"type": "Point", "coordinates": [98.3173, 18.1446]}, "properties": {"id": "cm-obec-1050130812", "name": "โรงเรียนบ้านแม่สะนาม", "nameTh": "โรงเรียนบ้านแม่สะนาม", "nameEn": null, "cat": ["school"], "province": "cm", "slug": "1050130812", "rank": 3}}, {"type": "Feature", "geometry": {"type": "Point", "coordinates": [98.15653, 17.71854]}, "properties": {"id": "cm-obec-1050130983", "name": "โรงเรียนบ้านแม่สะเต", "nameTh": "โรงเรียนบ้านแม่สะเต", "nameEn": null, "cat": ["school"], "province": "cm", "slug": "1050130983", "rank": 3}}, {"type": "Feature", "geometry": {"type": "Point", "coordinates": [98.95366, 18.89286]}, "properties": {"id": "cm-obec-1050130452", "name": "โรงเรียนบ้านแม่สา", "nameTh": "โรงเรียนบ้านแม่สา", "nameEn": null, "cat": ["school"], "province": "cm", "slug": "1050130452", "rank": 3}}, {"type": "Feature", "geometry": {"type": "Point", "coordinates": [98.95358, 18.89276]}, "properties": {"id": "cm-osm-node-1483765459", "name": "โรงเรียนบ้านแม่สา", "nameTh": "โรงเรียนบ้านแม่สา", "nameEn": "Ban Mae Sa School", "cat": ["school"], "province": "cm", "slug": "ban-mae-sa-school-1483765459", "rank": 2}}, {"type": "Feature", "geometry": {"type": "Point", "coordinates": [99.26315, 20.01009]}, "properties": {"id": "cm-obec-1050130510", "name": "โรงเรียนบ้านแม่สาว", "nameTh": "โรงเรียนบ้านแม่สาว", "nameEn": null, "cat": ["school"], "province": "cm", "slug": "1050130510", "rank": 3}}, {"type": "Feature", "geometry": {"type": "Point", "coordinates": [99.26352, 20.00968]}, "properties": {"id": "cm-osm-node-6533501991", "name": "โรงเรียนบ้านแม่สาว", "nameTh": "โรงเรียนบ้านแม่สาว", "nameEn": null, "cat": ["school"], "province": "cm", "slug": "6533501991", "rank": 1}}, {"type": "Feature", "geometry": {"type": "Point", "coordinates": [99.13718, 19.85739]}, "properties": {"id": "cm-obec-1050130185", "name": "โรงเรียนบ้านแม่สูนน้อย", "nameTh": "โรงเรียนบ้านแม่สูนน้อย", "nameEn": null, "cat": ["school"], "province": "cm", "slug": "1050130185", "rank": 3}}, {"type": "Feature", "geometry": {"type": "Point", "coordinates": [98.23856, 18.53806]}, "properties": {"id": "cm-obec-1050130314", "name": "โรงเรียนบ้านแม่หงานหลวง", "nameTh": "โรงเรียนบ้านแม่หงานหลวง", "nameEn": null, "cat": ["school"], "province": "cm", "slug": "1050130314", "rank": 3}}, {"type": "Feature", "geometry": {"type": "Point", "coordinates": [98.2425, 17.6969]}, "properties": {"id": "cm-obec-1050130792", "name": "โรงเรียนบ้านแม่หลองน้อย", "nameTh": "โรงเรียนบ้านแม่หลองน้อย", "nameEn": null, "cat": ["school"], "province": "cm", "slug": "1050130792", "rank": 3}}, {"type": "Feature", "geometry": {"type": "Point", "coordinates": [99.23543, 18.95364]}, "properties": {"id": "cm-obec-1050130141", "name": "โรงเรียนบ้านแม่หวาน", "nameTh": "โรงเรียนบ้านแม่หวาน", "nameEn": null, "cat": ["school"], "province": "cm", "slug": "1050130141", "rank": 3}}, {"type": "Feature", "geometry": {"type": "Point", "coordinates": [98.32824, 18.76801]}, "properties": {"id": "cm-obec-1050130295", "name": "โรงเรียนบ้านแม่หอย", "nameTh": "โรงเรียนบ้านแม่หอย", "nameEn": null, "cat": ["school"], "province": "cm", "slug": "1050130295", "rank": 3}}, {"type": "Feature", "geometry": {"type": "Point", "coordinates": [98.1905, 18.2019]}, "properties": {"id": "cm-obec-1050130798", "name": "โรงเรียนบ้านแม่อมลอง", "nameTh": "โรงเรียนบ้านแม่อมลอง", "nameEn": null, "cat": ["school"], "province": "cm", "slug": "1050130798", "rank": 3}}, {"type": "Feature", "geometry": {"type": "Point", "coordinates": [98.2911, 17.9743]}, "properties": {"id": "cm-obec-1050130785", "name": "โรงเรียนบ้านแม่อ่างขาง", "nameTh": "โรงเรียนบ้านแม่อ่างขาง", "nameEn": null, "cat": ["school"], "province": "cm", "slug": "1050130785", "rank": 3}}, {"type": "Feature", "geometry": {"type": "Point", "coordinates": [98.9974, 19.29732]}, "properties": {"id": "cm-obec-1050130089", "name": "โรงเรียนบ้านแม่อ้อใน", "nameTh": "โรงเรียนบ้านแม่อ้อใน", "nameEn": null, "cat": ["school"], "province": "cm", "slug": "1050130089", "rank": 2}}, {"type": "Feature", "geometry": {"type": "Point", "coordinates": [99.24607, 19.9778]}, "properties": {"id": "cm-osm-way-758740284", "name": "โรงเรียนบ้านแม่ฮ่าง", "nameTh": "โรงเรียนบ้านแม่ฮ่าง", "nameEn": "Ban Mae Hang school", "cat": ["school"], "province": "cm", "slug": "ban-mae-hang-school-758740284", "rank": 2}}, {"type": "Feature", "geometry": {"type": "Point", "coordinates": [99.15605, 18.81168]}, "properties": {"id": "cm-obec-1050130176", "name": "โรงเรียนบ้านแม่ฮ้อยเงิน", "nameTh": "โรงเรียนบ้านแม่ฮ้อยเงิน", "nameEn": null, "cat": ["school"], "province": "cm", "slug": "1050130176", "rank": 3}}, {"type": "Feature", "geometry": {"type": "Point", "coordinates": [98.67243, 19.20441]}, "properties": {"id": "cm-obec-1050130365", "name": "โรงเรียนบ้านแม่เลา", "nameTh": "โรงเรียนบ้านแม่เลา", "nameEn": null, "cat": ["school"], "province": "cm", "slug": "1050130365", "rank": 2}}, {"type": "Feature", "geometry": {"type": "Point", "coordinates": [99.20733, 19.31499]}, "properties": {"id": "cm-obec-1050130275", "name": "โรงเรียนบ้านแม่เหียะ", "nameTh": "โรงเรียนบ้านแม่เหียะ", "nameEn": null, "cat": ["school"], "province": "cm", "slug": "1050130275", "rank": 3}}, {"type": "Feature", "geometry": {"type": "Point", "coordinates": [98.94269, 18.74601]}, "properties": {"id": "cm-obec-1050130010", "name": "โรงเรียนบ้านแม่เหียะสามัคคี", "nameTh": "โรงเรียนบ้านแม่เหียะสามัคคี", "nameEn": null, "cat": ["school"], "province": "cm", "slug": "1050130010", "rank": 3}}, {"type": "Feature", "geometry": {"type": "Point", "coordinates": [98.40429, 18.82348]}, "properties": {"id": "cm-obec-1050130297", "name": "โรงเรียนบ้านแม่เอาะ", "nameTh": "โรงเรียนบ้านแม่เอาะ", "nameEn": null, "cat": ["school"], "province": "cm", "slug": "1050130297", "rank": 3}}, {"type": "Feature", "geometry": {"type": "Point", "coordinates": [98.41346, 18.96085]}, "properties": {"id": "cm-obec-1050130342", "name": "โรงเรียนบ้านแม่แดดน้อย", "nameTh": "โรงเรียนบ้านแม่แดดน้อย", "nameEn": null, "cat": ["school"], "province": "cm", "slug": "1050130342", "rank": 3}}, {"type": "Feature", "geometry": {"type": "Point", "coordinates": [98.41366, 19.02856]}, "properties": {"id": "cm-obec-1050130348", "name": "โรงเรียนบ้านแม่แดดน้อย สาขาดงสามหมื่น", "nameTh": "โรงเรียนบ้านแม่แดดน้อย สาขาดงสามหมื่น", "nameEn": null, "cat": ["school"], "province": "cm", "slug": "1050130348", "rank": 3}}, {"type": "Feature", "geometry": {"type": "Point", "coordinates": [98.97106, 19.00127]}, "properties": {"id": "cm-obec-1050130613", "name": "โรงเรียนบ้านแม่แต", "nameTh": "โรงเรียนบ้านแม่แต", "nameEn": null, "cat": ["school"], "province": "cm", "slug": "1050130613", "rank": 2}}, {"type": "Feature", "geometry": {"type": "Point", "coordinates": [98.97518, 18.99093]}, "properties": {"id": "cm-obec-1050130616", "name": "โรงเรียนบ้านแม่แฝก", "nameTh": "โรงเรียนบ้านแม่แฝก", "nameEn": null, "cat": ["school"], "province": "cm", "slug": "1050130616", "rank": 3}}, {"type": "Feature", "geometry": {"type": "Point", "coordinates": [98.73457, 19.18729]}, "properties": {"id": "cm-obec-1050130369", "name": "โรงเรียนบ้านแม่แมม", "nameTh": "โรงเรียนบ้านแม่แมม", "nameEn": null, "cat": ["school"], "province": "cm", "slug": "1050130369", "rank": 3}}, {"type": "Feature", "geometry": {"type": "Point", "coordinates": [98.88706, 19.31988]}, "properties": {"id": "cm-obec-1050130091", "name": "โรงเรียนบ้านแม่แมะ", "nameTh": "โรงเรียนบ้านแม่แมะ", "nameEn": null, "cat": ["school"], "province": "cm", "slug": "1050130091", "rank": 3}}, {"type": "Feature", "geometry": {"type": "Point", "coordinates": [98.58052, 18.98778]}, "properties": {"id": "cm-obec-1050130544", "name": "โรงเรียนบ้านแม่แว", "nameTh": "โรงเรียนบ้านแม่แว", "nameEn": null, "cat": ["school"], "province": "cm", "slug": "1050130544", "rank": 3}}, {"type": "Feature", "geometry": {"type": "Point", "coordinates": [98.67243, 19.20441]}, "properties": {"id": "cm-obec-1050130368", "name": "โรงเรียนบ้านแม่แสะ", "nameTh": "โรงเรียนบ้านแม่แสะ", "nameEn": null, "cat": ["school"], "province": "cm", "slug": "1050130368", "rank": 3}}, {"type": "Feature", "geometry": {"type": "Point", "coordinates": [98.65384, 19.24445]}, "properties": {"id": "cm-osm-node-7726180085", "name": "โรงเรียนบ้านแม่แสะ", "nameTh": "โรงเรียนบ้านแม่แสะ", "nameEn": "Ban Mae Sae school", "cat": ["school"], "province": "cm", "slug": "ban-mae-sae-school-7726180085", "rank": 2}}, {"type": "Feature", "geometry": {"type": "Point", "coordinates": [98.53108, 18.79118]}, "properties": {"id": "cm-obec-1050130345", "name": "โรงเรียนบ้านแม่แฮเหนือ", "nameTh": "โรงเรียนบ้านแม่แฮเหนือ", "nameEn": null, "cat": ["school"], "province": "cm", "slug": "1050130345", "rank": 3}}, {"type": "Feature", "geometry": {"type": "Point", "coordinates": [98.51229, 18.88145]}, "properties": {"id": "cm-obec-1050130349", "name": "โรงเรียนบ้านแม่แฮเหนือ สาขาแม่แจ๊ะ", "nameTh": "โรงเรียนบ้านแม่แฮเหนือ สาขาแม่แจ๊ะ", "nameEn": null, "cat": ["school"], "province": "cm", "slug": "1050130349", "rank": 3}}, {"type": "Feature", "geometry": {"type": "Point", "coordinates": [98.13868, 18.42883]}, "properties": {"id": "cm-obec-1050130312", "name": "โรงเรียนบ้านแม่แฮใต้", "nameTh": "โรงเรียนบ้านแม่แฮใต้", "nameEn": null, "cat": ["school"], "province": "cm", "slug": "1050130312", "rank": 3}}, {"type": "Feature", "geometry": {"type": "Point", "coordinates": [98.1802, 17.7603]}, "properties": {"id": "cm-obec-1050130790", "name": "โรงเรียนบ้านแม่โขง", "nameTh": "โรงเรียนบ้านแม่โขง", "nameEn": null, "cat": ["school"], "province": "cm", "slug": "1050130790", "rank": 2}}, {"type": "Feature", "geometry": {"type": "Point", "coordinates": [99.00506, 18.89988]}, "properties": {"id": "cm-obec-1050130623", "name": "โรงเรียนบ้านแม่โจ้", "nameTh": "โรงเรียนบ้านแม่โจ้", "nameEn": null, "cat": ["school"], "province": "cm", "slug": "1050130623", "rank": 3}}, {"type": "Feature", "geometry": {"type": "Point", "coordinates": [99.00568, 18.90005]}, "properties": {"id": "cm-osm-node-2587311541", "name": "โรงเรียนบ้านแม่โจ้", "nameTh": "โรงเรียนบ้านแม่โจ้", "nameEn": "Mae Jo School", "cat": ["school"], "province": "cm", "slug": "mae-jo-school-2587311541", "rank": 2}}, {"type": "Feature", "geometry": {"type": "Point", "coordinates": [98.62126, 18.82691]}, "properties": {"id": "cm-obec-1050130533", "name": "โรงเรียนบ้านแม่โต๋", "nameTh": "โรงเรียนบ้านแม่โต๋", "nameEn": null, "cat": ["school"], "province": "cm", "slug": "1050130533", "rank": 2}}, {"type": "Feature", "geometry": {"type": "Point", "coordinates": [99.19405, 19.9189]}, "properties": {"id": "cm-obec-1050130233", "name": "โรงเรียนบ้านแม่ใจ", "nameTh": "โรงเรียนบ้านแม่ใจ", "nameEn": null, "cat": ["school"], "province": "cm", "slug": "1050130233", "rank": 3}}, {"type": "Feature", "geometry": {"type": "Point", "coordinates": [98.68379, 19.08061]}, "properties": {"id": "cm-obec-1050130367", "name": "โรงเรียนบ้านแม่ไคร้", "nameTh": "โรงเรียนบ้านแม่ไคร้", "nameEn": null, "cat": ["school"], "province": "cm", "slug": "1050130367", "rank": 3}}, {"type": "Feature", "geometry": {"type": "Point", "coordinates": [98.90022, 18.66901]}, "properties": {"id": "cm-obec-1050130730", "name": "โรงเรียนบ้านแสนตอ", "nameTh": "โรงเรียนบ้านแสนตอ", "nameEn": null, "cat": ["school"], "province": "cm", "slug": "1050130730", "rank": 2}}, {"type": "Feature", "geometry": {"type": "Point", "coordinates": [98.6401, 18.048]}, "properties": {"id": "cm-obec-1050130851", "name": "โรงเรียนบ้านแอ่นจัดสรร", "nameTh": "โรงเรียนบ้านแอ่นจัดสรร", "nameEn": null, "cat": ["school"], "province": "cm", "slug": "1050130851", "rank": 3}}, {"type": "Feature", "geometry": {"type": "Point", "coordinates": [98.6324, 18.0392]}, "properties": {"id": "cm-obec-1050130850", "name": "โรงเรียนบ้านแอ่นใหม่", "nameTh": "โรงเรียนบ้านแอ่นใหม่", "nameEn": null, "cat": ["school"], "province": "cm", "slug": "1050130850", "rank": 3}}, {"type": "Feature", "geometry": {"type": "Point", "coordinates": [98.6009, 18.1422]}, "properties": {"id": "cm-obec-1050130823", "name": "โรงเรียนบ้านโค้งงาม", "nameTh": "โรงเรียนบ้านโค้งงาม", "nameEn": null, "cat": ["school"], "province": "cm", "slug": "1050130823", "rank": 3}}, {"type": "Feature", "geometry": {"type": "Point", "coordinates": [98.61173, 18.18483]}, "properties": {"id": "cm-obec-1050130853", "name": "โรงเรียนบ้านโท้งวิทยา", "nameTh": "โรงเรียนบ้านโท้งวิทยา", "nameEn": null, "cat": ["school"], "province": "cm", "slug": "1050130853", "rank": 2}}, {"type": "Feature", "geometry": {"type": "Point", "coordinates": [99.02848, 18.92122]}, "properties": {"id": "cm-obec-1050130629", "name": "โรงเรียนบ้านโปง", "nameTh": "โรงเรียนบ้านโปง", "nameEn": null, "cat": ["school"], "province": "cm", "slug": "1050130629", "rank": 3}}, {"type": "Feature", "geometry": {"type": "Point", "coordinates": [98.7442, 17.8521]}, "properties": {"id": "cm-obec-1050130857", "name": "โรงเรียนบ้านโปง", "nameTh": "โรงเรียนบ้านโปง", "nameEn": null, "cat": ["school"], "province": "cm", "slug": "1050130857", "rank": 3}}, {"type": "Feature", "geometry": {"type": "Point", "coordinates": [99.02866, 18.92229]}, "properties": {"id": "cm-osm-way-255667244", "name": "โรงเรียนบ้านโปง", "nameTh": "โรงเรียนบ้านโปง", "nameEn": "Ban Pong School", "cat": ["school"], "province": "cm", "slug": "ban-pong-school-255667244", "rank": 2}}, {"type": "Feature", "geometry": {"type": "Point", "coordinates": [98.7508, 17.8534]}, "properties": {"id": "cm-obec-1050130858", "name": "โรงเรียนบ้านโปงทุ่ง", "nameTh": "โรงเรียนบ้านโปงทุ่ง", "nameEn": null, "cat": ["school"], "province": "cm", "slug": "1050130858", "rank": 3}}, {"type": "Feature", "geometry": {"type": "Point", "coordinates": [98.96125, 19.0496]}, "properties": {"id": "cm-obec-1050130610", "name": "โรงเรียนบ้านโป่ง", "nameTh": "โรงเรียนบ้านโป่ง", "nameEn": null, "cat": ["school"], "province": "cm", "slug": "1050130610", "rank": 2}}, {"type": "Feature", "geometry": {"type": "Point", "coordinates": [99.24133, 18.90972]}, "properties": {"id": "cm-obec-1050130142", "name": "โรงเรียนบ้านโป่งกุ่ม", "nameTh": "โรงเรียนบ้านโป่งกุ่ม", "nameEn": null, "cat": ["school"], "province": "cm", "slug": "1050130142", "rank": 3}}, {"type": "Feature", "geometry": {"type": "Point", "coordinates": [99.28648, 19.83592]}, "properties": {"id": "cm-obec-1050130181", "name": "โรงเรียนบ้านโป่งถืบ", "nameTh": "โรงเรียนบ้านโป่งถืบ", "nameEn": null, "cat": ["school"], "province": "cm", "slug": "1050130181", "rank": 3}}, {"type": "Feature", "geometry": {"type": "Point", "coordinates": [99.18029, 19.81676]}, "properties": {"id": "cm-obec-1050130224", "name": "โรงเรียนบ้านโป่งนก", "nameTh": "โรงเรียนบ้านโป่งนก", "nameEn": null, "cat": ["school"], "province": "cm", "slug": "1050130224", "rank": 3}}, {"type": "Feature", "geometry": {"type": "Point", "coordinates": [98.9448, 18.77005]}, "properties": {"id": "cm-obec-1050130009", "name": "โรงเรียนบ้านโป่งน้อย", "nameTh": "โรงเรียนบ้านโป่งน้อย", "nameEn": null, "cat": ["school"], "province": "cm", "slug": "1050130009", "rank": 3}}, {"type": "Feature", "geometry": {"type": "Point", "coordinates": [98.94462, 18.76978]}, "properties": {"id": "cm-osm-way-854514944", "name": "โรงเรียนบ้านโป่งน้อย", "nameTh": "โรงเรียนบ้านโป่งน้อย", "nameEn": "Ban Pong Noi School", "cat": ["school"], "province": "cm", "slug": "ban-pong-noi-school-854514944", "rank": 2}}, {"type": "Feature", "geometry": {"type": "Point", "coordinates": [99.16486, 19.94658]}, "properties": {"id": "cm-obec-1050130206", "name": "โรงเรียนบ้านโป่งน้ำร้อน", "nameTh": "โรงเรียนบ้านโป่งน้ำร้อน", "nameEn": null, "cat": ["school"], "province": "cm", "slug": "1050130206", "rank": 3}}, {"type": "Feature", "geometry": {"type": "Point", "coordinates": [98.82028, 18.88453]}, "properties": {"id": "cm-obec-1050130421", "name": "โรงเรียนบ้านโป่งแยงใน", "nameTh": "โรงเรียนบ้านโป่งแยงใน", "nameEn": null, "cat": ["school"], "province": "cm", "slug": "1050130421", "rank": 3}}, {"type": "Feature", "geometry": {"type": "Point", "coordinates": [98.82016, 18.88455]}, "properties": {"id": "cm-osm-node-2556134228", "name": "โรงเรียนบ้านโป่งแยงใน", "nameTh": "โรงเรียนบ้านโป่งแยงใน", "nameEn": "Rongrian Ban Pong Yaeng Nai", "cat": ["school"], "province": "cm", "slug": "rongrian-ban-pong-yaeng-nai-2556134228", "rank": 2}}, {"type": "Feature", "geometry": {"type": "Point", "coordinates": [98.8038, 18.91138]}, "properties": {"id": "cm-osm-node-4489873489", "name": "โรงเรียนบ้านโป่งไคร้", "nameTh": "โรงเรียนบ้านโป่งไคร้", "nameEn": "Ban Pong Khai School", "cat": ["school"], "province": "cm", "slug": "ban-pong-khai-school-4489873489", "rank": 3}}, {"type": "Feature", "geometry": {"type": "Point", "coordinates": [99.23141, 20.02454]}, "properties": {"id": "cm-obec-1050130512", "name": "โรงเรียนบ้านโป่งไฮ", "nameTh": "โรงเรียนบ้านโป่งไฮ", "nameEn": null, "cat": ["school"], "province": "cm", "slug": "1050130512", "rank": 3}}, {"type": "Feature", "geometry": {"type": "Point", "coordinates": [99.23131, 20.02435]}, "properties": {"id": "cm-osm-way-907605357", "name": "โรงเรียนบ้านโป่งไฮ", "nameTh": "โรงเรียนบ้านโป่งไฮ", "nameEn": "Ban Pong Hai School", "cat": ["school"], "province": "cm", "slug": "ban-pong-hai-school-907605357", "rank": 2}}, {"type": "Feature", "geometry": {"type": "Point", "coordinates": [98.43092, 18.36287]}, "properties": {"id": "cm-obec-1050130290", "name": "โรงเรียนบ้านโม่งหลวง", "nameTh": "โรงเรียนบ้านโม่งหลวง", "nameEn": null, "cat": ["school"], "province": "cm", "slug": "1050130290", "rank": 3}}, {"type": "Feature", "geometry": {"type": "Point", "coordinates": [98.45551, 18.37946]}, "properties": {"id": "cm-obec-1050130293", "name": "โรงเรียนบ้านโม่งหลวง สาขาบ้านแม่อมลานใน", "nameTh": "โรงเรียนบ้านโม่งหลวง สาขาบ้านแม่อมลานใน", "nameEn": null, "cat": ["school"], "province": "cm", "slug": "1050130293", "rank": 2}}, {"type": "Feature", "geometry": {"type": "Point", "coordinates": [98.65207, 18.29202]}, "properties": {"id": "cm-obec-1050130072", "name": "โรงเรียนบ้านโรงวัว", "nameTh": "โรงเรียนบ้านโรงวัว", "nameEn": null, "cat": ["school"], "province": "cm", "slug": "1050130072", "rank": 3}}, {"type": "Feature", "geometry": {"type": "Point", "coordinates": [99.25622, 19.93577]}, "properties": {"id": "cm-obec-1050130490", "name": "โรงเรียนบ้านโละ", "nameTh": "โรงเรียนบ้านโละ", "nameEn": null, "cat": ["school"], "province": "cm", "slug": "1050130490", "rank": 3}}, {"type": "Feature", "geometry": {"type": "Point", "coordinates": [98.1383, 17.8623]}, "properties": {"id": "cm-obec-1050130795", "name": "โรงเรียนบ้านใบหนา", "nameTh": "โรงเรียนบ้านใบหนา", "nameEn": null, "cat": ["school"], "province": "cm", "slug": "1050130795", "rank": 3}}, {"type": "Feature", "geometry": {"type": "Point", "coordinates": [98.95629, 19.45575]}, "properties": {"id": "cm-obec-1050130112", "name": "โรงเรียนบ้านใหม่", "nameTh": "โรงเรียนบ้านใหม่", "nameEn": null, "cat": ["school"], "province": "cm", "slug": "1050130112", "rank": 3}}, {"type": "Feature", "geometry": {"type": "Point", "coordinates": [98.95635, 19.45587]}, "properties": {"id": "cm-osm-way-886816100", "name": "โรงเรียนบ้านใหม่", "nameTh": "โรงเรียนบ้านใหม่", "nameEn": "Ban Mai School", "cat": ["school"], "province": "cm", "slug": "ban-mai-school-886816100", "rank": 2}}, {"type": "Feature", "geometry": {"type": "Point", "coordinates": [98.77189, 18.61701]}, "properties": {"id": "cm-obec-1050130908", "name": "โรงเรียนบ้านใหม่ปางเติม", "nameTh": "โรงเรียนบ้านใหม่ปางเติม", "nameEn": null, "cat": ["school"], "province": "cm", "slug": "1050130908", "rank": 3}}, {"type": "Feature", "geometry": {"type": "Point", "coordinates": [98.77192, 18.61674]}, "properties": {"id": "cm-osm-node-3382939552", "name": "โรงเรียนบ้านใหม่ปางเติม", "nameTh": "โรงเรียนบ้านใหม่ปางเติม", "nameEn": "Ban Mai Pang Toem School", "cat": ["school"], "province": "cm", "slug": "ban-mai-pang-toem-school-3382939552", "rank": 2}}, {"type": "Feature", "geometry": {"type": "Point", "coordinates": [98.794, 18.62286]}, "properties": {"id": "cm-obec-1050130915", "name": "โรงเรียนบ้านใหม่สวรรค์", "nameTh": "โรงเรียนบ้านใหม่สวรรค์", "nameEn": null, "cat": ["school"], "province": "cm", "slug": "1050130915", "rank": 2}}, {"type": "Feature", "geometry": {"type": "Point", "coordinates": [98.66042, 18.28261]}, "properties": {"id": "cm-obec-1050130077", "name": "โรงเรียนบ้านใหม่สารภี", "nameTh": "โรงเรียนบ้านใหม่สารภี", "nameEn": null, "cat": ["school"], "province": "cm", "slug": "1050130077", "rank": 3}}, {"type": "Feature", "geometry": {"type": "Point", "coordinates": [98.66061, 18.28204]}, "properties": {"id": "cm-osm-relation-15665411", "name": "โรงเรียนบ้านใหม่สารภี", "nameTh": "โรงเรียนบ้านใหม่สารภี", "nameEn": "Ban Mai Saraphi School", "cat": ["school"], "province": "cm", "slug": "ban-mai-saraphi-school-15665411", "rank": 2}}, {"type": "Feature", "geometry": {"type": "Point", "coordinates": [99.09793, 19.72019]}, "properties": {"id": "cm-obec-1050130895", "name": "โรงเรียนบ้านใหม่หนองบัว", "nameTh": "โรงเรียนบ้านใหม่หนองบัว", "nameEn": null, "cat": ["school"], "province": "cm", "slug": "1050130895", "rank": 3}}, {"type": "Feature", "geometry": {"type": "Point", "coordinates": [98.79867, 18.53586]}, "properties": {"id": "cm-obec-1050130966", "name": "โรงเรียนบ้านใหม่หนองหอย", "nameTh": "โรงเรียนบ้านใหม่หนองหอย", "nameEn": null, "cat": ["school"], "province": "cm", "slug": "1050130966", "rank": 2}}, {"type": "Feature", "geometry": {"type": "Point", "coordinates": [98.79876, 18.5353]}, "properties": {"id": "cm-osm-node-2684281633", "name": "โรงเรียนบ้านใหม่หนองหอย", "nameTh": "โรงเรียนบ้านใหม่หนองหอย", "nameEn": "Ban Mai Nong Hoi School", "cat": ["school"], "province": "cm", "slug": "ban-mai-nong-hoi-school-2684281633", "rank": 2}}, {"type": "Feature", "geometry": {"type": "Point", "coordinates": [98.91983, 18.71372]}, "properties": {"id": "cm-obec-1050130755", "name": "โรงเรียนบ้านไร่", "nameTh": "โรงเรียนบ้านไร่", "nameEn": null, "cat": ["school"], "province": "cm", "slug": "1050130755", "rank": 3}}, {"type": "Feature", "geometry": {"type": "Point", "coordinates": [98.61173, 18.18483]}, "properties": {"id": "cm-obec-1050130863", "name": "โรงเรียนบ้านไร่", "nameTh": "โรงเรียนบ้านไร่", "nameEn": null, "cat": ["school"], "province": "cm", "slug": "1050130863", "rank": 3}}, {"type": "Feature", "geometry": {"type": "Point", "coordinates": [99.19865, 19.41966]}, "properties": {"id": "cm-obec-1050130243", "name": "โรงเรียนประชาสามัคคีวิทยา", "nameTh": "โรงเรียนประชาสามัคคีวิทยา", "nameEn": null, "cat": ["school"], "province": "cm", "slug": "1050130243", "rank": 3}}, {"type": "Feature", "geometry": {"type": "Point", "coordinates": [99.18644, 19.22002]}, "properties": {"id": "cm-obec-1050130263", "name": "โรงเรียนประดู่วิทยา", "nameTh": "โรงเรียนประดู่วิทยา", "nameEn": null, "cat": ["school"], "province": "cm", "slug": "1050130263", "rank": 3}}, {"type": "Feature", "geometry": {"type": "Point", "coordinates": [99.18646, 19.23505]}, "properties": {"id": "cm-osm-node-4602725116", "name": "โรงเรียนประดู่วิทยา", "nameTh": "โรงเรียนประดู่วิทยา", "nameEn": "Rongrian Pradu Witthaya", "cat": ["school"], "province": "cm", "slug": "rongrian-pradu-witthaya-4602725116", "rank": 2}}, {"type": "Feature", "geometry": {"type": "Point", "coordinates": [99.38294, 19.98992]}, "properties": {"id": "cm-obec-1050130478", "name": "โรงเรียนประพันธ์ - อารีย์ หงษ์สกุล(บ้านห้วยหลวง)", "nameTh": "โรงเรียนประพันธ์ - อารีย์ หงษ์สกุล(บ้านห้วยหลวง)", "nameEn": null, "cat": ["school"], "province": "cm", "slug": "1050130478", "rank": 3}}, {"type": "Feature", "geometry": {"type": "Point", "coordinates": [99.00552, 18.79754]}, "properties": {"id": "cm-osm-way-189054411", "name": "โรงเรียนปรินส์รอยแยลส์วิทยาลัย", "nameTh": "โรงเรียนปรินส์รอยแยลส์วิทยาลัย", "nameEn": "The Prince Royal's College", "cat": ["school"], "province": "cm", "slug": "the-prince-royal-s-college-189054411", "rank": 3}}, {"type": "Feature", "geometry": {"type": "Point", "coordinates": [98.91886, 19.26795]}, "properties": {"id": "cm-osm-node-3851570278", "name": "โรงเรียนปางห้วยตาด", "nameTh": "โรงเรียนปางห้วยตาด", "nameEn": "Pang Huai Tat School", "cat": ["school"], "province": "cm", "slug": "pang-huai-tat-school-3851570278", "rank": 2}}, {"type": "Feature", "geometry": {"type": "Point", "coordinates": [98.65735, 18.2811]}, "properties": {"id": "cm-obec-1050130083", "name": "โรงเรียนป่ากล้วยพัฒนา", "nameTh": "โรงเรียนป่ากล้วยพัฒนา", "nameEn": null, "cat": ["school"], "province": "cm", "slug": "1050130083", "rank": 3}}, {"type": "Feature", "geometry": {"type": "Point", "coordinates": [98.98938, 19.18111]}, "properties": {"id": "cm-obec-1050130351", "name": "โรงเรียนป่าจี้วังแดงวิทยา", "nameTh": "โรงเรียนป่าจี้วังแดงวิทยา", "nameEn": null, "cat": ["school"], "province": "cm", "slug": "1050130351", "rank": 3}}, {"type": "Feature", "geometry": {"type": "Point", "coordinates": [98.67243, 19.20441]}, "properties": {"id": "cm-obec-1050130364", "name": "โรงเรียนป่าแป๋วิทยา", "nameTh": "โรงเรียนป่าแป๋วิทยา", "nameEn": null, "cat": ["school"], "province": "cm", "slug": "1050130364", "rank": 2}}, {"type": "Feature", "geometry": {"type": "Point", "coordinates": [99.20639, 19.91038]}, "properties": {"id": "cm-obec-1050131005", "name": "โรงเรียนฝางชนูปถัมภ์", "nameTh": "โรงเรียนฝางชนูปถัมภ์", "nameEn": null, "cat": ["school"], "province": "cm", "slug": "1050131005", "rank": 3}}, {"type": "Feature", "geometry": {"type": "Point", "coordinates": [99.04259, 18.73697]}, "properties": {"id": "cm-dgth-monastic-2371718491", "name": "โรงเรียนฝางธรรมศึกษา", "nameTh": "โรงเรียนฝางธรรมศึกษา", "nameEn": null, "cat": ["school"], "province": "cm", "slug": "2371718491", "rank": 2}}, {"type": "Feature", "geometry": {"type": "Point", "coordinates": [99.30274, 20.03454]}, "properties": {"id": "cm-dgth-monastic-2870117873", "name": "โรงเรียนพระปริยัติธรรมวัดท่าตอน", "nameTh": "โรงเรียนพระปริยัติธรรมวัดท่าตอน", "nameEn": null, "cat": ["school"], "province": "cm", "slug": "2870117873", "rank": 2}}, {"type": "Feature", "geometry": {"type": "Point", "coordinates": [98.89094, 18.64311]}, "properties": {"id": "cm-dgth-monastic-3541880565", "name": "โรงเรียนพระปริยัติธรรมวัดป่าไม้แดง", "nameTh": "โรงเรียนพระปริยัติธรรมวัดป่าไม้แดง", "nameEn": null, "cat": ["school"], "province": "cm", "slug": "3541880565", "rank": 2}}, {"type": "Feature", "geometry": {"type": "Point", "coordinates": [99.07499, 18.76401]}, "properties": {"id": "cm-dgth-monastic-3624024621", "name": "โรงเรียนพระปริยัติธรรมแม่แตงวิทยา", "nameTh": "โรงเรียนพระปริยัติธรรมแม่แตงวิทยา", "nameEn": null, "cat": ["school"], "province": "cm", "slug": "3624024621", "rank": 2}}, {"type": "Feature", "geometry": {"type": "Point", "coordinates": [99.00312, 18.77466]}, "properties": {"id": "cm-osm-way-1380604056", "name": "โรงเรียนพระหฤทัย เชียงใหม่", "nameTh": "โรงเรียนพระหฤทัย เชียงใหม่", "nameEn": "Sacred Heart College", "cat": ["school"], "province": "cm", "slug": "sacred-heart-college-1380604056", "rank": 2}}, {"type": "Feature", "geometry": {"type": "Point", "coordinates": [99.23043, 19.38427]}, "properties": {"id": "cm-obec-1050130236", "name": "โรงเรียนพร้าวบูรพา", "nameTh": "โรงเรียนพร้าวบูรพา", "nameEn": null, "cat": ["school"], "province": "cm", "slug": "1050130236", "rank": 3}}, {"type": "Feature", "geometry": {"type": "Point", "coordinates": [99.19411, 19.3399]}, "properties": {"id": "cm-obec-1050131008", "name": "โรงเรียนพร้าววิทยาคม", "nameTh": "โรงเรียนพร้าววิทยาคม", "nameEn": null, "cat": ["school"], "province": "cm", "slug": "1050131008", "rank": 3}}, {"type": "Feature", "geometry": {"type": "Point", "coordinates": [99.1942, 19.34074]}, "properties": {"id": "cm-osm-way-674384214", "name": "โรงเรียนพร้าววิทยาคม", "nameTh": "โรงเรียนพร้าววิทยาคม", "nameEn": "Phraowittayakom School", "cat": ["school"], "province": "cm", "slug": "phraowittayakom-school-674384214", "rank": 2}}, {"type": "Feature", "geometry": {"type": "Point", "coordinates": [98.89666, 18.62742]}, "properties": {"id": "cm-osm-node-2684208833", "name": "โรงเรียนพัฒนวิทย์ศึกษา", "nameTh": "โรงเรียนพัฒนวิทย์ศึกษา", "nameEn": "Pattanavit Suksa School", "cat": ["school"], "province": "cm", "slug": "pattanavit-suksa-school-2684208833", "rank": 2}}, {"type": "Feature", "geometry": {"type": "Point", "coordinates": [98.80301, 19.51594]}, "properties": {"id": "cm-obec-1050130116", "name": "โรงเรียนพัฒนาต้นน้ำขุนคอง", "nameTh": "โรงเรียนพัฒนาต้นน้ำขุนคอง", "nameEn": null, "cat": ["school"], "province": "cm", "slug": "1050130116", "rank": 3}}, {"type": "Feature", "geometry": {"type": "Point", "coordinates": [98.53897, 18.65939]}, "properties": {"id": "cm-obec-1050130929", "name": "โรงเรียนพัฒนาต้นน้ำที่ 5 ขุนวาง", "nameTh": "โรงเรียนพัฒนาต้นน้ำที่ 5 ขุนวาง", "nameEn": null, "cat": ["school"], "province": "cm", "slug": "5-1050130929", "rank": 2}}, {"type": "Feature", "geometry": {"type": "Point", "coordinates": [98.52183, 18.6431]}, "properties": {"id": "cm-osm-node-3309026061", "name": "โรงเรียนพัฒนาต้นน้ำที่5 ขุนวาง", "nameTh": "โรงเรียนพัฒนาต้นน้ำที่5 ขุนวาง", "nameEn": null, "cat": ["school"], "province": "cm", "slug": "5-3309026061", "rank": 1}}, {"type": "Feature", "geometry": {"type": "Point", "coordinates": [99.01021, 18.78986]}, "properties": {"id": "cm-osm-way-150351584", "name": "โรงเรียนพิงครัตน์", "nameTh": "โรงเรียนพิงครัตน์", "nameEn": "Ping Karattana School", "cat": ["school"], "province": "cm", "slug": "ping-karattana-school-150351584", "rank": 2}}, {"type": "Feature", "geometry": {"type": "Point", "coordinates": [98.99571, 18.75947]}, "properties": {"id": "cm-osm-way-333771053", "name": "โรงเรียนพิมานเด็กเชียงใหม่", "nameTh": "โรงเรียนพิมานเด็กเชียงใหม่", "nameEn": "Pimandek Chiangmai School", "cat": ["school"], "province": "cm", "slug": "pimandek-chiangmai-school-333771053", "rank": 2}}, {"type": "Feature", "geometry": {"type": "Point", "coordinates": [98.98886, 18.78578]}, "properties": {"id": "cm-obec-1050130031", "name": "โรงเรียนพุทธิโศภน", "nameTh": "โรงเรียนพุทธิโศภน", "nameEn": null, "cat": ["school"], "province": "cm", "slug": "1050130031", "rank": 3}}, {"type": "Feature", "geometry": {"type": "Point", "coordinates": [98.98898, 18.78598]}, "properties": {"id": "cm-osm-node-1618888365", "name": "โรงเรียนพุทธิโศภน", "nameTh": "โรงเรียนพุทธิโศภน", "nameEn": "Puttisopon School", "cat": ["school"], "province": "cm", "slug": "puttisopon-school-1618888365", "rank": 2}}, {"type": "Feature", "geometry": {"type": "Point", "coordinates": [98.98284, 18.78767]}, "properties": {"id": "cm-osm-node-5859371681", "name": "โรงเรียนภาษาญี่ปุ่นเชียงใหม่", "nameTh": "โรงเรียนภาษาญี่ปุ่นเชียงใหม่", "nameEn": "Chaing Mai Japanese Language School", "cat": ["school"], "province": "cm", "slug": "chaing-mai-japanese-language-school-5859371681", "rank": 3}}, {"type": "Feature", "geometry": {"type": "Point", "coordinates": [98.98185, 18.79506]}, "properties": {"id": "cm-osm-node-1614999243", "name": "โรงเรียนภาษาเยอรมันเชียงใหม่", "nameTh": "โรงเรียนภาษาเยอรมันเชียงใหม่", "nameEn": "Chiangmai German Language School", "cat": ["school"], "province": "cm", "slug": "chiangmai-german-language-school-1614999243", "rank": 3}}, {"type": "Feature", "geometry": {"type": "Point", "coordinates": [99.05865, 19.13117]}, "properties": {"id": "cm-obec-1050130378", "name": "โรงเรียนภูดินวิทยา", "nameTh": "โรงเรียนภูดินวิทยา", "nameEn": null, "cat": ["school"], "province": "cm", "slug": "1050130378", "rank": 3}}, {"type": "Feature", "geometry": {"type": "Point", "coordinates": [99.05838, 19.13088]}, "properties": {"id": "cm-osm-way-483244210", "name": "โรงเรียนภูดินวิทยา", "nameTh": "โรงเรียนภูดินวิทยา", "nameEn": "Phu Din School", "cat": ["school"], "province": "cm", "slug": "phu-din-school-483244210", "rank": 2}}, {"type": "Feature", "geometry": {"type": "Point", "coordinates": [99.01983, 18.76513]}, "properties": {"id": "cm-osm-way-244949505", "name": "โรงเรียนมงฟอร์ตวิทยาลัย", "nameTh": "โรงเรียนมงฟอร์ตวิทยาลัย", "nameEn": "Montfort College Secondary School", "cat": ["school"], "province": "cm", "slug": "montfort-college-secondary-school-244949505", "rank": 3}}, {"type": "Feature", "geometry": {"type": "Point", "coordinates": [99.00149, 18.77256]}, "properties": {"id": "cm-osm-way-1379708047", "name": "โรงเรียนมงฟอร์ตวิทยาลัย (แผนกประถม)", "nameTh": "โรงเรียนมงฟอร์ตวิทยาลัย (แผนกประถม)", "nameEn": "Montfort College Primary School", "cat": ["school"], "province": "cm", "slug": "montfort-college-primary-school-1379708047", "rank": 2}}, {"type": "Feature", "geometry": {"type": "Point", "coordinates": [98.26457, 19.06063]}, "properties": {"id": "cm-obec-1050131065", "name": "โรงเรียนมัธยมกัลยาณิวัฒนาเฉลิมพระเกียรติ", "nameTh": "โรงเรียนมัธยมกัลยาณิวัฒนาเฉลิมพระเกียรติ", "nameEn": null, "cat": ["school"], "province": "cm", "slug": "1050131065", "rank": 3}}, {"type": "Feature", "geometry": {"type": "Point", "coordinates": [98.62686, 19.68337]}, "properties": {"id": "cm-osm-way-673790973", "name": "โรงเรียนมัธยมแห่งชาติไทยเพียงหลวง", "nameTh": "โรงเรียนมัธยมแห่งชาติไทยเพียงหลวง", "nameEn": "Piang Luang School", "cat": ["school"], "province": "cm", "slug": "piang-luang-school-673790973", "rank": 2}}, {"type": "Feature", "geometry": {"type": "Point", "coordinates": [99.05765, 19.53065]}, "properties": {"id": "cm-obec-1050130121", "name": "โรงเรียนมิตรมวลชนเชียงใหม่", "nameTh": "โรงเรียนมิตรมวลชนเชียงใหม่", "nameEn": null, "cat": ["school"], "province": "cm", "slug": "1050130121", "rank": 3}}, {"type": "Feature", "geometry": {"type": "Point", "coordinates": [98.96016, 18.80007]}, "properties": {"id": "cm-osm-way-217504884", "name": "โรงเรียนมุทิตาประชารักษ์", "nameTh": "โรงเรียนมุทิตาประชารักษ์", "nameEn": null, "cat": ["school"], "province": "cm", "slug": "217504884", "rank": 1}}, {"type": "Feature", "geometry": {"type": "Point", "coordinates": [98.93874, 18.9324]}, "properties": {"id": "cm-obec-1050130453", "name": "โรงเรียนมูลนิธิมหาราช ๕", "nameTh": "โรงเรียนมูลนิธิมหาราช ๕", "nameEn": null, "cat": ["school"], "province": "cm", "slug": "1050130453", "rank": 3}}, {"type": "Feature", "geometry": {"type": "Point", "coordinates": [98.98889, 18.79096]}, "properties": {"id": "cm-obec-1050130984", "name": "โรงเรียนยุพราชวิทยาลัย", "nameTh": "โรงเรียนยุพราชวิทยาลัย", "nameEn": null, "cat": ["school"], "province": "cm", "slug": "1050130984", "rank": 3}}, {"type": "Feature", "geometry": {"type": "Point", "coordinates": [98.98891, 18.792]}, "properties": {"id": "cm-osm-way-272979974", "name": "โรงเรียนยุพราชวิทยาลัย", "nameTh": "โรงเรียนยุพราชวิทยาลัย", "nameEn": "Yupparaj Wittayalai School", "cat": ["school"], "province": "cm", "slug": "yupparaj-wittayalai-school-272979974", "rank": 4}}, {"type": "Feature", "geometry": {"type": "Point", "coordinates": [98.97309, 18.80773]}, "properties": {"id": "cm-osm-node-1686493597", "name": "โรงเรียนรวมบริรักษ์", "nameTh": "โรงเรียนรวมบริรักษ์", "nameEn": "Ramborirug", "cat": ["school"], "province": "cm", "slug": "ramborirug-1686493597", "rank": 2}}, {"type": "Feature", "geometry": {"type": "Point", "coordinates": [99.27411, 18.85671]}, "properties": {"id": "cm-osm-node-2631743073", "name": "โรงเรียนรวมศูนย์วัดห้วยแก้ว", "nameTh": "โรงเรียนรวมศูนย์วัดห้วยแก้ว", "nameEn": "Ruam Sun Wat Huai Kaeo School", "cat": ["school"], "province": "cm", "slug": "ruam-sun-wat-huai-kaeo-school-2631743073", "rank": 2}}, {"type": "Feature", "geometry": {"type": "Point", "coordinates": [98.62407, 19.68908]}, "properties": {"id": "cm-obec-1050130879", "name": "โรงเรียนรัฐราษฎร์อุปถัมภ์", "nameTh": "โรงเรียนรัฐราษฎร์อุปถัมภ์", "nameEn": null, "cat": ["school"], "province": "cm", "slug": "1050130879", "rank": 3}}, {"type": "Feature", "geometry": {"type": "Point", "coordinates": [98.62418, 19.68924]}, "properties": {"id": "cm-osm-way-1509395381", "name": "โรงเรียนรัฐราษฎร์อุปถัมภ์", "nameTh": "โรงเรียนรัฐราษฎร์อุปถัมภ์", "nameEn": null, "cat": ["school"], "province": "cm", "slug": "1509395381", "rank": 1}}, {"type": "Feature", "geometry": {"type": "Point", "coordinates": [98.55025, 18.85446]}, "properties": {"id": "cm-obec-1050131064", "name": "โรงเรียนรัปปาปอร์ต (ตชด. บำรุงที่ ๙๒)", "nameTh": "โรงเรียนรัปปาปอร์ต (ตชด. บำรุงที่ ๙๒)", "nameEn": null, "cat": ["school"], "province": "cm", "slug": "1050131064", "rank": 3}}, {"type": "Feature", "geometry": {"type": "Point", "coordinates": [99.2692, 20.0326]}, "properties": {"id": "cm-obec-1050131007", "name": "โรงเรียนราชประชานุเคราะห์ 30", "nameTh": "โรงเรียนราชประชานุเคราะห์ 30", "nameEn": null, "cat": ["school"], "province": "cm", "slug": "30-1050131007", "rank": 3}}, {"type": "Feature", "geometry": {"type": "Point", "coordinates": [98.3939, 18.524]}, "properties": {"id": "cm-obec-1050130993", "name": "โรงเรียนราชประชานุเคราะห์ 31", "nameTh": "โรงเรียนราชประชานุเคราะห์ 31", "nameEn": null, "cat": ["school"], "province": "cm", "slug": "31-1050130993", "rank": 3}}, {"type": "Feature", "geometry": {"type": "Point", "coordinates": [98.95171, 18.73597]}, "properties": {"id": "cm-osm-node-1746547681", "name": "โรงเรียนรามบริรักษ์", "nameTh": "โรงเรียนรามบริรักษ์", "nameEn": "Ram Borirak School", "cat": ["school"], "province": "cm", "slug": "ram-borirak-school-1746547681", "rank": 2}}, {"type": "Feature", "geometry": {"type": "Point", "coordinates": [98.93941, 19.05613]}, "properties": {"id": "cm-obec-1050130400", "name": "โรงเรียนร่ำเปิงวิทยา", "nameTh": "โรงเรียนร่ำเปิงวิทยา", "nameEn": null, "cat": ["school"], "province": "cm", "slug": "1050130400", "rank": 3}}, {"type": "Feature", "geometry": {"type": "Point", "coordinates": [98.93961, 19.0558]}, "properties": {"id": "cm-osm-node-5124390243", "name": "โรงเรียนร่ำเปิงวิทยา", "nameTh": "โรงเรียนร่ำเปิงวิทยา", "nameEn": "Ram Perng Wittaya school", "cat": ["school"], "province": "cm", "slug": "ram-perng-wittaya-school-5124390243", "rank": 2}}, {"type": "Feature", "geometry": {"type": "Point", "coordinates": [98.99867, 18.77689]}, "properties": {"id": "cm-osm-node-1030323694", "name": "โรงเรียนวชิรวิทย์", "nameTh": "โรงเรียนวชิรวิทย์", "nameEn": "Wachirawit School", "cat": ["school"], "province": "cm", "slug": "wachirawit-school-1030323694", "rank": 2}}, {"type": "Feature", "geometry": {"type": "Point", "coordinates": [99.02289, 18.80309]}, "properties": {"id": "cm-osm-way-101457468", "name": "โรงเรียนวชิรวิทย์", "nameTh": "โรงเรียนวชิรวิทย์", "nameEn": "Wachirawit School", "cat": ["school"], "province": "cm", "slug": "wachirawit-school-101457468", "rank": 2}}, {"type": "Feature", "geometry": {"type": "Point", "coordinates": [99.04637, 19.10507]}, "properties": {"id": "cm-osm-node-4438416537", "name": "โรงเรียนวัฒนาเม็ง", "nameTh": "โรงเรียนวัฒนาเม็ง", "nameEn": "Meng School", "cat": ["school"], "province": "cm", "slug": "meng-school-4438416537", "rank": 2}}, {"type": "Feature", "geometry": {"type": "Point", "coordinates": [98.9769, 18.78531]}, "properties": {"id": "cm-obec-1050130985", "name": "โรงเรียนวัฒโนทัยพายัพ", "nameTh": "โรงเรียนวัฒโนทัยพายัพ", "nameEn": null, "cat": ["school"], "province": "cm", "slug": "1050130985", "rank": 3}}, {"type": "Feature", "geometry": {"type": "Point", "coordinates": [98.97627, 18.78493]}, "properties": {"id": "cm-osm-way-238833967", "name": "โรงเรียนวัฒโนทัยพายัพ", "nameTh": "โรงเรียนวัฒโนทัยพายัพ", "nameEn": "Wattanothai Payap School", "cat": ["school"], "province": "cm", "slug": "wattanothai-payap-school-238833967", "rank": 2}}, {"type": "Feature", "geometry": {"type": "Point", "coordinates": [99.02075, 18.732]}, "properties": {"id": "cm-obec-1050130699", "name": "โรงเรียนวัดกองทราย", "nameTh": "โรงเรียนวัดกองทราย", "nameEn": null, "cat": ["school"], "province": "cm", "slug": "1050130699", "rank": 3}}, {"type": "Feature", "geometry": {"type": "Point", "coordinates": [99.01997, 18.73194]}, "properties": {"id": "cm-osm-way-383587811", "name": "โรงเรียนวัดกองหราย", "nameTh": "โรงเรียนวัดกองหราย", "nameEn": "Wat Kong Rai School", "cat": ["school"], "province": "cm", "slug": "wat-kong-rai-school-383587811", "rank": 2}}, {"type": "Feature", "geometry": {"type": "Point", "coordinates": [98.87785, 18.63038]}, "properties": {"id": "cm-obec-1050130650", "name": "โรงเรียนวัดกู่คำ", "nameTh": "โรงเรียนวัดกู่คำ", "nameEn": null, "cat": ["school"], "province": "cm", "slug": "1050130650", "rank": 3}}, {"type": "Feature", "geometry": {"type": "Point", "coordinates": [99.00456, 18.81458]}, "properties": {"id": "cm-obec-1050130025", "name": "โรงเรียนวัดขะจาว", "nameTh": "โรงเรียนวัดขะจาว", "nameEn": null, "cat": ["school"], "province": "cm", "slug": "1050130025", "rank": 3}}, {"type": "Feature", "geometry": {"type": "Point", "coordinates": [98.8761, 18.72983]}, "properties": {"id": "cm-obec-1050130735", "name": "โรงเรียนวัดขุนคง", "nameTh": "โรงเรียนวัดขุนคง", "nameEn": null, "cat": ["school"], "province": "cm", "slug": "1050130735", "rank": 3}}, {"type": "Feature", "geometry": {"type": "Point", "coordinates": [98.98325, 18.81303]}, "properties": {"id": "cm-obec-1050130019", "name": "โรงเรียนวัดข่วงสิงห์", "nameTh": "โรงเรียนวัดข่วงสิงห์", "nameEn": null, "cat": ["school"], "province": "cm", "slug": "1050130019", "rank": 3}}, {"type": "Feature", "geometry": {"type": "Point", "coordinates": [98.98279, 18.81321]}, "properties": {"id": "cm-osm-way-421103608", "name": "โรงเรียนวัดข่วงสิงห์", "nameTh": "โรงเรียนวัดข่วงสิงห์", "nameEn": "Wat Khuang Sing School", "cat": ["school"], "province": "cm", "slug": "wat-khuang-sing-school-421103608", "rank": 2}}, {"type": "Feature", "geometry": {"type": "Point", "coordinates": [98.87461, 18.76338]}, "properties": {"id": "cm-obec-1050130747", "name": "โรงเรียนวัดคีรีเขต", "nameTh": "โรงเรียนวัดคีรีเขต", "nameEn": null, "cat": ["school"], "province": "cm", "slug": "1050130747", "rank": 2}}, {"type": "Feature", "geometry": {"type": "Point", "coordinates": [98.87378, 18.76285]}, "properties": {"id": "cm-osm-node-1583703054", "name": "โรงเรียนวัดคีรีเขต", "nameTh": "โรงเรียนวัดคีรีเขต", "nameEn": "Wat Khiri Khet School", "cat": ["school"], "province": "cm", "slug": "wat-khiri-khet-school-1583703054", "rank": 2}}, {"type": "Feature", "geometry": {"type": "Point", "coordinates": [98.66466, 18.94429]}, "properties": {"id": "cm-obec-1050130538", "name": "โรงเรียนวัดงิ้วเฒ่า", "nameTh": "โรงเรียนวัดงิ้วเฒ่า", "nameEn": null, "cat": ["school"], "province": "cm", "slug": "1050130538", "rank": 2}}, {"type": "Feature", "geometry": {"type": "Point", "coordinates": [98.94784, 19.3297]}, "properties": {"id": "cm-obec-1050130085", "name": "โรงเรียนวัดจอมคีรี", "nameTh": "โรงเรียนวัดจอมคีรี", "nameEn": null, "cat": ["school"], "province": "cm", "slug": "1050130085", "rank": 3}}, {"type": "Feature", "geometry": {"type": "Point", "coordinates": [98.96624, 18.69127]}, "properties": {"id": "cm-obec-1050130739", "name": "โรงเรียนวัดจอมทอง", "nameTh": "โรงเรียนวัดจอมทอง", "nameEn": null, "cat": ["school"], "province": "cm", "slug": "1050130739", "rank": 3}}, {"type": "Feature", "geometry": {"type": "Point", "coordinates": [98.96605, 18.69097]}, "properties": {"id": "cm-osm-way-577423778", "name": "โรงเรียนวัดจอมทอง", "nameTh": "โรงเรียนวัดจอมทอง", "nameEn": "Wat Chomthong School", "cat": ["school"], "province": "cm", "slug": "wat-chomthong-school-577423778", "rank": 2}}, {"type": "Feature", "geometry": {"type": "Point", "coordinates": [98.90181, 18.62863]}, "properties": {"id": "cm-obec-1050130684", "name": "โรงเรียนวัดช่างกระดาษ", "nameTh": "โรงเรียนวัดช่างกระดาษ", "nameEn": null, "cat": ["school"], "province": "cm", "slug": "1050130684", "rank": 3}}, {"type": "Feature", "geometry": {"type": "Point", "coordinates": [98.933, 18.69434]}, "properties": {"id": "cm-obec-1050130759", "name": "โรงเรียนวัดช่างคำ", "nameTh": "โรงเรียนวัดช่างคำ", "nameEn": null, "cat": ["school"], "province": "cm", "slug": "1050130759", "rank": 3}}, {"type": "Feature", "geometry": {"type": "Point", "coordinates": [98.93261, 18.6943]}, "properties": {"id": "cm-osm-way-145401056", "name": "โรงเรียนวัดช่างคำ", "nameTh": "โรงเรียนวัดช่างคำ", "nameEn": "Wat Chang Kham School", "cat": ["school"], "province": "cm", "slug": "wat-chang-kham-school-145401056", "rank": 2}}, {"type": "Feature", "geometry": {"type": "Point", "coordinates": [98.96063, 18.80741]}, "properties": {"id": "cm-obec-1050130017", "name": "โรงเรียนวัดช่างเคี่ยน", "nameTh": "โรงเรียนวัดช่างเคี่ยน", "nameEn": null, "cat": ["school"], "province": "cm", "slug": "1050130017", "rank": 3}}, {"type": "Feature", "geometry": {"type": "Point", "coordinates": [98.90884, 18.56387]}, "properties": {"id": "cm-obec-1050130641", "name": "โรงเรียนวัดดงป่างิ้ว", "nameTh": "โรงเรียนวัดดงป่างิ้ว", "nameEn": null, "cat": ["school"], "province": "cm", "slug": "1050130641", "rank": 3}}, {"type": "Feature", "geometry": {"type": "Point", "coordinates": [99.03439, 18.75911]}, "properties": {"id": "cm-obec-1050130002", "name": "โรงเรียนวัดดอนจั่น", "nameTh": "โรงเรียนวัดดอนจั่น", "nameEn": null, "cat": ["school"], "province": "cm", "slug": "1050130002", "rank": 3}}, {"type": "Feature", "geometry": {"type": "Point", "coordinates": [99.03287, 18.75934]}, "properties": {"id": "cm-osm-way-97997451", "name": "โรงเรียนวัดดอนจั่น", "nameTh": "โรงเรียนวัดดอนจั่น", "nameEn": "Wat Don Chan School", "cat": ["school"], "province": "cm", "slug": "wat-don-chan-school-97997451", "rank": 2}}, {"type": "Feature", "geometry": {"type": "Point", "coordinates": [99.26125, 18.58679]}, "properties": {"id": "cm-obec-1050130953", "name": "โรงเรียนวัดดอนชัย", "nameTh": "โรงเรียนวัดดอนชัย", "nameEn": null, "cat": ["school"], "province": "cm", "slug": "1050130953", "rank": 2}}, {"type": "Feature", "geometry": {"type": "Point", "coordinates": [98.82406, 18.50245]}, "properties": {"id": "cm-obec-1050130973", "name": "โรงเรียนวัดดอนชื่น", "nameTh": "โรงเรียนวัดดอนชื่น", "nameEn": null, "cat": ["school"], "province": "cm", "slug": "1050130973", "rank": 2}}, {"type": "Feature", "geometry": {"type": "Point", "coordinates": [98.82401, 18.50261]}, "properties": {"id": "cm-osm-node-2685181695", "name": "โรงเรียนวัดดอนชื่น", "nameTh": "โรงเรียนวัดดอนชื่น", "nameEn": "Wat Don Chuen School", "cat": ["school"], "province": "cm", "slug": "wat-don-chuen-school-2685181695", "rank": 2}}, {"type": "Feature", "geometry": {"type": "Point", "coordinates": [98.98726, 18.71271]}, "properties": {"id": "cm-obec-1050130719", "name": "โรงเรียนวัดตำหนัก", "nameTh": "โรงเรียนวัดตำหนัก", "nameEn": null, "cat": ["school"], "province": "cm", "slug": "1050130719", "rank": 3}}, {"type": "Feature", "geometry": {"type": "Point", "coordinates": [98.98671, 18.71287]}, "properties": {"id": "cm-osm-way-531917257", "name": "โรงเรียนวัดตำหนัก", "nameTh": "โรงเรียนวัดตำหนัก", "nameEn": "Wat Tamnak School", "cat": ["school"], "province": "cm", "slug": "wat-tamnak-school-531917257", "rank": 2}}, {"type": "Feature", "geometry": {"type": "Point", "coordinates": [98.95938, 18.91936]}, "properties": {"id": "cm-obec-1050130448", "name": "โรงเรียนวัดทรายมูล", "nameTh": "โรงเรียนวัดทรายมูล", "nameEn": null, "cat": ["school"], "province": "cm", "slug": "1050130448", "rank": 3}}, {"type": "Feature", "geometry": {"type": "Point", "coordinates": [99.12911, 18.74098]}, "properties": {"id": "cm-osm-node-3383962931", "name": "โรงเรียนวัดทรายมูล", "nameTh": "โรงเรียนวัดทรายมูล", "nameEn": "Wat Sai Mun School", "cat": ["school"], "province": "cm", "slug": "wat-sai-mun-school-3383962931", "rank": 2}}, {"type": "Feature", "geometry": {"type": "Point", "coordinates": [99.12958, 18.7411]}, "properties": {"id": "cm-obec-1050130564", "name": "โรงเรียนวัดทรายมูลรัตนศึกษา", "nameTh": "โรงเรียนวัดทรายมูลรัตนศึกษา", "nameEn": null, "cat": ["school"], "province": "cm", "slug": "1050130564", "rank": 3}}, {"type": "Feature", "geometry": {"type": "Point", "coordinates": [98.81879, 18.66107]}, "properties": {"id": "cm-obec-1050130916", "name": "โรงเรียนวัดทุ่งศาลา", "nameTh": "โรงเรียนวัดทุ่งศาลา", "nameEn": null, "cat": ["school"], "province": "cm", "slug": "1050130916", "rank": 3}}, {"type": "Feature", "geometry": {"type": "Point", "coordinates": [98.93792, 19.14977]}, "properties": {"id": "cm-obec-1050130383", "name": "โรงเรียนวัดทุ่งหลวง", "nameTh": "โรงเรียนวัดทุ่งหลวง", "nameEn": null, "cat": ["school"], "province": "cm", "slug": "1050130383", "rank": 2}}, {"type": "Feature", "geometry": {"type": "Point", "coordinates": [98.87931, 18.55314]}, "properties": {"id": "cm-obec-1050130661", "name": "โรงเรียนวัดท่ากาน", "nameTh": "โรงเรียนวัดท่ากาน", "nameEn": null, "cat": ["school"], "province": "cm", "slug": "1050130661", "rank": 3}}, {"type": "Feature", "geometry": {"type": "Point", "coordinates": [98.87899, 18.55272]}, "properties": {"id": "cm-osm-way-253312895", "name": "โรงเรียนวัดท่ากาน", "nameTh": "โรงเรียนวัดท่ากาน", "nameEn": "Wat Tha Gan School", "cat": ["school"], "province": "cm", "slug": "wat-tha-gan-school-253312895", "rank": 2}}, {"type": "Feature", "geometry": {"type": "Point", "coordinates": [98.85264, 19.0846]}, "properties": {"id": "cm-obec-1050130387", "name": "โรงเรียนวัดท่าข้าม", "nameTh": "โรงเรียนวัดท่าข้าม", "nameEn": null, "cat": ["school"], "province": "cm", "slug": "1050130387", "rank": 2}}, {"type": "Feature", "geometry": {"type": "Point", "coordinates": [98.85243, 19.08475]}, "properties": {"id": "cm-osm-node-3094089033", "name": "โรงเรียนวัดท่าข้าม", "nameTh": "โรงเรียนวัดท่าข้าม", "nameEn": "Wat Tha Kham School", "cat": ["school"], "province": "cm", "slug": "wat-tha-kham-school-3094089033", "rank": 2}}, {"type": "Feature", "geometry": {"type": "Point", "coordinates": [99.07123, 18.71922]}, "properties": {"id": "cm-obec-1050130693", "name": "โรงเรียนวัดท่าต้นกวาว", "nameTh": "โรงเรียนวัดท่าต้นกวาว", "nameEn": null, "cat": ["school"], "province": "cm", "slug": "1050130693", "rank": 3}}, {"type": "Feature", "geometry": {"type": "Point", "coordinates": [99.07132, 18.7195]}, "properties": {"id": "cm-osm-way-106353152", "name": "โรงเรียนวัดท่าต้นกวาว", "nameTh": "โรงเรียนวัดท่าต้นกวาว", "nameEn": "Wat Tha Ton Kwao School", "cat": ["school"], "province": "cm", "slug": "wat-tha-ton-kwao-school-106353152", "rank": 2}}, {"type": "Feature", "geometry": {"type": "Point", "coordinates": [98.99021, 18.84225]}, "properties": {"id": "cm-osm-node-336232077", "name": "โรงเรียนวัดท่าเดื่อ", "nameTh": "โรงเรียนวัดท่าเดื่อ", "nameEn": "Watthaduea Community School", "cat": ["school"], "province": "cm", "slug": "watthaduea-community-school-336232077", "rank": 2}}, {"type": "Feature", "geometry": {"type": "Point", "coordinates": [98.82917, 18.63939]}, "properties": {"id": "cm-obec-1050130644", "name": "โรงเรียนวัดท่าโป่ง", "nameTh": "โรงเรียนวัดท่าโป่ง", "nameEn": null, "cat": ["school"], "province": "cm", "slug": "1050130644", "rank": 3}}, {"type": "Feature", "geometry": {"type": "Point", "coordinates": [98.82898, 18.6398]}, "properties": {"id": "cm-osm-node-1582161142", "name": "โรงเรียนวัดท่าโป่ง", "nameTh": "โรงเรียนวัดท่าโป่ง", "nameEn": "Wat Tha Pong School", "cat": ["school"], "province": "cm", "slug": "wat-tha-pong-school-1582161142", "rank": 2}}, {"type": "Feature", "geometry": {"type": "Point", "coordinates": [98.86553, 18.57708]}, "properties": {"id": "cm-obec-1050130659", "name": "โรงเรียนวัดท้องฝาย", "nameTh": "โรงเรียนวัดท้องฝาย", "nameEn": null, "cat": ["school"], "province": "cm", "slug": "1050130659", "rank": 3}}, {"type": "Feature", "geometry": {"type": "Point", "coordinates": [99.2074, 19.90373]}, "properties": {"id": "cm-obec-1050130212", "name": "โรงเรียนวัดนันทาราม", "nameTh": "โรงเรียนวัดนันทาราม", "nameEn": null, "cat": ["school"], "province": "cm", "slug": "1050130212", "rank": 3}}, {"type": "Feature", "geometry": {"type": "Point", "coordinates": [99.04411, 18.74184]}, "properties": {"id": "cm-obec-1050130715", "name": "โรงเรียนวัดนันทาราม", "nameTh": "โรงเรียนวัดนันทาราม", "nameEn": null, "cat": ["school"], "province": "cm", "slug": "1050130715", "rank": 3}}, {"type": "Feature", "geometry": {"type": "Point", "coordinates": [99.20185, 19.90421]}, "properties": {"id": "cm-osm-node-2053654788", "name": "โรงเรียนวัดนันทาราม", "nameTh": "โรงเรียนวัดนันทาราม", "nameEn": "Wat Nantaram school", "cat": ["school"], "province": "cm", "slug": "wat-nantaram-school-2053654788", "rank": 2}}, {"type": "Feature", "geometry": {"type": "Point", "coordinates": [99.04629, 19.10512]}, "properties": {"id": "cm-obec-1050130377", "name": "โรงเรียนวัดนาเม็ง", "nameTh": "โรงเรียนวัดนาเม็ง", "nameEn": null, "cat": ["school"], "province": "cm", "slug": "1050130377", "rank": 3}}, {"type": "Feature", "geometry": {"type": "Point", "coordinates": [98.84421, 18.64253]}, "properties": {"id": "cm-obec-1050130675", "name": "โรงเรียนวัดน้ำบ่อหลวง", "nameTh": "โรงเรียนวัดน้ำบ่อหลวง", "nameEn": null, "cat": ["school"], "province": "cm", "slug": "1050130675", "rank": 3}}, {"type": "Feature", "geometry": {"type": "Point", "coordinates": [98.84802, 18.64455]}, "properties": {"id": "cm-osm-way-144713596", "name": "โรงเรียนวัดน้ําบ่อหลวง", "nameTh": "โรงเรียนวัดน้ําบ่อหลวง", "nameEn": "Wat Nam Luang School", "cat": ["school"], "province": "cm", "slug": "wat-nam-luang-school-144713596", "rank": 2}}, {"type": "Feature", "geometry": {"type": "Point", "coordinates": [99.0718, 18.69138]}, "properties": {"id": "cm-osm-way-107190204", "name": "โรงเรียนวัดบปผาราม", "nameTh": "โรงเรียนวัดบปผาราม", "nameEn": null, "cat": ["school"], "province": "cm", "slug": "107190204", "rank": 1}}, {"type": "Feature", "geometry": {"type": "Point", "coordinates": [99.00292, 18.71645]}, "properties": {"id": "cm-obec-1050130701", "name": "โรงเรียนวัดบวกครกเหนือ", "nameTh": "โรงเรียนวัดบวกครกเหนือ", "nameEn": null, "cat": ["school"], "province": "cm", "slug": "1050130701", "rank": 3}}, {"type": "Feature", "geometry": {"type": "Point", "coordinates": [99.00337, 18.71622]}, "properties": {"id": "cm-osm-way-562969397", "name": "โรงเรียนวัดบวกครกเหนือ", "nameTh": "โรงเรียนวัดบวกครกเหนือ", "nameEn": "Wat Buak Krognua School", "cat": ["school"], "province": "cm", "slug": "wat-buak-krognua-school-562969397", "rank": 2}}, {"type": "Feature", "geometry": {"type": "Point", "coordinates": [99.14232, 19.73765]}, "properties": {"id": "cm-obec-1050130893", "name": "โรงเรียนวัดบ้านท่า", "nameTh": "โรงเรียนวัดบ้านท่า", "nameEn": null, "cat": ["school"], "province": "cm", "slug": "1050130893", "rank": 3}}, {"type": "Feature", "geometry": {"type": "Point", "coordinates": [99.10389, 18.73967]}, "properties": {"id": "cm-obec-1050130557", "name": "โรงเรียนวัดบ้านน้อย", "nameTh": "โรงเรียนวัดบ้านน้อย", "nameEn": null, "cat": ["school"], "province": "cm", "slug": "1050130557", "rank": 3}}, {"type": "Feature", "geometry": {"type": "Point", "coordinates": [98.75599, 18.93035]}, "properties": {"id": "cm-obec-1050130528", "name": "โรงเรียนวัดบ้านป้อก", "nameTh": "โรงเรียนวัดบ้านป้อก", "nameEn": null, "cat": ["school"], "province": "cm", "slug": "1050130528", "rank": 3}}, {"type": "Feature", "geometry": {"type": "Point", "coordinates": [98.80141, 19.17938]}, "properties": {"id": "cm-obec-1050130392", "name": "โรงเรียนวัดบ้านเหล่า", "nameTh": "โรงเรียนวัดบ้านเหล่า", "nameEn": null, "cat": ["school"], "province": "cm", "slug": "1050130392", "rank": 3}}, {"type": "Feature", "geometry": {"type": "Point", "coordinates": [99.21898, 18.73625]}, "properties": {"id": "cm-obec-1050130569", "name": "โรงเรียนวัดบ้านโห้ง", "nameTh": "โรงเรียนวัดบ้านโห้ง", "nameEn": null, "cat": ["school"], "province": "cm", "slug": "1050130569", "rank": 2}}, {"type": "Feature", "geometry": {"type": "Point", "coordinates": [98.83645, 18.79499]}, "properties": {"id": "cm-obec-1050130748", "name": "โรงเรียนวัดประชาเกษม", "nameTh": "โรงเรียนวัดประชาเกษม", "nameEn": null, "cat": ["school"], "province": "cm", "slug": "1050130748", "rank": 2}}, {"type": "Feature", "geometry": {"type": "Point", "coordinates": [98.70899, 19.12231]}, "properties": {"id": "cm-obec-1050130362", "name": "โรงเรียนวัดปางมะกล้วย", "nameTh": "โรงเรียนวัดปางมะกล้วย", "nameEn": null, "cat": ["school"], "province": "cm", "slug": "1050130362", "rank": 3}}, {"type": "Feature", "geometry": {"type": "Point", "coordinates": [98.90358, 19.27542]}, "properties": {"id": "cm-obec-1050130090", "name": "โรงเรียนวัดปางมะโอ", "nameTh": "โรงเรียนวัดปางมะโอ", "nameEn": null, "cat": ["school"], "province": "cm", "slug": "1050130090", "rank": 3}}, {"type": "Feature", "geometry": {"type": "Point", "coordinates": [98.68202, 18.95281]}, "properties": {"id": "cm-obec-1050130539", "name": "โรงเรียนวัดปางเติม", "nameTh": "โรงเรียนวัดปางเติม", "nameEn": null, "cat": ["school"], "province": "cm", "slug": "1050130539", "rank": 3}}, {"type": "Feature", "geometry": {"type": "Point", "coordinates": [98.67358, 19.01358]}, "properties": {"id": "cm-obec-1050130541", "name": "โรงเรียนวัดปางเติมสาขาบ้านขุนสาบ", "nameTh": "โรงเรียนวัดปางเติมสาขาบ้านขุนสาบ", "nameEn": null, "cat": ["school"], "province": "cm", "slug": "1050130541", "rank": 2}}, {"type": "Feature", "geometry": {"type": "Point", "coordinates": [98.98333, 18.86427]}, "properties": {"id": "cm-obec-1050130022", "name": "โรงเรียนวัดป่าข่อยใต้", "nameTh": "โรงเรียนวัดป่าข่อยใต้", "nameEn": null, "cat": ["school"], "province": "cm", "slug": "1050130022", "rank": 3}}, {"type": "Feature", "geometry": {"type": "Point", "coordinates": [98.98375, 18.86462]}, "properties": {"id": "cm-osm-way-528426376", "name": "โรงเรียนวัดป่าข่อยใต้", "nameTh": "โรงเรียนวัดป่าข่อยใต้", "nameEn": "Wat Pa Khoi Tai School", "cat": ["school"], "province": "cm", "slug": "wat-pa-khoi-tai-school-528426376", "rank": 2}}, {"type": "Feature", "geometry": {"type": "Point", "coordinates": [99.00106, 18.81075]}, "properties": {"id": "cm-obec-1050130020", "name": "โรงเรียนวัดป่าตัน", "nameTh": "โรงเรียนวัดป่าตัน", "nameEn": null, "cat": ["school"], "province": "cm", "slug": "1050130020", "rank": 3}}, {"type": "Feature", "geometry": {"type": "Point", "coordinates": [99.0012, 18.81065]}, "properties": {"id": "cm-osm-node-2660469645", "name": "โรงเรียนวัดป่าตัน", "nameTh": "โรงเรียนวัดป่าตัน", "nameEn": "Wat Pa Tan School", "cat": ["school"], "province": "cm", "slug": "wat-pa-tan-school-2660469645", "rank": 2}}, {"type": "Feature", "geometry": {"type": "Point", "coordinates": [99.10534, 18.72091]}, "properties": {"id": "cm-obec-1050130581", "name": "โรงเรียนวัดป่าตาล", "nameTh": "โรงเรียนวัดป่าตาล", "nameEn": null, "cat": ["school"], "province": "cm", "slug": "1050130581", "rank": 3}}, {"type": "Feature", "geometry": {"type": "Point", "coordinates": [99.07148, 19.11479]}, "properties": {"id": "cm-osm-node-2614011308", "name": "โรงเรียนวัดป่าเลา", "nameTh": "โรงเรียนวัดป่าเลา", "nameEn": "Wat Pa Lao School", "cat": ["school"], "province": "cm", "slug": "wat-pa-lao-school-2614011308", "rank": 2}}, {"type": "Feature", "geometry": {"type": "Point", "coordinates": [99.18107, 19.73394]}, "properties": {"id": "cm-obec-1050130905", "name": "โรงเรียนวัดป่าแดง", "nameTh": "โรงเรียนวัดป่าแดง", "nameEn": null, "cat": ["school"], "province": "cm", "slug": "1050130905", "rank": 3}}, {"type": "Feature", "geometry": {"type": "Point", "coordinates": [98.98613, 18.75068]}, "properties": {"id": "cm-obec-1050130028", "name": "โรงเรียนวัดป่าแดด", "nameTh": "โรงเรียนวัดป่าแดด", "nameEn": null, "cat": ["school"], "province": "cm", "slug": "1050130028", "rank": 3}}, {"type": "Feature", "geometry": {"type": "Point", "coordinates": [99.06189, 18.71979]}, "properties": {"id": "cm-obec-1050130692", "name": "โรงเรียนวัดพญาชมภู", "nameTh": "โรงเรียนวัดพญาชมภู", "nameEn": null, "cat": ["school"], "province": "cm", "slug": "1050130692", "rank": 3}}, {"type": "Feature", "geometry": {"type": "Point", "coordinates": [99.01233, 18.73889]}, "properties": {"id": "cm-obec-1050130697", "name": "โรงเรียนวัดพระนอนหนองผึ้ง", "nameTh": "โรงเรียนวัดพระนอนหนองผึ้ง", "nameEn": null, "cat": ["school"], "province": "cm", "slug": "1050130697", "rank": 3}}, {"type": "Feature", "geometry": {"type": "Point", "coordinates": [98.63732, 18.45529]}, "properties": {"id": "cm-obec-1050130040", "name": "โรงเรียนวัดพระบาท", "nameTh": "โรงเรียนวัดพระบาท", "nameEn": null, "cat": ["school"], "province": "cm", "slug": "1050130040", "rank": 2}}, {"type": "Feature", "geometry": {"type": "Point", "coordinates": [98.94472, 18.61622]}, "properties": {"id": "cm-obec-1050130724", "name": "โรงเรียนวัดพระเจ้าเหลื้อม", "nameTh": "โรงเรียนวัดพระเจ้าเหลื้อม", "nameEn": null, "cat": ["school"], "province": "cm", "slug": "1050130724", "rank": 3}}, {"type": "Feature", "geometry": {"type": "Point", "coordinates": [98.67936, 18.36269]}, "properties": {"id": "cm-obec-1050130078", "name": "โรงเรียนวัดพุทธนิมิตร", "nameTh": "โรงเรียนวัดพุทธนิมิตร", "nameEn": null, "cat": ["school"], "province": "cm", "slug": "1050130078", "rank": 3}}, {"type": "Feature", "geometry": {"type": "Point", "coordinates": [98.83602, 18.51209]}, "properties": {"id": "cm-osm-way-431485476", "name": "โรงเรียนวัดฟ้าหลั่ง", "nameTh": "โรงเรียนวัดฟ้าหลั่ง", "nameEn": null, "cat": ["school"], "province": "cm", "slug": "431485476", "rank": 1}}, {"type": "Feature", "geometry": {"type": "Point", "coordinates": [98.81591, 18.57684]}, "properties": {"id": "cm-obec-1050130920", "name": "โรงเรียนวัดมะกับตองหลวง", "nameTh": "โรงเรียนวัดมะกับตองหลวง", "nameEn": null, "cat": ["school"], "province": "cm", "slug": "1050130920", "rank": 2}}, {"type": "Feature", "geometry": {"type": "Point", "coordinates": [98.57499, 18.98659]}, "properties": {"id": "cm-obec-1050130545", "name": "โรงเรียนวัดยั้งเมิน", "nameTh": "โรงเรียนวัดยั้งเมิน", "nameEn": null, "cat": ["school"], "province": "cm", "slug": "1050130545", "rank": 3}}, {"type": "Feature", "geometry": {"type": "Point", "coordinates": [98.934, 18.59069]}, "properties": {"id": "cm-obec-1050130688", "name": "โรงเรียนวัดรัตนาราม", "nameTh": "โรงเรียนวัดรัตนาราม", "nameEn": null, "cat": ["school"], "province": "cm", "slug": "1050130688", "rank": 3}}, {"type": "Feature", "geometry": {"type": "Point", "coordinates": [99.17046, 18.74294]}, "properties": {"id": "cm-obec-1050130565", "name": "โรงเรียนวัดร้องวัวแดงศรีจันทร์วิทยาคาร", "nameTh": "โรงเรียนวัดร้องวัวแดงศรีจันทร์วิทยาคาร", "nameEn": null, "cat": ["school"], "province": "cm", "slug": "1050130565", "rank": 3}}, {"type": "Feature", "geometry": {"type": "Point", "coordinates": [98.99222, 18.85133]}, "properties": {"id": "cm-obec-1050130023", "name": "โรงเรียนวัดร้องอ้อ", "nameTh": "โรงเรียนวัดร้องอ้อ", "nameEn": null, "cat": ["school"], "province": "cm", "slug": "1050130023", "rank": 3}}, {"type": "Feature", "geometry": {"type": "Point", "coordinates": [99.16809, 18.78862]}, "properties": {"id": "cm-obec-1050130577", "name": "โรงเรียนวัดล้านตอง", "nameTh": "โรงเรียนวัดล้านตอง", "nameEn": null, "cat": ["school"], "province": "cm", "slug": "1050130577", "rank": 2}}, {"type": "Feature", "geometry": {"type": "Point", "coordinates": [98.76903, 18.4556]}, "properties": {"id": "cm-obec-1050130978", "name": "โรงเรียนวัดวังขามป้อม", "nameTh": "โรงเรียนวัดวังขามป้อม", "nameEn": null, "cat": ["school"], "province": "cm", "slug": "1050130978", "rank": 3}}, {"type": "Feature", "geometry": {"type": "Point", "coordinates": [98.76899, 18.45522]}, "properties": {"id": "cm-osm-node-2684804884", "name": "โรงเรียนวัดวังขามป้อม", "nameTh": "โรงเรียนวัดวังขามป้อม", "nameEn": "Wat Wang Kham Pom School", "cat": ["school"], "province": "cm", "slug": "wat-wang-kham-pom-school-2684804884", "rank": 2}}, {"type": "Feature", "geometry": {"type": "Point", "coordinates": [98.638, 18.67617]}, "properties": {"id": "cm-obec-1050130926", "name": "โรงเรียนวัดวังผาปูน", "nameTh": "โรงเรียนวัดวังผาปูน", "nameEn": null, "cat": ["school"], "province": "cm", "slug": "1050130926", "rank": 2}}, {"type": "Feature", "geometry": {"type": "Point", "coordinates": [98.67938, 18.65598]}, "properties": {"id": "cm-osm-way-308990626", "name": "โรงเรียนวัดวังผาปูน", "nameTh": "โรงเรียนวัดวังผาปูน", "nameEn": "Wat Wang Pha Pun School", "cat": ["school"], "province": "cm", "slug": "wat-wang-pha-pun-school-308990626", "rank": 2}}, {"type": "Feature", "geometry": {"type": "Point", "coordinates": [98.98168, 18.70356]}, "properties": {"id": "cm-obec-1050130029", "name": "โรงเรียนวัดวังสิงห์คำ", "nameTh": "โรงเรียนวัดวังสิงห์คำ", "nameEn": null, "cat": ["school"], "province": "cm", "slug": "1050130029", "rank": 3}}, {"type": "Feature", "geometry": {"type": "Point", "coordinates": [98.9817, 18.70374]}, "properties": {"id": "cm-osm-way-145080931", "name": "โรงเรียนวัดวังสิงห์คำ", "nameTh": "โรงเรียนวัดวังสิงห์คำ", "nameEn": "Wat Wang Sing Kham School", "cat": ["school"], "province": "cm", "slug": "wat-wang-sing-kham-school-145080931", "rank": 2}}, {"type": "Feature", "geometry": {"type": "Point", "coordinates": [99.00065, 18.91561]}, "properties": {"id": "cm-dgth-monastic-0747265010", "name": "โรงเรียนวัดวิเวกวนาราม", "nameTh": "โรงเรียนวัดวิเวกวนาราม", "nameEn": null, "cat": ["school"], "province": "cm", "slug": "0747265010", "rank": 2}}, {"type": "Feature", "geometry": {"type": "Point", "coordinates": [98.96823, 18.64971]}, "properties": {"id": "cm-obec-1050130707", "name": "โรงเรียนวัดศรีดอนชัย", "nameTh": "โรงเรียนวัดศรีดอนชัย", "nameEn": null, "cat": ["school"], "province": "cm", "slug": "1050130707", "rank": 3}}, {"type": "Feature", "geometry": {"type": "Point", "coordinates": [98.83433, 18.55326]}, "properties": {"id": "cm-obec-1050130961", "name": "โรงเรียนวัดศรีดอนชัย", "nameTh": "โรงเรียนวัดศรีดอนชัย", "nameEn": null, "cat": ["school"], "province": "cm", "slug": "1050130961", "rank": 2}}, {"type": "Feature", "geometry": {"type": "Point", "coordinates": [99.18503, 19.87086]}, "properties": {"id": "cm-obec-1050130214", "name": "โรงเรียนวัดศรีบุญเรือง", "nameTh": "โรงเรียนวัดศรีบุญเรือง", "nameEn": null, "cat": ["school"], "province": "cm", "slug": "1050130214", "rank": 3}}, {"type": "Feature", "geometry": {"type": "Point", "coordinates": [98.90539, 18.65523]}, "properties": {"id": "cm-obec-1050130745", "name": "โรงเรียนวัดศรีล้อม", "nameTh": "โรงเรียนวัดศรีล้อม", "nameEn": null, "cat": ["school"], "province": "cm", "slug": "1050130745", "rank": 3}}, {"type": "Feature", "geometry": {"type": "Point", "coordinates": [98.90557, 18.6552]}, "properties": {"id": "cm-osm-way-332698942", "name": "โรงเรียนวัดศรีล้อม", "nameTh": "โรงเรียนวัดศรีล้อม", "nameEn": "Wat Si Lom School", "cat": ["school"], "province": "cm", "slug": "wat-si-lom-school-332698942", "rank": 2}}, {"type": "Feature", "geometry": {"type": "Point", "coordinates": [98.92776, 18.63972]}, "properties": {"id": "cm-obec-1050130744", "name": "โรงเรียนวัดศรีสว่าง", "nameTh": "โรงเรียนวัดศรีสว่าง", "nameEn": null, "cat": ["school"], "province": "cm", "slug": "1050130744", "rank": 3}}, {"type": "Feature", "geometry": {"type": "Point", "coordinates": [98.92367, 18.67021]}, "properties": {"id": "cm-obec-1050130740", "name": "โรงเรียนวัดศรีสุพรรณ์", "nameTh": "โรงเรียนวัดศรีสุพรรณ์", "nameEn": null, "cat": ["school"], "province": "cm", "slug": "1050130740", "rank": 3}}, {"type": "Feature", "geometry": {"type": "Point", "coordinates": [98.83314, 18.67072]}, "properties": {"id": "cm-obec-1050130676", "name": "โรงเรียนวัดศรีอุดม", "nameTh": "โรงเรียนวัดศรีอุดม", "nameEn": null, "cat": ["school"], "province": "cm", "slug": "1050130676", "rank": 2}}, {"type": "Feature", "geometry": {"type": "Point", "coordinates": [99.03988, 18.70584]}, "properties": {"id": "cm-obec-1050130690", "name": "โรงเรียนวัดศรีโพธาราม", "nameTh": "โรงเรียนวัดศรีโพธาราม", "nameEn": null, "cat": ["school"], "province": "cm", "slug": "1050130690", "rank": 3}}, {"type": "Feature", "geometry": {"type": "Point", "coordinates": [98.80505, 18.60243]}, "properties": {"id": "cm-obec-1050130909", "name": "โรงเรียนวัดศิริชัยนิมิตร", "nameTh": "โรงเรียนวัดศิริชัยนิมิตร", "nameEn": null, "cat": ["school"], "province": "cm", "slug": "1050130909", "rank": 3}}, {"type": "Feature", "geometry": {"type": "Point", "coordinates": [99.0404, 18.70574]}, "properties": {"id": "cm-osm-way-446042709", "name": "โรงเรียนวัดสรีโพธาราม", "nameTh": "โรงเรียนวัดสรีโพธาราม", "nameEn": "Wat Si Photharam School", "cat": ["school"], "province": "cm", "slug": "wat-si-photharam-school-446042709", "rank": 2}}, {"type": "Feature", "geometry": {"type": "Point", "coordinates": [98.96862, 18.78908]}, "properties": {"id": "cm-obec-1050130008", "name": "โรงเรียนวัดสวนดอก", "nameTh": "โรงเรียนวัดสวนดอก", "nameEn": null, "cat": ["school"], "province": "cm", "slug": "1050130008", "rank": 3}}, {"type": "Feature", "geometry": {"type": "Point", "coordinates": [98.96856, 18.78881]}, "properties": {"id": "cm-osm-node-2638649027", "name": "โรงเรียนวัดสวนดอก", "nameTh": "โรงเรียนวัดสวนดอก", "nameEn": "Wat Suandok School", "cat": ["school"], "province": "cm", "slug": "wat-suandok-school-2638649027", "rank": 2}}, {"type": "Feature", "geometry": {"type": "Point", "coordinates": [99.05474, 18.77228]}, "properties": {"id": "cm-obec-1050130553", "name": "โรงเรียนวัดสันกลางเหนือ", "nameTh": "โรงเรียนวัดสันกลางเหนือ", "nameEn": null, "cat": ["school"], "province": "cm", "slug": "1050130553", "rank": 3}}, {"type": "Feature", "geometry": {"type": "Point", "coordinates": [99.03489, 18.83134]}, "properties": {"id": "cm-obec-1050130632", "name": "โรงเรียนวัดสันคะยอม", "nameTh": "โรงเรียนวัดสันคะยอม", "nameEn": null, "cat": ["school"], "province": "cm", "slug": "1050130632", "rank": 3}}, {"type": "Feature", "geometry": {"type": "Point", "coordinates": [99.00045, 18.65158]}, "properties": {"id": "cm-osm-way-251150570", "name": "โรงเรียนวัดสันดอนมูนล", "nameTh": "โรงเรียนวัดสันดอนมูนล", "nameEn": "San Don Mun School", "cat": ["school"], "province": "cm", "slug": "san-don-mun-school-251150570", "rank": 2}}, {"type": "Feature", "geometry": {"type": "Point", "coordinates": [99.00056, 18.65148]}, "properties": {"id": "cm-obec-1050130721", "name": "โรงเรียนวัดสันดอนมูล", "nameTh": "โรงเรียนวัดสันดอนมูล", "nameEn": null, "cat": ["school"], "province": "cm", "slug": "1050130721", "rank": 3}}, {"type": "Feature", "geometry": {"type": "Point", "coordinates": [99.03036, 18.81856]}, "properties": {"id": "cm-osm-way-543610652", "name": "โรงเรียนวัดสันทรายมูล", "nameTh": "โรงเรียนวัดสันทรายมูล", "nameEn": "Wat San Sai Mun School", "cat": ["school"], "province": "cm", "slug": "wat-san-sai-mun-school-543610652", "rank": 2}}, {"type": "Feature", "geometry": {"type": "Point", "coordinates": [99.03068, 18.81732]}, "properties": {"id": "cm-obec-1050130596", "name": "โรงเรียนวัดสันทรายมูล(มงคลวิทยา)", "nameTh": "โรงเรียนวัดสันทรายมูล(มงคลวิทยา)", "nameEn": null, "cat": ["school"], "province": "cm", "slug": "1050130596", "rank": 3}}, {"type": "Feature", "geometry": {"type": "Point", "coordinates": [99.07631, 18.75324]}, "properties": {"id": "cm-obec-1050130551", "name": "โรงเรียนวัดสันป่าค่า", "nameTh": "โรงเรียนวัดสันป่าค่า", "nameEn": null, "cat": ["school"], "province": "cm", "slug": "1050130551", "rank": 3}}, {"type": "Feature", "geometry": {"type": "Point", "coordinates": [99.084, 18.75811]}, "properties": {"id": "cm-obec-1050130550", "name": "โรงเรียนวัดสันมะฮกฟ้า", "nameTh": "โรงเรียนวัดสันมะฮกฟ้า", "nameEn": null, "cat": ["school"], "province": "cm", "slug": "1050130550", "rank": 3}}, {"type": "Feature", "geometry": {"type": "Point", "coordinates": [99.08375, 18.75874]}, "properties": {"id": "cm-osm-way-95480140", "name": "โรงเรียนวัดสันมะฮกฟ้า", "nameTh": "โรงเรียนวัดสันมะฮกฟ้า", "nameEn": "Wat San Ma Hok Fa School", "cat": ["school"], "province": "cm", "slug": "wat-san-ma-hok-fa-school-95480140", "rank": 2}}, {"type": "Feature", "geometry": {"type": "Point", "coordinates": [99.12943, 18.79048]}, "properties": {"id": "cm-osm-way-149080004", "name": "โรงเรียนวัดสันมะแปบ", "nameTh": "โรงเรียนวัดสันมะแปบ", "nameEn": "Wat San Ma Paep School", "cat": ["school"], "province": "cm", "slug": "wat-san-ma-paep-school-149080004", "rank": 2}}, {"type": "Feature", "geometry": {"type": "Point", "coordinates": [99.13974, 18.73691]}, "properties": {"id": "cm-obec-1050130563", "name": "โรงเรียนวัดสันโค้ง", "nameTh": "โรงเรียนวัดสันโค้ง", "nameEn": null, "cat": ["school"], "province": "cm", "slug": "1050130563", "rank": 3}}, {"type": "Feature", "geometry": {"type": "Point", "coordinates": [99.13956, 18.73747]}, "properties": {"id": "cm-osm-way-549447550", "name": "โรงเรียนวัดสันโค้ง", "nameTh": "โรงเรียนวัดสันโค้ง", "nameEn": "Wat San Khong School", "cat": ["school"], "province": "cm", "slug": "wat-san-khong-school-549447550", "rank": 2}}, {"type": "Feature", "geometry": {"type": "Point", "coordinates": [98.89009, 18.54449]}, "properties": {"id": "cm-obec-1050130663", "name": "โรงเรียนวัดสามหลัง", "nameTh": "โรงเรียนวัดสามหลัง", "nameEn": null, "cat": ["school"], "province": "cm", "slug": "1050130663", "rank": 3}}, {"type": "Feature", "geometry": {"type": "Point", "coordinates": [98.82234, 18.58935]}, "properties": {"id": "cm-obec-1050130922", "name": "โรงเรียนวัดสารภีวิทยาคาร", "nameTh": "โรงเรียนวัดสารภีวิทยาคาร", "nameEn": null, "cat": ["school"], "province": "cm", "slug": "1050130922", "rank": 3}}, {"type": "Feature", "geometry": {"type": "Point", "coordinates": [99.02231, 18.78918]}, "properties": {"id": "cm-obec-1050130003", "name": "โรงเรียนวัดหนองป่าครั่ง", "nameTh": "โรงเรียนวัดหนองป่าครั่ง", "nameEn": null, "cat": ["school"], "province": "cm", "slug": "1050130003", "rank": 3}}, {"type": "Feature", "geometry": {"type": "Point", "coordinates": [98.83037, 18.53953]}, "properties": {"id": "cm-obec-1050130960", "name": "โรงเรียนวัดหนองหลั้ว", "nameTh": "โรงเรียนวัดหนองหลั้ว", "nameEn": null, "cat": ["school"], "province": "cm", "slug": "1050130960", "rank": 3}}, {"type": "Feature", "geometry": {"type": "Point", "coordinates": [99.00441, 19.14267]}, "properties": {"id": "cm-obec-1050130357", "name": "โรงเรียนวัดหนองออน", "nameTh": "โรงเรียนวัดหนองออน", "nameEn": null, "cat": ["school"], "province": "cm", "slug": "1050130357", "rank": 3}}, {"type": "Feature", "geometry": {"type": "Point", "coordinates": [99.0041, 19.14259]}, "properties": {"id": "cm-osm-node-4439073187", "name": "โรงเรียนวัดหนองออน", "nameTh": "โรงเรียนวัดหนองออน", "nameEn": "Wat Nong On School", "cat": ["school"], "province": "cm", "slug": "wat-nong-on-school-4439073187", "rank": 2}}, {"type": "Feature", "geometry": {"type": "Point", "coordinates": [99.27046, 18.60176]}, "properties": {"id": "cm-obec-1050130952", "name": "โรงเรียนวัดห้วยทราย", "nameTh": "โรงเรียนวัดห้วยทราย", "nameEn": null, "cat": ["school"], "province": "cm", "slug": "1050130952", "rank": 3}}, {"type": "Feature", "geometry": {"type": "Point", "coordinates": [99.38628, 20.06007]}, "properties": {"id": "cm-obec-1050130467", "name": "โรงเรียนวัดห้วยน้ำเย็น", "nameTh": "โรงเรียนวัดห้วยน้ำเย็น", "nameEn": null, "cat": ["school"], "province": "cm", "slug": "1050130467", "rank": 3}}, {"type": "Feature", "geometry": {"type": "Point", "coordinates": [98.81426, 18.67215]}, "properties": {"id": "cm-osm-way-764322495", "name": "โรงเรียนวัดห้วยแกว", "nameTh": "โรงเรียนวัดห้วยแกว", "nameEn": "Wat Huai Kaeo School", "cat": ["school"], "province": "cm", "slug": "wat-huai-kaeo-school-764322495", "rank": 2}}, {"type": "Feature", "geometry": {"type": "Point", "coordinates": [98.81435, 18.67234]}, "properties": {"id": "cm-obec-1050130917", "name": "โรงเรียนวัดห้วยแก้ว", "nameTh": "โรงเรียนวัดห้วยแก้ว", "nameEn": null, "cat": ["school"], "province": "cm", "slug": "1050130917", "rank": 3}}, {"type": "Feature", "geometry": {"type": "Point", "coordinates": [99.27366, 18.85689]}, "properties": {"id": "cm-obec-1050130941", "name": "โรงเรียนวัดห้วยแก้ว", "nameTh": "โรงเรียนวัดห้วยแก้ว", "nameEn": null, "cat": ["school"], "province": "cm", "slug": "1050130941", "rank": 3}}, {"type": "Feature", "geometry": {"type": "Point", "coordinates": [98.89879, 19.08777]}, "properties": {"id": "cm-obec-1050130403", "name": "โรงเรียนวัดห้วยไร่", "nameTh": "โรงเรียนวัดห้วยไร่", "nameEn": null, "cat": ["school"], "province": "cm", "slug": "1050130403", "rank": 3}}, {"type": "Feature", "geometry": {"type": "Point", "coordinates": [99.14956, 19.75612]}, "properties": {"id": "cm-obec-1050130892", "name": "โรงเรียนวัดอรัญญวาสี", "nameTh": "โรงเรียนวัดอรัญญวาสี", "nameEn": null, "cat": ["school"], "province": "cm", "slug": "1050130892", "rank": 3}}, {"type": "Feature", "geometry": {"type": "Point", "coordinates": [99.14931, 19.75585]}, "properties": {"id": "cm-osm-node-6531198785", "name": "โรงเรียนวัดอรัญญวาสี", "nameTh": "โรงเรียนวัดอรัญญวาสี", "nameEn": "Wat Aranyawasee school", "cat": ["school"], "province": "cm", "slug": "wat-aranyawasee-school-6531198785", "rank": 2}}, {"type": "Feature", "geometry": {"type": "Point", "coordinates": [98.87044, 18.62402]}, "properties": {"id": "cm-obec-1050130655", "name": "โรงเรียนวัดอุเม็ง", "nameTh": "โรงเรียนวัดอุเม็ง", "nameEn": null, "cat": ["school"], "province": "cm", "slug": "1050130655", "rank": 3}}, {"type": "Feature", "geometry": {"type": "Point", "coordinates": [98.97151, 18.80974]}, "properties": {"id": "cm-obec-1050130018", "name": "โรงเรียนวัดเจ็ดยอด", "nameTh": "โรงเรียนวัดเจ็ดยอด", "nameEn": null, "cat": ["school"], "province": "cm", "slug": "1050130018", "rank": 3}}, {"type": "Feature", "geometry": {"type": "Point", "coordinates": [99.05871, 18.73168]}, "properties": {"id": "cm-obec-1050130712", "name": "โรงเรียนวัดเทพาราม", "nameTh": "โรงเรียนวัดเทพาราม", "nameEn": null, "cat": ["school"], "province": "cm", "slug": "1050130712", "rank": 3}}, {"type": "Feature", "geometry": {"type": "Point", "coordinates": [99.245, 18.75739]}, "properties": {"id": "cm-obec-1050130948", "name": "โรงเรียนวัดเปาสามขา", "nameTh": "โรงเรียนวัดเปาสามขา", "nameEn": null, "cat": ["school"], "province": "cm", "slug": "1050130948", "rank": 3}}, {"type": "Feature", "geometry": {"type": "Point", "coordinates": [99.01574, 18.7648]}, "properties": {"id": "cm-obec-1050130006", "name": "โรงเรียนวัดเมืองสาตร", "nameTh": "โรงเรียนวัดเมืองสาตร", "nameEn": null, "cat": ["school"], "province": "cm", "slug": "1050130006", "rank": 3}}, {"type": "Feature", "geometry": {"type": "Point", "coordinates": [99.02935, 18.71609]}, "properties": {"id": "cm-osm-way-382248990", "name": "โรงเรียนวัดเวฬุวัน", "nameTh": "โรงเรียนวัดเวฬุวัน", "nameEn": "Wat Weluwan School", "cat": ["school"], "province": "cm", "slug": "wat-weluwan-school-382248990", "rank": 2}}, {"type": "Feature", "geometry": {"type": "Point", "coordinates": [99.00214, 18.75391]}, "properties": {"id": "cm-obec-1050130005", "name": "โรงเรียนวัดเสาหิน", "nameTh": "โรงเรียนวัดเสาหิน", "nameEn": null, "cat": ["school"], "province": "cm", "slug": "1050130005", "rank": 3}}, {"type": "Feature", "geometry": {"type": "Point", "coordinates": [98.92819, 19.14136]}, "properties": {"id": "cm-obec-1050130384", "name": "โรงเรียนวัดแม่กะ", "nameTh": "โรงเรียนวัดแม่กะ", "nameEn": null, "cat": ["school"], "province": "cm", "slug": "1050130384", "rank": 3}}, {"type": "Feature", "geometry": {"type": "Point", "coordinates": [98.9232, 18.91479]}, "properties": {"id": "cm-dgth-monastic-2899690019", "name": "โรงเรียนวัดแม่ริมวิทยา", "nameTh": "โรงเรียนวัดแม่ริมวิทยา", "nameEn": null, "cat": ["school"], "province": "cm", "slug": "2899690019", "rank": 2}}, {"type": "Feature", "geometry": {"type": "Point", "coordinates": [99.06082, 18.68137]}, "properties": {"id": "cm-obec-1050130695", "name": "โรงเรียนวัดแม่สะลาบ", "nameTh": "โรงเรียนวัดแม่สะลาบ", "nameEn": null, "cat": ["school"], "province": "cm", "slug": "1050130695", "rank": 3}}, {"type": "Feature", "geometry": {"type": "Point", "coordinates": [99.06186, 18.68114]}, "properties": {"id": "cm-osm-node-2007478368", "name": "โรงเรียนวัดแม่สะลาบ", "nameTh": "โรงเรียนวัดแม่สะลาบ", "nameEn": "Mae Salab School", "cat": ["school"], "province": "cm", "slug": "mae-salab-school-2007478368", "rank": 2}}, {"type": "Feature", "geometry": {"type": "Point", "coordinates": [98.75593, 18.92986]}, "properties": {"id": "cm-obec-1050130524", "name": "โรงเรียนวัดแม่เลย", "nameTh": "โรงเรียนวัดแม่เลย", "nameEn": null, "cat": ["school"], "province": "cm", "slug": "1050130524", "rank": 3}}, {"type": "Feature", "geometry": {"type": "Point", "coordinates": [99.04031, 18.88023]}, "properties": {"id": "cm-obec-1050130600", "name": "โรงเรียนวัดแม่แก้ดน้อย", "nameTh": "โรงเรียนวัดแม่แก้ดน้อย", "nameEn": null, "cat": ["school"], "province": "cm", "slug": "1050130600", "rank": 3}}, {"type": "Feature", "geometry": {"type": "Point", "coordinates": [99.03589, 18.87843]}, "properties": {"id": "cm-osm-node-2589524820", "name": "โรงเรียนวัดแม่แก้ดน้อย", "nameTh": "โรงเรียนวัดแม่แก้ดน้อย", "nameEn": "Wat Mae Kaet Noi School", "cat": ["school"], "province": "cm", "slug": "wat-mae-kaet-noi-school-2589524820", "rank": 2}}, {"type": "Feature", "geometry": {"type": "Point", "coordinates": [98.9164, 18.73845]}, "properties": {"id": "cm-dgth-monastic-3988959436", "name": "โรงเรียนวัดโขงขาววิทยา", "nameTh": "โรงเรียนวัดโขงขาววิทยา", "nameEn": null, "cat": ["school"], "province": "cm", "slug": "3988959436", "rank": 2}}, {"type": "Feature", "geometry": {"type": "Point", "coordinates": [98.83208, 18.89111]}, "properties": {"id": "cm-obec-1050130422", "name": "โรงเรียนวัดโป่งแยงเฉลิมพระเกียรติ", "nameTh": "โรงเรียนวัดโป่งแยงเฉลิมพระเกียรติ", "nameEn": null, "cat": ["school"], "province": "cm", "slug": "1050130422", "rank": 3}}, {"type": "Feature", "geometry": {"type": "Point", "coordinates": [98.9098, 18.53379]}, "properties": {"id": "cm-obec-1050130668", "name": "โรงเรียนวัดโรงวัว", "nameTh": "โรงเรียนวัดโรงวัว", "nameEn": null, "cat": ["school"], "province": "cm", "slug": "1050130668", "rank": 3}}, {"type": "Feature", "geometry": {"type": "Point", "coordinates": [99.01475, 18.7579]}, "properties": {"id": "cm-osm-relation-16464196", "name": "โรงเรียนวารีเชียงใหม่", "nameTh": "โรงเรียนวารีเชียงใหม่", "nameEn": "Varee Chiangmai School", "cat": ["school"], "province": "cm", "slug": "varee-chiangmai-school-16464196", "rank": 2}}, {"type": "Feature", "geometry": {"type": "Point", "coordinates": [99.09937, 19.775]}, "properties": {"id": "cm-obec-1050130223", "name": "โรงเรียนวิรุณเทพ", "nameTh": "โรงเรียนวิรุณเทพ", "nameEn": null, "cat": ["school"], "province": "cm", "slug": "1050130223", "rank": 3}}, {"type": "Feature", "geometry": {"type": "Point", "coordinates": [98.67562, 18.41657]}, "properties": {"id": "cm-obec-1050130048", "name": "โรงเรียนศรีจอมทอง", "nameTh": "โรงเรียนศรีจอมทอง", "nameEn": null, "cat": ["school"], "province": "cm", "slug": "1050130048", "rank": 3}}, {"type": "Feature", "geometry": {"type": "Point", "coordinates": [98.9976, 18.9168]}, "properties": {"id": "cm-obec-1050131025", "name": "โรงเรียนศรีสังวาลย์เชียงใหม่", "nameTh": "โรงเรียนศรีสังวาลย์เชียงใหม่", "nameEn": null, "cat": ["school"], "province": "cm", "slug": "1050131025", "rank": 3}}, {"type": "Feature", "geometry": {"type": "Point", "coordinates": [98.99911, 18.91757]}, "properties": {"id": "cm-osm-relation-6637661", "name": "โรงเรียนศรีสังวาลย์เชียงใหม่", "nameTh": "โรงเรียนศรีสังวาลย์เชียงใหม่", "nameEn": "Si Sang Wan Chiang Mai School", "cat": ["school"], "province": "cm", "slug": "si-sang-wan-chiang-mai-school-6637661", "rank": 2}}, {"type": "Feature", "geometry": {"type": "Point", "coordinates": [98.90552, 18.841]}, "properties": {"id": "cm-obec-1050130016", "name": "โรงเรียนศรีเนห์รู", "nameTh": "โรงเรียนศรีเนห์รู", "nameEn": null, "cat": ["school"], "province": "cm", "slug": "1050130016", "rank": 3}}, {"type": "Feature", "geometry": {"type": "Point", "coordinates": [98.90547, 18.84111]}, "properties": {"id": "cm-osm-way-893867015", "name": "โรงเรียนศรีเนห์รู", "nameTh": "โรงเรียนศรีเนห์รู", "nameEn": "Sri Nehru School", "cat": ["school"], "province": "cm", "slug": "sri-nehru-school-893867015", "rank": 2}}, {"type": "Feature", "geometry": {"type": "Point", "coordinates": [98.95667, 18.74755]}, "properties": {"id": "cm-obec-1050130012", "name": "โรงเรียนศิริมังคลาจารย์", "nameTh": "โรงเรียนศิริมังคลาจารย์", "nameEn": null, "cat": ["school"], "province": "cm", "slug": "1050130012", "rank": 3}}, {"type": "Feature", "geometry": {"type": "Point", "coordinates": [98.95702, 18.74747]}, "properties": {"id": "cm-osm-way-297686513", "name": "โรงเรียนศิริมังคลาจารย์", "nameTh": "โรงเรียนศิริมังคลาจารย์", "nameEn": "Sirimangkalajarn Elementary School", "cat": ["school"], "province": "cm", "slug": "sirimangkalajarn-elementary-school-297686513", "rank": 2}}, {"type": "Feature", "geometry": {"type": "Point", "coordinates": [98.97903, 18.78393]}, "properties": {"id": "cm-osm-node-3390734348", "name": "โรงเรียนศิลปครูเทพ", "nameTh": "โรงเรียนศิลปครูเทพ", "nameEn": null, "cat": ["school"], "province": "cm", "slug": "3390734348", "rank": 1}}, {"type": "Feature", "geometry": {"type": "Point", "coordinates": [99.42791, 20.04805]}, "properties": {"id": "cm-obec-1050130484", "name": "โรงเรียนศึกษานารีอนุสรณ์ 1 บ้านแม่เมืองน้อย", "nameTh": "โรงเรียนศึกษานารีอนุสรณ์ 1 บ้านแม่เมืองน้อย", "nameEn": null, "cat": ["school"], "province": "cm", "slug": "1-1050130484", "rank": 3}}, {"type": "Feature", "geometry": {"type": "Point", "coordinates": [99.47092, 20.04254]}, "properties": {"id": "cm-obec-1050130485", "name": "โรงเรียนศึกษานารีอนุสรณ์ 2", "nameTh": "โรงเรียนศึกษานารีอนุสรณ์ 2", "nameEn": null, "cat": ["school"], "province": "cm", "slug": "2-1050130485", "rank": 3}}, {"type": "Feature", "geometry": {"type": "Point", "coordinates": [98.9904, 19.4208]}, "properties": {"id": "cm-obec-1050130996", "name": "โรงเรียนศึกษาสงเคราะห์เชียงดาว", "nameTh": "โรงเรียนศึกษาสงเคราะห์เชียงดาว", "nameEn": null, "cat": ["school"], "province": "cm", "slug": "1050130996", "rank": 3}}, {"type": "Feature", "geometry": {"type": "Point", "coordinates": [98.9656, 18.8542]}, "properties": {"id": "cm-obec-1050131003", "name": "โรงเรียนศึกษาสงเคราะห์เชียงใหม่", "nameTh": "โรงเรียนศึกษาสงเคราะห์เชียงใหม่", "nameEn": null, "cat": ["school"], "province": "cm", "slug": "1050131003", "rank": 3}}, {"type": "Feature", "geometry": {"type": "Point", "coordinates": [98.99148, 18.78804]}, "properties": {"id": "cm-osm-node-336234381", "name": "โรงเรียนสถานสอนภาษาสมาคมนักเรียนเก่าสหรัฐอเมริกา", "nameTh": "โรงเรียนสถานสอนภาษาสมาคมนักเรียนเก่าสหรัฐอเมริกา", "nameEn": "American University Alumni Language Center", "cat": ["school"], "province": "cm", "slug": "american-university-alumni-language-center-336234381", "rank": 2}}, {"type": "Feature", "geometry": {"type": "Point", "coordinates": [98.83313, 19.10655]}, "properties": {"id": "cm-obec-1050130386", "name": "โรงเรียนสบเปิงวิทยา", "nameTh": "โรงเรียนสบเปิงวิทยา", "nameEn": null, "cat": ["school"], "province": "cm", "slug": "1050130386", "rank": 3}}, {"type": "Feature", "geometry": {"type": "Point", "coordinates": [98.946, 18.81392]}, "properties": {"id": "cm-dgth-monastic-2358527988", "name": "โรงเรียนสมเด็จพระพุทธชินวงศ์", "nameTh": "โรงเรียนสมเด็จพระพุทธชินวงศ์", "nameEn": null, "cat": ["school"], "province": "cm", "slug": "2358527988", "rank": 2}}, {"type": "Feature", "geometry": {"type": "Point", "coordinates": [99.11942, 18.77473]}, "properties": {"id": "cm-osm-way-106049236", "name": "โรงเรียนสวนเด็กสันกำแพง", "nameTh": "โรงเรียนสวนเด็กสันกำแพง", "nameEn": "Suan Dek San Kamphaeng School", "cat": ["school"], "province": "cm", "slug": "suan-dek-san-kamphaeng-school-106049236", "rank": 2}}, {"type": "Feature", "geometry": {"type": "Point", "coordinates": [99.17806, 19.3397]}, "properties": {"id": "cm-obec-1050130250", "name": "โรงเรียนสหกรณ์ดำริ", "nameTh": "โรงเรียนสหกรณ์ดำริ", "nameEn": null, "cat": ["school"], "province": "cm", "slug": "1050130250", "rank": 3}}, {"type": "Feature", "geometry": {"type": "Point", "coordinates": [98.77686, 18.46232]}, "properties": {"id": "cm-obec-1050131023", "name": "โรงเรียนสองแคววิทยาคม", "nameTh": "โรงเรียนสองแคววิทยาคม", "nameEn": null, "cat": ["school"], "province": "cm", "slug": "1050131023", "rank": 3}}, {"type": "Feature", "geometry": {"type": "Point", "coordinates": [98.78199, 18.46096]}, "properties": {"id": "cm-osm-node-2684767967", "name": "โรงเรียนสองแคววิทยาคม", "nameTh": "โรงเรียนสองแคววิทยาคม", "nameEn": "Song Khwae Witthayakhom School", "cat": ["school"], "province": "cm", "slug": "song-khwae-witthayakhom-school-2684767967", "rank": 2}}, {"type": "Feature", "geometry": {"type": "Point", "coordinates": [99.0152, 18.74185]}, "properties": {"id": "cm-osm-way-537932526", "name": "โรงเรียนสอนขับรถ เชียงใหม่", "nameTh": "โรงเรียนสอนขับรถ เชียงใหม่", "nameEn": "Chiang Mai Driving School", "cat": ["school"], "province": "cm", "slug": "chiang-mai-driving-school-537932526", "rank": 3}}, {"type": "Feature", "geometry": {"type": "Point", "coordinates": [98.9785, 18.7875]}, "properties": {"id": "cm-obec-1050130989", "name": "โรงเรียนสอนคนตาบอดภาคเหนือ", "nameTh": "โรงเรียนสอนคนตาบอดภาคเหนือ", "nameEn": null, "cat": ["school"], "province": "cm", "slug": "1050130989", "rank": 3}}, {"type": "Feature", "geometry": {"type": "Point", "coordinates": [98.97874, 18.78751]}, "properties": {"id": "cm-osm-way-238829916", "name": "โรงเรียนสอนคนตาบอดภาคเหนือ", "nameTh": "โรงเรียนสอนคนตาบอดภาคเหนือ", "nameEn": "The Northern School for the Blind", "cat": ["school"], "province": "cm", "slug": "the-northern-school-for-the-blind-238829916", "rank": 2}}, {"type": "Feature", "geometry": {"type": "Point", "coordinates": [98.62166, 19.69257]}, "properties": {"id": "cm-osm-way-1060274817", "name": "โรงเรียนสอนพิเศษภาษาจีนกวงหัว 邊龍光華中學", "nameTh": "โรงเรียนสอนพิเศษภาษาจีนกวงหัว", "nameEn": "Piang Luang Guang Hua Chinese School", "cat": ["school"], "province": "cm", "slug": "piang-luang-guang-hua-chinese-school-1060274817", "rank": 2}}, {"type": "Feature", "geometry": {"type": "Point", "coordinates": [98.78507, 19.67921]}, "properties": {"id": "cm-osm-way-1509395385", "name": "โรงเรียนสอนภาษาจีนยู่ยิงบ้านไชยา", "nameTh": "โรงเรียนสอนภาษาจีนยู่ยิงบ้านไชยา", "nameEn": "Yu Ying Chinese Language School, Chaiya", "cat": ["school"], "province": "cm", "slug": "yu-ying-chinese-language-school-chaiya-1509395385", "rank": 2}}, {"type": "Feature", "geometry": {"type": "Point", "coordinates": [98.73583, 18.84521]}, "properties": {"id": "cm-obec-1050131004", "name": "โรงเรียนสะเมิงพิทยาคม", "nameTh": "โรงเรียนสะเมิงพิทยาคม", "nameEn": null, "cat": ["school"], "province": "cm", "slug": "1050131004", "rank": 3}}, {"type": "Feature", "geometry": {"type": "Point", "coordinates": [98.73408, 18.84655]}, "properties": {"id": "cm-osm-way-802060977", "name": "โรงเรียนสะเมิงพิทยาคม", "nameTh": "โรงเรียนสะเมิงพิทยาคม", "nameEn": "Samoeng Phitthayakhom School", "cat": ["school"], "province": "cm", "slug": "samoeng-phitthayakhom-school-802060977", "rank": 2}}, {"type": "Feature", "geometry": {"type": "Point", "coordinates": [98.9135, 18.80861]}, "properties": {"id": "cm-obec-1050130015", "name": "โรงเรียนสังวาลย์วิทยา", "nameTh": "โรงเรียนสังวาลย์วิทยา", "nameEn": null, "cat": ["school"], "province": "cm", "slug": "1050130015", "rank": 3}}, {"type": "Feature", "geometry": {"type": "Point", "coordinates": [99.04774, 18.74803]}, "properties": {"id": "cm-obec-1050131011", "name": "โรงเรียนสันกำแพง", "nameTh": "โรงเรียนสันกำแพง", "nameEn": null, "cat": ["school"], "province": "cm", "slug": "1050131011", "rank": 3}}, {"type": "Feature", "geometry": {"type": "Point", "coordinates": [99.12327, 18.7395]}, "properties": {"id": "cm-osm-way-96589601", "name": "โรงเรียนสันกำแพง", "nameTh": "โรงเรียนสันกำแพง", "nameEn": "San Kamphaeng School", "cat": ["school"], "province": "cm", "slug": "san-kamphaeng-school-96589601", "rank": 2}}, {"type": "Feature", "geometry": {"type": "Point", "coordinates": [99.12776, 18.75406]}, "properties": {"id": "cm-obec-1050130555", "name": "โรงเรียนสันกำแพงคันธาอนุสรณ์", "nameTh": "โรงเรียนสันกำแพงคันธาอนุสรณ์", "nameEn": null, "cat": ["school"], "province": "cm", "slug": "1050130555", "rank": 3}}, {"type": "Feature", "geometry": {"type": "Point", "coordinates": [99.12768, 18.7537]}, "properties": {"id": "cm-osm-way-371465160", "name": "โรงเรียนสันกำแพงคันธาอนุสรณ์", "nameTh": "โรงเรียนสันกำแพงคันธาอนุสรณ์", "nameEn": "San Kamphaeng Khan Tha Anuson School", "cat": ["school"], "province": "cm", "slug": "san-kamphaeng-khan-tha-anuson-school-371465160", "rank": 2}}, {"type": "Feature", "geometry": {"type": "Point", "coordinates": [99.03621, 19.73022]}, "properties": {"id": "cm-obec-1050130899", "name": "โรงเรียนสันติวนา", "nameTh": "โรงเรียนสันติวนา", "nameEn": null, "cat": ["school"], "province": "cm", "slug": "1050130899", "rank": 3}}, {"type": "Feature", "geometry": {"type": "Point", "coordinates": [99.03405, 19.74166]}, "properties": {"id": "cm-osm-way-244834116", "name": "โรงเรียนสันติวนา", "nameTh": "โรงเรียนสันติวนา", "nameEn": "Santiwana School", "cat": ["school"], "province": "cm", "slug": "santiwana-school-244834116", "rank": 2}}, {"type": "Feature", "geometry": {"type": "Point", "coordinates": [98.79932, 18.5406]}, "properties": {"id": "cm-obec-1050131024", "name": "โรงเรียนสันติสุข", "nameTh": "โรงเรียนสันติสุข", "nameEn": null, "cat": ["school"], "province": "cm", "slug": "1050131024", "rank": 3}}, {"type": "Feature", "geometry": {"type": "Point", "coordinates": [98.79738, 18.53994]}, "properties": {"id": "cm-osm-node-3322301016", "name": "โรงเรียนสันติสุข", "nameTh": "โรงเรียนสันติสุข", "nameEn": "Santisuk School", "cat": ["school"], "province": "cm", "slug": "santisuk-school-3322301016", "rank": 2}}, {"type": "Feature", "geometry": {"type": "Point", "coordinates": [98.99785, 18.92017]}, "properties": {"id": "cm-obec-1050131012", "name": "โรงเรียนสันทรายวิทยาคม", "nameTh": "โรงเรียนสันทรายวิทยาคม", "nameEn": null, "cat": ["school"], "province": "cm", "slug": "1050131012", "rank": 3}}, {"type": "Feature", "geometry": {"type": "Point", "coordinates": [98.99711, 18.91952]}, "properties": {"id": "cm-osm-node-2556225205", "name": "โรงเรียนสันทรายวิทยาคม", "nameTh": "โรงเรียนสันทรายวิทยาคม", "nameEn": "San Sai Witthayakhom School", "cat": ["school"], "province": "cm", "slug": "san-sai-witthayakhom-school-2556225205", "rank": 2}}, {"type": "Feature", "geometry": {"type": "Point", "coordinates": [99.04299, 18.84612]}, "properties": {"id": "cm-osm-way-143956497", "name": "โรงเรียนสันทรายวิทยาคม", "nameTh": "โรงเรียนสันทรายวิทยาคม", "nameEn": "San Sai Witthayakhom School", "cat": ["school"], "province": "cm", "slug": "san-sai-witthayakhom-school-143956497", "rank": 2}}, {"type": "Feature", "geometry": {"type": "Point", "coordinates": [99.04294, 18.84593]}, "properties": {"id": "cm-obec-1050130630", "name": "โรงเรียนสันทรายหลวง", "nameTh": "โรงเรียนสันทรายหลวง", "nameEn": null, "cat": ["school"], "province": "cm", "slug": "1050130630", "rank": 3}}, {"type": "Feature", "geometry": {"type": "Point", "coordinates": [99.04428, 18.85045]}, "properties": {"id": "cm-osm-node-2590205140", "name": "โรงเรียนสันทรายหลวง (แผนกอนุบาล)", "nameTh": "โรงเรียนสันทรายหลวง (แผนกอนุบาล)", "nameEn": "San Sai Luang School (Kindergarten)", "cat": ["school"], "province": "cm", "slug": "san-sai-luang-school-kindergarten-2590205140", "rank": 2}}, {"type": "Feature", "geometry": {"type": "Point", "coordinates": [98.89531, 18.62203]}, "properties": {"id": "cm-osm-node-2684213283", "name": "โรงเรียนสันป่าตอง", "nameTh": "โรงเรียนสันป่าตอง", "nameEn": "San Pa Tong School", "cat": ["school"], "province": "cm", "slug": "san-pa-tong-school-2684213283", "rank": 2}}, {"type": "Feature", "geometry": {"type": "Point", "coordinates": [98.89179, 18.60682]}, "properties": {"id": "cm-osm-way-196844543", "name": "โรงเรียนสันป่าตอง", "nameTh": "โรงเรียนสันป่าตอง", "nameEn": "San Pa Tong School", "cat": ["school"], "province": "cm", "slug": "san-pa-tong-school-196844543", "rank": 2}}, {"type": "Feature", "geometry": {"type": "Point", "coordinates": [98.89574, 18.62222]}, "properties": {"id": "cm-obec-1050130652", "name": "โรงเรียนสันป่าตอง(สุวรรณราษฎร์วิทยาคาร)", "nameTh": "โรงเรียนสันป่าตอง(สุวรรณราษฎร์วิทยาคาร)", "nameEn": null, "cat": ["school"], "province": "cm", "slug": "1050130652", "rank": 3}}, {"type": "Feature", "geometry": {"type": "Point", "coordinates": [98.87664, 18.59568]}, "properties": {"id": "cm-obec-1050131009", "name": "โรงเรียนสันป่าตองวิทยาคม", "nameTh": "โรงเรียนสันป่าตองวิทยาคม", "nameEn": null, "cat": ["school"], "province": "cm", "slug": "1050131009", "rank": 3}}, {"type": "Feature", "geometry": {"type": "Point", "coordinates": [98.89094, 18.64311]}, "properties": {"id": "cm-dgth-monastic-2546210838", "name": "โรงเรียนสันป่าตองศึกษา", "nameTh": "โรงเรียนสันป่าตองศึกษา", "nameEn": null, "cat": ["school"], "province": "cm", "slug": "2546210838", "rank": 2}}, {"type": "Feature", "geometry": {"type": "Point", "coordinates": [98.86632, 19.04976]}, "properties": {"id": "cm-osm-node-3094143940", "name": "โรงเรียนสันป่ายาง", "nameTh": "โรงเรียนสันป่ายาง", "nameEn": "San Payang School", "cat": ["school"], "province": "cm", "slug": "san-payang-school-3094143940", "rank": 2}}, {"type": "Feature", "geometry": {"type": "Point", "coordinates": [98.87178, 19.04967]}, "properties": {"id": "cm-obec-1050131000", "name": "โรงเรียนสันป่ายางวิทยาคม", "nameTh": "โรงเรียนสันป่ายางวิทยาคม", "nameEn": null, "cat": ["school"], "province": "cm", "slug": "1050131000", "rank": 3}}, {"type": "Feature", "geometry": {"type": "Point", "coordinates": [98.87041, 19.0329]}, "properties": {"id": "cm-obec-1050130417", "name": "โรงเรียนสันป่ายางวิทยาคาร", "nameTh": "โรงเรียนสันป่ายางวิทยาคาร", "nameEn": null, "cat": ["school"], "province": "cm", "slug": "1050130417", "rank": 3}}, {"type": "Feature", "geometry": {"type": "Point", "coordinates": [98.93825, 19.08762]}, "properties": {"id": "cm-obec-1050130398", "name": "โรงเรียนสันป่าสักวิทยา", "nameTh": "โรงเรียนสันป่าสักวิทยา", "nameEn": null, "cat": ["school"], "province": "cm", "slug": "1050130398", "rank": 3}}, {"type": "Feature", "geometry": {"type": "Point", "coordinates": [98.93768, 19.08746]}, "properties": {"id": "cm-osm-node-2611334292", "name": "โรงเรียนสันป่าสักวิทยา", "nameTh": "โรงเรียนสันป่าสักวิทยา", "nameEn": "San Pa Sak School", "cat": ["school"], "province": "cm", "slug": "san-pa-sak-school-2611334292", "rank": 2}}, {"type": "Feature", "geometry": {"type": "Point", "coordinates": [98.94122, 19.12031]}, "properties": {"id": "cm-obec-1050130380", "name": "โรงเรียนสันมหาพนวิทยา", "nameTh": "โรงเรียนสันมหาพนวิทยา", "nameEn": null, "cat": ["school"], "province": "cm", "slug": "1050130380", "rank": 3}}, {"type": "Feature", "geometry": {"type": "Point", "coordinates": [98.94134, 19.11998]}, "properties": {"id": "cm-osm-way-367916271", "name": "โรงเรียนสันมหาพนวิทยา", "nameTh": "โรงเรียนสันมหาพนวิทยา", "nameEn": "San Mahaphon School", "cat": ["school"], "province": "cm", "slug": "san-mahaphon-school-367916271", "rank": 2}}, {"type": "Feature", "geometry": {"type": "Point", "coordinates": [98.95455, 18.79515]}, "properties": {"id": "cm-osm-way-474135448", "name": "โรงเรียนสาธิตมหาวิทยาลัยเชียงใหม่", "nameTh": "โรงเรียนสาธิตมหาวิทยาลัยเชียงใหม่", "nameEn": "Chiang Mai University Demonstration School", "cat": ["school"], "province": "cm", "slug": "chiang-mai-university-demonstration-school-474135448", "rank": 2}}, {"type": "Feature", "geometry": {"type": "Point", "coordinates": [98.98713, 18.78802]}, "properties": {"id": "cm-osm-node-2039961809", "name": "โรงเรียนสามัคคีวิทยาทาน", "nameTh": "โรงเรียนสามัคคีวิทยาทาน", "nameEn": "Samakkhi Witthayathan School", "cat": ["school"], "province": "cm", "slug": "samakkhi-witthayathan-school-2039961809", "rank": 2}}, {"type": "Feature", "geometry": {"type": "Point", "coordinates": [98.30311, 19.10993]}, "properties": {"id": "cm-obec-1050130340", "name": "โรงเรียนสามัคคีสันม่วง", "nameTh": "โรงเรียนสามัคคีสันม่วง", "nameEn": null, "cat": ["school"], "province": "cm", "slug": "1050130340", "rank": 2}}, {"type": "Feature", "geometry": {"type": "Point", "coordinates": [99.03565, 18.71088]}, "properties": {"id": "cm-dgth-monastic-2776068173", "name": "โรงเรียนสารภีปริยัติศึกษา", "nameTh": "โรงเรียนสารภีปริยัติศึกษา", "nameEn": null, "cat": ["school"], "province": "cm", "slug": "2776068173", "rank": 2}}, {"type": "Feature", "geometry": {"type": "Point", "coordinates": [99.03437, 18.71283]}, "properties": {"id": "cm-obec-1050131018", "name": "โรงเรียนสารภีพิทยาคม", "nameTh": "โรงเรียนสารภีพิทยาคม", "nameEn": null, "cat": ["school"], "province": "cm", "slug": "1050131018", "rank": 3}}, {"type": "Feature", "geometry": {"type": "Point", "coordinates": [98.98914, 18.73249]}, "properties": {"id": "cm-osm-way-411043048", "name": "โรงเรียนสืบนทีธรรม", "nameTh": "โรงเรียนสืบนทีธรรม", "nameEn": "Suep Nathi Tham School", "cat": ["school"], "province": "cm", "slug": "suep-nathi-tham-school-411043048", "rank": 2}}, {"type": "Feature", "geometry": {"type": "Point", "coordinates": [98.65329, 18.62457]}, "properties": {"id": "cm-obec-1050131060", "name": "โรงเรียนสโมสรไลออนส์รัตนโกสินทร์", "nameTh": "โรงเรียนสโมสรไลออนส์รัตนโกสินทร์", "nameEn": null, "cat": ["school"], "province": "cm", "slug": "1050131060", "rank": 3}}, {"type": "Feature", "geometry": {"type": "Point", "coordinates": [98.9369, 19.10352]}, "properties": {"id": "cm-osm-node-2611345739", "name": "โรงเรียนหนองหล่มวิทยาคาร", "nameTh": "โรงเรียนหนองหล่มวิทยาคาร", "nameEn": "Nong Lom School", "cat": ["school"], "province": "cm", "slug": "nong-lom-school-2611345739", "rank": 2}}, {"type": "Feature", "geometry": {"type": "Point", "coordinates": [99.25517, 18.8085]}, "properties": {"id": "cm-obec-1050130934", "name": "โรงเรียนหมู่บ้านสหกรณ์ 2", "nameTh": "โรงเรียนหมู่บ้านสหกรณ์ 2", "nameEn": null, "cat": ["school"], "province": "cm", "slug": "2-1050130934", "rank": 3}}, {"type": "Feature", "geometry": {"type": "Point", "coordinates": [99.24451, 18.79011]}, "properties": {"id": "cm-osm-way-872261413", "name": "โรงเรียนหมู่บ้านสหกรณ์๒", "nameTh": "โรงเรียนหมู่บ้านสหกรณ์๒", "nameEn": "Sahakon Song School", "cat": ["school"], "province": "cm", "slug": "sahakon-song-school-872261413", "rank": 2}}, {"type": "Feature", "geometry": {"type": "Point", "coordinates": [98.52053, 18.62149]}, "properties": {"id": "cm-obec-1050130928", "name": "โรงเรียนหลวงพัฒนาบ้านขุนวาง", "nameTh": "โรงเรียนหลวงพัฒนาบ้านขุนวาง", "nameEn": null, "cat": ["school"], "province": "cm", "slug": "1050130928", "rank": 2}}, {"type": "Feature", "geometry": {"type": "Point", "coordinates": [98.23814, 18.5412]}, "properties": {"id": "cm-obec-1050130308", "name": "โรงเรียนหลวงพัฒนาบ้านพุย", "nameTh": "โรงเรียนหลวงพัฒนาบ้านพุย", "nameEn": null, "cat": ["school"], "province": "cm", "slug": "1050130308", "rank": 3}}, {"type": "Feature", "geometry": {"type": "Point", "coordinates": [98.9821, 18.79151]}, "properties": {"id": "cm-obec-1050130986", "name": "โรงเรียนหอพระ", "nameTh": "โรงเรียนหอพระ", "nameEn": null, "cat": ["school"], "province": "cm", "slug": "1050130986", "rank": 3}}, {"type": "Feature", "geometry": {"type": "Point", "coordinates": [98.98081, 18.7918]}, "properties": {"id": "cm-osm-way-130845503", "name": "โรงเรียนหอพระ", "nameTh": "โรงเรียนหอพระ", "nameEn": "Hopra School", "cat": ["school"], "province": "cm", "slug": "hopra-school-130845503", "rank": 2}}, {"type": "Feature", "geometry": {"type": "Point", "coordinates": [98.91943, 18.67994]}, "properties": {"id": "cm-obec-1050131013", "name": "โรงเรียนหางดงรัฐราษฎร์อุปถัมภ์", "nameTh": "โรงเรียนหางดงรัฐราษฎร์อุปถัมภ์", "nameEn": null, "cat": ["school"], "province": "cm", "slug": "1050131013", "rank": 3}}, {"type": "Feature", "geometry": {"type": "Point", "coordinates": [98.91966, 18.68048]}, "properties": {"id": "cm-osm-way-390189267", "name": "โรงเรียนหางดงรัฐราษฏร์อุปถัมภ์", "nameTh": "โรงเรียนหางดงรัฐราษฏร์อุปถัมภ์", "nameEn": "Hangdong raut raat upataum School", "cat": ["school"], "province": "cm", "slug": "hangdong-raut-raat-upataum-school-390189267", "rank": 2}}, {"type": "Feature", "geometry": {"type": "Point", "coordinates": [98.92062, 18.68756]}, "properties": {"id": "cm-dgth-monastic-3800655391", "name": "โรงเรียนหางดงสังฆราษฎร์อุปถัมภ์", "nameTh": "โรงเรียนหางดงสังฆราษฎร์อุปถัมภ์", "nameEn": null, "cat": ["school"], "province": "cm", "slug": "3800655391", "rank": 2}}, {"type": "Feature", "geometry": {"type": "Point", "coordinates": [98.65125, 18.30931]}, "properties": {"id": "cm-osm-way-1158646381", "name": "โรงเรียนห้วยม่วง", "nameTh": "โรงเรียนห้วยม่วง", "nameEn": "Huai Muang School", "cat": ["school"], "province": "cm", "slug": "huai-muang-school-1158646381", "rank": 2}}, {"type": "Feature", "geometry": {"type": "Point", "coordinates": [98.99266, 18.82115]}, "properties": {"id": "cm-osm-node-2865683301", "name": "โรงเรียนอนอนุบาลดรุฌนิมิตวิทยา", "nameTh": "โรงเรียนอนอนุบาลดรุฌนิมิตวิทยา", "nameEn": "Ana Anuban Dru Nimit Witthaya School", "cat": ["school"], "province": "cm", "slug": "ana-anuban-dru-nimit-witthaya-school-2865683301", "rank": 2}}, {"type": "Feature", "geometry": {"type": "Point", "coordinates": [99.04376, 18.84772]}, "properties": {"id": "cm-osm-node-2590195078", "name": "โรงเรียนอนุบาล ต.วรศิลป์", "nameTh": "โรงเรียนอนุบาล ต.วรศิลป์", "nameEn": "Won Sin", "cat": ["school"], "province": "cm", "slug": "won-sin-2590195078", "rank": 2}}, {"type": "Feature", "geometry": {"type": "Point", "coordinates": [99.04897, 18.85536]}, "properties": {"id": "cm-osm-node-2590211690", "name": "โรงเรียนอนุบาล วีรยา", "nameTh": "โรงเรียนอนุบาล วีรยา", "nameEn": "Wira Ya School", "cat": ["school"], "province": "cm", "slug": "wira-ya-school-2590211690", "rank": 2}}, {"type": "Feature", "geometry": {"type": "Point", "coordinates": [98.98665, 18.78478]}, "properties": {"id": "cm-osm-node-2658324845", "name": "โรงเรียนอนุบาล สายดรุณ", "nameTh": "โรงเรียนอนุบาล สายดรุณ", "nameEn": "Saidarun", "cat": ["school"], "province": "cm", "slug": "saidarun-2658324845", "rank": 2}}, {"type": "Feature", "geometry": {"type": "Point", "coordinates": [98.99276, 18.79094]}, "properties": {"id": "cm-osm-node-1619218821", "name": "โรงเรียนอนุบาล อุบลลักษณ์", "nameTh": "โรงเรียนอนุบาล อุบลลักษณ์", "nameEn": null, "cat": ["school"], "province": "cm", "slug": "1619218821", "rank": 1}}, {"type": "Feature", "geometry": {"type": "Point", "coordinates": [98.99519, 18.78228]}, "properties": {"id": "cm-osm-node-1618793906", "name": "โรงเรียนอนุบาลดรุณนิมิต", "nameTh": "โรงเรียนอนุบาลดรุณนิมิต", "nameEn": "Darun Nimit", "cat": ["school"], "province": "cm", "slug": "darun-nimit-1618793906", "rank": 2}}, {"type": "Feature", "geometry": {"type": "Point", "coordinates": [98.99489, 18.82719]}, "properties": {"id": "cm-obec-1050130021", "name": "โรงเรียนอนุบาลบ้านท่อเมืองลัง", "nameTh": "โรงเรียนอนุบาลบ้านท่อเมืองลัง", "nameEn": null, "cat": ["school"], "province": "cm", "slug": "1050130021", "rank": 3}}, {"type": "Feature", "geometry": {"type": "Point", "coordinates": [98.96272, 18.60047]}, "properties": {"id": "cm-osm-node-2007655883", "name": "โรงเรียนอนุบาลบ้านบัว", "nameTh": "โรงเรียนอนุบาลบ้านบัว", "nameEn": "Anuban Ban Bua school", "cat": ["school"], "province": "cm", "slug": "anuban-ban-bua-school-2007655883", "rank": 2}}, {"type": "Feature", "geometry": {"type": "Point", "coordinates": [99.20336, 19.36773]}, "properties": {"id": "cm-osm-node-4606466739", "name": "โรงเรียนอนุบาลพรชัย", "nameTh": "โรงเรียนอนุบาลพรชัย", "nameEn": "Phon Chai Kindergarten", "cat": ["school"], "province": "cm", "slug": "phon-chai-kindergarten-4606466739", "rank": 2}}, {"type": "Feature", "geometry": {"type": "Point", "coordinates": [99.02725, 18.71086]}, "properties": {"id": "cm-osm-way-410730488", "name": "โรงเรียนอนุบาลพิมมาลา", "nameTh": "โรงเรียนอนุบาลพิมมาลา", "nameEn": "Phim Mala Kindergarten School", "cat": ["school"], "province": "cm", "slug": "phim-mala-kindergarten-school-410730488", "rank": 2}}, {"type": "Feature", "geometry": {"type": "Point", "coordinates": [98.98886, 18.74669]}, "properties": {"id": "cm-osm-way-402577988", "name": "โรงเรียนอนุบาลภัททิรา", "nameTh": "โรงเรียนอนุบาลภัททิรา", "nameEn": "Phat Thi Ra Kindergarten School", "cat": ["school"], "province": "cm", "slug": "phat-thi-ra-kindergarten-school-402577988", "rank": 2}}, {"type": "Feature", "geometry": {"type": "Point", "coordinates": [98.9686, 18.75167]}, "properties": {"id": "cm-osm-way-438134322", "name": "โรงเรียนอนุบาลมยุรี", "nameTh": "โรงเรียนอนุบาลมยุรี", "nameEn": "Mayuree Kindergarten", "cat": ["school"], "province": "cm", "slug": "mayuree-kindergarten-438134322", "rank": 2}}, {"type": "Feature", "geometry": {"type": "Point", "coordinates": [99.20138, 19.36938]}, "properties": {"id": "cm-osm-node-4605309798", "name": "โรงเรียนอนุบาลรัตนกาญจน์", "nameTh": "โรงเรียนอนุบาลรัตนกาญจน์", "nameEn": "Rattana Kan Kindergarten", "cat": ["school"], "province": "cm", "slug": "rattana-kan-kindergarten-4605309798", "rank": 2}}, {"type": "Feature", "geometry": {"type": "Point", "coordinates": [99.04041, 18.70653]}, "properties": {"id": "cm-osm-way-446049716", "name": "โรงเรียนอนุบาลวรานีกูล", "nameTh": "โรงเรียนอนุบาลวรานีกูล", "nameEn": "The Varaneegul Bee School", "cat": ["school"], "province": "cm", "slug": "the-varaneegul-bee-school-446049716", "rank": 2}}, {"type": "Feature", "geometry": {"type": "Point", "coordinates": [98.966, 18.79525]}, "properties": {"id": "cm-osm-way-263622082", "name": "โรงเรียนอนุบาลสวนน้อย", "nameTh": "โรงเรียนอนุบาลสวนน้อย", "nameEn": "Suan Noi", "cat": ["school"], "province": "cm", "slug": "suan-noi-263622082", "rank": 2}}, {"type": "Feature", "geometry": {"type": "Point", "coordinates": [99.00239, 18.76653]}, "properties": {"id": "cm-osm-node-2648525811", "name": "โรงเรียนอนุบาลสวนเด็กเชียงใหม่", "nameTh": "โรงเรียนอนุบาลสวนเด็กเชียงใหม่", "nameEn": "Children's Garden", "cat": ["school"], "province": "cm", "slug": "children-s-garden-2648525811", "rank": 2}}, {"type": "Feature", "geometry": {"type": "Point", "coordinates": [98.9857, 18.78544]}, "properties": {"id": "cm-obec-1050130030", "name": "โรงเรียนอนุบาลเชียงใหม่", "nameTh": "โรงเรียนอนุบาลเชียงใหม่", "nameEn": null, "cat": ["school"], "province": "cm", "slug": "1050130030", "rank": 3}}, {"type": "Feature", "geometry": {"type": "Point", "coordinates": [98.9857, 18.78503]}, "properties": {"id": "cm-osm-way-1371049880", "name": "โรงเรียนอนุบาลเชียงใหม่", "nameTh": "โรงเรียนอนุบาลเชียงใหม่", "nameEn": "Anuban Chiang Mai School", "cat": ["school"], "province": "cm", "slug": "anuban-chiang-mai-school-1371049880", "rank": 3}}, {"type": "Feature", "geometry": {"type": "Point", "coordinates": [98.98921, 18.77979]}, "properties": {"id": "cm-osm-node-2661221812", "name": "โรงเรียนอนุบาลเดือนเพ็ญ", "nameTh": "โรงเรียนอนุบาลเดือนเพ็ญ", "nameEn": null, "cat": ["school"], "province": "cm", "slug": "2661221812", "rank": 1}}, {"type": "Feature", "geometry": {"type": "Point", "coordinates": [99.12829, 18.75233]}, "properties": {"id": "cm-osm-node-4556113371", "name": "โรงเรียนอนุบาลเทศบาล", "nameTh": "โรงเรียนอนุบาลเทศบาล", "nameEn": "District Kindergarten", "cat": ["school"], "province": "cm", "slug": "district-kindergarten-4556113371", "rank": 2}}, {"type": "Feature", "geometry": {"type": "Point", "coordinates": [99.30116, 20.03098]}, "properties": {"id": "cm-osm-way-256395426", "name": "โรงเรียนอนุบาลเทศบาล อ.แม่อาย", "nameTh": "โรงเรียนอนุบาลเทศบาล อ.แม่อาย", "nameEn": null, "cat": ["school"], "province": "cm", "slug": "256395426", "rank": 1}}, {"type": "Feature", "geometry": {"type": "Point", "coordinates": [99.06657, 18.7475]}, "properties": {"id": "cm-osm-node-4691779599", "name": "โรงเรียนอนุบาลเปรมฤดี", "nameTh": "โรงเรียนอนุบาลเปรมฤดี", "nameEn": null, "cat": ["school"], "province": "cm", "slug": "4691779599", "rank": 1}}, {"type": "Feature", "geometry": {"type": "Point", "coordinates": [99.12788, 18.73309]}, "properties": {"id": "cm-osm-node-4495234890", "name": "โรงเรียนอนุบาลไผ่แก้ว", "nameTh": "โรงเรียนอนุบาลไผ่แก้ว", "nameEn": "Paikeaw Kindergarten School", "cat": ["school"], "province": "cm", "slug": "paikeaw-kindergarten-school-4495234890", "rank": 2}}, {"type": "Feature", "geometry": {"type": "Point", "coordinates": [98.99057, 18.79616]}, "properties": {"id": "cm-dgth-monastic-3208799144", "name": "โรงเรียนอภัยอริยศึกษา", "nameTh": "โรงเรียนอภัยอริยศึกษา", "nameEn": null, "cat": ["school"], "province": "cm", "slug": "3208799144", "rank": 2}}, {"type": "Feature", "geometry": {"type": "Point", "coordinates": [98.3567, 17.80074]}, "properties": {"id": "cm-obec-1050131016", "name": "โรงเรียนอมก๋อยวิทยาคม", "nameTh": "โรงเรียนอมก๋อยวิทยาคม", "nameEn": null, "cat": ["school"], "province": "cm", "slug": "1050131016", "rank": 3}}, {"type": "Feature", "geometry": {"type": "Point", "coordinates": [98.35663, 17.80076]}, "properties": {"id": "cm-osm-way-256142710", "name": "โรงเรียนอมก๋อยวิทยาคม", "nameTh": "โรงเรียนอมก๋อยวิทยาคม", "nameEn": "Omkoi Witthayakhom School", "cat": ["school"], "province": "cm", "slug": "omkoi-witthayakhom-school-256142710", "rank": 3}}, {"type": "Feature", "geometry": {"type": "Point", "coordinates": [98.96445, 19.74493]}, "properties": {"id": "cm-obec-1050130995", "name": "โรงเรียนอรุโณทัยวิทยาคม", "nameTh": "โรงเรียนอรุโณทัยวิทยาคม", "nameEn": null, "cat": ["school"], "province": "cm", "slug": "1050130995", "rank": 3}}, {"type": "Feature", "geometry": {"type": "Point", "coordinates": [98.96532, 19.74514]}, "properties": {"id": "cm-osm-node-13797756646", "name": "โรงเรียนอรุโณทัยวิทยาคม", "nameTh": "โรงเรียนอรุโณทัยวิทยาคม", "nameEn": null, "cat": ["school"], "province": "cm", "slug": "13797756646", "rank": 1}}, {"type": "Feature", "geometry": {"type": "Point", "coordinates": [99.20462, 18.72055]}, "properties": {"id": "cm-obec-1050130571", "name": "โรงเรียนออนใต้วิทยา", "nameTh": "โรงเรียนออนใต้วิทยา", "nameEn": null, "cat": ["school"], "province": "cm", "slug": "1050130571", "rank": 3}}, {"type": "Feature", "geometry": {"type": "Point", "coordinates": [98.36427, 18.30903]}, "properties": {"id": "cm-obec-1050130289", "name": "โรงเรียนออป.13", "nameTh": "โรงเรียนออป.13", "nameEn": null, "cat": ["school"], "province": "cm", "slug": "13-1050130289", "rank": 3}}, {"type": "Feature", "geometry": {"type": "Point", "coordinates": [98.41722, 18.5459]}, "properties": {"id": "cm-obec-1050130338", "name": "โรงเรียนอินทนนท์วิทยา", "nameTh": "โรงเรียนอินทนนท์วิทยา", "nameEn": null, "cat": ["school"], "province": "cm", "slug": "1050130338", "rank": 2}}, {"type": "Feature", "geometry": {"type": "Point", "coordinates": [98.60577, 18.17388]}, "properties": {"id": "cm-obec-1050131014", "name": "โรงเรียนฮอดพิทยาคม", "nameTh": "โรงเรียนฮอดพิทยาคม", "nameEn": null, "cat": ["school"], "province": "cm", "slug": "1050131014", "rank": 3}}, {"type": "Feature", "geometry": {"type": "Point", "coordinates": [98.88304, 18.81641]}, "properties": {"id": "cm-obec-1050130014", "name": "โรงเรียนเจ้าพ่อหลวงอุปถัมภ์ 1", "nameTh": "โรงเรียนเจ้าพ่อหลวงอุปถัมภ์ 1", "nameEn": null, "cat": ["school"], "province": "cm", "slug": "1-1050130014", "rank": 3}}, {"type": "Feature", "geometry": {"type": "Point", "coordinates": [98.85507, 18.868]}, "properties": {"id": "cm-obec-1050130426", "name": "โรงเรียนเจ้าพ่อหลวงอุปถัมภ์ 7", "nameTh": "โรงเรียนเจ้าพ่อหลวงอุปถัมภ์ 7", "nameEn": null, "cat": ["school"], "province": "cm", "slug": "7-1050130426", "rank": 3}}, {"type": "Feature", "geometry": {"type": "Point", "coordinates": [99.46119, 20.05331]}, "properties": {"id": "cm-obec-1050130471", "name": "โรงเรียนเจ้าพ่อหลวงอุปถัมภ์ ๙", "nameTh": "โรงเรียนเจ้าพ่อหลวงอุปถัมภ์ ๙", "nameEn": null, "cat": ["school"], "province": "cm", "slug": "1050130471", "rank": 3}}, {"type": "Feature", "geometry": {"type": "Point", "coordinates": [98.82356, 18.93231]}, "properties": {"id": "cm-osm-node-2556170251", "name": "โรงเรียนเจ้าแม่หลวงอุปถัมป์๒", "nameTh": "โรงเรียนเจ้าแม่หลวงอุปถัมป์๒", "nameEn": "Chao Mae Luang U Patham Song School", "cat": ["school"], "province": "cm", "slug": "chao-mae-luang-u-patham-song-school-2556170251", "rank": 2}}, {"type": "Feature", "geometry": {"type": "Point", "coordinates": [99.10512, 19.81474]}, "properties": {"id": "cm-obec-1050130194", "name": "โรงเรียนเจ้าแม่หลวงอุปถัมภ์ 1", "nameTh": "โรงเรียนเจ้าแม่หลวงอุปถัมภ์ 1", "nameEn": null, "cat": ["school"], "province": "cm", "slug": "1-1050130194", "rank": 3}}, {"type": "Feature", "geometry": {"type": "Point", "coordinates": [98.82352, 18.93217]}, "properties": {"id": "cm-obec-1050130427", "name": "โรงเรียนเจ้าแม่หลวงอุปถัมภ์ 2", "nameTh": "โรงเรียนเจ้าแม่หลวงอุปถัมภ์ 2", "nameEn": null, "cat": ["school"], "province": "cm", "slug": "2-1050130427", "rank": 3}}, {"type": "Feature", "geometry": {"type": "Point", "coordinates": [99.00308, 18.79739]}, "properties": {"id": "cm-osm-way-692686702", "name": "โรงเรียนเชตุพนศึกษา", "nameTh": "โรงเรียนเชตุพนศึกษา", "nameEn": null, "cat": ["school"], "province": "cm", "slug": "692686702", "rank": 1}}, {"type": "Feature", "geometry": {"type": "Point", "coordinates": [99.00362, 18.79755]}, "properties": {"id": "cm-dgth-monastic-1926000508", "name": "โรงเรียนเชตุพนศึกษา (ในพระสังฆราชูปถัมภ์)", "nameTh": "โรงเรียนเชตุพนศึกษา (ในพระสังฆราชูปถัมภ์)", "nameEn": null, "cat": ["school"], "province": "cm", "slug": "1926000508", "rank": 2}}, {"type": "Feature", "geometry": {"type": "Point", "coordinates": [98.96397, 19.36427]}, "properties": {"id": "cm-osm-way-558480415", "name": "โรงเรียนเชียงดาว", "nameTh": "โรงเรียนเชียงดาว", "nameEn": "Chiang Dao School", "cat": ["school"], "province": "cm", "slug": "chiang-dao-school-558480415", "rank": 2}}, {"type": "Feature", "geometry": {"type": "Point", "coordinates": [98.97306, 19.40749]}, "properties": {"id": "cm-obec-1050130994", "name": "โรงเรียนเชียงดาววิทยาคม", "nameTh": "โรงเรียนเชียงดาววิทยาคม", "nameEn": null, "cat": ["school"], "province": "cm", "slug": "1050130994", "rank": 3}}, {"type": "Feature", "geometry": {"type": "Point", "coordinates": [99.00537, 18.78687]}, "properties": {"id": "cm-osm-way-511688513", "name": "โรงเรียนเชียงใหม่คริสเตียน", "nameTh": "โรงเรียนเชียงใหม่คริสเตียน", "nameEn": "The Chiang Mai Christian School", "cat": ["school"], "province": "cm", "slug": "the-chiang-mai-christian-school-511688513", "rank": 2}}, {"type": "Feature", "geometry": {"type": "Point", "coordinates": [99.01683, 18.75855]}, "properties": {"id": "cm-osm-way-333769662", "name": "โรงเรียนเทคโนโลยีเอเซีย", "nameTh": "โรงเรียนเทคโนโลยีเอเซีย", "nameEn": "Asia Technological College", "cat": ["school"], "province": "cm", "slug": "asia-technological-college-333769662", "rank": 2}}, {"type": "Feature", "geometry": {"type": "Point", "coordinates": [98.9872, 18.8012]}, "properties": {"id": "cm-osm-way-251711360", "name": "โรงเรียนเทพบดินทร์วิทยาเชียงใหม่", "nameTh": "โรงเรียนเทพบดินทร์วิทยาเชียงใหม่", "nameEn": "Thebodint School", "cat": ["school"], "province": "cm", "slug": "thebodint-school-251711360", "rank": 2}}, {"type": "Feature", "geometry": {"type": "Point", "coordinates": [98.8498, 18.64798]}, "properties": {"id": "cm-obec-1050131010", "name": "โรงเรียนเทพศิรินทร์ เชียงใหม่", "nameTh": "โรงเรียนเทพศิรินทร์ เชียงใหม่", "nameEn": null, "cat": ["school"], "province": "cm", "slug": "1050131010", "rank": 3}}, {"type": "Feature", "geometry": {"type": "Point", "coordinates": [99.04034, 19.89932]}, "properties": {"id": "cm-obec-1050130198", "name": "โรงเรียนเทพศิรินทร์ ๙ โครงการหลวงในพระบรมราชูปถัมภ์", "nameTh": "โรงเรียนเทพศิรินทร์ ๙ โครงการหลวงในพระบรมราชูปถัมภ์", "nameEn": null, "cat": ["school"], "province": "cm", "slug": "1050130198", "rank": 3}}, {"type": "Feature", "geometry": {"type": "Point", "coordinates": [99.35596, 18.9475]}, "properties": {"id": "cm-obec-1050130145", "name": "โรงเรียนเทพเสด็จวิทยา", "nameTh": "โรงเรียนเทพเสด็จวิทยา", "nameEn": null, "cat": ["school"], "province": "cm", "slug": "1050130145", "rank": 3}}, {"type": "Feature", "geometry": {"type": "Point", "coordinates": [98.88942, 18.59654]}, "properties": {"id": "cm-osm-node-2684244655", "name": "โรงเรียนเทศบาล1", "nameTh": "โรงเรียนเทศบาล1", "nameEn": "Thetsaban 1 School", "cat": ["school"], "province": "cm", "slug": "thetsaban-1-school-2684244655", "rank": 2}}, {"type": "Feature", "geometry": {"type": "Point", "coordinates": [98.67714, 18.42767]}, "properties": {"id": "cm-osm-way-877837927", "name": "โรงเรียนเทศบาลจอมทอง", "nameTh": "โรงเรียนเทศบาลจอมทอง", "nameEn": "Chomthong Municipality School", "cat": ["school"], "province": "cm", "slug": "chomthong-municipality-school-877837927", "rank": 2}}, {"type": "Feature", "geometry": {"type": "Point", "coordinates": [98.99383, 18.78901]}, "properties": {"id": "cm-osm-way-356589197", "name": "โรงเรียนเทศบาลดอกเงิน", "nameTh": "โรงเรียนเทศบาลดอกเงิน", "nameEn": "Dok Ngoen School", "cat": ["school"], "province": "cm", "slug": "dok-ngoen-school-356589197", "rank": 2}}, {"type": "Feature", "geometry": {"type": "Point", "coordinates": [99.00723, 18.78237]}, "properties": {"id": "cm-osm-way-352224620", "name": "โรงเรียนเทศบาลวัดท่าสะต๋อย", "nameTh": "โรงเรียนเทศบาลวัดท่าสะต๋อย", "nameEn": "Wat Tasatoi School", "cat": ["school"], "province": "cm", "slug": "wat-tasatoi-school-352224620", "rank": 2}}, {"type": "Feature", "geometry": {"type": "Point", "coordinates": [98.9975, 18.80187]}, "properties": {"id": "cm-osm-way-1370504373", "name": "โรงเรียนเทศบาลวัดป่าแพ่ง", "nameTh": "โรงเรียนเทศบาลวัดป่าแพ่ง", "nameEn": "Wat Pa Phaeng Municipal School", "cat": ["school"], "province": "cm", "slug": "wat-pa-phaeng-municipal-school-1370504373", "rank": 2}}, {"type": "Feature", "geometry": {"type": "Point", "coordinates": [99.00046, 18.78205]}, "properties": {"id": "cm-osm-way-220980847", "name": "โรงเรียนเทศบาลวัดศรีดอนชัย", "nameTh": "โรงเรียนเทศบาลวัดศรีดอนชัย", "nameEn": "Wat Suet Ana Chai School", "cat": ["school"], "province": "cm", "slug": "wat-suet-ana-chai-school-220980847", "rank": 2}}, {"type": "Feature", "geometry": {"type": "Point", "coordinates": [98.98298, 18.77847]}, "properties": {"id": "cm-osm-node-11230821339", "name": "โรงเรียนเทศบาลวัดศรีสุพรรณ", "nameTh": "โรงเรียนเทศบาลวัดศรีสุพรรณ", "nameEn": "Wat Sri Suphan Municipal School", "cat": ["school"], "province": "cm", "slug": "wat-sri-suphan-municipal-school-11230821339", "rank": 2}}, {"type": "Feature", "geometry": {"type": "Point", "coordinates": [98.98065, 18.78552]}, "properties": {"id": "cm-osm-way-423032796", "name": "โรงเรียนเทศบาลวัดหมื่นเงินกอง", "nameTh": "โรงเรียนเทศบาลวัดหมื่นเงินกอง", "nameEn": "Wat Muen Ngoen Kong School", "cat": ["school"], "province": "cm", "slug": "wat-muen-ngoen-kong-school-423032796", "rank": 2}}, {"type": "Feature", "geometry": {"type": "Point", "coordinates": [98.98947, 18.79653]}, "properties": {"id": "cm-osm-node-4535957192", "name": "โรงเรียนเทศบาลวัดเชียงยืน", "nameTh": "โรงเรียนเทศบาลวัดเชียงยืน", "nameEn": "Wat Chiang Yuen School", "cat": ["school"], "province": "cm", "slug": "wat-chiang-yuen-school-4535957192", "rank": 2}}, {"type": "Feature", "geometry": {"type": "Point", "coordinates": [98.96063, 19.62888]}, "properties": {"id": "cm-obec-1050130107", "name": "โรงเรียนเบญจม 2 บ้านน้ำรู", "nameTh": "โรงเรียนเบญจม 2 บ้านน้ำรู", "nameEn": null, "cat": ["school"], "province": "cm", "slug": "2-1050130107", "rank": 3}}, {"type": "Feature", "geometry": {"type": "Point", "coordinates": [99.36025, 20.05621]}, "properties": {"id": "cm-osm-node-6534593486", "name": "โรงเรียนเพีงหลวงบ้านท่าตอน", "nameTh": "โรงเรียนเพีงหลวงบ้านท่าตอน", "nameEn": "Piang Luang Ban Tha Ton school", "cat": ["school"], "province": "cm", "slug": "piang-luang-ban-tha-ton-school-6534593486", "rank": 2}}, {"type": "Feature", "geometry": {"type": "Point", "coordinates": [99.35874, 20.05591]}, "properties": {"id": "cm-obec-1050130506", "name": "โรงเรียนเพียงหลวง 1 (บ้านท่าตอน) ในทูลกระหม่อมหญิงอุบลรัตนราชกัญญา สิริวัฒนาพรรณวดี", "nameTh": "โรงเรียนเพียงหลวง 1 (บ้านท่าตอน) ในทูลกระหม่อมหญิงอุบลรัตนราชกัญญา สิริวัฒนาพรรณวดี", "nameEn": null, "cat": ["school"], "province": "cm", "slug": "1-1050130506", "rank": 2}}, {"type": "Feature", "geometry": {"type": "Point", "coordinates": [98.94185, 19.05598]}, "properties": {"id": "cm-osm-node-2611290238", "name": "โรงเรียนเมฆขจรเชียงใหม่", "nameTh": "โรงเรียนเมฆขจรเชียงใหม่", "nameEn": "Mek Khachon School", "cat": ["school"], "province": "cm", "slug": "mek-khachon-school-2611290238", "rank": 2}}, {"type": "Feature", "geometry": {"type": "Point", "coordinates": [98.98795, 18.7861]}, "properties": {"id": "cm-osm-node-1595585868", "name": "โรงเรียนเมตตาศึกษา", "nameTh": "โรงเรียนเมตตาศึกษา", "nameEn": "Mettasuksa School", "cat": ["school"], "province": "cm", "slug": "mettasuksa-school-1595585868", "rank": 2}}, {"type": "Feature", "geometry": {"type": "Point", "coordinates": [98.98793, 18.78612]}, "properties": {"id": "cm-osm-way-97801649", "name": "โรงเรียนเมตตาศึกษา", "nameTh": "โรงเรียนเมตตาศึกษา", "nameEn": "Mettasuksa School", "cat": ["school"], "province": "cm", "slug": "mettasuksa-school-97801649", "rank": 2}}, {"type": "Feature", "geometry": {"type": "Point", "coordinates": [98.65544, 18.46887]}, "properties": {"id": "cm-osm-way-1158653013", "name": "โรงเรียนเมืองกลาง", "nameTh": "โรงเรียนเมืองกลาง", "nameEn": "Ban Mueang Klang School", "cat": ["school"], "province": "cm", "slug": "ban-mueang-klang-school-1158653013", "rank": 2}}, {"type": "Feature", "geometry": {"type": "Point", "coordinates": [98.99461, 18.78285]}, "properties": {"id": "cm-osm-way-362997939", "name": "โรงเรียนเมโทรเทคโนโลยี", "nameTh": "โรงเรียนเมโทรเทคโนโลยี", "nameEn": "Metro Technology School", "cat": ["school"], "province": "cm", "slug": "metro-technology-school-362997939", "rank": 3}}, {"type": "Feature", "geometry": {"type": "Point", "coordinates": [99.00309, 18.777]}, "properties": {"id": "cm-osm-node-1030323697", "name": "โรงเรียนเรยีนา เชลี วิทยาลัย", "nameTh": "โรงเรียนเรยีนา เชลี วิทยาลัย", "nameEn": "Regina Coeli College", "cat": ["school"], "province": "cm", "slug": "regina-coeli-college-1030323697", "rank": 2}}, {"type": "Feature", "geometry": {"type": "Point", "coordinates": [99.0255, 18.68554]}, "properties": {"id": "cm-obec-1050130717", "name": "โรงเรียนเวียงเศรษฐีวิทยา", "nameTh": "โรงเรียนเวียงเศรษฐีวิทยา", "nameEn": null, "cat": ["school"], "province": "cm", "slug": "1050130717", "rank": 3}}, {"type": "Feature", "geometry": {"type": "Point", "coordinates": [98.62509, 19.57625]}, "properties": {"id": "cm-obec-1050131019", "name": "โรงเรียนเวียงแหงวิทยาคม", "nameTh": "โรงเรียนเวียงแหงวิทยาคม", "nameEn": null, "cat": ["school"], "province": "cm", "slug": "1050131019", "rank": 3}}, {"type": "Feature", "geometry": {"type": "Point", "coordinates": [98.78621, 19.67706]}, "properties": {"id": "cm-obec-1050130129", "name": "โรงเรียนแกน้อยศึกษา", "nameTh": "โรงเรียนแกน้อยศึกษา", "nameEn": null, "cat": ["school"], "province": "cm", "slug": "1050130129", "rank": 3}}, {"type": "Feature", "geometry": {"type": "Point", "coordinates": [98.78636, 19.67691]}, "properties": {"id": "cm-osm-way-1509395386", "name": "โรงเรียนแกน้อยศึกษา", "nameTh": "โรงเรียนแกน้อยศึกษา", "nameEn": null, "cat": ["school"], "province": "cm", "slug": "1509395386", "rank": 1}}, {"type": "Feature", "geometry": {"type": "Point", "coordinates": [98.93015, 18.54507]}, "properties": {"id": "cm-osm-way-247039742", "name": "โรงเรียนแม่ก๊า", "nameTh": "โรงเรียนแม่ก๊า", "nameEn": "Mae Ka School", "cat": ["school"], "province": "cm", "slug": "mae-ka-school-247039742", "rank": 2}}, {"type": "Feature", "geometry": {"type": "Point", "coordinates": [99.16364, 19.786]}, "properties": {"id": "cm-osm-node-6531346585", "name": "โรงเรียนแม่ข่า", "nameTh": "โรงเรียนแม่ข่า", "nameEn": "Mae Kha school", "cat": ["school"], "province": "cm", "slug": "mae-kha-school-6531346585", "rank": 2}}, {"type": "Feature", "geometry": {"type": "Point", "coordinates": [99.10909, 18.78909]}, "properties": {"id": "cm-obec-1050130161", "name": "โรงเรียนแม่คือวิทยา", "nameTh": "โรงเรียนแม่คือวิทยา", "nameEn": null, "cat": ["school"], "province": "cm", "slug": "1050130161", "rank": 3}}, {"type": "Feature", "geometry": {"type": "Point", "coordinates": [99.10953, 18.78926]}, "properties": {"id": "cm-osm-way-72011882", "name": "โรงเรียนแม่คือวิทยา", "nameTh": "โรงเรียนแม่คือวิทยา", "nameEn": "Mae Khue Witthaya School", "cat": ["school"], "province": "cm", "slug": "mae-khue-witthaya-school-72011882", "rank": 2}}, {"type": "Feature", "geometry": {"type": "Point", "coordinates": [99.30319, 18.72841]}, "properties": {"id": "cm-obec-1050130954", "name": "โรงเรียนแม่ตะไคร้", "nameTh": "โรงเรียนแม่ตะไคร้", "nameEn": null, "cat": ["school"], "province": "cm", "slug": "1050130954", "rank": 2}}, {"type": "Feature", "geometry": {"type": "Point", "coordinates": [98.45521, 17.40463]}, "properties": {"id": "cm-obec-1050131017", "name": "โรงเรียนแม่ตื่นวิทยาคม", "nameTh": "โรงเรียนแม่ตื่นวิทยาคม", "nameEn": null, "cat": ["school"], "province": "cm", "slug": "1050131017", "rank": 3}}, {"type": "Feature", "geometry": {"type": "Point", "coordinates": [98.45531, 17.40482]}, "properties": {"id": "cm-osm-node-3899384342", "name": "โรงเรียนแม่ตื๋นวิทยาคม", "nameTh": "โรงเรียนแม่ตื๋นวิทยาคม", "nameEn": "Mae Tuen Witthayakhom School", "cat": ["school"], "province": "cm", "slug": "mae-tuen-witthayakhom-school-3899384342", "rank": 2}}, {"type": "Feature", "geometry": {"type": "Point", "coordinates": [99.17824, 19.72361]}, "properties": {"id": "cm-osm-node-7555384785", "name": "โรงเรียนแม่ทะลบ", "nameTh": "โรงเรียนแม่ทะลบ", "nameEn": "Mae Ta Lop school", "cat": ["school"], "province": "cm", "slug": "mae-ta-lop-school-7555384785", "rank": 2}}, {"type": "Feature", "geometry": {"type": "Point", "coordinates": [98.93639, 18.91581]}, "properties": {"id": "cm-obec-1050131001", "name": "โรงเรียนแม่ริมวิทยาคม", "nameTh": "โรงเรียนแม่ริมวิทยาคม", "nameEn": null, "cat": ["school"], "province": "cm", "slug": "1050131001", "rank": 3}}, {"type": "Feature", "geometry": {"type": "Point", "coordinates": [98.93671, 18.91572]}, "properties": {"id": "cm-osm-way-309201413", "name": "โรงเรียนแม่ริมวิทยาคม", "nameTh": "โรงเรียนแม่ริมวิทยาคม", "nameEn": "Mae Rim Witayakom School", "cat": ["school"], "province": "cm", "slug": "mae-rim-witayakom-school-309201413", "rank": 2}}, {"type": "Feature", "geometry": {"type": "Point", "coordinates": [98.67326, 18.65746]}, "properties": {"id": "cm-obec-1050130925", "name": "โรงเรียนแม่วินสามัคคี", "nameTh": "โรงเรียนแม่วินสามัคคี", "nameEn": null, "cat": ["school"], "province": "cm", "slug": "1050130925", "rank": 3}}, {"type": "Feature", "geometry": {"type": "Point", "coordinates": [98.66757, 18.65986]}, "properties": {"id": "cm-osm-node-3322363782", "name": "โรงเรียนแม่วินสามัคคี", "nameTh": "โรงเรียนแม่วินสามัคคี", "nameEn": "Mae Win Samakkhi School", "cat": ["school"], "province": "cm", "slug": "mae-win-samakkhi-school-3322363782", "rank": 2}}, {"type": "Feature", "geometry": {"type": "Point", "coordinates": [98.56596, 18.67512]}, "properties": {"id": "cm-obec-1050130930", "name": "โรงเรียนแม่วินสามัคคี สาขาขุนป๋วย", "nameTh": "โรงเรียนแม่วินสามัคคี สาขาขุนป๋วย", "nameEn": null, "cat": ["school"], "province": "cm", "slug": "1050130930", "rank": 2}}, {"type": "Feature", "geometry": {"type": "Point", "coordinates": [98.64914, 18.28654]}, "properties": {"id": "cm-osm-way-1158646374", "name": "โรงเรียนแม่สอย", "nameTh": "โรงเรียนแม่สอย", "nameEn": "Mae Soi School", "cat": ["school"], "province": "cm", "slug": "mae-soi-school-1158646374", "rank": 2}}, {"type": "Feature", "geometry": {"type": "Point", "coordinates": [99.29987, 19.11807]}, "properties": {"id": "cm-osm-node-3485552535", "name": "โรงเรียนแม่สายป่าเมี่ยง", "nameTh": "โรงเรียนแม่สายป่าเมี่ยง", "nameEn": null, "cat": ["school"], "province": "cm", "slug": "3485552535", "rank": 1}}, {"type": "Feature", "geometry": {"type": "Point", "coordinates": [99.02783, 19.11165]}, "properties": {"id": "cm-obec-1050130999", "name": "โรงเรียนแม่หอพระวิทยาคม", "nameTh": "โรงเรียนแม่หอพระวิทยาคม", "nameEn": null, "cat": ["school"], "province": "cm", "slug": "1050130999", "rank": 3}}, {"type": "Feature", "geometry": {"type": "Point", "coordinates": [99.0281, 19.11107]}, "properties": {"id": "cm-osm-node-2614059159", "name": "โรงเรียนแม่หอพระวิทยาคม", "nameTh": "โรงเรียนแม่หอพระวิทยาคม", "nameEn": "Mae Ho Phra School", "cat": ["school"], "province": "cm", "slug": "mae-ho-phra-school-2614059159", "rank": 2}}, {"type": "Feature", "geometry": {"type": "Point", "coordinates": [99.23022, 18.74939]}, "properties": {"id": "cm-obec-1050131022", "name": "โรงเรียนแม่ออนวิทยาลัย", "nameTh": "โรงเรียนแม่ออนวิทยาลัย", "nameEn": null, "cat": ["school"], "province": "cm", "slug": "1050131022", "rank": 3}}, {"type": "Feature", "geometry": {"type": "Point", "coordinates": [99.26952, 20.02202]}, "properties": {"id": "cm-osm-relation-3430172", "name": "โรงเรียนแม่อายวิทยาคม", "nameTh": "โรงเรียนแม่อายวิทยาคม", "nameEn": null, "cat": ["school"], "province": "cm", "slug": "3430172", "rank": 1}}, {"type": "Feature", "geometry": {"type": "Point", "coordinates": [98.94269, 18.74602]}, "properties": {"id": "cm-osm-way-1158917381", "name": "โรงเรียนแม่เหียะสามัคคี", "nameTh": "โรงเรียนแม่เหียะสามัคคี", "nameEn": "Mae Hia Samakkhi School", "cat": ["school"], "province": "cm", "slug": "mae-hia-samakkhi-school-1158917381", "rank": 2}}, {"type": "Feature", "geometry": {"type": "Point", "coordinates": [98.36902, 18.50412]}, "properties": {"id": "cm-obec-1050130992", "name": "โรงเรียนแม่แจ่ม", "nameTh": "โรงเรียนแม่แจ่ม", "nameEn": null, "cat": ["school"], "province": "cm", "slug": "1050130992", "rank": 3}}, {"type": "Feature", "geometry": {"type": "Point", "coordinates": [98.93021, 19.10999]}, "properties": {"id": "cm-obec-1050130998", "name": "โรงเรียนแม่แตง", "nameTh": "โรงเรียนแม่แตง", "nameEn": null, "cat": ["school"], "province": "cm", "slug": "1050130998", "rank": 3}}, {"type": "Feature", "geometry": {"type": "Point", "coordinates": [98.1955, 18.25]}, "properties": {"id": "cm-obec-1050130797", "name": "โรงเรียนแม่โถวิทยาคม", "nameTh": "โรงเรียนแม่โถวิทยาคม", "nameEn": null, "cat": ["school"], "province": "cm", "slug": "1050130797", "rank": 3}}, {"type": "Feature", "geometry": {"type": "Point", "coordinates": [99.17633, 18.8203]}, "properties": {"id": "cm-obec-1050130175", "name": "โรงเรียนแม่โป่งประชาสามัคคี", "nameTh": "โรงเรียนแม่โป่งประชาสามัคคี", "nameEn": null, "cat": ["school"], "province": "cm", "slug": "1050130175", "rank": 3}}, {"type": "Feature", "geometry": {"type": "Point", "coordinates": [98.98589, 18.7978]}, "properties": {"id": "cm-osm-way-103541463", "name": "โรงเรียนโกวิทธำรงเชียงใหม่", "nameTh": "โรงเรียนโกวิทธำรงเชียงใหม่", "nameEn": "Kowit Thamrong School", "cat": ["school"], "province": "cm", "slug": "kowit-thamrong-school-103541463", "rank": 2}}, {"type": "Feature", "geometry": {"type": "Point", "coordinates": [98.78838, 19.6761]}, "properties": {"id": "cm-obec-1050130131", "name": "โรงเรียนโครงการหลวงแกน้อย", "nameTh": "โรงเรียนโครงการหลวงแกน้อย", "nameEn": null, "cat": ["school"], "province": "cm", "slug": "1050130131", "rank": 3}}, {"type": "Feature", "geometry": {"type": "Point", "coordinates": [98.79405, 19.66396]}, "properties": {"id": "cm-osm-way-896162212", "name": "โรงเรียนโครงการหลวงแกน้อย", "nameTh": "โรงเรียนโครงการหลวงแกน้อย", "nameEn": "์Krongkarnluangkaenoi School", "cat": ["school"], "province": "cm", "slug": "krongkarnluangkaenoi-school-896162212", "rank": 2}}, {"type": "Feature", "geometry": {"type": "Point", "coordinates": [99.35705, 20.05079]}, "properties": {"id": "cm-obec-1050130473", "name": "โรงเรียนโชติคุณะเกษมบ้านเมืองงาม", "nameTh": "โรงเรียนโชติคุณะเกษมบ้านเมืองงาม", "nameEn": null, "cat": ["school"], "province": "cm", "slug": "1050130473", "rank": 3}}, {"type": "Feature", "geometry": {"type": "Point", "coordinates": [98.83219, 18.89122]}, "properties": {"id": "cm-osm-way-256113611", "name": "โรงเรียนโป่งแยงเฉลิมพระเกียนติ", "nameTh": "โรงเรียนโป่งแยงเฉลิมพระเกียนติ", "nameEn": "Pong Yaeng Chaloem Phra Kian Ti School", "cat": ["school"], "province": "cm", "slug": "pong-yaeng-chaloem-phra-kian-ti-school-256113611", "rank": 2}}, {"type": "Feature", "geometry": {"type": "Point", "coordinates": [98.98, 18.8037]}, "properties": {"id": "cm-obec-1050130988", "name": "โรงเรียนโสตศึกษาอนุสารสุนทร", "nameTh": "โรงเรียนโสตศึกษาอนุสารสุนทร", "nameEn": null, "cat": ["school"], "province": "cm", "slug": "1050130988", "rank": 3}}, {"type": "Feature", "geometry": {"type": "Point", "coordinates": [98.9807, 18.80404]}, "properties": {"id": "cm-osm-node-2530349496", "name": "โรงเรียนโสศึกษาศึกษาอนุสารสุนทร", "nameTh": "โรงเรียนโสศึกษาศึกษาอนุสารสุนทร", "nameEn": "Anusarnsunthorn School for the Deaf", "cat": ["school"], "province": "cm", "slug": "anusarnsunthorn-school-for-the-deaf-2530349496", "rank": 2}}, {"type": "Feature", "geometry": {"type": "Point", "coordinates": [99.13864, 19.72485]}, "properties": {"id": "cm-obec-1050131020", "name": "โรงเรียนไชยปราการ", "nameTh": "โรงเรียนไชยปราการ", "nameEn": null, "cat": ["school"], "province": "cm", "slug": "1050131020", "rank": 3}}, {"type": "Feature", "geometry": {"type": "Point", "coordinates": [98.83531, 18.58204]}, "properties": {"id": "cm-obec-1050130921", "name": "โรงเรียนไตรมิตรวิทยา", "nameTh": "โรงเรียนไตรมิตรวิทยา", "nameEn": null, "cat": ["school"], "province": "cm", "slug": "1050130921", "rank": 3}}, {"type": "Feature", "geometry": {"type": "Point", "coordinates": [98.8354, 18.58223]}, "properties": {"id": "cm-osm-way-253414897", "name": "โรงเรียนไตรมิตรวิทยา", "nameTh": "โรงเรียนไตรมิตรวิทยา", "nameEn": null, "cat": ["school"], "province": "cm", "slug": "253414897", "rank": 1}}, {"type": "Feature", "geometry": {"type": "Point", "coordinates": [99.43196, 20.06573]}, "properties": {"id": "cm-obec-1050130469", "name": "โรงเรียนไทยทนุบ้านสันต้นดู่", "nameTh": "โรงเรียนไทยทนุบ้านสันต้นดู่", "nameEn": null, "cat": ["school"], "province": "cm", "slug": "1050130469", "rank": 3}}, {"type": "Feature", "geometry": {"type": "Point", "coordinates": [99.30106, 20.03496]}, "properties": {"id": "cm-obec-1050130502", "name": "โรงเรียนไทยรัฐวิทยา 12 (บ้านเอก)", "nameTh": "โรงเรียนไทยรัฐวิทยา 12 (บ้านเอก)", "nameEn": null, "cat": ["school"], "province": "cm", "slug": "12-1050130502", "rank": 3}}, {"type": "Feature", "geometry": {"type": "Point", "coordinates": [98.67397, 18.33343]}, "properties": {"id": "cm-obec-1050130081", "name": "โรงเรียนไทยรัฐวิทยา ๗๙ (บ้านหนองอาบช้าง)", "nameTh": "โรงเรียนไทยรัฐวิทยา ๗๙ (บ้านหนองอาบช้าง)", "nameEn": null, "cat": ["school"], "province": "cm", "slug": "1050130081", "rank": 3}}, {"type": "Feature", "geometry": {"type": "Point", "coordinates": [98.84918, 18.64768]}, "properties": {"id": "cm-osm-way-144714016", "name": "โรงเรียเทพศิรินทร์เชียงใหม่", "nameTh": "โรงเรียเทพศิรินทร์เชียงใหม่", "nameEn": "Thep Si Rin School Chiang Mai", "cat": ["school"], "province": "cm", "slug": "thep-si-rin-school-chiang-mai-144714016", "rank": 2}}, {"type": "Feature", "geometry": {"type": "Point", "coordinates": [98.84144, 18.59677]}, "properties": {"id": "cm-osm-way-300484075", "name": "โรเรียนบ้านหัวริน", "nameTh": "โรเรียนบ้านหัวริน", "nameEn": "Wat Hua Rin School", "cat": ["school"], "province": "cm", "slug": "wat-hua-rin-school-300484075", "rank": 2}}, {"type": "Feature", "geometry": {"type": "Point", "coordinates": [99.00765, 18.80144]}, "properties": {"id": "cm-osm-node-5388849128", "name": "โฮงเฮียนสืบสานภูมิปัญญาล้านนา", "nameTh": "โฮงเฮียนสืบสานภูมิปัญญาล้านนา", "nameEn": "Lanna Wisdom School", "cat": ["school"], "province": "cm", "slug": "lanna-wisdom-school-5388849128", "rank": 2}}, {"type": "Feature", "geometry": {"type": "Point", "coordinates": [99.09604, 19.72604]}, "properties": {"id": "cm-osm-way-1042202479", "name": "ํYi Xin School", "nameTh": "โรงเรียนยีซิน", "nameEn": null, "cat": ["school"], "province": "cm", "slug": "yi-xin-school-1042202479", "rank": 1}}]}