{"type": "FeatureCollection", "features": [{"type": "Feature", "geometry": {"type": "Point", "coordinates": [99.04934, 18.7785]}, "properties": {"id": "cm-osm-node-4557813992", "name": "888 ไบค์", "nameTh": "888 ไบค์", "nameEn": "888 Bike", "cat": ["transport"], "province": "cm", "slug": "888-bike-4557813992", "rank": 3}}, {"type": "Feature", "geometry": {"type": "Point", "coordinates": [98.99024, 18.79892]}, "properties": {"id": "cm-osm-node-13605172882", "name": "99 Motorbike rental", "nameTh": null, "nameEn": "99 Motorbike rental", "cat": ["transport"], "province": "cm", "slug": "99-motorbike-rental-13605172882", "rank": 1}}, {"type": "Feature", "geometry": {"type": "Point", "coordinates": [98.94029, 18.74306]}, "properties": {"id": "cm-osm-node-4277666189", "name": "Anek Bike", "nameTh": null, "nameEn": "Anek Bike", "cat": ["transport"], "province": "cm", "slug": "anek-bike-4277666189", "rank": 2}}, {"type": "Feature", "geometry": {"type": "Point", "coordinates": [98.96256, 18.804]}, "properties": {"id": "cm-osm-node-2696303914", "name": "Arm Bikes", "nameTh": null, "nameEn": "Arm Bikes", "cat": ["transport"], "province": "cm", "slug": "arm-bikes-2696303914", "rank": 1}}, {"type": "Feature", "geometry": {"type": "Point", "coordinates": [98.96828, 18.76781]}, "properties": {"id": "cm-osm-node-1474870805", "name": "Avis", "nameTh": null, "nameEn": "Avis", "cat": ["transport"], "province": "cm", "slug": "avis-1474870805", "rank": 2}}, {"type": "Feature", "geometry": {"type": "Point", "coordinates": [98.96778, 18.77031]}, "properties": {"id": "cm-osm-node-3281905418", "name": "Avis", "nameTh": null, "nameEn": "Avis", "cat": ["transport"], "province": "cm", "slug": "avis-3281905418", "rank": 2}}, {"type": "Feature", "geometry": {"type": "Point", "coordinates": [99.03701, 18.83503]}, "properties": {"id": "cm-osm-node-5590231132", "name": "BIKE EXPRESS", "nameTh": null, "nameEn": "BIKE EXPRESS", "cat": ["transport"], "province": "cm", "slug": "bike-express-5590231132", "rank": 1}}, {"type": "Feature", "geometry": {"type": "Point", "coordinates": [99.03655, 18.75689]}, "properties": {"id": "cm-osm-node-10277636965", "name": "BNS Speed", "nameTh": null, "nameEn": "BNS Speed", "cat": ["transport"], "province": "cm", "slug": "bns-speed-10277636965", "rank": 1}}, {"type": "Feature", "geometry": {"type": "Point", "coordinates": [98.97102, 18.7954]}, "properties": {"id": "cm-osm-node-14070009377", "name": "BUNNY MOTORBIKE & SCOOTER RENTAL - รถเช่าเชียงใหม่", "nameTh": "BUNNY MOTORBIKE & SCOOTER RENTAL - รถเช่าเชียงใหม่", "nameEn": null, "cat": ["transport"], "province": "cm", "slug": "bunny-motorbike-scooter-rental-14070009377", "rank": 3}}, {"type": "Feature", "geometry": {"type": "Point", "coordinates": [98.99387, 18.79141]}, "properties": {"id": "cm-osm-node-3453035893", "name": "Bamboo Bike Rentals", "nameTh": null, "nameEn": "Bamboo Bike Rentals", "cat": ["transport"], "province": "cm", "slug": "bamboo-bike-rentals-3453035893", "rank": 4}}, {"type": "Feature", "geometry": {"type": "Point", "coordinates": [98.97535, 18.83694]}, "properties": {"id": "cm-osm-way-103270783", "name": "Bangchak", "nameTh": null, "nameEn": "Bangchak", "cat": ["transport"], "province": "cm", "slug": "bangchak-103270783", "rank": 1}}, {"type": "Feature", "geometry": {"type": "Point", "coordinates": [98.9754, 18.8349]}, "properties": {"id": "cm-osm-way-103270786", "name": "Bangchak", "nameTh": null, "nameEn": "Bangchak", "cat": ["transport"], "province": "cm", "slug": "bangchak-103270786", "rank": 1}}, {"type": "Feature", "geometry": {"type": "Point", "coordinates": [99.03255, 18.81366]}, "properties": {"id": "cm-osm-way-103280179", "name": "Bangchak", "nameTh": "บางจาก", "nameEn": "Bangchak", "cat": ["transport"], "province": "cm", "slug": "bangchak-103280179", "rank": 2}}, {"type": "Feature", "geometry": {"type": "Point", "coordinates": [98.99778, 18.79246]}, "properties": {"id": "cm-osm-way-103819730", "name": "Bangchak", "nameTh": null, "nameEn": "Bangchak", "cat": ["transport"], "province": "cm", "slug": "bangchak-103819730", "rank": 1}}, {"type": "Feature", "geometry": {"type": "Point", "coordinates": [98.96844, 18.75697]}, "properties": {"id": "cm-osm-way-106083750", "name": "Bangchak", "nameTh": "บางจาก", "nameEn": "Bangchak", "cat": ["transport"], "province": "cm", "slug": "bangchak-106083750", "rank": 2}}, {"type": "Feature", "geometry": {"type": "Point", "coordinates": [98.92591, 18.71332]}, "properties": {"id": "cm-osm-way-1111043560", "name": "Bangchak", "nameTh": null, "nameEn": "Bangchak", "cat": ["transport"], "province": "cm", "slug": "bangchak-1111043560", "rank": 1}}, {"type": "Feature", "geometry": {"type": "Point", "coordinates": [99.02965, 18.81736]}, "properties": {"id": "cm-osm-way-1113305917", "name": "Bangchak", "nameTh": null, "nameEn": "Bangchak", "cat": ["transport"], "province": "cm", "slug": "bangchak-1113305917", "rank": 1}}, {"type": "Feature", "geometry": {"type": "Point", "coordinates": [99.01158, 18.78614]}, "properties": {"id": "cm-osm-way-127720972", "name": "Bangchak", "nameTh": "บางจาก", "nameEn": "Bangchak", "cat": ["transport"], "province": "cm", "slug": "bangchak-127720972", "rank": 2}}, {"type": "Feature", "geometry": {"type": "Point", "coordinates": [98.97557, 18.81028]}, "properties": {"id": "cm-osm-way-232968575", "name": "Bangchak", "nameTh": "บางจาก", "nameEn": "Bangchak", "cat": ["transport"], "province": "cm", "slug": "bangchak-232968575", "rank": 2}}, {"type": "Feature", "geometry": {"type": "Point", "coordinates": [99.01465, 18.865]}, "properties": {"id": "cm-osm-way-244657363", "name": "Bangchak", "nameTh": "บางจาก", "nameEn": "Bangchak", "cat": ["transport"], "province": "cm", "slug": "bangchak-244657363", "rank": 2}}, {"type": "Feature", "geometry": {"type": "Point", "coordinates": [98.95027, 18.9024]}, "properties": {"id": "cm-osm-way-315328683", "name": "Bangchak", "nameTh": "บางจาก", "nameEn": "Bangchak", "cat": ["transport"], "province": "cm", "slug": "bangchak-315328683", "rank": 2}}, {"type": "Feature", "geometry": {"type": "Point", "coordinates": [98.99354, 18.78391]}, "properties": {"id": "cm-osm-way-317391576", "name": "Bangchak", "nameTh": null, "nameEn": "Bangchak", "cat": ["transport"], "province": "cm", "slug": "bangchak-317391576", "rank": 1}}, {"type": "Feature", "geometry": {"type": "Point", "coordinates": [99.04909, 18.62988]}, "properties": {"id": "cm-osm-way-318787172", "name": "Bangchak", "nameTh": "บางจาก", "nameEn": "Bangchak", "cat": ["transport"], "province": "cm", "slug": "bangchak-318787172", "rank": 2}}, {"type": "Feature", "geometry": {"type": "Point", "coordinates": [98.98629, 18.76731]}, "properties": {"id": "cm-osm-way-334115625", "name": "Bangchak", "nameTh": "บางจาก", "nameEn": "Bangchak", "cat": ["transport"], "province": "cm", "slug": "bangchak-334115625", "rank": 2}}, {"type": "Feature", "geometry": {"type": "Point", "coordinates": [99.02311, 18.60403]}, "properties": {"id": "cm-osm-way-335200668", "name": "Bangchak", "nameTh": "บางจาก", "nameEn": "Bangchak", "cat": ["transport"], "province": "cm", "slug": "bangchak-335200668", "rank": 2}}, {"type": "Feature", "geometry": {"type": "Point", "coordinates": [99.03114, 18.81353]}, "properties": {"id": "cm-osm-way-382215551", "name": "Bangchak", "nameTh": "บางจาก", "nameEn": "Bangchak", "cat": ["transport"], "province": "cm", "slug": "bangchak-382215551", "rank": 2}}, {"type": "Feature", "geometry": {"type": "Point", "coordinates": [98.92442, 18.69355]}, "properties": {"id": "cm-osm-way-387362905", "name": "Bangchak", "nameTh": null, "nameEn": "Bangchak", "cat": ["transport"], "province": "cm", "slug": "bangchak-387362905", "rank": 1}}, {"type": "Feature", "geometry": {"type": "Point", "coordinates": [99.04543, 18.71141]}, "properties": {"id": "cm-osm-way-418321502", "name": "Bangchak", "nameTh": "บางจาก", "nameEn": "Bangchak", "cat": ["transport"], "province": "cm", "slug": "bangchak-418321502", "rank": 2}}, {"type": "Feature", "geometry": {"type": "Point", "coordinates": [99.02497, 18.80907]}, "properties": {"id": "cm-osm-way-543611583", "name": "Bangchak", "nameTh": null, "nameEn": "Bangchak", "cat": ["transport"], "province": "cm", "slug": "bangchak-543611583", "rank": 1}}, {"type": "Feature", "geometry": {"type": "Point", "coordinates": [98.97395, 18.76342]}, "properties": {"id": "cm-osm-way-693400690", "name": "Bangchak", "nameTh": "บางจาก", "nameEn": "Bangchak", "cat": ["transport"], "province": "cm", "slug": "bangchak-693400690", "rank": 3}}, {"type": "Feature", "geometry": {"type": "Point", "coordinates": [99.00615, 18.7685]}, "properties": {"id": "cm-osm-way-693413137", "name": "Bangchak", "nameTh": null, "nameEn": "Bangchak", "cat": ["transport"], "province": "cm", "slug": "bangchak-693413137", "rank": 1}}, {"type": "Feature", "geometry": {"type": "Point", "coordinates": [98.86556, 18.65799]}, "properties": {"id": "cm-osm-way-734829734", "name": "Bangchak", "nameTh": "บางจาก", "nameEn": "Bangchak", "cat": ["transport"], "province": "cm", "slug": "bangchak-734829734", "rank": 2}}, {"type": "Feature", "geometry": {"type": "Point", "coordinates": [99.11481, 18.74729]}, "properties": {"id": "cm-osm-way-97838360", "name": "Bangchak", "nameTh": "บางจาก", "nameEn": "Bangchak", "cat": ["transport"], "province": "cm", "slug": "bangchak-97838360", "rank": 2}}, {"type": "Feature", "geometry": {"type": "Point", "coordinates": [99.01681, 18.80544]}, "properties": {"id": "cm-osm-node-1616141785", "name": "Barcelona Auto", "nameTh": null, "nameEn": "Barcelona Auto BMW", "cat": ["transport"], "province": "cm", "slug": "barcelona-auto-bmw-1616141785", "rank": 1}}, {"type": "Feature", "geometry": {"type": "Point", "coordinates": [98.9814, 18.80559]}, "properties": {"id": "cm-osm-node-3298013689", "name": "Bee Bike Shop", "nameTh": null, "nameEn": "Bee Bike Shop", "cat": ["transport"], "province": "cm", "slug": "bee-bike-shop-3298013689", "rank": 2}}, {"type": "Feature", "geometry": {"type": "Point", "coordinates": [98.99043, 18.7653]}, "properties": {"id": "cm-osm-node-4754730895", "name": "Benelli Chiang Mai", "nameTh": "เบเนลลึ่ เชียงใหม่", "nameEn": "Benelli Chiang Mai", "cat": ["transport"], "province": "cm", "slug": "benelli-chiang-mai-4754730895", "rank": 2}}, {"type": "Feature", "geometry": {"type": "Point", "coordinates": [98.99191, 18.78532]}, "properties": {"id": "cm-osm-way-669708305", "name": "Best Big Bike", "nameTh": null, "nameEn": "Best Big Bike", "cat": ["transport"], "province": "cm", "slug": "best-big-bike-669708305", "rank": 3}}, {"type": "Feature", "geometry": {"type": "Point", "coordinates": [98.93098, 18.72385]}, "properties": {"id": "cm-osm-way-1130565277", "name": "Bicycle Addict", "nameTh": null, "nameEn": "Bicycle Addict", "cat": ["transport"], "province": "cm", "slug": "bicycle-addict-1130565277", "rank": 2}}, {"type": "Feature", "geometry": {"type": "Point", "coordinates": [98.98842, 18.77941]}, "properties": {"id": "cm-osm-node-4054123498", "name": "Bicycle Rent", "nameTh": null, "nameEn": "Bicycle Rent", "cat": ["transport"], "province": "cm", "slug": "bicycle-rent-4054123498", "rank": 1}}, {"type": "Feature", "geometry": {"type": "Point", "coordinates": [99.10069, 18.87442]}, "properties": {"id": "cm-osm-node-11061425622", "name": "Bicycle repair and maintenance", "nameTh": null, "nameEn": "Bicycle repair and maintenance", "cat": ["transport"], "province": "cm", "slug": "bicycle-repair-and-maintenance-11061425622", "rank": 1}}, {"type": "Feature", "geometry": {"type": "Point", "coordinates": [98.99024, 18.78688]}, "properties": {"id": "cm-osm-node-4148233389", "name": "Big Jump Travel", "nameTh": null, "nameEn": "Big Jump Travel", "cat": ["transport"], "province": "cm", "slug": "big-jump-travel-4148233389", "rank": 2}}, {"type": "Feature", "geometry": {"type": "Point", "coordinates": [98.9287, 18.698]}, "properties": {"id": "cm-osm-node-1930109599", "name": "Bike", "nameTh": null, "nameEn": "Bike", "cat": ["transport"], "province": "cm", "slug": "bike-1930109599", "rank": 1}}, {"type": "Feature", "geometry": {"type": "Point", "coordinates": [98.99755, 18.76109]}, "properties": {"id": "cm-osm-node-1930110884", "name": "Bike Corner", "nameTh": null, "nameEn": "Bike Corner", "cat": ["transport"], "province": "cm", "slug": "bike-corner-1930110884", "rank": 3}}, {"type": "Feature", "geometry": {"type": "Point", "coordinates": [99.00686, 18.75893]}, "properties": {"id": "cm-osm-node-1291355858", "name": "Bike Me Up", "nameTh": null, "nameEn": "Bike Me Up", "cat": ["transport"], "province": "cm", "slug": "bike-me-up-1291355858", "rank": 1}}, {"type": "Feature", "geometry": {"type": "Point", "coordinates": [98.97078, 18.79958]}, "properties": {"id": "cm-osm-node-2663020575", "name": "Bikky", "nameTh": null, "nameEn": "Bikky", "cat": ["transport"], "province": "cm", "slug": "bikky-2663020575", "rank": 3}}, {"type": "Feature", "geometry": {"type": "Point", "coordinates": [98.9934, 18.79446]}, "properties": {"id": "cm-osm-node-1129284269", "name": "Britbike", "nameTh": null, "nameEn": "Britbike", "cat": ["transport"], "province": "cm", "slug": "britbike-1129284269", "rank": 3}}, {"type": "Feature", "geometry": {"type": "Point", "coordinates": [98.97606, 18.79722]}, "properties": {"id": "cm-osm-way-408814818", "name": "Buddy Rent & Internet", "nameTh": null, "nameEn": "Buddy Rent & Internet", "cat": ["transport"], "province": "cm", "slug": "buddy-rent-internet-408814818", "rank": 1}}, {"type": "Feature", "geometry": {"type": "Point", "coordinates": [98.97645, 18.77179]}, "properties": {"id": "cm-osm-node-2661695673", "name": "Budget", "nameTh": null, "nameEn": "Budget", "cat": ["transport"], "province": "cm", "slug": "budget-2661695673", "rank": 1}}, {"type": "Feature", "geometry": {"type": "Point", "coordinates": [98.96777, 18.77052]}, "properties": {"id": "cm-osm-node-3281905419", "name": "Budget", "nameTh": null, "nameEn": "Budget", "cat": ["transport"], "province": "cm", "slug": "budget-3281905419", "rank": 2}}, {"type": "Feature", "geometry": {"type": "Point", "coordinates": [99.00096, 18.78103]}, "properties": {"id": "cm-osm-node-4876347722", "name": "Budget", "nameTh": null, "nameEn": "Budget", "cat": ["transport"], "province": "cm", "slug": "budget-4876347722", "rank": 1}}, {"type": "Feature", "geometry": {"type": "Point", "coordinates": [98.97653, 18.77053]}, "properties": {"id": "cm-osm-node-13591941004", "name": "Budget Car Rental", "nameTh": null, "nameEn": "Budget Car Rental", "cat": ["transport"], "province": "cm", "slug": "budget-car-rental-13591941004", "rank": 1}}, {"type": "Feature", "geometry": {"type": "Point", "coordinates": [98.98075, 18.77671]}, "properties": {"id": "cm-osm-node-8058170634", "name": "Budget Catcher", "nameTh": null, "nameEn": "Budget Catcher", "cat": ["transport"], "province": "cm", "slug": "budget-catcher-8058170634", "rank": 1}}, {"type": "Feature", "geometry": {"type": "Point", "coordinates": [98.61176, 18.19389]}, "properties": {"id": "cm-osm-node-12543091919", "name": "Bus stop from Changmai to DoiTao&BoLuang", "nameTh": null, "nameEn": "Bus stop from Changmai to DoiTao&BoLuang", "cat": ["transport"], "province": "cm", "slug": "bus-stop-from-changmai-to-doitao-boluang-12543091919", "rank": 1}}, {"type": "Feature", "geometry": {"type": "Point", "coordinates": [98.61156, 18.19405]}, "properties": {"id": "cm-osm-node-12543091918", "name": "Bus stop to Chiangmai", "nameTh": null, "nameEn": "Bus stop to Chiangmai", "cat": ["transport"], "province": "cm", "slug": "bus-stop-to-chiangmai-12543091918", "rank": 1}}, {"type": "Feature", "geometry": {"type": "Point", "coordinates": [98.86422, 18.6972]}, "properties": {"id": "cm-osm-node-6206831787", "name": "Buzzy Bee Bike", "nameTh": null, "nameEn": "Buzzy Bee Bike", "cat": ["transport"], "province": "cm", "slug": "buzzy-bee-bike-6206831787", "rank": 4}}, {"type": "Feature", "geometry": {"type": "Point", "coordinates": [98.83205, 18.66584]}, "properties": {"id": "cm-osm-way-678810493", "name": "C H M Fuel", "nameTh": null, "nameEn": "C H M Fuel", "cat": ["transport"], "province": "cm", "slug": "c-h-m-fuel-678810493", "rank": 1}}, {"type": "Feature", "geometry": {"type": "Point", "coordinates": [99.00534, 18.78676]}, "properties": {"id": "cm-osm-way-582885180", "name": "C&P Big Bike", "nameTh": null, "nameEn": "C&P Big Bike", "cat": ["transport"], "province": "cm", "slug": "c-p-big-bike-582885180", "rank": 3}}, {"type": "Feature", "geometry": {"type": "Point", "coordinates": [98.9819, 18.7951]}, "properties": {"id": "cm-osm-node-2974056370", "name": "Cacti Bikes", "nameTh": null, "nameEn": "Cacti Bikes", "cat": ["transport"], "province": "cm", "slug": "cacti-bikes-2974056370", "rank": 1}}, {"type": "Feature", "geometry": {"type": "Point", "coordinates": [99.05455, 18.77731]}, "properties": {"id": "cm-osm-node-725620369", "name": "Caltex", "nameTh": "คาลเท็กซ์", "nameEn": "Caltex", "cat": ["transport"], "province": "cm", "slug": "caltex-725620369", "rank": 3}}, {"type": "Feature", "geometry": {"type": "Point", "coordinates": [99.09119, 18.85299]}, "properties": {"id": "cm-osm-way-1012663308", "name": "Caltex", "nameTh": null, "nameEn": "Caltex", "cat": ["transport"], "province": "cm", "slug": "caltex-1012663308", "rank": 1}}, {"type": "Feature", "geometry": {"type": "Point", "coordinates": [99.01493, 18.75979]}, "properties": {"id": "cm-osm-way-283054964", "name": "Caltex", "nameTh": null, "nameEn": "Caltex", "cat": ["transport"], "province": "cm", "slug": "caltex-283054964", "rank": 1}}, {"type": "Feature", "geometry": {"type": "Point", "coordinates": [99.04518, 18.71226]}, "properties": {"id": "cm-osm-way-418321503", "name": "Caltex", "nameTh": "คาลเท็กซ์", "nameEn": "Caltex", "cat": ["transport"], "province": "cm", "slug": "caltex-418321503", "rank": 3}}, {"type": "Feature", "geometry": {"type": "Point", "coordinates": [99.01553, 18.87752]}, "properties": {"id": "cm-osm-way-449481101", "name": "Caltex", "nameTh": "คาลเท็กซ์", "nameEn": "Caltex", "cat": ["transport"], "province": "cm", "slug": "caltex-449481101", "rank": 2}}, {"type": "Feature", "geometry": {"type": "Point", "coordinates": [99.00596, 18.76573]}, "properties": {"id": "cm-osm-way-676272921", "name": "Caltex", "nameTh": "คาลเท็กซ์", "nameEn": "Caltex", "cat": ["transport"], "province": "cm", "slug": "caltex-676272921", "rank": 3}}, {"type": "Feature", "geometry": {"type": "Point", "coordinates": [98.99385, 18.92234]}, "properties": {"id": "cm-osm-way-1017065792", "name": "Castrol Bike Point", "nameTh": null, "nameEn": "Castrol Bike Point", "cat": ["transport"], "province": "cm", "slug": "castrol-bike-point-1017065792", "rank": 1}}, {"type": "Feature", "geometry": {"type": "Point", "coordinates": [98.97972, 18.7857]}, "properties": {"id": "cm-osm-node-4398595897", "name": "Cat Motors Motorbike & Scooter Rental", "nameTh": null, "nameEn": "Cat Motors Motorbike & Scooter Rental", "cat": ["transport"], "province": "cm", "slug": "cat-motors-motorbike-scooter-rental-4398595897", "rank": 3}}, {"type": "Feature", "geometry": {"type": "Point", "coordinates": [98.97972, 18.78573]}, "properties": {"id": "cm-osm-node-6393101985", "name": "Cat Motors Motorbike & Scooter Rental", "nameTh": null, "nameEn": "Cat Motors Motorbike & Scooter Rental", "cat": ["transport"], "province": "cm", "slug": "cat-motors-motorbike-scooter-rental-6393101985", "rank": 4}}, {"type": "Feature", "geometry": {"type": "Point", "coordinates": [98.9812, 18.79118]}, "properties": {"id": "cm-osm-node-7679383353", "name": "Cat Motors Motorbike Rental", "nameTh": null, "nameEn": "Cat Motors Motorbike Rental", "cat": ["transport"], "province": "cm", "slug": "cat-motors-motorbike-rental-7679383353", "rank": 3}}, {"type": "Feature", "geometry": {"type": "Point", "coordinates": [99.02545, 18.78365]}, "properties": {"id": "cm-osm-node-3242156463", "name": "Chang Moto", "nameTh": null, "nameEn": "Chang Moto", "cat": ["transport"], "province": "cm", "slug": "chang-moto-3242156463", "rank": 3}}, {"type": "Feature", "geometry": {"type": "Point", "coordinates": [98.98676, 18.80014]}, "properties": {"id": "cm-osm-way-101345952", "name": "Chang Phuak Bus Station", "nameTh": null, "nameEn": "Chang Phuak Bus Station", "cat": ["transport"], "province": "cm", "slug": "chang-phuak-bus-station-101345952", "rank": 1}}, {"type": "Feature", "geometry": {"type": "Point", "coordinates": [98.99146, 18.79512]}, "properties": {"id": "cm-osm-node-5470208626", "name": "Chat Car Rental", "nameTh": null, "nameEn": "Chat Car Rental", "cat": ["transport"], "province": "cm", "slug": "chat-car-rental-5470208626", "rank": 1}}, {"type": "Feature", "geometry": {"type": "Point", "coordinates": [99.02473, 18.80866]}, "properties": {"id": "cm-osm-node-1930116294", "name": "Cherry Bike", "nameTh": null, "nameEn": "Cherry Bike", "cat": ["transport"], "province": "cm", "slug": "cherry-bike-1930116294", "rank": 1}}, {"type": "Feature", "geometry": {"type": "Point", "coordinates": [98.96685, 19.37612]}, "properties": {"id": "cm-osm-way-272549351", "name": "Chiang Dao Bus Station", "nameTh": null, "nameEn": "Chiang Dao Bus Station", "cat": ["transport"], "province": "cm", "slug": "chiang-dao-bus-station-272549351", "rank": 1}}, {"type": "Feature", "geometry": {"type": "Point", "coordinates": [98.97703, 18.77737]}, "properties": {"id": "cm-osm-node-2038066292", "name": "Chiang Mai Bike Shop", "nameTh": null, "nameEn": "Chiang Mai Bike Shop", "cat": ["transport"], "province": "cm", "slug": "chiang-mai-bike-shop-2038066292", "rank": 1}}, {"type": "Feature", "geometry": {"type": "Point", "coordinates": [98.9825, 18.78739]}, "properties": {"id": "cm-osm-node-4540080890", "name": "Chiang Mai Mountain Biking & Kayaks", "nameTh": null, "nameEn": "Chiang Mai Mountain Biking & Kayaks", "cat": ["transport"], "province": "cm", "slug": "chiang-mai-mountain-biking-kayaks-4540080890", "rank": 1}}, {"type": "Feature", "geometry": {"type": "Point", "coordinates": [99.02158, 18.77247]}, "properties": {"id": "cm-osm-way-1155372744", "name": "Chiang Mai Performance", "nameTh": null, "nameEn": "Chiang Mai Performance", "cat": ["transport"], "province": "cm", "slug": "chiang-mai-performance-1155372744", "rank": 1}}, {"type": "Feature", "geometry": {"type": "Point", "coordinates": [99.20386, 19.91084]}, "properties": {"id": "cm-osm-node-2520652842", "name": "Chiang Mai-Thaton Bus Line", "nameTh": null, "nameEn": "Chiang Mai-Thaton Bus Line", "cat": ["transport"], "province": "cm", "slug": "chiang-mai-thaton-bus-line-2520652842", "rank": 1}}, {"type": "Feature", "geometry": {"type": "Point", "coordinates": [98.92634, 18.72612]}, "properties": {"id": "cm-osm-node-5733790839", "name": "Chiangmai Bike Gear", "nameTh": null, "nameEn": "Chiangmai Bike Gear", "cat": ["transport"], "province": "cm", "slug": "chiangmai-bike-gear-5733790839", "rank": 3}}, {"type": "Feature", "geometry": {"type": "Point", "coordinates": [98.98416, 18.79641]}, "properties": {"id": "cm-osm-node-13996803532", "name": "CityGlide Scooter Rental", "nameTh": null, "nameEn": "CityGlide Scooter Rental", "cat": ["transport"], "province": "cm", "slug": "cityglide-scooter-rental-13996803532", "rank": 4}}, {"type": "Feature", "geometry": {"type": "Point", "coordinates": [99.06187, 18.68489]}, "properties": {"id": "cm-osm-node-1368585380", "name": "Coin Operated", "nameTh": null, "nameEn": "Coin Operated", "cat": ["transport"], "province": "cm", "slug": "coin-operated-1368585380", "rank": 1}}, {"type": "Feature", "geometry": {"type": "Point", "coordinates": [98.99557, 18.76684]}, "properties": {"id": "cm-osm-node-4064638190", "name": "Crown Carrent", "nameTh": null, "nameEn": "Crown Carrent", "cat": ["transport"], "province": "cm", "slug": "crown-carrent-4064638190", "rank": 1}}, {"type": "Feature", "geometry": {"type": "Point", "coordinates": [98.97197, 18.79901]}, "properties": {"id": "cm-osm-node-6947406731", "name": "D2 Bike Nimman Motorcycle Rental", "nameTh": null, "nameEn": "D2 Bike Nimman Motorcycle Rental", "cat": ["transport"], "province": "cm", "slug": "d2-bike-nimman-motorcycle-rental-6947406731", "rank": 2}}, {"type": "Feature", "geometry": {"type": "Point", "coordinates": [98.99379, 18.78709]}, "properties": {"id": "cm-osm-way-793163195", "name": "Dang Bike Hire", "nameTh": null, "nameEn": "Dang Bike Hire", "cat": ["transport"], "province": "cm", "slug": "dang-bike-hire-793163195", "rank": 1}}, {"type": "Feature", "geometry": {"type": "Point", "coordinates": [98.98223, 18.78592]}, "properties": {"id": "cm-osm-node-7023400008", "name": "Dang Service", "nameTh": null, "nameEn": "Dang Service", "cat": ["transport"], "province": "cm", "slug": "dang-service-7023400008", "rank": 1}}, {"type": "Feature", "geometry": {"type": "Point", "coordinates": [98.94837, 18.81065]}, "properties": {"id": "cm-osm-node-2639527925", "name": "Doi Suthep red bus station", "nameTh": null, "nameEn": "Doi Suthep red bus station", "cat": ["transport"], "province": "cm", "slug": "doi-suthep-red-bus-station-2639527925", "rank": 1}}, {"type": "Feature", "geometry": {"type": "Point", "coordinates": [98.98435, 18.79535]}, "properties": {"id": "cm-osm-node-3211600580", "name": "Donjai Fixed Gear Shop", "nameTh": null, "nameEn": "Donjai Fixed Gear Shop", "cat": ["transport"], "province": "cm", "slug": "donjai-fixed-gear-shop-3211600580", "rank": 1}}, {"type": "Feature", "geometry": {"type": "Point", "coordinates": [98.81125, 19.00905]}, "properties": {"id": "cm-osm-node-13591724441", "name": "Drummed Fuel", "nameTh": null, "nameEn": "Drummed Fuel", "cat": ["transport"], "province": "cm", "slug": "drummed-fuel-13591724441", "rank": 1}}, {"type": "Feature", "geometry": {"type": "Point", "coordinates": [98.95736, 18.74058]}, "properties": {"id": "cm-osm-node-7706577061", "name": "Ducati Adventure Rides of Thailand", "nameTh": null, "nameEn": "DART Motors", "cat": ["transport"], "province": "cm", "slug": "dart-motors-7706577061", "rank": 2}}, {"type": "Feature", "geometry": {"type": "Point", "coordinates": [98.97755, 18.77196]}, "properties": {"id": "cm-osm-node-4977925653", "name": "Europcar", "nameTh": null, "nameEn": "Europcar", "cat": ["transport"], "province": "cm", "slug": "europcar-4977925653", "rank": 2}}, {"type": "Feature", "geometry": {"type": "Point", "coordinates": [99.20579, 19.91271]}, "properties": {"id": "cm-osm-way-656457487", "name": "Fang Bus Station", "nameTh": null, "nameEn": "Fang Bus Station", "cat": ["transport"], "province": "cm", "slug": "fang-bus-station-656457487", "rank": 1}}, {"type": "Feature", "geometry": {"type": "Point", "coordinates": [98.83095, 18.88914]}, "properties": {"id": "cm-osm-way-644697902", "name": "Fuel Station", "nameTh": null, "nameEn": "Fuel Station", "cat": ["transport"], "province": "cm", "slug": "fuel-station-644697902", "rank": 1}}, {"type": "Feature", "geometry": {"type": "Point", "coordinates": [99.04886, 18.70005]}, "properties": {"id": "cm-osm-way-663790458", "name": "Fuel Station", "nameTh": null, "nameEn": "PTT LPG (closed 2023)", "cat": ["transport"], "province": "cm", "slug": "ptt-lpg-closed-2023-663790458", "rank": 1}}, {"type": "Feature", "geometry": {"type": "Point", "coordinates": [98.90774, 18.72989]}, "properties": {"id": "cm-osm-way-678808893", "name": "Fuel Station", "nameTh": null, "nameEn": "Fuel Station", "cat": ["transport"], "province": "cm", "slug": "fuel-station-678808893", "rank": 1}}, {"type": "Feature", "geometry": {"type": "Point", "coordinates": [99.0583, 18.86159]}, "properties": {"id": "cm-osm-way-746955755", "name": "Fuel Station", "nameTh": null, "nameEn": "Fuel Station", "cat": ["transport"], "province": "cm", "slug": "fuel-station-746955755", "rank": 1}}, {"type": "Feature", "geometry": {"type": "Point", "coordinates": [98.99925, 18.79282]}, "properties": {"id": "cm-osm-way-672589669", "name": "G3 Bike Shop", "nameTh": null, "nameEn": "G3 Bike Shop", "cat": ["transport"], "province": "cm", "slug": "g3-bike-shop-672589669", "rank": 2}}, {"type": "Feature", "geometry": {"type": "Point", "coordinates": [98.93486, 18.73983]}, "properties": {"id": "cm-osm-node-1824969773", "name": "Game's Bike", "nameTh": null, "nameEn": "Game's Bike", "cat": ["transport"], "province": "cm", "slug": "game-s-bike-1824969773", "rank": 1}}, {"type": "Feature", "geometry": {"type": "Point", "coordinates": [99.09789, 18.85525]}, "properties": {"id": "cm-osm-node-13412810143", "name": "Gentle Motorbikes", "nameTh": null, "nameEn": "Gentle Motorbikes", "cat": ["transport"], "province": "cm", "slug": "gentle-motorbikes-13412810143", "rank": 1}}, {"type": "Feature", "geometry": {"type": "Point", "coordinates": [98.97164, 18.80763]}, "properties": {"id": "cm-osm-node-6994649685", "name": "Go motor home", "nameTh": null, "nameEn": "Go motor home", "cat": ["transport"], "province": "cm", "slug": "go-motor-home-6994649685", "rank": 1}}, {"type": "Feature", "geometry": {"type": "Point", "coordinates": [98.9903, 18.78148]}, "properties": {"id": "cm-osm-node-5344068321", "name": "Grasshopper Adventures", "nameTh": null, "nameEn": "Grasshopper Adventures", "cat": ["transport"], "province": "cm", "slug": "grasshopper-adventures-5344068321", "rank": 3}}, {"type": "Feature", "geometry": {"type": "Point", "coordinates": [98.99385, 18.79232]}, "properties": {"id": "cm-osm-node-6205218349", "name": "Happy Days Shop", "nameTh": null, "nameEn": "Happy Days Shop", "cat": ["transport"], "province": "cm", "slug": "happy-days-shop-6205218349", "rank": 1}}, {"type": "Feature", "geometry": {"type": "Point", "coordinates": [98.99694, 18.78131]}, "properties": {"id": "cm-osm-node-3087128953", "name": "Helmet2Home", "nameTh": null, "nameEn": "Helmet2Home", "cat": ["transport"], "province": "cm", "slug": "helmet2home-3087128953", "rank": 3}}, {"type": "Feature", "geometry": {"type": "Point", "coordinates": [98.96834, 18.77005]}, "properties": {"id": "cm-osm-node-1474872841", "name": "Hertz", "nameTh": null, "nameEn": "Hertz", "cat": ["transport"], "province": "cm", "slug": "hertz-1474872841", "rank": 1}}, {"type": "Feature", "geometry": {"type": "Point", "coordinates": [98.94651, 18.91188]}, "properties": {"id": "cm-osm-node-13360662522", "name": "Honda", "nameTh": null, "nameEn": "Honda", "cat": ["transport"], "province": "cm", "slug": "honda-13360662522", "rank": 1}}, {"type": "Feature", "geometry": {"type": "Point", "coordinates": [99.00738, 18.78716]}, "properties": {"id": "cm-osm-node-4584155905", "name": "Honda", "nameTh": "สหพาณิช", "nameEn": "Honda", "cat": ["transport"], "province": "cm", "slug": "honda-4584155905", "rank": 2}}, {"type": "Feature", "geometry": {"type": "Point", "coordinates": [99.00867, 18.79174]}, "properties": {"id": "cm-osm-node-8715599000", "name": "Honda", "nameTh": null, "nameEn": "Honda", "cat": ["transport"], "province": "cm", "slug": "honda-8715599000", "rank": 1}}, {"type": "Feature", "geometry": {"type": "Point", "coordinates": [98.99814, 18.79043]}, "properties": {"id": "cm-osm-way-658996880", "name": "Honda", "nameTh": null, "nameEn": "Honda", "cat": ["transport"], "province": "cm", "slug": "honda-658996880", "rank": 1}}, {"type": "Feature", "geometry": {"type": "Point", "coordinates": [99.36055, 20.05784]}, "properties": {"id": "cm-osm-node-2795687238", "name": "Honda & Suzuki Shop", "nameTh": null, "nameEn": "Honda & Suzuki Shop", "cat": ["transport"], "province": "cm", "slug": "honda-suzuki-shop-2795687238", "rank": 1}}, {"type": "Feature", "geometry": {"type": "Point", "coordinates": [98.99198, 18.78767]}, "properties": {"id": "cm-osm-node-8128827489", "name": "Honda BigWing Chiangmai", "nameTh": null, "nameEn": "Honda BigWing Chiangmai", "cat": ["transport"], "province": "cm", "slug": "honda-bigwing-chiangmai-8128827489", "rank": 2}}, {"type": "Feature", "geometry": {"type": "Point", "coordinates": [98.98208, 18.81912]}, "properties": {"id": "cm-osm-way-314668281", "name": "Honda Shop", "nameTh": null, "nameEn": "Honda Shop", "cat": ["transport"], "province": "cm", "slug": "honda-shop-314668281", "rank": 2}}, {"type": "Feature", "geometry": {"type": "Point", "coordinates": [98.9929, 18.78997]}, "properties": {"id": "cm-osm-node-10862140295", "name": "Infinity Motor Bike Rental", "nameTh": null, "nameEn": "Infinity Motor Bike Rental", "cat": ["transport"], "province": "cm", "slug": "infinity-motor-bike-rental-10862140295", "rank": 1}}, {"type": "Feature", "geometry": {"type": "Point", "coordinates": [99.13902, 18.87636]}, "properties": {"id": "cm-osm-node-907694081", "name": "Inthanin", "nameTh": "บางจาก", "nameEn": "Bangchak", "cat": ["transport"], "province": "cm", "slug": "bangchak-907694081", "rank": 2}}, {"type": "Feature", "geometry": {"type": "Point", "coordinates": [98.97651, 18.79649]}, "properties": {"id": "cm-osm-way-408814820", "name": "JP Motor (Motorcycles & Rental)", "nameTh": null, "nameEn": "JP Motor (Motorcycles & Rental)", "cat": ["transport"], "province": "cm", "slug": "jp-motor-motorcycles-rental-408814820", "rank": 1}}, {"type": "Feature", "geometry": {"type": "Point", "coordinates": [98.96832, 18.79621]}, "properties": {"id": "cm-osm-node-1930113685", "name": "Jacky Bike", "nameTh": null, "nameEn": "Jacky Bike", "cat": ["transport"], "province": "cm", "slug": "jacky-bike-1930113685", "rank": 1}}, {"type": "Feature", "geometry": {"type": "Point", "coordinates": [98.96982, 18.86734]}, "properties": {"id": "cm-osm-way-1241240517", "name": "Joe's Bike Team & Goodwill M/C Hire", "nameTh": null, "nameEn": "Joe's Bike Team & Goodwill M/C Hire", "cat": ["transport"], "province": "cm", "slug": "joe-s-bike-team-goodwill-m-c-hire-1241240517", "rank": 2}}, {"type": "Feature", "geometry": {"type": "Point", "coordinates": [98.99902, 18.78416]}, "properties": {"id": "cm-osm-node-12300690599", "name": "KPD", "nameTh": null, "nameEn": "KPD", "cat": ["transport"], "province": "cm", "slug": "kpd-12300690599", "rank": 2}}, {"type": "Feature", "geometry": {"type": "Point", "coordinates": [98.9987, 18.78181]}, "properties": {"id": "cm-osm-node-2655193883", "name": "KPD", "nameTh": null, "nameEn": "KPD", "cat": ["transport"], "province": "cm", "slug": "kpd-2655193883", "rank": 1}}, {"type": "Feature", "geometry": {"type": "Point", "coordinates": [98.98221, 18.78099]}, "properties": {"id": "cm-osm-way-192582618", "name": "Kawasaki Big Bikes Chiang Mai", "nameTh": null, "nameEn": "Kawasaki Big Bikes Chiang Mai", "cat": ["transport"], "province": "cm", "slug": "kawasaki-big-bikes-chiang-mai-192582618", "rank": 2}}, {"type": "Feature", "geometry": {"type": "Point", "coordinates": [99.01618, 18.81256]}, "properties": {"id": "cm-osm-node-4971721335", "name": "Keng Engine", "nameTh": null, "nameEn": "Keng Engine", "cat": ["transport"], "province": "cm", "slug": "keng-engine-4971721335", "rank": 2}}, {"type": "Feature", "geometry": {"type": "Point", "coordinates": [99.01327, 18.80623]}, "properties": {"id": "cm-osm-way-407663142", "name": "Kwan Fabrication", "nameTh": null, "nameEn": "Kwan Fabrication", "cat": ["transport"], "province": "cm", "slug": "kwan-fabrication-407663142", "rank": 1}}, {"type": "Feature", "geometry": {"type": "Point", "coordinates": [98.99268, 18.79505]}, "properties": {"id": "cm-osm-node-4676321986", "name": "LA Bicycle", "nameTh": null, "nameEn": "LA Bicycle", "cat": ["transport"], "province": "cm", "slug": "la-bicycle-4676321986", "rank": 2}}, {"type": "Feature", "geometry": {"type": "Point", "coordinates": [98.97706, 18.77756]}, "properties": {"id": "cm-osm-node-892755532", "name": "LA Bicycle", "nameTh": null, "nameEn": "LA Bicycle", "cat": ["transport"], "province": "cm", "slug": "la-bicycle-892755532", "rank": 1}}, {"type": "Feature", "geometry": {"type": "Point", "coordinates": [99.03122, 18.7575]}, "properties": {"id": "cm-osm-way-341957656", "name": "LPG Station", "nameTh": null, "nameEn": "LPG Station", "cat": ["transport"], "province": "cm", "slug": "lpg-station-341957656", "rank": 1}}, {"type": "Feature", "geometry": {"type": "Point", "coordinates": [99.01885, 18.8038]}, "properties": {"id": "cm-osm-way-560600832", "name": "LPG Station", "nameTh": null, "nameEn": "LPG Station", "cat": ["transport"], "province": "cm", "slug": "lpg-station-560600832", "rank": 1}}, {"type": "Feature", "geometry": {"type": "Point", "coordinates": [98.99401, 18.7999]}, "properties": {"id": "cm-osm-way-390744785", "name": "LPG shop", "nameTh": null, "nameEn": "LPG shop", "cat": ["transport"], "province": "cm", "slug": "lpg-shop-390744785", "rank": 2}}, {"type": "Feature", "geometry": {"type": "Point", "coordinates": [98.97166, 18.77211]}, "properties": {"id": "cm-osm-way-676260808", "name": "LPG station", "nameTh": null, "nameEn": "LPG station", "cat": ["transport"], "province": "cm", "slug": "lpg-station-676260808", "rank": 1}}, {"type": "Feature", "geometry": {"type": "Point", "coordinates": [99.01261, 18.78371]}, "properties": {"id": "cm-osm-node-1702720260", "name": "Lek's Bicycle Parts", "nameTh": null, "nameEn": "Lek's Bicycle Parts", "cat": ["transport"], "province": "cm", "slug": "lek-s-bicycle-parts-1702720260", "rank": 2}}, {"type": "Feature", "geometry": {"type": "Point", "coordinates": [98.99289, 18.78085]}, "properties": {"id": "cm-osm-node-12330997001", "name": "Lucky Bike Rental", "nameTh": null, "nameEn": "Lucky Bike Rental", "cat": ["transport"], "province": "cm", "slug": "lucky-bike-rental-12330997001", "rank": 3}}, {"type": "Feature", "geometry": {"type": "Point", "coordinates": [98.99196, 18.78528]}, "properties": {"id": "cm-osm-node-7111564785", "name": "M25 Motorbike Rent", "nameTh": null, "nameEn": "M25 Motorbike Rent", "cat": ["transport"], "province": "cm", "slug": "m25-motorbike-rent-7111564785", "rank": 1}}, {"type": "Feature", "geometry": {"type": "Point", "coordinates": [98.95561, 18.67719]}, "properties": {"id": "cm-osm-way-639996800", "name": "MP Petroleum", "nameTh": null, "nameEn": "MP Petroleum", "cat": ["transport"], "province": "cm", "slug": "mp-petroleum-639996800", "rank": 1}}, {"type": "Feature", "geometry": {"type": "Point", "coordinates": [99.0676, 18.78201]}, "properties": {"id": "cm-osm-node-3836930233", "name": "MX Moto Shop", "nameTh": null, "nameEn": "MX Moto Shop", "cat": ["transport"], "province": "cm", "slug": "mx-moto-shop-3836930233", "rank": 1}}, {"type": "Feature", "geometry": {"type": "Point", "coordinates": [98.99894, 18.78415]}, "properties": {"id": "cm-osm-node-2635113087", "name": "Mae Ping Car Rent & Travel", "nameTh": null, "nameEn": "Mae Ping Car Rent & Travel", "cat": ["transport"], "province": "cm", "slug": "mae-ping-car-rent-travel-2635113087", "rank": 2}}, {"type": "Feature", "geometry": {"type": "Point", "coordinates": [98.92856, 18.91582]}, "properties": {"id": "cm-osm-node-3107006730", "name": "Mae Rim Car Rent Taxi Service", "nameTh": null, "nameEn": "Mae Rim Car Rent Taxi Service", "cat": ["transport"], "province": "cm", "slug": "mae-rim-car-rent-taxi-service-3107006730", "rank": 1}}, {"type": "Feature", "geometry": {"type": "Point", "coordinates": [98.93608, 19.09577]}, "properties": {"id": "cm-osm-node-7045982885", "name": "Mae malai busstop to chiang dao fang", "nameTh": null, "nameEn": "Mae malai busstop to chiang dao fang", "cat": ["transport"], "province": "cm", "slug": "mae-malai-busstop-to-chiang-dao-fang-7045982885", "rank": 1}}, {"type": "Feature", "geometry": {"type": "Point", "coordinates": [98.97293, 18.79701]}, "properties": {"id": "cm-osm-node-5028087621", "name": "Mango Bikes Rent", "nameTh": "Mango Bikes Rent", "nameEn": null, "cat": ["transport"], "province": "cm", "slug": "mango-bikes-rent-5028087621", "rank": 4}}, {"type": "Feature", "geometry": {"type": "Point", "coordinates": [98.96782, 18.76974]}, "properties": {"id": "cm-osm-node-1474872843", "name": "Master Car Rental", "nameTh": null, "nameEn": "Master Car Rental", "cat": ["transport"], "province": "cm", "slug": "master-car-rental-1474872843", "rank": 1}}, {"type": "Feature", "geometry": {"type": "Point", "coordinates": [99.00952, 18.80059]}, "properties": {"id": "cm-osm-node-3207247634", "name": "Maxx Scooter", "nameTh": null, "nameEn": "Maxx Scooter", "cat": ["transport"], "province": "cm", "slug": "maxx-scooter-3207247634", "rank": 2}}, {"type": "Feature", "geometry": {"type": "Point", "coordinates": [98.626, 19.68398]}, "properties": {"id": "cm-osm-node-12826004202", "name": "Minibus to ChiangMai(from ChiangMai)", "nameTh": null, "nameEn": "Minibus to ChiangMai(from ChiangMai)", "cat": ["transport"], "province": "cm", "slug": "minibus-to-chiangmai-from-chiangmai-12826004202", "rank": 1}}, {"type": "Feature", "geometry": {"type": "Point", "coordinates": [98.73103, 17.89073]}, "properties": {"id": "cm-osm-node-12770228503", "name": "Minibus to go to ChiangMai 140B", "nameTh": null, "nameEn": "Minibus to go to ChiangMai 140B", "cat": ["transport"], "province": "cm", "slug": "minibus-to-go-to-chiangmai-140b-12770228503", "rank": 1}}, {"type": "Feature", "geometry": {"type": "Point", "coordinates": [99.1015, 18.74071]}, "properties": {"id": "cm-osm-node-2672858699", "name": "Minipump", "nameTh": null, "nameEn": "Minipump", "cat": ["transport"], "province": "cm", "slug": "minipump-2672858699", "rank": 1}}, {"type": "Feature", "geometry": {"type": "Point", "coordinates": [98.82328, 18.88679]}, "properties": {"id": "cm-osm-node-3238119294", "name": "Minipump", "nameTh": null, "nameEn": "Minipump", "cat": ["transport"], "province": "cm", "slug": "minipump-3238119294", "rank": 1}}, {"type": "Feature", "geometry": {"type": "Point", "coordinates": [99.10739, 18.81066]}, "properties": {"id": "cm-osm-node-3305123287", "name": "Minipump", "nameTh": null, "nameEn": "Minipump", "cat": ["transport"], "province": "cm", "slug": "minipump-3305123287", "rank": 1}}, {"type": "Feature", "geometry": {"type": "Point", "coordinates": [98.93007, 18.93367]}, "properties": {"id": "cm-osm-node-3379443203", "name": "Minipump", "nameTh": null, "nameEn": "Minipump", "cat": ["transport"], "province": "cm", "slug": "minipump-3379443203", "rank": 1}}, {"type": "Feature", "geometry": {"type": "Point", "coordinates": [98.95683, 18.81515]}, "properties": {"id": "cm-osm-node-3392705934", "name": "Minipump", "nameTh": null, "nameEn": "Minipump", "cat": ["transport"], "province": "cm", "slug": "minipump-3392705934", "rank": 1}}, {"type": "Feature", "geometry": {"type": "Point", "coordinates": [99.10356, 18.79322]}, "properties": {"id": "cm-osm-node-3470851097", "name": "Minipump", "nameTh": null, "nameEn": "Minipump", "cat": ["transport"], "province": "cm", "slug": "minipump-3470851097", "rank": 1}}, {"type": "Feature", "geometry": {"type": "Point", "coordinates": [98.80388, 19.0397]}, "properties": {"id": "cm-osm-node-3933865079", "name": "Minipump", "nameTh": null, "nameEn": "Minipump", "cat": ["transport"], "province": "cm", "slug": "minipump-3933865079", "rank": 1}}, {"type": "Feature", "geometry": {"type": "Point", "coordinates": [98.81421, 18.64772]}, "properties": {"id": "cm-osm-node-6062373689", "name": "Minipump", "nameTh": null, "nameEn": "Minipump", "cat": ["transport"], "province": "cm", "slug": "minipump-6062373689", "rank": 1}}, {"type": "Feature", "geometry": {"type": "Point", "coordinates": [98.99377, 18.77542]}, "properties": {"id": "cm-osm-node-5434542321", "name": "Mix Bike Service", "nameTh": null, "nameEn": "Mix Bike Service", "cat": ["transport"], "province": "cm", "slug": "mix-bike-service-5434542321", "rank": 2}}, {"type": "Feature", "geometry": {"type": "Point", "coordinates": [98.95308, 18.74668]}, "properties": {"id": "cm-osm-node-3436867171", "name": "Mix Motor Bike Shop", "nameTh": null, "nameEn": "Mix Motor Bike Shop", "cat": ["transport"], "province": "cm", "slug": "mix-motor-bike-shop-3436867171", "rank": 2}}, {"type": "Feature", "geometry": {"type": "Point", "coordinates": [98.9894, 18.78202]}, "properties": {"id": "cm-osm-node-2731597934", "name": "Mojo Bikes", "nameTh": null, "nameEn": "Mojo Bikes", "cat": ["transport"], "province": "cm", "slug": "mojo-bikes-2731597934", "rank": 1}}, {"type": "Feature", "geometry": {"type": "Point", "coordinates": [99.2062, 19.36839]}, "properties": {"id": "cm-osm-node-6147589881", "name": "Mong Bikes", "nameTh": null, "nameEn": "Mong Bikes", "cat": ["transport"], "province": "cm", "slug": "mong-bikes-6147589881", "rank": 1}}, {"type": "Feature", "geometry": {"type": "Point", "coordinates": [98.98846, 18.79946]}, "properties": {"id": "cm-osm-node-4998853821", "name": "MotoPlus", "nameTh": "MotoPlus", "nameEn": "MotoPlus bike repair", "cat": ["transport"], "province": "cm", "slug": "motoplus-bike-repair-4998853821", "rank": 2}}, {"type": "Feature", "geometry": {"type": "Point", "coordinates": [98.99439, 18.78112]}, "properties": {"id": "cm-osm-node-9893302718", "name": "Motorbike & car rent 080-2464381", "nameTh": null, "nameEn": "Motorbike & car rent 080-2464381", "cat": ["transport"], "province": "cm", "slug": "motorbike-car-rent-080-2464381-9893302718", "rank": 1}}, {"type": "Feature", "geometry": {"type": "Point", "coordinates": [98.99479, 18.78118]}, "properties": {"id": "cm-osm-node-8493398466", "name": "Mr Pop Chiang Mai", "nameTh": null, "nameEn": "Mr Pop Chiang Mai", "cat": ["transport"], "province": "cm", "slug": "mr-pop-chiang-mai-8493398466", "rank": 2}}, {"type": "Feature", "geometry": {"type": "Point", "coordinates": [98.99108, 18.79067]}, "properties": {"id": "cm-osm-node-4596224289", "name": "Mr. Beer Bigbike", "nameTh": null, "nameEn": "Mr. Beer Bigbike", "cat": ["transport"], "province": "cm", "slug": "mr-beer-bigbike-4596224289", "rank": 2}}, {"type": "Feature", "geometry": {"type": "Point", "coordinates": [98.99018, 18.7831]}, "properties": {"id": "cm-osm-node-4059892467", "name": "Mr. Mechanics Motorbike and Car Rental", "nameTh": null, "nameEn": "Mr. Mechanics Motorbike and Car Rental", "cat": ["transport"], "province": "cm", "slug": "mr-mechanics-motorbike-and-car-rental-4059892467", "rank": 1}}, {"type": "Feature", "geometry": {"type": "Point", "coordinates": [99.08726, 18.85115]}, "properties": {"id": "cm-osm-node-11353408406", "name": "Next-Gen Powder Coat", "nameTh": null, "nameEn": "Next-Gen Powder Coat", "cat": ["transport"], "province": "cm", "slug": "next-gen-powder-coat-11353408406", "rank": 2}}, {"type": "Feature", "geometry": {"type": "Point", "coordinates": [98.97168, 18.80766]}, "properties": {"id": "cm-osm-node-6994691287", "name": "Nuts Customs ?", "nameTh": null, "nameEn": "Harley parts", "cat": ["transport"], "province": "cm", "slug": "harley-parts-6994691287", "rank": 1}}, {"type": "Feature", "geometry": {"type": "Point", "coordinates": [98.9935, 18.78598]}, "properties": {"id": "cm-osm-node-4755644138", "name": "POP", "nameTh": null, "nameEn": "POP", "cat": ["transport"], "province": "cm", "slug": "pop-4755644138", "rank": 1}}, {"type": "Feature", "geometry": {"type": "Point", "coordinates": [98.99358, 18.78587]}, "properties": {"id": "cm-osm-way-120547472", "name": "POP Motorcycle Rental", "nameTh": null, "nameEn": "POP Motorcycle Rental", "cat": ["transport"], "province": "cm", "slug": "pop-motorcycle-rental-120547472", "rank": 2}}, {"type": "Feature", "geometry": {"type": "Point", "coordinates": [98.99381, 18.79123]}, "properties": {"id": "cm-osm-node-1491349964", "name": "POP Rent a Car", "nameTh": null, "nameEn": "POP Rent a Car", "cat": ["transport"], "province": "cm", "slug": "pop-rent-a-car-1491349964", "rank": 1}}, {"type": "Feature", "geometry": {"type": "Point", "coordinates": [99.07038, 18.77909]}, "properties": {"id": "cm-osm-node-11432705559", "name": "PT", "nameTh": null, "nameEn": "PT", "cat": ["transport"], "province": "cm", "slug": "pt-11432705559", "rank": 1}}, {"type": "Feature", "geometry": {"type": "Point", "coordinates": [98.86119, 18.6152]}, "properties": {"id": "cm-osm-node-1581004826", "name": "PT", "nameTh": "พีที", "nameEn": "PT", "cat": ["transport"], "province": "cm", "slug": "pt-1581004826", "rank": 2}}, {"type": "Feature", "geometry": {"type": "Point", "coordinates": [99.12722, 18.65353]}, "properties": {"id": "cm-osm-node-1664177332", "name": "PT", "nameTh": null, "nameEn": "PT", "cat": ["transport"], "province": "cm", "slug": "pt-1664177332", "rank": 1}}, {"type": "Feature", "geometry": {"type": "Point", "coordinates": [98.89775, 18.63388]}, "properties": {"id": "cm-osm-node-2230537384", "name": "PT", "nameTh": "พีที", "nameEn": "PT", "cat": ["transport"], "province": "cm", "slug": "pt-2230537384", "rank": 2}}, {"type": "Feature", "geometry": {"type": "Point", "coordinates": [99.14268, 18.73653]}, "properties": {"id": "cm-osm-node-2315565012", "name": "PT", "nameTh": "พีที", "nameEn": "PT", "cat": ["transport"], "province": "cm", "slug": "pt-2315565012", "rank": 2}}, {"type": "Feature", "geometry": {"type": "Point", "coordinates": [98.90106, 18.69926]}, "properties": {"id": "cm-osm-node-2441444510", "name": "PT", "nameTh": "พีที", "nameEn": "PT", "cat": ["transport"], "province": "cm", "slug": "pt-2441444510", "rank": 2}}, {"type": "Feature", "geometry": {"type": "Point", "coordinates": [99.08629, 18.60242]}, "properties": {"id": "cm-osm-node-2679529840", "name": "PT", "nameTh": "พีที", "nameEn": "PT", "cat": ["transport"], "province": "cm", "slug": "pt-2679529840", "rank": 2}}, {"type": "Feature", "geometry": {"type": "Point", "coordinates": [98.89676, 18.62852]}, "properties": {"id": "cm-osm-node-2684202264", "name": "PT", "nameTh": "พีที", "nameEn": "PT", "cat": ["transport"], "province": "cm", "slug": "pt-2684202264", "rank": 2}}, {"type": "Feature", "geometry": {"type": "Point", "coordinates": [98.93861, 18.72371]}, "properties": {"id": "cm-osm-node-4365417462", "name": "PT", "nameTh": "พีที", "nameEn": "PT", "cat": ["transport"], "province": "cm", "slug": "pt-4365417462", "rank": 2}}, {"type": "Feature", "geometry": {"type": "Point", "coordinates": [98.99268, 18.68446]}, "properties": {"id": "cm-osm-node-5263892530", "name": "PT", "nameTh": "พีที", "nameEn": "PT", "cat": ["transport"], "province": "cm", "slug": "pt-5263892530", "rank": 2}}, {"type": "Feature", "geometry": {"type": "Point", "coordinates": [99.03673, 18.66825]}, "properties": {"id": "cm-osm-node-6936704070", "name": "PT", "nameTh": null, "nameEn": "PT", "cat": ["transport"], "province": "cm", "slug": "pt-6936704070", "rank": 1}}, {"type": "Feature", "geometry": {"type": "Point", "coordinates": [99.12411, 18.81974]}, "properties": {"id": "cm-osm-node-725620251", "name": "PT", "nameTh": "พีที", "nameEn": "PT", "cat": ["transport"], "province": "cm", "slug": "pt-725620251", "rank": 2}}, {"type": "Feature", "geometry": {"type": "Point", "coordinates": [99.10044, 18.72698]}, "properties": {"id": "cm-osm-node-8687060656", "name": "PT", "nameTh": "พีที", "nameEn": "PT", "cat": ["transport"], "province": "cm", "slug": "pt-8687060656", "rank": 2}}, {"type": "Feature", "geometry": {"type": "Point", "coordinates": [98.97573, 18.83404]}, "properties": {"id": "cm-osm-way-103270775", "name": "PT", "nameTh": null, "nameEn": "PT", "cat": ["transport"], "province": "cm", "slug": "pt-103270775", "rank": 1}}, {"type": "Feature", "geometry": {"type": "Point", "coordinates": [98.97128, 18.72024]}, "properties": {"id": "cm-osm-way-1049614139", "name": "PT", "nameTh": "พีที", "nameEn": "PT", "cat": ["transport"], "province": "cm", "slug": "pt-1049614139", "rank": 2}}, {"type": "Feature", "geometry": {"type": "Point", "coordinates": [98.97589, 18.76623]}, "properties": {"id": "cm-osm-way-1111036767", "name": "PT", "nameTh": null, "nameEn": "PT", "cat": ["transport"], "province": "cm", "slug": "pt-1111036767", "rank": 1}}, {"type": "Feature", "geometry": {"type": "Point", "coordinates": [99.05195, 18.67086]}, "properties": {"id": "cm-osm-way-1136060016", "name": "PT", "nameTh": null, "nameEn": "PT", "cat": ["transport"], "province": "cm", "slug": "pt-1136060016", "rank": 1}}, {"type": "Feature", "geometry": {"type": "Point", "coordinates": [99.11175, 18.80275]}, "properties": {"id": "cm-osm-way-116918505", "name": "PT", "nameTh": "พีที", "nameEn": "PT", "cat": ["transport"], "province": "cm", "slug": "pt-116918505", "rank": 2}}, {"type": "Feature", "geometry": {"type": "Point", "coordinates": [98.93116, 18.63531]}, "properties": {"id": "cm-osm-way-1341573365", "name": "PT", "nameTh": "พีที", "nameEn": "PT", "cat": ["transport"], "province": "cm", "slug": "pt-1341573365", "rank": 2}}, {"type": "Feature", "geometry": {"type": "Point", "coordinates": [99.01132, 18.81927]}, "properties": {"id": "cm-osm-way-1446633474", "name": "PT", "nameTh": null, "nameEn": "PT", "cat": ["transport"], "province": "cm", "slug": "pt-1446633474", "rank": 1}}, {"type": "Feature", "geometry": {"type": "Point", "coordinates": [99.08631, 18.60241]}, "properties": {"id": "cm-osm-way-1462558645", "name": "PT", "nameTh": null, "nameEn": "PT", "cat": ["transport"], "province": "cm", "slug": "pt-1462558645", "rank": 1}}, {"type": "Feature", "geometry": {"type": "Point", "coordinates": [98.94422, 19.00759]}, "properties": {"id": "cm-osm-way-1478526243", "name": "PT", "nameTh": null, "nameEn": "PT", "cat": ["transport"], "province": "cm", "slug": "pt-1478526243", "rank": 1}}, {"type": "Feature", "geometry": {"type": "Point", "coordinates": [98.91236, 18.91846]}, "properties": {"id": "cm-osm-way-206239586", "name": "PT", "nameTh": "พีที", "nameEn": "PT", "cat": ["transport"], "province": "cm", "slug": "pt-206239586", "rank": 2}}, {"type": "Feature", "geometry": {"type": "Point", "coordinates": [99.09206, 18.85335]}, "properties": {"id": "cm-osm-way-285310094", "name": "PT", "nameTh": "พีที", "nameEn": "PT", "cat": ["transport"], "province": "cm", "slug": "pt-285310094", "rank": 2}}, {"type": "Feature", "geometry": {"type": "Point", "coordinates": [98.94396, 18.91797]}, "properties": {"id": "cm-osm-way-311355727", "name": "PT", "nameTh": null, "nameEn": "PT", "cat": ["transport"], "province": "cm", "slug": "pt-311355727", "rank": 1}}, {"type": "Feature", "geometry": {"type": "Point", "coordinates": [98.9422, 18.92049]}, "properties": {"id": "cm-osm-way-311355787", "name": "PT", "nameTh": null, "nameEn": "PT", "cat": ["transport"], "province": "cm", "slug": "pt-311355787", "rank": 1}}, {"type": "Feature", "geometry": {"type": "Point", "coordinates": [98.98209, 18.81792]}, "properties": {"id": "cm-osm-way-314668092", "name": "PT", "nameTh": null, "nameEn": "PT", "cat": ["transport"], "province": "cm", "slug": "pt-314668092", "rank": 3}}, {"type": "Feature", "geometry": {"type": "Point", "coordinates": [98.95768, 18.73996]}, "properties": {"id": "cm-osm-way-371575211", "name": "PT", "nameTh": "พีที", "nameEn": "PT", "cat": ["transport"], "province": "cm", "slug": "pt-371575211", "rank": 2}}, {"type": "Feature", "geometry": {"type": "Point", "coordinates": [98.92636, 18.69474]}, "properties": {"id": "cm-osm-way-387362901", "name": "PT", "nameTh": null, "nameEn": "PT", "cat": ["transport"], "province": "cm", "slug": "pt-387362901", "rank": 1}}, {"type": "Feature", "geometry": {"type": "Point", "coordinates": [99.03339, 18.82143]}, "properties": {"id": "cm-osm-way-543610650", "name": "PT", "nameTh": null, "nameEn": "PT", "cat": ["transport"], "province": "cm", "slug": "pt-543610650", "rank": 1}}, {"type": "Feature", "geometry": {"type": "Point", "coordinates": [99.02862, 18.65677]}, "properties": {"id": "cm-osm-way-548087846", "name": "PT", "nameTh": "พีที", "nameEn": "PT", "cat": ["transport"], "province": "cm", "slug": "pt-548087846", "rank": 2}}, {"type": "Feature", "geometry": {"type": "Point", "coordinates": [98.94472, 19.01227]}, "properties": {"id": "cm-osm-way-629505654", "name": "PT", "nameTh": null, "nameEn": "PT", "cat": ["transport"], "province": "cm", "slug": "pt-629505654", "rank": 1}}, {"type": "Feature", "geometry": {"type": "Point", "coordinates": [98.98427, 18.96075]}, "properties": {"id": "cm-osm-way-661061354", "name": "PT", "nameTh": null, "nameEn": "PT", "cat": ["transport"], "province": "cm", "slug": "pt-661061354", "rank": 1}}, {"type": "Feature", "geometry": {"type": "Point", "coordinates": [98.95161, 18.68903]}, "properties": {"id": "cm-osm-way-675336757", "name": "PT", "nameTh": "พีที", "nameEn": "PT", "cat": ["transport"], "province": "cm", "slug": "pt-675336757", "rank": 2}}, {"type": "Feature", "geometry": {"type": "Point", "coordinates": [98.99553, 18.91914]}, "properties": {"id": "cm-osm-way-701386415", "name": "PT", "nameTh": null, "nameEn": "PT", "cat": ["transport"], "province": "cm", "slug": "pt-701386415", "rank": 1}}, {"type": "Feature", "geometry": {"type": "Point", "coordinates": [99.07027, 18.84084]}, "properties": {"id": "cm-osm-way-739012123", "name": "PT", "nameTh": "พีที", "nameEn": "PT", "cat": ["transport"], "province": "cm", "slug": "pt-739012123", "rank": 2}}, {"type": "Feature", "geometry": {"type": "Point", "coordinates": [99.13133, 18.84789]}, "properties": {"id": "cm-osm-way-758720372", "name": "PT", "nameTh": null, "nameEn": "PT", "cat": ["transport"], "province": "cm", "slug": "pt-758720372", "rank": 1}}, {"type": "Feature", "geometry": {"type": "Point", "coordinates": [98.9746, 18.72032]}, "properties": {"id": "cm-osm-node-10773546984", "name": "PTT", "nameTh": "ปตท", "nameEn": "PTT", "cat": ["transport"], "province": "cm", "slug": "ptt-10773546984", "rank": 3}}, {"type": "Feature", "geometry": {"type": "Point", "coordinates": [99.13083, 18.659]}, "properties": {"id": "cm-osm-node-11581270447", "name": "PTT", "nameTh": "ปตท", "nameEn": "PTT", "cat": ["transport"], "province": "cm", "slug": "ptt-11581270447", "rank": 2}}, {"type": "Feature", "geometry": {"type": "Point", "coordinates": [99.01174, 18.81469]}, "properties": {"id": "cm-osm-node-12347384602", "name": "PTT", "nameTh": "ป.ต.ท.", "nameEn": "PTT", "cat": ["transport"], "province": "cm", "slug": "ptt-12347384602", "rank": 2}}, {"type": "Feature", "geometry": {"type": "Point", "coordinates": [99.0068, 18.7604]}, "properties": {"id": "cm-osm-node-1361121234", "name": "PTT", "nameTh": "ปตท", "nameEn": "PTT", "cat": ["transport"], "province": "cm", "slug": "ptt-1361121234", "rank": 2}}, {"type": "Feature", "geometry": {"type": "Point", "coordinates": [98.94627, 18.61884]}, "properties": {"id": "cm-osm-node-2482361835", "name": "PTT", "nameTh": "ปตท", "nameEn": "PTT", "cat": ["transport"], "province": "cm", "slug": "ptt-2482361835", "rank": 2}}, {"type": "Feature", "geometry": {"type": "Point", "coordinates": [99.06316, 18.75108]}, "properties": {"id": "cm-osm-node-4115297789", "name": "PTT", "nameTh": "ปตท", "nameEn": "PTT", "cat": ["transport"], "province": "cm", "slug": "ptt-4115297789", "rank": 2}}, {"type": "Feature", "geometry": {"type": "Point", "coordinates": [99.0715, 18.76961]}, "properties": {"id": "cm-osm-node-863464777", "name": "PTT", "nameTh": "ปตท", "nameEn": "PTT", "cat": ["transport"], "province": "cm", "slug": "ptt-863464777", "rank": 3}}, {"type": "Feature", "geometry": {"type": "Point", "coordinates": [98.93704, 18.7425]}, "properties": {"id": "cm-osm-node-8912055478", "name": "PTT", "nameTh": null, "nameEn": "PTT", "cat": ["transport"], "province": "cm", "slug": "ptt-8912055478", "rank": 1}}, {"type": "Feature", "geometry": {"type": "Point", "coordinates": [99.05005, 18.67862]}, "properties": {"id": "cm-osm-way-1017739603", "name": "PTT", "nameTh": "ปตท", "nameEn": "PTT", "cat": ["transport"], "province": "cm", "slug": "ptt-1017739603", "rank": 3}}, {"type": "Feature", "geometry": {"type": "Point", "coordinates": [99.04979, 18.67861]}, "properties": {"id": "cm-osm-way-1017739605", "name": "PTT", "nameTh": "ปตท", "nameEn": "PTT NGV", "cat": ["transport"], "province": "cm", "slug": "ptt-ngv-1017739605", "rank": 3}}, {"type": "Feature", "geometry": {"type": "Point", "coordinates": [99.01945, 18.74746]}, "properties": {"id": "cm-osm-way-1029578476", "name": "PTT", "nameTh": "ปตท", "nameEn": "PTT", "cat": ["transport"], "province": "cm", "slug": "ptt-1029578476", "rank": 2}}, {"type": "Feature", "geometry": {"type": "Point", "coordinates": [99.02419, 18.78434]}, "properties": {"id": "cm-osm-way-103151397", "name": "PTT", "nameTh": "ป.ต.ท.", "nameEn": "PTT", "cat": ["transport"], "province": "cm", "slug": "ptt-103151397", "rank": 2}}, {"type": "Feature", "geometry": {"type": "Point", "coordinates": [99.08907, 18.73429]}, "properties": {"id": "cm-osm-way-1035238794", "name": "PTT", "nameTh": "ปตท", "nameEn": "PTT", "cat": ["transport"], "province": "cm", "slug": "ptt-1035238794", "rank": 2}}, {"type": "Feature", "geometry": {"type": "Point", "coordinates": [98.99165, 18.76429]}, "properties": {"id": "cm-osm-way-1037512553", "name": "PTT", "nameTh": "ปตท", "nameEn": "PTT", "cat": ["transport"], "province": "cm", "slug": "ptt-1037512553", "rank": 2}}, {"type": "Feature", "geometry": {"type": "Point", "coordinates": [98.98309, 18.79624]}, "properties": {"id": "cm-osm-way-103814237", "name": "PTT", "nameTh": "ปตท", "nameEn": "PTT", "cat": ["transport"], "province": "cm", "slug": "ptt-103814237", "rank": 2}}, {"type": "Feature", "geometry": {"type": "Point", "coordinates": [98.96575, 18.74145]}, "properties": {"id": "cm-osm-way-1158984150", "name": "PTT", "nameTh": "ปตท", "nameEn": "PTT", "cat": ["transport"], "province": "cm", "slug": "ptt-1158984150", "rank": 2}}, {"type": "Feature", "geometry": {"type": "Point", "coordinates": [99.02794, 18.77912]}, "properties": {"id": "cm-osm-way-128501416", "name": "PTT", "nameTh": "ปตท", "nameEn": "PTT", "cat": ["transport"], "province": "cm", "slug": "ptt-128501416", "rank": 3}}, {"type": "Feature", "geometry": {"type": "Point", "coordinates": [98.92609, 18.69424]}, "properties": {"id": "cm-osm-way-205215357", "name": "PTT", "nameTh": null, "nameEn": "PTT", "cat": ["transport"], "province": "cm", "slug": "ptt-205215357", "rank": 1}}, {"type": "Feature", "geometry": {"type": "Point", "coordinates": [98.82953, 18.60375]}, "properties": {"id": "cm-osm-way-236529203", "name": "PTT", "nameTh": "ปตท", "nameEn": "PTT", "cat": ["transport"], "province": "cm", "slug": "ptt-236529203", "rank": 2}}, {"type": "Feature", "geometry": {"type": "Point", "coordinates": [99.05201, 18.66969]}, "properties": {"id": "cm-osm-way-282467208", "name": "PTT", "nameTh": "ปตท", "nameEn": "PTT", "cat": ["transport"], "province": "cm", "slug": "ptt-282467208", "rank": 3}}, {"type": "Feature", "geometry": {"type": "Point", "coordinates": [98.94319, 18.91903]}, "properties": {"id": "cm-osm-way-311355728", "name": "PTT", "nameTh": "ปตท", "nameEn": "PTT", "cat": ["transport"], "province": "cm", "slug": "ptt-311355728", "rank": 2}}, {"type": "Feature", "geometry": {"type": "Point", "coordinates": [98.97074, 18.84858]}, "properties": {"id": "cm-osm-way-315328682", "name": "PTT", "nameTh": "ปตท", "nameEn": "PTT", "cat": ["transport"], "province": "cm", "slug": "ptt-315328682", "rank": 2}}, {"type": "Feature", "geometry": {"type": "Point", "coordinates": [99.01198, 18.82879]}, "properties": {"id": "cm-osm-way-317524252", "name": "PTT", "nameTh": "ปตท", "nameEn": "PTT", "cat": ["transport"], "province": "cm", "slug": "ptt-317524252", "rank": 2}}, {"type": "Feature", "geometry": {"type": "Point", "coordinates": [99.01516, 18.87529]}, "properties": {"id": "cm-osm-way-317526383", "name": "PTT", "nameTh": "ปตท", "nameEn": "PTT", "cat": ["transport"], "province": "cm", "slug": "ptt-317526383", "rank": 3}}, {"type": "Feature", "geometry": {"type": "Point", "coordinates": [98.95899, 18.78493]}, "properties": {"id": "cm-osm-way-342887913", "name": "PTT", "nameTh": "ปตท", "nameEn": "PTT", "cat": ["transport"], "province": "cm", "slug": "ptt-342887913", "rank": 2}}, {"type": "Feature", "geometry": {"type": "Point", "coordinates": [99.01501, 18.89224]}, "properties": {"id": "cm-osm-way-424983076", "name": "PTT", "nameTh": "ป.ต.ท.", "nameEn": "PTT", "cat": ["transport"], "province": "cm", "slug": "ptt-424983076", "rank": 2}}, {"type": "Feature", "geometry": {"type": "Point", "coordinates": [99.01464, 18.7385]}, "properties": {"id": "cm-osm-way-530489918", "name": "PTT", "nameTh": "ปตท", "nameEn": "PTT", "cat": ["transport"], "province": "cm", "slug": "ptt-530489918", "rank": 2}}, {"type": "Feature", "geometry": {"type": "Point", "coordinates": [98.96111, 18.79669]}, "properties": {"id": "cm-osm-way-540882570", "name": "PTT", "nameTh": "ป.ต.ท.", "nameEn": "PTT", "cat": ["transport"], "province": "cm", "slug": "ptt-540882570", "rank": 2}}, {"type": "Feature", "geometry": {"type": "Point", "coordinates": [99.03433, 18.74769]}, "properties": {"id": "cm-osm-way-544243040", "name": "PTT", "nameTh": "ป.ต.ท.", "nameEn": "PTT", "cat": ["transport"], "province": "cm", "slug": "ptt-544243040", "rank": 2}}, {"type": "Feature", "geometry": {"type": "Point", "coordinates": [99.01572, 18.8671]}, "properties": {"id": "cm-osm-way-551394290", "name": "PTT", "nameTh": "ป.ต.ท.", "nameEn": "PTT", "cat": ["transport"], "province": "cm", "slug": "ptt-551394290", "rank": 2}}, {"type": "Feature", "geometry": {"type": "Point", "coordinates": [99.07946, 18.84653]}, "properties": {"id": "cm-osm-way-552940656", "name": "PTT", "nameTh": "ป.ต.ท.", "nameEn": "PTT", "cat": ["transport"], "province": "cm", "slug": "ptt-552940656", "rank": 2}}, {"type": "Feature", "geometry": {"type": "Point", "coordinates": [99.03636, 18.79463]}, "properties": {"id": "cm-osm-way-554173350", "name": "PTT", "nameTh": "ปตท", "nameEn": "PTT", "cat": ["transport"], "province": "cm", "slug": "ptt-554173350", "rank": 2}}, {"type": "Feature", "geometry": {"type": "Point", "coordinates": [99.02925, 18.76972]}, "properties": {"id": "cm-osm-way-560600825", "name": "PTT", "nameTh": "ปตท", "nameEn": "PTT", "cat": ["transport"], "province": "cm", "slug": "ptt-560600825", "rank": 2}}, {"type": "Feature", "geometry": {"type": "Point", "coordinates": [98.9515, 18.73098]}, "properties": {"id": "cm-osm-way-599074132", "name": "PTT", "nameTh": "ปตท", "nameEn": "PTT", "cat": ["transport"], "province": "cm", "slug": "ptt-599074132", "rank": 2}}, {"type": "Feature", "geometry": {"type": "Point", "coordinates": [98.98348, 18.95743]}, "properties": {"id": "cm-osm-way-661061345", "name": "PTT", "nameTh": "ป.ต.ท.", "nameEn": "PTT", "cat": ["transport"], "province": "cm", "slug": "ptt-661061345", "rank": 2}}, {"type": "Feature", "geometry": {"type": "Point", "coordinates": [98.98349, 18.76804]}, "properties": {"id": "cm-osm-way-669263147", "name": "PTT", "nameTh": "ปตท", "nameEn": "PTT", "cat": ["transport"], "province": "cm", "slug": "ptt-669263147", "rank": 3}}, {"type": "Feature", "geometry": {"type": "Point", "coordinates": [98.88773, 18.67196]}, "properties": {"id": "cm-osm-way-675330123", "name": "PTT", "nameTh": null, "nameEn": "PTT", "cat": ["transport"], "province": "cm", "slug": "ptt-675330123", "rank": 1}}, {"type": "Feature", "geometry": {"type": "Point", "coordinates": [98.97309, 18.76327]}, "properties": {"id": "cm-osm-way-693400691", "name": "PTT", "nameTh": "ปตท", "nameEn": "PTT", "cat": ["transport"], "province": "cm", "slug": "ptt-693400691", "rank": 2}}, {"type": "Feature", "geometry": {"type": "Point", "coordinates": [98.9406, 18.92191]}, "properties": {"id": "cm-osm-way-741830429", "name": "PTT", "nameTh": "ปตท", "nameEn": "PTT", "cat": ["transport"], "province": "cm", "slug": "ptt-741830429", "rank": 2}}, {"type": "Feature", "geometry": {"type": "Point", "coordinates": [99.05699, 18.83366]}, "properties": {"id": "cm-osm-way-746278581", "name": "PTT", "nameTh": "ปตท", "nameEn": "PTT", "cat": ["transport"], "province": "cm", "slug": "ptt-746278581", "rank": 3}}, {"type": "Feature", "geometry": {"type": "Point", "coordinates": [99.03749, 18.72173]}, "properties": {"id": "cm-osm-way-871612269", "name": "PTT", "nameTh": "ปตท", "nameEn": "PTT", "cat": ["transport"], "province": "cm", "slug": "ptt-871612269", "rank": 2}}, {"type": "Feature", "geometry": {"type": "Point", "coordinates": [99.03837, 18.72745]}, "properties": {"id": "cm-osm-way-318787777", "name": "PTT LPG Station", "nameTh": null, "nameEn": "PTT LPG Station", "cat": ["transport"], "province": "cm", "slug": "ptt-lpg-station-318787777", "rank": 1}}, {"type": "Feature", "geometry": {"type": "Point", "coordinates": [98.93302, 18.73854]}, "properties": {"id": "cm-osm-way-331608121", "name": "PTT LPG Station", "nameTh": null, "nameEn": "PTT LPG Station", "cat": ["transport"], "province": "cm", "slug": "ptt-lpg-station-331608121", "rank": 1}}, {"type": "Feature", "geometry": {"type": "Point", "coordinates": [99.01378, 18.84347]}, "properties": {"id": "cm-osm-node-4727145497", "name": "Pack Superbike", "nameTh": null, "nameEn": "Pack Superbike", "cat": ["transport"], "province": "cm", "slug": "pack-superbike-4727145497", "rank": 2}}, {"type": "Feature", "geometry": {"type": "Point", "coordinates": [99.04315, 18.71509]}, "properties": {"id": "cm-osm-way-829706354", "name": "Petrol & LPG Station", "nameTh": null, "nameEn": "Petrol & LPG Station", "cat": ["transport"], "province": "cm", "slug": "petrol-lpg-station-829706354", "rank": 1}}, {"type": "Feature", "geometry": {"type": "Point", "coordinates": [98.9952, 18.80176]}, "properties": {"id": "cm-osm-node-892660356", "name": "Piston Shop M/C", "nameTh": null, "nameEn": "Piston Shop M/C", "cat": ["transport"], "province": "cm", "slug": "piston-shop-m-c-892660356", "rank": 2}}, {"type": "Feature", "geometry": {"type": "Point", "coordinates": [98.93521, 19.09422]}, "properties": {"id": "cm-osm-node-7174011185", "name": "Prempracha", "nameTh": null, "nameEn": "Prempracha", "cat": ["transport"], "province": "cm", "slug": "prempracha-7174011185", "rank": 1}}, {"type": "Feature", "geometry": {"type": "Point", "coordinates": [99.03021, 18.73299]}, "properties": {"id": "cm-osm-node-6283807807", "name": "Railway X Garage", "nameTh": null, "nameEn": "Railway X Garage", "cat": ["transport"], "province": "cm", "slug": "railway-x-garage-6283807807", "rank": 1}}, {"type": "Feature", "geometry": {"type": "Point", "coordinates": [99.02857, 18.70269]}, "properties": {"id": "cm-osm-node-11427762965", "name": "Red Oil", "nameTh": null, "nameEn": "Red Oil", "cat": ["transport"], "province": "cm", "slug": "red-oil-11427762965", "rank": 2}}, {"type": "Feature", "geometry": {"type": "Point", "coordinates": [98.97806, 18.76897]}, "properties": {"id": "cm-osm-node-2038064535", "name": "Red Road", "nameTh": null, "nameEn": "Red Road", "cat": ["transport"], "province": "cm", "slug": "red-road-2038064535", "rank": 2}}, {"type": "Feature", "geometry": {"type": "Point", "coordinates": [98.82311, 18.9326]}, "properties": {"id": "cm-osm-node-3392647554", "name": "Repair shop", "nameTh": null, "nameEn": "Repair shop", "cat": ["transport"], "province": "cm", "slug": "repair-shop-3392647554", "rank": 1}}, {"type": "Feature", "geometry": {"type": "Point", "coordinates": [99.008, 18.74355]}, "properties": {"id": "cm-osm-node-3326637557", "name": "Richco Motor Sports", "nameTh": null, "nameEn": "Richco Motor Sports", "cat": ["transport"], "province": "cm", "slug": "richco-motor-sports-3326637557", "rank": 3}}, {"type": "Feature", "geometry": {"type": "Point", "coordinates": [98.99991, 18.77733]}, "properties": {"id": "cm-osm-node-3670199788", "name": "Riders Care", "nameTh": null, "nameEn": "Riders Care", "cat": ["transport"], "province": "cm", "slug": "riders-care-3670199788", "rank": 2}}, {"type": "Feature", "geometry": {"type": "Point", "coordinates": [98.98931, 18.79886]}, "properties": {"id": "cm-osm-node-2731265065", "name": "Rollya Bike Shop - only bmx", "nameTh": null, "nameEn": "Rollya Bike Shop - only bmx", "cat": ["transport"], "province": "cm", "slug": "rollya-bike-shop-only-bmx-2731265065", "rank": 1}}, {"type": "Feature", "geometry": {"type": "Point", "coordinates": [98.98134, 18.81982]}, "properties": {"id": "cm-osm-way-251711435", "name": "Royal Enfield", "nameTh": null, "nameEn": "Royal Enfield", "cat": ["transport"], "province": "cm", "slug": "royal-enfield-251711435", "rank": 2}}, {"type": "Feature", "geometry": {"type": "Point", "coordinates": [99.00989, 18.8251]}, "properties": {"id": "cm-osm-way-1099753579", "name": "Ruamchok Bike Market", "nameTh": null, "nameEn": "Ruamchok Bike Market", "cat": ["transport"], "province": "cm", "slug": "ruamchok-bike-market-1099753579", "rank": 1}}, {"type": "Feature", "geometry": {"type": "Point", "coordinates": [99.06249, 18.75137]}, "properties": {"id": "cm-osm-node-10049041151", "name": "Shell", "nameTh": "เซลล์", "nameEn": "Shell", "cat": ["transport"], "province": "cm", "slug": "shell-10049041151", "rank": 2}}, {"type": "Feature", "geometry": {"type": "Point", "coordinates": [98.92635, 18.69566]}, "properties": {"id": "cm-osm-node-1583822791", "name": "Shell", "nameTh": "เซลล์", "nameEn": "Shell", "cat": ["transport"], "province": "cm", "slug": "shell-1583822791", "rank": 3}}, {"type": "Feature", "geometry": {"type": "Point", "coordinates": [98.93577, 18.74024]}, "properties": {"id": "cm-osm-way-1160626860", "name": "Shell", "nameTh": "เซลล์", "nameEn": "Shell", "cat": ["transport"], "province": "cm", "slug": "shell-1160626860", "rank": 2}}, {"type": "Feature", "geometry": {"type": "Point", "coordinates": [98.95097, 18.89844]}, "properties": {"id": "cm-osm-way-1356384846", "name": "Shell", "nameTh": "เชลล์", "nameEn": "Shell", "cat": ["transport"], "province": "cm", "slug": "shell-1356384846", "rank": 2}}, {"type": "Feature", "geometry": {"type": "Point", "coordinates": [99.0235, 18.76292]}, "properties": {"id": "cm-osm-way-298139711", "name": "Shell", "nameTh": "เซลล์", "nameEn": "Shell", "cat": ["transport"], "province": "cm", "slug": "shell-298139711", "rank": 2}}, {"type": "Feature", "geometry": {"type": "Point", "coordinates": [99.03559, 18.74396]}, "properties": {"id": "cm-osm-way-341958009", "name": "Shell", "nameTh": null, "nameEn": "Shell", "cat": ["transport"], "province": "cm", "slug": "shell-341958009", "rank": 1}}, {"type": "Feature", "geometry": {"type": "Point", "coordinates": [99.03685, 18.81797]}, "properties": {"id": "cm-osm-way-702543843", "name": "Shell", "nameTh": "เซลล์", "nameEn": "Shell", "cat": ["transport"], "province": "cm", "slug": "shell-702543843", "rank": 4}}, {"type": "Feature", "geometry": {"type": "Point", "coordinates": [99.04244, 18.60056]}, "properties": {"id": "cm-osm-way-823933131", "name": "Shell", "nameTh": "เชลล์", "nameEn": "Shell", "cat": ["transport"], "province": "cm", "slug": "shell-823933131", "rank": 3}}, {"type": "Feature", "geometry": {"type": "Point", "coordinates": [98.97394, 18.79785]}, "properties": {"id": "cm-osm-node-1489645350", "name": "Shell ทองธนพล สาขาห้วยแก้ว", "nameTh": "Shell ทองธนพล สาขาห้วยแก้ว", "nameEn": "Shell Thongthanaphon - Huay Kaew", "cat": ["transport"], "province": "cm", "slug": "shell-thongthanaphon-huay-kaew-1489645350", "rank": 2}}, {"type": "Feature", "geometry": {"type": "Point", "coordinates": [99.01409, 18.78566]}, "properties": {"id": "cm-osm-way-150351596", "name": "Shell ทองธนพล สาขาเจริญเมือง", "nameTh": "Shell ทองธนพล สาขาเจริญเมือง", "nameEn": "Shell Thongthanaphon - Charoen Muang", "cat": ["transport"], "province": "cm", "slug": "shell-thongthanaphon-charoen-muang-150351596", "rank": 3}}, {"type": "Feature", "geometry": {"type": "Point", "coordinates": [98.99191, 18.78639]}, "properties": {"id": "cm-osm-node-6528241586", "name": "Smile - Motorbike rental", "nameTh": null, "nameEn": "Smile - Motorbike rental", "cat": ["transport"], "province": "cm", "slug": "smile-motorbike-rental-6528241586", "rank": 1}}, {"type": "Feature", "geometry": {"type": "Point", "coordinates": [99.10273, 18.6302]}, "properties": {"id": "cm-osm-node-11581270498", "name": "Solar Pump", "nameTh": null, "nameEn": "Solar Pump", "cat": ["transport"], "province": "cm", "slug": "solar-pump-11581270498", "rank": 2}}, {"type": "Feature", "geometry": {"type": "Point", "coordinates": [99.1007, 18.6256]}, "properties": {"id": "cm-osm-node-11581270501", "name": "Solar Pump", "nameTh": null, "nameEn": "Solar Pump", "cat": ["transport"], "province": "cm", "slug": "solar-pump-11581270501", "rank": 2}}, {"type": "Feature", "geometry": {"type": "Point", "coordinates": [98.98386, 18.81292]}, "properties": {"id": "cm-osm-node-13964450851", "name": "Somboon Motorcycle Rental & Sales", "nameTh": "สมบูรณ์รถจักรยานยนต์ให้เช่าและขาย", "nameEn": "Somboon Motorcycle Rental & Sales", "cat": ["transport"], "province": "cm", "slug": "somboon-motorcycle-rental-sales-13964450851", "rank": 6}}, {"type": "Feature", "geometry": {"type": "Point", "coordinates": [98.99732, 18.79011]}, "properties": {"id": "cm-osm-node-3670817036", "name": "Sompong Charoen Yon", "nameTh": null, "nameEn": "Sompong Charoen Yon", "cat": ["transport"], "province": "cm", "slug": "sompong-charoen-yon-3670817036", "rank": 2}}, {"type": "Feature", "geometry": {"type": "Point", "coordinates": [98.94541, 18.91429]}, "properties": {"id": "cm-osm-node-12511850901", "name": "Songtaew Stop To ChiangMai", "nameTh": null, "nameEn": "Songtaew Stop To ChiangMai", "cat": ["transport"], "province": "cm", "slug": "songtaew-stop-to-chiangmai-12511850901", "rank": 1}}, {"type": "Feature", "geometry": {"type": "Point", "coordinates": [99.36424, 20.06244]}, "properties": {"id": "cm-osm-node-4160437590", "name": "Songthaew Station", "nameTh": null, "nameEn": "Songthaew Station", "cat": ["transport"], "province": "cm", "slug": "songthaew-station-4160437590", "rank": 1}}, {"type": "Feature", "geometry": {"type": "Point", "coordinates": [98.94386, 18.9152]}, "properties": {"id": "cm-osm-node-12511891901", "name": "Songthaew Stop from Chiangnai to Samoeng", "nameTh": null, "nameEn": "Songthaew Stop to Samoeng", "cat": ["transport"], "province": "cm", "slug": "songthaew-stop-to-samoeng-12511891901", "rank": 1}}, {"type": "Feature", "geometry": {"type": "Point", "coordinates": [99.1373, 18.87316]}, "properties": {"id": "cm-osm-node-12543092109", "name": "Songthaew stop from ChangPhuak terminal to Wiang PaPao", "nameTh": null, "nameEn": "Songthaew stop from ChangPhuak terminal to Wiang PaPao", "cat": ["transport"], "province": "cm", "slug": "songthaew-stop-from-changphuak-terminal-to-wiang-papao-12543092109", "rank": 1}}, {"type": "Feature", "geometry": {"type": "Point", "coordinates": [98.90263, 18.90744]}, "properties": {"id": "cm-osm-node-12511895701", "name": "Songthaew stop from Chiangmai to Samoeng", "nameTh": null, "nameEn": "Songthaew stop from Chiangmai to Samoeng", "cat": ["transport"], "province": "cm", "slug": "songthaew-stop-from-chiangmai-to-samoeng-12511895701", "rank": 1}}, {"type": "Feature", "geometry": {"type": "Point", "coordinates": [99.13663, 18.87317]}, "properties": {"id": "cm-osm-node-12543091908", "name": "Songthaew stop from DoiSakhet to Waroros Market", "nameTh": null, "nameEn": "Songthaew stop from DoiSakhet to Waroros Market", "cat": ["transport"], "province": "cm", "slug": "songthaew-stop-from-doisakhet-to-waroros-market-12543091908", "rank": 1}}, {"type": "Feature", "geometry": {"type": "Point", "coordinates": [98.61134, 18.19339]}, "properties": {"id": "cm-osm-node-12770419201", "name": "Songthaew stop to go to Bo Luang", "nameTh": null, "nameEn": "Songthaew stop to go to Bo Luang", "cat": ["transport"], "province": "cm", "slug": "songthaew-stop-to-go-to-bo-luang-12770419201", "rank": 1}}, {"type": "Feature", "geometry": {"type": "Point", "coordinates": [98.98141, 18.81961]}, "properties": {"id": "cm-osm-way-666015788", "name": "Suzuki Big Bike", "nameTh": null, "nameEn": "Suzuki Big Bike", "cat": ["transport"], "province": "cm", "slug": "suzuki-big-bike-666015788", "rank": 2}}, {"type": "Feature", "geometry": {"type": "Point", "coordinates": [99.06526, 18.74717]}, "properties": {"id": "cm-osm-node-1546935563", "name": "Swiss Bike Camp", "nameTh": null, "nameEn": "Swiss Bike Camp", "cat": ["transport"], "province": "cm", "slug": "swiss-bike-camp-1546935563", "rank": 2}}, {"type": "Feature", "geometry": {"type": "Point", "coordinates": [99.17822, 19.86115]}, "properties": {"id": "cm-osm-node-4005680494", "name": "TNT Motors", "nameTh": null, "nameEn": "TNT Motors", "cat": ["transport"], "province": "cm", "slug": "tnt-motors-4005680494", "rank": 3}}, {"type": "Feature", "geometry": {"type": "Point", "coordinates": [98.96829, 18.76789]}, "properties": {"id": "cm-osm-node-1474870806", "name": "Taxi Meter", "nameTh": null, "nameEn": "Taxi Meter", "cat": ["transport"], "province": "cm", "slug": "taxi-meter-1474870806", "rank": 1}}, {"type": "Feature", "geometry": {"type": "Point", "coordinates": [98.96777, 18.77041]}, "properties": {"id": "cm-osm-node-1474873126", "name": "Taxi Meter", "nameTh": null, "nameEn": "Taxi Meter", "cat": ["transport"], "province": "cm", "slug": "taxi-meter-1474873126", "rank": 1}}, {"type": "Feature", "geometry": {"type": "Point", "coordinates": [98.96807, 18.77052]}, "properties": {"id": "cm-osm-node-1474873124", "name": "Thai Rent A Car", "nameTh": null, "nameEn": "Thai Rent A Car", "cat": ["transport"], "province": "cm", "slug": "thai-rent-a-car-1474873124", "rank": 1}}, {"type": "Feature", "geometry": {"type": "Point", "coordinates": [98.9623, 18.80786]}, "properties": {"id": "cm-osm-way-578703571", "name": "The Schweine Garage", "nameTh": null, "nameEn": "The Schweine Garage", "cat": ["transport"], "province": "cm", "slug": "the-schweine-garage-578703571", "rank": 2}}, {"type": "Feature", "geometry": {"type": "Point", "coordinates": [99.0687, 18.74887]}, "properties": {"id": "cm-osm-node-5581621525", "name": "Tire Tech", "nameTh": null, "nameEn": "Tire Tech", "cat": ["transport"], "province": "cm", "slug": "tire-tech-5581621525", "rank": 2}}, {"type": "Feature", "geometry": {"type": "Point", "coordinates": [99.0031, 18.8029]}, "properties": {"id": "cm-osm-node-3655169826", "name": "Tium Moto Work", "nameTh": null, "nameEn": "Tium Moto Work", "cat": ["transport"], "province": "cm", "slug": "tium-moto-work-3655169826", "rank": 2}}, {"type": "Feature", "geometry": {"type": "Point", "coordinates": [98.92655, 18.72521]}, "properties": {"id": "cm-osm-way-386307122", "name": "Tommo's Bike Shop", "nameTh": null, "nameEn": "Tommo's Bike Shop", "cat": ["transport"], "province": "cm", "slug": "tommo-s-bike-shop-386307122", "rank": 1}}, {"type": "Feature", "geometry": {"type": "Point", "coordinates": [98.99221, 18.78503]}, "properties": {"id": "cm-osm-way-482771555", "name": "Toon's Bike Rental", "nameTh": null, "nameEn": "Toon's Bike Rental", "cat": ["transport"], "province": "cm", "slug": "toon-s-bike-rental-482771555", "rank": 3}}, {"type": "Feature", "geometry": {"type": "Point", "coordinates": [99.0286, 18.76743]}, "properties": {"id": "cm-osm-node-10738547592", "name": "Triumph Chiang Mai", "nameTh": null, "nameEn": "Triumph Chiang Mai", "cat": ["transport"], "province": "cm", "slug": "triumph-chiang-mai-10738547592", "rank": 2}}, {"type": "Feature", "geometry": {"type": "Point", "coordinates": [98.97612, 18.76531]}, "properties": {"id": "cm-osm-node-3942784256", "name": "Two Revolutions", "nameTh": null, "nameEn": "Two Revolutions", "cat": ["transport"], "province": "cm", "slug": "two-revolutions-3942784256", "rank": 3}}, {"type": "Feature", "geometry": {"type": "Point", "coordinates": [98.9647, 18.80283]}, "properties": {"id": "cm-osm-node-2771778241", "name": "Velocity", "nameTh": null, "nameEn": "Velocity", "cat": ["transport"], "province": "cm", "slug": "velocity-2771778241", "rank": 1}}, {"type": "Feature", "geometry": {"type": "Point", "coordinates": [98.91986, 18.80436]}, "properties": {"id": "cm-osm-node-13518302605", "name": "White or silver Songtaews to Doi Pui Tribal Village", "nameTh": null, "nameEn": "White or silver Songtaews to Doi Pui Tribal Village", "cat": ["transport"], "province": "cm", "slug": "white-or-silver-songtaews-to-doi-pui-tribal-village-13518302605", "rank": 1}}, {"type": "Feature", "geometry": {"type": "Point", "coordinates": [99.01334, 18.83684]}, "properties": {"id": "cm-osm-way-317524261", "name": "World Gas", "nameTh": null, "nameEn": "World Gas", "cat": ["transport"], "province": "cm", "slug": "world-gas-317524261", "rank": 1}}, {"type": "Feature", "geometry": {"type": "Point", "coordinates": [99.00924, 18.7529]}, "properties": {"id": "cm-osm-node-1441783405", "name": "Yamaha", "nameTh": null, "nameEn": "Yamaha", "cat": ["transport"], "province": "cm", "slug": "yamaha-1441783405", "rank": 1}}, {"type": "Feature", "geometry": {"type": "Point", "coordinates": [98.96863, 19.38321]}, "properties": {"id": "cm-osm-node-2185573704", "name": "Yamaha", "nameTh": null, "nameEn": "Yamaha", "cat": ["transport"], "province": "cm", "slug": "yamaha-2185573704", "rank": 1}}, {"type": "Feature", "geometry": {"type": "Point", "coordinates": [98.97284, 18.80753]}, "properties": {"id": "cm-osm-node-3240515673", "name": "Yamaha", "nameTh": null, "nameEn": "Yamaha", "cat": ["transport"], "province": "cm", "slug": "yamaha-3240515673", "rank": 1}}, {"type": "Feature", "geometry": {"type": "Point", "coordinates": [98.89539, 18.62536]}, "properties": {"id": "cm-osm-node-3322301005", "name": "Yamaha", "nameTh": null, "nameEn": "Yamaha", "cat": ["transport"], "province": "cm", "slug": "yamaha-3322301005", "rank": 1}}, {"type": "Feature", "geometry": {"type": "Point", "coordinates": [98.97564, 18.76702]}, "properties": {"id": "cm-osm-node-3419871311", "name": "Yamaha", "nameTh": null, "nameEn": "Yamaha", "cat": ["transport"], "province": "cm", "slug": "yamaha-3419871311", "rank": 1}}, {"type": "Feature", "geometry": {"type": "Point", "coordinates": [99.15854, 18.77939]}, "properties": {"id": "cm-osm-node-3592477505", "name": "Yamaha", "nameTh": null, "nameEn": "Yamaha", "cat": ["transport"], "province": "cm", "slug": "yamaha-3592477505", "rank": 1}}, {"type": "Feature", "geometry": {"type": "Point", "coordinates": [98.9468, 18.91113]}, "properties": {"id": "cm-osm-way-1456802854", "name": "Yamaha", "nameTh": null, "nameEn": "Yamaha", "cat": ["transport"], "province": "cm", "slug": "yamaha-1456802854", "rank": 1}}, {"type": "Feature", "geometry": {"type": "Point", "coordinates": [98.99007, 18.78818]}, "properties": {"id": "cm-osm-way-481724317", "name": "Yamaha", "nameTh": null, "nameEn": "Yamaha Square", "cat": ["transport"], "province": "cm", "slug": "yamaha-square-481724317", "rank": 2}}, {"type": "Feature", "geometry": {"type": "Point", "coordinates": [98.68416, 18.43194]}, "properties": {"id": "cm-osm-way-734809248", "name": "Yamaha", "nameTh": null, "nameEn": "Yamaha", "cat": ["transport"], "province": "cm", "slug": "yamaha-734809248", "rank": 1}}, {"type": "Feature", "geometry": {"type": "Point", "coordinates": [98.97674, 18.79626]}, "properties": {"id": "cm-osm-way-204644558", "name": "Yamaha Square", "nameTh": null, "nameEn": "Yamaha Square", "cat": ["transport"], "province": "cm", "slug": "yamaha-square-204644558", "rank": 2}}, {"type": "Feature", "geometry": {"type": "Point", "coordinates": [98.3653, 18.49994]}, "properties": {"id": "cm-osm-node-5384967081", "name": "Yellow Bus", "nameTh": null, "nameEn": "Yellow Bus", "cat": ["transport"], "province": "cm", "slug": "yellow-bus-5384967081", "rank": 1}}, {"type": "Feature", "geometry": {"type": "Point", "coordinates": [98.73169, 18.84742]}, "properties": {"id": "cm-osm-node-12543092112", "name": "Yellow Songthaew stop to BoKaeo & Chiang Mai", "nameTh": null, "nameEn": "Yellow Songthaew stop to BoKaeo & Chiang Mai", "cat": ["transport"], "province": "cm", "slug": "yellow-songthaew-stop-to-bokaeo-chiang-mai-12543092112", "rank": 1}}, {"type": "Feature", "geometry": {"type": "Point", "coordinates": [98.73258, 18.84758]}, "properties": {"id": "cm-osm-node-6481821785", "name": "Yellow minibus to Chiang Mai", "nameTh": null, "nameEn": "Yellow minibus to Chiang Mai", "cat": ["transport"], "province": "cm", "slug": "yellow-minibus-to-chiang-mai-6481821785", "rank": 1}}, {"type": "Feature", "geometry": {"type": "Point", "coordinates": [98.97716, 18.77472]}, "properties": {"id": "cm-osm-node-6992285188", "name": "Yesaway", "nameTh": null, "nameEn": "Yesaway", "cat": ["transport"], "province": "cm", "slug": "yesaway-6992285188", "rank": 1}}, {"type": "Feature", "geometry": {"type": "Point", "coordinates": [98.9865, 18.79746]}, "properties": {"id": "cm-osm-node-3087123070", "name": "ZeroMet, The World of Helmet", "nameTh": null, "nameEn": "ZeroMet, The World of Helmet", "cat": ["transport"], "province": "cm", "slug": "zeromet-the-world-of-helmet-3087123070", "rank": 4}}, {"type": "Feature", "geometry": {"type": "Point", "coordinates": [98.99317, 18.79006]}, "properties": {"id": "cm-osm-way-481723931", "name": "amigos mexican bistro", "nameTh": null, "nameEn": "amigos mexican bistro", "cat": ["transport"], "province": "cm", "slug": "amigos-mexican-bistro-481723931", "rank": 2}}, {"type": "Feature", "geometry": {"type": "Point", "coordinates": [98.92241, 18.69075]}, "properties": {"id": "cm-osm-node-1930106347", "name": "iBike", "nameTh": null, "nameEn": "iBike", "cat": ["transport"], "province": "cm", "slug": "ibike-1930106347", "rank": 1}}, {"type": "Feature", "geometry": {"type": "Point", "coordinates": [99.20938, 19.91497]}, "properties": {"id": "cm-osm-node-12754331901", "name": "orange songthaew go to ChiangMai", "nameTh": null, "nameEn": "orange songthaew go to ChiangMai", "cat": ["transport"], "province": "cm", "slug": "orange-songthaew-go-to-chiangmai-12754331901", "rank": 1}}, {"type": "Feature", "geometry": {"type": "Point", "coordinates": [99.21004, 19.915]}, "properties": {"id": "cm-osm-node-6189378885", "name": "songtaew for Chiang Mai or Thaton", "nameTh": null, "nameEn": "songtaew for Chiang Mai or Thaton", "cat": ["transport"], "province": "cm", "slug": "songtaew-for-chiang-mai-or-thaton-6189378885", "rank": 1}}, {"type": "Feature", "geometry": {"type": "Point", "coordinates": [99.20986, 19.91557]}, "properties": {"id": "cm-osm-node-12754331801", "name": "yellow songthaew  go to thaton", "nameTh": null, "nameEn": "yellow songthaew  go to thaton", "cat": ["transport"], "province": "cm", "slug": "yellow-songthaew-go-to-thaton-12754331801", "rank": 1}}, {"type": "Feature", "geometry": {"type": "Point", "coordinates": [99.20989, 19.91556]}, "properties": {"id": "cm-osm-node-13518301410", "name": "yellow songthaew to Tha Ton", "nameTh": null, "nameEn": "yellow songthaew to Tha Ton", "cat": ["transport"], "province": "cm", "slug": "yellow-songthaew-to-tha-ton-13518301410", "rank": 1}}, {"type": "Feature", "geometry": {"type": "Point", "coordinates": [98.92032, 18.80407]}, "properties": {"id": "cm-osm-node-1298206602", "name": "กู้ชีพพระธาตุดอยสุเทพ", "nameTh": "กู้ชีพพระธาตุดอยสุเทพ", "nameEn": null, "cat": ["transport"], "province": "cm", "slug": "1298206602", "rank": 1}}, {"type": "Feature", "geometry": {"type": "Point", "coordinates": [98.98254, 18.76819]}, "properties": {"id": "cm-osm-way-537034669", "name": "คาลเท็กซ์", "nameTh": "คาลเท็กซ์", "nameEn": "Caltex", "cat": ["transport"], "province": "cm", "slug": "caltex-537034669", "rank": 3}}, {"type": "Feature", "geometry": {"type": "Point", "coordinates": [98.91966, 18.80456]}, "properties": {"id": "cm-osm-node-7003753439", "name": "คิวรถขึ้น ภูพิงค์ ดอยปุย ขุนช่างเคี่ยนเชียงใหม่", "nameTh": "คิวรถขึ้น ภูพิงค์ ดอยปุย ขุนช่างเคี่ยนเชียงใหม่", "nameEn": "Mini Taxi", "cat": ["transport"], "province": "cm", "slug": "mini-taxi-7003753439", "rank": 3}}, {"type": "Feature", "geometry": {"type": "Point", "coordinates": [99.11176, 18.71968]}, "properties": {"id": "cm-osm-node-2603381813", "name": "จีงไบซิเคิล", "nameTh": "จีงไบซิเคิล", "nameEn": "Jing Bicycles", "cat": ["transport"], "province": "cm", "slug": "jing-bicycles-2603381813", "rank": 2}}, {"type": "Feature", "geometry": {"type": "Point", "coordinates": [99.13148, 18.84439]}, "properties": {"id": "cm-osm-node-3332061150", "name": "ดอยสะเก็ดไบซิเคิล", "nameTh": "ดอยสะเก็ดไบซิเคิล", "nameEn": "Doi Saket Bicycles", "cat": ["transport"], "province": "cm", "slug": "doi-saket-bicycles-3332061150", "rank": 3}}, {"type": "Feature", "geometry": {"type": "Point", "coordinates": [98.9647, 18.76651]}, "properties": {"id": "cm-osm-relation-12410725", "name": "ท่าอากาศยานนานาชาติเชียงใหม่", "nameTh": "ท่าอากาศยานนานาชาติเชียงใหม่", "nameEn": "Chiang Mai International Airport", "cat": ["transport"], "province": "cm", "slug": "chiang-mai-international-airport-12410725", "rank": 5}}, {"type": "Feature", "geometry": {"type": "Point", "coordinates": [98.96811, 18.769]}, "properties": {"id": "cm-osm-way-58309446", "name": "ท่าอากาศยานนานาชาติเชียงใหม่", "nameTh": "ท่าอากาศยานนานาชาติเชียงใหม่", "nameEn": "Chiang Mai International Airport", "cat": ["transport"], "province": "cm", "slug": "chiang-mai-international-airport-58309446", "rank": 2}}, {"type": "Feature", "geometry": {"type": "Point", "coordinates": [99.36271, 20.0604]}, "properties": {"id": "cm-osm-node-563598369", "name": "ท่าเรือ ท่าตอน", "nameTh": "ท่าเรือ ท่าตอน", "nameEn": "Boat Landing Thaton", "cat": ["transport"], "province": "cm", "slug": "boat-landing-thaton-563598369", "rank": 2}}, {"type": "Feature", "geometry": {"type": "Point", "coordinates": [99.01728, 18.8019]}, "properties": {"id": "cm-osm-way-96950839", "name": "นครชัยแอร์", "nameTh": "นครชัยแอร์", "nameEn": "Nakhonchai Air", "cat": ["transport"], "province": "cm", "slug": "nakhonchai-air-96950839", "rank": 2}}, {"type": "Feature", "geometry": {"type": "Point", "coordinates": [98.98991, 18.73759]}, "properties": {"id": "cm-osm-node-3773032123", "name": "นอร์ทเทิร์นออยล์", "nameTh": "นอร์ทเทิร์นออยล์", "nameEn": "Northern Oil", "cat": ["transport"], "province": "cm", "slug": "northern-oil-3773032123", "rank": 2}}, {"type": "Feature", "geometry": {"type": "Point", "coordinates": [98.96499, 18.80266]}, "properties": {"id": "cm-osm-way-314670468", "name": "นัติมอเตอร์", "nameTh": "นัติมอเตอร์", "nameEn": "Nat Motor", "cat": ["transport"], "province": "cm", "slug": "nat-motor-314670468", "rank": 4}}, {"type": "Feature", "geometry": {"type": "Point", "coordinates": [98.99998, 18.81083]}, "properties": {"id": "cm-osm-way-525728475", "name": "บริษัท ต. แก๊ซ จำกัด", "nameTh": "บริษัท ต. แก๊ซ จำกัด", "nameEn": "T Gas", "cat": ["transport"], "province": "cm", "slug": "t-gas-525728475", "rank": 2}}, {"type": "Feature", "geometry": {"type": "Point", "coordinates": [98.94192, 18.74538]}, "properties": {"id": "cm-osm-node-3205899953", "name": "บริษัท นิยมพาณิชย์", "nameTh": "บริษัท นิยมพาณิชย์", "nameEn": "Niyom Phanit", "cat": ["transport"], "province": "cm", "slug": "niyom-phanit-3205899953", "rank": 2}}, {"type": "Feature", "geometry": {"type": "Point", "coordinates": [98.98544, 18.80314]}, "properties": {"id": "cm-osm-node-3298086548", "name": "บริษัท สหพานิช จำกัด", "nameTh": "บริษัท สหพานิช จำกัด", "nameEn": null, "cat": ["transport"], "province": "cm", "slug": "3298086548", "rank": 1}}, {"type": "Feature", "geometry": {"type": "Point", "coordinates": [98.99683, 18.62875]}, "properties": {"id": "cm-osm-node-5245297876", "name": "บางจาก", "nameTh": "บางจาก", "nameEn": "Bangchak", "cat": ["transport"], "province": "cm", "slug": "bangchak-5245297876", "rank": 2}}, {"type": "Feature", "geometry": {"type": "Point", "coordinates": [99.13353, 18.87327]}, "properties": {"id": "cm-osm-node-907694080", "name": "บางจาก", "nameTh": "บางจาก", "nameEn": "Bangchak", "cat": ["transport"], "province": "cm", "slug": "bangchak-907694080", "rank": 4}}, {"type": "Feature", "geometry": {"type": "Point", "coordinates": [98.97106, 18.80703]}, "properties": {"id": "cm-osm-way-101345618", "name": "บางจาก", "nameTh": "บางจาก", "nameEn": "Bangchak", "cat": ["transport"], "province": "cm", "slug": "bangchak-101345618", "rank": 4}}, {"type": "Feature", "geometry": {"type": "Point", "coordinates": [99.01873, 18.74802]}, "properties": {"id": "cm-osm-way-1097483294", "name": "บางจาก", "nameTh": "บางจาก", "nameEn": "Bangchak", "cat": ["transport"], "province": "cm", "slug": "bangchak-1097483294", "rank": 2}}, {"type": "Feature", "geometry": {"type": "Point", "coordinates": [98.94271, 18.75843]}, "properties": {"id": "cm-osm-way-1109991532", "name": "บางจาก", "nameTh": "บางจาก", "nameEn": "Bangchak", "cat": ["transport"], "province": "cm", "slug": "bangchak-1109991532", "rank": 2}}, {"type": "Feature", "geometry": {"type": "Point", "coordinates": [98.96388, 18.81375]}, "properties": {"id": "cm-osm-way-1135588788", "name": "บางจาก", "nameTh": "บางจาก", "nameEn": "Bangchak", "cat": ["transport"], "province": "cm", "slug": "bangchak-1135588788", "rank": 2}}, {"type": "Feature", "geometry": {"type": "Point", "coordinates": [98.96525, 18.74068]}, "properties": {"id": "cm-osm-way-1158935338", "name": "บางจาก", "nameTh": "บางจาก", "nameEn": "Bangchak", "cat": ["transport"], "province": "cm", "slug": "bangchak-1158935338", "rank": 2}}, {"type": "Feature", "geometry": {"type": "Point", "coordinates": [98.97822, 18.98945]}, "properties": {"id": "cm-osm-way-1234506354", "name": "บางจาก", "nameTh": "บางจาก", "nameEn": "Bangchak", "cat": ["transport"], "province": "cm", "slug": "bangchak-1234506354", "rank": 4}}, {"type": "Feature", "geometry": {"type": "Point", "coordinates": [99.06248, 18.75906]}, "properties": {"id": "cm-osm-way-1298019677", "name": "บางจาก", "nameTh": "บางจาก", "nameEn": "Bangchak", "cat": ["transport"], "province": "cm", "slug": "bangchak-1298019677", "rank": 2}}, {"type": "Feature", "geometry": {"type": "Point", "coordinates": [98.90241, 18.64481]}, "properties": {"id": "cm-osm-way-1348626448", "name": "บางจาก", "nameTh": "บางจาก", "nameEn": "Bangchak", "cat": ["transport"], "province": "cm", "slug": "bangchak-1348626448", "rank": 2}}, {"type": "Feature", "geometry": {"type": "Point", "coordinates": [98.97448, 18.80862]}, "properties": {"id": "cm-osm-way-1348836651", "name": "บางจาก", "nameTh": "บางจาก", "nameEn": "Bangchak", "cat": ["transport"], "province": "cm", "slug": "bangchak-1348836651", "rank": 2}}, {"type": "Feature", "geometry": {"type": "Point", "coordinates": [99.0315, 18.8025]}, "properties": {"id": "cm-osm-way-1356063538", "name": "บางจาก", "nameTh": "บางจาก", "nameEn": "Bangchak", "cat": ["transport"], "province": "cm", "slug": "bangchak-1356063538", "rank": 2}}, {"type": "Feature", "geometry": {"type": "Point", "coordinates": [98.91789, 18.68071]}, "properties": {"id": "cm-osm-way-1482535787", "name": "บางจาก", "nameTh": "บางจาก", "nameEn": "Bangchak", "cat": ["transport"], "province": "cm", "slug": "bangchak-1482535787", "rank": 2}}, {"type": "Feature", "geometry": {"type": "Point", "coordinates": [98.97649, 18.77701]}, "properties": {"id": "cm-osm-way-208674913", "name": "บางจาก", "nameTh": "บางจาก", "nameEn": "Bangchak", "cat": ["transport"], "province": "cm", "slug": "bangchak-208674913", "rank": 4}}, {"type": "Feature", "geometry": {"type": "Point", "coordinates": [98.96032, 18.80182]}, "properties": {"id": "cm-osm-way-285999611", "name": "บางจาก", "nameTh": "บางจาก", "nameEn": "Bangchak", "cat": ["transport"], "province": "cm", "slug": "bangchak-285999611", "rank": 4}}, {"type": "Feature", "geometry": {"type": "Point", "coordinates": [98.94426, 18.9526]}, "properties": {"id": "cm-osm-way-305979003", "name": "บางจาก", "nameTh": "บางจาก", "nameEn": "Bangchak", "cat": ["transport"], "province": "cm", "slug": "bangchak-305979003", "rank": 5}}, {"type": "Feature", "geometry": {"type": "Point", "coordinates": [98.95015, 18.90108]}, "properties": {"id": "cm-osm-way-315328671", "name": "บางจาก", "nameTh": "บางจาก", "nameEn": "Bangchak", "cat": ["transport"], "province": "cm", "slug": "bangchak-315328671", "rank": 4}}, {"type": "Feature", "geometry": {"type": "Point", "coordinates": [98.99251, 18.92466]}, "properties": {"id": "cm-osm-way-315330206", "name": "บางจาก", "nameTh": "บางจาก", "nameEn": "Bangchak", "cat": ["transport"], "province": "cm", "slug": "bangchak-315330206", "rank": 4}}, {"type": "Feature", "geometry": {"type": "Point", "coordinates": [99.01412, 18.88435]}, "properties": {"id": "cm-osm-way-333372941", "name": "บางจาก", "nameTh": "บางจาก", "nameEn": "Bangchak", "cat": ["transport"], "province": "cm", "slug": "bangchak-333372941", "rank": 2}}, {"type": "Feature", "geometry": {"type": "Point", "coordinates": [99.0184, 18.78541]}, "properties": {"id": "cm-osm-way-339329947", "name": "บางจาก", "nameTh": "บางจาก", "nameEn": "Bangchak", "cat": ["transport"], "province": "cm", "slug": "bangchak-339329947", "rank": 4}}, {"type": "Feature", "geometry": {"type": "Point", "coordinates": [98.99228, 18.78082]}, "properties": {"id": "cm-osm-way-356620508", "name": "บางจาก", "nameTh": "บางจาก", "nameEn": "Bangchak", "cat": ["transport"], "province": "cm", "slug": "bangchak-356620508", "rank": 4}}, {"type": "Feature", "geometry": {"type": "Point", "coordinates": [99.02269, 18.76178]}, "properties": {"id": "cm-osm-way-537852249", "name": "บางจาก", "nameTh": "บางจาก", "nameEn": "Bangchak", "cat": ["transport"], "province": "cm", "slug": "bangchak-537852249", "rank": 2}}, {"type": "Feature", "geometry": {"type": "Point", "coordinates": [99.04982, 18.63249]}, "properties": {"id": "cm-osm-way-560751207", "name": "บางจาก", "nameTh": "บางจาก", "nameEn": "Bangchak", "cat": ["transport"], "province": "cm", "slug": "bangchak-560751207", "rank": 3}}, {"type": "Feature", "geometry": {"type": "Point", "coordinates": [98.89579, 18.62097]}, "properties": {"id": "cm-osm-way-650593623", "name": "บางจาก", "nameTh": "บางจาก", "nameEn": "Bangchak", "cat": ["transport"], "province": "cm", "slug": "bangchak-650593623", "rank": 4}}, {"type": "Feature", "geometry": {"type": "Point", "coordinates": [99.11195, 18.74936]}, "properties": {"id": "cm-osm-way-742199494", "name": "บางจาก", "nameTh": "บางจาก", "nameEn": "Bangchak", "cat": ["transport"], "province": "cm", "slug": "bangchak-742199494", "rank": 4}}, {"type": "Feature", "geometry": {"type": "Point", "coordinates": [99.02423, 18.79165]}, "properties": {"id": "cm-osm-way-96964501", "name": "บางจาก", "nameTh": "บางจาก", "nameEn": "Bangchak", "cat": ["transport"], "province": "cm", "slug": "bangchak-96964501", "rank": 4}}, {"type": "Feature", "geometry": {"type": "Point", "coordinates": [99.04584, 18.71003]}, "properties": {"id": "cm-osm-way-98400177", "name": "บางจาก", "nameTh": "บางจาก", "nameEn": "Bangchak", "cat": ["transport"], "province": "cm", "slug": "bangchak-98400177", "rank": 2}}, {"type": "Feature", "geometry": {"type": "Point", "coordinates": [99.20353, 19.3686]}, "properties": {"id": "cm-osm-node-4606524981", "name": "บุญลือพานิช", "nameTh": "บุญลือพานิช", "nameEn": null, "cat": ["transport"], "province": "cm", "slug": "4606524981", "rank": 1}}, {"type": "Feature", "geometry": {"type": "Point", "coordinates": [99.02851, 18.78342]}, "properties": {"id": "cm-osm-node-260334845", "name": "ป.ต.ท.", "nameTh": "ป.ต.ท.", "nameEn": "PTT", "cat": ["transport"], "province": "cm", "slug": "ptt-260334845", "rank": 3}}, {"type": "Feature", "geometry": {"type": "Point", "coordinates": [99.06694, 18.79577]}, "properties": {"id": "cm-osm-way-1112896521", "name": "ป.ต.ท.", "nameTh": "ป.ต.ท.", "nameEn": "PTT", "cat": ["transport"], "province": "cm", "slug": "ptt-1112896521", "rank": 2}}, {"type": "Feature", "geometry": {"type": "Point", "coordinates": [99.04218, 18.83723]}, "properties": {"id": "cm-osm-way-1348153354", "name": "ป.ต.ท.", "nameTh": "ป.ต.ท.", "nameEn": "PTT", "cat": ["transport"], "province": "cm", "slug": "ptt-1348153354", "rank": 2}}, {"type": "Feature", "geometry": {"type": "Point", "coordinates": [99.01151, 18.80895]}, "properties": {"id": "cm-osm-way-373854689", "name": "ป.ต.ท.", "nameTh": "ปตท", "nameEn": "PTT", "cat": ["transport"], "province": "cm", "slug": "ptt-373854689", "rank": 3}}, {"type": "Feature", "geometry": {"type": "Point", "coordinates": [98.99765, 18.79961]}, "properties": {"id": "cm-osm-way-672587617", "name": "ป.ต.ท.", "nameTh": "ป.ต.ท.", "nameEn": "PTT", "cat": ["transport"], "province": "cm", "slug": "ptt-672587617", "rank": 3}}, {"type": "Feature", "geometry": {"type": "Point", "coordinates": [99.02832, 18.79413]}, "properties": {"id": "cm-osm-node-1350009155", "name": "ปตท", "nameTh": "ปตท", "nameEn": null, "cat": ["transport"], "province": "cm", "slug": "1350009155", "rank": 1}}, {"type": "Feature", "geometry": {"type": "Point", "coordinates": [98.97214, 18.77203]}, "properties": {"id": "cm-osm-way-676260814", "name": "ปตท", "nameTh": "ปตท", "nameEn": "PTT", "cat": ["transport"], "province": "cm", "slug": "ptt-676260814", "rank": 2}}, {"type": "Feature", "geometry": {"type": "Point", "coordinates": [99.03154, 18.75199]}, "properties": {"id": "cm-osm-way-890923393", "name": "ปาล์ม ไบค์", "nameTh": "ปาล์ม ไบค์", "nameEn": "Palm Bike", "cat": ["transport"], "province": "cm", "slug": "palm-bike-890923393", "rank": 2}}, {"type": "Feature", "geometry": {"type": "Point", "coordinates": [99.04225, 18.6376]}, "properties": {"id": "cm-osm-node-674670498", "name": "ป่าเส้า", "nameTh": "ป่าเส้า", "nameEn": "Pa Sao", "cat": ["transport"], "province": "cm", "slug": "pa-sao-674670498", "rank": 2}}, {"type": "Feature", "geometry": {"type": "Point", "coordinates": [99.05757, 18.83327]}, "properties": {"id": "cm-osm-node-1600412807", "name": "ร้านรุ่งเรืองอะไหล่ยนต์", "nameTh": "ร้านรุ่งเรืองอะไหล่ยนต์", "nameEn": "Castrol Bike Point", "cat": ["transport"], "province": "cm", "slug": "castrol-bike-point-1600412807", "rank": 2}}, {"type": "Feature", "geometry": {"type": "Point", "coordinates": [99.01702, 18.80001]}, "properties": {"id": "cm-osm-node-4571194390", "name": "ร้านเช่ารถ bikky", "nameTh": "ร้านเช่ารถ bikky", "nameEn": null, "cat": ["transport"], "province": "cm", "slug": "bikky-4571194390", "rank": 1}}, {"type": "Feature", "geometry": {"type": "Point", "coordinates": [98.92121, 18.80436]}, "properties": {"id": "cm-osm-node-1298206603", "name": "วัดพระธาตุดอยสุเทพฯ", "nameTh": "วัดพระธาตุดอยสุเทพฯ", "nameEn": "Wat Phrathat Doi Suthep", "cat": ["transport"], "province": "cm", "slug": "wat-phrathat-doi-suthep-1298206603", "rank": 2}}, {"type": "Feature", "geometry": {"type": "Point", "coordinates": [99.06922, 18.77095]}, "properties": {"id": "cm-osm-node-2591296838", "name": "วึ แก๊ส", "nameTh": "วึ แก๊ส", "nameEn": "V Gas", "cat": ["transport"], "province": "cm", "slug": "v-gas-2591296838", "rank": 2}}, {"type": "Feature", "geometry": {"type": "Point", "coordinates": [99.20398, 19.36885]}, "properties": {"id": "cm-osm-node-4606524983", "name": "ศรีวราลิสซิ่ง", "nameTh": "ศรีวราลิสซิ่ง", "nameEn": null, "cat": ["transport"], "province": "cm", "slug": "4606524983", "rank": 1}}, {"type": "Feature", "geometry": {"type": "Point", "coordinates": [98.98412, 18.7918]}, "properties": {"id": "cm-osm-node-3384065653", "name": "ศูนย์อบรมเทคนิคยามาฮ่า", "nameTh": "ศูนย์อบรมเทคนิคยามาฮ่า", "nameEn": null, "cat": ["transport"], "province": "cm", "slug": "3384065653", "rank": 1}}, {"type": "Feature", "geometry": {"type": "Point", "coordinates": [98.97697, 18.77954]}, "properties": {"id": "cm-osm-node-3006331116", "name": "ษาโมโต", "nameTh": "ษาโมโต", "nameEn": "SA Moto", "cat": ["transport"], "province": "cm", "slug": "sa-moto-3006331116", "rank": 2}}, {"type": "Feature", "geometry": {"type": "Point", "coordinates": [99.01724, 18.80079]}, "properties": {"id": "cm-osm-node-1572587486", "name": "สถานีขนส่ง อาเขต (หมายเลข 2)", "nameTh": "สถานีขนส่ง อาเขต (หมายเลข 2)", "nameEn": "Chiang Mai Arcade Bus Terminal 2", "cat": ["transport"], "province": "cm", "slug": "chiang-mai-arcade-bus-terminal-2-1572587486", "rank": 2}}, {"type": "Feature", "geometry": {"type": "Point", "coordinates": [99.01784, 18.79955]}, "properties": {"id": "cm-osm-way-200738389", "name": "สถานีขนส่ง อาเขต (หมายเลข 3)", "nameTh": "สถานีขนส่ง อาเขต (หมายเลข 3)", "nameEn": "Chiang Mai Arcade Bus Terminal 3", "cat": ["transport"], "province": "cm", "slug": "chiang-mai-arcade-bus-terminal-3-200738389", "rank": 2}}, {"type": "Feature", "geometry": {"type": "Point", "coordinates": [99.20408, 19.3694]}, "properties": {"id": "cm-osm-node-4605297757", "name": "สถานีขนส่งอำเภอพร้าว", "nameTh": "สถานีขนส่งอำเภอพร้าว", "nameEn": "Phrao Bus Terminal", "cat": ["transport"], "province": "cm", "slug": "phrao-bus-terminal-4605297757", "rank": 2}}, {"type": "Feature", "geometry": {"type": "Point", "coordinates": [98.96839, 18.71943]}, "properties": {"id": "cm-osm-node-3669514851", "name": "สยามแก๊ส", "nameTh": "สยามแก๊ส", "nameEn": "Siam Gas", "cat": ["transport"], "province": "cm", "slug": "siam-gas-3669514851", "rank": 2}}, {"type": "Feature", "geometry": {"type": "Point", "coordinates": [99.03995, 18.78842]}, "properties": {"id": "cm-osm-node-3745352266", "name": "สยามแก๊ส", "nameTh": "สยามแก๊ส", "nameEn": "Siam Gas", "cat": ["transport"], "province": "cm", "slug": "siam-gas-3745352266", "rank": 2}}, {"type": "Feature", "geometry": {"type": "Point", "coordinates": [98.9935, 18.76484]}, "properties": {"id": "cm-osm-node-4196637926", "name": "สามแมวจักรยาน", "nameTh": "สามแมวจักรยาน", "nameEn": "Triple Cats Cycle", "cat": ["transport"], "province": "cm", "slug": "triple-cats-cycle-4196637926", "rank": 4}}, {"type": "Feature", "geometry": {"type": "Point", "coordinates": [99.0418, 18.71019]}, "properties": {"id": "cm-osm-node-4087526293", "name": "สารภี", "nameTh": "สารภี", "nameEn": "Saraphi", "cat": ["transport"], "province": "cm", "slug": "saraphi-4087526293", "rank": 2}}, {"type": "Feature", "geometry": {"type": "Point", "coordinates": [99.00606, 18.78213]}, "properties": {"id": "cm-osm-node-3326560614", "name": "สุชาติ เวสป้า", "nameTh": "สุชาติ เวสป้า", "nameEn": "Suchart Vespa & Service", "cat": ["transport"], "province": "cm", "slug": "suchart-vespa-service-3326560614", "rank": 4}}, {"type": "Feature", "geometry": {"type": "Point", "coordinates": [99.00853, 18.75367]}, "properties": {"id": "cm-osm-node-6108691292", "name": "สุชาติไบค์", "nameTh": "สุชาติไบค์", "nameEn": null, "cat": ["transport"], "province": "cm", "slug": "6108691292", "rank": 1}}, {"type": "Feature", "geometry": {"type": "Point", "coordinates": [98.98331, 18.78853]}, "properties": {"id": "cm-osm-node-3907872066", "name": "สุวรรณา", "nameTh": "สุวรรณา", "nameEn": "Suwanna", "cat": ["transport"], "province": "cm", "slug": "suwanna-3907872066", "rank": 2}}, {"type": "Feature", "geometry": {"type": "Point", "coordinates": [98.36391, 17.80503]}, "properties": {"id": "cm-osm-node-2618338880", "name": "หจก. พีเค อีเลคทริค", "nameTh": "หจก. พีเค อีเลคทริค", "nameEn": "PK Electric", "cat": ["transport"], "province": "cm", "slug": "pk-electric-2618338880", "rank": 2}}, {"type": "Feature", "geometry": {"type": "Point", "coordinates": [98.98281, 18.86552]}, "properties": {"id": "cm-osm-node-3191082472", "name": "หจก.ธนพรโพธา", "nameTh": "หจก.ธนพรโพธา", "nameEn": null, "cat": ["transport"], "province": "cm", "slug": "3191082472", "rank": 2}}, {"type": "Feature", "geometry": {"type": "Point", "coordinates": [99.16839, 19.11099]}, "properties": {"id": "cm-osm-node-3485566306", "name": "หจก.อดุลย์มอเตอร์ (สำนักงานใหญ่)", "nameTh": "หจก.อดุลย์มอเตอร์ (สำนักงานใหญ่)", "nameEn": null, "cat": ["transport"], "province": "cm", "slug": "3485566306", "rank": 1}}, {"type": "Feature", "geometry": {"type": "Point", "coordinates": [99.13346, 18.91321]}, "properties": {"id": "cm-osm-node-3409869445", "name": "เข้ามาเต๊อะไบด์", "nameTh": "เข้ามาเต๊อะไบด์", "nameEn": null, "cat": ["transport"], "province": "cm", "slug": "3409869445", "rank": 2}}, {"type": "Feature", "geometry": {"type": "Point", "coordinates": [98.9608, 18.74578]}, "properties": {"id": "cm-osm-way-1371591736", "name": "เชลล์", "nameTh": "เชลล์", "nameEn": "Shell", "cat": ["transport"], "province": "cm", "slug": "shell-1371591736", "rank": 2}}, {"type": "Feature", "geometry": {"type": "Point", "coordinates": [99.04818, 18.62264]}, "properties": {"id": "cm-osm-way-244421616", "name": "เชลล์", "nameTh": "เชลล์", "nameEn": "Shell", "cat": ["transport"], "province": "cm", "slug": "shell-244421616", "rank": 3}}, {"type": "Feature", "geometry": {"type": "Point", "coordinates": [98.96635, 18.7525]}, "properties": {"id": "cm-osm-way-241405188", "name": "เชลล์ ทองธนพล สาขาสนามบิน", "nameTh": "Shell ทองธนพล สาขาสนามบิน", "nameEn": "Shell Thongthanaphon - Airport", "cat": ["transport"], "province": "cm", "slug": "shell-thongthanaphon-airport-241405188", "rank": 2}}, {"type": "Feature", "geometry": {"type": "Point", "coordinates": [99.01682, 18.78352]}, "properties": {"id": "cm-osm-node-8797855637", "name": "เชียงใหม่", "nameTh": "เชียงใหม่", "nameEn": "Chiang Mai", "cat": ["transport"], "province": "cm", "slug": "chiang-mai-8797855637", "rank": 3}}, {"type": "Feature", "geometry": {"type": "Point", "coordinates": [98.94204, 18.71657]}, "properties": {"id": "cm-osm-node-11896264076", "name": "เวิลด์แก๊ส", "nameTh": "เวิลด์แก๊ส", "nameEn": "World Gas", "cat": ["transport"], "province": "cm", "slug": "world-gas-11896264076", "rank": 2}}, {"type": "Feature", "geometry": {"type": "Point", "coordinates": [98.86672, 18.61746]}, "properties": {"id": "cm-osm-node-3382898054", "name": "เวิลด์แก๊ส", "nameTh": "เวิลด์แก๊ส", "nameEn": "World Gas", "cat": ["transport"], "province": "cm", "slug": "world-gas-3382898054", "rank": 2}}, {"type": "Feature", "geometry": {"type": "Point", "coordinates": [99.01684, 18.73524]}, "properties": {"id": "cm-osm-way-282191454", "name": "เวิลด์แก๊ส", "nameTh": "เวิลด์แก๊ส", "nameEn": "World Gas", "cat": ["transport"], "province": "cm", "slug": "world-gas-282191454", "rank": 2}}, {"type": "Feature", "geometry": {"type": "Point", "coordinates": [98.94793, 18.90672]}, "properties": {"id": "cm-osm-way-315330202", "name": "เวิลด์แก๊ส", "nameTh": "เวิลด์แก๊ส", "nameEn": "World Gas", "cat": ["transport"], "province": "cm", "slug": "world-gas-315330202", "rank": 2}}, {"type": "Feature", "geometry": {"type": "Point", "coordinates": [99.01408, 18.85679]}, "properties": {"id": "cm-osm-way-317526397", "name": "เวิลด์แก๊ส", "nameTh": "เวิลด์แก๊ส", "nameEn": "World Gas", "cat": ["transport"], "province": "cm", "slug": "world-gas-317526397", "rank": 2}}, {"type": "Feature", "geometry": {"type": "Point", "coordinates": [98.96352, 18.87203]}, "properties": {"id": "cm-osm-way-525731410", "name": "เวิลด์แก๊ส", "nameTh": "เวิลด์แก๊ส", "nameEn": "World Gas", "cat": ["transport"], "province": "cm", "slug": "world-gas-525731410", "rank": 3}}, {"type": "Feature", "geometry": {"type": "Point", "coordinates": [98.94461, 18.95938]}, "properties": {"id": "cm-osm-way-657814195", "name": "เวิลด์แก๊ส", "nameTh": "เวิลด์แก๊ส", "nameEn": "World Gas", "cat": ["transport"], "province": "cm", "slug": "world-gas-657814195", "rank": 2}}, {"type": "Feature", "geometry": {"type": "Point", "coordinates": [99.01597, 18.8711]}, "properties": {"id": "cm-osm-way-702913875", "name": "เวิลด์แก๊ส", "nameTh": "เวิลด์แก๊ส", "nameEn": "World Gas", "cat": ["transport"], "province": "cm", "slug": "world-gas-702913875", "rank": 2}}, {"type": "Feature", "geometry": {"type": "Point", "coordinates": [98.96882, 18.75716]}, "properties": {"id": "cm-osm-way-714693121", "name": "เวิลด์แก๊ส", "nameTh": "เวิลด์แก๊ส", "nameEn": "World Gas", "cat": ["transport"], "province": "cm", "slug": "world-gas-714693121", "rank": 2}}, {"type": "Feature", "geometry": {"type": "Point", "coordinates": [98.94601, 18.99903]}, "properties": {"id": "cm-osm-way-344100224", "name": "เอ็ม ออยส์", "nameTh": "เอ็ม ออยส์", "nameEn": "YM Oil", "cat": ["transport"], "province": "cm", "slug": "ym-oil-344100224", "rank": 2}}, {"type": "Feature", "geometry": {"type": "Point", "coordinates": [98.99937, 18.75881]}, "properties": {"id": "cm-osm-way-585950762", "name": "แก๊สรถยนต์", "nameTh": "แก๊สรถยนต์", "nameEn": "Kaet Rotyon", "cat": ["transport"], "province": "cm", "slug": "kaet-rotyon-585950762", "rank": 2}}, {"type": "Feature", "geometry": {"type": "Point", "coordinates": [99.0621, 18.83591]}, "properties": {"id": "cm-osm-way-382365425", "name": "แก๊สรถยนต์ รักชูก้า", "nameTh": "แก๊สรถยนต์ รักชูก้า", "nameEn": "Ratsugar LPG Station", "cat": ["transport"], "province": "cm", "slug": "ratsugar-lpg-station-382365425", "rank": 3}}, {"type": "Feature", "geometry": {"type": "Point", "coordinates": [99.04096, 18.72544]}, "properties": {"id": "cm-osm-node-6356351799", "name": "แก๊สราคากูก", "nameTh": "แก๊สราคากูก", "nameEn": "Kaet Rakha Kuk (LPG)", "cat": ["transport"], "province": "cm", "slug": "kaet-rakha-kuk-lpg-6356351799", "rank": 2}}, {"type": "Feature", "geometry": {"type": "Point", "coordinates": [98.99761, 18.79001]}, "properties": {"id": "cm-osm-way-668376834", "name": "แม่ข่าพานิช", "nameTh": "แม่ข่าพานิช", "nameEn": "Maekha Bike Shop", "cat": ["transport"], "province": "cm", "slug": "maekha-bike-shop-668376834", "rank": 2}}, {"type": "Feature", "geometry": {"type": "Point", "coordinates": [98.99785, 18.78976]}, "properties": {"id": "cm-osm-node-1013136836", "name": "แม่ข่าพาร์ทเช็นเฅวร", "nameTh": "แม่ข่าพาร์ทเช็นเฅวร", "nameEn": null, "cat": ["transport"], "province": "cm", "slug": "1013136836", "rank": 1}}, {"type": "Feature", "geometry": {"type": "Point", "coordinates": [99.0062, 18.79596]}, "properties": {"id": "cm-osm-way-205595936", "name": "แสงขัยพาณิชน์", "nameTh": "แสงขัยพาณิชน์", "nameEn": "Sangchai Panich", "cat": ["transport"], "province": "cm", "slug": "sangchai-panich-205595936", "rank": 4}}, {"type": "Feature", "geometry": {"type": "Point", "coordinates": [98.99848, 18.79056]}, "properties": {"id": "cm-osm-node-2655274610", "name": "แสงชัยธุรกิจยานยนต์", "nameTh": "แสงชัยธุรกิจยานยนต์", "nameEn": null, "cat": ["transport"], "province": "cm", "slug": "2655274610", "rank": 1}}, {"type": "Feature", "geometry": {"type": "Point", "coordinates": [98.99172, 18.82414]}, "properties": {"id": "cm-osm-node-5694361521", "name": "邻家客栈", "nameTh": null, "nameEn": "邻家客栈", "cat": ["transport"], "province": "cm", "slug": "5694361521", "rank": 1}}]}