{"type": "FeatureCollection", "features": [{"type": "Feature", "geometry": {"type": "Point", "coordinates": [98.98198, 18.7917]}, "properties": {"id": "cm-osm-node-6741683186", "name": "Buddhist temple", "nameTh": null, "nameEn": "Buddhist temple", "cat": ["wat"], "province": "cm", "slug": "buddhist-temple-6741683186", "rank": 1}}, {"type": "Feature", "geometry": {"type": "Point", "coordinates": [98.98623, 18.78175]}, "properties": {"id": "cm-osm-way-793933943", "name": "พิฆเนศวรเทวาลัย", "nameTh": "พิฆเนศวรเทวาลัย", "nameEn": "Pikanesuan Dewali", "cat": ["sights", "wat"], "province": "cm", "slug": "pikanesuan-dewali-793933943", "rank": 2}}, {"type": "Feature", "geometry": {"type": "Point", "coordinates": [98.98784, 18.78829]}, "properties": {"id": "cm-osm-node-6726115189", "name": "หอพญามังราย", "nameTh": "หอพญามังราย", "nameEn": "King Mangrai Memorial Shrine", "cat": ["sights", "wat"], "province": "cm", "slug": "king-mangrai-memorial-shrine-6726115189", "rank": 3}}, {"type": "Feature", "geometry": {"type": "Point", "coordinates": [98.98974, 18.78198]}, "properties": {"id": "cm-osm-way-809387711", "name": "1 Way Bar", "nameTh": null, "nameEn": "1 Way Bar", "cat": ["food"], "province": "cm", "slug": "1-way-bar-809387711", "rank": 1}}, {"type": "Feature", "geometry": {"type": "Point", "coordinates": [98.99271, 18.78923]}, "properties": {"id": "cm-osm-node-5021459623", "name": "16th Space", "nameTh": null, "nameEn": "16th Space", "cat": ["food"], "province": "cm", "slug": "16th-space-5021459623", "rank": 1}}, {"type": "Feature", "geometry": {"type": "Point", "coordinates": [98.98264, 18.78227]}, "properties": {"id": "cm-osm-node-6943938685", "name": "2 C’s Sons", "nameTh": null, "nameEn": "2 C’s Sons", "cat": ["food"], "province": "cm", "slug": "2-c-s-sons-6943938685", "rank": 1}}, {"type": "Feature", "geometry": {"type": "Point", "coordinates": [98.98718, 18.79427]}, "properties": {"id": "cm-osm-node-4538461689", "name": "3 จุด", "nameTh": "ป็อป แอม", "nameEn": "3 Dot", "cat": ["food"], "province": "cm", "slug": "3-dot-4538461689", "rank": 2}}, {"type": "Feature", "geometry": {"type": "Point", "coordinates": [98.99021, 18.79081]}, "properties": {"id": "cm-osm-node-4401291989", "name": "48 Garage", "nameTh": "48 Garage", "nameEn": null, "cat": ["food"], "province": "cm", "slug": "48-garage-4401291989", "rank": 1}}, {"type": "Feature", "geometry": {"type": "Point", "coordinates": [98.98027, 18.78378]}, "properties": {"id": "cm-osm-way-851996917", "name": "9 Siblings", "nameTh": null, "nameEn": "9 Siblings", "cat": ["food"], "province": "cm", "slug": "9-siblings-851996917", "rank": 1}}, {"type": "Feature", "geometry": {"type": "Point", "coordinates": [98.98543, 18.78845]}, "properties": {"id": "cm-osm-node-3134796413", "name": "92 Rachadamnoen", "nameTh": "92 ราชดำเนิน", "nameEn": "92 Rachadamnoen", "cat": ["food"], "province": "cm", "slug": "92-rachadamnoen-3134796413", "rank": 2}}, {"type": "Feature", "geometry": {"type": "Point", "coordinates": [98.98894, 18.78196]}, "properties": {"id": "cm-osm-node-4233033292", "name": "A ROI", "nameTh": "โจ๊กต้มเลือดหมู ประตูเชียงใหม่", "nameEn": "A ROI", "cat": ["food"], "province": "cm", "slug": "a-roi-4233033292", "rank": 2}}, {"type": "Feature", "geometry": {"type": "Point", "coordinates": [98.98975, 18.78205]}, "properties": {"id": "cm-osm-way-809387712", "name": "Ae's Place", "nameTh": null, "nameEn": "Ae's Place", "cat": ["food"], "province": "cm", "slug": "ae-s-place-809387712", "rank": 1}}, {"type": "Feature", "geometry": {"type": "Point", "coordinates": [98.98219, 18.79238]}, "properties": {"id": "cm-osm-node-11369869429", "name": "Air's Kitchen and Cafe", "nameTh": null, "nameEn": "Air's Kitchen and Cafe", "cat": ["food"], "province": "cm", "slug": "air-s-kitchen-and-cafe-11369869429", "rank": 2}}, {"type": "Feature", "geometry": {"type": "Point", "coordinates": [98.98974, 18.78158]}, "properties": {"id": "cm-osm-way-809387730", "name": "Airniversary Camp & Cafe", "nameTh": null, "nameEn": "Airniversary Camp & Cafe", "cat": ["food"], "province": "cm", "slug": "airniversary-camp-cafe-809387730", "rank": 3}}, {"type": "Feature", "geometry": {"type": "Point", "coordinates": [98.9926, 18.794]}, "properties": {"id": "cm-osm-node-13202532002", "name": "Akha Ama (The New Original)", "nameTh": null, "nameEn": "Akha Ama (The New Original)", "cat": ["food"], "province": "cm", "slug": "akha-ama-the-new-original-13202532002", "rank": 1}}, {"type": "Feature", "geometry": {"type": "Point", "coordinates": [98.99256, 18.79403]}, "properties": {"id": "cm-osm-node-13293742701", "name": "Akha Ama Coffee (The New Original)", "nameTh": null, "nameEn": "Akha Ama Coffee (The New Original)", "cat": ["food"], "province": "cm", "slug": "akha-ama-coffee-the-new-original-13293742701", "rank": 1}}, {"type": "Feature", "geometry": {"type": "Point", "coordinates": [98.98322, 18.78843]}, "properties": {"id": "cm-osm-node-2404044286", "name": "Akha Ama Phrasingh", "nameTh": "กาแฟอาข่าอามา (สาขา 2)", "nameEn": "Akha Ama Phrasingh", "cat": ["food"], "province": "cm", "slug": "akha-ama-phrasingh-2404044286", "rank": 4}}, {"type": "Feature", "geometry": {"type": "Point", "coordinates": [98.98655, 18.78968]}, "properties": {"id": "cm-osm-node-7057978185", "name": "All about yoghurt", "nameTh": null, "nameEn": "All about yoghurt", "cat": ["food"], "province": "cm", "slug": "all-about-yoghurt-7057978185", "rank": 1}}, {"type": "Feature", "geometry": {"type": "Point", "coordinates": [98.98834, 18.78663]}, "properties": {"id": "cm-osm-node-7023416227", "name": "Allway", "nameTh": null, "nameEn": "Allway", "cat": ["food"], "province": "cm", "slug": "allway-7023416227", "rank": 1}}, {"type": "Feature", "geometry": {"type": "Point", "coordinates": [98.9882, 18.78669]}, "properties": {"id": "cm-osm-node-6975613485", "name": "Allway Café", "nameTh": null, "nameEn": "Allway Café", "cat": ["food"], "province": "cm", "slug": "allway-caf-6975613485", "rank": 1}}, {"type": "Feature", "geometry": {"type": "Point", "coordinates": [98.99235, 18.7851]}, "properties": {"id": "cm-osm-node-11515561369", "name": "Am. Tony Antique Shop & Coffee", "nameTh": null, "nameEn": "Am. Tony Antique Shop & Coffee", "cat": ["food"], "province": "cm", "slug": "am-tony-antique-shop-coffee-11515561369", "rank": 1}}, {"type": "Feature", "geometry": {"type": "Point", "coordinates": [98.98866, 18.78316]}, "properties": {"id": "cm-osm-node-4550107896", "name": "Amazing alleyway", "nameTh": null, "nameEn": "Amazing alleyway", "cat": ["food"], "province": "cm", "slug": "amazing-alleyway-4550107896", "rank": 1}}, {"type": "Feature", "geometry": {"type": "Point", "coordinates": [98.98279, 18.78941]}, "properties": {"id": "cm-osm-node-12311208023", "name": "Anatolia Old Town", "nameTh": null, "nameEn": "Anatolia Old Town", "cat": ["food"], "province": "cm", "slug": "anatolia-old-town-12311208023", "rank": 1}}, {"type": "Feature", "geometry": {"type": "Point", "coordinates": [98.99187, 18.78993]}, "properties": {"id": "cm-osm-node-2411251055", "name": "Angel's Secrets", "nameTh": null, "nameEn": "Angel's Secrets", "cat": ["food"], "province": "cm", "slug": "angel-s-secrets-2411251055", "rank": 3}}, {"type": "Feature", "geometry": {"type": "Point", "coordinates": [98.99231, 18.79389]}, "properties": {"id": "cm-osm-node-6300350485", "name": "Angie's place", "nameTh": null, "nameEn": "Angie's place", "cat": ["food"], "province": "cm", "slug": "angie-s-place-6300350485", "rank": 1}}, {"type": "Feature", "geometry": {"type": "Point", "coordinates": [98.98999, 18.79003]}, "properties": {"id": "cm-osm-node-13758005201", "name": "Annies Restaurant", "nameTh": null, "nameEn": "Annies Restaurant", "cat": ["food"], "province": "cm", "slug": "annies-restaurant-13758005201", "rank": 1}}, {"type": "Feature", "geometry": {"type": "Point", "coordinates": [98.98022, 18.78805]}, "properties": {"id": "cm-osm-node-3388703311", "name": "Aom Am", "nameTh": null, "nameEn": "Aom Am", "cat": ["food"], "province": "cm", "slug": "aom-am-3388703311", "rank": 1}}, {"type": "Feature", "geometry": {"type": "Point", "coordinates": [98.99002, 18.78998]}, "properties": {"id": "cm-osm-node-2662194563", "name": "Archers", "nameTh": null, "nameEn": "Archers", "cat": ["food"], "province": "cm", "slug": "archers-2662194563", "rank": 3}}, {"type": "Feature", "geometry": {"type": "Point", "coordinates": [98.99053, 18.78485]}, "properties": {"id": "cm-osm-node-5493659827", "name": "Arno's", "nameTh": null, "nameEn": "Arno's", "cat": ["food"], "province": "cm", "slug": "arno-s-5493659827", "rank": 1}}, {"type": "Feature", "geometry": {"type": "Point", "coordinates": [98.98645, 18.79077]}, "properties": {"id": "cm-osm-node-4655281093", "name": "Artisan", "nameTh": null, "nameEn": "Artisan", "cat": ["food"], "province": "cm", "slug": "artisan-4655281093", "rank": 1}}, {"type": "Feature", "geometry": {"type": "Point", "coordinates": [98.98607, 18.78643]}, "properties": {"id": "cm-osm-node-6018778386", "name": "Asaksa cafe", "nameTh": "Araksa cafe", "nameEn": null, "cat": ["food"], "province": "cm", "slug": "araksa-cafe-6018778386", "rank": 1}}, {"type": "Feature", "geometry": {"type": "Point", "coordinates": [98.99135, 18.79048]}, "properties": {"id": "cm-osm-node-13088539301", "name": "Aunty's Corner", "nameTh": null, "nameEn": "Aunty's Corner", "cat": ["food"], "province": "cm", "slug": "aunty-s-corner-13088539301", "rank": 3}}, {"type": "Feature", "geometry": {"type": "Point", "coordinates": [98.99086, 18.78833]}, "properties": {"id": "cm-osm-node-6126495085", "name": "B-waff Belgian specialities", "nameTh": null, "nameEn": "B-waff Belgian specialities", "cat": ["food"], "province": "cm", "slug": "b-waff-belgian-specialities-6126495085", "rank": 3}}, {"type": "Feature", "geometry": {"type": "Point", "coordinates": [98.99212, 18.78417]}, "properties": {"id": "cm-osm-node-6271731252", "name": "BS Bar", "nameTh": null, "nameEn": "BS Bar", "cat": ["food"], "province": "cm", "slug": "bs-bar-6271731252", "rank": 1}}, {"type": "Feature", "geometry": {"type": "Point", "coordinates": [98.98311, 18.78867]}, "properties": {"id": "cm-osm-node-7005708718", "name": "Baan Buri Cafe & Restaurant", "nameTh": null, "nameEn": "Baan Buri Cafe & Restaurant", "cat": ["food"], "province": "cm", "slug": "baan-buri-cafe-restaurant-7005708718", "rank": 2}}, {"type": "Feature", "geometry": {"type": "Point", "coordinates": [98.98741, 18.7941]}, "properties": {"id": "cm-osm-node-4706354432", "name": "Baan landai fine thaï cuisine", "nameTh": null, "nameEn": "Baan landai fine thaï cuisine", "cat": ["food"], "province": "cm", "slug": "baan-landai-fine-tha-cuisine-4706354432", "rank": 2}}, {"type": "Feature", "geometry": {"type": "Point", "coordinates": [98.99043, 18.79122]}, "properties": {"id": "cm-osm-node-1491288259", "name": "Babylon Bar", "nameTh": "Pentatonic Rock Bar", "nameEn": "Babylon Bar", "cat": ["food"], "province": "cm", "slug": "babylon-bar-1491288259", "rank": 2}}, {"type": "Feature", "geometry": {"type": "Point", "coordinates": [98.98995, 18.79472]}, "properties": {"id": "cm-osm-node-3371585452", "name": "Bamboo Bee", "nameTh": null, "nameEn": "Bamboo Bee", "cat": ["food"], "province": "cm", "slug": "bamboo-bee-3371585452", "rank": 2}}, {"type": "Feature", "geometry": {"type": "Point", "coordinates": [98.99002, 18.79009]}, "properties": {"id": "cm-osm-node-4506190889", "name": "Bamboo cofe co", "nameTh": null, "nameEn": "Bamboo cofe co", "cat": ["food"], "province": "cm", "slug": "bamboo-cofe-co-4506190889", "rank": 1}}, {"type": "Feature", "geometry": {"type": "Point", "coordinates": [98.99202, 18.78426]}, "properties": {"id": "cm-osm-node-6271727867", "name": "Banh Mi", "nameTh": null, "nameEn": "Banh Mi", "cat": ["food"], "province": "cm", "slug": "banh-mi-6271727867", "rank": 1}}, {"type": "Feature", "geometry": {"type": "Point", "coordinates": [98.98262, 18.79365]}, "properties": {"id": "cm-osm-node-6403539988", "name": "Barneo Dessert Bar", "nameTh": null, "nameEn": "Barneo Dessert Bar", "cat": ["food"], "province": "cm", "slug": "barneo-dessert-bar-6403539988", "rank": 1}}, {"type": "Feature", "geometry": {"type": "Point", "coordinates": [98.99096, 18.79229]}, "properties": {"id": "cm-osm-node-5207893922", "name": "Bart", "nameTh": null, "nameEn": "Bart", "cat": ["food"], "province": "cm", "slug": "bart-5207893922", "rank": 1}}, {"type": "Feature", "geometry": {"type": "Point", "coordinates": [98.99099, 18.79221]}, "properties": {"id": "cm-osm-node-5192931721", "name": "Bart Coffe", "nameTh": null, "nameEn": "Bart Coffe", "cat": ["food"], "province": "cm", "slug": "bart-coffe-5192931721", "rank": 2}}, {"type": "Feature", "geometry": {"type": "Point", "coordinates": [98.99039, 18.78359]}, "properties": {"id": "cm-osm-node-6267822991", "name": "Beam", "nameTh": null, "nameEn": "Beam", "cat": ["food"], "province": "cm", "slug": "beam-6267822991", "rank": 1}}, {"type": "Feature", "geometry": {"type": "Point", "coordinates": [98.98305, 18.78285]}, "properties": {"id": "cm-osm-node-3384130417", "name": "Before Kick Off", "nameTh": null, "nameEn": "Before Kick Off", "cat": ["food"], "province": "cm", "slug": "before-kick-off-3384130417", "rank": 1}}, {"type": "Feature", "geometry": {"type": "Point", "coordinates": [98.98216, 18.7854]}, "properties": {"id": "cm-osm-node-4965393021", "name": "Best Kitchen", "nameTh": null, "nameEn": "Best Kitchen", "cat": ["food"], "province": "cm", "slug": "best-kitchen-4965393021", "rank": 2}}, {"type": "Feature", "geometry": {"type": "Point", "coordinates": [98.98579, 18.78822]}, "properties": {"id": "cm-osm-node-5541689721", "name": "Big Brother Restaurant", "nameTh": null, "nameEn": "Big Brother Restaurant", "cat": ["food"], "province": "cm", "slug": "big-brother-restaurant-5541689721", "rank": 1}}, {"type": "Feature", "geometry": {"type": "Point", "coordinates": [98.98253, 18.78352]}, "properties": {"id": "cm-osm-way-406417296", "name": "Bird Forest Tea Gallery", "nameTh": null, "nameEn": "Bird Forest Tea Gallery", "cat": ["food"], "province": "cm", "slug": "bird-forest-tea-gallery-406417296", "rank": 1}}, {"type": "Feature", "geometry": {"type": "Point", "coordinates": [98.98017, 18.7928]}, "properties": {"id": "cm-osm-way-623146118", "name": "Bird's Nest Cafe", "nameTh": null, "nameEn": "Bird's Nest Cafe", "cat": ["food"], "province": "cm", "slug": "bird-s-nest-cafe-623146118", "rank": 3}}, {"type": "Feature", "geometry": {"type": "Point", "coordinates": [98.99052, 18.78531]}, "properties": {"id": "cm-osm-node-5211480124", "name": "Biscuit Shop", "nameTh": null, "nameEn": "Biscuit Shop", "cat": ["food"], "province": "cm", "slug": "biscuit-shop-5211480124", "rank": 1}}, {"type": "Feature", "geometry": {"type": "Point", "coordinates": [98.98217, 18.78683]}, "properties": {"id": "cm-osm-node-5203532422", "name": "Bistro Terrace", "nameTh": null, "nameEn": "Bistro Terrace", "cat": ["food"], "province": "cm", "slug": "bistro-terrace-5203532422", "rank": 1}}, {"type": "Feature", "geometry": {"type": "Point", "coordinates": [98.98169, 18.78195]}, "properties": {"id": "cm-osm-node-9810743217", "name": "Bitter Truth Bar", "nameTh": null, "nameEn": "Bitter Truth Bar", "cat": ["food"], "province": "cm", "slug": "bitter-truth-bar-9810743217", "rank": 1}}, {"type": "Feature", "geometry": {"type": "Point", "coordinates": [98.98163, 18.78297]}, "properties": {"id": "cm-osm-node-12306896388", "name": "Bloomin' Moon", "nameTh": null, "nameEn": "Bloomin' Moon", "cat": ["food"], "province": "cm", "slug": "bloomin-moon-12306896388", "rank": 2}}, {"type": "Feature", "geometry": {"type": "Point", "coordinates": [98.9845, 18.78857]}, "properties": {"id": "cm-osm-node-13959574618", "name": "Blue Coffee", "nameTh": null, "nameEn": "Blue Coffee", "cat": ["food"], "province": "cm", "slug": "blue-coffee-13959574618", "rank": 1}}, {"type": "Feature", "geometry": {"type": "Point", "coordinates": [98.98869, 18.78825]}, "properties": {"id": "cm-osm-node-5987644570", "name": "Blue Coffee", "nameTh": null, "nameEn": "Blue Coffee", "cat": ["food"], "province": "cm", "slug": "blue-coffee-5987644570", "rank": 1}}, {"type": "Feature", "geometry": {"type": "Point", "coordinates": [98.99142, 18.7939]}, "properties": {"id": "cm-osm-way-259707860", "name": "Blue Diamond The Breakfast Club", "nameTh": null, "nameEn": "Blue Diamond The Breakfast Club", "cat": ["food"], "province": "cm", "slug": "blue-diamond-the-breakfast-club-259707860", "rank": 3}}, {"type": "Feature", "geometry": {"type": "Point", "coordinates": [98.99019, 18.7875]}, "properties": {"id": "cm-osm-node-4716535390", "name": "Blue Noodle Shop", "nameTh": null, "nameEn": "Blue Noodle Shop", "cat": ["food"], "province": "cm", "slug": "blue-noodle-shop-4716535390", "rank": 2}}, {"type": "Feature", "geometry": {"type": "Point", "coordinates": [98.99288, 18.78594]}, "properties": {"id": "cm-osm-node-5119166721", "name": "Board game cafe", "nameTh": null, "nameEn": "Board game cafe", "cat": ["food"], "province": "cm", "slug": "board-game-cafe-5119166721", "rank": 1}}, {"type": "Feature", "geometry": {"type": "Point", "coordinates": [98.99147, 18.78603]}, "properties": {"id": "cm-osm-node-3957108529", "name": "Bodhi Tree 1 Café", "nameTh": null, "nameEn": "Bodhi Tree 1 Café", "cat": ["food"], "province": "cm", "slug": "bodhi-tree-1-caf-3957108529", "rank": 1}}, {"type": "Feature", "geometry": {"type": "Point", "coordinates": [98.99106, 18.78916]}, "properties": {"id": "cm-osm-node-4925330150", "name": "Bodhi Tree Cafe", "nameTh": null, "nameEn": "Bodhi Tree Cafe", "cat": ["food"], "province": "cm", "slug": "bodhi-tree-cafe-4925330150", "rank": 1}}, {"type": "Feature", "geometry": {"type": "Point", "coordinates": [98.98413, 18.78953]}, "properties": {"id": "cm-osm-node-5613364523", "name": "Brain awake coworking space", "nameTh": null, "nameEn": "Brain awake coworking space", "cat": ["business", "food"], "province": "cm", "slug": "brain-awake-coworking-space-5613364523", "rank": 1}}, {"type": "Feature", "geometry": {"type": "Point", "coordinates": [98.99159, 18.784]}, "properties": {"id": "cm-osm-node-6388824985", "name": "Breakfast World", "nameTh": null, "nameEn": "Breakfast World", "cat": ["food"], "province": "cm", "slug": "breakfast-world-6388824985", "rank": 1}}, {"type": "Feature", "geometry": {"type": "Point", "coordinates": [98.99167, 18.78299]}, "properties": {"id": "cm-osm-node-6265207321", "name": "Broken Dreams", "nameTh": null, "nameEn": "Broken Dreams", "cat": ["food"], "province": "cm", "slug": "broken-dreams-6265207321", "rank": 1}}, {"type": "Feature", "geometry": {"type": "Point", "coordinates": [98.98273, 18.78839]}, "properties": {"id": "cm-osm-node-4961026130", "name": "Brown Rice Organic Cafe", "nameTh": null, "nameEn": "Brown Rice Organic Cafe", "cat": ["food"], "province": "cm", "slug": "brown-rice-organic-cafe-4961026130", "rank": 1}}, {"type": "Feature", "geometry": {"type": "Point", "coordinates": [98.99177, 18.78536]}, "properties": {"id": "cm-osm-node-5285570522", "name": "Bubbles Live organic Restaurant", "nameTh": null, "nameEn": "Bubbles Live organic Restaurant", "cat": ["food"], "province": "cm", "slug": "bubbles-live-organic-restaurant-5285570522", "rank": 1}}, {"type": "Feature", "geometry": {"type": "Point", "coordinates": [98.98122, 18.78175]}, "properties": {"id": "cm-osm-node-10301639809", "name": "Bumrungburi BRB Cafe", "nameTh": null, "nameEn": "Bumrungburi BRB Cafe", "cat": ["food"], "province": "cm", "slug": "bumrungburi-brb-cafe-10301639809", "rank": 1}}, {"type": "Feature", "geometry": {"type": "Point", "coordinates": [98.99308, 18.79034]}, "properties": {"id": "cm-osm-node-3624377794", "name": "Burgers & Springrolls", "nameTh": null, "nameEn": "Burgers & Springrolls", "cat": ["food"], "province": "cm", "slug": "burgers-springrolls-3624377794", "rank": 2}}, {"type": "Feature", "geometry": {"type": "Point", "coordinates": [98.98621, 18.79348]}, "properties": {"id": "cm-osm-node-6728843986", "name": "Burkta Cafe", "nameTh": null, "nameEn": "Burkta Cafe", "cat": ["food"], "province": "cm", "slug": "burkta-cafe-6728843986", "rank": 1}}, {"type": "Feature", "geometry": {"type": "Point", "coordinates": [98.99114, 18.79286]}, "properties": {"id": "cm-osm-node-2610448151", "name": "By Hand Pizza Cafe", "nameTh": null, "nameEn": "By Hand Pizza Cafe", "cat": ["food"], "province": "cm", "slug": "by-hand-pizza-cafe-2610448151", "rank": 2}}, {"type": "Feature", "geometry": {"type": "Point", "coordinates": [98.99158, 18.78302]}, "properties": {"id": "cm-osm-way-787905636", "name": "C U Corner", "nameTh": null, "nameEn": "C U Corner", "cat": ["food"], "province": "cm", "slug": "c-u-corner-787905636", "rank": 1}}, {"type": "Feature", "geometry": {"type": "Point", "coordinates": [98.99177, 18.78297]}, "properties": {"id": "cm-osm-node-6265198592", "name": "CM Smoothie House", "nameTh": null, "nameEn": "CM Smoothie House", "cat": ["food"], "province": "cm", "slug": "cm-smoothie-house-6265198592", "rank": 1}}, {"type": "Feature", "geometry": {"type": "Point", "coordinates": [98.97919, 18.78894]}, "properties": {"id": "cm-osm-node-13358886355", "name": "CNX Bar", "nameTh": null, "nameEn": "CNX Bar", "cat": ["food"], "province": "cm", "slug": "cnx-bar-13358886355", "rank": 1}}, {"type": "Feature", "geometry": {"type": "Point", "coordinates": [98.99219, 18.79276]}, "properties": {"id": "cm-osm-node-3369623290", "name": "Cafe Arte", "nameTh": null, "nameEn": "Cafe Arte", "cat": ["food"], "province": "cm", "slug": "cafe-arte-3369623290", "rank": 1}}, {"type": "Feature", "geometry": {"type": "Point", "coordinates": [98.98259, 18.78767]}, "properties": {"id": "cm-osm-node-7023395505", "name": "Cafe De Maross", "nameTh": null, "nameEn": "Cafe De Maross", "cat": ["food"], "province": "cm", "slug": "cafe-de-maross-7023395505", "rank": 1}}, {"type": "Feature", "geometry": {"type": "Point", "coordinates": [98.98848, 18.78547]}, "properties": {"id": "cm-osm-node-1006843145", "name": "Cafe de Thaan Aoan", "nameTh": null, "nameEn": "Cafe de Thaan Aoan", "cat": ["food"], "province": "cm", "slug": "cafe-de-thaan-aoan-1006843145", "rank": 2}}, {"type": "Feature", "geometry": {"type": "Point", "coordinates": [98.98189, 18.79489]}, "properties": {"id": "cm-osm-node-7794425963", "name": "Café Rom-D", "nameTh": null, "nameEn": "Café Rom-D", "cat": ["food"], "province": "cm", "slug": "caf-rom-d-7794425963", "rank": 2}}, {"type": "Feature", "geometry": {"type": "Point", "coordinates": [98.9883, 18.78992]}, "properties": {"id": "cm-osm-node-3287033149", "name": "Café de Museum", "nameTh": null, "nameEn": "Café de Museum", "cat": ["food"], "province": "cm", "slug": "caf-de-museum-3287033149", "rank": 1}}, {"type": "Feature", "geometry": {"type": "Point", "coordinates": [98.99005, 18.79391]}, "properties": {"id": "cm-osm-node-4538459583", "name": "Casa", "nameTh": null, "nameEn": "Casa", "cat": ["food"], "province": "cm", "slug": "casa-4538459583", "rank": 2}}, {"type": "Feature", "geometry": {"type": "Point", "coordinates": [98.9788, 18.78579]}, "properties": {"id": "cm-osm-node-2631133180", "name": "Casa Diverso", "nameTh": null, "nameEn": "Casa Diverso", "cat": ["food"], "province": "cm", "slug": "casa-diverso-2631133180", "rank": 3}}, {"type": "Feature", "geometry": {"type": "Point", "coordinates": [98.99162, 18.78298]}, "properties": {"id": "cm-osm-way-1225640285", "name": "Center Bar", "nameTh": null, "nameEn": "Center Bar", "cat": ["food"], "province": "cm", "slug": "center-bar-1225640285", "rank": 1}}, {"type": "Feature", "geometry": {"type": "Point", "coordinates": [98.98763, 18.78212]}, "properties": {"id": "cm-osm-node-7161802785", "name": "Cha Malay - Café @ Garage", "nameTh": null, "nameEn": "Cha Malay - Café @ Garage", "cat": ["food"], "province": "cm", "slug": "cha-malay-caf-garage-7161802785", "rank": 3}}, {"type": "Feature", "geometry": {"type": "Point", "coordinates": [98.99043, 18.78637]}, "properties": {"id": "cm-osm-node-9872196618", "name": "Chada Vegetarian", "nameTh": null, "nameEn": "Chada Vegetarian", "cat": ["food"], "province": "cm", "slug": "chada-vegetarian-9872196618", "rank": 2}}, {"type": "Feature", "geometry": {"type": "Point", "coordinates": [98.98844, 18.78622]}, "properties": {"id": "cm-osm-node-6352082109", "name": "Chala no6", "nameTh": null, "nameEn": "Chala no6", "cat": ["food"], "province": "cm", "slug": "chala-no6-6352082109", "rank": 1}}, {"type": "Feature", "geometry": {"type": "Point", "coordinates": [98.98623, 18.78826]}, "properties": {"id": "cm-osm-node-7178932385", "name": "Chanya’s", "nameTh": null, "nameEn": "Chanya’s", "cat": ["food"], "province": "cm", "slug": "chanya-s-7178932385", "rank": 1}}, {"type": "Feature", "geometry": {"type": "Point", "coordinates": [98.99121, 18.79426]}, "properties": {"id": "cm-osm-way-256266491", "name": "Chaochau", "nameTh": null, "nameEn": "Chaochau", "cat": ["food"], "province": "cm", "slug": "chaochau-256266491", "rank": 3}}, {"type": "Feature", "geometry": {"type": "Point", "coordinates": [98.98654, 18.7932]}, "properties": {"id": "cm-osm-node-13386088901", "name": "Cheesetober", "nameTh": null, "nameEn": "Cheesetober", "cat": ["food"], "province": "cm", "slug": "cheesetober-13386088901", "rank": 1}}, {"type": "Feature", "geometry": {"type": "Point", "coordinates": [98.9899, 18.79314]}, "properties": {"id": "cm-osm-node-9784520619", "name": "Chef Tao’s Thai Cuisine", "nameTh": null, "nameEn": "Chef Tao’s Thai Cuisine", "cat": ["food"], "province": "cm", "slug": "chef-tao-s-thai-cuisine-9784520619", "rank": 2}}, {"type": "Feature", "geometry": {"type": "Point", "coordinates": [98.99264, 18.78454]}, "properties": {"id": "cm-osm-node-11662115960", "name": "Chiang Mai Pub Crawl", "nameTh": null, "nameEn": "Chiang Mai Pub Crawl", "cat": ["food"], "province": "cm", "slug": "chiang-mai-pub-crawl-11662115960", "rank": 2}}, {"type": "Feature", "geometry": {"type": "Point", "coordinates": [98.99123, 18.79064]}, "properties": {"id": "cm-osm-node-1147255701", "name": "Chiang Mai Saloon", "nameTh": null, "nameEn": "Chiang Mai Saloon", "cat": ["food"], "province": "cm", "slug": "chiang-mai-saloon-1147255701", "rank": 1}}, {"type": "Feature", "geometry": {"type": "Point", "coordinates": [98.99024, 18.79101]}, "properties": {"id": "cm-osm-node-1491288849", "name": "Chiang Mai Tea House", "nameTh": null, "nameEn": "Chiang Mai Tea House", "cat": ["food"], "province": "cm", "slug": "chiang-mai-tea-house-1491288849", "rank": 1}}, {"type": "Feature", "geometry": {"type": "Point", "coordinates": [98.98989, 18.79291]}, "properties": {"id": "cm-osm-node-4623315319", "name": "Chiang chang", "nameTh": "Chiang chang", "nameEn": null, "cat": ["food"], "province": "cm", "slug": "chiang-chang-4623315319", "rank": 1}}, {"type": "Feature", "geometry": {"type": "Point", "coordinates": [98.99171, 18.78414]}, "properties": {"id": "cm-osm-node-4149593989", "name": "ChiangMai Breakfast World", "nameTh": null, "nameEn": "ChiangMai Breakfast World", "cat": ["food"], "province": "cm", "slug": "chiangmai-breakfast-world-4149593989", "rank": 2}}, {"type": "Feature", "geometry": {"type": "Point", "coordinates": [98.97894, 18.78397]}, "properties": {"id": "cm-osm-node-3388711769", "name": "Chiangdao Valley", "nameTh": null, "nameEn": "Chiangdao Valley", "cat": ["food"], "province": "cm", "slug": "chiangdao-valley-3388711769", "rank": 1}}, {"type": "Feature", "geometry": {"type": "Point", "coordinates": [98.9921, 18.78423]}, "properties": {"id": "cm-osm-node-10195996812", "name": "Chicken Embassy", "nameTh": null, "nameEn": "Chicken Embassy", "cat": ["food"], "province": "cm", "slug": "chicken-embassy-10195996812", "rank": 2}}, {"type": "Feature", "geometry": {"type": "Point", "coordinates": [98.98605, 18.79066]}, "properties": {"id": "cm-osm-node-5671134021", "name": "Chuan Chom", "nameTh": null, "nameEn": "Chuan Chom", "cat": ["food"], "province": "cm", "slug": "chuan-chom-5671134021", "rank": 1}}, {"type": "Feature", "geometry": {"type": "Point", "coordinates": [98.9838, 18.78971]}, "properties": {"id": "cm-osm-node-12632519001", "name": "Chum northern cuisine", "nameTh": "ชม", "nameEn": "Chum northern cuisine", "cat": ["food"], "province": "cm", "slug": "chum-northern-cuisine-12632519001", "rank": 3}}, {"type": "Feature", "geometry": {"type": "Point", "coordinates": [98.98715, 18.7946]}, "properties": {"id": "cm-osm-node-4358639392", "name": "Churn", "nameTh": null, "nameEn": "Churn", "cat": ["food"], "province": "cm", "slug": "churn-4358639392", "rank": 1}}, {"type": "Feature", "geometry": {"type": "Point", "coordinates": [98.99182, 18.79037]}, "properties": {"id": "cm-osm-node-1491320808", "name": "City Cafe", "nameTh": null, "nameEn": "City Cafe", "cat": ["food"], "province": "cm", "slug": "city-cafe-1491320808", "rank": 2}}, {"type": "Feature", "geometry": {"type": "Point", "coordinates": [98.99328, 18.79401]}, "properties": {"id": "cm-osm-node-4293956289", "name": "Classic Burger", "nameTh": null, "nameEn": "Classic Burger", "cat": ["food"], "province": "cm", "slug": "classic-burger-4293956289", "rank": 1}}, {"type": "Feature", "geometry": {"type": "Point", "coordinates": [98.98728, 18.78216]}, "properties": {"id": "cm-osm-node-3440864915", "name": "Clay Studio Café", "nameTh": null, "nameEn": "Clay Studio Café", "cat": ["food"], "province": "cm", "slug": "clay-studio-caf-3440864915", "rank": 2}}, {"type": "Feature", "geometry": {"type": "Point", "coordinates": [98.98885, 18.78159]}, "properties": {"id": "cm-osm-node-7023419521", "name": "Coco Cafe", "nameTh": null, "nameEn": "Coco Cafe", "cat": ["food"], "province": "cm", "slug": "coco-cafe-7023419521", "rank": 1}}, {"type": "Feature", "geometry": {"type": "Point", "coordinates": [98.99081, 18.78543]}, "properties": {"id": "cm-osm-node-3986543973", "name": "Coconut Shell", "nameTh": "Coconut Shell, los mejores batidos del mundo", "nameEn": "Coconut Shell", "cat": ["food"], "province": "cm", "slug": "coconut-shell-3986543973", "rank": 2}}, {"type": "Feature", "geometry": {"type": "Point", "coordinates": [98.9889, 18.79453]}, "properties": {"id": "cm-osm-node-4706095492", "name": "Coffee And More", "nameTh": null, "nameEn": "Coffee And More", "cat": ["food"], "province": "cm", "slug": "coffee-and-more-4706095492", "rank": 1}}, {"type": "Feature", "geometry": {"type": "Point", "coordinates": [98.99147, 18.791]}, "properties": {"id": "cm-osm-node-1133608908", "name": "Coffee Bar", "nameTh": null, "nameEn": "North Mountain Coffee", "cat": ["food"], "province": "cm", "slug": "north-mountain-coffee-1133608908", "rank": 1}}, {"type": "Feature", "geometry": {"type": "Point", "coordinates": [98.9876, 18.78557]}, "properties": {"id": "cm-osm-node-1107234875", "name": "Coffee Bull", "nameTh": null, "nameEn": "Coffee Bull", "cat": ["food"], "province": "cm", "slug": "coffee-bull-1107234875", "rank": 2}}, {"type": "Feature", "geometry": {"type": "Point", "coordinates": [98.9875, 18.78566]}, "properties": {"id": "cm-osm-node-4129821990", "name": "Coffee Cop", "nameTh": null, "nameEn": "Coffee Cop", "cat": ["food"], "province": "cm", "slug": "coffee-cop-4129821990", "rank": 1}}, {"type": "Feature", "geometry": {"type": "Point", "coordinates": [98.98316, 18.78566]}, "properties": {"id": "cm-osm-node-3384100280", "name": "Coffee Lovers", "nameTh": null, "nameEn": "Coffee Lovers", "cat": ["food"], "province": "cm", "slug": "coffee-lovers-3384100280", "rank": 2}}, {"type": "Feature", "geometry": {"type": "Point", "coordinates": [98.99124, 18.78953]}, "properties": {"id": "cm-osm-node-5626559221", "name": "Coffee Plus", "nameTh": null, "nameEn": "Coffee Plus", "cat": ["food"], "province": "cm", "slug": "coffee-plus-5626559221", "rank": 2}}, {"type": "Feature", "geometry": {"type": "Point", "coordinates": [98.98169, 18.7836]}, "properties": {"id": "cm-osm-node-5702387255", "name": "Coffee Station", "nameTh": null, "nameEn": "Coffee Station", "cat": ["food"], "province": "cm", "slug": "coffee-station-5702387255", "rank": 1}}, {"type": "Feature", "geometry": {"type": "Point", "coordinates": [98.99002, 18.79024]}, "properties": {"id": "cm-osm-node-6433469585", "name": "Coffee Telling", "nameTh": null, "nameEn": "Coffee Telling", "cat": ["food"], "province": "cm", "slug": "coffee-telling-6433469585", "rank": 1}}, {"type": "Feature", "geometry": {"type": "Point", "coordinates": [98.98979, 18.78723]}, "properties": {"id": "cm-osm-node-2466333305", "name": "Coffee in Narrow", "nameTh": null, "nameEn": "Coffee in Narrow", "cat": ["food"], "province": "cm", "slug": "coffee-in-narrow-2466333305", "rank": 1}}, {"type": "Feature", "geometry": {"type": "Point", "coordinates": [98.99252, 18.78801]}, "properties": {"id": "cm-osm-node-4917004725", "name": "Colour Bistro", "nameTh": null, "nameEn": "Colour Bistro", "cat": ["food"], "province": "cm", "slug": "colour-bistro-4917004725", "rank": 1}}, {"type": "Feature", "geometry": {"type": "Point", "coordinates": [98.99019, 18.79234]}, "properties": {"id": "cm-osm-node-4559427489", "name": "Come on coffe", "nameTh": null, "nameEn": "Come on coffe", "cat": ["food"], "province": "cm", "slug": "come-on-coffe-4559427489", "rank": 1}}, {"type": "Feature", "geometry": {"type": "Point", "coordinates": [98.98967, 18.79304]}, "properties": {"id": "cm-osm-node-4608105019", "name": "Cook with Love", "nameTh": null, "nameEn": "Cook with Love", "cat": ["food"], "province": "cm", "slug": "cook-with-love-4608105019", "rank": 1}}, {"type": "Feature", "geometry": {"type": "Point", "coordinates": [98.99236, 18.78909]}, "properties": {"id": "cm-osm-node-3385473023", "name": "Cooking Love", "nameTh": null, "nameEn": "Cooking Love", "cat": ["cooking", "food"], "province": "cm", "slug": "cooking-love-3385473023", "rank": 1}}, {"type": "Feature", "geometry": {"type": "Point", "coordinates": [98.99157, 18.79219]}, "properties": {"id": "cm-osm-node-7106483588", "name": "Cooking love", "nameTh": null, "nameEn": "Cooking love", "cat": ["cooking", "food"], "province": "cm", "slug": "cooking-love-7106483588", "rank": 1}}, {"type": "Feature", "geometry": {"type": "Point", "coordinates": [98.98213, 18.79141]}, "properties": {"id": "cm-osm-node-6174927887", "name": "Corner Bar", "nameTh": null, "nameEn": "Corner Bar", "cat": ["food"], "province": "cm", "slug": "corner-bar-6174927887", "rank": 3}}, {"type": "Feature", "geometry": {"type": "Point", "coordinates": [98.98203, 18.79304]}, "properties": {"id": "cm-osm-node-5212189221", "name": "Corner kitchen cafe", "nameTh": null, "nameEn": "Corner kitchen cafe", "cat": ["food"], "province": "cm", "slug": "corner-kitchen-cafe-5212189221", "rank": 1}}, {"type": "Feature", "geometry": {"type": "Point", "coordinates": [98.99226, 18.79199]}, "properties": {"id": "cm-osm-node-4677743096", "name": "Craffity", "nameTh": null, "nameEn": "Craffity", "cat": ["food"], "province": "cm", "slug": "craffity-4677743096", "rank": 2}}, {"type": "Feature", "geometry": {"type": "Point", "coordinates": [98.9893, 18.78798]}, "properties": {"id": "cm-osm-node-3908107541", "name": "D Bistro", "nameTh": null, "nameEn": "D Bistro", "cat": ["food"], "province": "cm", "slug": "d-bistro-3908107541", "rank": 1}}, {"type": "Feature", "geometry": {"type": "Point", "coordinates": [98.99274, 18.79176]}, "properties": {"id": "cm-osm-node-2636161834", "name": "Da's Home Bakery", "nameTh": null, "nameEn": "Da's Home Bakery", "cat": ["food"], "province": "cm", "slug": "da-s-home-bakery-2636161834", "rank": 2}}, {"type": "Feature", "geometry": {"type": "Point", "coordinates": [98.99303, 18.79175]}, "properties": {"id": "cm-osm-node-4423154795", "name": "Da's Home Bakery", "nameTh": null, "nameEn": "Da's Home Bakery", "cat": ["food"], "province": "cm", "slug": "da-s-home-bakery-4423154795", "rank": 1}}, {"type": "Feature", "geometry": {"type": "Point", "coordinates": [98.99262, 18.78523]}, "properties": {"id": "cm-osm-node-4929780921", "name": "Dada Cafe", "nameTh": null, "nameEn": "Dada Cafe", "cat": ["food"], "province": "cm", "slug": "dada-cafe-4929780921", "rank": 1}}, {"type": "Feature", "geometry": {"type": "Point", "coordinates": [98.98994, 18.79438]}, "properties": {"id": "cm-osm-node-6195852585", "name": "Dark roast", "nameTh": null, "nameEn": "Dark roast", "cat": ["food"], "province": "cm", "slug": "dark-roast-6195852585", "rank": 1}}, {"type": "Feature", "geometry": {"type": "Point", "coordinates": [98.99146, 18.78327]}, "properties": {"id": "cm-osm-node-3385473024", "name": "Dash", "nameTh": null, "nameEn": "Dash", "cat": ["food"], "province": "cm", "slug": "dash-3385473024", "rank": 3}}, {"type": "Feature", "geometry": {"type": "Point", "coordinates": [98.99101, 18.79045]}, "properties": {"id": "cm-osm-node-4757540923", "name": "DeLish Kafe", "nameTh": null, "nameEn": "DeLish Kafe", "cat": ["food"], "province": "cm", "slug": "delish-kafe-4757540923", "rank": 1}}, {"type": "Feature", "geometry": {"type": "Point", "coordinates": [98.98175, 18.78588]}, "properties": {"id": "cm-osm-node-10819184705", "name": "Deep Green", "nameTh": null, "nameEn": "Deep Green", "cat": ["food"], "province": "cm", "slug": "deep-green-10819184705", "rank": 2}}, {"type": "Feature", "geometry": {"type": "Point", "coordinates": [98.98248, 18.79028]}, "properties": {"id": "cm-osm-node-11491318569", "name": "Dewnoon", "nameTh": null, "nameEn": "Dewnoon", "cat": ["food"], "province": "cm", "slug": "dewnoon-11491318569", "rank": 1}}, {"type": "Feature", "geometry": {"type": "Point", "coordinates": [98.98997, 18.78238]}, "properties": {"id": "cm-osm-node-1618868156", "name": "Doi Chaang", "nameTh": null, "nameEn": "Doi Chaang", "cat": ["food"], "province": "cm", "slug": "doi-chaang-1618868156", "rank": 1}}, {"type": "Feature", "geometry": {"type": "Point", "coordinates": [98.98773, 18.79074]}, "properties": {"id": "cm-osm-node-4358697789", "name": "Doi Chang", "nameTh": null, "nameEn": "Doi Chang", "cat": ["food"], "province": "cm", "slug": "doi-chang-4358697789", "rank": 2}}, {"type": "Feature", "geometry": {"type": "Point", "coordinates": [98.98743, 18.79347]}, "properties": {"id": "cm-osm-node-6611483785", "name": "Doi Chang", "nameTh": null, "nameEn": "Doi Chang", "cat": ["food"], "province": "cm", "slug": "doi-chang-6611483785", "rank": 1}}, {"type": "Feature", "geometry": {"type": "Point", "coordinates": [98.98206, 18.78519]}, "properties": {"id": "cm-osm-node-7005727190", "name": "Drop in Restaurant & Bar", "nameTh": null, "nameEn": "Drop in Restaurant & Bar", "cat": ["food"], "province": "cm", "slug": "drop-in-restaurant-bar-7005727190", "rank": 1}}, {"type": "Feature", "geometry": {"type": "Point", "coordinates": [98.99248, 18.78876]}, "properties": {"id": "cm-osm-node-3385473026", "name": "E-Go House", "nameTh": null, "nameEn": "E-Go House", "cat": ["food"], "province": "cm", "slug": "e-go-house-3385473026", "rank": 1}}, {"type": "Feature", "geometry": {"type": "Point", "coordinates": [98.99085, 18.7922]}, "properties": {"id": "cm-osm-node-1689181828", "name": "Early Bird 626", "nameTh": null, "nameEn": "Early Bird 626", "cat": ["food"], "province": "cm", "slug": "early-bird-626-1689181828", "rank": 2}}, {"type": "Feature", "geometry": {"type": "Point", "coordinates": [98.9816, 18.78346]}, "properties": {"id": "cm-osm-node-3384130430", "name": "Ease", "nameTh": "กาแฟอีส", "nameEn": "Ease", "cat": ["food"], "province": "cm", "slug": "ease-3384130430", "rank": 3}}, {"type": "Feature", "geometry": {"type": "Point", "coordinates": [98.98587, 18.79337]}, "properties": {"id": "cm-osm-node-6415960307", "name": "Eat Sense", "nameTh": null, "nameEn": "Eat Sense", "cat": ["food"], "province": "cm", "slug": "eat-sense-6415960307", "rank": 1}}, {"type": "Feature", "geometry": {"type": "Point", "coordinates": [98.99165, 18.7922]}, "properties": {"id": "cm-osm-node-6163434786", "name": "Eat@Lanna", "nameTh": null, "nameEn": "Eat@Lanna", "cat": ["food"], "province": "cm", "slug": "eat-lanna-6163434786", "rank": 1}}, {"type": "Feature", "geometry": {"type": "Point", "coordinates": [98.99171, 18.7901]}, "properties": {"id": "cm-osm-node-1133607799", "name": "Eden Restaurant", "nameTh": null, "nameEn": "Eden Restaurant", "cat": ["food"], "province": "cm", "slug": "eden-restaurant-1133607799", "rank": 1}}, {"type": "Feature", "geometry": {"type": "Point", "coordinates": [98.98466, 18.78583]}, "properties": {"id": "cm-osm-node-4690360190", "name": "Elliebum", "nameTh": null, "nameEn": "Elliebum", "cat": ["food"], "province": "cm", "slug": "elliebum-4690360190", "rank": 2}}, {"type": "Feature", "geometry": {"type": "Point", "coordinates": [98.99117, 18.79065]}, "properties": {"id": "cm-osm-node-1455736004", "name": "Euro Diner", "nameTh": null, "nameEn": "Euro Diner", "cat": ["food"], "province": "cm", "slug": "euro-diner-1455736004", "rank": 2}}, {"type": "Feature", "geometry": {"type": "Point", "coordinates": [98.98744, 18.79338]}, "properties": {"id": "cm-osm-node-5623443421", "name": "Fact Café", "nameTh": null, "nameEn": "Fact Café", "cat": ["food"], "province": "cm", "slug": "fact-caf-5623443421", "rank": 1}}, {"type": "Feature", "geometry": {"type": "Point", "coordinates": [98.98622, 18.79296]}, "properties": {"id": "cm-osm-way-492846842", "name": "Fahtara", "nameTh": null, "nameEn": "Fahtara", "cat": ["food"], "province": "cm", "slug": "fahtara-492846842", "rank": 1}}, {"type": "Feature", "geometry": {"type": "Point", "coordinates": [98.98187, 18.78493]}, "properties": {"id": "cm-osm-node-11409266290", "name": "Falafel and Salad", "nameTh": null, "nameEn": "Falafel and Salad", "cat": ["food"], "province": "cm", "slug": "falafel-and-salad-11409266290", "rank": 2}}, {"type": "Feature", "geometry": {"type": "Point", "coordinates": [98.99093, 18.78868]}, "properties": {"id": "cm-osm-node-4352166790", "name": "Farm Story House Room & Restaurant", "nameTh": null, "nameEn": "Farm Story House Room & Restaurant", "cat": ["food"], "province": "cm", "slug": "farm-story-house-room-restaurant-4352166790", "rank": 1}}, {"type": "Feature", "geometry": {"type": "Point", "coordinates": [98.99088, 18.79068]}, "properties": {"id": "cm-osm-node-6205218342", "name": "Fat Elvis", "nameTh": null, "nameEn": "Fat Elvis", "cat": ["food"], "province": "cm", "slug": "fat-elvis-6205218342", "rank": 1}}, {"type": "Feature", "geometry": {"type": "Point", "coordinates": [98.99228, 18.79481]}, "properties": {"id": "cm-osm-way-1028906330", "name": "Feast Soceity", "nameTh": "Feast Society", "nameEn": null, "cat": ["food"], "province": "cm", "slug": "feast-society-1028906330", "rank": 1}}, {"type": "Feature", "geometry": {"type": "Point", "coordinates": [98.98203, 18.79339]}, "properties": {"id": "cm-osm-node-3385494997", "name": "Fern Forest Cafe", "nameTh": null, "nameEn": "Fern Forest Cafe", "cat": ["food"], "province": "cm", "slug": "fern-forest-cafe-3385494997", "rank": 3}}, {"type": "Feature", "geometry": {"type": "Point", "coordinates": [98.9886, 18.78493]}, "properties": {"id": "cm-osm-way-761867078", "name": "Fresh Time Vegetarian", "nameTh": null, "nameEn": "Fresh Time Vegetarian", "cat": ["food"], "province": "cm", "slug": "fresh-time-vegetarian-761867078", "rank": 2}}, {"type": "Feature", "geometry": {"type": "Point", "coordinates": [98.99268, 18.78792]}, "properties": {"id": "cm-osm-node-4748011323", "name": "Fruiturday", "nameTh": null, "nameEn": "Fruiturday", "cat": ["food"], "province": "cm", "slug": "fruiturday-4748011323", "rank": 1}}, {"type": "Feature", "geometry": {"type": "Point", "coordinates": [98.9904, 18.79106]}, "properties": {"id": "cm-osm-node-1491288350", "name": "Full Moon Bar", "nameTh": null, "nameEn": "Full Moon Bar", "cat": ["food"], "province": "cm", "slug": "full-moon-bar-1491288350", "rank": 1}}, {"type": "Feature", "geometry": {"type": "Point", "coordinates": [98.99198, 18.79211]}, "properties": {"id": "cm-osm-node-6490366586", "name": "Funky Dog", "nameTh": null, "nameEn": "Funky Dog", "cat": ["food"], "province": "cm", "slug": "funky-dog-6490366586", "rank": 2}}, {"type": "Feature", "geometry": {"type": "Point", "coordinates": [98.99043, 18.78391]}, "properties": {"id": "cm-osm-node-5162833822", "name": "Funky Monkey", "nameTh": null, "nameEn": "Funky Monkey", "cat": ["food"], "province": "cm", "slug": "funky-monkey-5162833822", "rank": 1}}, {"type": "Feature", "geometry": {"type": "Point", "coordinates": [98.99246, 18.79188]}, "properties": {"id": "cm-osm-node-3456825435", "name": "Funkydog", "nameTh": null, "nameEn": "Funkydog", "cat": ["food"], "province": "cm", "slug": "funkydog-3456825435", "rank": 1}}, {"type": "Feature", "geometry": {"type": "Point", "coordinates": [98.989, 18.78158]}, "properties": {"id": "cm-osm-node-14038578831", "name": "GAAD Coffee/Bar & Conversation", "nameTh": null, "nameEn": "GAAD Coffee/Bar & Conversation", "cat": ["food"], "province": "cm", "slug": "gaad-coffee-bar-conversation-14038578831", "rank": 1}}, {"type": "Feature", "geometry": {"type": "Point", "coordinates": [98.98666, 18.79027]}, "properties": {"id": "cm-osm-node-10931030905", "name": "Gallery Drip Coffee Chiang Mai", "nameTh": null, "nameEn": "Gallery Drip Coffee Chiang Mai", "cat": ["food"], "province": "cm", "slug": "gallery-drip-coffee-chiang-mai-10931030905", "rank": 2}}, {"type": "Feature", "geometry": {"type": "Point", "coordinates": [98.98726, 18.78815]}, "properties": {"id": "cm-osm-node-2039975212", "name": "Garden Island", "nameTh": null, "nameEn": "Garden Island", "cat": ["food"], "province": "cm", "slug": "garden-island-2039975212", "rank": 1}}, {"type": "Feature", "geometry": {"type": "Point", "coordinates": [98.99269, 18.78522]}, "properties": {"id": "cm-osm-node-4929780821", "name": "Gelato World", "nameTh": null, "nameEn": "Gelato World", "cat": ["food"], "province": "cm", "slug": "gelato-world-4929780821", "rank": 1}}, {"type": "Feature", "geometry": {"type": "Point", "coordinates": [98.99268, 18.78521]}, "properties": {"id": "cm-osm-node-6235531092", "name": "Gelato World", "nameTh": null, "nameEn": "Gelato World", "cat": ["food"], "province": "cm", "slug": "gelato-world-6235531092", "rank": 1}}, {"type": "Feature", "geometry": {"type": "Point", "coordinates": [98.99313, 18.79273]}, "properties": {"id": "cm-osm-node-766613470", "name": "Ginger & Kafe", "nameTh": null, "nameEn": "Ginger & Kafe", "cat": ["food"], "province": "cm", "slug": "ginger-kafe-766613470", "rank": 2}}, {"type": "Feature", "geometry": {"type": "Point", "coordinates": [98.99054, 18.78496]}, "properties": {"id": "cm-osm-node-4454157763", "name": "Ginny Cafe", "nameTh": null, "nameEn": "Ginny Cafe", "cat": ["food"], "province": "cm", "slug": "ginny-cafe-4454157763", "rank": 1}}, {"type": "Feature", "geometry": {"type": "Point", "coordinates": [98.9924, 18.78437]}, "properties": {"id": "cm-osm-node-6271741955", "name": "Gip's", "nameTh": null, "nameEn": "Gip's", "cat": ["food"], "province": "cm", "slug": "gip-s-6271741955", "rank": 1}}, {"type": "Feature", "geometry": {"type": "Point", "coordinates": [98.99014, 18.78767]}, "properties": {"id": "cm-osm-node-2567821739", "name": "Girasole", "nameTh": null, "nameEn": "Girasole", "cat": ["food"], "province": "cm", "slug": "girasole-2567821739", "rank": 1}}, {"type": "Feature", "geometry": {"type": "Point", "coordinates": [98.98717, 18.7892]}, "properties": {"id": "cm-osm-node-12042875893", "name": "Glyn Chiangmai", "nameTh": null, "nameEn": "Glyn Chiangmai", "cat": ["food"], "province": "cm", "slug": "glyn-chiangmai-12042875893", "rank": 1}}, {"type": "Feature", "geometry": {"type": "Point", "coordinates": [98.98717, 18.78921]}, "properties": {"id": "cm-osm-way-1300133896", "name": "Glyn Chiangmai Cuisine", "nameTh": null, "nameEn": "Glyn Chiangmai Cuisine", "cat": ["food"], "province": "cm", "slug": "glyn-chiangmai-cuisine-1300133896", "rank": 2}}, {"type": "Feature", "geometry": {"type": "Point", "coordinates": [98.99278, 18.79263]}, "properties": {"id": "cm-osm-way-361018102", "name": "Gohanya", "nameTh": null, "nameEn": "Gohanya", "cat": ["food"], "province": "cm", "slug": "gohanya-361018102", "rank": 2}}, {"type": "Feature", "geometry": {"type": "Point", "coordinates": [98.98631, 18.79088]}, "properties": {"id": "cm-osm-way-580333283", "name": "Golden Bee", "nameTh": null, "nameEn": "Golden Bee", "cat": ["food"], "province": "cm", "slug": "golden-bee-580333283", "rank": 1}}, {"type": "Feature", "geometry": {"type": "Point", "coordinates": [98.99242, 18.78889]}, "properties": {"id": "cm-osm-node-3619914576", "name": "Good Morning", "nameTh": "lert ros", "nameEn": "Good Morning", "cat": ["food"], "province": "cm", "slug": "good-morning-3619914576", "rank": 2}}, {"type": "Feature", "geometry": {"type": "Point", "coordinates": [98.99237, 18.79406]}, "properties": {"id": "cm-osm-node-6205218347", "name": "Good Restaurant", "nameTh": null, "nameEn": "Good Restaurant", "cat": ["food"], "province": "cm", "slug": "good-restaurant-6205218347", "rank": 1}}, {"type": "Feature", "geometry": {"type": "Point", "coordinates": [98.98209, 18.79326]}, "properties": {"id": "cm-osm-way-623140246", "name": "Goodsouls Kitchen", "nameTh": null, "nameEn": "Goodsouls Kitchen", "cat": ["food"], "province": "cm", "slug": "goodsouls-kitchen-623140246", "rank": 3}}, {"type": "Feature", "geometry": {"type": "Point", "coordinates": [98.98533, 18.78359]}, "properties": {"id": "cm-osm-way-1300133894", "name": "Gord Chiangmai Kitchen", "nameTh": null, "nameEn": "Gord Chiangmai Kitchen", "cat": ["food"], "province": "cm", "slug": "gord-chiangmai-kitchen-1300133894", "rank": 3}}, {"type": "Feature", "geometry": {"type": "Point", "coordinates": [98.99156, 18.79158]}, "properties": {"id": "cm-osm-way-492846792", "name": "Graph", "nameTh": "Graph Coffee", "nameEn": null, "cat": ["food"], "province": "cm", "slug": "graph-coffee-492846792", "rank": 3}}, {"type": "Feature", "geometry": {"type": "Point", "coordinates": [98.99265, 18.79198]}, "properties": {"id": "cm-osm-node-4292283289", "name": "Graph Table", "nameTh": null, "nameEn": "Star Coffee", "cat": ["food"], "province": "cm", "slug": "star-coffee-4292283289", "rank": 1}}, {"type": "Feature", "geometry": {"type": "Point", "coordinates": [98.98193, 18.78584]}, "properties": {"id": "cm-osm-way-623156415", "name": "Gravity Cafe & Bistro", "nameTh": null, "nameEn": "Gravity Cafe & Bistro", "cat": ["food"], "province": "cm", "slug": "gravity-cafe-bistro-623156415", "rank": 2}}, {"type": "Feature", "geometry": {"type": "Point", "coordinates": [98.99317, 18.79179]}, "properties": {"id": "cm-osm-node-6361994985", "name": "Greedy Beast Bakery", "nameTh": null, "nameEn": "Greedy Beast Bakery", "cat": ["food"], "province": "cm", "slug": "greedy-beast-bakery-6361994985", "rank": 1}}, {"type": "Feature", "geometry": {"type": "Point", "coordinates": [98.98759, 18.78814]}, "properties": {"id": "cm-osm-node-5779361353", "name": "Green Mai", "nameTh": null, "nameEn": "Green Mai", "cat": ["food"], "province": "cm", "slug": "green-mai-5779361353", "rank": 1}}, {"type": "Feature", "geometry": {"type": "Point", "coordinates": [98.99003, 18.7899]}, "properties": {"id": "cm-osm-node-2536909059", "name": "Greenies & Co", "nameTh": null, "nameEn": "Greenies & Co", "cat": ["food"], "province": "cm", "slug": "greenies-co-2536909059", "rank": 2}}, {"type": "Feature", "geometry": {"type": "Point", "coordinates": [98.98878, 18.78319]}, "properties": {"id": "cm-osm-node-4483086589", "name": "Grill Of India", "nameTh": null, "nameEn": "Grill Of India", "cat": ["food"], "province": "cm", "slug": "grill-of-india-4483086589", "rank": 1}}, {"type": "Feature", "geometry": {"type": "Point", "coordinates": [98.99181, 18.78543]}, "properties": {"id": "cm-osm-node-10605971905", "name": "Grill of Punjab", "nameTh": null, "nameEn": "Grill of Punjab", "cat": ["food"], "province": "cm", "slug": "grill-of-punjab-10605971905", "rank": 1}}, {"type": "Feature", "geometry": {"type": "Point", "coordinates": [98.98483, 18.78565]}, "properties": {"id": "cm-osm-node-5585615822", "name": "HP House Cafe", "nameTh": null, "nameEn": "HP House Cafe", "cat": ["food"], "province": "cm", "slug": "hp-house-cafe-5585615822", "rank": 2}}, {"type": "Feature", "geometry": {"type": "Point", "coordinates": [98.98309, 18.78174]}, "properties": {"id": "cm-osm-node-3384152432", "name": "Happy Espresso", "nameTh": null, "nameEn": "Happy Espresso", "cat": ["food"], "province": "cm", "slug": "happy-espresso-3384152432", "rank": 2}}, {"type": "Feature", "geometry": {"type": "Point", "coordinates": [98.99197, 18.78291]}, "properties": {"id": "cm-osm-node-6265183846", "name": "Happy Soi 1", "nameTh": null, "nameEn": "Happy Soi 1", "cat": ["food"], "province": "cm", "slug": "happy-soi-1-6265183846", "rank": 1}}, {"type": "Feature", "geometry": {"type": "Point", "coordinates": [98.98309, 18.78785]}, "properties": {"id": "cm-osm-node-13953736181", "name": "HappyBlue", "nameTh": null, "nameEn": "HappyBlue", "cat": ["food"], "province": "cm", "slug": "happyblue-13953736181", "rank": 1}}, {"type": "Feature", "geometry": {"type": "Point", "coordinates": [98.98875, 18.78298]}, "properties": {"id": "cm-osm-node-6948305985", "name": "Hard Cocktail Bar", "nameTh": null, "nameEn": "Hard Cocktail Bar", "cat": ["food"], "province": "cm", "slug": "hard-cocktail-bar-6948305985", "rank": 1}}, {"type": "Feature", "geometry": {"type": "Point", "coordinates": [98.99203, 18.7842]}, "properties": {"id": "cm-osm-node-7101748885", "name": "Hashery", "nameTh": null, "nameEn": "Hashery", "cat": ["food"], "province": "cm", "slug": "hashery-7101748885", "rank": 1}}, {"type": "Feature", "geometry": {"type": "Point", "coordinates": [98.98266, 18.78865]}, "properties": {"id": "cm-osm-node-4709669589", "name": "Henry", "nameTh": null, "nameEn": "Henry", "cat": ["food"], "province": "cm", "slug": "henry-4709669589", "rank": 1}}, {"type": "Feature", "geometry": {"type": "Point", "coordinates": [98.98407, 18.78239]}, "properties": {"id": "cm-osm-node-6489522887", "name": "Home station by kokodrip", "nameTh": null, "nameEn": "Home station by kokodrip", "cat": ["food"], "province": "cm", "slug": "home-station-by-kokodrip-6489522887", "rank": 1}}, {"type": "Feature", "geometry": {"type": "Point", "coordinates": [98.98471, 18.78907]}, "properties": {"id": "cm-osm-node-3804433409", "name": "Hong Kong Lucky Restaurant", "nameTh": null, "nameEn": "Hong Kong Lucky Restaurant", "cat": ["food"], "province": "cm", "slug": "hong-kong-lucky-restaurant-3804433409", "rank": 1}}, {"type": "Feature", "geometry": {"type": "Point", "coordinates": [98.9915, 18.79036]}, "properties": {"id": "cm-osm-way-481723941", "name": "Hopf Coffee", "nameTh": null, "nameEn": "Hopf Coffee", "cat": ["food"], "province": "cm", "slug": "hopf-coffee-481723941", "rank": 1}}, {"type": "Feature", "geometry": {"type": "Point", "coordinates": [98.98998, 18.78791]}, "properties": {"id": "cm-osm-node-1598984135", "name": "Hot Chili", "nameTh": null, "nameEn": "Hot Chili", "cat": ["food"], "province": "cm", "slug": "hot-chili-1598984135", "rank": 1}}, {"type": "Feature", "geometry": {"type": "Point", "coordinates": [98.98884, 18.78258]}, "properties": {"id": "cm-osm-node-4501916391", "name": "Huan Chao Bua Tip", "nameTh": null, "nameEn": "Huan Chao Bua Tip", "cat": ["food"], "province": "cm", "slug": "huan-chao-bua-tip-4501916391", "rank": 1}}, {"type": "Feature", "geometry": {"type": "Point", "coordinates": [98.98351, 18.79493]}, "properties": {"id": "cm-osm-node-12296166001", "name": "Huan Kung Kum", "nameTh": null, "nameEn": "Huan Kung Kum", "cat": ["food"], "province": "cm", "slug": "huan-kung-kum-12296166001", "rank": 2}}, {"type": "Feature", "geometry": {"type": "Point", "coordinates": [98.98235, 18.79008]}, "properties": {"id": "cm-osm-node-7027943486", "name": "Hug Smoothie", "nameTh": null, "nameEn": "Hug Smoothie", "cat": ["food"], "province": "cm", "slug": "hug-smoothie-7027943486", "rank": 1}}, {"type": "Feature", "geometry": {"type": "Point", "coordinates": [98.97909, 18.78533]}, "properties": {"id": "cm-osm-node-11572062055", "name": "I Am Pizza", "nameTh": null, "nameEn": "I Am Pizza", "cat": ["food"], "province": "cm", "slug": "i-am-pizza-11572062055", "rank": 1}}, {"type": "Feature", "geometry": {"type": "Point", "coordinates": [98.99148, 18.78514]}, "properties": {"id": "cm-osm-way-243115903", "name": "I'P Burger", "nameTh": null, "nameEn": "I'P Burger", "cat": ["food"], "province": "cm", "slug": "i-p-burger-243115903", "rank": 1}}, {"type": "Feature", "geometry": {"type": "Point", "coordinates": [98.98637, 18.78565]}, "properties": {"id": "cm-osm-node-5859441361", "name": "Ickady", "nameTh": null, "nameEn": "Ickady", "cat": ["food"], "province": "cm", "slug": "ickady-5859441361", "rank": 1}}, {"type": "Feature", "geometry": {"type": "Point", "coordinates": [98.99238, 18.79196]}, "properties": {"id": "cm-osm-node-6312076385", "name": "Indish", "nameTh": null, "nameEn": "Indish", "cat": ["food"], "province": "cm", "slug": "indish-6312076385", "rank": 2}}, {"type": "Feature", "geometry": {"type": "Point", "coordinates": [98.98691, 18.78835]}, "properties": {"id": "cm-osm-node-2039958427", "name": "Inthanon Coffee", "nameTh": null, "nameEn": "Inthanon Coffee", "cat": ["food"], "province": "cm", "slug": "inthanon-coffee-2039958427", "rank": 2}}, {"type": "Feature", "geometry": {"type": "Point", "coordinates": [98.98679, 18.79484]}, "properties": {"id": "cm-osm-node-4476187491", "name": "Into the Woods", "nameTh": null, "nameEn": "Into the Woods", "cat": ["food"], "province": "cm", "slug": "into-the-woods-4476187491", "rank": 3}}, {"type": "Feature", "geometry": {"type": "Point", "coordinates": [98.99017, 18.79458]}, "properties": {"id": "cm-osm-way-473623003", "name": "Isaan Ros Sab Restaurant", "nameTh": null, "nameEn": "Isaan Ros Sab Restaurant", "cat": ["food"], "province": "cm", "slug": "isaan-ros-sab-restaurant-473623003", "rank": 1}}, {"type": "Feature", "geometry": {"type": "Point", "coordinates": [98.98312, 18.78843]}, "properties": {"id": "cm-osm-node-4295719291", "name": "It's Good Kitchen", "nameTh": null, "nameEn": "Its Good Kitchen", "cat": ["food"], "province": "cm", "slug": "its-good-kitchen-4295719291", "rank": 2}}, {"type": "Feature", "geometry": {"type": "Point", "coordinates": [98.98895, 18.78241]}, "properties": {"id": "cm-osm-node-3069766172", "name": "J Restaurant", "nameTh": null, "nameEn": "J Restaurant", "cat": ["food"], "province": "cm", "slug": "j-restaurant-3069766172", "rank": 1}}, {"type": "Feature", "geometry": {"type": "Point", "coordinates": [98.99098, 18.78423]}, "properties": {"id": "cm-osm-node-6267875243", "name": "J&M Happy Bar", "nameTh": null, "nameEn": "J&M Happy Bar", "cat": ["food"], "province": "cm", "slug": "j-m-happy-bar-6267875243", "rank": 1}}, {"type": "Feature", "geometry": {"type": "Point", "coordinates": [98.98999, 18.78558]}, "properties": {"id": "cm-osm-node-2040022297", "name": "J. Ju Coffee", "nameTh": null, "nameEn": "J. Ju Coffee", "cat": ["food"], "province": "cm", "slug": "j-ju-coffee-2040022297", "rank": 1}}, {"type": "Feature", "geometry": {"type": "Point", "coordinates": [98.99131, 18.78926]}, "properties": {"id": "cm-osm-way-481724500", "name": "Jade Garden", "nameTh": null, "nameEn": "Jade Garden", "cat": ["food"], "province": "cm", "slug": "jade-garden-481724500", "rank": 1}}, {"type": "Feature", "geometry": {"type": "Point", "coordinates": [98.99311, 18.79154]}, "properties": {"id": "cm-osm-node-4423154692", "name": "Jae noodles", "nameTh": "jae noodled", "nameEn": "Jae noodles", "cat": ["food"], "province": "cm", "slug": "jae-noodles-4423154692", "rank": 2}}, {"type": "Feature", "geometry": {"type": "Point", "coordinates": [98.99212, 18.7921]}, "properties": {"id": "cm-osm-node-7033502868", "name": "Jaidee Bamboo Huts", "nameTh": null, "nameEn": "Jaidee Bamboo Huts", "cat": ["food"], "province": "cm", "slug": "jaidee-bamboo-huts-7033502868", "rank": 1}}, {"type": "Feature", "geometry": {"type": "Point", "coordinates": [98.99206, 18.79214]}, "properties": {"id": "cm-osm-node-5419968421", "name": "Jaidee Restaurant Bar", "nameTh": null, "nameEn": "Jaidee Restaurant Bar", "cat": ["food"], "province": "cm", "slug": "jaidee-restaurant-bar-5419968421", "rank": 1}}, {"type": "Feature", "geometry": {"type": "Point", "coordinates": [98.99163, 18.78349]}, "properties": {"id": "cm-osm-node-6267755489", "name": "Jeap's Restaurant", "nameTh": null, "nameEn": "Jeap's Restaurant", "cat": ["food"], "province": "cm", "slug": "jeap-s-restaurant-6267755489", "rank": 1}}, {"type": "Feature", "geometry": {"type": "Point", "coordinates": [98.99292, 18.78629]}, "properties": {"id": "cm-osm-node-11364124962", "name": "Johns Place: Daughter and Son", "nameTh": null, "nameEn": "Johns Place: Daughter and Son", "cat": ["food"], "province": "cm", "slug": "johns-place-daughter-and-son-11364124962", "rank": 1}}, {"type": "Feature", "geometry": {"type": "Point", "coordinates": [98.99306, 18.79167]}, "properties": {"id": "cm-osm-node-5235926622", "name": "Jojo Smoothies and Thai Food", "nameTh": null, "nameEn": "Jojo Smoothies and Thai Food", "cat": ["food"], "province": "cm", "slug": "jojo-smoothies-and-thai-food-5235926622", "rank": 2}}, {"type": "Feature", "geometry": {"type": "Point", "coordinates": [98.99048, 18.79106]}, "properties": {"id": "cm-osm-node-1491288310", "name": "Juice", "nameTh": null, "nameEn": "Juice", "cat": ["food"], "province": "cm", "slug": "juice-1491288310", "rank": 1}}, {"type": "Feature", "geometry": {"type": "Point", "coordinates": [98.99181, 18.78379]}, "properties": {"id": "cm-osm-node-3266584763", "name": "Juice @ Joe's", "nameTh": null, "nameEn": "Juice @ Joe's", "cat": ["food"], "province": "cm", "slug": "juice-joe-s-3266584763", "rank": 1}}, {"type": "Feature", "geometry": {"type": "Point", "coordinates": [98.98797, 18.78945]}, "properties": {"id": "cm-osm-node-6172714088", "name": "Juice Box", "nameTh": null, "nameEn": "Juice Box", "cat": ["food"], "province": "cm", "slug": "juice-box-6172714088", "rank": 1}}, {"type": "Feature", "geometry": {"type": "Point", "coordinates": [98.99044, 18.78784]}, "properties": {"id": "cm-osm-node-6169881285", "name": "Juice Hub", "nameTh": null, "nameEn": "Juice Hub", "cat": ["food"], "province": "cm", "slug": "juice-hub-6169881285", "rank": 1}}, {"type": "Feature", "geometry": {"type": "Point", "coordinates": [98.98967, 18.78792]}, "properties": {"id": "cm-osm-node-6169881286", "name": "Juice Hub", "nameTh": null, "nameEn": "Juice Hub", "cat": ["food"], "province": "cm", "slug": "juice-hub-6169881286", "rank": 1}}, {"type": "Feature", "geometry": {"type": "Point", "coordinates": [98.99257, 18.78508]}, "properties": {"id": "cm-osm-node-2040042303", "name": "Juicy4U", "nameTh": null, "nameEn": "Juicy4U", "cat": ["food"], "province": "cm", "slug": "juicy4u-2040042303", "rank": 2}}, {"type": "Feature", "geometry": {"type": "Point", "coordinates": [98.99153, 18.79474]}, "properties": {"id": "cm-osm-node-2664633372", "name": "K Power of Nature", "nameTh": null, "nameEn": "K Power of Nature", "cat": ["food"], "province": "cm", "slug": "k-power-of-nature-2664633372", "rank": 1}}, {"type": "Feature", "geometry": {"type": "Point", "coordinates": [98.98768, 18.79081]}, "properties": {"id": "cm-osm-node-2598509572", "name": "Kaffe 151", "nameTh": null, "nameEn": "Kaffe 151", "cat": ["food"], "province": "cm", "slug": "kaffe-151-2598509572", "rank": 1}}, {"type": "Feature", "geometry": {"type": "Point", "coordinates": [98.98877, 18.78234]}, "properties": {"id": "cm-osm-node-6004005289", "name": "Kai Ka Ta Lert Rot Breakfast", "nameTh": null, "nameEn": "Kai Ka Ta Lert Rot Breakfast", "cat": ["food"], "province": "cm", "slug": "kai-ka-ta-lert-rot-breakfast-6004005289", "rank": 1}}, {"type": "Feature", "geometry": {"type": "Point", "coordinates": [98.98653, 18.78823]}, "properties": {"id": "cm-osm-node-4212373091", "name": "Kalapela Tea House", "nameTh": null, "nameEn": "Kalapela Tea House", "cat": ["food"], "province": "cm", "slug": "kalapela-tea-house-4212373091", "rank": 3}}, {"type": "Feature", "geometry": {"type": "Point", "coordinates": [98.98682, 18.78815]}, "properties": {"id": "cm-osm-node-4132247489", "name": "Kaldi Coffee House", "nameTh": null, "nameEn": "Kaldi Coffee House", "cat": ["food"], "province": "cm", "slug": "kaldi-coffee-house-4132247489", "rank": 1}}, {"type": "Feature", "geometry": {"type": "Point", "coordinates": [98.98626, 18.78367]}, "properties": {"id": "cm-osm-node-13545071979", "name": "Kalm Coffee", "nameTh": null, "nameEn": "Kalm Coffee", "cat": ["food"], "province": "cm", "slug": "kalm-coffee-13545071979", "rank": 1}}, {"type": "Feature", "geometry": {"type": "Point", "coordinates": [98.9863, 18.78351]}, "properties": {"id": "cm-osm-node-13545051055", "name": "Kalm Kitchen", "nameTh": null, "nameEn": "Kalm Kitchen", "cat": ["food"], "province": "cm", "slug": "kalm-kitchen-13545051055", "rank": 1}}, {"type": "Feature", "geometry": {"type": "Point", "coordinates": [98.99228, 18.78511]}, "properties": {"id": "cm-osm-node-4269249491", "name": "Kat's Kitchen", "nameTh": null, "nameEn": "Kat's Kitchen", "cat": ["food"], "province": "cm", "slug": "kat-s-kitchen-4269249491", "rank": 1}}, {"type": "Feature", "geometry": {"type": "Point", "coordinates": [98.98861, 18.78806]}, "properties": {"id": "cm-osm-node-4623096989", "name": "Kati breakfast & brunch", "nameTh": null, "nameEn": "Kati breakfast & brunch", "cat": ["food"], "province": "cm", "slug": "kati-breakfast-brunch-4623096989", "rank": 1}}, {"type": "Feature", "geometry": {"type": "Point", "coordinates": [98.99039, 18.79081]}, "properties": {"id": "cm-osm-node-1491290179", "name": "Kebab House", "nameTh": null, "nameEn": "Kebab House", "cat": ["food"], "province": "cm", "slug": "kebab-house-1491290179", "rank": 2}}, {"type": "Feature", "geometry": {"type": "Point", "coordinates": [98.98084, 18.78647]}, "properties": {"id": "cm-osm-node-6354525190", "name": "Khao Soi Arak", "nameTh": null, "nameEn": "Khao Soi Arak", "cat": ["food"], "province": "cm", "slug": "khao-soi-arak-6354525190", "rank": 2}}, {"type": "Feature", "geometry": {"type": "Point", "coordinates": [98.97933, 18.78581]}, "properties": {"id": "cm-osm-node-5151157021", "name": "Khaotok cuisine", "nameTh": null, "nameEn": "Khaotok cuisine", "cat": ["food"], "province": "cm", "slug": "khaotok-cuisine-5151157021", "rank": 1}}, {"type": "Feature", "geometry": {"type": "Point", "coordinates": [98.98365, 18.78962]}, "properties": {"id": "cm-osm-node-7250228885", "name": "Khaw Glong", "nameTh": null, "nameEn": "Khaw Glong", "cat": ["food"], "province": "cm", "slug": "khaw-glong-7250228885", "rank": 1}}, {"type": "Feature", "geometry": {"type": "Point", "coordinates": [98.98212, 18.79528]}, "properties": {"id": "cm-osm-node-10958910205", "name": "Khum Hom Cafe", "nameTh": null, "nameEn": "Khum Hom Cafe", "cat": ["food"], "province": "cm", "slug": "khum-hom-cafe-10958910205", "rank": 2}}, {"type": "Feature", "geometry": {"type": "Point", "coordinates": [98.99165, 18.79281]}, "properties": {"id": "cm-osm-node-5287018021", "name": "Khun Kae's Juice Bar", "nameTh": null, "nameEn": "Khun Kae's Juice Bar", "cat": ["food"], "province": "cm", "slug": "khun-kae-s-juice-bar-5287018021", "rank": 3}}, {"type": "Feature", "geometry": {"type": "Point", "coordinates": [98.98645, 18.78972]}, "properties": {"id": "cm-osm-node-1410763933", "name": "Kiat O Cha", "nameTh": null, "nameEn": "Kiat O Cha", "cat": ["food"], "province": "cm", "slug": "kiat-o-cha-1410763933", "rank": 1}}, {"type": "Feature", "geometry": {"type": "Point", "coordinates": [98.99242, 18.7851]}, "properties": {"id": "cm-osm-node-2040039255", "name": "Kin Dee", "nameTh": null, "nameEn": "Kin Dee", "cat": ["food"], "province": "cm", "slug": "kin-dee-2040039255", "rank": 1}}, {"type": "Feature", "geometry": {"type": "Point", "coordinates": [98.99064, 18.78371]}, "properties": {"id": "cm-osm-node-5344068223", "name": "Kodchasri Thani", "nameTh": null, "nameEn": "Thai breakfast buffet", "cat": ["food"], "province": "cm", "slug": "thai-breakfast-buffet-5344068223", "rank": 1}}, {"type": "Feature", "geometry": {"type": "Point", "coordinates": [98.98631, 18.79361]}, "properties": {"id": "cm-osm-node-6728843985", "name": "Kook Breakfast", "nameTh": null, "nameEn": "Kook Breakfast", "cat": ["food"], "province": "cm", "slug": "kook-breakfast-6728843985", "rank": 1}}, {"type": "Feature", "geometry": {"type": "Point", "coordinates": [98.99269, 18.78602]}, "properties": {"id": "cm-osm-node-2055855117", "name": "Kopi-O Cafe", "nameTh": null, "nameEn": "Kopi-O Cafe", "cat": ["food"], "province": "cm", "slug": "kopi-o-cafe-2055855117", "rank": 1}}, {"type": "Feature", "geometry": {"type": "Point", "coordinates": [98.99041, 18.78383]}, "properties": {"id": "cm-osm-node-11513485069", "name": "Krabi Muang", "nameTh": null, "nameEn": "Krabi Muang", "cat": ["food"], "province": "cm", "slug": "krabi-muang-11513485069", "rank": 1}}, {"type": "Feature", "geometry": {"type": "Point", "coordinates": [98.99126, 18.78939]}, "properties": {"id": "cm-osm-node-2055855113", "name": "Kristi House Restaurant", "nameTh": null, "nameEn": "Kristi House Restaurant", "cat": ["food"], "province": "cm", "slug": "kristi-house-restaurant-2055855113", "rank": 1}}, {"type": "Feature", "geometry": {"type": "Point", "coordinates": [98.98877, 18.78324]}, "properties": {"id": "cm-osm-node-7023423307", "name": "Krong Place", "nameTh": null, "nameEn": "Krong Place", "cat": ["food"], "province": "cm", "slug": "krong-place-7023423307", "rank": 1}}, {"type": "Feature", "geometry": {"type": "Point", "coordinates": [98.9856, 18.78826]}, "properties": {"id": "cm-osm-node-6111006186", "name": "Krua dabb lob", "nameTh": null, "nameEn": "Krua dabb lob", "cat": ["food"], "province": "cm", "slug": "krua-dabb-lob-6111006186", "rank": 1}}, {"type": "Feature", "geometry": {"type": "Point", "coordinates": [98.98547, 18.78859]}, "properties": {"id": "cm-osm-node-2466401383", "name": "Kura Daab Nom", "nameTh": null, "nameEn": "Kura Daab Nom", "cat": ["food"], "province": "cm", "slug": "kura-daab-nom-2466401383", "rank": 1}}, {"type": "Feature", "geometry": {"type": "Point", "coordinates": [98.99212, 18.79051]}, "properties": {"id": "cm-osm-node-4646626289", "name": "La Boutique della Pasta", "nameTh": null, "nameEn": "La Boutique della Pasta", "cat": ["food"], "province": "cm", "slug": "la-boutique-della-pasta-4646626289", "rank": 1}}, {"type": "Feature", "geometry": {"type": "Point", "coordinates": [98.99229, 18.79056]}, "properties": {"id": "cm-osm-node-12581980207", "name": "La Casita", "nameTh": null, "nameEn": "La Casita", "cat": ["food"], "province": "cm", "slug": "la-casita-12581980207", "rank": 1}}, {"type": "Feature", "geometry": {"type": "Point", "coordinates": [98.9924, 18.79416]}, "properties": {"id": "cm-osm-node-2669393878", "name": "La Cucina", "nameTh": null, "nameEn": "La Cucina", "cat": ["food"], "province": "cm", "slug": "la-cucina-2669393878", "rank": 1}}, {"type": "Feature", "geometry": {"type": "Point", "coordinates": [98.99107, 18.78524]}, "properties": {"id": "cm-osm-node-1416857573", "name": "La Fontana", "nameTh": null, "nameEn": "La Fontana", "cat": ["food"], "province": "cm", "slug": "la-fontana-1416857573", "rank": 3}}, {"type": "Feature", "geometry": {"type": "Point", "coordinates": [98.98818, 18.78736]}, "properties": {"id": "cm-osm-node-2039997655", "name": "La Fourchette", "nameTh": null, "nameEn": "La Fourchette", "cat": ["food"], "province": "cm", "slug": "la-fourchette-2039997655", "rank": 1}}, {"type": "Feature", "geometry": {"type": "Point", "coordinates": [98.99261, 18.78587]}, "properties": {"id": "cm-osm-node-6148939185", "name": "La Fringale", "nameTh": null, "nameEn": "La Fringale", "cat": ["food"], "province": "cm", "slug": "la-fringale-6148939185", "rank": 1}}, {"type": "Feature", "geometry": {"type": "Point", "coordinates": [98.99244, 18.78772]}, "properties": {"id": "cm-osm-node-3419811908", "name": "La Lanterna Di Genova", "nameTh": null, "nameEn": "La Lanterna Di Genova", "cat": ["food"], "province": "cm", "slug": "la-lanterna-di-genova-3419811908", "rank": 1}}, {"type": "Feature", "geometry": {"type": "Point", "coordinates": [98.98769, 18.78972]}, "properties": {"id": "cm-osm-node-3843126641", "name": "La Mango", "nameTh": null, "nameEn": "La Mango", "cat": ["food"], "province": "cm", "slug": "la-mango-3843126641", "rank": 1}}, {"type": "Feature", "geometry": {"type": "Point", "coordinates": [98.98813, 18.78749]}, "properties": {"id": "cm-osm-node-4558200791", "name": "La Mango", "nameTh": null, "nameEn": "La Mango", "cat": ["food"], "province": "cm", "slug": "la-mango-4558200791", "rank": 1}}, {"type": "Feature", "geometry": {"type": "Point", "coordinates": [98.99192, 18.79277]}, "properties": {"id": "cm-osm-node-5271447023", "name": "LadyBake", "nameTh": null, "nameEn": "LadyBake", "cat": ["food"], "province": "cm", "slug": "ladybake-5271447023", "rank": 1}}, {"type": "Feature", "geometry": {"type": "Point", "coordinates": [98.98405, 18.78372]}, "properties": {"id": "cm-osm-node-13355125955", "name": "Lalala Chiang Mai", "nameTh": null, "nameEn": "Lalala Chiang Mai", "cat": ["food"], "province": "cm", "slug": "lalala-chiang-mai-13355125955", "rank": 2}}, {"type": "Feature", "geometry": {"type": "Point", "coordinates": [98.9915, 18.79283]}, "properties": {"id": "cm-osm-node-6579626510", "name": "Lamchang", "nameTh": null, "nameEn": "Lamchang", "cat": ["food"], "province": "cm", "slug": "lamchang-6579626510", "rank": 2}}, {"type": "Feature", "geometry": {"type": "Point", "coordinates": [98.99146, 18.79281]}, "properties": {"id": "cm-osm-node-6734947285", "name": "Lamchang Homemade Burger", "nameTh": null, "nameEn": "Lamchang Homemade Burger", "cat": ["food"], "province": "cm", "slug": "lamchang-homemade-burger-6734947285", "rank": 1}}, {"type": "Feature", "geometry": {"type": "Point", "coordinates": [98.99112, 18.79109]}, "properties": {"id": "cm-osm-way-97923157", "name": "Lanna Square Market", "nameTh": "ลานนา สแควร์", "nameEn": "Lanna Square Market", "cat": ["food"], "province": "cm", "slug": "lanna-square-market-97923157", "rank": 3}}, {"type": "Feature", "geometry": {"type": "Point", "coordinates": [98.99243, 18.78346]}, "properties": {"id": "cm-osm-node-1873959406", "name": "Le Barfly", "nameTh": null, "nameEn": "Le Barfly", "cat": ["food"], "province": "cm", "slug": "le-barfly-1873959406", "rank": 1}}, {"type": "Feature", "geometry": {"type": "Point", "coordinates": [98.98713, 18.78817]}, "properties": {"id": "cm-osm-node-2039964810", "name": "Le Bateau Ivre", "nameTh": null, "nameEn": "Le Bateau Ivre", "cat": ["food"], "province": "cm", "slug": "le-bateau-ivre-2039964810", "rank": 1}}, {"type": "Feature", "geometry": {"type": "Point", "coordinates": [98.99166, 18.79404]}, "properties": {"id": "cm-osm-node-4476768997", "name": "Le Frenchie", "nameTh": null, "nameEn": "Le Frenchie", "cat": ["food"], "province": "cm", "slug": "le-frenchie-4476768997", "rank": 3}}, {"type": "Feature", "geometry": {"type": "Point", "coordinates": [98.98605, 18.79466]}, "properties": {"id": "cm-osm-node-5234228721", "name": "Let it be cafe", "nameTh": null, "nameEn": "Let it be cafe", "cat": ["food"], "province": "cm", "slug": "let-it-be-cafe-5234228721", "rank": 1}}, {"type": "Feature", "geometry": {"type": "Point", "coordinates": [98.98609, 18.79119]}, "properties": {"id": "cm-osm-node-13908611901", "name": "Liberated Seed Roasters", "nameTh": null, "nameEn": "Liberated Seed Roasters", "cat": ["food"], "province": "cm", "slug": "liberated-seed-roasters-13908611901", "rank": 1}}, {"type": "Feature", "geometry": {"type": "Point", "coordinates": [98.98192, 18.79226]}, "properties": {"id": "cm-osm-node-6741683185", "name": "Local Thai restaurant", "nameTh": null, "nameEn": "Local Thai restaurant", "cat": ["food"], "province": "cm", "slug": "local-thai-restaurant-6741683185", "rank": 1}}, {"type": "Feature", "geometry": {"type": "Point", "coordinates": [98.98416, 18.79125]}, "properties": {"id": "cm-osm-node-5413703125", "name": "Local and friendly restaurant", "nameTh": null, "nameEn": "Local and friendly restaurant", "cat": ["food"], "province": "cm", "slug": "local-and-friendly-restaurant-5413703125", "rank": 1}}, {"type": "Feature", "geometry": {"type": "Point", "coordinates": [98.99026, 18.78726]}, "properties": {"id": "cm-osm-node-6461642985", "name": "Local family run restaurant 1 table", "nameTh": null, "nameEn": "Local family run restaurant 1 table", "cat": ["food"], "province": "cm", "slug": "local-family-run-restaurant-1-table-6461642985", "rank": 1}}, {"type": "Feature", "geometry": {"type": "Point", "coordinates": [98.98891, 18.78224]}, "properties": {"id": "cm-osm-node-6278120085", "name": "Local restaurant", "nameTh": null, "nameEn": "Local restaurant", "cat": ["food"], "province": "cm", "slug": "local-restaurant-6278120085", "rank": 2}}, {"type": "Feature", "geometry": {"type": "Point", "coordinates": [98.99152, 18.78518]}, "properties": {"id": "cm-osm-node-5334375922", "name": "Locker", "nameTh": null, "nameEn": "Locker", "cat": ["food"], "province": "cm", "slug": "locker-5334375922", "rank": 3}}, {"type": "Feature", "geometry": {"type": "Point", "coordinates": [98.99024, 18.78681]}, "properties": {"id": "cm-osm-node-4066800751", "name": "Loft Restaurant", "nameTh": null, "nameEn": "Loft Restaurant", "cat": ["food"], "province": "cm", "slug": "loft-restaurant-4066800751", "rank": 1}}, {"type": "Feature", "geometry": {"type": "Point", "coordinates": [98.99164, 18.7864]}, "properties": {"id": "cm-osm-node-6690881878", "name": "Lone Star BBQ", "nameTh": null, "nameEn": "Lone Star BBQ", "cat": ["food"], "province": "cm", "slug": "lone-star-bbq-6690881878", "rank": 2}}, {"type": "Feature", "geometry": {"type": "Point", "coordinates": [98.98184, 18.78348]}, "properties": {"id": "cm-osm-way-406416942", "name": "Loong Oad", "nameTh": null, "nameEn": "Loong Oad", "cat": ["food"], "province": "cm", "slug": "loong-oad-406416942", "rank": 1}}, {"type": "Feature", "geometry": {"type": "Point", "coordinates": [98.99152, 18.79187]}, "properties": {"id": "cm-osm-node-1133610755", "name": "Lucky Coffee", "nameTh": null, "nameEn": "Lucky Coffee", "cat": ["food"], "province": "cm", "slug": "lucky-coffee-1133610755", "rank": 1}}, {"type": "Feature", "geometry": {"type": "Point", "coordinates": [98.99165, 18.79208]}, "properties": {"id": "cm-osm-node-11913248469", "name": "Lucky Too", "nameTh": null, "nameEn": "Lucky Too", "cat": ["food"], "province": "cm", "slug": "lucky-too-11913248469", "rank": 2}}, {"type": "Feature", "geometry": {"type": "Point", "coordinates": [98.99166, 18.79203]}, "properties": {"id": "cm-osm-way-492846798", "name": "Lucky too", "nameTh": "18 Cottage", "nameEn": null, "cat": ["food"], "province": "cm", "slug": "18-cottage-492846798", "rank": 1}}, {"type": "Feature", "geometry": {"type": "Point", "coordinates": [98.98163, 18.78369]}, "properties": {"id": "cm-osm-node-5948954439", "name": "MIND Villa Bar", "nameTh": null, "nameEn": "MIND Villa Bar", "cat": ["food"], "province": "cm", "slug": "mind-villa-bar-5948954439", "rank": 1}}, {"type": "Feature", "geometry": {"type": "Point", "coordinates": [98.98564, 18.79021]}, "properties": {"id": "cm-osm-node-13531707401", "name": "MR. KAI", "nameTh": null, "nameEn": "MR. KAI", "cat": ["food"], "province": "cm", "slug": "mr-kai-13531707401", "rank": 1}}, {"type": "Feature", "geometry": {"type": "Point", "coordinates": [98.99281, 18.7844]}, "properties": {"id": "cm-osm-node-964686601", "name": "Mad Dog", "nameTh": null, "nameEn": "Mad Dog", "cat": ["food"], "province": "cm", "slug": "mad-dog-964686601", "rank": 3}}, {"type": "Feature", "geometry": {"type": "Point", "coordinates": [98.9796, 18.78769]}, "properties": {"id": "cm-osm-node-13266867244", "name": "Maison Maison", "nameTh": null, "nameEn": "Maison Maison", "cat": ["food"], "province": "cm", "slug": "maison-maison-13266867244", "rank": 4}}, {"type": "Feature", "geometry": {"type": "Point", "coordinates": [98.98743, 18.79318]}, "properties": {"id": "cm-osm-node-6354525198", "name": "Mamas meals", "nameTh": null, "nameEn": "Mamas meals", "cat": ["food"], "province": "cm", "slug": "mamas-meals-6354525198", "rank": 1}}, {"type": "Feature", "geometry": {"type": "Point", "coordinates": [98.99246, 18.78509]}, "properties": {"id": "cm-osm-node-4358675894", "name": "Mamory Delicious", "nameTh": null, "nameEn": "Mamory Delicious", "cat": ["food"], "province": "cm", "slug": "mamory-delicious-4358675894", "rank": 1}}, {"type": "Feature", "geometry": {"type": "Point", "coordinates": [98.98941, 18.78791]}, "properties": {"id": "cm-osm-way-793140912", "name": "Mango Mania", "nameTh": null, "nameEn": "Mango Mania", "cat": ["food"], "province": "cm", "slug": "mango-mania-793140912", "rank": 1}}, {"type": "Feature", "geometry": {"type": "Point", "coordinates": [98.98778, 18.78572]}, "properties": {"id": "cm-osm-node-5318190723", "name": "Mango Paradise", "nameTh": null, "nameEn": "Mango Paradise", "cat": ["food"], "province": "cm", "slug": "mango-paradise-5318190723", "rank": 1}}, {"type": "Feature", "geometry": {"type": "Point", "coordinates": [98.99036, 18.78795]}, "properties": {"id": "cm-osm-node-11908874069", "name": "Mango sticky rice 50baht", "nameTh": null, "nameEn": "Mango sticky rice 50baht", "cat": ["food"], "province": "cm", "slug": "mango-sticky-rice-50baht-11908874069", "rank": 2}}, {"type": "Feature", "geometry": {"type": "Point", "coordinates": [98.98189, 18.79497]}, "properties": {"id": "cm-osm-node-3339394165", "name": "Matsu", "nameTh": "มัทสึ", "nameEn": "Matsu", "cat": ["food"], "province": "cm", "slug": "matsu-3339394165", "rank": 3}}, {"type": "Feature", "geometry": {"type": "Point", "coordinates": [98.99081, 18.79062]}, "properties": {"id": "cm-osm-node-5102173222", "name": "Maya Burger Queen", "nameTh": null, "nameEn": "Maya Burger Queen", "cat": ["food"], "province": "cm", "slug": "maya-burger-queen-5102173222", "rank": 1}}, {"type": "Feature", "geometry": {"type": "Point", "coordinates": [98.99085, 18.79051]}, "properties": {"id": "cm-osm-node-6205218343", "name": "Maya Burger Queen", "nameTh": null, "nameEn": "Maya Burger Queen", "cat": ["food"], "province": "cm", "slug": "maya-burger-queen-6205218343", "rank": 1}}, {"type": "Feature", "geometry": {"type": "Point", "coordinates": [98.98216, 18.7925]}, "properties": {"id": "cm-osm-node-11515426706", "name": "Mayadai Ramen", "nameTh": "มายะไดราเมน", "nameEn": "Mayadai Ramen", "cat": ["food"], "province": "cm", "slug": "mayadai-ramen-11515426706", "rank": 3}}, {"type": "Feature", "geometry": {"type": "Point", "coordinates": [98.99273, 18.79097]}, "properties": {"id": "cm-osm-node-4759079323", "name": "Mee Gin Thai Food", "nameTh": null, "nameEn": "Mee Gin Thai Food", "cat": ["food"], "province": "cm", "slug": "mee-gin-thai-food-4759079323", "rank": 1}}, {"type": "Feature", "geometry": {"type": "Point", "coordinates": [98.99054, 18.78402]}, "properties": {"id": "cm-osm-node-6463555785", "name": "Mickey Cafe", "nameTh": null, "nameEn": "Mickey Cafe", "cat": ["food"], "province": "cm", "slug": "mickey-cafe-6463555785", "rank": 1}}, {"type": "Feature", "geometry": {"type": "Point", "coordinates": [98.99035, 18.78402]}, "properties": {"id": "cm-osm-node-4244171904", "name": "Mickey and Bunny café", "nameTh": null, "nameEn": "Mickey and Bunny café", "cat": ["food"], "province": "cm", "slug": "mickey-and-bunny-caf-4244171904", "rank": 1}}, {"type": "Feature", "geometry": {"type": "Point", "coordinates": [98.99221, 18.79369]}, "properties": {"id": "cm-osm-node-4281954591", "name": "Mild", "nameTh": null, "nameEn": "Mild", "cat": ["food"], "province": "cm", "slug": "mild-4281954591", "rank": 1}}, {"type": "Feature", "geometry": {"type": "Point", "coordinates": [98.97901, 18.78194]}, "properties": {"id": "cm-osm-way-318784039", "name": "Minimal Coffee Maker", "nameTh": null, "nameEn": "Minimal Coffee Maker", "cat": ["food"], "province": "cm", "slug": "minimal-coffee-maker-318784039", "rank": 2}}, {"type": "Feature", "geometry": {"type": "Point", "coordinates": [98.99008, 18.79438]}, "properties": {"id": "cm-osm-node-4552503190", "name": "Miracle coffee", "nameTh": null, "nameEn": "Miracle coffee", "cat": ["food"], "province": "cm", "slug": "miracle-coffee-4552503190", "rank": 1}}, {"type": "Feature", "geometry": {"type": "Point", "coordinates": [98.98716, 18.78574]}, "properties": {"id": "cm-osm-node-5203695537", "name": "Miranda's café", "nameTh": null, "nameEn": "Miranda's café", "cat": ["food"], "province": "cm", "slug": "miranda-s-caf-5203695537", "rank": 1}}, {"type": "Feature", "geometry": {"type": "Point", "coordinates": [98.99084, 18.78399]}, "properties": {"id": "cm-osm-node-6259342188", "name": "Miss Juicie", "nameTh": null, "nameEn": "Miss Juicie", "cat": ["food"], "province": "cm", "slug": "miss-juicie-6259342188", "rank": 3}}, {"type": "Feature", "geometry": {"type": "Point", "coordinates": [98.99221, 18.78442]}, "properties": {"id": "cm-osm-node-3266581881", "name": "Moon Tong", "nameTh": null, "nameEn": "Moon Tong", "cat": ["food"], "province": "cm", "slug": "moon-tong-3266581881", "rank": 1}}, {"type": "Feature", "geometry": {"type": "Point", "coordinates": [98.98642, 18.78824]}, "properties": {"id": "cm-osm-node-5245253221", "name": "Moon pie", "nameTh": null, "nameEn": "Moon pie", "cat": ["food"], "province": "cm", "slug": "moon-pie-5245253221", "rank": 1}}, {"type": "Feature", "geometry": {"type": "Point", "coordinates": [98.99211, 18.78434]}, "properties": {"id": "cm-osm-node-5021459922", "name": "Morning Glory", "nameTh": null, "nameEn": "Morning Glory", "cat": ["food"], "province": "cm", "slug": "morning-glory-5021459922", "rank": 1}}, {"type": "Feature", "geometry": {"type": "Point", "coordinates": [98.9927, 18.78771]}, "properties": {"id": "cm-osm-node-7416623836", "name": "Morradoke Thai Restaurant", "nameTh": null, "nameEn": "Morradoke Thai Restaurant", "cat": ["food"], "province": "cm", "slug": "morradoke-thai-restaurant-7416623836", "rank": 1}}, {"type": "Feature", "geometry": {"type": "Point", "coordinates": [98.9863, 18.79509]}, "properties": {"id": "cm-osm-node-4333699923", "name": "Mountain view garden restaurant", "nameTh": null, "nameEn": "Mountain view garden restaurant", "cat": ["food"], "province": "cm", "slug": "mountain-view-garden-restaurant-4333699923", "rank": 4}}, {"type": "Feature", "geometry": {"type": "Point", "coordinates": [98.99318, 18.79257]}, "properties": {"id": "cm-osm-node-7865151033", "name": "Mr. Green Restaurant", "nameTh": null, "nameEn": "Mr. Green Restaurant", "cat": ["food"], "province": "cm", "slug": "mr-green-restaurant-7865151033", "rank": 2}}, {"type": "Feature", "geometry": {"type": "Point", "coordinates": [98.98545, 18.78866]}, "properties": {"id": "cm-osm-node-4868944821", "name": "Mr. Kai 2 & K.Mango", "nameTh": null, "nameEn": "Mr. Kai 2 & K.Mango", "cat": ["food"], "province": "cm", "slug": "mr-kai-2-k-mango-4868944821", "rank": 1}}, {"type": "Feature", "geometry": {"type": "Point", "coordinates": [98.99044, 18.78629]}, "properties": {"id": "cm-osm-node-5211480123", "name": "Mr. Kai Restaurant", "nameTh": null, "nameEn": "Mr. Kai Restaurant", "cat": ["food"], "province": "cm", "slug": "mr-kai-restaurant-5211480123", "rank": 1}}, {"type": "Feature", "geometry": {"type": "Point", "coordinates": [98.98371, 18.7897]}, "properties": {"id": "cm-osm-node-4599304291", "name": "Mu toon 9", "nameTh": null, "nameEn": "Mu toon 9", "cat": ["food"], "province": "cm", "slug": "mu-toon-9-4599304291", "rank": 1}}, {"type": "Feature", "geometry": {"type": "Point", "coordinates": [98.98991, 18.78226]}, "properties": {"id": "cm-osm-node-6439003685", "name": "Munchies", "nameTh": null, "nameEn": "Munchies", "cat": ["food"], "province": "cm", "slug": "munchies-6439003685", "rank": 1}}, {"type": "Feature", "geometry": {"type": "Point", "coordinates": [98.98967, 18.7823]}, "properties": {"id": "cm-osm-way-809387700", "name": "My Bar", "nameTh": null, "nameEn": "My Bar", "cat": ["food"], "province": "cm", "slug": "my-bar-809387700", "rank": 1}}, {"type": "Feature", "geometry": {"type": "Point", "coordinates": [98.98323, 18.7881]}, "properties": {"id": "cm-osm-node-3907871477", "name": "My Secret Cafe", "nameTh": null, "nameEn": "My Secret Cafe", "cat": ["food"], "province": "cm", "slug": "my-secret-cafe-3907871477", "rank": 1}}, {"type": "Feature", "geometry": {"type": "Point", "coordinates": [98.98498, 18.78957]}, "properties": {"id": "cm-osm-node-2466401386", "name": "NAP'S Coffee Roaster", "nameTh": null, "nameEn": "NAP'S Coffee Roaster", "cat": ["food"], "province": "cm", "slug": "nap-s-coffee-roaster-2466401386", "rank": 2}}, {"type": "Feature", "geometry": {"type": "Point", "coordinates": [98.99145, 18.79232]}, "properties": {"id": "cm-osm-way-492846698", "name": "NOWHERE COFFEE BREWERS", "nameTh": null, "nameEn": "NOWHERE COFFEE BREWERS", "cat": ["food"], "province": "cm", "slug": "nowhere-coffee-brewers-492846698", "rank": 3}}, {"type": "Feature", "geometry": {"type": "Point", "coordinates": [98.98489, 18.78663]}, "properties": {"id": "cm-osm-node-11492126219", "name": "Nam Ngiaw Loong Pong", "nameTh": null, "nameEn": "Nam Ngiaw Loong Pong", "cat": ["food"], "province": "cm", "slug": "nam-ngiaw-loong-pong-11492126219", "rank": 1}}, {"type": "Feature", "geometry": {"type": "Point", "coordinates": [98.98586, 18.79052]}, "properties": {"id": "cm-osm-node-4403625389", "name": "Naree Coffee De'Klangwaing", "nameTh": null, "nameEn": "Naree Coffee De'Klangwaing", "cat": ["food"], "province": "cm", "slug": "naree-coffee-de-klangwaing-4403625389", "rank": 1}}, {"type": "Feature", "geometry": {"type": "Point", "coordinates": [98.99131, 18.7902]}, "properties": {"id": "cm-osm-way-481723937", "name": "Nature's Way Restaurant", "nameTh": "เส้นทางสู่ธรรมชาติ", "nameEn": "Nature's Way Restaurant", "cat": ["food"], "province": "cm", "slug": "nature-s-way-restaurant-481723937", "rank": 3}}, {"type": "Feature", "geometry": {"type": "Point", "coordinates": [98.99065, 18.79074]}, "properties": {"id": "cm-osm-node-1491262428", "name": "New Delhi", "nameTh": null, "nameEn": "New Delhi", "cat": ["food"], "province": "cm", "slug": "new-delhi-1491262428", "rank": 1}}, {"type": "Feature", "geometry": {"type": "Point", "coordinates": [98.9907, 18.79057]}, "properties": {"id": "cm-osm-node-10591363905", "name": "New Delhi Indian Restaurant", "nameTh": null, "nameEn": "New Delhi Indian Restaurant", "cat": ["food"], "province": "cm", "slug": "new-delhi-indian-restaurant-10591363905", "rank": 1}}, {"type": "Feature", "geometry": {"type": "Point", "coordinates": [98.99075, 18.79111]}, "properties": {"id": "cm-osm-node-4822717922", "name": "New York Pizza", "nameTh": null, "nameEn": "New York Pizza", "cat": ["food"], "province": "cm", "slug": "new-york-pizza-4822717922", "rank": 1}}, {"type": "Feature", "geometry": {"type": "Point", "coordinates": [98.99237, 18.79189]}, "properties": {"id": "cm-osm-node-3353875137", "name": "Nice Kitchen", "nameTh": null, "nameEn": "Nice Kitchen", "cat": ["food"], "province": "cm", "slug": "nice-kitchen-3353875137", "rank": 1}}, {"type": "Feature", "geometry": {"type": "Point", "coordinates": [98.9816, 18.78995]}, "properties": {"id": "cm-osm-node-4225187389", "name": "Nine coffee", "nameTh": null, "nameEn": "Nine coffee", "cat": ["food"], "province": "cm", "slug": "nine-coffee-4225187389", "rank": 1}}, {"type": "Feature", "geometry": {"type": "Point", "coordinates": [98.98678, 18.79465]}, "properties": {"id": "cm-osm-node-9568058117", "name": "Nobi Cha", "nameTh": null, "nameEn": "Nobi Cha", "cat": ["food"], "province": "cm", "slug": "nobi-cha-9568058117", "rank": 1}}, {"type": "Feature", "geometry": {"type": "Point", "coordinates": [98.98267, 18.78266]}, "properties": {"id": "cm-osm-node-5344719921", "name": "Nok Kafe", "nameTh": null, "nameEn": "Nok Kafe", "cat": ["food"], "province": "cm", "slug": "nok-kafe-5344719921", "rank": 1}}, {"type": "Feature", "geometry": {"type": "Point", "coordinates": [98.98214, 18.78546]}, "properties": {"id": "cm-osm-node-3384119224", "name": "Noodles & Foods", "nameTh": null, "nameEn": "Noodles & Foods", "cat": ["food"], "province": "cm", "slug": "noodles-foods-3384119224", "rank": 2}}, {"type": "Feature", "geometry": {"type": "Point", "coordinates": [98.98493, 18.78688]}, "properties": {"id": "cm-osm-node-13955897664", "name": "Noodles & Restaurant", "nameTh": null, "nameEn": "Noodles & Restaurant", "cat": ["food"], "province": "cm", "slug": "noodles-restaurant-13955897664", "rank": 1}}, {"type": "Feature", "geometry": {"type": "Point", "coordinates": [98.98182, 18.78326]}, "properties": {"id": "cm-osm-node-6372428087", "name": "Nophaburi Bar", "nameTh": null, "nameEn": "Nophaburi Bar", "cat": ["food"], "province": "cm", "slug": "nophaburi-bar-6372428087", "rank": 1}}, {"type": "Feature", "geometry": {"type": "Point", "coordinates": [98.987, 18.79484]}, "properties": {"id": "cm-osm-node-12756811601", "name": "Not Spicy Not Fun", "nameTh": null, "nameEn": "Not Spicy Not Fun", "cat": ["food"], "province": "cm", "slug": "not-spicy-not-fun-12756811601", "rank": 1}}, {"type": "Feature", "geometry": {"type": "Point", "coordinates": [98.99142, 18.79186]}, "properties": {"id": "cm-osm-node-5933370531", "name": "Nowhere", "nameTh": null, "nameEn": "Nowhere", "cat": ["food"], "province": "cm", "slug": "nowhere-5933370531", "rank": 1}}, {"type": "Feature", "geometry": {"type": "Point", "coordinates": [98.99131, 18.78467]}, "properties": {"id": "cm-osm-node-6267879684", "name": "Nut's Place", "nameTh": null, "nameEn": "Nut's Place", "cat": ["food"], "province": "cm", "slug": "nut-s-place-6267879684", "rank": 1}}, {"type": "Feature", "geometry": {"type": "Point", "coordinates": [98.99245, 18.79474]}, "properties": {"id": "cm-osm-node-3316532011", "name": "Oasis Rooftop Garden Bar", "nameTh": null, "nameEn": "Oasis Rooftop Garden Bar", "cat": ["food"], "province": "cm", "slug": "oasis-rooftop-garden-bar-3316532011", "rank": 1}}, {"type": "Feature", "geometry": {"type": "Point", "coordinates": [98.99265, 18.78462]}, "properties": {"id": "cm-osm-node-3266579667", "name": "On On", "nameTh": null, "nameEn": "On On", "cat": ["food"], "province": "cm", "slug": "on-on-3266579667", "rank": 1}}, {"type": "Feature", "geometry": {"type": "Point", "coordinates": [98.99302, 18.79458]}, "properties": {"id": "cm-osm-node-9788273618", "name": "Once in a Blue Moon", "nameTh": null, "nameEn": "Once in a Blue Moon", "cat": ["food"], "province": "cm", "slug": "once-in-a-blue-moon-9788273618", "rank": 1}}, {"type": "Feature", "geometry": {"type": "Point", "coordinates": [98.99266, 18.78598]}, "properties": {"id": "cm-osm-node-3632320011", "name": "Overstand", "nameTh": null, "nameEn": "Overstand", "cat": ["food"], "province": "cm", "slug": "overstand-3632320011", "rank": 2}}, {"type": "Feature", "geometry": {"type": "Point", "coordinates": [98.97906, 18.78452]}, "properties": {"id": "cm-osm-node-11282616512", "name": "Owl brasserie", "nameTh": null, "nameEn": "Owl brasserie", "cat": ["food"], "province": "cm", "slug": "owl-brasserie-11282616512", "rank": 2}}, {"type": "Feature", "geometry": {"type": "Point", "coordinates": [98.99086, 18.78396]}, "properties": {"id": "cm-osm-node-4723435889", "name": "P&P Coffee", "nameTh": null, "nameEn": "P&P Coffee", "cat": ["food"], "province": "cm", "slug": "p-p-coffee-4723435889", "rank": 1}}, {"type": "Feature", "geometry": {"type": "Point", "coordinates": [98.97957, 18.79137]}, "properties": {"id": "cm-osm-node-13850510801", "name": "Pa Rang Cafe & Art Stay", "nameTh": null, "nameEn": "Pa Rang Cafe & Art Stay", "cat": ["food"], "province": "cm", "slug": "pa-rang-cafe-art-stay-13850510801", "rank": 1}}, {"type": "Feature", "geometry": {"type": "Point", "coordinates": [98.98666, 18.78835]}, "properties": {"id": "cm-osm-node-2442812998", "name": "Pacamara", "nameTh": "พาคามารา", "nameEn": "Pacamara", "cat": ["food"], "province": "cm", "slug": "pacamara-2442812998", "rank": 2}}, {"type": "Feature", "geometry": {"type": "Point", "coordinates": [98.98208, 18.78542]}, "properties": {"id": "cm-osm-node-7005681503", "name": "Pad Thai Rachadumnoen", "nameTh": null, "nameEn": "Pad Thai Rachadumnoen", "cat": ["food"], "province": "cm", "slug": "pad-thai-rachadumnoen-7005681503", "rank": 1}}, {"type": "Feature", "geometry": {"type": "Point", "coordinates": [98.98528, 18.79361]}, "properties": {"id": "cm-osm-node-5177695828", "name": "Pad thai", "nameTh": null, "nameEn": "Pad thai", "cat": ["food"], "province": "cm", "slug": "pad-thai-5177695828", "rank": 1}}, {"type": "Feature", "geometry": {"type": "Point", "coordinates": [98.99279, 18.78792]}, "properties": {"id": "cm-osm-node-3277470021", "name": "Pai Doi Coffee", "nameTh": null, "nameEn": "Pai Doi Coffee", "cat": ["food"], "province": "cm", "slug": "pai-doi-coffee-3277470021", "rank": 1}}, {"type": "Feature", "geometry": {"type": "Point", "coordinates": [98.99091, 18.79227]}, "properties": {"id": "cm-osm-node-9882307217", "name": "Paleo Cuisine", "nameTh": null, "nameEn": "Paleo Cuisine", "cat": ["food"], "province": "cm", "slug": "paleo-cuisine-9882307217", "rank": 1}}, {"type": "Feature", "geometry": {"type": "Point", "coordinates": [98.99161, 18.78404]}, "properties": {"id": "cm-osm-node-3385473032", "name": "Paris", "nameTh": null, "nameEn": "Paris", "cat": ["food"], "province": "cm", "slug": "paris-3385473032", "rank": 3}}, {"type": "Feature", "geometry": {"type": "Point", "coordinates": [98.98269, 18.78995]}, "properties": {"id": "cm-osm-way-405950983", "name": "Pastó", "nameTh": null, "nameEn": "Pastó", "cat": ["food"], "province": "cm", "slug": "past-405950983", "rank": 1}}, {"type": "Feature", "geometry": {"type": "Point", "coordinates": [98.99133, 18.79042]}, "properties": {"id": "cm-osm-node-11389875030", "name": "Patty Potatoes", "nameTh": null, "nameEn": "Patty Potatoes", "cat": ["food"], "province": "cm", "slug": "patty-potatoes-11389875030", "rank": 1}}, {"type": "Feature", "geometry": {"type": "Point", "coordinates": [98.9918, 18.78296]}, "properties": {"id": "cm-osm-node-3385473033", "name": "Pee Yai", "nameTh": null, "nameEn": "Pee Yai", "cat": ["food"], "province": "cm", "slug": "pee-yai-3385473033", "rank": 3}}, {"type": "Feature", "geometry": {"type": "Point", "coordinates": [98.99034, 18.79122]}, "properties": {"id": "cm-osm-node-4693594489", "name": "Pentatonic Rock Bar", "nameTh": null, "nameEn": "Pentatonic Rock Bar", "cat": ["food"], "province": "cm", "slug": "pentatonic-rock-bar-4693594489", "rank": 1}}, {"type": "Feature", "geometry": {"type": "Point", "coordinates": [98.99089, 18.78846]}, "properties": {"id": "cm-osm-node-2055855118", "name": "Peppermint Coffee House", "nameTh": null, "nameEn": "peppermint coffee house", "cat": ["food"], "province": "cm", "slug": "peppermint-coffee-house-2055855118", "rank": 1}}, {"type": "Feature", "geometry": {"type": "Point", "coordinates": [98.98994, 18.79369]}, "properties": {"id": "cm-osm-node-4507872689", "name": "Phetphet Yummy", "nameTh": null, "nameEn": "Phetphet Yummy", "cat": ["food"], "province": "cm", "slug": "phetphet-yummy-4507872689", "rank": 1}}, {"type": "Feature", "geometry": {"type": "Point", "coordinates": [98.99137, 18.79285]}, "properties": {"id": "cm-osm-node-13571630601", "name": "Phin&Feta", "nameTh": null, "nameEn": "Phin&Feta", "cat": ["food"], "province": "cm", "slug": "phin-feta-13571630601", "rank": 1}}, {"type": "Feature", "geometry": {"type": "Point", "coordinates": [98.99276, 18.78796]}, "properties": {"id": "cm-osm-node-3619877581", "name": "Prego", "nameTh": null, "nameEn": "Prego", "cat": ["food"], "province": "cm", "slug": "prego-3619877581", "rank": 1}}, {"type": "Feature", "geometry": {"type": "Point", "coordinates": [98.98197, 18.79247]}, "properties": {"id": "cm-osm-node-5271367722", "name": "Punsanook Healthy Juice", "nameTh": null, "nameEn": "Punsanook Healthy Juice", "cat": ["food"], "province": "cm", "slug": "punsanook-healthy-juice-5271367722", "rank": 2}}, {"type": "Feature", "geometry": {"type": "Point", "coordinates": [98.99013, 18.78668]}, "properties": {"id": "cm-osm-node-11421707570", "name": "Pure vegan heaven", "nameTh": null, "nameEn": "Pure vegan heaven", "cat": ["food"], "province": "cm", "slug": "pure-vegan-heaven-11421707570", "rank": 1}}, {"type": "Feature", "geometry": {"type": "Point", "coordinates": [98.98764, 18.79356]}, "properties": {"id": "cm-osm-node-6611483685", "name": "R-Ree-DOI Cafe", "nameTh": null, "nameEn": "R-Ree-DOI Cafe", "cat": ["food"], "province": "cm", "slug": "r-ree-doi-cafe-6611483685", "rank": 1}}, {"type": "Feature", "geometry": {"type": "Point", "coordinates": [98.99213, 18.79386]}, "properties": {"id": "cm-osm-way-492846789", "name": "RAD RABBIT VEGAN PIZZERIA", "nameTh": null, "nameEn": "RAD RABBIT VEGAN PIZZERIA", "cat": ["food"], "province": "cm", "slug": "rad-rabbit-vegan-pizzeria-492846789", "rank": 4}}, {"type": "Feature", "geometry": {"type": "Point", "coordinates": [98.98352, 18.78954]}, "properties": {"id": "cm-osm-node-4213529534", "name": "ROOF 69", "nameTh": null, "nameEn": "ROOF 69", "cat": ["food"], "province": "cm", "slug": "roof-69-4213529534", "rank": 3}}, {"type": "Feature", "geometry": {"type": "Point", "coordinates": [98.98731, 18.78815]}, "properties": {"id": "cm-osm-node-2039979007", "name": "Rachadamneon Kitchen", "nameTh": null, "nameEn": "Rachadamneon Kitchen", "cat": ["food"], "province": "cm", "slug": "rachadamneon-kitchen-2039979007", "rank": 1}}, {"type": "Feature", "geometry": {"type": "Point", "coordinates": [98.99225, 18.79421]}, "properties": {"id": "cm-osm-node-9788266461", "name": "Radost Cafe", "nameTh": null, "nameEn": "Radost Cafe", "cat": ["food"], "province": "cm", "slug": "radost-cafe-9788266461", "rank": 1}}, {"type": "Feature", "geometry": {"type": "Point", "coordinates": [98.99237, 18.79412]}, "properties": {"id": "cm-osm-node-4548049202", "name": "Radost café", "nameTh": "Radost café", "nameEn": null, "cat": ["food"], "province": "cm", "slug": "radost-caf-4548049202", "rank": 1}}, {"type": "Feature", "geometry": {"type": "Point", "coordinates": [98.98535, 18.7882]}, "properties": {"id": "cm-osm-node-2419667430", "name": "Rajdamnoen Coffee", "nameTh": null, "nameEn": "Rajdamnoen Coffee", "cat": ["food"], "province": "cm", "slug": "rajdamnoen-coffee-2419667430", "rank": 1}}, {"type": "Feature", "geometry": {"type": "Point", "coordinates": [98.98424, 18.79067]}, "properties": {"id": "cm-osm-node-4655307491", "name": "Rakuda", "nameTh": "Ponganes Coffee Roasters", "nameEn": null, "cat": ["food"], "province": "cm", "slug": "ponganes-coffee-roasters-4655307491", "rank": 3}}, {"type": "Feature", "geometry": {"type": "Point", "coordinates": [98.98999, 18.78754]}, "properties": {"id": "cm-osm-node-5103179921", "name": "Ramen", "nameTh": null, "nameEn": "Ramen", "cat": ["food"], "province": "cm", "slug": "ramen-5103179921", "rank": 1}}, {"type": "Feature", "geometry": {"type": "Point", "coordinates": [98.9843, 18.79454]}, "properties": {"id": "cm-osm-node-5237522624", "name": "Reform Kafé", "nameTh": null, "nameEn": "Reform Kafé", "cat": ["food"], "province": "cm", "slug": "reform-kaf-5237522624", "rank": 3}}, {"type": "Feature", "geometry": {"type": "Point", "coordinates": [98.99241, 18.79342]}, "properties": {"id": "cm-osm-node-4887691123", "name": "Reissuppe & Nudelsuppe", "nameTh": "Reissuppe & Nudelsuppe", "nameEn": null, "cat": ["food"], "province": "cm", "slug": "reissuppe-nudelsuppe-4887691123", "rank": 1}}, {"type": "Feature", "geometry": {"type": "Point", "coordinates": [98.99278, 18.78706]}, "properties": {"id": "cm-osm-way-793158513", "name": "Renegade", "nameTh": null, "nameEn": "Renegade", "cat": ["food"], "province": "cm", "slug": "renegade-793158513", "rank": 2}}, {"type": "Feature", "geometry": {"type": "Point", "coordinates": [98.98385, 18.78818]}, "properties": {"id": "cm-osm-node-11715925137", "name": "Republic Coffee", "nameTh": null, "nameEn": "Republic Coffee", "cat": ["food"], "province": "cm", "slug": "republic-coffee-11715925137", "rank": 1}}, {"type": "Feature", "geometry": {"type": "Point", "coordinates": [98.99261, 18.78455]}, "properties": {"id": "cm-osm-node-11586424321", "name": "Revolution Bar", "nameTh": null, "nameEn": "Revolution Bar", "cat": ["food"], "province": "cm", "slug": "revolution-bar-11586424321", "rank": 1}}, {"type": "Feature", "geometry": {"type": "Point", "coordinates": [98.98867, 18.78635]}, "properties": {"id": "cm-osm-node-9323112824", "name": "Rice Barn Bar", "nameTh": null, "nameEn": "Rice Barn Bar", "cat": ["food"], "province": "cm", "slug": "rice-barn-bar-9323112824", "rank": 1}}, {"type": "Feature", "geometry": {"type": "Point", "coordinates": [98.98223, 18.79322]}, "properties": {"id": "cm-osm-node-6860302887", "name": "Rich Thai Restaurant", "nameTh": null, "nameEn": "Rich Thai Restaurant", "cat": ["food"], "province": "cm", "slug": "rich-thai-restaurant-6860302887", "rank": 1}}, {"type": "Feature", "geometry": {"type": "Point", "coordinates": [98.99336, 18.79491]}, "properties": {"id": "cm-osm-way-578863886", "name": "Riders Corner Bar & Restaurant", "nameTh": null, "nameEn": "Riders Corner Bar & Restaurant", "cat": ["food"], "province": "cm", "slug": "riders-corner-bar-restaurant-578863886", "rank": 4}}, {"type": "Feature", "geometry": {"type": "Point", "coordinates": [98.9858, 18.78967]}, "properties": {"id": "cm-osm-node-13584134602", "name": "Rodlamun", "nameTh": null, "nameEn": "Rodlamun", "cat": ["food"], "province": "cm", "slug": "rodlamun-13584134602", "rank": 1}}, {"type": "Feature", "geometry": {"type": "Point", "coordinates": [98.99024, 18.78151]}, "properties": {"id": "cm-osm-node-7197228085", "name": "Romano Coffee Studio", "nameTh": null, "nameEn": "Romano Coffee Studio", "cat": ["food"], "province": "cm", "slug": "romano-coffee-studio-7197228085", "rank": 1}}, {"type": "Feature", "geometry": {"type": "Point", "coordinates": [98.99076, 18.79122]}, "properties": {"id": "cm-osm-node-1491288233", "name": "Roots Rock Reggae", "nameTh": null, "nameEn": "Roots Rock Reggae", "cat": ["food"], "province": "cm", "slug": "roots-rock-reggae-1491288233", "rank": 1}}, {"type": "Feature", "geometry": {"type": "Point", "coordinates": [98.99028, 18.78535]}, "properties": {"id": "cm-osm-node-4066800752", "name": "Rose Restaurant", "nameTh": null, "nameEn": "Rose Restaurant", "cat": ["food"], "province": "cm", "slug": "rose-restaurant-4066800752", "rank": 1}}, {"type": "Feature", "geometry": {"type": "Point", "coordinates": [98.99301, 18.79441]}, "properties": {"id": "cm-osm-node-9788261431", "name": "Roxpresso Coffee Craft", "nameTh": null, "nameEn": "Roxpresso Coffee Craft", "cat": ["food"], "province": "cm", "slug": "roxpresso-coffee-craft-9788261431", "rank": 1}}, {"type": "Feature", "geometry": {"type": "Point", "coordinates": [98.99016, 18.78868]}, "properties": {"id": "cm-osm-way-334004235", "name": "Ruen Tamarind", "nameTh": null, "nameEn": "Ruen Tamarind", "cat": ["food"], "province": "cm", "slug": "ruen-tamarind-334004235", "rank": 4}}, {"type": "Feature", "geometry": {"type": "Point", "coordinates": [98.98102, 18.78605]}, "properties": {"id": "cm-osm-node-6195852485", "name": "S-rong coffee", "nameTh": null, "nameEn": "S-rong coffee", "cat": ["food"], "province": "cm", "slug": "s-rong-coffee-6195852485", "rank": 1}}, {"type": "Feature", "geometry": {"type": "Point", "coordinates": [98.9915, 18.79162]}, "properties": {"id": "cm-osm-way-492846791", "name": "S.L. Italian Pasta", "nameTh": "Secret Learning Italian Pasta", "nameEn": null, "cat": ["food"], "province": "cm", "slug": "secret-learning-italian-pasta-492846791", "rank": 2}}, {"type": "Feature", "geometry": {"type": "Point", "coordinates": [98.98119, 18.78765]}, "properties": {"id": "cm-osm-node-3682837946", "name": "SP Chicken", "nameTh": "ไก่ย่าง เอสพี", "nameEn": "SP Chicken", "cat": ["food"], "province": "cm", "slug": "sp-chicken-3682837946", "rank": 3}}, {"type": "Feature", "geometry": {"type": "Point", "coordinates": [98.98407, 18.79145]}, "properties": {"id": "cm-osm-way-308547735", "name": "Sabai", "nameTh": null, "nameEn": "Sabai", "cat": ["food"], "province": "cm", "slug": "sabai-308547735", "rank": 1}}, {"type": "Feature", "geometry": {"type": "Point", "coordinates": [98.99269, 18.78465]}, "properties": {"id": "cm-osm-node-3266579666", "name": "Sabai Sabai Thai Restaurant", "nameTh": null, "nameEn": "Sabai Sabai Thai Restaurant", "cat": ["food"], "province": "cm", "slug": "sabai-sabai-thai-restaurant-3266579666", "rank": 1}}, {"type": "Feature", "geometry": {"type": "Point", "coordinates": [98.9929, 18.78766]}, "properties": {"id": "cm-osm-way-579074438", "name": "Sailomjoy", "nameTh": null, "nameEn": "Sailomjoy", "cat": ["food"], "province": "cm", "slug": "sailomjoy-579074438", "rank": 1}}, {"type": "Feature", "geometry": {"type": "Point", "coordinates": [98.99102, 18.78892]}, "properties": {"id": "cm-osm-node-4655109999", "name": "Samtam", "nameTh": null, "nameEn": "Samtam", "cat": ["food"], "province": "cm", "slug": "samtam-4655109999", "rank": 2}}, {"type": "Feature", "geometry": {"type": "Point", "coordinates": [98.99009, 18.78916]}, "properties": {"id": "cm-osm-node-11989775069", "name": "Sanjan Indonesian Cafe", "nameTh": null, "nameEn": "Sanjan Indonesian Cafe", "cat": ["food"], "province": "cm", "slug": "sanjan-indonesian-cafe-11989775069", "rank": 3}}, {"type": "Feature", "geometry": {"type": "Point", "coordinates": [98.98189, 18.79455]}, "properties": {"id": "cm-osm-node-12495831202", "name": "Sapphic Riot", "nameTh": null, "nameEn": "Sapphic Riot", "cat": ["food"], "province": "cm", "slug": "sapphic-riot-12495831202", "rank": 1}}, {"type": "Feature", "geometry": {"type": "Point", "coordinates": [98.99205, 18.78307]}, "properties": {"id": "cm-osm-node-2598509590", "name": "Scratching", "nameTh": null, "nameEn": "Scratching", "cat": ["food"], "province": "cm", "slug": "scratching-2598509590", "rank": 1}}, {"type": "Feature", "geometry": {"type": "Point", "coordinates": [98.98819, 18.7856]}, "properties": {"id": "cm-osm-node-4427087637", "name": "See You Soon", "nameTh": null, "nameEn": "See You Soon", "cat": ["food"], "province": "cm", "slug": "see-you-soon-4427087637", "rank": 1}}, {"type": "Feature", "geometry": {"type": "Point", "coordinates": [98.98228, 18.79047]}, "properties": {"id": "cm-osm-node-12301174700", "name": "Seven Slash Two", "nameTh": null, "nameEn": "Seven Slash Two", "cat": ["food"], "province": "cm", "slug": "seven-slash-two-12301174700", "rank": 2}}, {"type": "Feature", "geometry": {"type": "Point", "coordinates": [98.99104, 18.79045]}, "properties": {"id": "cm-osm-node-4634563205", "name": "Simple Cafe", "nameTh": null, "nameEn": "Simple Cafe", "cat": ["food"], "province": "cm", "slug": "simple-cafe-4634563205", "rank": 2}}, {"type": "Feature", "geometry": {"type": "Point", "coordinates": [98.9852, 18.7932]}, "properties": {"id": "cm-osm-node-6094446495", "name": "Simply Happy", "nameTh": null, "nameEn": "Simply Happy", "cat": ["food"], "province": "cm", "slug": "simply-happy-6094446495", "rank": 2}}, {"type": "Feature", "geometry": {"type": "Point", "coordinates": [98.99091, 18.79121]}, "properties": {"id": "cm-osm-node-4360412891", "name": "Ska Party", "nameTh": null, "nameEn": "Ska Party", "cat": ["food"], "province": "cm", "slug": "ska-party-4360412891", "rank": 1}}, {"type": "Feature", "geometry": {"type": "Point", "coordinates": [98.98813, 18.7872]}, "properties": {"id": "cm-osm-node-5694469226", "name": "Smoothie shop", "nameTh": null, "nameEn": "Smoothie shop", "cat": ["food"], "province": "cm", "slug": "smoothie-shop-5694469226", "rank": 1}}, {"type": "Feature", "geometry": {"type": "Point", "coordinates": [98.98645, 18.7935]}, "properties": {"id": "cm-osm-node-7229241085", "name": "Snooze Chiangmai", "nameTh": null, "nameEn": "Snooze Chiangmai", "cat": ["food"], "province": "cm", "slug": "snooze-chiangmai-7229241085", "rank": 3}}, {"type": "Feature", "geometry": {"type": "Point", "coordinates": [98.98497, 18.78428]}, "properties": {"id": "cm-osm-node-9322682017", "name": "Soi 7 Espresso", "nameTh": null, "nameEn": "Soi 7 Espresso", "cat": ["food"], "province": "cm", "slug": "soi-7-espresso-9322682017", "rank": 2}}, {"type": "Feature", "geometry": {"type": "Point", "coordinates": [98.99012, 18.79469]}, "properties": {"id": "cm-osm-node-13357676218", "name": "Soldier Bar", "nameTh": null, "nameEn": "Soldier Bar", "cat": ["food"], "province": "cm", "slug": "soldier-bar-13357676218", "rank": 1}}, {"type": "Feature", "geometry": {"type": "Point", "coordinates": [98.99104, 18.78896]}, "properties": {"id": "cm-osm-node-4603091090", "name": "Som Tam", "nameTh": "Som Tam", "nameEn": "Nun’s Restaurant - Som Tam", "cat": ["food"], "province": "cm", "slug": "nun-s-restaurant-som-tam-4603091090", "rank": 4}}, {"type": "Feature", "geometry": {"type": "Point", "coordinates": [98.99159, 18.7921]}, "properties": {"id": "cm-osm-node-12298418801", "name": "Space Cafe", "nameTh": null, "nameEn": "Space Cafe", "cat": ["food"], "province": "cm", "slug": "space-cafe-12298418801", "rank": 1}}, {"type": "Feature", "geometry": {"type": "Point", "coordinates": [98.98173, 18.78175]}, "properties": {"id": "cm-osm-node-6095620536", "name": "Spades", "nameTh": null, "nameEn": "Spades", "cat": ["food"], "province": "cm", "slug": "spades-6095620536", "rank": 1}}, {"type": "Feature", "geometry": {"type": "Point", "coordinates": [98.99254, 18.79199]}, "properties": {"id": "cm-osm-node-6312065489", "name": "Star Coffee", "nameTh": null, "nameEn": "Star Coffee", "cat": ["food"], "province": "cm", "slug": "star-coffee-6312065489", "rank": 1}}, {"type": "Feature", "geometry": {"type": "Point", "coordinates": [98.99299, 18.78767]}, "properties": {"id": "cm-osm-node-9620094817", "name": "Stories", "nameTh": null, "nameEn": "Stories", "cat": ["food"], "province": "cm", "slug": "stories-9620094817", "rank": 2}}, {"type": "Feature", "geometry": {"type": "Point", "coordinates": [98.99077, 18.78773]}, "properties": {"id": "cm-osm-way-1443190424", "name": "Streetfood Market with sit down area!", "nameTh": null, "nameEn": "Streetfood Market with sit down area!", "cat": ["food"], "province": "cm", "slug": "streetfood-market-with-sit-down-area-1443190424", "rank": 1}}, {"type": "Feature", "geometry": {"type": "Point", "coordinates": [98.99257, 18.78801]}, "properties": {"id": "cm-osm-node-3926723679", "name": "Subway", "nameTh": null, "nameEn": "Subway", "cat": ["food"], "province": "cm", "slug": "subway-3926723679", "rank": 3}}, {"type": "Feature", "geometry": {"type": "Point", "coordinates": [98.98026, 18.78952]}, "properties": {"id": "cm-osm-node-13142229920", "name": "Sunflower Smoothie & Coffee", "nameTh": null, "nameEn": "Sunflower Smoothie & Coffee", "cat": ["food"], "province": "cm", "slug": "sunflower-smoothie-coffee-13142229920", "rank": 4}}, {"type": "Feature", "geometry": {"type": "Point", "coordinates": [98.98213, 18.78295]}, "properties": {"id": "cm-osm-node-10301591909", "name": "Sweet Home Coffee", "nameTh": null, "nameEn": "Sweet Home Coffee", "cat": ["food"], "province": "cm", "slug": "sweet-home-coffee-10301591909", "rank": 2}}, {"type": "Feature", "geometry": {"type": "Point", "coordinates": [98.98253, 18.78755]}, "properties": {"id": "cm-osm-node-4440847089", "name": "Taa Peng Cat", "nameTh": null, "nameEn": "Taa Peng Cat", "cat": ["food"], "province": "cm", "slug": "taa-peng-cat-4440847089", "rank": 2}}, {"type": "Feature", "geometry": {"type": "Point", "coordinates": [98.98535, 18.79318]}, "properties": {"id": "cm-osm-node-6354525197", "name": "Take Care", "nameTh": null, "nameEn": "Take Care", "cat": ["food"], "province": "cm", "slug": "take-care-6354525197", "rank": 1}}, {"type": "Feature", "geometry": {"type": "Point", "coordinates": [98.98211, 18.79119]}, "properties": {"id": "cm-osm-node-3927203452", "name": "Tang Nueng", "nameTh": null, "nameEn": "Tang Nueng", "cat": ["food"], "province": "cm", "slug": "tang-nueng-3927203452", "rank": 2}}, {"type": "Feature", "geometry": {"type": "Point", "coordinates": [98.98965, 18.79067]}, "properties": {"id": "cm-osm-node-2039922767", "name": "Tanya", "nameTh": null, "nameEn": "Tanya", "cat": ["food"], "province": "cm", "slug": "tanya-2039922767", "rank": 1}}, {"type": "Feature", "geometry": {"type": "Point", "coordinates": [98.97989, 18.78783]}, "properties": {"id": "cm-osm-node-7882732035", "name": "TaroRamen Honten", "nameTh": "ทาโร่ราเมงฮอนเตง", "nameEn": "TaroRamen Honten", "cat": ["food"], "province": "cm", "slug": "taroramen-honten-7882732035", "rank": 2}}, {"type": "Feature", "geometry": {"type": "Point", "coordinates": [98.98201, 18.79297]}, "properties": {"id": "cm-osm-node-4362281389", "name": "Tassaneeya", "nameTh": null, "nameEn": "Tassaneeya", "cat": ["food"], "province": "cm", "slug": "tassaneeya-4362281389", "rank": 1}}, {"type": "Feature", "geometry": {"type": "Point", "coordinates": [98.99217, 18.78527]}, "properties": {"id": "cm-osm-way-623162100", "name": "Taste From Heaven", "nameTh": "เทสฟรอมเฮเว่น", "nameEn": "Taste From Heaven", "cat": ["food"], "province": "cm", "slug": "taste-from-heaven-623162100", "rank": 4}}, {"type": "Feature", "geometry": {"type": "Point", "coordinates": [98.9926, 18.7905]}, "properties": {"id": "cm-osm-node-11699260465", "name": "Tawii Sourdough Bakehouse", "nameTh": null, "nameEn": "Tawii Sourdough Bakehouse", "cat": ["food"], "province": "cm", "slug": "tawii-sourdough-bakehouse-11699260465", "rank": 2}}, {"type": "Feature", "geometry": {"type": "Point", "coordinates": [98.98895, 18.78234]}, "properties": {"id": "cm-osm-node-1107238261", "name": "Tein Sieng", "nameTh": null, "nameEn": "Tein Sieng", "cat": ["food"], "province": "cm", "slug": "tein-sieng-1107238261", "rank": 2}}, {"type": "Feature", "geometry": {"type": "Point", "coordinates": [98.99006, 18.79045]}, "properties": {"id": "cm-osm-node-13906274701", "name": "Telling Café", "nameTh": null, "nameEn": "Telling Café", "cat": ["food"], "province": "cm", "slug": "telling-caf-13906274701", "rank": 1}}, {"type": "Feature", "geometry": {"type": "Point", "coordinates": [98.98787, 18.78809]}, "properties": {"id": "cm-osm-node-4115990789", "name": "Terrace", "nameTh": null, "nameEn": "Terrace", "cat": ["food"], "province": "cm", "slug": "terrace-4115990789", "rank": 1}}, {"type": "Feature", "geometry": {"type": "Point", "coordinates": [98.99224, 18.7941]}, "properties": {"id": "cm-osm-way-255927399", "name": "Thai 1 On", "nameTh": null, "nameEn": "Thai 1 On", "cat": ["food"], "province": "cm", "slug": "thai-1-on-255927399", "rank": 1}}, {"type": "Feature", "geometry": {"type": "Point", "coordinates": [98.98005, 18.79095]}, "properties": {"id": "cm-osm-node-4233633591", "name": "Thai Akha Cooking School", "nameTh": null, "nameEn": "Thai Akha Cooking School", "cat": ["cooking", "food"], "province": "cm", "slug": "thai-akha-cooking-school-4233633591", "rank": 1}}, {"type": "Feature", "geometry": {"type": "Point", "coordinates": [98.99239, 18.78442]}, "properties": {"id": "cm-osm-node-3385473041", "name": "Thai Biza Rocks", "nameTh": null, "nameEn": "Thai Biza Rocks", "cat": ["food"], "province": "cm", "slug": "thai-biza-rocks-3385473041", "rank": 1}}, {"type": "Feature", "geometry": {"type": "Point", "coordinates": [98.9858, 18.79303]}, "properties": {"id": "cm-osm-node-6320951385", "name": "Thai Streetfood", "nameTh": null, "nameEn": "Thai Streetfood", "cat": ["food"], "province": "cm", "slug": "thai-streetfood-6320951385", "rank": 1}}, {"type": "Feature", "geometry": {"type": "Point", "coordinates": [98.98521, 18.79359]}, "properties": {"id": "cm-osm-node-12453149801", "name": "Thai food Resto", "nameTh": null, "nameEn": "Thai food Resto", "cat": ["food"], "province": "cm", "slug": "thai-food-resto-12453149801", "rank": 2}}, {"type": "Feature", "geometry": {"type": "Point", "coordinates": [98.98505, 18.78624]}, "properties": {"id": "cm-osm-node-5617758622", "name": "Thaiwa Coffee", "nameTh": null, "nameEn": "Thaiwa Coffee", "cat": ["food"], "province": "cm", "slug": "thaiwa-coffee-5617758622", "rank": 2}}, {"type": "Feature", "geometry": {"type": "Point", "coordinates": [98.99009, 18.78296]}, "properties": {"id": "cm-osm-node-6342563399", "name": "Thank God It‘s Fry Day", "nameTh": null, "nameEn": "Thank God It‘s Fry Day", "cat": ["food"], "province": "cm", "slug": "thank-god-it-s-fry-day-6342563399", "rank": 2}}, {"type": "Feature", "geometry": {"type": "Point", "coordinates": [98.99153, 18.78377]}, "properties": {"id": "cm-osm-node-1138709494", "name": "Thapae Chill Garden", "nameTh": null, "nameEn": "Thapae Chill Garden", "cat": ["food"], "province": "cm", "slug": "thapae-chill-garden-1138709494", "rank": 1}}, {"type": "Feature", "geometry": {"type": "Point", "coordinates": [98.99304, 18.7931]}, "properties": {"id": "cm-osm-node-5154830781", "name": "The Bagel House", "nameTh": null, "nameEn": "The Bagel House", "cat": ["food"], "province": "cm", "slug": "the-bagel-house-5154830781", "rank": 1}}, {"type": "Feature", "geometry": {"type": "Point", "coordinates": [98.98949, 18.79305]}, "properties": {"id": "cm-osm-node-4608105020", "name": "The Chef", "nameTh": null, "nameEn": "The Chef", "cat": ["food"], "province": "cm", "slug": "the-chef-4608105020", "rank": 1}}, {"type": "Feature", "geometry": {"type": "Point", "coordinates": [98.99294, 18.78791]}, "properties": {"id": "cm-osm-node-2716915567", "name": "The Coffee Club", "nameTh": null, "nameEn": "The Coffee Club", "cat": ["food"], "province": "cm", "slug": "the-coffee-club-2716915567", "rank": 1}}, {"type": "Feature", "geometry": {"type": "Point", "coordinates": [98.99024, 18.79122]}, "properties": {"id": "cm-osm-node-1491288376", "name": "The Corner", "nameTh": null, "nameEn": "The Corner", "cat": ["food"], "province": "cm", "slug": "the-corner-1491288376", "rank": 1}}, {"type": "Feature", "geometry": {"type": "Point", "coordinates": [98.99282, 18.78524]}, "properties": {"id": "cm-osm-node-1789411283", "name": "The Corner", "nameTh": null, "nameEn": "The Corner", "cat": ["food"], "province": "cm", "slug": "the-corner-1789411283", "rank": 1}}, {"type": "Feature", "geometry": {"type": "Point", "coordinates": [98.99047, 18.78546]}, "properties": {"id": "cm-osm-node-4358697889", "name": "The Corner", "nameTh": null, "nameEn": "The Corner", "cat": ["food"], "province": "cm", "slug": "the-corner-4358697889", "rank": 1}}, {"type": "Feature", "geometry": {"type": "Point", "coordinates": [98.98975, 18.78175]}, "properties": {"id": "cm-osm-node-2598509593", "name": "The Cozy Cafe", "nameTh": null, "nameEn": "The Cozy Cafe", "cat": ["food"], "province": "cm", "slug": "the-cozy-cafe-2598509593", "rank": 1}}, {"type": "Feature", "geometry": {"type": "Point", "coordinates": [98.99094, 18.78541]}, "properties": {"id": "cm-osm-node-3385473042", "name": "The Curry Pot", "nameTh": null, "nameEn": "The Curry Pot", "cat": ["food"], "province": "cm", "slug": "the-curry-pot-3385473042", "rank": 1}}, {"type": "Feature", "geometry": {"type": "Point", "coordinates": [98.98737, 18.78186]}, "properties": {"id": "cm-osm-way-793933944", "name": "The Faces - Gallery & Gastrobar", "nameTh": null, "nameEn": "The Faces - Gallery & Gastrobar", "cat": ["food"], "province": "cm", "slug": "the-faces-gallery-gastrobar-793933944", "rank": 3}}, {"type": "Feature", "geometry": {"type": "Point", "coordinates": [98.98746, 18.78814]}, "properties": {"id": "cm-osm-node-5554644222", "name": "The Garden", "nameTh": null, "nameEn": "The Garden", "cat": ["food"], "province": "cm", "slug": "the-garden-5554644222", "rank": 3}}, {"type": "Feature", "geometry": {"type": "Point", "coordinates": [98.99046, 18.78649]}, "properties": {"id": "cm-osm-node-8755383017", "name": "The Grill of Punjab", "nameTh": null, "nameEn": "The Grill of Punjab", "cat": ["food"], "province": "cm", "slug": "the-grill-of-punjab-8755383017", "rank": 1}}, {"type": "Feature", "geometry": {"type": "Point", "coordinates": [98.99268, 18.78445]}, "properties": {"id": "cm-osm-node-3385473043", "name": "The Half Moon", "nameTh": null, "nameEn": "The Half Moon", "cat": ["food"], "province": "cm", "slug": "the-half-moon-3385473043", "rank": 2}}, {"type": "Feature", "geometry": {"type": "Point", "coordinates": [98.99318, 18.79289]}, "properties": {"id": "cm-osm-node-4454157765", "name": "The House", "nameTh": null, "nameEn": "The House", "cat": ["food"], "province": "cm", "slug": "the-house-4454157765", "rank": 2}}, {"type": "Feature", "geometry": {"type": "Point", "coordinates": [98.99133, 18.79016]}, "properties": {"id": "cm-osm-node-13347185301", "name": "The Little Sunday", "nameTh": null, "nameEn": "The Little Sunday", "cat": ["food"], "province": "cm", "slug": "the-little-sunday-13347185301", "rank": 2}}, {"type": "Feature", "geometry": {"type": "Point", "coordinates": [98.99154, 18.78301]}, "properties": {"id": "cm-osm-way-787905635", "name": "The Lost Hut", "nameTh": null, "nameEn": "The Lost Hut", "cat": ["food"], "province": "cm", "slug": "the-lost-hut-787905635", "rank": 1}}, {"type": "Feature", "geometry": {"type": "Point", "coordinates": [98.9929, 18.78594]}, "properties": {"id": "cm-osm-way-482772355", "name": "The Moat House", "nameTh": null, "nameEn": "The Moat House", "cat": ["food"], "province": "cm", "slug": "the-moat-house-482772355", "rank": 2}}, {"type": "Feature", "geometry": {"type": "Point", "coordinates": [98.98715, 18.78809]}, "properties": {"id": "cm-osm-node-7023415762", "name": "The Old City", "nameTh": null, "nameEn": "The Old City", "cat": ["food"], "province": "cm", "slug": "the-old-city-7023415762", "rank": 1}}, {"type": "Feature", "geometry": {"type": "Point", "coordinates": [98.98733, 18.78814]}, "properties": {"id": "cm-osm-node-3134799429", "name": "The Old Inn", "nameTh": null, "nameEn": "The Old Inn", "cat": ["food"], "province": "cm", "slug": "the-old-inn-3134799429", "rank": 1}}, {"type": "Feature", "geometry": {"type": "Point", "coordinates": [98.99071, 18.79073]}, "properties": {"id": "cm-osm-node-2292111473", "name": "The Peppermint", "nameTh": null, "nameEn": "The Peppermint", "cat": ["food"], "province": "cm", "slug": "the-peppermint-2292111473", "rank": 1}}, {"type": "Feature", "geometry": {"type": "Point", "coordinates": [98.98, 18.79276]}, "properties": {"id": "cm-osm-way-623146078", "name": "The Scale House", "nameTh": null, "nameEn": "The Scale House", "cat": ["food"], "province": "cm", "slug": "the-scale-house-623146078", "rank": 1}}, {"type": "Feature", "geometry": {"type": "Point", "coordinates": [98.99119, 18.79043]}, "properties": {"id": "cm-osm-node-4812642121", "name": "The Score", "nameTh": null, "nameEn": "The Score", "cat": ["food"], "province": "cm", "slug": "the-score-4812642121", "rank": 1}}, {"type": "Feature", "geometry": {"type": "Point", "coordinates": [98.99054, 18.78428]}, "properties": {"id": "cm-osm-node-11056889306", "name": "The Simple Man", "nameTh": null, "nameEn": "The Simple Man", "cat": ["food"], "province": "cm", "slug": "the-simple-man-11056889306", "rank": 1}}, {"type": "Feature", "geometry": {"type": "Point", "coordinates": [98.99104, 18.78405]}, "properties": {"id": "cm-osm-node-5103146322", "name": "The Wall", "nameTh": null, "nameEn": "The Wall", "cat": ["food"], "province": "cm", "slug": "the-wall-5103146322", "rank": 3}}, {"type": "Feature", "geometry": {"type": "Point", "coordinates": [98.98736, 18.78815]}, "properties": {"id": "cm-osm-node-2039980758", "name": "The Writers Club & Wine Bar", "nameTh": null, "nameEn": "The Writers Club & Wine Bar", "cat": ["food"], "province": "cm", "slug": "the-writers-club-wine-bar-2039980758", "rank": 1}}, {"type": "Feature", "geometry": {"type": "Point", "coordinates": [98.98898, 18.78807]}, "properties": {"id": "cm-osm-node-1598982582", "name": "Theakston", "nameTh": null, "nameEn": "Theakston", "cat": ["food"], "province": "cm", "slug": "theakston-1598982582", "rank": 1}}, {"type": "Feature", "geometry": {"type": "Point", "coordinates": [98.98024, 18.7887]}, "properties": {"id": "cm-osm-node-3388701190", "name": "Thor Phan", "nameTh": "ทอฝัน", "nameEn": "Thor Phan", "cat": ["food"], "province": "cm", "slug": "thor-phan-3388701190", "rank": 3}}, {"type": "Feature", "geometry": {"type": "Point", "coordinates": [98.99276, 18.78457]}, "properties": {"id": "cm-osm-node-3385473046", "name": "Tiny Corner", "nameTh": null, "nameEn": "Tiny Corner", "cat": ["food"], "province": "cm", "slug": "tiny-corner-3385473046", "rank": 1}}, {"type": "Feature", "geometry": {"type": "Point", "coordinates": [98.98973, 18.78219]}, "properties": {"id": "cm-osm-way-809387714", "name": "Trailhead Café & Outdoor Shop", "nameTh": null, "nameEn": "Trailhead Café & Outdoor Shop", "cat": ["food"], "province": "cm", "slug": "trailhead-caf-outdoor-shop-809387714", "rank": 1}}, {"type": "Feature", "geometry": {"type": "Point", "coordinates": [98.99053, 18.78342]}, "properties": {"id": "cm-osm-node-10203305349", "name": "Travellers Arms", "nameTh": null, "nameEn": "Travellers Arms", "cat": ["food"], "province": "cm", "slug": "travellers-arms-10203305349", "rank": 1}}, {"type": "Feature", "geometry": {"type": "Point", "coordinates": [98.98283, 18.78941]}, "properties": {"id": "cm-osm-node-3197689690", "name": "Tree Sis Coffee", "nameTh": "ทรีซิสคอฟฟี่", "nameEn": "Tree Sis Coffee", "cat": ["food"], "province": "cm", "slug": "tree-sis-coffee-3197689690", "rank": 3}}, {"type": "Feature", "geometry": {"type": "Point", "coordinates": [98.98799, 18.78922]}, "properties": {"id": "cm-osm-node-6217558285", "name": "Twenty Mar Cafe", "nameTh": null, "nameEn": "Twenty Mar Cafe", "cat": ["food"], "province": "cm", "slug": "twenty-mar-cafe-6217558285", "rank": 2}}, {"type": "Feature", "geometry": {"type": "Point", "coordinates": [98.987, 18.78834]}, "properties": {"id": "cm-osm-node-2039968655", "name": "U", "nameTh": null, "nameEn": "U", "cat": ["food"], "province": "cm", "slug": "u-2039968655", "rank": 1}}, {"type": "Feature", "geometry": {"type": "Point", "coordinates": [98.98974, 18.78214]}, "properties": {"id": "cm-osm-way-809387713", "name": "U & I Bar", "nameTh": null, "nameEn": "U & I Bar", "cat": ["food"], "province": "cm", "slug": "u-i-bar-809387713", "rank": 1}}, {"type": "Feature", "geometry": {"type": "Point", "coordinates": [98.99151, 18.7906]}, "properties": {"id": "cm-osm-way-324137063", "name": "UN Irish Pub", "nameTh": null, "nameEn": "UN Irish Pub", "cat": ["food"], "province": "cm", "slug": "un-irish-pub-324137063", "rank": 1}}, {"type": "Feature", "geometry": {"type": "Point", "coordinates": [98.99018, 18.79483]}, "properties": {"id": "cm-osm-node-4280108475", "name": "Uno pizza", "nameTh": null, "nameEn": "Uno Pizza", "cat": ["food"], "province": "cm", "slug": "uno-pizza-4280108475", "rank": 1}}, {"type": "Feature", "geometry": {"type": "Point", "coordinates": [98.9913, 18.79018]}, "properties": {"id": "cm-osm-node-6130405289", "name": "Up to Coffee", "nameTh": null, "nameEn": "Up to Coffee", "cat": ["food"], "province": "cm", "slug": "up-to-coffee-6130405289", "rank": 1}}, {"type": "Feature", "geometry": {"type": "Point", "coordinates": [98.97879, 18.78419]}, "properties": {"id": "cm-osm-node-3388711771", "name": "Update", "nameTh": null, "nameEn": "Update", "cat": ["food"], "province": "cm", "slug": "update-3388711771", "rank": 1}}, {"type": "Feature", "geometry": {"type": "Point", "coordinates": [98.99248, 18.79455]}, "properties": {"id": "cm-osm-way-255927410", "name": "Upper Deck", "nameTh": null, "nameEn": "Upper Deck", "cat": ["food"], "province": "cm", "slug": "upper-deck-255927410", "rank": 2}}, {"type": "Feature", "geometry": {"type": "Point", "coordinates": [98.9925, 18.78792]}, "properties": {"id": "cm-osm-node-3619858705", "name": "VAVA Frozen Yogurt", "nameTh": null, "nameEn": "VAVA Frozen Yogurt", "cat": ["food"], "province": "cm", "slug": "vava-frozen-yogurt-3619858705", "rank": 1}}, {"type": "Feature", "geometry": {"type": "Point", "coordinates": [98.99239, 18.79399]}, "properties": {"id": "cm-osm-way-578863887", "name": "Vegan Heaven 2", "nameTh": null, "nameEn": "Vegan Heaven 2", "cat": ["food"], "province": "cm", "slug": "vegan-heaven-2-578863887", "rank": 1}}, {"type": "Feature", "geometry": {"type": "Point", "coordinates": [98.9919, 18.78995]}, "properties": {"id": "cm-osm-node-10028765917", "name": "Vegan Meals", "nameTh": null, "nameEn": "Vegan Meals", "cat": ["food"], "province": "cm", "slug": "vegan-meals-10028765917", "rank": 1}}, {"type": "Feature", "geometry": {"type": "Point", "coordinates": [98.9824, 18.78369]}, "properties": {"id": "cm-osm-node-10791281005", "name": "Vegan society", "nameTh": null, "nameEn": "Vegan society", "cat": ["food"], "province": "cm", "slug": "vegan-society-10791281005", "rank": 1}}, {"type": "Feature", "geometry": {"type": "Point", "coordinates": [98.99266, 18.794]}, "properties": {"id": "cm-osm-node-5074576022", "name": "Vegetarian restaurant", "nameTh": "Vegetarian restaurant", "nameEn": null, "cat": ["food"], "province": "cm", "slug": "vegetarian-restaurant-5074576022", "rank": 1}}, {"type": "Feature", "geometry": {"type": "Point", "coordinates": [98.99017, 18.79219]}, "properties": {"id": "cm-osm-node-4820434529", "name": "Vigie Sist Cafe", "nameTh": "Vigie Sist Cafe", "nameEn": null, "cat": ["food"], "province": "cm", "slug": "vigie-sist-cafe-4820434529", "rank": 2}}, {"type": "Feature", "geometry": {"type": "Point", "coordinates": [98.99068, 18.78533]}, "properties": {"id": "cm-osm-node-10821771284", "name": "Vipuya Bowls & Juice", "nameTh": null, "nameEn": "Vipuya Bowls & Juice", "cat": ["food"], "province": "cm", "slug": "vipuya-bowls-juice-10821771284", "rank": 2}}, {"type": "Feature", "geometry": {"type": "Point", "coordinates": [98.99111, 18.79044]}, "properties": {"id": "cm-osm-node-1491302514", "name": "Viva Pizza", "nameTh": null, "nameEn": "Viva Pizza", "cat": ["food"], "province": "cm", "slug": "viva-pizza-1491302514", "rank": 1}}, {"type": "Feature", "geometry": {"type": "Point", "coordinates": [98.98356, 18.78961]}, "properties": {"id": "cm-osm-node-4730080789", "name": "Viya", "nameTh": "Viya", "nameEn": null, "cat": ["food"], "province": "cm", "slug": "viya-4730080789", "rank": 1}}, {"type": "Feature", "geometry": {"type": "Point", "coordinates": [98.97984, 18.79343]}, "properties": {"id": "cm-osm-node-8413540719", "name": "Volks Bagels", "nameTh": null, "nameEn": "Volks Bagels", "cat": ["food"], "province": "cm", "slug": "volks-bagels-8413540719", "rank": 2}}, {"type": "Feature", "geometry": {"type": "Point", "coordinates": [98.99248, 18.78873]}, "properties": {"id": "cm-osm-node-9982674524", "name": "Wake n' Bake", "nameTh": null, "nameEn": "Wake n' Bake", "cat": ["food"], "province": "cm", "slug": "wake-n-bake-9982674524", "rank": 1}}, {"type": "Feature", "geometry": {"type": "Point", "coordinates": [98.98837, 18.78477]}, "properties": {"id": "cm-osm-node-6726275385", "name": "Wako Bake", "nameTh": null, "nameEn": "Wako Bake", "cat": ["food"], "province": "cm", "slug": "wako-bake-6726275385", "rank": 1}}, {"type": "Feature", "geometry": {"type": "Point", "coordinates": [98.98448, 18.7932]}, "properties": {"id": "cm-osm-node-6842597187", "name": "Walk the walk", "nameTh": null, "nameEn": "Walk the walk", "cat": ["food"], "province": "cm", "slug": "walk-the-walk-6842597187", "rank": 2}}, {"type": "Feature", "geometry": {"type": "Point", "coordinates": [98.99245, 18.78792]}, "properties": {"id": "cm-osm-node-5307478088", "name": "Wanglala sour & Spicy Vermicelli", "nameTh": null, "nameEn": "Wanglala sour & Spicy Vermicelli", "cat": ["food"], "province": "cm", "slug": "wanglala-sour-spicy-vermicelli-5307478088", "rank": 1}}, {"type": "Feature", "geometry": {"type": "Point", "coordinates": [98.98131, 18.79002]}, "properties": {"id": "cm-osm-node-5521603521", "name": "Wat Pasat Temple local food", "nameTh": null, "nameEn": "Wat Pasat Temple local food", "cat": ["food"], "province": "cm", "slug": "wat-pasat-temple-local-food-5521603521", "rank": 1}}, {"type": "Feature", "geometry": {"type": "Point", "coordinates": [98.99016, 18.78786]}, "properties": {"id": "cm-osm-node-1598984446", "name": "Wawee Coffee", "nameTh": null, "nameEn": "Wawee Coffee", "cat": ["food"], "province": "cm", "slug": "wawee-coffee-1598984446", "rank": 1}}, {"type": "Feature", "geometry": {"type": "Point", "coordinates": [98.98206, 18.78526]}, "properties": {"id": "cm-osm-node-11486848893", "name": "Weekday", "nameTh": null, "nameEn": "Weekday", "cat": ["food"], "province": "cm", "slug": "weekday-11486848893", "rank": 1}}, {"type": "Feature", "geometry": {"type": "Point", "coordinates": [98.98862, 18.78294]}, "properties": {"id": "cm-osm-node-6134657538", "name": "White elephant", "nameTh": null, "nameEn": "White elephant", "cat": ["food"], "province": "cm", "slug": "white-elephant-6134657538", "rank": 2}}, {"type": "Feature", "geometry": {"type": "Point", "coordinates": [98.9824, 18.79309]}, "properties": {"id": "cm-osm-node-4613897993", "name": "Why We Dont Go Back To Bangkok", "nameTh": null, "nameEn": "Why We Dont Go Back To Bangkok", "cat": ["food"], "province": "cm", "slug": "why-we-dont-go-back-to-bangkok-4613897993", "rank": 1}}, {"type": "Feature", "geometry": {"type": "Point", "coordinates": [98.99287, 18.78616]}, "properties": {"id": "cm-osm-node-6057814985", "name": "Wing 26 Bistro & Bar", "nameTh": null, "nameEn": "Wing 26 Bistro & Bar", "cat": ["food"], "province": "cm", "slug": "wing-26-bistro-bar-6057814985", "rank": 1}}, {"type": "Feature", "geometry": {"type": "Point", "coordinates": [98.98729, 18.78814]}, "properties": {"id": "cm-osm-node-6255373785", "name": "Writer‘s Club & Wine Bar", "nameTh": null, "nameEn": "Writer‘s Club & Wine Bar", "cat": ["food"], "province": "cm", "slug": "writer-s-club-wine-bar-6255373785", "rank": 1}}, {"type": "Feature", "geometry": {"type": "Point", "coordinates": [98.99038, 18.78867]}, "properties": {"id": "cm-osm-way-481724332", "name": "Yammy Coffee", "nameTh": null, "nameEn": "Yammy Coffee", "cat": ["food"], "province": "cm", "slug": "yammy-coffee-481724332", "rank": 1}}, {"type": "Feature", "geometry": {"type": "Point", "coordinates": [98.98792, 18.78825]}, "properties": {"id": "cm-osm-node-9705256617", "name": "Yoh", "nameTh": null, "nameEn": "Yoh", "cat": ["food"], "province": "cm", "slug": "yoh-9705256617", "rank": 1}}, {"type": "Feature", "geometry": {"type": "Point", "coordinates": [98.9925, 18.78509]}, "properties": {"id": "cm-osm-node-2040040242", "name": "Yokka Dok", "nameTh": null, "nameEn": "Yokka Dok", "cat": ["food"], "province": "cm", "slug": "yokka-dok-2040040242", "rank": 1}}, {"type": "Feature", "geometry": {"type": "Point", "coordinates": [98.99041, 18.79346]}, "properties": {"id": "cm-osm-node-5919670289", "name": "ZMOY", "nameTh": "ศรีมอยคาเฟ่", "nameEn": "ZMOY", "cat": ["food"], "province": "cm", "slug": "zmoy-5919670289", "rank": 3}}, {"type": "Feature", "geometry": {"type": "Point", "coordinates": [98.98381, 18.79484]}, "properties": {"id": "cm-osm-way-623146079", "name": "Zabb-E-Lee Thai Cooking School", "nameTh": null, "nameEn": "Zabb-E-Lee Thai Cooking School", "cat": ["cooking", "food"], "province": "cm", "slug": "zabb-e-lee-thai-cooking-school-623146079", "rank": 2}}, {"type": "Feature", "geometry": {"type": "Point", "coordinates": [98.99181, 18.78586]}, "properties": {"id": "cm-osm-node-2055855111", "name": "Zalux Coffee", "nameTh": null, "nameEn": "Zalux Coffee", "cat": ["food"], "province": "cm", "slug": "zalux-coffee-2055855111", "rank": 1}}, {"type": "Feature", "geometry": {"type": "Point", "coordinates": [98.99046, 18.79092]}, "properties": {"id": "cm-osm-node-1157479254", "name": "Zoe in Yellow Garden", "nameTh": null, "nameEn": "Zoe in Yellow Garden", "cat": ["food"], "province": "cm", "slug": "zoe-in-yellow-garden-1157479254", "rank": 1}}, {"type": "Feature", "geometry": {"type": "Point", "coordinates": [98.99067, 18.791]}, "properties": {"id": "cm-osm-way-324214631", "name": "Zoe's", "nameTh": null, "nameEn": "Havana Bar", "cat": ["food"], "province": "cm", "slug": "havana-bar-324214631", "rank": 1}}, {"type": "Feature", "geometry": {"type": "Point", "coordinates": [98.98273, 18.78959]}, "properties": {"id": "cm-osm-node-11936206969", "name": "Zohng Coffee", "nameTh": null, "nameEn": "Zohng Coffee", "cat": ["food"], "province": "cm", "slug": "zohng-coffee-11936206969", "rank": 2}}, {"type": "Feature", "geometry": {"type": "Point", "coordinates": [98.98875, 18.78306]}, "properties": {"id": "cm-osm-node-5195493721", "name": "always Caf", "nameTh": null, "nameEn": "always Caf", "cat": ["food"], "province": "cm", "slug": "always-caf-5195493721", "rank": 1}}, {"type": "Feature", "geometry": {"type": "Point", "coordinates": [98.99148, 18.79214]}, "properties": {"id": "cm-osm-node-4431911392", "name": "baan khao tork", "nameTh": null, "nameEn": "baan khao tork", "cat": ["food"], "province": "cm", "slug": "baan-khao-tork-4431911392", "rank": 1}}, {"type": "Feature", "geometry": {"type": "Point", "coordinates": [98.99075, 18.78459]}, "properties": {"id": "cm-osm-node-6357355018", "name": "breakfast", "nameTh": null, "nameEn": "breakfast", "cat": ["food"], "province": "cm", "slug": "breakfast-6357355018", "rank": 1}}, {"type": "Feature", "geometry": {"type": "Point", "coordinates": [98.98995, 18.79296]}, "properties": {"id": "cm-osm-node-9780950517", "name": "cannabis cafe", "nameTh": null, "nameEn": "cannabis cafe", "cat": ["food"], "province": "cm", "slug": "cannabis-cafe-9780950517", "rank": 1}}, {"type": "Feature", "geometry": {"type": "Point", "coordinates": [98.98474, 18.78264]}, "properties": {"id": "cm-osm-node-9287894417", "name": "carrot.", "nameTh": null, "nameEn": "carrot.", "cat": ["food"], "province": "cm", "slug": "carrot-9287894417", "rank": 3}}, {"type": "Feature", "geometry": {"type": "Point", "coordinates": [98.98984, 18.79339]}, "properties": {"id": "cm-osm-node-4701464789", "name": "cool bar", "nameTh": null, "nameEn": "cool bar", "cat": ["food"], "province": "cm", "slug": "cool-bar-4701464789", "rank": 1}}, {"type": "Feature", "geometry": {"type": "Point", "coordinates": [98.99275, 18.78523]}, "properties": {"id": "cm-osm-node-4288815189", "name": "kts bar sport", "nameTh": null, "nameEn": "kts bar sport", "cat": ["food"], "province": "cm", "slug": "kts-bar-sport-4288815189", "rank": 1}}, {"type": "Feature", "geometry": {"type": "Point", "coordinates": [98.98809, 18.78651]}, "properties": {"id": "cm-osm-node-5621248322", "name": "market", "nameTh": null, "nameEn": "market", "cat": ["food"], "province": "cm", "slug": "market-5621248322", "rank": 1}}, {"type": "Feature", "geometry": {"type": "Point", "coordinates": [98.98138, 18.78286]}, "properties": {"id": "cm-osm-node-4506273989", "name": "minibar", "nameTh": null, "nameEn": "minibar", "cat": ["food"], "province": "cm", "slug": "minibar-4506273989", "rank": 1}}, {"type": "Feature", "geometry": {"type": "Point", "coordinates": [98.98741, 18.78817]}, "properties": {"id": "cm-osm-node-6466099585", "name": "padthai & seefood", "nameTh": null, "nameEn": "padthai & seefood", "cat": ["food"], "province": "cm", "slug": "padthai-seefood-6466099585", "rank": 1}}, {"type": "Feature", "geometry": {"type": "Point", "coordinates": [98.99225, 18.79055]}, "properties": {"id": "cm-osm-node-6083211685", "name": "pickles restaurant", "nameTh": null, "nameEn": "pickles restaurant", "cat": ["food"], "province": "cm", "slug": "pickles-restaurant-6083211685", "rank": 2}}, {"type": "Feature", "geometry": {"type": "Point", "coordinates": [98.98452, 18.78898]}, "properties": {"id": "cm-osm-node-13959590802", "name": "the butterfly effect", "nameTh": null, "nameEn": "the butterfly effect", "cat": ["food"], "province": "cm", "slug": "the-butterfly-effect-13959590802", "rank": 1}}, {"type": "Feature", "geometry": {"type": "Point", "coordinates": [98.98292, 18.78202]}, "properties": {"id": "cm-osm-node-4143980494", "name": "traditional thai vegetarian", "nameTh": null, "nameEn": "traditional thai vegetarian", "cat": ["food"], "province": "cm", "slug": "traditional-thai-vegetarian-4143980494", "rank": 2}}, {"type": "Feature", "geometry": {"type": "Point", "coordinates": [98.99097, 18.7888]}, "properties": {"id": "cm-osm-node-3864197358", "name": "กาญจนาอาหารไทย", "nameTh": "กาญจนาอาหารไทย", "nameEn": "Kanjana Restaurant", "cat": ["food"], "province": "cm", "slug": "kanjana-restaurant-3864197358", "rank": 3}}, {"type": "Feature", "geometry": {"type": "Point", "coordinates": [98.98517, 18.7874]}, "properties": {"id": "cm-osm-node-5859408604", "name": "กาแฟ ยูเทิร์น", "nameTh": "กาแฟ ยูเทิร์น", "nameEn": "Café Yu Thoen", "cat": ["food"], "province": "cm", "slug": "caf-yu-thoen-5859408604", "rank": 2}}, {"type": "Feature", "geometry": {"type": "Point", "coordinates": [98.9853, 18.7834]}, "properties": {"id": "cm-osm-node-1618868154", "name": "กูดมอนิ่งเชียงใหม่", "nameTh": "กูดมอนิ่งเชียงใหม่", "nameEn": "Good Morning Chiangmai", "cat": ["food"], "province": "cm", "slug": "good-morning-chiangmai-1618868154", "rank": 2}}, {"type": "Feature", "geometry": {"type": "Point", "coordinates": [98.98753, 18.78817]}, "properties": {"id": "cm-osm-node-9611880817", "name": "ก้อม", "nameTh": "ก้อม", "nameEn": null, "cat": ["food"], "province": "cm", "slug": "9611880817", "rank": 1}}, {"type": "Feature", "geometry": {"type": "Point", "coordinates": [98.98669, 18.79092]}, "properties": {"id": "cm-osm-node-1410753447", "name": "ก๋วยจั๊บ", "nameTh": "ก๋วยจั๊บ", "nameEn": "Le Bon Temps Cafe", "cat": ["food"], "province": "cm", "slug": "le-bon-temps-cafe-1410753447", "rank": 2}}, {"type": "Feature", "geometry": {"type": "Point", "coordinates": [98.98794, 18.78968]}, "properties": {"id": "cm-osm-node-4809908026", "name": "ก๋วยจั๊บ", "nameTh": "ก๋วยจั๊บ", "nameEn": null, "cat": ["food"], "province": "cm", "slug": "4809908026", "rank": 1}}, {"type": "Feature", "geometry": {"type": "Point", "coordinates": [98.98605, 18.79119]}, "properties": {"id": "cm-osm-node-4809912123", "name": "ก๋วยจั๊บ", "nameTh": "ก๋วยจั๊บ", "nameEn": "Crispy Pork Rice", "cat": ["food"], "province": "cm", "slug": "crispy-pork-rice-4809912123", "rank": 2}}, {"type": "Feature", "geometry": {"type": "Point", "coordinates": [98.98535, 18.78585]}, "properties": {"id": "cm-osm-node-3384166931", "name": "ก๋วยเตี๋ยวจ่าบ้าน", "nameTh": "ก๋วยเตี๋ยวจ่าบ้าน", "nameEn": null, "cat": ["food"], "province": "cm", "slug": "3384166931", "rank": 1}}, {"type": "Feature", "geometry": {"type": "Point", "coordinates": [98.98625, 18.78968]}, "properties": {"id": "cm-osm-node-1619287955", "name": "ก๋วยเตี๋ยวเป็ด", "nameTh": "ก๋วยเตี๋ยวเป็ด", "nameEn": null, "cat": ["food"], "province": "cm", "slug": "1619287955", "rank": 1}}, {"type": "Feature", "geometry": {"type": "Point", "coordinates": [98.98085, 18.78176]}, "properties": {"id": "cm-osm-node-3388713896", "name": "ก๋วยเตี๋ยวเรือบวกหาด", "nameTh": "ก๋วยเตี๋ยวเรือบวกหาด", "nameEn": null, "cat": ["food"], "province": "cm", "slug": "3388713896", "rank": 1}}, {"type": "Feature", "geometry": {"type": "Point", "coordinates": [98.98633, 18.78316]}, "properties": {"id": "cm-osm-node-11058014505", "name": "ขนมจีน ป้าป้อม", "nameTh": "ขนมจีน ป้าป้อม", "nameEn": "Best Khao Soi - Aunt Pom", "cat": ["food"], "province": "cm", "slug": "best-khao-soi-aunt-pom-11058014505", "rank": 2}}, {"type": "Feature", "geometry": {"type": "Point", "coordinates": [98.9822, 18.78693]}, "properties": {"id": "cm-osm-node-11383883700", "name": "ขนมหวานสามล้าน", "nameTh": "ขนมหวานสามล้าน", "nameEn": "Samlan Thai Desserts", "cat": ["food"], "province": "cm", "slug": "samlan-thai-desserts-11383883700", "rank": 3}}, {"type": "Feature", "geometry": {"type": "Point", "coordinates": [98.98587, 18.78966]}, "properties": {"id": "cm-osm-node-1619287895", "name": "ข้าวซอยศิริชัย", "nameTh": "ข้าวซอยศิริชัย", "nameEn": "Khow Soi and Hainan Chicken Rice", "cat": ["food"], "province": "cm", "slug": "khow-soi-and-hainan-chicken-rice-1619287895", "rank": 2}}, {"type": "Feature", "geometry": {"type": "Point", "coordinates": [98.98758, 18.78828]}, "properties": {"id": "cm-osm-node-1628665611", "name": "ข้าวต้ม กลางคืน", "nameTh": "ข้าวต้ม กลางคืน", "nameEn": "Kao Dom Klang Kuen", "cat": ["food"], "province": "cm", "slug": "kao-dom-klang-kuen-1628665611", "rank": 2}}, {"type": "Feature", "geometry": {"type": "Point", "coordinates": [98.98432, 18.78929]}, "properties": {"id": "cm-osm-node-3384070769", "name": "ข้าวแกงปักษ์ใต้ เมืองคอน", "nameTh": "ข้าวแกงปักษ์ใต้ เมืองคอน", "nameEn": null, "cat": ["food"], "province": "cm", "slug": "3384070769", "rank": 2}}, {"type": "Feature", "geometry": {"type": "Point", "coordinates": [98.98215, 18.78532]}, "properties": {"id": "cm-osm-node-2466333301", "name": "ครัวทรายทอง", "nameTh": "ครัวทรายทอง", "nameEn": null, "cat": ["food"], "province": "cm", "slug": "2466333301", "rank": 1}}, {"type": "Feature", "geometry": {"type": "Point", "coordinates": [98.98076, 18.7819]}, "properties": {"id": "cm-osm-node-2590185727", "name": "คำ-ม่อน", "nameTh": "คำ-ม่อน", "nameEn": "Come-On", "cat": ["food"], "province": "cm", "slug": "come-on-2590185727", "rank": 3}}, {"type": "Feature", "geometry": {"type": "Point", "coordinates": [98.97969, 18.78956]}, "properties": {"id": "cm-osm-node-6538035004", "name": "คู่อร่อย", "nameTh": "คู่อร่อย", "nameEn": null, "cat": ["food"], "province": "cm", "slug": "6538035004", "rank": 1}}, {"type": "Feature", "geometry": {"type": "Point", "coordinates": [98.98958, 18.79067]}, "properties": {"id": "cm-osm-node-1620858578", "name": "ช้างม่อยกาแฟ", "nameTh": "ช้างม่อยกาแฟ", "nameEn": null, "cat": ["food"], "province": "cm", "slug": "1620858578", "rank": 1}}, {"type": "Feature", "geometry": {"type": "Point", "coordinates": [98.9822, 18.79228]}, "properties": {"id": "cm-osm-node-6354525087", "name": "ติดหวาน", "nameTh": "ติดหวาน", "nameEn": "Sweet Addict", "cat": ["food"], "province": "cm", "slug": "sweet-addict-6354525087", "rank": 2}}, {"type": "Feature", "geometry": {"type": "Point", "coordinates": [98.97987, 18.78766]}, "properties": {"id": "cm-osm-node-2466333303", "name": "ตูบน้อย", "nameTh": "ตูบน้อย", "nameEn": "Tup Noi", "cat": ["food"], "province": "cm", "slug": "tup-noi-2466333303", "rank": 3}}, {"type": "Feature", "geometry": {"type": "Point", "coordinates": [98.98418, 18.79024]}, "properties": {"id": "cm-osm-way-287098174", "name": "บ้านกาแฟ ณ เชียงใหม่", "nameTh": "บ้านกาแฟ ณ เชียงใหม่", "nameEn": "Coffee Home", "cat": ["food"], "province": "cm", "slug": "coffee-home-287098174", "rank": 2}}, {"type": "Feature", "geometry": {"type": "Point", "coordinates": [98.98685, 18.78835]}, "properties": {"id": "cm-osm-node-2039957239", "name": "บ้านลุงหมี", "nameTh": "บ้านลุงหมี", "nameEn": "Uncle Bear's Home", "cat": ["food"], "province": "cm", "slug": "uncle-bear-s-home-2039957239", "rank": 2}}, {"type": "Feature", "geometry": {"type": "Point", "coordinates": [98.98371, 18.78861]}, "properties": {"id": "cm-osm-way-1160323326", "name": "มิ่งขวัญ", "nameTh": "มิ่งขวัญ", "nameEn": "Ming Kwan", "cat": ["food"], "province": "cm", "slug": "ming-kwan-1160323326", "rank": 3}}, {"type": "Feature", "geometry": {"type": "Point", "coordinates": [98.9882, 18.78591]}, "properties": {"id": "cm-osm-node-11370589284", "name": "มุมอร่อย", "nameTh": "มุมอร่อย", "nameEn": null, "cat": ["food"], "province": "cm", "slug": "11370589284", "rank": 1}}, {"type": "Feature", "geometry": {"type": "Point", "coordinates": [98.99238, 18.78574]}, "properties": {"id": "cm-osm-node-13288699155", "name": "ร้าน โซคูล", "nameTh": "ร้าน โซคูล", "nameEn": "So Cool", "cat": ["food"], "province": "cm", "slug": "so-cool-13288699155", "rank": 2}}, {"type": "Feature", "geometry": {"type": "Point", "coordinates": [98.9822, 18.7922]}, "properties": {"id": "cm-osm-node-11513223156", "name": "ร้านบุญส่ง", "nameTh": "ร้านบุญส่ง", "nameEn": null, "cat": ["food"], "province": "cm", "slug": "11513223156", "rank": 1}}, {"type": "Feature", "geometry": {"type": "Point", "coordinates": [98.991, 18.78541]}, "properties": {"id": "cm-osm-node-4679686491", "name": "ร้านมิตรใหม่", "nameTh": "ร้านมิตรใหม่", "nameEn": "Mit Mai", "cat": ["food"], "province": "cm", "slug": "mit-mai-4679686491", "rank": 4}}, {"type": "Feature", "geometry": {"type": "Point", "coordinates": [98.98657, 18.78974]}, "properties": {"id": "cm-osm-node-4871282121", "name": "ร้านสอาด", "nameTh": "ร้านสอาด", "nameEn": "Sa-Ard Fishball Noodle Shop", "cat": ["food"], "province": "cm", "slug": "sa-ard-fishball-noodle-shop-4871282121", "rank": 4}}, {"type": "Feature", "geometry": {"type": "Point", "coordinates": [98.98201, 18.78433]}, "properties": {"id": "cm-osm-node-3388718383", "name": "ร้านอาหารห้อยขา", "nameTh": "ร้านอาหารห้อยขา", "nameEn": "Huoi Kha", "cat": ["food"], "province": "cm", "slug": "huoi-kha-3388718383", "rank": 2}}, {"type": "Feature", "geometry": {"type": "Point", "coordinates": [98.98427, 18.78587]}, "properties": {"id": "cm-osm-node-6540348415", "name": "ร้านแม่บุปผา", "nameTh": "ร้านแม่บุปผา", "nameEn": null, "cat": ["food"], "province": "cm", "slug": "6540348415", "rank": 1}}, {"type": "Feature", "geometry": {"type": "Point", "coordinates": [98.97965, 18.78956]}, "properties": {"id": "cm-osm-node-3385510835", "name": "ลาบดีขม (ประมวล)", "nameTh": "ลาบดีขม (ประมวล)", "nameEn": null, "cat": ["food"], "province": "cm", "slug": "3385510835", "rank": 1}}, {"type": "Feature", "geometry": {"type": "Point", "coordinates": [98.98528, 18.78234]}, "properties": {"id": "cm-osm-way-334116651", "name": "ลาบไก่ พันแหวน", "nameTh": "ลาบไก่ พันแหวน", "nameEn": null, "cat": ["food"], "province": "cm", "slug": "334116651", "rank": 1}}, {"type": "Feature", "geometry": {"type": "Point", "coordinates": [98.98129, 18.79367]}, "properties": {"id": "cm-osm-node-3385494998", "name": "ลำปางเลิศรส", "nameTh": "ลำปางเลิศรส", "nameEn": null, "cat": ["food"], "province": "cm", "slug": "3385494998", "rank": 1}}, {"type": "Feature", "geometry": {"type": "Point", "coordinates": [98.98581, 18.78966]}, "properties": {"id": "cm-osm-node-13167076601", "name": "ลิ้มเหล่าโหงว", "nameTh": "ลิ้มเหล่าโหงว", "nameEn": "Lim Lao Ngow Fishball Noodle", "cat": ["food"], "province": "cm", "slug": "lim-lao-ngow-fishball-noodle-13167076601", "rank": 5}}, {"type": "Feature", "geometry": {"type": "Point", "coordinates": [98.98078, 18.78467]}, "properties": {"id": "cm-osm-way-579076681", "name": "สถานีแมว", "nameTh": "สถานีแมว", "nameEn": "Cats Station Coffee and Food", "cat": ["food"], "province": "cm", "slug": "cats-station-coffee-and-food-579076681", "rank": 4}}, {"type": "Feature", "geometry": {"type": "Point", "coordinates": [98.98227, 18.78608]}, "properties": {"id": "cm-osm-node-3384109151", "name": "ส้มตำขอนแก่น", "nameTh": "ส้มตำขอนแก่น", "nameEn": "Somtam Khon Kaen", "cat": ["food"], "province": "cm", "slug": "somtam-khon-kaen-3384109151", "rank": 2}}, {"type": "Feature", "geometry": {"type": "Point", "coordinates": [98.98727, 18.79438]}, "properties": {"id": "cm-osm-node-5744403324", "name": "ส้มตำปูม้าหน้าสนาม", "nameTh": "ส้มตำปูม้าหน้าสนาม", "nameEn": null, "cat": ["food"], "province": "cm", "slug": "5744403324", "rank": 1}}, {"type": "Feature", "geometry": {"type": "Point", "coordinates": [98.99, 18.79179]}, "properties": {"id": "cm-osm-node-4132763689", "name": "หยกฟ้าโภชนา", "nameTh": "หยกฟ้าโภชนา", "nameEn": "Yok Fa", "cat": ["food"], "province": "cm", "slug": "yok-fa-4132763689", "rank": 2}}, {"type": "Feature", "geometry": {"type": "Point", "coordinates": [98.98705, 18.79443]}, "properties": {"id": "cm-osm-node-5340730536", "name": "อ๋องทิพย์รส", "nameTh": "อ๋องทิพย์รส", "nameEn": "Noodle Soup", "cat": ["food"], "province": "cm", "slug": "noodle-soup-5340730536", "rank": 4}}, {"type": "Feature", "geometry": {"type": "Point", "coordinates": [98.98248, 18.78741]}, "properties": {"id": "cm-osm-node-6260982285", "name": "ฮั้นหนะ", "nameTh": "ฮั้นหนะ", "nameEn": "Hanna Coffee", "cat": ["food"], "province": "cm", "slug": "hanna-coffee-6260982285", "rank": 3}}, {"type": "Feature", "geometry": {"type": "Point", "coordinates": [98.98465, 18.78266]}, "properties": {"id": "cm-osm-node-9287691619", "name": "เจ้หน่อย", "nameTh": "เจ้หน่อย", "nameEn": "Jei Noi", "cat": ["food"], "province": "cm", "slug": "jei-noi-9287691619", "rank": 2}}, {"type": "Feature", "geometry": {"type": "Point", "coordinates": [98.99017, 18.79052]}, "properties": {"id": "cm-osm-node-4364338694", "name": "เฟื่องฟ้า คาเฟ่", "nameTh": "เฟื่องฟ้า คาเฟ่", "nameEn": "Feungfah Cafe", "cat": ["food"], "province": "cm", "slug": "feungfah-cafe-4364338694", "rank": 2}}, {"type": "Feature", "geometry": {"type": "Point", "coordinates": [98.99245, 18.78885]}, "properties": {"id": "cm-osm-node-2142546557", "name": "เลิศรส", "nameTh": "เลิศรส", "nameEn": "Delicious Issan Food", "cat": ["food"], "province": "cm", "slug": "delicious-issan-food-2142546557", "rank": 3}}, {"type": "Feature", "geometry": {"type": "Point", "coordinates": [98.98289, 18.78589]}, "properties": {"id": "cm-osm-node-3388723525", "name": "เฮือนหลวงพระบาง", "nameTh": "เฮือนหลวงพระบาง", "nameEn": "Huen Luang Prabang", "cat": ["food"], "province": "cm", "slug": "huen-luang-prabang-3388723525", "rank": 2}}, {"type": "Feature", "geometry": {"type": "Point", "coordinates": [98.98516, 18.78584]}, "properties": {"id": "cm-osm-node-1628665600", "name": "เฮือนเพ็ญ", "nameTh": "เฮือนเพ็ญ", "nameEn": "Huen Phen", "cat": ["food"], "province": "cm", "slug": "huen-phen-1628665600", "rank": 4}}, {"type": "Feature", "geometry": {"type": "Point", "coordinates": [98.98286, 18.78567]}, "properties": {"id": "cm-osm-node-3384100282", "name": "แม่ภาศรี", "nameTh": "แม่ภาศรี", "nameEn": "Mae Pa Sri", "cat": ["food"], "province": "cm", "slug": "mae-pa-sri-3384100282", "rank": 4}}, {"type": "Feature", "geometry": {"type": "Point", "coordinates": [98.98348, 18.79534]}, "properties": {"id": "cm-osm-node-13481709201", "name": "150 b/h", "nameTh": null, "nameEn": "150 b/h", "cat": ["massage"], "province": "cm", "slug": "150-b-h-13481709201", "rank": 1}}, {"type": "Feature", "geometry": {"type": "Point", "coordinates": [98.98072, 18.78473]}, "properties": {"id": "cm-osm-node-6972174853", "name": "A-va massage", "nameTh": null, "nameEn": "A-va massage", "cat": ["massage"], "province": "cm", "slug": "a-va-massage-6972174853", "rank": 2}}, {"type": "Feature", "geometry": {"type": "Point", "coordinates": [98.99051, 18.79026]}, "properties": {"id": "cm-osm-node-4538434043", "name": "Abson", "nameTh": null, "nameEn": "Abson", "cat": ["massage"], "province": "cm", "slug": "abson-4538434043", "rank": 1}}, {"type": "Feature", "geometry": {"type": "Point", "coordinates": [98.9909, 18.79068]}, "properties": {"id": "cm-osm-node-1491297986", "name": "Aloe Vera Massage", "nameTh": null, "nameEn": "Aloe Vera Massage", "cat": ["massage"], "province": "cm", "slug": "aloe-vera-massage-1491297986", "rank": 1}}, {"type": "Feature", "geometry": {"type": "Point", "coordinates": [98.98901, 18.78178]}, "properties": {"id": "cm-osm-node-7426451876", "name": "Apinya Thai Massage", "nameTh": null, "nameEn": "Apinya Thai Massage", "cat": ["massage"], "province": "cm", "slug": "apinya-thai-massage-7426451876", "rank": 1}}, {"type": "Feature", "geometry": {"type": "Point", "coordinates": [98.99237, 18.79387]}, "properties": {"id": "cm-osm-way-255927411", "name": "Aree traditional massage school", "nameTh": null, "nameEn": "Aree traditional massage school", "cat": ["massage", "school"], "province": "cm", "slug": "aree-traditional-massage-school-255927411", "rank": 1}}, {"type": "Feature", "geometry": {"type": "Point", "coordinates": [98.99348, 18.78555]}, "properties": {"id": "cm-osm-node-13607272395", "name": "Avianna Beauty Massage", "nameTh": null, "nameEn": "Avianna Beauty Massage", "cat": ["massage"], "province": "cm", "slug": "avianna-beauty-massage-13607272395", "rank": 1}}, {"type": "Feature", "geometry": {"type": "Point", "coordinates": [98.99249, 18.78869]}, "properties": {"id": "cm-osm-node-3619897446", "name": "Awana Massage", "nameTh": null, "nameEn": "Awana Massage", "cat": ["massage"], "province": "cm", "slug": "awana-massage-3619897446", "rank": 1}}, {"type": "Feature", "geometry": {"type": "Point", "coordinates": [98.98753, 18.78561]}, "properties": {"id": "cm-osm-node-2670298956", "name": "Blind Massage", "nameTh": null, "nameEn": "Blind Massage", "cat": ["massage"], "province": "cm", "slug": "blind-massage-2670298956", "rank": 1}}, {"type": "Feature", "geometry": {"type": "Point", "coordinates": [98.98183, 18.78306]}, "properties": {"id": "cm-osm-node-13387982826", "name": "Blue Clover Massage", "nameTh": null, "nameEn": "Blue Clover Massage", "cat": ["massage"], "province": "cm", "slug": "blue-clover-massage-13387982826", "rank": 1}}, {"type": "Feature", "geometry": {"type": "Point", "coordinates": [98.99273, 18.79279]}, "properties": {"id": "cm-osm-node-6579666019", "name": "Body & Mind Wellness Studio", "nameTh": null, "nameEn": "Body & Mind Wellness Studio", "cat": ["massage"], "province": "cm", "slug": "body-mind-wellness-studio-6579666019", "rank": 2}}, {"type": "Feature", "geometry": {"type": "Point", "coordinates": [98.99186, 18.78595]}, "properties": {"id": "cm-osm-node-2055855109", "name": "Bon Massage", "nameTh": null, "nameEn": "Bon Massage", "cat": ["massage"], "province": "cm", "slug": "bon-massage-2055855109", "rank": 1}}, {"type": "Feature", "geometry": {"type": "Point", "coordinates": [98.98671, 18.78815]}, "properties": {"id": "cm-osm-node-2039954464", "name": "C&R Thai Massage", "nameTh": null, "nameEn": "C & R massage", "cat": ["massage"], "province": "cm", "slug": "c-r-massage-2039954464", "rank": 2}}, {"type": "Feature", "geometry": {"type": "Point", "coordinates": [98.98204, 18.7933]}, "properties": {"id": "cm-osm-node-12295719268", "name": "Calm Massage", "nameTh": null, "nameEn": "Calm Massage", "cat": ["massage"], "province": "cm", "slug": "calm-massage-12295719268", "rank": 1}}, {"type": "Feature", "geometry": {"type": "Point", "coordinates": [98.9842, 18.7897]}, "properties": {"id": "cm-osm-node-10896816494", "name": "Calm Massage and Spa", "nameTh": null, "nameEn": "Calm Massage and Spa", "cat": ["massage"], "province": "cm", "slug": "calm-massage-and-spa-10896816494", "rank": 2}}, {"type": "Feature", "geometry": {"type": "Point", "coordinates": [98.99375, 18.79015]}, "properties": {"id": "cm-osm-node-6422619086", "name": "Chainal massage", "nameTh": null, "nameEn": "Chainal massage", "cat": ["massage"], "province": "cm", "slug": "chainal-massage-6422619086", "rank": 1}}, {"type": "Feature", "geometry": {"type": "Point", "coordinates": [98.98729, 18.78829]}, "properties": {"id": "cm-osm-node-6062941385", "name": "Chiang Mai Foot Massage", "nameTh": null, "nameEn": "Chiang Mai Foot Massage", "cat": ["massage"], "province": "cm", "slug": "chiang-mai-foot-massage-6062941385", "rank": 1}}, {"type": "Feature", "geometry": {"type": "Point", "coordinates": [98.99363, 18.78452]}, "properties": {"id": "cm-osm-node-7639135427", "name": "Chiang Mai Foot Massage", "nameTh": null, "nameEn": "Chiang Mai Foot Massage", "cat": ["massage"], "province": "cm", "slug": "chiang-mai-foot-massage-7639135427", "rank": 2}}, {"type": "Feature", "geometry": {"type": "Point", "coordinates": [98.98263, 18.78566]}, "properties": {"id": "cm-osm-node-3384107402", "name": "Chinola", "nameTh": null, "nameEn": "Chinola", "cat": ["massage"], "province": "cm", "slug": "chinola-3384107402", "rank": 1}}, {"type": "Feature", "geometry": {"type": "Point", "coordinates": [98.99333, 18.79225]}, "properties": {"id": "cm-osm-node-6579664125", "name": "Chotika Thai Massage", "nameTh": null, "nameEn": "Chotika Thai Massage", "cat": ["massage"], "province": "cm", "slug": "chotika-thai-massage-6579664125", "rank": 1}}, {"type": "Feature", "geometry": {"type": "Point", "coordinates": [98.99291, 18.78491]}, "properties": {"id": "cm-osm-node-6132378285", "name": "Cnx", "nameTh": null, "nameEn": "Cnx", "cat": ["massage"], "province": "cm", "slug": "cnx-6132378285", "rank": 3}}, {"type": "Feature", "geometry": {"type": "Point", "coordinates": [98.98814, 18.78742]}, "properties": {"id": "cm-osm-node-7026348703", "name": "Dalah Relax & Spa", "nameTh": null, "nameEn": "Dalah Relax & Spa", "cat": ["massage"], "province": "cm", "slug": "dalah-relax-spa-7026348703", "rank": 2}}, {"type": "Feature", "geometry": {"type": "Point", "coordinates": [98.98268, 18.78835]}, "properties": {"id": "cm-osm-node-5740748952", "name": "Danita Massage", "nameTh": null, "nameEn": "Danita Massage", "cat": ["massage"], "province": "cm", "slug": "danita-massage-5740748952", "rank": 3}}, {"type": "Feature", "geometry": {"type": "Point", "coordinates": [98.98894, 18.78213]}, "properties": {"id": "cm-osm-node-3271690654", "name": "Daracha Massage", "nameTh": null, "nameEn": "Daracha Massage", "cat": ["massage"], "province": "cm", "slug": "daracha-massage-3271690654", "rank": 1}}, {"type": "Feature", "geometry": {"type": "Point", "coordinates": [98.99204, 18.79213]}, "properties": {"id": "cm-osm-node-6490409386", "name": "Darin’s", "nameTh": null, "nameEn": "Darin’s", "cat": ["massage"], "province": "cm", "slug": "darin-s-6490409386", "rank": 2}}, {"type": "Feature", "geometry": {"type": "Point", "coordinates": [98.99182, 18.79207]}, "properties": {"id": "cm-osm-node-6490366685", "name": "Darin’s 3", "nameTh": null, "nameEn": "Darin’s 3", "cat": ["massage"], "province": "cm", "slug": "darin-s-3-6490366685", "rank": 2}}, {"type": "Feature", "geometry": {"type": "Point", "coordinates": [98.99204, 18.79206]}, "properties": {"id": "cm-osm-node-6490366585", "name": "Darin’s Massage", "nameTh": null, "nameEn": "Darin’s Massage", "cat": ["massage"], "province": "cm", "slug": "darin-s-massage-6490366585", "rank": 2}}, {"type": "Feature", "geometry": {"type": "Point", "coordinates": [98.99366, 18.78701]}, "properties": {"id": "cm-osm-node-1041274758", "name": "Darlin's Massage", "nameTh": null, "nameEn": "Darlin's Massage", "cat": ["massage"], "province": "cm", "slug": "darlin-s-massage-1041274758", "rank": 1}}, {"type": "Feature", "geometry": {"type": "Point", "coordinates": [98.99279, 18.79061]}, "properties": {"id": "cm-osm-node-6469317785", "name": "Darlin’s Massage 3", "nameTh": null, "nameEn": "Darlin’s Massage 3", "cat": ["massage"], "province": "cm", "slug": "darlin-s-massage-3-6469317785", "rank": 2}}, {"type": "Feature", "geometry": {"type": "Point", "coordinates": [98.98263, 18.78958]}, "properties": {"id": "cm-osm-node-12311208022", "name": "De Lanna Massage", "nameTh": null, "nameEn": "De Lanna Massage", "cat": ["massage"], "province": "cm", "slug": "de-lanna-massage-12311208022", "rank": 1}}, {"type": "Feature", "geometry": {"type": "Point", "coordinates": [98.9868, 18.78836]}, "properties": {"id": "cm-osm-node-2039955674", "name": "Deep Relax", "nameTh": null, "nameEn": "Deep Relax", "cat": ["massage"], "province": "cm", "slug": "deep-relax-2039955674", "rank": 1}}, {"type": "Feature", "geometry": {"type": "Point", "coordinates": [98.99089, 18.78526]}, "properties": {"id": "cm-osm-node-3385473025", "name": "Deep Relax", "nameTh": null, "nameEn": "Deep Relax", "cat": ["massage"], "province": "cm", "slug": "deep-relax-3385473025", "rank": 2}}, {"type": "Feature", "geometry": {"type": "Point", "coordinates": [98.98325, 18.78841]}, "properties": {"id": "cm-osm-node-11026461605", "name": "DeepSense Massage", "nameTh": null, "nameEn": "DeepSense Massage", "cat": ["massage"], "province": "cm", "slug": "deepsense-massage-11026461605", "rank": 3}}, {"type": "Feature", "geometry": {"type": "Point", "coordinates": [98.99294, 18.79177]}, "properties": {"id": "cm-osm-node-4597822590", "name": "F.K. Massage & Guesthouse", "nameTh": null, "nameEn": "F.K. Massage & Guesthouse", "cat": ["hotel", "massage"], "province": "cm", "slug": "f-k-massage-guesthouse-4597822590", "rank": 1}}, {"type": "Feature", "geometry": {"type": "Point", "coordinates": [98.97945, 18.78958]}, "properties": {"id": "cm-osm-node-11227905197", "name": "Getthawha Thai Massage", "nameTh": null, "nameEn": "Getthawha Thai Massage", "cat": ["massage"], "province": "cm", "slug": "getthawha-thai-massage-11227905197", "rank": 1}}, {"type": "Feature", "geometry": {"type": "Point", "coordinates": [98.98447, 18.78922]}, "properties": {"id": "cm-osm-node-5328612221", "name": "Giving Tree Massage", "nameTh": null, "nameEn": "Giving Tree Massage", "cat": ["massage"], "province": "cm", "slug": "giving-tree-massage-5328612221", "rank": 1}}, {"type": "Feature", "geometry": {"type": "Point", "coordinates": [98.98434, 18.7857]}, "properties": {"id": "cm-osm-node-7005727588", "name": "Good Herb Massage", "nameTh": null, "nameEn": "Good Herb Massage", "cat": ["massage"], "province": "cm", "slug": "good-herb-massage-7005727588", "rank": 1}}, {"type": "Feature", "geometry": {"type": "Point", "coordinates": [98.99194, 18.78292]}, "properties": {"id": "cm-osm-node-1138705995", "name": "Green Bamboo Massage", "nameTh": null, "nameEn": "Green Bamboo Massage", "cat": ["massage"], "province": "cm", "slug": "green-bamboo-massage-1138705995", "rank": 4}}, {"type": "Feature", "geometry": {"type": "Point", "coordinates": [98.98165, 18.79344]}, "properties": {"id": "cm-osm-node-3385494641", "name": "Health Lanna Spa", "nameTh": null, "nameEn": "Health Lanna Spa", "cat": ["massage"], "province": "cm", "slug": "health-lanna-spa-3385494641", "rank": 1}}, {"type": "Feature", "geometry": {"type": "Point", "coordinates": [98.99397, 18.7849]}, "properties": {"id": "cm-osm-node-7125409285", "name": "Heart Massage", "nameTh": null, "nameEn": "Heart Massage", "cat": ["massage"], "province": "cm", "slug": "heart-massage-7125409285", "rank": 1}}, {"type": "Feature", "geometry": {"type": "Point", "coordinates": [98.99227, 18.79286]}, "properties": {"id": "cm-osm-node-3211599912", "name": "Herbal Steam House", "nameTh": null, "nameEn": "Herbal Steam House", "cat": ["massage"], "province": "cm", "slug": "herbal-steam-house-3211599912", "rank": 2}}, {"type": "Feature", "geometry": {"type": "Point", "coordinates": [98.99088, 18.79283]}, "properties": {"id": "cm-osm-node-5414076226", "name": "Hidden House Yoga", "nameTh": null, "nameEn": "Hidden House Yoga", "cat": ["massage"], "province": "cm", "slug": "hidden-house-yoga-5414076226", "rank": 1}}, {"type": "Feature", "geometry": {"type": "Point", "coordinates": [98.99196, 18.78925]}, "properties": {"id": "cm-osm-node-5379755022", "name": "Into The Nature", "nameTh": null, "nameEn": "Into The Nature", "cat": ["massage"], "province": "cm", "slug": "into-the-nature-5379755022", "rank": 3}}, {"type": "Feature", "geometry": {"type": "Point", "coordinates": [98.99126, 18.78455]}, "properties": {"id": "cm-osm-node-6267878423", "name": "K. T. Massage", "nameTh": null, "nameEn": "K. T. Massage", "cat": ["massage"], "province": "cm", "slug": "k-t-massage-6267878423", "rank": 1}}, {"type": "Feature", "geometry": {"type": "Point", "coordinates": [98.99375, 18.78494]}, "properties": {"id": "cm-osm-node-4546154692", "name": "K2 Massage", "nameTh": null, "nameEn": "K2 Massage", "cat": ["massage"], "province": "cm", "slug": "k2-massage-4546154692", "rank": 1}}, {"type": "Feature", "geometry": {"type": "Point", "coordinates": [98.98709, 18.78811]}, "properties": {"id": "cm-osm-node-4226193593", "name": "Kaew Sawan Massage", "nameTh": null, "nameEn": "Kaew Sawan Massage", "cat": ["massage"], "province": "cm", "slug": "kaew-sawan-massage-4226193593", "rank": 1}}, {"type": "Feature", "geometry": {"type": "Point", "coordinates": [98.98975, 18.78181]}, "properties": {"id": "cm-osm-node-11629286877", "name": "Kan Thong Traditional Thai Massage", "nameTh": null, "nameEn": "Kan Thong Traditional Thai Massage", "cat": ["massage"], "province": "cm", "slug": "kan-thong-traditional-thai-massage-11629286877", "rank": 2}}, {"type": "Feature", "geometry": {"type": "Point", "coordinates": [98.99105, 18.79415]}, "properties": {"id": "cm-osm-node-3211596960", "name": "Kanchaya Thai massage", "nameTh": null, "nameEn": "Kanchaya Thai massage", "cat": ["massage"], "province": "cm", "slug": "kanchaya-thai-massage-3211596960", "rank": 1}}, {"type": "Feature", "geometry": {"type": "Point", "coordinates": [98.98673, 18.78836]}, "properties": {"id": "cm-osm-node-2039954465", "name": "Khunka Massage", "nameTh": null, "nameEn": "Khunka Massage", "cat": ["massage"], "province": "cm", "slug": "khunka-massage-2039954465", "rank": 1}}, {"type": "Feature", "geometry": {"type": "Point", "coordinates": [98.98212, 18.78536]}, "properties": {"id": "cm-osm-node-3384119223", "name": "Kiriy Spa Vana", "nameTh": null, "nameEn": "Kiriy Spa Vana", "cat": ["massage"], "province": "cm", "slug": "kiriy-spa-vana-3384119223", "rank": 1}}, {"type": "Feature", "geometry": {"type": "Point", "coordinates": [98.99176, 18.79039]}, "properties": {"id": "cm-osm-node-1491320711", "name": "Kradangnga", "nameTh": null, "nameEn": "Kradangnga", "cat": ["massage"], "province": "cm", "slug": "kradangnga-1491320711", "rank": 1}}, {"type": "Feature", "geometry": {"type": "Point", "coordinates": [98.99265, 18.7918]}, "properties": {"id": "cm-osm-node-3656205777", "name": "Le Lux Thai Spa", "nameTh": null, "nameEn": "Le Lux Thai Spa", "cat": ["massage"], "province": "cm", "slug": "le-lux-thai-spa-3656205777", "rank": 1}}, {"type": "Feature", "geometry": {"type": "Point", "coordinates": [98.99308, 18.79052]}, "properties": {"id": "cm-osm-node-3385473030", "name": "Lila Thai Massage", "nameTh": null, "nameEn": "Lila Thai Massage", "cat": ["massage"], "province": "cm", "slug": "lila-thai-massage-3385473030", "rank": 3}}, {"type": "Feature", "geometry": {"type": "Point", "coordinates": [98.99238, 18.78773]}, "properties": {"id": "cm-osm-node-7416623838", "name": "Lila Thai Massage", "nameTh": null, "nameEn": "Lila Thai Massage", "cat": ["massage"], "province": "cm", "slug": "lila-thai-massage-7416623838", "rank": 1}}, {"type": "Feature", "geometry": {"type": "Point", "coordinates": [98.98361, 18.78861]}, "properties": {"id": "cm-osm-way-1160323327", "name": "Lila Thai Massage", "nameTh": null, "nameEn": "Lila Thai Massage", "cat": ["massage"], "province": "cm", "slug": "lila-thai-massage-1160323327", "rank": 3}}, {"type": "Feature", "geometry": {"type": "Point", "coordinates": [98.99013, 18.78287]}, "properties": {"id": "cm-osm-node-5344068222", "name": "Lila Thai Massage Ex Inmate Employment Center", "nameTh": null, "nameEn": "Lila Thai Massage Ex Inmate Employment Center", "cat": ["massage"], "province": "cm", "slug": "lila-thai-massage-ex-inmate-employment-center-5344068222", "rank": 1}}, {"type": "Feature", "geometry": {"type": "Point", "coordinates": [98.98641, 18.78837]}, "properties": {"id": "cm-osm-way-793145645", "name": "Lila Thai Massage马杀鸡", "nameTh": null, "nameEn": "Lila Thai Massage", "cat": ["massage"], "province": "cm", "slug": "lila-thai-massage-793145645", "rank": 1}}, {"type": "Feature", "geometry": {"type": "Point", "coordinates": [98.98781, 18.78978]}, "properties": {"id": "cm-osm-node-6796226586", "name": "Lila thai massage", "nameTh": null, "nameEn": "Lila thai massage", "cat": ["massage"], "province": "cm", "slug": "lila-thai-massage-6796226586", "rank": 1}}, {"type": "Feature", "geometry": {"type": "Point", "coordinates": [98.98981, 18.78071]}, "properties": {"id": "cm-osm-node-8736570205", "name": "Lively by Mossa", "nameTh": null, "nameEn": "Lively by Mossa", "cat": ["massage"], "province": "cm", "slug": "lively-by-mossa-8736570205", "rank": 1}}, {"type": "Feature", "geometry": {"type": "Point", "coordinates": [98.99012, 18.783]}, "properties": {"id": "cm-osm-node-6342563400", "name": "Lotus Flower Massage", "nameTh": null, "nameEn": "Lotus Flower Massage", "cat": ["massage"], "province": "cm", "slug": "lotus-flower-massage-6342563400", "rank": 1}}, {"type": "Feature", "geometry": {"type": "Point", "coordinates": [98.9807, 18.78629]}, "properties": {"id": "cm-osm-node-5413522122", "name": "MAKKHA SPA", "nameTh": null, "nameEn": "MAKKHA SPA", "cat": ["massage"], "province": "cm", "slug": "makkha-spa-5413522122", "rank": 1}}, {"type": "Feature", "geometry": {"type": "Point", "coordinates": [98.98745, 18.79328]}, "properties": {"id": "cm-osm-node-6948370485", "name": "Massage @ Chiang Mai", "nameTh": null, "nameEn": "Massage @ Chiang Mai", "cat": ["massage"], "province": "cm", "slug": "massage-chiang-mai-6948370485", "rank": 1}}, {"type": "Feature", "geometry": {"type": "Point", "coordinates": [98.99174, 18.79401]}, "properties": {"id": "cm-osm-node-6341126285", "name": "Massage For Healthy by Orn", "nameTh": null, "nameEn": "Massage For Healthy by Orn", "cat": ["massage"], "province": "cm", "slug": "massage-for-healthy-by-orn-6341126285", "rank": 2}}, {"type": "Feature", "geometry": {"type": "Point", "coordinates": [98.98745, 18.7932]}, "properties": {"id": "cm-osm-node-6244138685", "name": "Massage at Chiang Mai", "nameTh": null, "nameEn": "Massage at Chiang Mai", "cat": ["massage"], "province": "cm", "slug": "massage-at-chiang-mai-6244138685", "rank": 3}}, {"type": "Feature", "geometry": {"type": "Point", "coordinates": [98.97852, 18.78894]}, "properties": {"id": "cm-osm-node-11228581191", "name": "Mintra Dhevi", "nameTh": null, "nameEn": "Mintra Dhevi", "cat": ["massage"], "province": "cm", "slug": "mintra-dhevi-11228581191", "rank": 3}}, {"type": "Feature", "geometry": {"type": "Point", "coordinates": [98.99065, 18.79052]}, "properties": {"id": "cm-osm-node-1491262464", "name": "Moonlight Thai Massage", "nameTh": null, "nameEn": "Moonlight Thai Massage", "cat": ["massage"], "province": "cm", "slug": "moonlight-thai-massage-1491262464", "rank": 1}}, {"type": "Feature", "geometry": {"type": "Point", "coordinates": [98.98972, 18.79433]}, "properties": {"id": "cm-osm-way-668374392", "name": "Moya Massage", "nameTh": null, "nameEn": "Moya Massage", "cat": ["massage"], "province": "cm", "slug": "moya-massage-668374392", "rank": 1}}, {"type": "Feature", "geometry": {"type": "Point", "coordinates": [98.99238, 18.79432]}, "properties": {"id": "cm-osm-node-6341126185", "name": "Mr.Chai", "nameTh": null, "nameEn": "Mr.Chai", "cat": ["massage"], "province": "cm", "slug": "mr-chai-6341126185", "rank": 1}}, {"type": "Feature", "geometry": {"type": "Point", "coordinates": [98.99308, 18.79184]}, "properties": {"id": "cm-osm-node-3656210106", "name": "Nanchikan", "nameTh": null, "nameEn": "Nanchikan", "cat": ["massage"], "province": "cm", "slug": "nanchikan-3656210106", "rank": 1}}, {"type": "Feature", "geometry": {"type": "Point", "coordinates": [98.99101, 18.79065]}, "properties": {"id": "cm-osm-node-1491298175", "name": "Nokbin Thai Massage", "nameTh": null, "nameEn": "Nokbin Thai Massage", "cat": ["massage"], "province": "cm", "slug": "nokbin-thai-massage-1491298175", "rank": 1}}, {"type": "Feature", "geometry": {"type": "Point", "coordinates": [98.98685, 18.7883]}, "properties": {"id": "cm-osm-node-10058796417", "name": "Nuad Dee", "nameTh": null, "nameEn": "Nuad Dee", "cat": ["massage"], "province": "cm", "slug": "nuad-dee-10058796417", "rank": 1}}, {"type": "Feature", "geometry": {"type": "Point", "coordinates": [98.99032, 18.79081]}, "properties": {"id": "cm-osm-node-1491289917", "name": "Nuad Thai House", "nameTh": null, "nameEn": "Nuad Thai House", "cat": ["massage"], "province": "cm", "slug": "nuad-thai-house-1491289917", "rank": 1}}, {"type": "Feature", "geometry": {"type": "Point", "coordinates": [98.9893, 18.79517]}, "properties": {"id": "cm-osm-node-6855094086", "name": "Nuad Thaï", "nameTh": null, "nameEn": "Nuad Thaï", "cat": ["massage"], "province": "cm", "slug": "nuad-tha-6855094086", "rank": 3}}, {"type": "Feature", "geometry": {"type": "Point", "coordinates": [98.99099, 18.79046]}, "properties": {"id": "cm-osm-node-1491298010", "name": "Panna", "nameTh": null, "nameEn": "Panna", "cat": ["massage"], "province": "cm", "slug": "panna-1491298010", "rank": 1}}, {"type": "Feature", "geometry": {"type": "Point", "coordinates": [98.99124, 18.79285]}, "properties": {"id": "cm-osm-node-6579572177", "name": "Paradee", "nameTh": null, "nameEn": "Paradee", "cat": ["massage"], "province": "cm", "slug": "paradee-6579572177", "rank": 2}}, {"type": "Feature", "geometry": {"type": "Point", "coordinates": [98.99172, 18.78298]}, "properties": {"id": "cm-osm-node-6265206056", "name": "Pathitta Massage", "nameTh": null, "nameEn": "Pathitta Massage", "cat": ["massage"], "province": "cm", "slug": "pathitta-massage-6265206056", "rank": 1}}, {"type": "Feature", "geometry": {"type": "Point", "coordinates": [98.99147, 18.79283]}, "properties": {"id": "cm-osm-node-6579626509", "name": "Phae Healthy Massage", "nameTh": null, "nameEn": "Phae Healthy Massage", "cat": ["massage"], "province": "cm", "slug": "phae-healthy-massage-6579626509", "rank": 2}}, {"type": "Feature", "geometry": {"type": "Point", "coordinates": [98.99012, 18.78554]}, "properties": {"id": "cm-osm-node-3385473034", "name": "Phurin Thai Spa", "nameTh": null, "nameEn": "Phurin Thai Spa", "cat": ["massage"], "province": "cm", "slug": "phurin-thai-spa-3385473034", "rank": 1}}, {"type": "Feature", "geometry": {"type": "Point", "coordinates": [98.98347, 18.78569]}, "properties": {"id": "cm-osm-node-3384100284", "name": "Piraya Health Massage", "nameTh": null, "nameEn": "Piraya Health Massage", "cat": ["massage"], "province": "cm", "slug": "piraya-health-massage-3384100284", "rank": 1}}, {"type": "Feature", "geometry": {"type": "Point", "coordinates": [98.98223, 18.78602]}, "properties": {"id": "cm-osm-node-11026484605", "name": "Plub Plung Massage", "nameTh": null, "nameEn": "Plub Plung Massage", "cat": ["massage"], "province": "cm", "slug": "plub-plung-massage-11026484605", "rank": 3}}, {"type": "Feature", "geometry": {"type": "Point", "coordinates": [98.98741, 18.7858]}, "properties": {"id": "cm-osm-node-3384170896", "name": "Pom Massage", "nameTh": null, "nameEn": "Pom Massage", "cat": ["massage"], "province": "cm", "slug": "pom-massage-3384170896", "rank": 1}}, {"type": "Feature", "geometry": {"type": "Point", "coordinates": [98.9899, 18.78763]}, "properties": {"id": "cm-osm-node-4679694333", "name": "Pranom Health Massage", "nameTh": null, "nameEn": "Pranom Health Massage", "cat": ["massage"], "province": "cm", "slug": "pranom-health-massage-4679694333", "rank": 2}}, {"type": "Feature", "geometry": {"type": "Point", "coordinates": [98.98981, 18.7802]}, "properties": {"id": "cm-osm-node-6261619485", "name": "Purple Haze Massage", "nameTh": null, "nameEn": "Purple Haze Massage", "cat": ["massage"], "province": "cm", "slug": "purple-haze-massage-6261619485", "rank": 2}}, {"type": "Feature", "geometry": {"type": "Point", "coordinates": [98.98551, 18.78826]}, "properties": {"id": "cm-osm-node-4792931922", "name": "RDN Massage", "nameTh": null, "nameEn": "RDN Massage", "cat": ["massage"], "province": "cm", "slug": "rdn-massage-4792931922", "rank": 1}}, {"type": "Feature", "geometry": {"type": "Point", "coordinates": [98.99364, 18.78495]}, "properties": {"id": "cm-osm-node-3652678591", "name": "Relax Massage", "nameTh": null, "nameEn": "Relax Massage", "cat": ["massage"], "province": "cm", "slug": "relax-massage-3652678591", "rank": 1}}, {"type": "Feature", "geometry": {"type": "Point", "coordinates": [98.99358, 18.78636]}, "properties": {"id": "cm-osm-way-482771086", "name": "Relax Spa", "nameTh": null, "nameEn": "Relax Spa", "cat": ["massage"], "province": "cm", "slug": "relax-spa-482771086", "rank": 1}}, {"type": "Feature", "geometry": {"type": "Point", "coordinates": [98.98272, 18.78942]}, "properties": {"id": "cm-osm-node-12311208024", "name": "Relaxing Day Massage", "nameTh": null, "nameEn": "Relaxing Day Massage", "cat": ["massage"], "province": "cm", "slug": "relaxing-day-massage-12311208024", "rank": 1}}, {"type": "Feature", "geometry": {"type": "Point", "coordinates": [98.98399, 18.78833]}, "properties": {"id": "cm-osm-node-7041649789", "name": "Rom Pho Massage Course", "nameTh": null, "nameEn": "Rom Pho Massage Course", "cat": ["massage"], "province": "cm", "slug": "rom-pho-massage-course-7041649789", "rank": 2}}, {"type": "Feature", "geometry": {"type": "Point", "coordinates": [98.9849, 18.78675]}, "properties": {"id": "cm-osm-node-13955897663", "name": "SOMA Massage & Wellness", "nameTh": null, "nameEn": "SOMA Massage & Wellness", "cat": ["massage"], "province": "cm", "slug": "soma-massage-wellness-13955897663", "rank": 1}}, {"type": "Feature", "geometry": {"type": "Point", "coordinates": [98.99045, 18.79221]}, "properties": {"id": "cm-osm-node-1689181837", "name": "Sa-bho massage", "nameTh": null, "nameEn": "Sa-bho massage", "cat": ["massage"], "province": "cm", "slug": "sa-bho-massage-1689181837", "rank": 3}}, {"type": "Feature", "geometry": {"type": "Point", "coordinates": [98.99299, 18.7872]}, "properties": {"id": "cm-osm-node-2460073503", "name": "Sabai Thai Thai", "nameTh": null, "nameEn": "Sabai Thai Thai", "cat": ["massage"], "province": "cm", "slug": "sabai-thai-thai-2460073503", "rank": 1}}, {"type": "Feature", "geometry": {"type": "Point", "coordinates": [98.99131, 18.78727]}, "properties": {"id": "cm-osm-node-13343563581", "name": "Sabai Thong Thai Massage", "nameTh": null, "nameEn": "Sabai Thong Thai Massage", "cat": ["massage"], "province": "cm", "slug": "sabai-thong-thai-massage-13343563581", "rank": 3}}, {"type": "Feature", "geometry": {"type": "Point", "coordinates": [98.99295, 18.78879]}, "properties": {"id": "cm-osm-node-7171972891", "name": "Sabai se Ka", "nameTh": null, "nameEn": "Sabai de Ka", "cat": ["massage"], "province": "cm", "slug": "sabai-de-ka-7171972891", "rank": 3}}, {"type": "Feature", "geometry": {"type": "Point", "coordinates": [98.99277, 18.78982]}, "properties": {"id": "cm-osm-way-481723935", "name": "Sainapa Thai Massage", "nameTh": null, "nameEn": "Sainapa Thai Massage", "cat": ["massage"], "province": "cm", "slug": "sainapa-thai-massage-481723935", "rank": 3}}, {"type": "Feature", "geometry": {"type": "Point", "coordinates": [98.98297, 18.78168]}, "properties": {"id": "cm-osm-node-3384152433", "name": "Sanctuary Spa", "nameTh": null, "nameEn": "Sanctuary Spa", "cat": ["massage"], "province": "cm", "slug": "sanctuary-spa-3384152433", "rank": 1}}, {"type": "Feature", "geometry": {"type": "Point", "coordinates": [98.99347, 18.78551]}, "properties": {"id": "cm-osm-node-4783966025", "name": "Sangsamrit Massage", "nameTh": null, "nameEn": "Sangsamrit Massage", "cat": ["massage"], "province": "cm", "slug": "sangsamrit-massage-4783966025", "rank": 1}}, {"type": "Feature", "geometry": {"type": "Point", "coordinates": [98.99336, 18.79243]}, "properties": {"id": "cm-osm-node-6579700485", "name": "Sense Massage", "nameTh": null, "nameEn": "Sense Massage", "cat": ["massage"], "province": "cm", "slug": "sense-massage-6579700485", "rank": 3}}, {"type": "Feature", "geometry": {"type": "Point", "coordinates": [98.97852, 18.79245]}, "properties": {"id": "cm-osm-node-6007376185", "name": "Sense Massage & SPA", "nameTh": null, "nameEn": "Sense Massage & SPA", "cat": ["massage"], "province": "cm", "slug": "sense-massage-spa-6007376185", "rank": 1}}, {"type": "Feature", "geometry": {"type": "Point", "coordinates": [98.99305, 18.78997]}, "properties": {"id": "cm-osm-node-1491341380", "name": "Siam Massage & Spa", "nameTh": null, "nameEn": "Siam Massage & Spa", "cat": ["massage"], "province": "cm", "slug": "siam-massage-spa-1491341380", "rank": 1}}, {"type": "Feature", "geometry": {"type": "Point", "coordinates": [98.99319, 18.79253]}, "properties": {"id": "cm-osm-node-6579683666", "name": "Silver Hands", "nameTh": null, "nameEn": "Silver Hands", "cat": ["massage"], "province": "cm", "slug": "silver-hands-6579683666", "rank": 2}}, {"type": "Feature", "geometry": {"type": "Point", "coordinates": [98.99127, 18.78149]}, "properties": {"id": "cm-osm-node-6344448381", "name": "Siri Massage", "nameTh": null, "nameEn": "Siri Massage", "cat": ["massage"], "province": "cm", "slug": "siri-massage-6344448381", "rank": 1}}, {"type": "Feature", "geometry": {"type": "Point", "coordinates": [98.99261, 18.79199]}, "properties": {"id": "cm-osm-node-5221567235", "name": "Somphet Massage", "nameTh": null, "nameEn": "Somphet Massage", "cat": ["massage"], "province": "cm", "slug": "somphet-massage-5221567235", "rank": 3}}, {"type": "Feature", "geometry": {"type": "Point", "coordinates": [98.99261, 18.79186]}, "properties": {"id": "cm-osm-node-7043634690", "name": "Somphet Massage", "nameTh": null, "nameEn": "Somphet Massage", "cat": ["massage"], "province": "cm", "slug": "somphet-massage-7043634690", "rank": 1}}, {"type": "Feature", "geometry": {"type": "Point", "coordinates": [98.99269, 18.79195]}, "properties": {"id": "cm-osm-node-5221557421", "name": "Somphet Thai Massage 2", "nameTh": null, "nameEn": "Somphet Thai Massage 2", "cat": ["massage"], "province": "cm", "slug": "somphet-thai-massage-2-5221557421", "rank": 3}}, {"type": "Feature", "geometry": {"type": "Point", "coordinates": [98.99009, 18.78903]}, "properties": {"id": "cm-osm-node-1598988241", "name": "Somsri Thai Massage", "nameTh": null, "nameEn": "Somsri Thai Massage", "cat": ["massage"], "province": "cm", "slug": "somsri-thai-massage-1598988241", "rank": 1}}, {"type": "Feature", "geometry": {"type": "Point", "coordinates": [98.98884, 18.78803]}, "properties": {"id": "cm-osm-node-12295719272", "name": "Spa Buridhara", "nameTh": null, "nameEn": "Spa Buridhara", "cat": ["massage"], "province": "cm", "slug": "spa-buridhara-12295719272", "rank": 1}}, {"type": "Feature", "geometry": {"type": "Point", "coordinates": [98.98719, 18.78817]}, "properties": {"id": "cm-osm-node-2039971101", "name": "Sumpunna", "nameTh": null, "nameEn": "Sumpunna", "cat": ["massage"], "province": "cm", "slug": "sumpunna-2039971101", "rank": 1}}, {"type": "Feature", "geometry": {"type": "Point", "coordinates": [98.99386, 18.79246]}, "properties": {"id": "cm-osm-node-1491385903", "name": "T&C Home Relax", "nameTh": null, "nameEn": "T&C Home Relax", "cat": ["massage"], "province": "cm", "slug": "t-c-home-relax-1491385903", "rank": 1}}, {"type": "Feature", "geometry": {"type": "Point", "coordinates": [98.98757, 18.78564]}, "properties": {"id": "cm-osm-node-4739105821", "name": "Thai Massage Conservation Club", "nameTh": null, "nameEn": "Thai Massage Conservation Club", "cat": ["massage"], "province": "cm", "slug": "thai-massage-conservation-club-4739105821", "rank": 3}}, {"type": "Feature", "geometry": {"type": "Point", "coordinates": [98.98205, 18.79141]}, "properties": {"id": "cm-osm-node-9784520721", "name": "Thai lila massage", "nameTh": null, "nameEn": "Thai lila massage", "cat": ["massage"], "province": "cm", "slug": "thai-lila-massage-9784520721", "rank": 1}}, {"type": "Feature", "geometry": {"type": "Point", "coordinates": [98.99266, 18.78777]}, "properties": {"id": "cm-osm-node-11113107505", "name": "Time To Massage", "nameTh": null, "nameEn": "Time To Massage", "cat": ["massage"], "province": "cm", "slug": "time-to-massage-11113107505", "rank": 2}}, {"type": "Feature", "geometry": {"type": "Point", "coordinates": [98.99265, 18.79183]}, "properties": {"id": "cm-osm-node-6172452887", "name": "Tulipe house and massage", "nameTh": null, "nameEn": "Tulipe house and massage", "cat": ["massage"], "province": "cm", "slug": "tulipe-house-and-massage-6172452887", "rank": 1}}, {"type": "Feature", "geometry": {"type": "Point", "coordinates": [98.98779, 18.78944]}, "properties": {"id": "cm-osm-node-1598975493", "name": "Ula Thaimassage", "nameTh": null, "nameEn": "Ula Thaimassage", "cat": ["massage"], "province": "cm", "slug": "ula-thaimassage-1598975493", "rank": 1}}, {"type": "Feature", "geometry": {"type": "Point", "coordinates": [98.98417, 18.79137]}, "properties": {"id": "cm-osm-node-3384070768", "name": "Wana Beauty & Spa", "nameTh": null, "nameEn": "Wana Beauty & Spa", "cat": ["massage"], "province": "cm", "slug": "wana-beauty-spa-3384070768", "rank": 1}}, {"type": "Feature", "geometry": {"type": "Point", "coordinates": [98.98595, 18.78314]}, "properties": {"id": "cm-osm-node-9289259317", "name": "Wat Pan Waen Thai Massage", "nameTh": null, "nameEn": "Wat Pan Waen Thai Massage", "cat": ["massage"], "province": "cm", "slug": "wat-pan-waen-thai-massage-9289259317", "rank": 3}}, {"type": "Feature", "geometry": {"type": "Point", "coordinates": [98.99384, 18.78492]}, "properties": {"id": "cm-osm-node-3652684563", "name": "White Orchid Massage", "nameTh": null, "nameEn": "White Orchid Massage", "cat": ["massage"], "province": "cm", "slug": "white-orchid-massage-3652684563", "rank": 1}}, {"type": "Feature", "geometry": {"type": "Point", "coordinates": [98.98736, 18.79424]}, "properties": {"id": "cm-osm-node-5237420521", "name": "Women's massage center by ex-prisoners (branch 2)", "nameTh": null, "nameEn": "Women's massage center by ex-prisoners (branch 2)", "cat": ["massage"], "province": "cm", "slug": "women-s-massage-center-by-ex-prisoners-branch-2-5237420521", "rank": 3}}, {"type": "Feature", "geometry": {"type": "Point", "coordinates": [98.98555, 18.79322]}, "properties": {"id": "cm-osm-way-623138547", "name": "Women's massage center by ex-prisoners (branch 3)", "nameTh": null, "nameEn": "Women's massage center by ex-prisoners (branch 3)", "cat": ["massage"], "province": "cm", "slug": "women-s-massage-center-by-ex-prisoners-branch-3-623138547", "rank": 3}}, {"type": "Feature", "geometry": {"type": "Point", "coordinates": [98.98228, 18.79104]}, "properties": {"id": "cm-osm-node-7027943294", "name": "Women’s massage", "nameTh": null, "nameEn": "Women’s massage", "cat": ["massage"], "province": "cm", "slug": "women-s-massage-7027943294", "rank": 1}}, {"type": "Feature", "geometry": {"type": "Point", "coordinates": [98.99294, 18.79066]}, "properties": {"id": "cm-osm-way-357059049", "name": "Zira Spa", "nameTh": null, "nameEn": "Zira Spa", "cat": ["massage"], "province": "cm", "slug": "zira-spa-357059049", "rank": 4}}, {"type": "Feature", "geometry": {"type": "Point", "coordinates": [98.99026, 18.7867]}, "properties": {"id": "cm-osm-node-11700085654", "name": "Ziri Massage and Spa", "nameTh": null, "nameEn": "Ziri Massage and Spa", "cat": ["massage"], "province": "cm", "slug": "ziri-massage-and-spa-11700085654", "rank": 2}}, {"type": "Feature", "geometry": {"type": "Point", "coordinates": [98.98931, 18.782]}, "properties": {"id": "cm-osm-node-5773125554", "name": "supatra thai massage", "nameTh": null, "nameEn": "supatra thai massage", "cat": ["massage"], "province": "cm", "slug": "supatra-thai-massage-5773125554", "rank": 1}}, {"type": "Feature", "geometry": {"type": "Point", "coordinates": [98.99244, 18.79053]}, "properties": {"id": "cm-osm-node-6463441938", "name": "zala spa", "nameTh": null, "nameEn": "zala spa", "cat": ["massage"], "province": "cm", "slug": "zala-spa-6463441938", "rank": 1}}, {"type": "Feature", "geometry": {"type": "Point", "coordinates": [98.99233, 18.78773]}, "properties": {"id": "cm-osm-node-5307478089", "name": "Boots", "nameTh": null, "nameEn": "Boots", "cat": ["essentials", "medical"], "province": "cm", "slug": "boots-5307478089", "rank": 1}}, {"type": "Feature", "geometry": {"type": "Point", "coordinates": [98.9829, 18.78869]}, "properties": {"id": "cm-osm-node-7023398691", "name": "Boots", "nameTh": null, "nameEn": "Boots", "cat": ["essentials", "medical"], "province": "cm", "slug": "boots-7023398691", "rank": 1}}, {"type": "Feature", "geometry": {"type": "Point", "coordinates": [98.98665, 18.78822]}, "properties": {"id": "cm-osm-node-6303088885", "name": "C&R", "nameTh": null, "nameEn": "Natural Herb", "cat": ["essentials", "medical"], "province": "cm", "slug": "natural-herb-6303088885", "rank": 1}}, {"type": "Feature", "geometry": {"type": "Point", "coordinates": [98.98202, 18.78402]}, "properties": {"id": "cm-osm-node-3388719794", "name": "Center of Thai Traditional and Complementary Medicine", "nameTh": null, "nameEn": "Center of Thai Traditional and Complementary Medicine", "cat": ["medical"], "province": "cm", "slug": "center-of-thai-traditional-and-complementary-medicine-3388719794", "rank": 2}}, {"type": "Feature", "geometry": {"type": "Point", "coordinates": [98.98133, 18.78239]}, "properties": {"id": "cm-osm-node-12543092215", "name": "Dr.Direk ophthalmic clinic", "nameTh": null, "nameEn": "Dr.Direk ophthalmic clinic", "cat": ["medical"], "province": "cm", "slug": "dr-direk-ophthalmic-clinic-12543092215", "rank": 2}}, {"type": "Feature", "geometry": {"type": "Point", "coordinates": [98.98359, 18.78955]}, "properties": {"id": "cm-osm-node-4213529541", "name": "Family Dental Clinic", "nameTh": null, "nameEn": "Family Dental Clinic", "cat": ["medical"], "province": "cm", "slug": "family-dental-clinic-4213529541", "rank": 1}}, {"type": "Feature", "geometry": {"type": "Point", "coordinates": [98.99233, 18.79501]}, "properties": {"id": "cm-osm-way-492846847", "name": "Ivora", "nameTh": null, "nameEn": "Ivora", "cat": ["medical"], "province": "cm", "slug": "ivora-492846847", "rank": 1}}, {"type": "Feature", "geometry": {"type": "Point", "coordinates": [98.99314, 18.79081]}, "properties": {"id": "cm-osm-node-6973265152", "name": "Jaksu Pattana Eye Clinic", "nameTh": null, "nameEn": "Jaksu Pattana Eye Clinic", "cat": ["medical"], "province": "cm", "slug": "jaksu-pattana-eye-clinic-6973265152", "rank": 2}}, {"type": "Feature", "geometry": {"type": "Point", "coordinates": [98.98876, 18.79494]}, "properties": {"id": "cm-osm-way-743769375", "name": "LDC dental center", "nameTh": null, "nameEn": "LDC dental center", "cat": ["medical"], "province": "cm", "slug": "ldc-dental-center-743769375", "rank": 1}}, {"type": "Feature", "geometry": {"type": "Point", "coordinates": [98.98257, 18.78775]}, "properties": {"id": "cm-osm-node-6354525187", "name": "NAT Pharmacy", "nameTh": null, "nameEn": "NAT Pharmacy", "cat": ["essentials", "medical"], "province": "cm", "slug": "nat-pharmacy-6354525187", "rank": 2}}, {"type": "Feature", "geometry": {"type": "Point", "coordinates": [98.99266, 18.78771]}, "properties": {"id": "cm-osm-node-7426282724", "name": "Peera Pharmacy", "nameTh": null, "nameEn": "Peera Pharmacy", "cat": ["essentials", "medical"], "province": "cm", "slug": "peera-pharmacy-7426282724", "rank": 2}}, {"type": "Feature", "geometry": {"type": "Point", "coordinates": [98.99256, 18.78772]}, "properties": {"id": "cm-osm-node-4918071821", "name": "Pharma Square", "nameTh": null, "nameEn": "Pharma Square", "cat": ["essentials", "medical"], "province": "cm", "slug": "pharma-square-4918071821", "rank": 1}}, {"type": "Feature", "geometry": {"type": "Point", "coordinates": [98.98885, 18.7818]}, "properties": {"id": "cm-osm-node-6250975985", "name": "Pharmacy", "nameTh": null, "nameEn": "Pharmacy", "cat": ["essentials", "medical"], "province": "cm", "slug": "pharmacy-6250975985", "rank": 1}}, {"type": "Feature", "geometry": {"type": "Point", "coordinates": [98.98266, 18.78869]}, "properties": {"id": "cm-osm-node-2567784386", "name": "Phuping Pharmacy", "nameTh": null, "nameEn": "Phuping Pharmacy", "cat": ["essentials", "medical"], "province": "cm", "slug": "phuping-pharmacy-2567784386", "rank": 1}}, {"type": "Feature", "geometry": {"type": "Point", "coordinates": [98.9931, 18.78965]}, "properties": {"id": "cm-osm-way-481723934", "name": "Pongsakorn Dental Clinic", "nameTh": null, "nameEn": "Pongsakorn Dental Clinic", "cat": ["medical"], "province": "cm", "slug": "pongsakorn-dental-clinic-481723934", "rank": 2}}, {"type": "Feature", "geometry": {"type": "Point", "coordinates": [98.99052, 18.79138]}, "properties": {"id": "cm-osm-way-578853348", "name": "Red Cross Blood donation centre", "nameTh": null, "nameEn": "Red Cross Blood donation centre", "cat": ["medical"], "province": "cm", "slug": "red-cross-blood-donation-centre-578853348", "rank": 2}}, {"type": "Feature", "geometry": {"type": "Point", "coordinates": [98.98762, 18.79375]}, "properties": {"id": "cm-osm-node-6611483885", "name": "Skin clinic", "nameTh": null, "nameEn": "Skin clinic", "cat": ["medical"], "province": "cm", "slug": "skin-clinic-6611483885", "rank": 1}}, {"type": "Feature", "geometry": {"type": "Point", "coordinates": [98.98842, 18.78603]}, "properties": {"id": "cm-osm-node-7026355500", "name": "Vitamin H Pharmacy & Beauty Bar", "nameTh": null, "nameEn": "Vitamin H Pharmacy & Beauty Bar", "cat": ["essentials", "medical"], "province": "cm", "slug": "vitamin-h-pharmacy-beauty-bar-7026355500", "rank": 1}}, {"type": "Feature", "geometry": {"type": "Point", "coordinates": [98.98229, 18.78612]}, "properties": {"id": "cm-osm-node-3384110499", "name": "คลินิก วิไลทันตแพทย์", "nameTh": "คลินิก วิไลทันตแพทย์", "nameEn": "Be-Smile", "cat": ["medical"], "province": "cm", "slug": "be-smile-3384110499", "rank": 2}}, {"type": "Feature", "geometry": {"type": "Point", "coordinates": [98.98378, 18.78561]}, "properties": {"id": "cm-osm-node-3384089347", "name": "คลินิกชุมชนเชียงใหม่", "nameTh": "คลินิกชุมชนเชียงใหม่", "nameEn": "Medical and Family Planning Services", "cat": ["medical"], "province": "cm", "slug": "medical-and-family-planning-services-3384089347", "rank": 3}}, {"type": "Feature", "geometry": {"type": "Point", "coordinates": [98.98569, 18.78988]}, "properties": {"id": "cm-osm-node-1619287900", "name": "คลินิกทันตกรรม มุขไม้", "nameTh": "คลินิกทันตกรรมมุขไม้", "nameEn": "Mukmai Dental Clinic", "cat": ["medical"], "province": "cm", "slug": "mukmai-dental-clinic-1619287900", "rank": 4}}, {"type": "Feature", "geometry": {"type": "Point", "coordinates": [98.97979, 18.78896]}, "properties": {"id": "cm-osm-node-3385521309", "name": "คลินิกนายแพทย์ จำลอง ดิษยวณิช", "nameTh": "คลินิกนายแพทย์ จำลอง ดิษยวณิช", "nameEn": "Psychiatric Clinic", "cat": ["medical"], "province": "cm", "slug": "psychiatric-clinic-3385521309", "rank": 3}}, {"type": "Feature", "geometry": {"type": "Point", "coordinates": [98.98155, 18.78271]}, "properties": {"id": "cm-osm-node-3388717543", "name": "คลินิกหมอกิตติวรรณ", "nameTh": "คลินิกหมอกิตติวรรณ", "nameEn": "Dr. Kittiwan Psychiatric Clinic", "cat": ["medical"], "province": "cm", "slug": "dr-kittiwan-psychiatric-clinic-3388717543", "rank": 3}}, {"type": "Feature", "geometry": {"type": "Point", "coordinates": [98.98249, 18.78701]}, "properties": {"id": "cm-osm-node-2466325294", "name": "คลินิกโรคฟันล้านนา", "nameTh": "คลินิกโรคฟันล้านนา", "nameEn": "Lanna Dental Clinic", "cat": ["medical"], "province": "cm", "slug": "lanna-dental-clinic-2466325294", "rank": 3}}, {"type": "Feature", "geometry": {"type": "Point", "coordinates": [98.98644, 18.79518]}, "properties": {"id": "cm-osm-node-1616042300", "name": "คลินิคหมอจรูญ", "nameTh": "คลินิคหมอจรูญ", "nameEn": "Dr Jaroon Medical Clinic", "cat": ["medical"], "province": "cm", "slug": "dr-jaroon-medical-clinic-1616042300", "rank": 3}}, {"type": "Feature", "geometry": {"type": "Point", "coordinates": [98.98208, 18.78405]}, "properties": {"id": "cm-osm-node-4358693890", "name": "จ่ายยา", "nameTh": "จ่ายยา", "nameEn": "Pharmacy", "cat": ["essentials", "medical"], "province": "cm", "slug": "pharmacy-4358693890", "rank": 2}}, {"type": "Feature", "geometry": {"type": "Point", "coordinates": [98.99273, 18.78771]}, "properties": {"id": "cm-osm-way-579074439", "name": "พีระ", "nameTh": "พีระ", "nameEn": "Peera Pharmacy", "cat": ["essentials", "medical"], "province": "cm", "slug": "peera-pharmacy-579074439", "rank": 2}}, {"type": "Feature", "geometry": {"type": "Point", "coordinates": [98.99178, 18.78512]}, "properties": {"id": "cm-osm-way-793410613", "name": "มังคละโอสถ", "nameTh": "มังคละโอสถ", "nameEn": "Mungkala Traditonal Chinese Medicine (acupuncture) Clinic", "cat": ["medical"], "province": "cm", "slug": "mungkala-traditonal-chinese-medicine-acupuncture-clinic-793410613", "rank": 4}}, {"type": "Feature", "geometry": {"type": "Point", "coordinates": [98.98181, 18.78293]}, "properties": {"id": "cm-osm-node-11359736106", "name": "อีฟ ฟาร์มาซี", "nameTh": "อีฟ ฟาร์มาซี", "nameEn": "Eve Pharmacy", "cat": ["essentials", "medical"], "province": "cm", "slug": "eve-pharmacy-11359736106", "rank": 4}}, {"type": "Feature", "geometry": {"type": "Point", "coordinates": [98.9899, 18.79307]}, "properties": {"id": "cm-osm-node-9982599350", "name": "Cannabis Café", "nameTh": null, "nameEn": "Cannabis Café", "cat": ["cannabis"], "province": "cm", "slug": "cannabis-caf-9982599350", "rank": 2}}, {"type": "Feature", "geometry": {"type": "Point", "coordinates": [98.99119, 18.79224]}, "properties": {"id": "cm-osm-node-13266867246", "name": "Hannah Organic", "nameTh": null, "nameEn": "Hannah Organic", "cat": ["cannabis"], "province": "cm", "slug": "hannah-organic-13266867246", "rank": 3}}, {"type": "Feature", "geometry": {"type": "Point", "coordinates": [98.99233, 18.78913]}, "properties": {"id": "cm-osm-node-9982674526", "name": "Mavoix Coffee & Weed", "nameTh": null, "nameEn": "Mavoix Coffee & Weed", "cat": ["cannabis"], "province": "cm", "slug": "mavoix-coffee-weed-9982674526", "rank": 2}}, {"type": "Feature", "geometry": {"type": "Point", "coordinates": [98.98813, 18.7856]}, "properties": {"id": "cm-osm-node-9989449793", "name": "Stoner CNX", "nameTh": null, "nameEn": "Stoner CNX", "cat": ["cannabis"], "province": "cm", "slug": "stoner-cnx-9989449793", "rank": 1}}, {"type": "Feature", "geometry": {"type": "Point", "coordinates": [98.98949, 18.78383]}, "properties": {"id": "cm-osm-node-13016037946", "name": "WEED HANDSOMECnX", "nameTh": null, "nameEn": "WEED HANDSOMECnX", "cat": ["cannabis"], "province": "cm", "slug": "weed-handsomecnx-13016037946", "rank": 3}}, {"type": "Feature", "geometry": {"type": "Point", "coordinates": [98.99249, 18.78872]}, "properties": {"id": "cm-osm-node-9982674525", "name": "Wake n' Bake", "nameTh": null, "nameEn": "Wake n' Bake", "cat": ["cannabis"], "province": "cm", "slug": "wake-n-bake-9982674525", "rank": 1}}, {"type": "Feature", "geometry": {"type": "Point", "coordinates": [98.99293, 18.78639]}, "properties": {"id": "cm-osm-way-482772359", "name": "7-11", "nameTh": "หลอด biers", "nameEn": "Bier Stube", "cat": ["essentials"], "province": "cm", "slug": "bier-stube-482772359", "rank": 5}}, {"type": "Feature", "geometry": {"type": "Point", "coordinates": [98.98195, 18.79194]}, "properties": {"id": "cm-osm-node-1618122063", "name": "7-Eleven", "nameTh": null, "nameEn": "7-Eleven", "cat": ["essentials"], "province": "cm", "slug": "7-eleven-1618122063", "rank": 3}}, {"type": "Feature", "geometry": {"type": "Point", "coordinates": [98.98762, 18.79145]}, "properties": {"id": "cm-osm-node-1619287964", "name": "7-Eleven", "nameTh": null, "nameEn": "7-Eleven", "cat": ["essentials"], "province": "cm", "slug": "7-eleven-1619287964", "rank": 3}}, {"type": "Feature", "geometry": {"type": "Point", "coordinates": [98.98285, 18.78868]}, "properties": {"id": "cm-osm-node-1619445283", "name": "7-Eleven", "nameTh": null, "nameEn": "7-Eleven", "cat": ["essentials"], "province": "cm", "slug": "7-eleven-1619445283", "rank": 3}}, {"type": "Feature", "geometry": {"type": "Point", "coordinates": [98.98841, 18.78609]}, "properties": {"id": "cm-osm-node-2040001657", "name": "7-Eleven", "nameTh": null, "nameEn": "7-Eleven", "cat": ["essentials"], "province": "cm", "slug": "7-eleven-2040001657", "rank": 3}}, {"type": "Feature", "geometry": {"type": "Point", "coordinates": [98.99004, 18.79379]}, "properties": {"id": "cm-osm-node-4484769089", "name": "7-Eleven", "nameTh": "7-Eleven", "nameEn": null, "cat": ["essentials"], "province": "cm", "slug": "7-eleven-4484769089", "rank": 2}}, {"type": "Feature", "geometry": {"type": "Point", "coordinates": [98.99036, 18.78433]}, "properties": {"id": "cm-osm-node-6117383885", "name": "7-Eleven", "nameTh": null, "nameEn": "7-Eleven", "cat": ["essentials"], "province": "cm", "slug": "7-eleven-6117383885", "rank": 1}}, {"type": "Feature", "geometry": {"type": "Point", "coordinates": [98.98165, 18.78374]}, "properties": {"id": "cm-osm-node-6352082587", "name": "7-Eleven", "nameTh": null, "nameEn": "7-Eleven", "cat": ["essentials"], "province": "cm", "slug": "7-eleven-6352082587", "rank": 2}}, {"type": "Feature", "geometry": {"type": "Point", "coordinates": [98.99291, 18.78635]}, "properties": {"id": "cm-osm-node-7426419778", "name": "7-Eleven", "nameTh": null, "nameEn": "7-Eleven", "cat": ["essentials"], "province": "cm", "slug": "7-eleven-7426419778", "rank": 1}}, {"type": "Feature", "geometry": {"type": "Point", "coordinates": [98.99297, 18.7873]}, "properties": {"id": "cm-osm-way-238151855", "name": "7-Eleven", "nameTh": null, "nameEn": "7-Eleven", "cat": ["essentials"], "province": "cm", "slug": "7-eleven-238151855", "rank": 3}}, {"type": "Feature", "geometry": {"type": "Point", "coordinates": [98.99159, 18.79033]}, "properties": {"id": "cm-osm-way-481723943", "name": "7-Eleven", "nameTh": null, "nameEn": "7-Eleven", "cat": ["essentials"], "province": "cm", "slug": "7-eleven-481723943", "rank": 3}}, {"type": "Feature", "geometry": {"type": "Point", "coordinates": [98.98822, 18.78691]}, "properties": {"id": "cm-osm-node-12498251801", "name": "7-eleven", "nameTh": null, "nameEn": "7-eleven", "cat": ["essentials"], "province": "cm", "slug": "7-eleven-12498251801", "rank": 1}}, {"type": "Feature", "geometry": {"type": "Point", "coordinates": [98.98943, 18.79067]}, "properties": {"id": "cm-osm-node-1619218793", "name": "CP Fresh Mart", "nameTh": null, "nameEn": "CP Fresh Mart", "cat": ["essentials"], "province": "cm", "slug": "cp-fresh-mart-1619218793", "rank": 2}}, {"type": "Feature", "geometry": {"type": "Point", "coordinates": [98.9823, 18.78283]}, "properties": {"id": "cm-osm-node-13428050264", "name": "Chanaplace", "nameTh": null, "nameEn": "Chanaplace", "cat": ["essentials"], "province": "cm", "slug": "chanaplace-13428050264", "rank": 2}}, {"type": "Feature", "geometry": {"type": "Point", "coordinates": [98.99195, 18.78641]}, "properties": {"id": "cm-osm-node-4430081797", "name": "Corner Store", "nameTh": null, "nameEn": "Corner Store", "cat": ["essentials"], "province": "cm", "slug": "corner-store-4430081797", "rank": 1}}, {"type": "Feature", "geometry": {"type": "Point", "coordinates": [98.99281, 18.7877]}, "properties": {"id": "cm-osm-node-208372026", "name": "EMS", "nameTh": null, "nameEn": "EMS Post Office", "cat": ["essentials"], "province": "cm", "slug": "ems-post-office-208372026", "rank": 1}}, {"type": "Feature", "geometry": {"type": "Point", "coordinates": [98.98316, 18.78832]}, "properties": {"id": "cm-osm-node-6354525185", "name": "Krung Thai", "nameTh": null, "nameEn": "Krung Thai", "cat": ["essentials"], "province": "cm", "slug": "krung-thai-6354525185", "rank": 1}}, {"type": "Feature", "geometry": {"type": "Point", "coordinates": [98.99052, 18.78507]}, "properties": {"id": "cm-osm-node-6796226396", "name": "Laundry", "nameTh": null, "nameEn": "Laundry", "cat": ["essentials"], "province": "cm", "slug": "laundry-6796226396", "rank": 1}}, {"type": "Feature", "geometry": {"type": "Point", "coordinates": [98.98277, 18.78744]}, "properties": {"id": "cm-osm-node-7103990187", "name": "Laundry", "nameTh": null, "nameEn": "Laundry", "cat": ["essentials"], "province": "cm", "slug": "laundry-7103990187", "rank": 1}}, {"type": "Feature", "geometry": {"type": "Point", "coordinates": [98.99053, 18.78412]}, "properties": {"id": "cm-osm-node-6482441287", "name": "Laundry Express 3 Hr Chiang Mai", "nameTh": null, "nameEn": "Laundry Express 3 Hr Chiang Mai", "cat": ["essentials"], "province": "cm", "slug": "laundry-express-3-hr-chiang-mai-6482441287", "rank": 1}}, {"type": "Feature", "geometry": {"type": "Point", "coordinates": [98.99054, 18.78389]}, "properties": {"id": "cm-osm-node-6796226486", "name": "Laundry Mrs. Clean", "nameTh": null, "nameEn": "Laundry Mrs. Clean", "cat": ["essentials"], "province": "cm", "slug": "laundry-mrs-clean-6796226486", "rank": 1}}, {"type": "Feature", "geometry": {"type": "Point", "coordinates": [98.98264, 18.78925]}, "properties": {"id": "cm-osm-node-11407178348", "name": "Laundry Station & Cafe", "nameTh": null, "nameEn": "Laundry Station & Cafe", "cat": ["essentials"], "province": "cm", "slug": "laundry-station-cafe-11407178348", "rank": 2}}, {"type": "Feature", "geometry": {"type": "Point", "coordinates": [98.98482, 18.78249]}, "properties": {"id": "cm-osm-node-7001610990", "name": "M&N Coffee & Laundry", "nameTh": null, "nameEn": "Laundry and coffee", "cat": ["essentials"], "province": "cm", "slug": "laundry-and-coffee-7001610990", "rank": 2}}, {"type": "Feature", "geometry": {"type": "Point", "coordinates": [98.99109, 18.79063]}, "properties": {"id": "cm-osm-node-7005730908", "name": "Shogun Minimart", "nameTh": null, "nameEn": "Shogun Minimart", "cat": ["essentials"], "province": "cm", "slug": "shogun-minimart-7005730908", "rank": 1}}, {"type": "Feature", "geometry": {"type": "Point", "coordinates": [98.98775, 18.79078]}, "properties": {"id": "cm-osm-node-4597779096", "name": "Si Phum Thailand Post Office", "nameTh": null, "nameEn": "Si Phum Thailand Post Office", "cat": ["essentials"], "province": "cm", "slug": "si-phum-thailand-post-office-4597779096", "rank": 3}}, {"type": "Feature", "geometry": {"type": "Point", "coordinates": [98.98849, 18.78327]}, "properties": {"id": "cm-osm-node-1029528119", "name": "Siam Commercial Bank", "nameTh": null, "nameEn": "Siam Commercial Bank", "cat": ["essentials"], "province": "cm", "slug": "siam-commercial-bank-1029528119", "rank": 2}}, {"type": "Feature", "geometry": {"type": "Point", "coordinates": [98.99126, 18.79412]}, "properties": {"id": "cm-osm-node-13528769801", "name": "Soi 9 Service", "nameTh": null, "nameEn": "Soi 9 Service", "cat": ["essentials"], "province": "cm", "slug": "soi-9-service-13528769801", "rank": 2}}, {"type": "Feature", "geometry": {"type": "Point", "coordinates": [98.99056, 18.78375]}, "properties": {"id": "cm-osm-node-6267827315", "name": "The Corner Minimart", "nameTh": null, "nameEn": "The Corner Minimart", "cat": ["essentials"], "province": "cm", "slug": "the-corner-minimart-6267827315", "rank": 1}}, {"type": "Feature", "geometry": {"type": "Point", "coordinates": [98.98166, 18.78336]}, "properties": {"id": "cm-osm-node-5608475221", "name": "Urban Green", "nameTh": null, "nameEn": "Urban Green", "cat": ["essentials"], "province": "cm", "slug": "urban-green-5608475221", "rank": 2}}, {"type": "Feature", "geometry": {"type": "Point", "coordinates": [98.99161, 18.79282]}, "properties": {"id": "cm-osm-node-5582581121", "name": "Wash Dry Iron", "nameTh": null, "nameEn": "Wash Dry Iron", "cat": ["essentials"], "province": "cm", "slug": "wash-dry-iron-5582581121", "rank": 1}}, {"type": "Feature", "geometry": {"type": "Point", "coordinates": [98.99068, 18.78792]}, "properties": {"id": "cm-osm-node-5783761753", "name": "flea market Friday", "nameTh": null, "nameEn": "flea market Friday", "cat": ["essentials"], "province": "cm", "slug": "flea-market-friday-5783761753", "rank": 1}}, {"type": "Feature", "geometry": {"type": "Point", "coordinates": [98.98539, 18.79368]}, "properties": {"id": "cm-osm-node-9784521017", "name": "laundry service home", "nameTh": null, "nameEn": "laundry service home", "cat": ["essentials"], "province": "cm", "slug": "laundry-service-home-9784521017", "rank": 1}}, {"type": "Feature", "geometry": {"type": "Point", "coordinates": [98.98454, 18.79044]}, "properties": {"id": "cm-osm-way-260322244", "name": "ที่ว่าการอำเภอเมืองเชียงใหม่", "nameTh": "ที่ว่าการอำเภอเมืองเชียงใหม่", "nameEn": "Chiang Mai District Office", "cat": ["essentials"], "province": "cm", "slug": "chiang-mai-district-office-260322244", "rank": 2}}, {"type": "Feature", "geometry": {"type": "Point", "coordinates": [98.98319, 18.78842]}, "properties": {"id": "cm-osm-node-1619445280", "name": "ธนาคารกรุงไทย", "nameTh": "ธนาคารกรุงไทย", "nameEn": "Krungthai Bank", "cat": ["essentials"], "province": "cm", "slug": "krungthai-bank-1619445280", "rank": 2}}, {"type": "Feature", "geometry": {"type": "Point", "coordinates": [98.98719, 18.7936]}, "properties": {"id": "cm-osm-way-251437032", "name": "ธนาคารเพื่อการเกษตรและสหกรณ์การเกษตร ธ.ก.ส.", "nameTh": "ธนาคารเพื่อการเกษตรและสหกรณ์การเกษตร ธ.ก.ส.", "nameEn": "Bank for Agriculture and Agricultural Cooperatives (BAAC)", "cat": ["essentials"], "province": "cm", "slug": "bank-for-agriculture-and-agricultural-cooperatives-baac-251437032", "rank": 2}}, {"type": "Feature", "geometry": {"type": "Point", "coordinates": [98.98022, 18.788]}, "properties": {"id": "cm-osm-node-3388703312", "name": "ร้านน้องโบ", "nameTh": "ร้านน้องโบ", "nameEn": "Nong Bo", "cat": ["essentials"], "province": "cm", "slug": "nong-bo-3388703312", "rank": 2}}, {"type": "Feature", "geometry": {"type": "Point", "coordinates": [98.98154, 18.79387]}, "properties": {"id": "cm-osm-way-102825185", "name": "ศูนย์ส่งเสริมการส่งออกภาคเหนือ", "nameTh": "ศูนย์ส่งเสริมการส่งออกภาคเหนือ", "nameEn": "Regional Export Promotion Center", "cat": ["essentials"], "province": "cm", "slug": "regional-export-promotion-center-102825185", "rank": 2}}, {"type": "Feature", "geometry": {"type": "Point", "coordinates": [98.98003, 18.79017]}, "properties": {"id": "cm-osm-way-695912175", "name": "สำนักงานเกษตรอำเภอเมืองเชียงใหม่", "nameTh": "สำนักงานเกษตรอำเภอเมืองเชียงใหม่", "nameEn": null, "cat": ["essentials"], "province": "cm", "slug": "695912175", "rank": 1}}, {"type": "Feature", "geometry": {"type": "Point", "coordinates": [98.98134, 18.78478]}, "properties": {"id": "cm-osm-node-6567944597", "name": "เครื่องซักผ้าหยอดเหรียญ", "nameTh": "เครื่องซักผ้าหยอดเหรียญ", "nameEn": "Coin Laundry", "cat": ["essentials"], "province": "cm", "slug": "coin-laundry-6567944597", "rank": 3}}, {"type": "Feature", "geometry": {"type": "Point", "coordinates": [98.9877, 18.79091]}, "properties": {"id": "cm-osm-node-4336683611", "name": "ไปรษณีย์ ศรีภูมิ", "nameTh": "ไปรษณีย์ ศรีภูมิ", "nameEn": "Si Phum Post Office", "cat": ["essentials"], "province": "cm", "slug": "si-phum-post-office-4336683611", "rank": 2}}, {"type": "Feature", "geometry": {"type": "Point", "coordinates": [98.9825, 18.78639]}, "properties": {"id": "cm-osm-way-238831216", "name": "ไปรษณีย์พระสิงห์", "nameTh": "ไปรษณีย์พระสิงห์", "nameEn": "Phra Singh post office", "cat": ["essentials"], "province": "cm", "slug": "phra-singh-post-office-238831216", "rank": 3}}, {"type": "Feature", "geometry": {"type": "Point", "coordinates": [98.99158, 18.79205]}, "properties": {"id": "cm-osm-way-492846799", "name": "18 Cottage", "nameTh": null, "nameEn": "18 Cottage", "cat": ["hotel"], "province": "cm", "slug": "18-cottage-492846799", "rank": 1}}, {"type": "Feature", "geometry": {"type": "Point", "coordinates": [98.98258, 18.78239]}, "properties": {"id": "cm-osm-node-6943933187", "name": "2 c’s Sons", "nameTh": null, "nameEn": "2 c’s Sons", "cat": ["hotel"], "province": "cm", "slug": "2-c-s-sons-6943933187", "rank": 2}}, {"type": "Feature", "geometry": {"type": "Point", "coordinates": [98.98183, 18.78309]}, "properties": {"id": "cm-osm-node-13387962071", "name": "3 Laan House", "nameTh": null, "nameEn": "3 Laan House", "cat": ["hotel"], "province": "cm", "slug": "3-laan-house-13387962071", "rank": 1}}, {"type": "Feature", "geometry": {"type": "Point", "coordinates": [98.98693, 18.78286]}, "properties": {"id": "cm-osm-node-12525101601", "name": "33 Poshtel", "nameTh": null, "nameEn": "33 Poshtel", "cat": ["hotel"], "province": "cm", "slug": "33-poshtel-12525101601", "rank": 1}}, {"type": "Feature", "geometry": {"type": "Point", "coordinates": [98.99001, 18.78236]}, "properties": {"id": "cm-osm-node-2598509624", "name": "60 Blue", "nameTh": null, "nameEn": "60 Blue", "cat": ["hotel"], "province": "cm", "slug": "60-blue-2598509624", "rank": 3}}, {"type": "Feature", "geometry": {"type": "Point", "coordinates": [98.98994, 18.78244]}, "properties": {"id": "cm-osm-node-5617175421", "name": "60 Blue House (08-6919-2777)", "nameTh": null, "nameEn": "60 Blue House (08-6919-2777)", "cat": ["hotel"], "province": "cm", "slug": "60-blue-house-08-6919-2777-5617175421", "rank": 1}}, {"type": "Feature", "geometry": {"type": "Point", "coordinates": [98.99016, 18.79494]}, "properties": {"id": "cm-osm-node-3457855564", "name": "7 Century Guesthouse", "nameTh": null, "nameEn": "7 Century Guesthouse", "cat": ["hotel"], "province": "cm", "slug": "7-century-guesthouse-3457855564", "rank": 1}}, {"type": "Feature", "geometry": {"type": "Point", "coordinates": [98.98939, 18.79443]}, "properties": {"id": "cm-osm-way-578863875", "name": "9 Hostel", "nameTh": null, "nameEn": "9 Hostel", "cat": ["hotel"], "province": "cm", "slug": "9-hostel-578863875", "rank": 2}}, {"type": "Feature", "geometry": {"type": "Point", "coordinates": [98.98304, 18.78943]}, "properties": {"id": "cm-osm-node-3804433413", "name": "99 Gallery Hotel", "nameTh": null, "nameEn": "99 Gallery Hotel", "cat": ["hotel"], "province": "cm", "slug": "99-gallery-hotel-3804433413", "rank": 2}}, {"type": "Feature", "geometry": {"type": "Point", "coordinates": [98.98274, 18.78909]}, "properties": {"id": "cm-osm-node-4848162062", "name": "99 The Heritage Hotel", "nameTh": null, "nameEn": "99 The Heritage Hotel", "cat": ["hotel"], "province": "cm", "slug": "99-the-heritage-hotel-4848162062", "rank": 1}}, {"type": "Feature", "geometry": {"type": "Point", "coordinates": [98.99281, 18.78469]}, "properties": {"id": "cm-osm-way-738808682", "name": "@Home", "nameTh": null, "nameEn": "@Home", "cat": ["hotel"], "province": "cm", "slug": "home-738808682", "rank": 2}}, {"type": "Feature", "geometry": {"type": "Point", "coordinates": [98.98664, 18.78844]}, "properties": {"id": "cm-osm-node-1618892758", "name": "A Cozy Little Hotel", "nameTh": null, "nameEn": "Duang Champa", "cat": ["hotel"], "province": "cm", "slug": "duang-champa-1618892758", "rank": 1}}, {"type": "Feature", "geometry": {"type": "Point", "coordinates": [98.98852, 18.78512]}, "properties": {"id": "cm-osm-node-7023402878", "name": "A LANNA BOUTIQUE HOUSE", "nameTh": null, "nameEn": "A LANNA BOUTIQUE HOUSE", "cat": ["hotel"], "province": "cm", "slug": "a-lanna-boutique-house-7023402878", "rank": 1}}, {"type": "Feature", "geometry": {"type": "Point", "coordinates": [98.99247, 18.78939]}, "properties": {"id": "cm-osm-way-481924558", "name": "A.N. House", "nameTh": null, "nameEn": "A.N. House", "cat": ["hotel"], "province": "cm", "slug": "a-n-house-481924558", "rank": 2}}, {"type": "Feature", "geometry": {"type": "Point", "coordinates": [98.9914, 18.78762]}, "properties": {"id": "cm-osm-node-7203451785", "name": "Aksara Heritage", "nameTh": null, "nameEn": "Aksara Heritage", "cat": ["hotel"], "province": "cm", "slug": "aksara-heritage-7203451785", "rank": 1}}, {"type": "Feature", "geometry": {"type": "Point", "coordinates": [98.99178, 18.78358]}, "properties": {"id": "cm-osm-way-269499244", "name": "All in 1 Guest House", "nameTh": null, "nameEn": "All in 1 Guest House", "cat": ["hotel"], "province": "cm", "slug": "all-in-1-guest-house-269499244", "rank": 1}}, {"type": "Feature", "geometry": {"type": "Point", "coordinates": [98.99114, 18.78908]}, "properties": {"id": "cm-osm-node-4515424989", "name": "Ampawan Guesthouse", "nameTh": null, "nameEn": "Ampawan Guesthouse", "cat": ["hotel"], "province": "cm", "slug": "ampawan-guesthouse-4515424989", "rank": 1}}, {"type": "Feature", "geometry": {"type": "Point", "coordinates": [98.99262, 18.79201]}, "properties": {"id": "cm-osm-node-3419009693", "name": "Amy House", "nameTh": null, "nameEn": "Amy House", "cat": ["hotel"], "province": "cm", "slug": "amy-house-3419009693", "rank": 1}}, {"type": "Feature", "geometry": {"type": "Point", "coordinates": [98.98489, 18.79512]}, "properties": {"id": "cm-osm-way-763501602", "name": "Anika Boutique Hotel", "nameTh": null, "nameEn": "Anika Boutique Hotel", "cat": ["hotel"], "province": "cm", "slug": "anika-boutique-hotel-763501602", "rank": 1}}, {"type": "Feature", "geometry": {"type": "Point", "coordinates": [98.98149, 18.78486]}, "properties": {"id": "cm-osm-node-7005642039", "name": "Anumat Premium Budget", "nameTh": null, "nameEn": "Anumat Premium Budget", "cat": ["hotel"], "province": "cm", "slug": "anumat-premium-budget-7005642039", "rank": 1}}, {"type": "Feature", "geometry": {"type": "Point", "coordinates": [98.98242, 18.78422]}, "properties": {"id": "cm-osm-node-11389382758", "name": "Archita House", "nameTh": null, "nameEn": "Archita House", "cat": ["hotel"], "province": "cm", "slug": "archita-house-11389382758", "rank": 1}}, {"type": "Feature", "geometry": {"type": "Point", "coordinates": [98.98386, 18.78992]}, "properties": {"id": "cm-osm-way-1028906329", "name": "Art Café Guesthouse", "nameTh": null, "nameEn": "Art Café Guesthouse", "cat": ["hotel"], "province": "cm", "slug": "art-caf-guesthouse-1028906329", "rank": 1}}, {"type": "Feature", "geometry": {"type": "Point", "coordinates": [98.99215, 18.79256]}, "properties": {"id": "cm-osm-way-308548090", "name": "Arte House", "nameTh": null, "nameEn": "Arte House", "cat": ["hotel"], "province": "cm", "slug": "arte-house-308548090", "rank": 2}}, {"type": "Feature", "geometry": {"type": "Point", "coordinates": [98.99031, 18.78942]}, "properties": {"id": "cm-osm-node-11730346008", "name": "Arun Rawee Hotel", "nameTh": null, "nameEn": "Arun Rawee Hotel", "cat": ["hotel"], "province": "cm", "slug": "arun-rawee-hotel-11730346008", "rank": 1}}, {"type": "Feature", "geometry": {"type": "Point", "coordinates": [98.98922, 18.79045]}, "properties": {"id": "cm-osm-way-324215297", "name": "At Chiang Mai Hotel", "nameTh": null, "nameEn": "At Chiang Mai Hotel", "cat": ["hotel"], "province": "cm", "slug": "at-chiang-mai-hotel-324215297", "rank": 3}}, {"type": "Feature", "geometry": {"type": "Point", "coordinates": [98.97956, 18.78875]}, "properties": {"id": "cm-osm-node-12915490816", "name": "At Phra Sing Retro Guest House", "nameTh": null, "nameEn": "At Phra Sing Retro Guest House", "cat": ["hotel"], "province": "cm", "slug": "at-phra-sing-retro-guest-house-12915490816", "rank": 2}}, {"type": "Feature", "geometry": {"type": "Point", "coordinates": [98.9922, 18.78859]}, "properties": {"id": "cm-osm-node-631562393", "name": "Awana House", "nameTh": null, "nameEn": "Awana House", "cat": ["hotel"], "province": "cm", "slug": "awana-house-631562393", "rank": 3}}, {"type": "Feature", "geometry": {"type": "Point", "coordinates": [98.97997, 18.78764]}, "properties": {"id": "cm-osm-way-623154486", "name": "B House Boutique Hotel", "nameTh": null, "nameEn": "B House Boutique Hotel", "cat": ["hotel"], "province": "cm", "slug": "b-house-boutique-hotel-623154486", "rank": 2}}, {"type": "Feature", "geometry": {"type": "Point", "coordinates": [98.99004, 18.79403]}, "properties": {"id": "cm-osm-node-2678556812", "name": "B1 Guesthouse", "nameTh": null, "nameEn": "B1 Guesthouse", "cat": ["hotel"], "province": "cm", "slug": "b1-guesthouse-2678556812", "rank": 1}}, {"type": "Feature", "geometry": {"type": "Point", "coordinates": [98.99269, 18.79178]}, "properties": {"id": "cm-osm-node-3419009694", "name": "BB House", "nameTh": null, "nameEn": "BB House", "cat": ["hotel"], "province": "cm", "slug": "bb-house-3419009694", "rank": 1}}, {"type": "Feature", "geometry": {"type": "Point", "coordinates": [98.99271, 18.79179]}, "properties": {"id": "cm-osm-node-11991482669", "name": "BB House Budget & Boutique Chiangmai", "nameTh": null, "nameEn": "BB House Budget & Boutique Chiangmai", "cat": ["hotel"], "province": "cm", "slug": "bb-house-budget-boutique-chiangmai-11991482669", "rank": 1}}, {"type": "Feature", "geometry": {"type": "Point", "coordinates": [98.99233, 18.79258]}, "properties": {"id": "cm-osm-way-578853339", "name": "BB Mantra Hotel", "nameTh": null, "nameEn": "BB Mantra Hotel", "cat": ["hotel"], "province": "cm", "slug": "bb-mantra-hotel-578853339", "rank": 1}}, {"type": "Feature", "geometry": {"type": "Point", "coordinates": [98.9905, 18.78647]}, "properties": {"id": "cm-osm-node-1583597330", "name": "BE BEEz Cafe & Guest House", "nameTh": null, "nameEn": "BE BEEz Cafe & Guest House", "cat": ["hotel"], "province": "cm", "slug": "be-beez-cafe-guest-house-1583597330", "rank": 1}}, {"type": "Feature", "geometry": {"type": "Point", "coordinates": [98.98151, 18.78728]}, "properties": {"id": "cm-osm-way-623154476", "name": "BED Hotel", "nameTh": null, "nameEn": "BED Hotel", "cat": ["hotel"], "province": "cm", "slug": "bed-hotel-623154476", "rank": 1}}, {"type": "Feature", "geometry": {"type": "Point", "coordinates": [98.98308, 18.78591]}, "properties": {"id": "cm-osm-node-1123937928", "name": "BP Chiang Mai City Hotel", "nameTh": "โรงแรมบีพี เชียงใหม่ ซิตี้", "nameEn": "BP Chiang Mai City Hotel", "cat": ["hotel"], "province": "cm", "slug": "bp-chiang-mai-city-hotel-1123937928", "rank": 4}}, {"type": "Feature", "geometry": {"type": "Point", "coordinates": [98.98387, 18.78352]}, "properties": {"id": "cm-osm-node-3384133219", "name": "Baan Arlhan", "nameTh": null, "nameEn": "Baan Arlhan", "cat": ["hotel"], "province": "cm", "slug": "baan-arlhan-3384133219", "rank": 1}}, {"type": "Feature", "geometry": {"type": "Point", "coordinates": [98.98088, 18.79033]}, "properties": {"id": "cm-osm-node-3385507272", "name": "Baan Boo Loo", "nameTh": null, "nameEn": "Baan Boo Loo", "cat": ["hotel"], "province": "cm", "slug": "baan-boo-loo-3385507272", "rank": 1}}, {"type": "Feature", "geometry": {"type": "Point", "coordinates": [98.98512, 18.78219]}, "properties": {"id": "cm-osm-way-537731512", "name": "Baan Chern Chiangmai", "nameTh": null, "nameEn": "Baan Chern Chiangmai", "cat": ["hotel"], "province": "cm", "slug": "baan-chern-chiangmai-537731512", "rank": 2}}, {"type": "Feature", "geometry": {"type": "Point", "coordinates": [98.99049, 18.79432]}, "properties": {"id": "cm-osm-node-11309883669", "name": "Baan Chiang Maan", "nameTh": null, "nameEn": "Baan Chiang Maan", "cat": ["hotel"], "province": "cm", "slug": "baan-chiang-maan-11309883669", "rank": 1}}, {"type": "Feature", "geometry": {"type": "Point", "coordinates": [98.99016, 18.79434]}, "properties": {"id": "cm-osm-node-11362321469", "name": "Baan Chiang Maan", "nameTh": null, "nameEn": "Baan Chiang Maan", "cat": ["hotel"], "province": "cm", "slug": "baan-chiang-maan-11362321469", "rank": 1}}, {"type": "Feature", "geometry": {"type": "Point", "coordinates": [98.98365, 18.78316]}, "properties": {"id": "cm-osm-node-14002214448", "name": "Baan Elephant Home", "nameTh": null, "nameEn": "Baan Elephant Home", "cat": ["hotel"], "province": "cm", "slug": "baan-elephant-home-14002214448", "rank": 1}}, {"type": "Feature", "geometry": {"type": "Point", "coordinates": [98.98703, 18.78551]}, "properties": {"id": "cm-osm-way-623159392", "name": "Baan Huen Phen", "nameTh": null, "nameEn": "Baan Huen Phen", "cat": ["hotel"], "province": "cm", "slug": "baan-huen-phen-623159392", "rank": 2}}, {"type": "Feature", "geometry": {"type": "Point", "coordinates": [98.9906, 18.78887]}, "properties": {"id": "cm-osm-node-6101677968", "name": "Baan Khun Krub", "nameTh": null, "nameEn": "Baan Khun Krub", "cat": ["hotel"], "province": "cm", "slug": "baan-khun-krub-6101677968", "rank": 1}}, {"type": "Feature", "geometry": {"type": "Point", "coordinates": [98.98525, 18.78389]}, "properties": {"id": "cm-osm-way-590950945", "name": "Baan Klang Wiang", "nameTh": "Baan Klang Wiang", "nameEn": "Villa Klang Wiang", "cat": ["hotel"], "province": "cm", "slug": "villa-klang-wiang-590950945", "rank": 2}}, {"type": "Feature", "geometry": {"type": "Point", "coordinates": [98.98596, 18.78261]}, "properties": {"id": "cm-osm-way-669396924", "name": "Baan Klang Wiang", "nameTh": null, "nameEn": "Baan Klang Wiang", "cat": ["hotel"], "province": "cm", "slug": "baan-klang-wiang-669396924", "rank": 1}}, {"type": "Feature", "geometry": {"type": "Point", "coordinates": [98.98557, 18.79352]}, "properties": {"id": "cm-osm-node-10187212917", "name": "Baan Lung Poshtel", "nameTh": "Baan Lung Poshtel & Cafe", "nameEn": null, "cat": ["hotel"], "province": "cm", "slug": "baan-lung-poshtel-cafe-10187212917", "rank": 1}}, {"type": "Feature", "geometry": {"type": "Point", "coordinates": [98.98932, 18.78661]}, "properties": {"id": "cm-osm-node-3419811893", "name": "Baan Montien", "nameTh": null, "nameEn": "Baan Montien", "cat": ["hotel"], "province": "cm", "slug": "baan-montien-3419811893", "rank": 1}}, {"type": "Feature", "geometry": {"type": "Point", "coordinates": [98.98975, 18.78251]}, "properties": {"id": "cm-osm-node-2598596230", "name": "Baan NaNa", "nameTh": null, "nameEn": "Baan NaNa", "cat": ["hotel"], "province": "cm", "slug": "baan-nana-2598596230", "rank": 1}}, {"type": "Feature", "geometry": {"type": "Point", "coordinates": [98.9819, 18.79472]}, "properties": {"id": "cm-osm-way-623146084", "name": "Baan Nalin Hometel", "nameTh": null, "nameEn": "Baan Nalin Hometel", "cat": ["hotel"], "province": "cm", "slug": "baan-nalin-hometel-623146084", "rank": 1}}, {"type": "Feature", "geometry": {"type": "Point", "coordinates": [98.99048, 18.7821]}, "properties": {"id": "cm-osm-node-6185566685", "name": "Baan Nantaya", "nameTh": null, "nameEn": "Baan Nantaya", "cat": ["hotel"], "province": "cm", "slug": "baan-nantaya-6185566685", "rank": 4}}, {"type": "Feature", "geometry": {"type": "Point", "coordinates": [98.98354, 18.78529]}, "properties": {"id": "cm-osm-way-666931295", "name": "Baan Oonjai", "nameTh": null, "nameEn": "Baan Oonjai", "cat": ["hotel"], "province": "cm", "slug": "baan-oonjai-666931295", "rank": 1}}, {"type": "Feature", "geometry": {"type": "Point", "coordinates": [98.99237, 18.79291]}, "properties": {"id": "cm-osm-way-578863867", "name": "Baan Rachaya Guest House", "nameTh": null, "nameEn": "Baan Rachaya Guest House", "cat": ["hotel"], "province": "cm", "slug": "baan-rachaya-guest-house-578863867", "rank": 1}}, {"type": "Feature", "geometry": {"type": "Point", "coordinates": [98.99113, 18.7927]}, "properties": {"id": "cm-osm-node-6579572174", "name": "Baan Siwali", "nameTh": null, "nameEn": "Baan Siwali", "cat": ["hotel"], "province": "cm", "slug": "baan-siwali-6579572174", "rank": 1}}, {"type": "Feature", "geometry": {"type": "Point", "coordinates": [98.98897, 18.78935]}, "properties": {"id": "cm-osm-node-4504443190", "name": "Baanpordee", "nameTh": null, "nameEn": "Baanpordee", "cat": ["hotel"], "province": "cm", "slug": "baanpordee-4504443190", "rank": 1}}, {"type": "Feature", "geometry": {"type": "Point", "coordinates": [98.98472, 18.78275]}, "properties": {"id": "cm-osm-node-6483208887", "name": "Baba Pim Villa", "nameTh": null, "nameEn": "Baba Pim Villa", "cat": ["hotel"], "province": "cm", "slug": "baba-pim-villa-6483208887", "rank": 1}}, {"type": "Feature", "geometry": {"type": "Point", "coordinates": [98.99002, 18.79017]}, "properties": {"id": "cm-osm-node-4623084589", "name": "Bamboo 99 Guest House", "nameTh": null, "nameEn": "Bamboo 99 Guest House", "cat": ["hotel"], "province": "cm", "slug": "bamboo-99-guest-house-4623084589", "rank": 1}}, {"type": "Feature", "geometry": {"type": "Point", "coordinates": [98.992, 18.7898]}, "properties": {"id": "cm-osm-node-1133605464", "name": "Ban Wiang", "nameTh": null, "nameEn": "Ban Wiang", "cat": ["hotel"], "province": "cm", "slug": "ban-wiang-1133605464", "rank": 1}}, {"type": "Feature", "geometry": {"type": "Point", "coordinates": [98.99201, 18.7843]}, "properties": {"id": "cm-osm-node-4785104788", "name": "Banh Mi", "nameTh": null, "nameEn": "Banh Mi", "cat": ["hotel"], "province": "cm", "slug": "banh-mi-4785104788", "rank": 1}}, {"type": "Feature", "geometry": {"type": "Point", "coordinates": [98.98013, 18.78946]}, "properties": {"id": "cm-osm-node-11227905206", "name": "Bed in Town", "nameTh": null, "nameEn": "Bed in Town", "cat": ["hotel"], "province": "cm", "slug": "bed-in-town-11227905206", "rank": 1}}, {"type": "Feature", "geometry": {"type": "Point", "coordinates": [98.98255, 18.78358]}, "properties": {"id": "cm-osm-node-11493855469", "name": "Bird Forest Guest House & Tea House", "nameTh": null, "nameEn": "Bird Forest Guest House & Tea House", "cat": ["hotel"], "province": "cm", "slug": "bird-forest-guest-house-tea-house-11493855469", "rank": 1}}, {"type": "Feature", "geometry": {"type": "Point", "coordinates": [98.98154, 18.78299]}, "properties": {"id": "cm-osm-way-1004638173", "name": "Bloomin' Moon Hostel&Cafe", "nameTh": null, "nameEn": "Bloomin' Moon Hostel&Cafe", "cat": ["hotel"], "province": "cm", "slug": "bloomin-moon-hostel-cafe-1004638173", "rank": 1}}, {"type": "Feature", "geometry": {"type": "Point", "coordinates": [98.99103, 18.78384]}, "properties": {"id": "cm-osm-way-269499252", "name": "Bodega Party Hostel & Bar", "nameTh": null, "nameEn": "Bodega Party Hostel & Bar", "cat": ["hotel"], "province": "cm", "slug": "bodega-party-hostel-bar-269499252", "rank": 1}}, {"type": "Feature", "geometry": {"type": "Point", "coordinates": [98.99057, 18.78452]}, "properties": {"id": "cm-osm-node-12327786309", "name": "Bodhi Serene", "nameTh": null, "nameEn": "Bodhi Serene", "cat": ["hotel"], "province": "cm", "slug": "bodhi-serene-12327786309", "rank": 1}}, {"type": "Feature", "geometry": {"type": "Point", "coordinates": [98.99133, 18.7919]}, "properties": {"id": "cm-osm-way-492846796", "name": "Boss's House", "nameTh": null, "nameEn": "Boss's House", "cat": ["hotel"], "province": "cm", "slug": "boss-s-house-492846796", "rank": 1}}, {"type": "Feature", "geometry": {"type": "Point", "coordinates": [98.98164, 18.78307]}, "properties": {"id": "cm-osm-node-6983987025", "name": "Boxbolo House", "nameTh": null, "nameEn": "Boxbolo House", "cat": ["hotel"], "province": "cm", "slug": "boxbolo-house-6983987025", "rank": 2}}, {"type": "Feature", "geometry": {"type": "Point", "coordinates": [98.98789, 18.78316]}, "properties": {"id": "cm-osm-node-1618868153", "name": "Bupatara", "nameTh": null, "nameEn": "Bupatara", "cat": ["hotel"], "province": "cm", "slug": "bupatara-1618868153", "rank": 2}}, {"type": "Feature", "geometry": {"type": "Point", "coordinates": [98.98298, 18.7887]}, "properties": {"id": "cm-osm-node-1619445255", "name": "Buri Gallery House", "nameTh": null, "nameEn": "Buri Gallery House", "cat": ["hotel"], "province": "cm", "slug": "buri-gallery-house-1619445255", "rank": 1}}, {"type": "Feature", "geometry": {"type": "Point", "coordinates": [98.98872, 18.78804]}, "properties": {"id": "cm-osm-node-12295719271", "name": "Burirattana", "nameTh": null, "nameEn": "Burirattana", "cat": ["hotel"], "province": "cm", "slug": "burirattana-12295719271", "rank": 1}}, {"type": "Feature", "geometry": {"type": "Point", "coordinates": [98.99072, 18.79268]}, "properties": {"id": "cm-osm-way-492846705", "name": "C. M. Blue House", "nameTh": null, "nameEn": "C. M. Blue House", "cat": ["hotel"], "province": "cm", "slug": "c-m-blue-house-492846705", "rank": 1}}, {"type": "Feature", "geometry": {"type": "Point", "coordinates": [98.99249, 18.79253]}, "properties": {"id": "cm-osm-way-361016496", "name": "CM Apartment", "nameTh": null, "nameEn": "CM Apartment", "cat": ["hotel"], "province": "cm", "slug": "cm-apartment-361016496", "rank": 1}}, {"type": "Feature", "geometry": {"type": "Point", "coordinates": [98.98373, 18.78612]}, "properties": {"id": "cm-osm-node-10748421005", "name": "Capsule City Hostel", "nameTh": null, "nameEn": "Capsule City Hostel", "cat": ["hotel"], "province": "cm", "slug": "capsule-city-hostel-10748421005", "rank": 1}}, {"type": "Feature", "geometry": {"type": "Point", "coordinates": [98.97963, 18.78584]}, "properties": {"id": "cm-osm-node-4427087631", "name": "Cassette Hostel", "nameTh": null, "nameEn": "Cassette Hostel", "cat": ["hotel"], "province": "cm", "slug": "cassette-hostel-4427087631", "rank": 1}}, {"type": "Feature", "geometry": {"type": "Point", "coordinates": [98.99167, 18.78294]}, "properties": {"id": "cm-osm-way-787905637", "name": "Center Home City", "nameTh": null, "nameEn": "Center Home City", "cat": ["hotel"], "province": "cm", "slug": "center-home-city-787905637", "rank": 2}}, {"type": "Feature", "geometry": {"type": "Point", "coordinates": [98.99296, 18.78705]}, "properties": {"id": "cm-osm-way-793158521", "name": "Central Guesthouse", "nameTh": null, "nameEn": "Central Guesthouse", "cat": ["hotel"], "province": "cm", "slug": "central-guesthouse-793158521", "rank": 1}}, {"type": "Feature", "geometry": {"type": "Point", "coordinates": [98.99114, 18.7848]}, "properties": {"id": "cm-osm-node-1618793887", "name": "Chada House", "nameTh": null, "nameEn": "Chada House", "cat": ["hotel"], "province": "cm", "slug": "chada-house-1618793887", "rank": 1}}, {"type": "Feature", "geometry": {"type": "Point", "coordinates": [98.9916, 18.79224]}, "properties": {"id": "cm-osm-node-6579651631", "name": "Chada Mantra", "nameTh": null, "nameEn": "Chada Mantra", "cat": ["hotel"], "province": "cm", "slug": "chada-mantra-6579651631", "rank": 1}}, {"type": "Feature", "geometry": {"type": "Point", "coordinates": [98.9853, 18.78271]}, "properties": {"id": "cm-osm-way-537941137", "name": "Champion Hostel", "nameTh": null, "nameEn": "Champion Hostel", "cat": ["hotel"], "province": "cm", "slug": "champion-hostel-537941137", "rank": 1}}, {"type": "Feature", "geometry": {"type": "Point", "coordinates": [98.98325, 18.783]}, "properties": {"id": "cm-osm-way-566083669", "name": "Champion Hostel 2", "nameTh": null, "nameEn": "Champion Hostel 2", "cat": ["hotel"], "province": "cm", "slug": "champion-hostel-2-566083669", "rank": 2}}, {"type": "Feature", "geometry": {"type": "Point", "coordinates": [98.98469, 18.78566]}, "properties": {"id": "cm-osm-node-3384166921", "name": "Chan Chiangmai", "nameTh": null, "nameEn": "Chan Chiangmai", "cat": ["hotel"], "province": "cm", "slug": "chan-chiangmai-3384166921", "rank": 1}}, {"type": "Feature", "geometry": {"type": "Point", "coordinates": [98.9824, 18.78294]}, "properties": {"id": "cm-osm-way-318784042", "name": "Chanaplace", "nameTh": null, "nameEn": "Chanaplace", "cat": ["hotel"], "province": "cm", "slug": "chanaplace-318784042", "rank": 2}}, {"type": "Feature", "geometry": {"type": "Point", "coordinates": [98.99207, 18.78392]}, "properties": {"id": "cm-osm-node-4317839090", "name": "Chang Guesthouse", "nameTh": null, "nameEn": "Chang Guesthouse", "cat": ["hotel"], "province": "cm", "slug": "chang-guesthouse-4317839090", "rank": 3}}, {"type": "Feature", "geometry": {"type": "Point", "coordinates": [98.98663, 18.7951]}, "properties": {"id": "cm-osm-way-281572610", "name": "Chang Phuak Guesthouse", "nameTh": null, "nameEn": "Chang Phuak Guesthouse", "cat": ["hotel"], "province": "cm", "slug": "chang-phuak-guesthouse-281572610", "rank": 1}}, {"type": "Feature", "geometry": {"type": "Point", "coordinates": [98.98061, 18.79092]}, "properties": {"id": "cm-osm-node-3385507273", "name": "Chankam", "nameTh": null, "nameEn": "Chankam", "cat": ["hotel"], "province": "cm", "slug": "chankam-3385507273", "rank": 1}}, {"type": "Feature", "geometry": {"type": "Point", "coordinates": [98.98015, 18.78746]}, "properties": {"id": "cm-osm-way-623154481", "name": "Cheeva Dee", "nameTh": null, "nameEn": "Cheeva Dee", "cat": ["hotel"], "province": "cm", "slug": "cheeva-dee-623154481", "rank": 1}}, {"type": "Feature", "geometry": {"type": "Point", "coordinates": [98.98147, 18.78189]}, "properties": {"id": "cm-osm-way-406994347", "name": "Chiang Mai Panda Hostel", "nameTh": null, "nameEn": "Chiang Mai Panda Hostel", "cat": ["hotel"], "province": "cm", "slug": "chiang-mai-panda-hostel-406994347", "rank": 3}}, {"type": "Feature", "geometry": {"type": "Point", "coordinates": [98.98273, 18.78771]}, "properties": {"id": "cm-osm-node-13953736179", "name": "Chiang Mai Walking Street Home", "nameTh": "เชียงใหม่วอล์คกิ้งสตรีทโฮม", "nameEn": "Chiang Mai Walking Street Home", "cat": ["hotel"], "province": "cm", "slug": "chiang-mai-walking-street-home-13953736179", "rank": 2}}, {"type": "Feature", "geometry": {"type": "Point", "coordinates": [98.98541, 18.79021]}, "properties": {"id": "cm-osm-node-13357070421", "name": "Chiangmai Midpoint Activity Hostel", "nameTh": null, "nameEn": "Chiangmai Midpoint Activity Hostel", "cat": ["hotel"], "province": "cm", "slug": "chiangmai-midpoint-activity-hostel-13357070421", "rank": 2}}, {"type": "Feature", "geometry": {"type": "Point", "coordinates": [98.99086, 18.79213]}, "properties": {"id": "cm-osm-node-12292831001", "name": "Chinda Boutique Guesthouse", "nameTh": null, "nameEn": "Chinda Boutique Guesthouse", "cat": ["hotel"], "province": "cm", "slug": "chinda-boutique-guesthouse-12292831001", "rank": 1}}, {"type": "Feature", "geometry": {"type": "Point", "coordinates": [98.99158, 18.79181]}, "properties": {"id": "cm-osm-way-492846857", "name": "Chinda Guesthouse", "nameTh": null, "nameEn": "Chinda Guesthouse", "cat": ["hotel"], "province": "cm", "slug": "chinda-guesthouse-492846857", "rank": 1}}, {"type": "Feature", "geometry": {"type": "Point", "coordinates": [98.99179, 18.79232]}, "properties": {"id": "cm-osm-way-361101916", "name": "Chok Dee Guesthouse", "nameTh": "Cook Dee Guesthouse", "nameEn": "Chok Dee Guesthouse", "cat": ["hotel"], "province": "cm", "slug": "chok-dee-guesthouse-361101916", "rank": 2}}, {"type": "Feature", "geometry": {"type": "Point", "coordinates": [98.99194, 18.78911]}, "properties": {"id": "cm-osm-node-5366063422", "name": "Cody Guesthouse", "nameTh": null, "nameEn": "Cody Guesthouse", "cat": ["hotel"], "province": "cm", "slug": "cody-guesthouse-5366063422", "rank": 1}}, {"type": "Feature", "geometry": {"type": "Point", "coordinates": [98.99049, 18.78341]}, "properties": {"id": "cm-osm-node-1618868155", "name": "Come Chiangmai", "nameTh": null, "nameEn": "Come Chiangmai", "cat": ["hotel"], "province": "cm", "slug": "come-chiangmai-1618868155", "rank": 2}}, {"type": "Feature", "geometry": {"type": "Point", "coordinates": [98.98116, 18.78451]}, "properties": {"id": "cm-osm-way-406880179", "name": "Cozy Inn", "nameTh": null, "nameEn": "Cozy Inn", "cat": ["hotel"], "province": "cm", "slug": "cozy-inn-406880179", "rank": 1}}, {"type": "Feature", "geometry": {"type": "Point", "coordinates": [98.98953, 18.78715]}, "properties": {"id": "cm-osm-node-9281344619", "name": "Cozy by Funwahn", "nameTh": null, "nameEn": "Cozy by Funwahn", "cat": ["hotel"], "province": "cm", "slug": "cozy-by-funwahn-9281344619", "rank": 1}}, {"type": "Feature", "geometry": {"type": "Point", "coordinates": [98.98607, 18.79135]}, "properties": {"id": "cm-osm-node-6916071684", "name": "Cozytel", "nameTh": null, "nameEn": "Cozytel", "cat": ["hotel"], "province": "cm", "slug": "cozytel-6916071684", "rank": 1}}, {"type": "Feature", "geometry": {"type": "Point", "coordinates": [98.99318, 18.7922]}, "properties": {"id": "cm-osm-node-6579683676", "name": "Da Da Hostel", "nameTh": null, "nameEn": "Da Da Hostel", "cat": ["hotel"], "province": "cm", "slug": "da-da-hostel-6579683676", "rank": 2}}, {"type": "Feature", "geometry": {"type": "Point", "coordinates": [98.98257, 18.79055]}, "properties": {"id": "cm-osm-node-1619445258", "name": "Dasa House", "nameTh": null, "nameEn": "Dasa House", "cat": ["hotel"], "province": "cm", "slug": "dasa-house-1619445258", "rank": 2}}, {"type": "Feature", "geometry": {"type": "Point", "coordinates": [98.98247, 18.79068]}, "properties": {"id": "cm-osm-node-6138692197", "name": "De Charme Hotel", "nameTh": null, "nameEn": "De Charme Hotel", "cat": ["hotel"], "province": "cm", "slug": "de-charme-hotel-6138692197", "rank": 1}}, {"type": "Feature", "geometry": {"type": "Point", "coordinates": [98.9831, 18.7898]}, "properties": {"id": "cm-osm-way-408595881", "name": "De Lanna Hotel", "nameTh": null, "nameEn": "De Lanna Hotel", "cat": ["hotel"], "province": "cm", "slug": "de-lanna-hotel-408595881", "rank": 3}}, {"type": "Feature", "geometry": {"type": "Point", "coordinates": [98.99223, 18.78618]}, "properties": {"id": "cm-osm-way-482772354", "name": "De Naga", "nameTh": null, "nameEn": "De Naga", "cat": ["hotel"], "province": "cm", "slug": "de-naga-482772354", "rank": 1}}, {"type": "Feature", "geometry": {"type": "Point", "coordinates": [98.98751, 18.7858]}, "properties": {"id": "cm-osm-node-3384170895", "name": "De Rachamanka", "nameTh": null, "nameEn": "De Rachamanka", "cat": ["hotel"], "province": "cm", "slug": "de-rachamanka-3384170895", "rank": 2}}, {"type": "Feature", "geometry": {"type": "Point", "coordinates": [98.98296, 18.78942]}, "properties": {"id": "cm-osm-node-3804433408", "name": "De Vieng Hostel", "nameTh": null, "nameEn": "De Vieng Hostel", "cat": ["hotel"], "province": "cm", "slug": "de-vieng-hostel-3804433408", "rank": 1}}, {"type": "Feature", "geometry": {"type": "Point", "coordinates": [98.98179, 18.78585]}, "properties": {"id": "cm-osm-node-4427087632", "name": "Dee Jai Garden", "nameTh": null, "nameEn": "Dee Jai Garden", "cat": ["hotel"], "province": "cm", "slug": "dee-jai-garden-4427087632", "rank": 1}}, {"type": "Feature", "geometry": {"type": "Point", "coordinates": [98.97999, 18.78568]}, "properties": {"id": "cm-osm-node-2638262561", "name": "Deejai Backpackers", "nameTh": null, "nameEn": "Deejai Backpackers", "cat": ["hotel"], "province": "cm", "slug": "deejai-backpackers-2638262561", "rank": 2}}, {"type": "Feature", "geometry": {"type": "Point", "coordinates": [98.99054, 18.78422]}, "properties": {"id": "cm-osm-node-2636161836", "name": "Diva Guest House", "nameTh": null, "nameEn": "Diva Guest House", "cat": ["hotel"], "province": "cm", "slug": "diva-guest-house-2636161836", "rank": 1}}, {"type": "Feature", "geometry": {"type": "Point", "coordinates": [98.99209, 18.78434]}, "properties": {"id": "cm-osm-node-2747061193", "name": "Dixie Pig Guesthouse", "nameTh": null, "nameEn": "Dixie Pig Guesthouse", "cat": ["hotel"], "province": "cm", "slug": "dixie-pig-guesthouse-2747061193", "rank": 1}}, {"type": "Feature", "geometry": {"type": "Point", "coordinates": [98.9841, 18.78262]}, "properties": {"id": "cm-osm-node-7023424019", "name": "Doi Doo Dao", "nameTh": null, "nameEn": "Doi Doo Dao", "cat": ["hotel"], "province": "cm", "slug": "doi-doo-dao-7023424019", "rank": 1}}, {"type": "Feature", "geometry": {"type": "Point", "coordinates": [98.97948, 18.79161]}, "properties": {"id": "cm-osm-way-623140239", "name": "Dozy House", "nameTh": null, "nameEn": "Dozy House", "cat": ["hotel"], "province": "cm", "slug": "dozy-house-623140239", "rank": 2}}, {"type": "Feature", "geometry": {"type": "Point", "coordinates": [98.99014, 18.7926]}, "properties": {"id": "cm-osm-node-4538459585", "name": "Dream House", "nameTh": null, "nameEn": "Dream House", "cat": ["hotel"], "province": "cm", "slug": "dream-house-4538459585", "rank": 1}}, {"type": "Feature", "geometry": {"type": "Point", "coordinates": [98.98619, 18.78936]}, "properties": {"id": "cm-osm-way-97801651", "name": "ESTIA Chiang Mai", "nameTh": null, "nameEn": "ESTIA Chiang Mai", "cat": ["hotel"], "province": "cm", "slug": "estia-chiang-mai-97801651", "rank": 1}}, {"type": "Feature", "geometry": {"type": "Point", "coordinates": [98.99262, 18.78858]}, "properties": {"id": "cm-osm-node-2533128063", "name": "Ed Hostel Chiang Mai", "nameTh": null, "nameEn": "Ed Hostel Chiang Mai", "cat": ["hotel"], "province": "cm", "slug": "ed-hostel-chiang-mai-2533128063", "rank": 1}}, {"type": "Feature", "geometry": {"type": "Point", "coordinates": [98.98311, 18.78501]}, "properties": {"id": "cm-osm-node-11369976765", "name": "Eighteen In Town", "nameTh": null, "nameEn": "Eighteen In Town", "cat": ["hotel"], "province": "cm", "slug": "eighteen-in-town-11369976765", "rank": 1}}, {"type": "Feature", "geometry": {"type": "Point", "coordinates": [98.9862, 18.7893]}, "properties": {"id": "cm-osm-node-7005700272", "name": "Estia", "nameTh": null, "nameEn": "Estia", "cat": ["hotel"], "province": "cm", "slug": "estia-7005700272", "rank": 1}}, {"type": "Feature", "geometry": {"type": "Point", "coordinates": [98.99263, 18.79237]}, "properties": {"id": "cm-osm-way-361037259", "name": "Eurana Boutique", "nameTh": null, "nameEn": "Eurana Boutique", "cat": ["hotel"], "province": "cm", "slug": "eurana-boutique-361037259", "rank": 3}}, {"type": "Feature", "geometry": {"type": "Point", "coordinates": [98.98613, 18.79277]}, "properties": {"id": "cm-osm-way-389552864", "name": "Fahtara", "nameTh": null, "nameEn": "Fahtara", "cat": ["hotel"], "province": "cm", "slug": "fahtara-389552864", "rank": 1}}, {"type": "Feature", "geometry": {"type": "Point", "coordinates": [98.99228, 18.79191]}, "properties": {"id": "cm-osm-node-3860550070", "name": "Family Boutique", "nameTh": null, "nameEn": "Family Boutique", "cat": ["hotel"], "province": "cm", "slug": "family-boutique-3860550070", "rank": 1}}, {"type": "Feature", "geometry": {"type": "Point", "coordinates": [98.98202, 18.79133]}, "properties": {"id": "cm-osm-way-623152995", "name": "Fan Ren Ju", "nameTh": null, "nameEn": "Fan Ren Ju", "cat": ["hotel"], "province": "cm", "slug": "fan-ren-ju-623152995", "rank": 1}}, {"type": "Feature", "geometry": {"type": "Point", "coordinates": [98.98819, 18.79376]}, "properties": {"id": "cm-osm-node-2693960390", "name": "Float's House", "nameTh": null, "nameEn": "Float's House", "cat": ["hotel"], "province": "cm", "slug": "float-s-house-2693960390", "rank": 1}}, {"type": "Feature", "geometry": {"type": "Point", "coordinates": [98.99301, 18.78894]}, "properties": {"id": "cm-osm-node-6057865685", "name": "Floral Hotel", "nameTh": null, "nameEn": "Floral Hotel", "cat": ["hotel"], "province": "cm", "slug": "floral-hotel-6057865685", "rank": 1}}, {"type": "Feature", "geometry": {"type": "Point", "coordinates": [98.97932, 18.78594]}, "properties": {"id": "cm-osm-way-445252913", "name": "For U Boutique Hotel", "nameTh": null, "nameEn": "For U Boutique Hotel", "cat": ["hotel"], "province": "cm", "slug": "for-u-boutique-hotel-445252913", "rank": 1}}, {"type": "Feature", "geometry": {"type": "Point", "coordinates": [98.98867, 18.79392]}, "properties": {"id": "cm-osm-node-1133628152", "name": "Frangipani Serviced Residences", "nameTh": null, "nameEn": "Frangipani Serviced Residences", "cat": ["hotel"], "province": "cm", "slug": "frangipani-serviced-residences-1133628152", "rank": 3}}, {"type": "Feature", "geometry": {"type": "Point", "coordinates": [98.9922, 18.79386]}, "properties": {"id": "cm-osm-way-492846790", "name": "Fruit Pulse", "nameTh": null, "nameEn": "Fruit Pulse", "cat": ["hotel"], "province": "cm", "slug": "fruit-pulse-492846790", "rank": 2}}, {"type": "Feature", "geometry": {"type": "Point", "coordinates": [98.98253, 18.78265]}, "properties": {"id": "cm-osm-node-11486943417", "name": "Fundee Story", "nameTh": null, "nameEn": "Fundee Story", "cat": ["hotel"], "province": "cm", "slug": "fundee-story-11486943417", "rank": 1}}, {"type": "Feature", "geometry": {"type": "Point", "coordinates": [98.99255, 18.79187]}, "properties": {"id": "cm-osm-node-2676578704", "name": "G.G. Somphet", "nameTh": null, "nameEn": "G.G. Somphet", "cat": ["hotel"], "province": "cm", "slug": "g-g-somphet-2676578704", "rank": 1}}, {"type": "Feature", "geometry": {"type": "Point", "coordinates": [98.98279, 18.78367]}, "properties": {"id": "cm-osm-way-421125374", "name": "G2 Boutique Hotel", "nameTh": null, "nameEn": "G2 Boutique Hotel", "cat": ["hotel"], "province": "cm", "slug": "g2-boutique-hotel-421125374", "rank": 3}}, {"type": "Feature", "geometry": {"type": "Point", "coordinates": [98.99101, 18.79244]}, "properties": {"id": "cm-osm-way-492846700", "name": "Giant", "nameTh": null, "nameEn": "Giant", "cat": ["hotel"], "province": "cm", "slug": "giant-492846700", "rank": 1}}, {"type": "Feature", "geometry": {"type": "Point", "coordinates": [98.99, 18.78214]}, "properties": {"id": "cm-osm-node-7366072736", "name": "Giant Guesthouse", "nameTh": null, "nameEn": "Giant Guesthouse", "cat": ["hotel"], "province": "cm", "slug": "giant-guesthouse-7366072736", "rank": 1}}, {"type": "Feature", "geometry": {"type": "Point", "coordinates": [98.99032, 18.7831]}, "properties": {"id": "cm-osm-node-1618868157", "name": "Giant Hostel 2", "nameTh": null, "nameEn": "Giant Hostel 2", "cat": ["hotel"], "province": "cm", "slug": "giant-hostel-2-1618868157", "rank": 1}}, {"type": "Feature", "geometry": {"type": "Point", "coordinates": [98.99054, 18.78491]}, "properties": {"id": "cm-osm-node-4454157764", "name": "Ginny Place", "nameTh": null, "nameEn": "Ginny Place", "cat": ["hotel"], "province": "cm", "slug": "ginny-place-4454157764", "rank": 1}}, {"type": "Feature", "geometry": {"type": "Point", "coordinates": [98.98995, 18.79478]}, "properties": {"id": "cm-osm-node-13322180005", "name": "Give Me 5 Hostel", "nameTh": null, "nameEn": "Give Me 5 Hostel", "cat": ["hotel"], "province": "cm", "slug": "give-me-5-hostel-13322180005", "rank": 1}}, {"type": "Feature", "geometry": {"type": "Point", "coordinates": [98.99285, 18.78626]}, "properties": {"id": "cm-osm-node-7426419782", "name": "GoHostel", "nameTh": null, "nameEn": "GoHostel", "cat": ["hotel"], "province": "cm", "slug": "gohostel-7426419782", "rank": 1}}, {"type": "Feature", "geometry": {"type": "Point", "coordinates": [98.98095, 18.79092]}, "properties": {"id": "cm-osm-way-991388176", "name": "Golden fort guest house", "nameTh": null, "nameEn": "Golden fort guest house", "cat": ["hotel"], "province": "cm", "slug": "golden-fort-guest-house-991388176", "rank": 1}}, {"type": "Feature", "geometry": {"type": "Point", "coordinates": [98.98049, 18.79248]}, "properties": {"id": "cm-osm-way-623146097", "name": "Gongkaew Huen Kum", "nameTh": null, "nameEn": "Gongkaew Huen Kum", "cat": ["hotel"], "province": "cm", "slug": "gongkaew-huen-kum-623146097", "rank": 2}}, {"type": "Feature", "geometry": {"type": "Point", "coordinates": [98.98532, 18.78337]}, "properties": {"id": "cm-osm-way-546257256", "name": "Good Morning Chiang Mai Tropical Inn", "nameTh": null, "nameEn": "Good Morning Chiang Mai Tropical Inn", "cat": ["hotel"], "province": "cm", "slug": "good-morning-chiang-mai-tropical-inn-546257256", "rank": 1}}, {"type": "Feature", "geometry": {"type": "Point", "coordinates": [98.98529, 18.78349]}, "properties": {"id": "cm-osm-way-590950946", "name": "Gord Chiangmai Hotel", "nameTh": null, "nameEn": "Gord Chiangmai Hotel", "cat": ["hotel"], "province": "cm", "slug": "gord-chiangmai-hotel-590950946", "rank": 4}}, {"type": "Feature", "geometry": {"type": "Point", "coordinates": [98.9907, 18.78656]}, "properties": {"id": "cm-osm-way-650715607", "name": "Grace's Boutique House", "nameTh": null, "nameEn": "Grace's Boutique House", "cat": ["hotel"], "province": "cm", "slug": "grace-s-boutique-house-650715607", "rank": 1}}, {"type": "Feature", "geometry": {"type": "Point", "coordinates": [98.9825, 18.79149]}, "properties": {"id": "cm-osm-node-3385493657", "name": "Green House", "nameTh": null, "nameEn": "Green House", "cat": ["hotel"], "province": "cm", "slug": "green-house-3385493657", "rank": 1}}, {"type": "Feature", "geometry": {"type": "Point", "coordinates": [98.98996, 18.78674]}, "properties": {"id": "cm-osm-node-3419811895", "name": "Green Oasis", "nameTh": null, "nameEn": "Green Oasis", "cat": ["hotel"], "province": "cm", "slug": "green-oasis-3419811895", "rank": 1}}, {"type": "Feature", "geometry": {"type": "Point", "coordinates": [98.98479, 18.78882]}, "properties": {"id": "cm-osm-way-307890044", "name": "Green Sleep Hostel", "nameTh": null, "nameEn": "Green Sleep Hostel", "cat": ["hotel"], "province": "cm", "slug": "green-sleep-hostel-307890044", "rank": 4}}, {"type": "Feature", "geometry": {"type": "Point", "coordinates": [98.98433, 18.79473]}, "properties": {"id": "cm-osm-way-623146126", "name": "Green Tiger House", "nameTh": null, "nameEn": "Green Tiger House", "cat": ["hotel"], "province": "cm", "slug": "green-tiger-house-623146126", "rank": 1}}, {"type": "Feature", "geometry": {"type": "Point", "coordinates": [98.98183, 18.7825]}, "properties": {"id": "cm-osm-way-406994369", "name": "Green Tulip House", "nameTh": null, "nameEn": "Green Tulip House", "cat": ["hotel"], "province": "cm", "slug": "green-tulip-house-406994369", "rank": 2}}, {"type": "Feature", "geometry": {"type": "Point", "coordinates": [98.99303, 18.79462]}, "properties": {"id": "cm-osm-node-9788273623", "name": "Green Zone Guest House", "nameTh": null, "nameEn": "Green Zone Guest House", "cat": ["hotel"], "province": "cm", "slug": "green-zone-guest-house-9788273623", "rank": 1}}, {"type": "Feature", "geometry": {"type": "Point", "coordinates": [98.98189, 18.79484]}, "properties": {"id": "cm-osm-node-12498028045", "name": "Gusto House", "nameTh": null, "nameEn": "Gusto House", "cat": ["hotel"], "province": "cm", "slug": "gusto-house-12498028045", "rank": 1}}, {"type": "Feature", "geometry": {"type": "Point", "coordinates": [98.98205, 18.78442]}, "properties": {"id": "cm-osm-way-406881552", "name": "H Hotel", "nameTh": null, "nameEn": "H Hotel", "cat": ["hotel"], "province": "cm", "slug": "h-hotel-406881552", "rank": 1}}, {"type": "Feature", "geometry": {"type": "Point", "coordinates": [98.98084, 18.79387]}, "properties": {"id": "cm-osm-node-10245740611", "name": "HILLDA HOUSE", "nameTh": null, "nameEn": "HILLDA HOUSE", "cat": ["hotel"], "province": "cm", "slug": "hillda-house-10245740611", "rank": 1}}, {"type": "Feature", "geometry": {"type": "Point", "coordinates": [98.99226, 18.79468]}, "properties": {"id": "cm-osm-way-473622946", "name": "Heritage House", "nameTh": null, "nameEn": "Heritage House", "cat": ["hotel"], "province": "cm", "slug": "heritage-house-473622946", "rank": 1}}, {"type": "Feature", "geometry": {"type": "Point", "coordinates": [98.98276, 18.78964]}, "properties": {"id": "cm-osm-node-4086133507", "name": "HobNob Hostel", "nameTh": null, "nameEn": "HobNob Hostel", "cat": ["hotel"], "province": "cm", "slug": "hobnob-hostel-4086133507", "rank": 1}}, {"type": "Feature", "geometry": {"type": "Point", "coordinates": [98.97963, 18.78766]}, "properties": {"id": "cm-osm-node-12420688801", "name": "Home @ Samlan Soi 1", "nameTh": null, "nameEn": "Home @ Samlan Soi 1", "cat": ["hotel"], "province": "cm", "slug": "home-samlan-soi-1-12420688801", "rank": 2}}, {"type": "Feature", "geometry": {"type": "Point", "coordinates": [98.98314, 18.7881]}, "properties": {"id": "cm-osm-node-13953736182", "name": "Hooman Hostel", "nameTh": null, "nameEn": "Hooman Hostel", "cat": ["hotel"], "province": "cm", "slug": "hooman-hostel-13953736182", "rank": 1}}, {"type": "Feature", "geometry": {"type": "Point", "coordinates": [98.9872, 18.78482]}, "properties": {"id": "cm-osm-way-623160173", "name": "Hostel Lullaby", "nameTh": null, "nameEn": "Hostel Lullaby", "cat": ["hotel"], "province": "cm", "slug": "hostel-lullaby-623160173", "rank": 3}}, {"type": "Feature", "geometry": {"type": "Point", "coordinates": [98.98232, 18.78319]}, "properties": {"id": "cm-osm-node-10245740313", "name": "Hostel One Art and Gallery", "nameTh": null, "nameEn": "Hostel One Art and Gallery", "cat": ["hotel"], "province": "cm", "slug": "hostel-one-art-and-gallery-10245740313", "rank": 1}}, {"type": "Feature", "geometry": {"type": "Point", "coordinates": [98.99292, 18.78811]}, "properties": {"id": "cm-osm-relation-13477671", "name": "Hotel M", "nameTh": null, "nameEn": "Hotel M", "cat": ["hotel"], "province": "cm", "slug": "hotel-m-13477671", "rank": 3}}, {"type": "Feature", "geometry": {"type": "Point", "coordinates": [98.98711, 18.78819]}, "properties": {"id": "cm-osm-node-4224004316", "name": "Hotel the California", "nameTh": null, "nameEn": "Hotel the California", "cat": ["hotel"], "province": "cm", "slug": "hotel-the-california-4224004316", "rank": 1}}, {"type": "Feature", "geometry": {"type": "Point", "coordinates": [98.9928, 18.79172]}, "properties": {"id": "cm-osm-node-3419009695", "name": "House No. 11", "nameTh": null, "nameEn": "House No. 11", "cat": ["hotel"], "province": "cm", "slug": "house-no-11-3419009695", "rank": 2}}, {"type": "Feature", "geometry": {"type": "Point", "coordinates": [98.98939, 18.79465]}, "properties": {"id": "cm-osm-node-10537029409", "name": "Huen Chiang Man Hostel", "nameTh": null, "nameEn": "Huen Chiang Man Hostel", "cat": ["hotel"], "province": "cm", "slug": "huen-chiang-man-hostel-10537029409", "rank": 1}}, {"type": "Feature", "geometry": {"type": "Point", "coordinates": [98.98689, 18.78201]}, "properties": {"id": "cm-osm-way-793933939", "name": "Huen Hug", "nameTh": null, "nameEn": "Huen Hug", "cat": ["hotel"], "province": "cm", "slug": "huen-hug-793933939", "rank": 1}}, {"type": "Feature", "geometry": {"type": "Point", "coordinates": [98.98586, 18.79517]}, "properties": {"id": "cm-osm-way-319539845", "name": "Hug Hostel", "nameTh": null, "nameEn": "Hug Hostel", "cat": ["hotel"], "province": "cm", "slug": "hug-hostel-319539845", "rank": 2}}, {"type": "Feature", "geometry": {"type": "Point", "coordinates": [98.98452, 18.78471]}, "properties": {"id": "cm-osm-way-793145641", "name": "Intentstable", "nameTh": null, "nameEn": "Intentstable", "cat": ["hotel"], "province": "cm", "slug": "intentstable-793145641", "rank": 1}}, {"type": "Feature", "geometry": {"type": "Point", "coordinates": [98.99243, 18.78411]}, "properties": {"id": "cm-osm-node-3324207813", "name": "JJ Guesthouse", "nameTh": null, "nameEn": "JJ Guesthouse", "cat": ["hotel"], "province": "cm", "slug": "jj-guesthouse-3324207813", "rank": 1}}, {"type": "Feature", "geometry": {"type": "Point", "coordinates": [98.99004, 18.78401]}, "properties": {"id": "cm-osm-node-4856652021", "name": "JJ Guesthouse", "nameTh": null, "nameEn": "JJ Guesthouse", "cat": ["hotel"], "province": "cm", "slug": "jj-guesthouse-4856652021", "rank": 1}}, {"type": "Feature", "geometry": {"type": "Point", "coordinates": [98.99226, 18.79211]}, "properties": {"id": "cm-osm-way-492846676", "name": "Jaidee bamboo Huts", "nameTh": null, "nameEn": "Jaidee bamboo Huts", "cat": ["hotel"], "province": "cm", "slug": "jaidee-bamboo-huts-492846676", "rank": 2}}, {"type": "Feature", "geometry": {"type": "Point", "coordinates": [98.99212, 18.79223]}, "properties": {"id": "cm-osm-way-308548086", "name": "Jaidii", "nameTh": null, "nameEn": "Jaidii", "cat": ["hotel"], "province": "cm", "slug": "jaidii-308548086", "rank": 2}}, {"type": "Feature", "geometry": {"type": "Point", "coordinates": [98.98472, 18.78514]}, "properties": {"id": "cm-osm-way-793145639", "name": "Jang Muang", "nameTh": null, "nameEn": "Jang Muang", "cat": ["hotel"], "province": "cm", "slug": "jang-muang-793145639", "rank": 2}}, {"type": "Feature", "geometry": {"type": "Point", "coordinates": [98.99025, 18.79218]}, "properties": {"id": "cm-osm-way-578853344", "name": "Jasmine", "nameTh": null, "nameEn": "Jasmine", "cat": ["hotel"], "province": "cm", "slug": "jasmine-578853344", "rank": 1}}, {"type": "Feature", "geometry": {"type": "Point", "coordinates": [98.99004, 18.79362]}, "properties": {"id": "cm-osm-node-4538459586", "name": "Jay Guest House", "nameTh": null, "nameEn": "Jay Guest House", "cat": ["hotel"], "province": "cm", "slug": "jay-guest-house-4538459586", "rank": 1}}, {"type": "Feature", "geometry": {"type": "Point", "coordinates": [98.98574, 18.78581]}, "properties": {"id": "cm-osm-node-4889677221", "name": "Jom Kitti Hotel", "nameTh": null, "nameEn": "Jom Kitti Hotel", "cat": ["hotel"], "province": "cm", "slug": "jom-kitti-hotel-4889677221", "rank": 1}}, {"type": "Feature", "geometry": {"type": "Point", "coordinates": [98.99134, 18.79127]}, "properties": {"id": "cm-osm-node-4671874990", "name": "Jonada Guest House", "nameTh": "Fusion Food", "nameEn": "Jonada Guest House", "cat": ["hotel"], "province": "cm", "slug": "jonada-guest-house-4671874990", "rank": 2}}, {"type": "Feature", "geometry": {"type": "Point", "coordinates": [98.99137, 18.79178]}, "properties": {"id": "cm-osm-way-492846795", "name": "Jonadda GH", "nameTh": null, "nameEn": "Jonadda GH", "cat": ["hotel"], "province": "cm", "slug": "jonadda-gh-492846795", "rank": 1}}, {"type": "Feature", "geometry": {"type": "Point", "coordinates": [98.99288, 18.78745]}, "properties": {"id": "cm-osm-way-579074440", "name": "Joyful", "nameTh": null, "nameEn": "Joyful", "cat": ["hotel"], "province": "cm", "slug": "joyful-579074440", "rank": 1}}, {"type": "Feature", "geometry": {"type": "Point", "coordinates": [98.98989, 18.78409]}, "properties": {"id": "cm-osm-node-2747061194", "name": "Julie Guesthouse", "nameTh": "Julie Guesthouse - 90 Bath die Nacht", "nameEn": "Julie Guesthouse", "cat": ["hotel"], "province": "cm", "slug": "julie-guesthouse-2747061194", "rank": 4}}, {"type": "Feature", "geometry": {"type": "Point", "coordinates": [98.98904, 18.79447]}, "properties": {"id": "cm-osm-node-4538459587", "name": "Junior House", "nameTh": null, "nameEn": "Junior House", "cat": ["hotel"], "province": "cm", "slug": "junior-house-4538459587", "rank": 1}}, {"type": "Feature", "geometry": {"type": "Point", "coordinates": [98.99041, 18.79224]}, "properties": {"id": "cm-osm-node-5470274109", "name": "Just Chill inn", "nameTh": null, "nameEn": "Just Chill inn", "cat": ["hotel"], "province": "cm", "slug": "just-chill-inn-5470274109", "rank": 1}}, {"type": "Feature", "geometry": {"type": "Point", "coordinates": [98.98818, 18.79345]}, "properties": {"id": "cm-osm-node-10245741409", "name": "KAYAN Hostel", "nameTh": null, "nameEn": "KAYAN Hostel", "cat": ["hotel"], "province": "cm", "slug": "kayan-hostel-10245741409", "rank": 1}}, {"type": "Feature", "geometry": {"type": "Point", "coordinates": [98.99114, 18.78899]}, "properties": {"id": "cm-osm-node-10723897686", "name": "Kavil", "nameTh": null, "nameEn": "Kavil", "cat": ["hotel"], "province": "cm", "slug": "kavil-10723897686", "rank": 1}}, {"type": "Feature", "geometry": {"type": "Point", "coordinates": [98.99198, 18.79387]}, "properties": {"id": "cm-osm-way-260236351", "name": "Kavil 2", "nameTh": null, "nameEn": "Kavil 2", "cat": ["hotel"], "province": "cm", "slug": "kavil-2-260236351", "rank": 1}}, {"type": "Feature", "geometry": {"type": "Point", "coordinates": [98.99176, 18.79413]}, "properties": {"id": "cm-osm-way-255927414", "name": "Kham Kaew GH 1", "nameTh": null, "nameEn": "Kham Kaew GH 1", "cat": ["hotel"], "province": "cm", "slug": "kham-kaew-gh-1-255927414", "rank": 1}}, {"type": "Feature", "geometry": {"type": "Point", "coordinates": [98.98177, 18.78176]}, "properties": {"id": "cm-osm-way-97992321", "name": "Khunnai House", "nameTh": null, "nameEn": "Khunnai House", "cat": ["hotel"], "province": "cm", "slug": "khunnai-house-97992321", "rank": 1}}, {"type": "Feature", "geometry": {"type": "Point", "coordinates": [98.98913, 18.79437]}, "properties": {"id": "cm-osm-way-578863869", "name": "Kikie's House", "nameTh": null, "nameEn": "Kikie's House", "cat": ["hotel"], "province": "cm", "slug": "kikie-s-house-578863869", "rank": 1}}, {"type": "Feature", "geometry": {"type": "Point", "coordinates": [98.98677, 18.7855]}, "properties": {"id": "cm-osm-way-623160161", "name": "Kitti Rose Home", "nameTh": null, "nameEn": "Kitti Rose Home", "cat": ["hotel"], "province": "cm", "slug": "kitti-rose-home-623160161", "rank": 1}}, {"type": "Feature", "geometry": {"type": "Point", "coordinates": [98.99129, 18.78946]}, "properties": {"id": "cm-osm-node-766610260", "name": "Kristi House", "nameTh": null, "nameEn": "Kristi House", "cat": ["hotel"], "province": "cm", "slug": "kristi-house-766610260", "rank": 1}}, {"type": "Feature", "geometry": {"type": "Point", "coordinates": [98.99132, 18.78469]}, "properties": {"id": "cm-osm-node-1618868185", "name": "La Maison Verte", "nameTh": null, "nameEn": "La Maison Verte", "cat": ["hotel"], "province": "cm", "slug": "la-maison-verte-1618868185", "rank": 1}}, {"type": "Feature", "geometry": {"type": "Point", "coordinates": [98.98904, 18.78659]}, "properties": {"id": "cm-osm-node-3419811898", "name": "La Pillow", "nameTh": null, "nameEn": "La Pillow", "cat": ["hotel"], "province": "cm", "slug": "la-pillow-3419811898", "rank": 1}}, {"type": "Feature", "geometry": {"type": "Point", "coordinates": [98.99252, 18.79205]}, "properties": {"id": "cm-osm-node-3419009696", "name": "La-Mer Hostel", "nameTh": null, "nameEn": "La-Mer Hostel", "cat": ["hotel"], "province": "cm", "slug": "la-mer-hostel-3419009696", "rank": 1}}, {"type": "Feature", "geometry": {"type": "Point", "coordinates": [98.99203, 18.793]}, "properties": {"id": "cm-osm-way-578863864", "name": "Lamchang House", "nameTh": null, "nameEn": "Lamchang House", "cat": ["hotel"], "province": "cm", "slug": "lamchang-house-578863864", "rank": 1}}, {"type": "Feature", "geometry": {"type": "Point", "coordinates": [98.99301, 18.79433]}, "properties": {"id": "cm-osm-node-6205218355", "name": "Lanna Hostel", "nameTh": null, "nameEn": "Lanna Hostel", "cat": ["hotel"], "province": "cm", "slug": "lanna-hostel-6205218355", "rank": 1}}, {"type": "Feature", "geometry": {"type": "Point", "coordinates": [98.98168, 18.79459]}, "properties": {"id": "cm-osm-node-11513223155", "name": "Lanna Oriental", "nameTh": null, "nameEn": "Lanna Oriental", "cat": ["hotel"], "province": "cm", "slug": "lanna-oriental-11513223155", "rank": 1}}, {"type": "Feature", "geometry": {"type": "Point", "coordinates": [98.99013, 18.79236]}, "properties": {"id": "cm-osm-node-5538968134", "name": "Lanna Tree Boutique Hotel", "nameTh": null, "nameEn": "Lanna Tree Boutique Hotel", "cat": ["hotel"], "province": "cm", "slug": "lanna-tree-boutique-hotel-5538968134", "rank": 1}}, {"type": "Feature", "geometry": {"type": "Point", "coordinates": [98.99047, 18.79231]}, "properties": {"id": "cm-osm-node-5538993663", "name": "Lanna Tree Boutique Hotel", "nameTh": null, "nameEn": "Lanna Tree Boutique Hotel", "cat": ["hotel"], "province": "cm", "slug": "lanna-tree-boutique-hotel-5538993663", "rank": 1}}, {"type": "Feature", "geometry": {"type": "Point", "coordinates": [98.98312, 18.78881]}, "properties": {"id": "cm-osm-node-7023404444", "name": "Lavana Hotel", "nameTh": null, "nameEn": "Lavana Hotel", "cat": ["hotel"], "province": "cm", "slug": "lavana-hotel-7023404444", "rank": 1}}, {"type": "Feature", "geometry": {"type": "Point", "coordinates": [98.98713, 18.7881]}, "properties": {"id": "cm-osm-node-2039965941", "name": "Le Bateau Ivre", "nameTh": null, "nameEn": "Le Bateau Ivre", "cat": ["hotel"], "province": "cm", "slug": "le-bateau-ivre-2039965941", "rank": 2}}, {"type": "Feature", "geometry": {"type": "Point", "coordinates": [98.98149, 18.79092]}, "properties": {"id": "cm-osm-way-1347568628", "name": "Le Charcoa Hotel", "nameTh": null, "nameEn": "Le Charcoa Hotel", "cat": ["hotel"], "province": "cm", "slug": "le-charcoa-hotel-1347568628", "rank": 1}}, {"type": "Feature", "geometry": {"type": "Point", "coordinates": [98.99167, 18.7941]}, "properties": {"id": "cm-osm-way-256266487", "name": "Le Frenchie", "nameTh": null, "nameEn": "Le Frenchie", "cat": ["hotel"], "province": "cm", "slug": "le-frenchie-256266487", "rank": 3}}, {"type": "Feature", "geometry": {"type": "Point", "coordinates": [98.9857, 18.78167]}, "properties": {"id": "cm-osm-way-669396976", "name": "Le Light", "nameTh": null, "nameEn": "Le Light", "cat": ["hotel"], "province": "cm", "slug": "le-light-669396976", "rank": 1}}, {"type": "Feature", "geometry": {"type": "Point", "coordinates": [98.98184, 18.78622]}, "properties": {"id": "cm-osm-way-623156416", "name": "Le Naview", "nameTh": null, "nameEn": "Le Naview@Prasingh", "cat": ["hotel"], "province": "cm", "slug": "le-naview-prasingh-623156416", "rank": 3}}, {"type": "Feature", "geometry": {"type": "Point", "coordinates": [98.98142, 18.79025]}, "properties": {"id": "cm-osm-way-1436933059", "name": "Le Wiang", "nameTh": "เลอเวียง", "nameEn": "Le Wiang", "cat": ["hotel"], "province": "cm", "slug": "le-wiang-1436933059", "rank": 4}}, {"type": "Feature", "geometry": {"type": "Point", "coordinates": [98.97999, 18.78818]}, "properties": {"id": "cm-osm-node-12024793369", "name": "Lee Chiang Hotel", "nameTh": "โรงแรมลีเชียง", "nameEn": "Lee Chiang Hotel", "cat": ["hotel"], "province": "cm", "slug": "lee-chiang-hotel-12024793369", "rank": 2}}, {"type": "Feature", "geometry": {"type": "Point", "coordinates": [98.98287, 18.78771]}, "properties": {"id": "cm-osm-node-13953736178", "name": "Lemon Guesthouse", "nameTh": null, "nameEn": "Lemon Guesthouse", "cat": ["hotel"], "province": "cm", "slug": "lemon-guesthouse-13953736178", "rank": 1}}, {"type": "Feature", "geometry": {"type": "Point", "coordinates": [98.99086, 18.79268]}, "properties": {"id": "cm-osm-way-492846704", "name": "Lita Guest House", "nameTh": null, "nameEn": "Lita Guest House", "cat": ["hotel"], "province": "cm", "slug": "lita-guest-house-492846704", "rank": 1}}, {"type": "Feature", "geometry": {"type": "Point", "coordinates": [98.99249, 18.79136]}, "properties": {"id": "cm-osm-node-2773327239", "name": "Little Bird", "nameTh": null, "nameEn": "Little Bird", "cat": ["hotel"], "province": "cm", "slug": "little-bird-2773327239", "rank": 1}}, {"type": "Feature", "geometry": {"type": "Point", "coordinates": [98.99199, 18.78489]}, "properties": {"id": "cm-osm-node-6271672315", "name": "Lost in Chiang Mai", "nameTh": null, "nameEn": "Lost in Chiang Mai", "cat": ["hotel"], "province": "cm", "slug": "lost-in-chiang-mai-6271672315", "rank": 1}}, {"type": "Feature", "geometry": {"type": "Point", "coordinates": [98.98161, 18.78314]}, "properties": {"id": "cm-osm-way-579076870", "name": "Luna", "nameTh": null, "nameEn": "Luna", "cat": ["hotel"], "province": "cm", "slug": "luna-579076870", "rank": 1}}, {"type": "Feature", "geometry": {"type": "Point", "coordinates": [98.99305, 18.79111]}, "properties": {"id": "cm-osm-way-220984686", "name": "Lux Hotel", "nameTh": "Lux Hotel go look", "nameEn": "Lux Hotel", "cat": ["hotel"], "province": "cm", "slug": "lux-hotel-220984686", "rank": 4}}, {"type": "Feature", "geometry": {"type": "Point", "coordinates": [98.99232, 18.7909]}, "properties": {"id": "cm-osm-node-1619218807", "name": "M.D. House", "nameTh": null, "nameEn": "M.D. House", "cat": ["hotel"], "province": "cm", "slug": "m-d-house-1619218807", "rank": 1}}, {"type": "Feature", "geometry": {"type": "Point", "coordinates": [98.99114, 18.79017]}, "properties": {"id": "cm-osm-node-6352076495", "name": "M5", "nameTh": null, "nameEn": "M5", "cat": ["hotel"], "province": "cm", "slug": "m5-6352076495", "rank": 1}}, {"type": "Feature", "geometry": {"type": "Point", "coordinates": [98.98162, 18.78281]}, "properties": {"id": "cm-osm-node-9796145718", "name": "Ma Guesthouse", "nameTh": null, "nameEn": "Ma Guesthouse", "cat": ["hotel"], "province": "cm", "slug": "ma-guesthouse-9796145718", "rank": 1}}, {"type": "Feature", "geometry": {"type": "Point", "coordinates": [98.98448, 18.78909]}, "properties": {"id": "cm-osm-node-13959561475", "name": "MaMa Hostel", "nameTh": null, "nameEn": "MaMa Hostel", "cat": ["hotel"], "province": "cm", "slug": "mama-hostel-13959561475", "rank": 1}}, {"type": "Feature", "geometry": {"type": "Point", "coordinates": [98.98967, 18.78647]}, "properties": {"id": "cm-osm-node-3419811899", "name": "Makka", "nameTh": null, "nameEn": "Makka", "cat": ["hotel"], "province": "cm", "slug": "makka-3419811899", "rank": 1}}, {"type": "Feature", "geometry": {"type": "Point", "coordinates": [98.99101, 18.79259]}, "properties": {"id": "cm-osm-way-361102007", "name": "Manee House", "nameTh": null, "nameEn": "Manee House", "cat": ["hotel"], "province": "cm", "slug": "manee-house-361102007", "rank": 1}}, {"type": "Feature", "geometry": {"type": "Point", "coordinates": [98.98127, 18.78179]}, "properties": {"id": "cm-osm-way-423031868", "name": "Marigold Lanna", "nameTh": null, "nameEn": "Marigold Lanna", "cat": ["hotel"], "province": "cm", "slug": "marigold-lanna-423031868", "rank": 1}}, {"type": "Feature", "geometry": {"type": "Point", "coordinates": [98.99216, 18.78906]}, "properties": {"id": "cm-osm-node-2533128064", "name": "Mini Cost", "nameTh": null, "nameEn": "Mini Cost", "cat": ["hotel"], "province": "cm", "slug": "mini-cost-2533128064", "rank": 1}}, {"type": "Feature", "geometry": {"type": "Point", "coordinates": [98.98866, 18.78355]}, "properties": {"id": "cm-osm-node-5243862325", "name": "Mint House", "nameTh": null, "nameEn": "Mint House", "cat": ["hotel"], "province": "cm", "slug": "mint-house-5243862325", "rank": 2}}, {"type": "Feature", "geometry": {"type": "Point", "coordinates": [98.98586, 18.78825]}, "properties": {"id": "cm-osm-node-6356351495", "name": "Momo", "nameTh": null, "nameEn": "Momo", "cat": ["hotel"], "province": "cm", "slug": "momo-6356351495", "rank": 1}}, {"type": "Feature", "geometry": {"type": "Point", "coordinates": [98.98978, 18.78789]}, "properties": {"id": "cm-osm-way-387523594", "name": "Moon Dragon Hotel", "nameTh": null, "nameEn": "Moon Dragon Hotel", "cat": ["hotel"], "province": "cm", "slug": "moon-dragon-hotel-387523594", "rank": 1}}, {"type": "Feature", "geometry": {"type": "Point", "coordinates": [98.98373, 18.7846]}, "properties": {"id": "cm-osm-node-3384133223", "name": "More Relax", "nameTh": null, "nameEn": "More Relax", "cat": ["hotel"], "province": "cm", "slug": "more-relax-3384133223", "rank": 1}}, {"type": "Feature", "geometry": {"type": "Point", "coordinates": [98.99281, 18.78485]}, "properties": {"id": "cm-osm-way-576838831", "name": "Muang Thong", "nameTh": null, "nameEn": "Muang Thong", "cat": ["hotel"], "province": "cm", "slug": "muang-thong-576838831", "rank": 1}}, {"type": "Feature", "geometry": {"type": "Point", "coordinates": [98.99195, 18.7941]}, "properties": {"id": "cm-osm-way-256266497", "name": "My Mum Home", "nameTh": "มายมัม โฮม", "nameEn": "My Mum Home", "cat": ["hotel"], "province": "cm", "slug": "my-mum-home-256266497", "rank": 3}}, {"type": "Feature", "geometry": {"type": "Point", "coordinates": [98.99051, 18.78642]}, "properties": {"id": "cm-osm-node-988562302", "name": "Na Inn", "nameTh": null, "nameEn": "Na Inn", "cat": ["hotel"], "province": "cm", "slug": "na-inn-988562302", "rank": 1}}, {"type": "Feature", "geometry": {"type": "Point", "coordinates": [98.98818, 18.79357]}, "properties": {"id": "cm-osm-node-3115989822", "name": "Nalin Guesthouse", "nameTh": null, "nameEn": "Nalin Guesthouse", "cat": ["hotel"], "province": "cm", "slug": "nalin-guesthouse-3115989822", "rank": 1}}, {"type": "Feature", "geometry": {"type": "Point", "coordinates": [98.98198, 18.78595]}, "properties": {"id": "cm-osm-node-13253712045", "name": "Namton Boutique Hotel", "nameTh": null, "nameEn": "Namton Boutique Hotel", "cat": ["hotel"], "province": "cm", "slug": "namton-boutique-hotel-13253712045", "rank": 1}}, {"type": "Feature", "geometry": {"type": "Point", "coordinates": [98.97968, 18.78749]}, "properties": {"id": "cm-osm-way-623154473", "name": "Nanya Hotel Chiang Mai", "nameTh": null, "nameEn": "Nanya Hotel Chiang Mai", "cat": ["hotel"], "province": "cm", "slug": "nanya-hotel-chiang-mai-623154473", "rank": 2}}, {"type": "Feature", "geometry": {"type": "Point", "coordinates": [98.98276, 18.78874]}, "properties": {"id": "cm-osm-node-4706193389", "name": "Nap Box Hostel", "nameTh": null, "nameEn": "Nap Box Hostel", "cat": ["hotel"], "province": "cm", "slug": "nap-box-hostel-4706193389", "rank": 1}}, {"type": "Feature", "geometry": {"type": "Point", "coordinates": [98.99238, 18.79136]}, "properties": {"id": "cm-osm-node-4087790289", "name": "Nature's Way House", "nameTh": null, "nameEn": "Nature's Way House", "cat": ["hotel"], "province": "cm", "slug": "nature-s-way-house-4087790289", "rank": 1}}, {"type": "Feature", "geometry": {"type": "Point", "coordinates": [98.99206, 18.79391]}, "properties": {"id": "cm-osm-node-10801484706", "name": "Near the park Backpack hostel 2", "nameTh": null, "nameEn": "Near the park Backpack hostel 2", "cat": ["hotel"], "province": "cm", "slug": "near-the-park-backpack-hostel-2-10801484706", "rank": 1}}, {"type": "Feature", "geometry": {"type": "Point", "coordinates": [98.98163, 18.79216]}, "properties": {"id": "cm-osm-node-6204649738", "name": "Neat Hostel", "nameTh": null, "nameEn": "Neat Hostel", "cat": ["hotel"], "province": "cm", "slug": "neat-hostel-6204649738", "rank": 2}}, {"type": "Feature", "geometry": {"type": "Point", "coordinates": [98.99143, 18.79202]}, "properties": {"id": "cm-osm-way-578853341", "name": "Nice House #3", "nameTh": null, "nameEn": "Nice House #3", "cat": ["hotel"], "province": "cm", "slug": "nice-house-3-578853341", "rank": 1}}, {"type": "Feature", "geometry": {"type": "Point", "coordinates": [98.9897, 18.79021]}, "properties": {"id": "cm-osm-node-1598989912", "name": "Nice Place Guesthouse", "nameTh": "Thai Akara - Lanna Boutique Hotel", "nameEn": null, "cat": ["hotel"], "province": "cm", "slug": "thai-akara-lanna-boutique-hotel-1598989912", "rank": 1}}, {"type": "Feature", "geometry": {"type": "Point", "coordinates": [98.97973, 18.79292]}, "properties": {"id": "cm-osm-way-623146112", "name": "Nine House", "nameTh": null, "nameEn": "Nine House", "cat": ["hotel"], "province": "cm", "slug": "nine-house-623146112", "rank": 1}}, {"type": "Feature", "geometry": {"type": "Point", "coordinates": [98.98491, 18.78512]}, "properties": {"id": "cm-osm-way-793145644", "name": "Nine Resident", "nameTh": null, "nameEn": "Nine Resident", "cat": ["hotel"], "province": "cm", "slug": "nine-resident-793145644", "rank": 2}}, {"type": "Feature", "geometry": {"type": "Point", "coordinates": [98.98288, 18.78741]}, "properties": {"id": "cm-osm-node-11257204146", "name": "Nine Smiths Hotel Chiangmai", "nameTh": null, "nameEn": "Nine Smiths Hotel Chiangmai", "cat": ["hotel"], "province": "cm", "slug": "nine-smiths-hotel-chiangmai-11257204146", "rank": 2}}, {"type": "Feature", "geometry": {"type": "Point", "coordinates": [98.99077, 18.79468]}, "properties": {"id": "cm-osm-node-5325143621", "name": "Nocky House", "nameTh": null, "nameEn": "Nocky House", "cat": ["hotel"], "province": "cm", "slug": "nocky-house-5325143621", "rank": 1}}, {"type": "Feature", "geometry": {"type": "Point", "coordinates": [98.98237, 18.7859]}, "properties": {"id": "cm-osm-node-3384107404", "name": "Non", "nameTh": null, "nameEn": "Non", "cat": ["hotel"], "province": "cm", "slug": "non-3384107404", "rank": 1}}, {"type": "Feature", "geometry": {"type": "Point", "coordinates": [98.98186, 18.78585]}, "properties": {"id": "cm-osm-node-11486846126", "name": "Normal Stay", "nameTh": null, "nameEn": "Normal Stay", "cat": ["hotel"], "province": "cm", "slug": "normal-stay-11486846126", "rank": 1}}, {"type": "Feature", "geometry": {"type": "Point", "coordinates": [98.99141, 18.7836]}, "properties": {"id": "cm-osm-way-623162104", "name": "North Star Guest House", "nameTh": null, "nameEn": "North Star Guest House", "cat": ["hotel"], "province": "cm", "slug": "north-star-guest-house-623162104", "rank": 1}}, {"type": "Feature", "geometry": {"type": "Point", "coordinates": [98.99287, 18.79286]}, "properties": {"id": "cm-osm-way-256266482", "name": "Northland House", "nameTh": null, "nameEn": "Northland House", "cat": ["hotel"], "province": "cm", "slug": "northland-house-256266482", "rank": 1}}, {"type": "Feature", "geometry": {"type": "Point", "coordinates": [98.99104, 18.78281]}, "properties": {"id": "cm-osm-way-97801640", "name": "Nuanpranee House", "nameTh": null, "nameEn": "Nuanpranee House", "cat": ["hotel"], "province": "cm", "slug": "nuanpranee-house-97801640", "rank": 1}}, {"type": "Feature", "geometry": {"type": "Point", "coordinates": [98.98892, 18.78222]}, "properties": {"id": "cm-osm-node-7023417423", "name": "Nuengthong", "nameTh": null, "nameEn": "Nuengthong", "cat": ["hotel"], "province": "cm", "slug": "nuengthong-7023417423", "rank": 1}}, {"type": "Feature", "geometry": {"type": "Point", "coordinates": [98.98339, 18.78569]}, "properties": {"id": "cm-osm-node-11369976764", "name": "Nuphen", "nameTh": "บ้านหนูเพ็ญ", "nameEn": "Nuphen", "cat": ["hotel"], "province": "cm", "slug": "nuphen-11369976764", "rank": 2}}, {"type": "Feature", "geometry": {"type": "Point", "coordinates": [98.98044, 18.78372]}, "properties": {"id": "cm-osm-way-546257258", "name": "Once Upon A Time Boutique Home", "nameTh": null, "nameEn": "Once Upon A Time Boutique Home", "cat": ["hotel"], "province": "cm", "slug": "once-upon-a-time-boutique-home-546257258", "rank": 1}}, {"type": "Feature", "geometry": {"type": "Point", "coordinates": [98.9876, 18.7936]}, "properties": {"id": "cm-osm-node-4059564674", "name": "PM Guesthouse", "nameTh": null, "nameEn": "PM Guesthouse", "cat": ["hotel"], "province": "cm", "slug": "pm-guesthouse-4059564674", "rank": 3}}, {"type": "Feature", "geometry": {"type": "Point", "coordinates": [98.97955, 18.79118]}, "properties": {"id": "cm-osm-way-623140240", "name": "PaRang Art Stay", "nameTh": null, "nameEn": "PaRang Art Stay", "cat": ["hotel"], "province": "cm", "slug": "parang-art-stay-623140240", "rank": 1}}, {"type": "Feature", "geometry": {"type": "Point", "coordinates": [98.98472, 18.78351]}, "properties": {"id": "cm-osm-way-566086571", "name": "Pai Residence", "nameTh": null, "nameEn": "ChiangMai gate ratchamabka 32/2 soi 6", "cat": ["hotel"], "province": "cm", "slug": "chiangmai-gate-ratchamabka-32-2-soi-6-566086571", "rank": 3}}, {"type": "Feature", "geometry": {"type": "Point", "coordinates": [98.98988, 18.79429]}, "properties": {"id": "cm-osm-way-668374390", "name": "Pakinai", "nameTh": null, "nameEn": "Pakinai", "cat": ["hotel"], "province": "cm", "slug": "pakinai-668374390", "rank": 2}}, {"type": "Feature", "geometry": {"type": "Point", "coordinates": [98.98372, 18.78609]}, "properties": {"id": "cm-osm-node-3384100281", "name": "Pakping", "nameTh": null, "nameEn": "Pakping", "cat": ["hotel"], "province": "cm", "slug": "pakping-3384100281", "rank": 1}}, {"type": "Feature", "geometry": {"type": "Point", "coordinates": [98.97973, 18.7922]}, "properties": {"id": "cm-osm-way-623146070", "name": "Panarin Place", "nameTh": null, "nameEn": "Panarin Place", "cat": ["hotel"], "province": "cm", "slug": "panarin-place-623146070", "rank": 2}}, {"type": "Feature", "geometry": {"type": "Point", "coordinates": [98.98752, 18.78573]}, "properties": {"id": "cm-osm-node-11367948469", "name": "Panna Heritage Boutique Hotel", "nameTh": null, "nameEn": "Panna Heritage Boutique Hotel", "cat": ["hotel"], "province": "cm", "slug": "panna-heritage-boutique-hotel-11367948469", "rank": 3}}, {"type": "Feature", "geometry": {"type": "Point", "coordinates": [98.99315, 18.79326]}, "properties": {"id": "cm-osm-way-377819743", "name": "Papick Lodge", "nameTh": null, "nameEn": "Papick Lodge", "cat": ["hotel"], "province": "cm", "slug": "papick-lodge-377819743", "rank": 1}}, {"type": "Feature", "geometry": {"type": "Point", "coordinates": [98.98265, 18.78982]}, "properties": {"id": "cm-osm-way-408595883", "name": "Paraiso Hotel Chiang Mai", "nameTh": null, "nameEn": "Paraiso Hotel Chiang Mai", "cat": ["hotel"], "province": "cm", "slug": "paraiso-hotel-chiang-mai-408595883", "rank": 1}}, {"type": "Feature", "geometry": {"type": "Point", "coordinates": [98.98782, 18.78793]}, "properties": {"id": "cm-osm-node-1618892756", "name": "Parasol Inn", "nameTh": null, "nameEn": "Parasol Inn", "cat": ["hotel"], "province": "cm", "slug": "parasol-inn-1618892756", "rank": 2}}, {"type": "Feature", "geometry": {"type": "Point", "coordinates": [98.98219, 18.78264]}, "properties": {"id": "cm-osm-way-406994637", "name": "Pastel", "nameTh": null, "nameEn": "Pastel", "cat": ["hotel"], "province": "cm", "slug": "pastel-406994637", "rank": 1}}, {"type": "Feature", "geometry": {"type": "Point", "coordinates": [98.98853, 18.78536]}, "properties": {"id": "cm-osm-node-2658357497", "name": "Pat's Klangviang", "nameTh": null, "nameEn": "Pat's Klangviang", "cat": ["hotel"], "province": "cm", "slug": "pat-s-klangviang-2658357497", "rank": 2}}, {"type": "Feature", "geometry": {"type": "Point", "coordinates": [98.99185, 18.78425]}, "properties": {"id": "cm-osm-node-2747061195", "name": "Pathara Guesthouse", "nameTh": null, "nameEn": "Pathara Guesthouse", "cat": ["hotel"], "province": "cm", "slug": "pathara-guesthouse-2747061195", "rank": 1}}, {"type": "Feature", "geometry": {"type": "Point", "coordinates": [98.99254, 18.79478]}, "properties": {"id": "cm-osm-way-473622943", "name": "Peng Jai Hotel", "nameTh": null, "nameEn": "Peng Jai Hotel", "cat": ["hotel"], "province": "cm", "slug": "peng-jai-hotel-473622943", "rank": 1}}, {"type": "Feature", "geometry": {"type": "Point", "coordinates": [98.9883, 18.78692]}, "properties": {"id": "cm-osm-way-238151865", "name": "Phoothawee House", "nameTh": null, "nameEn": "Phoothawee House", "cat": ["hotel"], "province": "cm", "slug": "phoothawee-house-238151865", "rank": 2}}, {"type": "Feature", "geometry": {"type": "Point", "coordinates": [98.98756, 18.78234]}, "properties": {"id": "cm-osm-way-856763849", "name": "Phor liang Meum Terracotta arts Hotel", "nameTh": null, "nameEn": "Phor liang Meum Terracotta arts Hotel", "cat": ["hotel"], "province": "cm", "slug": "phor-liang-meum-terracotta-arts-hotel-856763849", "rank": 1}}, {"type": "Feature", "geometry": {"type": "Point", "coordinates": [98.98003, 18.78894]}, "properties": {"id": "cm-osm-node-11486790570", "name": "Phukhao Hostel", "nameTh": null, "nameEn": "Phukhao Hostel", "cat": ["hotel"], "province": "cm", "slug": "phukhao-hostel-11486790570", "rank": 1}}, {"type": "Feature", "geometry": {"type": "Point", "coordinates": [98.99193, 18.78457]}, "properties": {"id": "cm-osm-node-6964120285", "name": "Pineapple Express", "nameTh": null, "nameEn": "Pineapple Express", "cat": ["hotel"], "province": "cm", "slug": "pineapple-express-6964120285", "rank": 4}}, {"type": "Feature", "geometry": {"type": "Point", "coordinates": [98.98448, 18.78913]}, "properties": {"id": "cm-osm-node-7277446085", "name": "PingHostel", "nameTh": null, "nameEn": "PingHostel", "cat": ["hotel"], "province": "cm", "slug": "pinghostel-7277446085", "rank": 1}}, {"type": "Feature", "geometry": {"type": "Point", "coordinates": [98.98978, 18.78559]}, "properties": {"id": "cm-osm-node-3385473035", "name": "Pirates Cove", "nameTh": null, "nameEn": "Pirate's Cove", "cat": ["hotel"], "province": "cm", "slug": "pirate-s-cove-3385473035", "rank": 1}}, {"type": "Feature", "geometry": {"type": "Point", "coordinates": [98.98299, 18.78811]}, "properties": {"id": "cm-osm-node-5289561733", "name": "Pissamorn House", "nameTh": null, "nameEn": "Pissamorn House", "cat": ["hotel"], "province": "cm", "slug": "pissamorn-house-5289561733", "rank": 2}}, {"type": "Feature", "geometry": {"type": "Point", "coordinates": [98.99035, 18.78361]}, "properties": {"id": "cm-osm-node-2747061196", "name": "Pooh's Place Guesthouse", "nameTh": null, "nameEn": "Pooh's Place Guesthouse", "cat": ["hotel"], "province": "cm", "slug": "pooh-s-place-guesthouse-2747061196", "rank": 1}}, {"type": "Feature", "geometry": {"type": "Point", "coordinates": [98.98105, 18.79114]}, "properties": {"id": "cm-osm-way-1236892660", "name": "Pran Kumuang Boutique House", "nameTh": null, "nameEn": "Pran Kumuang Boutique House", "cat": ["hotel"], "province": "cm", "slug": "pran-kumuang-boutique-house-1236892660", "rank": 2}}, {"type": "Feature", "geometry": {"type": "Point", "coordinates": [98.9805, 18.78712]}, "properties": {"id": "cm-osm-node-2466333300", "name": "Prasing Guesthouse", "nameTh": null, "nameEn": "Prasing Guesthouse", "cat": ["hotel"], "province": "cm", "slug": "prasing-guesthouse-2466333300", "rank": 1}}, {"type": "Feature", "geometry": {"type": "Point", "coordinates": [98.98963, 18.78383]}, "properties": {"id": "cm-osm-node-4739136722", "name": "Pudsadee House", "nameTh": "Pudsadee House", "nameEn": null, "cat": ["hotel"], "province": "cm", "slug": "pudsadee-house-4739136722", "rank": 2}}, {"type": "Feature", "geometry": {"type": "Point", "coordinates": [98.9869, 18.78848]}, "properties": {"id": "cm-osm-node-1618892757", "name": "Purple Pastel Place", "nameTh": null, "nameEn": "Purple Pastel Place", "cat": ["hotel"], "province": "cm", "slug": "purple-pastel-place-1618892757", "rank": 1}}, {"type": "Feature", "geometry": {"type": "Point", "coordinates": [98.9906, 18.79261]}, "properties": {"id": "cm-osm-way-492846708", "name": "R. C. N. Court and Inn", "nameTh": null, "nameEn": "R. C. N. Court and Inn", "cat": ["hotel"], "province": "cm", "slug": "r-c-n-court-and-inn-492846708", "rank": 1}}, {"type": "Feature", "geometry": {"type": "Point", "coordinates": [98.97994, 18.7869]}, "properties": {"id": "cm-osm-way-238830183", "name": "Rachamankha Hotel", "nameTh": null, "nameEn": "Rachamankha Hotel", "cat": ["hotel"], "province": "cm", "slug": "rachamankha-hotel-238830183", "rank": 1}}, {"type": "Feature", "geometry": {"type": "Point", "coordinates": [98.99189, 18.79008]}, "properties": {"id": "cm-osm-node-1133606563", "name": "Rama Guest House", "nameTh": null, "nameEn": "Rama Guest House", "cat": ["hotel"], "province": "cm", "slug": "rama-guest-house-1133606563", "rank": 1}}, {"type": "Feature", "geometry": {"type": "Point", "coordinates": [98.99201, 18.79034]}, "properties": {"id": "cm-osm-node-1491325659", "name": "Rama Guesthouse & Bar", "nameTh": null, "nameEn": "Rama Guesthouse & Bar", "cat": ["hotel"], "province": "cm", "slug": "rama-guesthouse-bar-1491325659", "rank": 1}}, {"type": "Feature", "geometry": {"type": "Point", "coordinates": [98.9907, 18.79462]}, "properties": {"id": "cm-osm-node-6205218344", "name": "Rena House", "nameTh": null, "nameEn": "Rena House", "cat": ["hotel"], "province": "cm", "slug": "rena-house-6205218344", "rank": 2}}, {"type": "Feature", "geometry": {"type": "Point", "coordinates": [98.98252, 18.78208]}, "properties": {"id": "cm-osm-way-423031865", "name": "Rendezvous Classic House", "nameTh": null, "nameEn": "Rendezvous Classic House", "cat": ["hotel"], "province": "cm", "slug": "rendezvous-classic-house-423031865", "rank": 1}}, {"type": "Feature", "geometry": {"type": "Point", "coordinates": [98.9909, 18.78858]}, "properties": {"id": "cm-osm-node-2055855211", "name": "Rendezvous Guesthouse & Cafe", "nameTh": null, "nameEn": "Rendezvous Guesthouse & Cafe", "cat": ["hotel"], "province": "cm", "slug": "rendezvous-guesthouse-cafe-2055855211", "rank": 1}}, {"type": "Feature", "geometry": {"type": "Point", "coordinates": [98.99264, 18.78455]}, "properties": {"id": "cm-osm-node-11590565197", "name": "Revolution Chiang Mai - Old Town", "nameTh": null, "nameEn": "Revolution Chiang Mai - Old Town", "cat": ["hotel"], "province": "cm", "slug": "revolution-chiang-mai-old-town-11590565197", "rank": 2}}, {"type": "Feature", "geometry": {"type": "Point", "coordinates": [98.99246, 18.78457]}, "properties": {"id": "cm-osm-way-320159029", "name": "Revolution Chiang Mai - Old Town", "nameTh": null, "nameEn": "Revolution Chiang Mai - Old Town", "cat": ["hotel"], "province": "cm", "slug": "revolution-chiang-mai-old-town-320159029", "rank": 2}}, {"type": "Feature", "geometry": {"type": "Point", "coordinates": [98.97988, 18.79331]}, "properties": {"id": "cm-osm-way-753589983", "name": "Rimwiang Hotel", "nameTh": "โรงแรมริมเวียง", "nameEn": "Rimwiang Hotel", "cat": ["hotel"], "province": "cm", "slug": "rimwiang-hotel-753589983", "rank": 4}}, {"type": "Feature", "geometry": {"type": "Point", "coordinates": [98.9908, 18.78274]}, "properties": {"id": "cm-osm-way-788425722", "name": "Rita House", "nameTh": null, "nameEn": "Rita House", "cat": ["hotel"], "province": "cm", "slug": "rita-house-788425722", "rank": 2}}, {"type": "Feature", "geometry": {"type": "Point", "coordinates": [98.99272, 18.78606]}, "properties": {"id": "cm-osm-node-6389783585", "name": "Robotist Hostel", "nameTh": null, "nameEn": "Robotist Hostel", "cat": ["hotel"], "province": "cm", "slug": "robotist-hostel-6389783585", "rank": 1}}, {"type": "Feature", "geometry": {"type": "Point", "coordinates": [98.99155, 18.78923]}, "properties": {"id": "cm-osm-node-6349199700", "name": "Room to let", "nameTh": null, "nameEn": "Room to let", "cat": ["hotel"], "province": "cm", "slug": "room-to-let-6349199700", "rank": 1}}, {"type": "Feature", "geometry": {"type": "Point", "coordinates": [98.99032, 18.78529]}, "properties": {"id": "cm-osm-way-623162098", "name": "Rose Guest House", "nameTh": null, "nameEn": "Rose Guest House", "cat": ["hotel"], "province": "cm", "slug": "rose-guest-house-623162098", "rank": 1}}, {"type": "Feature", "geometry": {"type": "Point", "coordinates": [98.98962, 18.78699]}, "properties": {"id": "cm-osm-node-2466333306", "name": "Rose House", "nameTh": null, "nameEn": "Rose House", "cat": ["hotel"], "province": "cm", "slug": "rose-house-2466333306", "rank": 1}}, {"type": "Feature", "geometry": {"type": "Point", "coordinates": [98.98559, 18.78585]}, "properties": {"id": "cm-osm-node-3384167703", "name": "Royal Standard", "nameTh": null, "nameEn": "Royal Standard", "cat": ["hotel"], "province": "cm", "slug": "royal-standard-3384167703", "rank": 1}}, {"type": "Feature", "geometry": {"type": "Point", "coordinates": [98.99263, 18.79453]}, "properties": {"id": "cm-osm-node-2616378584", "name": "S&K House 2", "nameTh": null, "nameEn": "S&K House 2", "cat": ["hotel"], "province": "cm", "slug": "s-k-house-2-2616378584", "rank": 1}}, {"type": "Feature", "geometry": {"type": "Point", "coordinates": [98.9882, 18.79396]}, "properties": {"id": "cm-osm-way-263742251", "name": "S.B.House", "nameTh": null, "nameEn": "S.B.House", "cat": ["hotel"], "province": "cm", "slug": "s-b-house-263742251", "rank": 1}}, {"type": "Feature", "geometry": {"type": "Point", "coordinates": [98.98859, 18.79403]}, "properties": {"id": "cm-osm-node-5042421929", "name": "S.K. Guesthouse 2", "nameTh": null, "nameEn": "S.K. Guesthouse 2", "cat": ["hotel"], "province": "cm", "slug": "s-k-guesthouse-2-5042421929", "rank": 1}}, {"type": "Feature", "geometry": {"type": "Point", "coordinates": [98.98863, 18.79374]}, "properties": {"id": "cm-osm-way-276915405", "name": "S.K. House 2", "nameTh": null, "nameEn": "S.K. House 2", "cat": ["hotel"], "province": "cm", "slug": "s-k-house-2-276915405", "rank": 1}}, {"type": "Feature", "geometry": {"type": "Point", "coordinates": [98.99279, 18.79425]}, "properties": {"id": "cm-osm-node-2616378608", "name": "SK House", "nameTh": null, "nameEn": "SK House", "cat": ["hotel"], "province": "cm", "slug": "sk-house-2616378608", "rank": 1}}, {"type": "Feature", "geometry": {"type": "Point", "coordinates": [98.99256, 18.79414]}, "properties": {"id": "cm-osm-node-9788234775", "name": "SK House", "nameTh": null, "nameEn": "SK House", "cat": ["hotel"], "province": "cm", "slug": "sk-house-9788234775", "rank": 1}}, {"type": "Feature", "geometry": {"type": "Point", "coordinates": [98.99006, 18.78247]}, "properties": {"id": "cm-osm-node-1618868160", "name": "Sabai Garden", "nameTh": null, "nameEn": "Sabai Garden", "cat": ["hotel"], "province": "cm", "slug": "sabai-garden-1618868160", "rank": 1}}, {"type": "Feature", "geometry": {"type": "Point", "coordinates": [98.98891, 18.78668]}, "properties": {"id": "cm-osm-node-5515535121", "name": "Sabuy Chiangmai Bed & Breakfast", "nameTh": null, "nameEn": "Sabuy Chiangmai Bed & Breakfast", "cat": ["hotel"], "province": "cm", "slug": "sabuy-chiangmai-bed-breakfast-5515535121", "rank": 2}}, {"type": "Feature", "geometry": {"type": "Point", "coordinates": [98.99043, 18.78915]}, "properties": {"id": "cm-osm-way-481724320", "name": "Safe House Court", "nameTh": null, "nameEn": "Safe House Court", "cat": ["hotel"], "province": "cm", "slug": "safe-house-court-481724320", "rank": 1}}, {"type": "Feature", "geometry": {"type": "Point", "coordinates": [98.99162, 18.78883]}, "properties": {"id": "cm-osm-node-5963300685", "name": "Saithong Guest House", "nameTh": null, "nameEn": "Saithong Guest House", "cat": ["hotel"], "province": "cm", "slug": "saithong-guest-house-5963300685", "rank": 1}}, {"type": "Feature", "geometry": {"type": "Point", "coordinates": [98.98011, 18.78328]}, "properties": {"id": "cm-osm-way-546257259", "name": "Sakura House Chiang Mai", "nameTh": null, "nameEn": "Sakura House Chiang Mai", "cat": ["hotel"], "province": "cm", "slug": "sakura-house-chiang-mai-546257259", "rank": 1}}, {"type": "Feature", "geometry": {"type": "Point", "coordinates": [98.98107, 18.78765]}, "properties": {"id": "cm-osm-node-13108511001", "name": "Salee Hostel", "nameTh": null, "nameEn": "Salee Hostel", "cat": ["hotel"], "province": "cm", "slug": "salee-hostel-13108511001", "rank": 2}}, {"type": "Feature", "geometry": {"type": "Point", "coordinates": [98.98289, 18.78297]}, "properties": {"id": "cm-osm-way-421066695", "name": "Samlanjed G H", "nameTh": null, "nameEn": "Samlanjed G H", "cat": ["hotel"], "province": "cm", "slug": "samlanjed-g-h-421066695", "rank": 1}}, {"type": "Feature", "geometry": {"type": "Point", "coordinates": [98.98429, 18.78553]}, "properties": {"id": "cm-osm-node-4259747302", "name": "Seven Suns Residents", "nameTh": null, "nameEn": "Seven Suns Residents", "cat": ["hotel"], "province": "cm", "slug": "seven-suns-residents-4259747302", "rank": 2}}, {"type": "Feature", "geometry": {"type": "Point", "coordinates": [98.98818, 18.79364]}, "properties": {"id": "cm-osm-node-2814693443", "name": "Sindy Guesthouse", "nameTh": null, "nameEn": "Sindy Guesthouse", "cat": ["hotel"], "province": "cm", "slug": "sindy-guesthouse-2814693443", "rank": 2}}, {"type": "Feature", "geometry": {"type": "Point", "coordinates": [98.98296, 18.79002]}, "properties": {"id": "cm-osm-way-408595925", "name": "Singharaj Boutique Hotel", "nameTh": null, "nameEn": "Singharaj Boutique Hotel", "cat": ["hotel"], "province": "cm", "slug": "singharaj-boutique-hotel-408595925", "rank": 1}}, {"type": "Feature", "geometry": {"type": "Point", "coordinates": [98.99061, 18.79507]}, "properties": {"id": "cm-osm-way-473622994", "name": "Sira Boutique Hotel", "nameTh": null, "nameEn": "Sira Boutique Hotel", "cat": ["hotel"], "province": "cm", "slug": "sira-boutique-hotel-473622994", "rank": 2}}, {"type": "Feature", "geometry": {"type": "Point", "coordinates": [98.99113, 18.79003]}, "properties": {"id": "cm-osm-node-892660359", "name": "Siri Guesthouse", "nameTh": null, "nameEn": "Siri Guesthouse", "cat": ["hotel"], "province": "cm", "slug": "siri-guesthouse-892660359", "rank": 2}}, {"type": "Feature", "geometry": {"type": "Point", "coordinates": [98.98269, 18.78287]}, "properties": {"id": "cm-osm-way-421067629", "name": "Siri Kamsan G H", "nameTh": null, "nameEn": "Siri Kamsan G H", "cat": ["hotel"], "province": "cm", "slug": "siri-kamsan-g-h-421067629", "rank": 1}}, {"type": "Feature", "geometry": {"type": "Point", "coordinates": [98.98528, 18.78624]}, "properties": {"id": "cm-osm-node-13535468487", "name": "Siri Village Chiang Mai", "nameTh": null, "nameEn": "Siri Village Chiang Mai", "cat": ["hotel"], "province": "cm", "slug": "siri-village-chiang-mai-13535468487", "rank": 3}}, {"type": "Feature", "geometry": {"type": "Point", "coordinates": [98.99031, 18.78565]}, "properties": {"id": "cm-osm-node-2040025072", "name": "Sirilanna", "nameTh": null, "nameEn": "Sirilanna", "cat": ["hotel"], "province": "cm", "slug": "sirilanna-2040025072", "rank": 1}}, {"type": "Feature", "geometry": {"type": "Point", "coordinates": [98.98554, 18.79375]}, "properties": {"id": "cm-osm-node-4226677889", "name": "Siriwan House", "nameTh": null, "nameEn": "Siriwan House", "cat": ["hotel"], "province": "cm", "slug": "siriwan-house-4226677889", "rank": 1}}, {"type": "Feature", "geometry": {"type": "Point", "coordinates": [98.99169, 18.79294]}, "properties": {"id": "cm-osm-node-6579633828", "name": "Sleep", "nameTh": null, "nameEn": "Sleep", "cat": ["hotel"], "province": "cm", "slug": "sleep-6579633828", "rank": 1}}, {"type": "Feature", "geometry": {"type": "Point", "coordinates": [98.99173, 18.79309]}, "properties": {"id": "cm-osm-way-578863871", "name": "Sleep Guest House", "nameTh": null, "nameEn": "Sleep Guest House", "cat": ["hotel"], "province": "cm", "slug": "sleep-guest-house-578863871", "rank": 3}}, {"type": "Feature", "geometry": {"type": "Point", "coordinates": [98.9909, 18.78378]}, "properties": {"id": "cm-osm-node-11182410615", "name": "Slumber Party Chiang Mai Old Town", "nameTh": null, "nameEn": "Slumber Party Chiang Mai Old Town", "cat": ["hotel"], "province": "cm", "slug": "slumber-party-chiang-mai-old-town-11182410615", "rank": 1}}, {"type": "Feature", "geometry": {"type": "Point", "coordinates": [98.99189, 18.78543]}, "properties": {"id": "cm-osm-node-631562391", "name": "Smile Guesthouse", "nameTh": null, "nameEn": "Smile Guesthouse", "cat": ["hotel"], "province": "cm", "slug": "smile-guesthouse-631562391", "rank": 2}}, {"type": "Feature", "geometry": {"type": "Point", "coordinates": [98.99288, 18.78553]}, "properties": {"id": "cm-osm-way-623162121", "name": "Somwang Guest House", "nameTh": null, "nameEn": "Somwang Guest House", "cat": ["hotel"], "province": "cm", "slug": "somwang-guest-house-623162121", "rank": 1}}, {"type": "Feature", "geometry": {"type": "Point", "coordinates": [98.99242, 18.78964]}, "properties": {"id": "cm-osm-way-1005881892", "name": "Spice Garden", "nameTh": null, "nameEn": "Spice Garden", "cat": ["hotel"], "province": "cm", "slug": "spice-garden-1005881892", "rank": 3}}, {"type": "Feature", "geometry": {"type": "Point", "coordinates": [98.99103, 18.78561]}, "properties": {"id": "cm-osm-node-4416809393", "name": "Spicy Art Guesthouse", "nameTh": null, "nameEn": "Spicy Art Guesthouse", "cat": ["hotel"], "province": "cm", "slug": "spicy-art-guesthouse-4416809393", "rank": 3}}, {"type": "Feature", "geometry": {"type": "Point", "coordinates": [98.9926, 18.79284]}, "properties": {"id": "cm-osm-way-291771637", "name": "Sri-Pat", "nameTh": null, "nameEn": "Sri-Pat", "cat": ["hotel"], "province": "cm", "slug": "sri-pat-291771637", "rank": 1}}, {"type": "Feature", "geometry": {"type": "Point", "coordinates": [98.99197, 18.79355]}, "properties": {"id": "cm-osm-way-291771627", "name": "Sripoom house 1", "nameTh": null, "nameEn": "Sripoom house 1", "cat": ["hotel"], "province": "cm", "slug": "sripoom-house-1-291771627", "rank": 1}}, {"type": "Feature", "geometry": {"type": "Point", "coordinates": [98.98259, 18.78401]}, "properties": {"id": "cm-osm-way-406416408", "name": "Stay Here Hostel", "nameTh": null, "nameEn": "Stay Here Hostel", "cat": ["hotel"], "province": "cm", "slug": "stay-here-hostel-406416408", "rank": 2}}, {"type": "Feature", "geometry": {"type": "Point", "coordinates": [98.99259, 18.79401]}, "properties": {"id": "cm-osm-node-10813168705", "name": "Studio'Z", "nameTh": null, "nameEn": "Studio'Z", "cat": ["hotel"], "province": "cm", "slug": "studio-z-10813168705", "rank": 1}}, {"type": "Feature", "geometry": {"type": "Point", "coordinates": [98.9797, 18.78875]}, "properties": {"id": "cm-osm-node-11228581207", "name": "Suan Dok Gate Guesthouse", "nameTh": null, "nameEn": "Suan Dok Gate Guesthouse", "cat": ["hotel"], "province": "cm", "slug": "suan-dok-gate-guesthouse-11228581207", "rank": 1}}, {"type": "Feature", "geometry": {"type": "Point", "coordinates": [98.99185, 18.7941]}, "properties": {"id": "cm-osm-way-255927413", "name": "Supreme House", "nameTh": "สุปรีม เฮ้าส์", "nameEn": "Supreme House", "cat": ["hotel"], "province": "cm", "slug": "supreme-house-255927413", "rank": 2}}, {"type": "Feature", "geometry": {"type": "Point", "coordinates": [98.98455, 18.78566]}, "properties": {"id": "cm-osm-node-11370589285", "name": "T Heritage", "nameTh": null, "nameEn": "T Heritage", "cat": ["hotel"], "province": "cm", "slug": "t-heritage-11370589285", "rank": 1}}, {"type": "Feature", "geometry": {"type": "Point", "coordinates": [98.99199, 18.7894]}, "properties": {"id": "cm-osm-node-1133604851", "name": "T. J. R. Boutique House", "nameTh": null, "nameEn": "T. J. R. Boutique House", "cat": ["hotel"], "province": "cm", "slug": "t-j-r-boutique-house-1133604851", "rank": 1}}, {"type": "Feature", "geometry": {"type": "Point", "coordinates": [98.99251, 18.78641]}, "properties": {"id": "cm-osm-way-482772357", "name": "Taicoon House", "nameTh": null, "nameEn": "Taicoon House", "cat": ["hotel"], "province": "cm", "slug": "taicoon-house-482772357", "rank": 1}}, {"type": "Feature", "geometry": {"type": "Point", "coordinates": [98.98972, 18.78859]}, "properties": {"id": "cm-osm-node-3410834689", "name": "Tamarind Village", "nameTh": null, "nameEn": "Tamarind Village", "cat": ["hotel"], "province": "cm", "slug": "tamarind-village-3410834689", "rank": 3}}, {"type": "Feature", "geometry": {"type": "Point", "coordinates": [98.99002, 18.78909]}, "properties": {"id": "cm-osm-way-301483966", "name": "Tamarind Village", "nameTh": null, "nameEn": "Tamarind Village", "cat": ["hotel"], "province": "cm", "slug": "tamarind-village-301483966", "rank": 1}}, {"type": "Feature", "geometry": {"type": "Point", "coordinates": [98.98157, 18.78446]}, "properties": {"id": "cm-osm-way-579076675", "name": "Tambon Phra Sing", "nameTh": null, "nameEn": "Tambon Phra Sing", "cat": ["hotel"], "province": "cm", "slug": "tambon-phra-sing-579076675", "rank": 1}}, {"type": "Feature", "geometry": {"type": "Point", "coordinates": [98.98258, 18.7901]}, "properties": {"id": "cm-osm-way-408595921", "name": "Ten Boutique Hotel", "nameTh": null, "nameEn": "Ten Boutique Hotel", "cat": ["hotel"], "province": "cm", "slug": "ten-boutique-hotel-408595921", "rank": 1}}, {"type": "Feature", "geometry": {"type": "Point", "coordinates": [98.99144, 18.78375]}, "properties": {"id": "cm-osm-way-269499253", "name": "Thaepae Gate Lodge", "nameTh": null, "nameEn": "Thaepae Gate Lodge", "cat": ["hotel"], "province": "cm", "slug": "thaepae-gate-lodge-269499253", "rank": 2}}, {"type": "Feature", "geometry": {"type": "Point", "coordinates": [98.99145, 18.78343]}, "properties": {"id": "cm-osm-way-269499254", "name": "Thailand Guesthouse", "nameTh": null, "nameEn": "Thailand Guesthouse", "cat": ["hotel"], "province": "cm", "slug": "thailand-guesthouse-269499254", "rank": 1}}, {"type": "Feature", "geometry": {"type": "Point", "coordinates": [98.98352, 18.78292]}, "properties": {"id": "cm-osm-way-579076868", "name": "Thailand Wow", "nameTh": null, "nameEn": "Thailand Wow", "cat": ["hotel"], "province": "cm", "slug": "thailand-wow-579076868", "rank": 1}}, {"type": "Feature", "geometry": {"type": "Point", "coordinates": [98.98819, 18.79383]}, "properties": {"id": "cm-osm-node-4433562790", "name": "Thank you Chiang Mai", "nameTh": null, "nameEn": "Thank you Chiang Mai", "cat": ["hotel"], "province": "cm", "slug": "thank-you-chiang-mai-4433562790", "rank": 4}}, {"type": "Feature", "geometry": {"type": "Point", "coordinates": [98.99057, 18.78674]}, "properties": {"id": "cm-osm-node-3419811903", "name": "Thapae Loft", "nameTh": null, "nameEn": "Thapae Loft", "cat": ["hotel"], "province": "cm", "slug": "thapae-loft-3419811903", "rank": 1}}, {"type": "Feature", "geometry": {"type": "Point", "coordinates": [98.98854, 18.78693]}, "properties": {"id": "cm-osm-way-238151858", "name": "The 3Sis B&B", "nameTh": null, "nameEn": "The 3Sis B&B", "cat": ["hotel"], "province": "cm", "slug": "the-3sis-b-b-238151858", "rank": 2}}, {"type": "Feature", "geometry": {"type": "Point", "coordinates": [98.98262, 18.78933]}, "properties": {"id": "cm-osm-node-4848162061", "name": "The August Hostel", "nameTh": null, "nameEn": "The August Hostel", "cat": ["hotel"], "province": "cm", "slug": "the-august-hostel-4848162061", "rank": 1}}, {"type": "Feature", "geometry": {"type": "Point", "coordinates": [98.99117, 18.78915]}, "properties": {"id": "cm-osm-node-4430154454", "name": "The Chiang Mai White House", "nameTh": null, "nameEn": "The Chiang Mai White House", "cat": ["hotel"], "province": "cm", "slug": "the-chiang-mai-white-house-4430154454", "rank": 1}}, {"type": "Feature", "geometry": {"type": "Point", "coordinates": [98.99219, 18.7842]}, "properties": {"id": "cm-osm-node-2747061197", "name": "The Chiangmai Nest", "nameTh": null, "nameEn": "The Chiangmai Nest", "cat": ["hotel"], "province": "cm", "slug": "the-chiangmai-nest-2747061197", "rank": 1}}, {"type": "Feature", "geometry": {"type": "Point", "coordinates": [98.9901, 18.78528]}, "properties": {"id": "cm-osm-node-6057715041", "name": "The Chimes", "nameTh": null, "nameEn": "The Chimes", "cat": ["hotel"], "province": "cm", "slug": "the-chimes-6057715041", "rank": 1}}, {"type": "Feature", "geometry": {"type": "Point", "coordinates": [98.99015, 18.78532]}, "properties": {"id": "cm-osm-way-243115816", "name": "The Chimes", "nameTh": null, "nameEn": "The Chimes", "cat": ["hotel"], "province": "cm", "slug": "the-chimes-243115816", "rank": 1}}, {"type": "Feature", "geometry": {"type": "Point", "coordinates": [98.98207, 18.79362]}, "properties": {"id": "cm-osm-way-102825210", "name": "The Common Hostel", "nameTh": null, "nameEn": "The Common Hostel", "cat": ["hotel"], "province": "cm", "slug": "the-common-hostel-102825210", "rank": 2}}, {"type": "Feature", "geometry": {"type": "Point", "coordinates": [98.99154, 18.79127]}, "properties": {"id": "cm-osm-way-578853343", "name": "The Eight Ratvithi House", "nameTh": null, "nameEn": "The Eight Ratvithi House", "cat": ["hotel"], "province": "cm", "slug": "the-eight-ratvithi-house-578853343", "rank": 1}}, {"type": "Feature", "geometry": {"type": "Point", "coordinates": [98.98928, 18.78694]}, "properties": {"id": "cm-osm-node-3419811904", "name": "The Grandma's Homestay", "nameTh": null, "nameEn": "The Grandma's Homestay", "cat": ["hotel"], "province": "cm", "slug": "the-grandma-s-homestay-3419811904", "rank": 1}}, {"type": "Feature", "geometry": {"type": "Point", "coordinates": [98.98022, 18.7857]}, "properties": {"id": "cm-osm-node-4427087636", "name": "The Guest Hotel & Hostel", "nameTh": null, "nameEn": "The Guest Hotel & Hostel", "cat": ["hotel"], "province": "cm", "slug": "the-guest-hotel-hostel-4427087636", "rank": 2}}, {"type": "Feature", "geometry": {"type": "Point", "coordinates": [98.987, 18.7819]}, "properties": {"id": "cm-osm-way-793933940", "name": "The Khom Chiang Mai – Guesthouse, Café and Wine Lounge", "nameTh": null, "nameEn": "The Khom Chiang Mai – Guesthouse, Café and Wine Lounge", "cat": ["hotel"], "province": "cm", "slug": "the-khom-chiang-mai-guesthouse-caf-and-wine-lounge-793933940", "rank": 2}}, {"type": "Feature", "geometry": {"type": "Point", "coordinates": [98.98383, 18.78321]}, "properties": {"id": "cm-osm-node-3384133221", "name": "The Lyara Poshtel", "nameTh": null, "nameEn": "The Lyara Poshtel", "cat": ["hotel"], "province": "cm", "slug": "the-lyara-poshtel-3384133221", "rank": 1}}, {"type": "Feature", "geometry": {"type": "Point", "coordinates": [98.98398, 18.78461]}, "properties": {"id": "cm-osm-way-449102780", "name": "The Oldies", "nameTh": null, "nameEn": "The Oldies", "cat": ["hotel"], "province": "cm", "slug": "the-oldies-449102780", "rank": 1}}, {"type": "Feature", "geometry": {"type": "Point", "coordinates": [98.98464, 18.78257]}, "properties": {"id": "cm-osm-way-537917933", "name": "The Oprn House", "nameTh": null, "nameEn": "The Oprn House", "cat": ["hotel"], "province": "cm", "slug": "the-oprn-house-537917933", "rank": 1}}, {"type": "Feature", "geometry": {"type": "Point", "coordinates": [98.98978, 18.78387]}, "properties": {"id": "cm-osm-node-11513485070", "name": "The Rodman Hotel", "nameTh": null, "nameEn": "The Rodman Hotel", "cat": ["hotel"], "province": "cm", "slug": "the-rodman-hotel-11513485070", "rank": 1}}, {"type": "Feature", "geometry": {"type": "Point", "coordinates": [98.99013, 18.78389]}, "properties": {"id": "cm-osm-node-5621022521", "name": "The Rodman Hotel", "nameTh": null, "nameEn": "The Rodman Hotel", "cat": ["hotel"], "province": "cm", "slug": "the-rodman-hotel-5621022521", "rank": 1}}, {"type": "Feature", "geometry": {"type": "Point", "coordinates": [98.98956, 18.78787]}, "properties": {"id": "cm-osm-way-481724737", "name": "The Sculpture Hostel", "nameTh": null, "nameEn": "The Sculpture Hostel", "cat": ["hotel"], "province": "cm", "slug": "the-sculpture-hostel-481724737", "rank": 1}}, {"type": "Feature", "geometry": {"type": "Point", "coordinates": [98.99143, 18.79083]}, "properties": {"id": "cm-osm-node-13238146963", "name": "The Shire Guesthouse", "nameTh": null, "nameEn": "The Shire Guesthouse", "cat": ["hotel"], "province": "cm", "slug": "the-shire-guesthouse-13238146963", "rank": 1}}, {"type": "Feature", "geometry": {"type": "Point", "coordinates": [98.98258, 18.78791]}, "properties": {"id": "cm-osm-node-7023398047", "name": "The Sila", "nameTh": null, "nameEn": "The Sila", "cat": ["hotel"], "province": "cm", "slug": "the-sila-7023398047", "rank": 1}}, {"type": "Feature", "geometry": {"type": "Point", "coordinates": [98.98321, 18.78941]}, "properties": {"id": "cm-osm-node-4104856594", "name": "The Siri House", "nameTh": null, "nameEn": "The Siri House", "cat": ["hotel"], "province": "cm", "slug": "the-siri-house-4104856594", "rank": 1}}, {"type": "Feature", "geometry": {"type": "Point", "coordinates": [98.98321, 18.7894]}, "properties": {"id": "cm-osm-way-408595927", "name": "The Siri House", "nameTh": null, "nameEn": "The Siri House", "cat": ["hotel"], "province": "cm", "slug": "the-siri-house-408595927", "rank": 1}}, {"type": "Feature", "geometry": {"type": "Point", "coordinates": [98.98475, 18.78538]}, "properties": {"id": "cm-osm-way-793145642", "name": "The Velvet Orchid", "nameTh": null, "nameEn": "The Velvet Orchid", "cat": ["hotel"], "province": "cm", "slug": "the-velvet-orchid-793145642", "rank": 1}}, {"type": "Feature", "geometry": {"type": "Point", "coordinates": [98.98705, 18.78536]}, "properties": {"id": "cm-osm-way-623160167", "name": "Thongran's House", "nameTh": null, "nameEn": "Thongran's House", "cat": ["hotel"], "province": "cm", "slug": "thongran-s-house-623160167", "rank": 1}}, {"type": "Feature", "geometry": {"type": "Point", "coordinates": [98.97971, 18.79268]}, "properties": {"id": "cm-osm-way-623146113", "name": "Tiptop Thai House", "nameTh": null, "nameEn": "Tiptop Thai House", "cat": ["hotel"], "province": "cm", "slug": "tiptop-thai-house-623146113", "rank": 2}}, {"type": "Feature", "geometry": {"type": "Point", "coordinates": [98.9925, 18.78443]}, "properties": {"id": "cm-osm-node-6271742573", "name": "Toey's Place", "nameTh": null, "nameEn": "Toey's Place", "cat": ["hotel"], "province": "cm", "slug": "toey-s-place-6271742573", "rank": 1}}, {"type": "Feature", "geometry": {"type": "Point", "coordinates": [98.99189, 18.78379]}, "properties": {"id": "cm-osm-relation-21064504", "name": "Top North Guest House", "nameTh": null, "nameEn": "Top North Guest House", "cat": ["hotel"], "province": "cm", "slug": "top-north-guest-house-21064504", "rank": 3}}, {"type": "Feature", "geometry": {"type": "Point", "coordinates": [98.99217, 18.78679]}, "properties": {"id": "cm-osm-way-482772779", "name": "Top North Hotel", "nameTh": null, "nameEn": "Top North Hotel", "cat": ["hotel"], "province": "cm", "slug": "top-north-hotel-482772779", "rank": 3}}, {"type": "Feature", "geometry": {"type": "Point", "coordinates": [98.99069, 18.78254]}, "properties": {"id": "cm-osm-node-7187801285", "name": "Tor Fun House", "nameTh": null, "nameEn": "Tor Fun House", "cat": ["hotel"], "province": "cm", "slug": "tor-fun-house-7187801285", "rank": 1}}, {"type": "Feature", "geometry": {"type": "Point", "coordinates": [98.99214, 18.79449]}, "properties": {"id": "cm-osm-way-256266484", "name": "Trigong Residence", "nameTh": null, "nameEn": "Trigong Residence", "cat": ["hotel"], "province": "cm", "slug": "trigong-residence-256266484", "rank": 2}}, {"type": "Feature", "geometry": {"type": "Point", "coordinates": [98.99196, 18.78472]}, "properties": {"id": "cm-osm-node-6271675031", "name": "Twin House @ Tapae", "nameTh": null, "nameEn": "Twin House @ Tapae", "cat": ["hotel"], "province": "cm", "slug": "twin-house-tapae-6271675031", "rank": 2}}, {"type": "Feature", "geometry": {"type": "Point", "coordinates": [98.98702, 18.78844]}, "properties": {"id": "cm-osm-way-256829410", "name": "U Chiang Mai", "nameTh": null, "nameEn": "U Chiang Mai", "cat": ["hotel"], "province": "cm", "slug": "u-chiang-mai-256829410", "rank": 3}}, {"type": "Feature", "geometry": {"type": "Point", "coordinates": [98.97842, 18.78326]}, "properties": {"id": "cm-osm-way-546257260", "name": "Underdog Hotel", "nameTh": null, "nameEn": "Underdog Hotel", "cat": ["hotel"], "province": "cm", "slug": "underdog-hotel-546257260", "rank": 1}}, {"type": "Feature", "geometry": {"type": "Point", "coordinates": [98.98035, 18.7845]}, "properties": {"id": "cm-osm-node-10655868405", "name": "Urban Bed", "nameTh": null, "nameEn": "Urban Bed", "cat": ["hotel"], "province": "cm", "slug": "urban-bed-10655868405", "rank": 1}}, {"type": "Feature", "geometry": {"type": "Point", "coordinates": [98.99242, 18.78841]}, "properties": {"id": "cm-osm-node-3385473047", "name": "V.I.P. House", "nameTh": null, "nameEn": "V.I.P. House", "cat": ["hotel"], "province": "cm", "slug": "v-i-p-house-3385473047", "rank": 1}}, {"type": "Feature", "geometry": {"type": "Point", "coordinates": [98.99086, 18.79069]}, "properties": {"id": "cm-osm-node-1619218810", "name": "V.S. Guest House", "nameTh": null, "nameEn": "V.S. Guest House", "cat": ["hotel"], "province": "cm", "slug": "v-s-guest-house-1619218810", "rank": 2}}, {"type": "Feature", "geometry": {"type": "Point", "coordinates": [98.99152, 18.79242]}, "properties": {"id": "cm-osm-way-492846697", "name": "Vida", "nameTh": null, "nameEn": "Vida", "cat": ["hotel"], "province": "cm", "slug": "vida-492846697", "rank": 3}}, {"type": "Feature", "geometry": {"type": "Point", "coordinates": [98.99225, 18.78878]}, "properties": {"id": "cm-osm-node-2533128065", "name": "Vieng Mantra", "nameTh": null, "nameEn": "Vieng Mantra", "cat": ["hotel"], "province": "cm", "slug": "vieng-mantra-2533128065", "rank": 2}}, {"type": "Feature", "geometry": {"type": "Point", "coordinates": [98.98455, 18.78244]}, "properties": {"id": "cm-osm-node-10245740809", "name": "Villa Vacay Chiang Mai", "nameTh": null, "nameEn": "Villa Vacay Chiang Mai", "cat": ["hotel"], "province": "cm", "slug": "villa-vacay-chiang-mai-10245740809", "rank": 1}}, {"type": "Feature", "geometry": {"type": "Point", "coordinates": [98.97996, 18.78947]}, "properties": {"id": "cm-osm-node-5859346503", "name": "Villa de Hun", "nameTh": null, "nameEn": "Villa de Hun", "cat": ["hotel"], "province": "cm", "slug": "villa-de-hun-5859346503", "rank": 1}}, {"type": "Feature", "geometry": {"type": "Point", "coordinates": [98.98795, 18.79378]}, "properties": {"id": "cm-osm-way-251437111", "name": "Vista Hotel", "nameTh": null, "nameEn": "Vista Hotel", "cat": ["hotel"], "province": "cm", "slug": "vista-hotel-251437111", "rank": 2}}, {"type": "Feature", "geometry": {"type": "Point", "coordinates": [98.99094, 18.79021]}, "properties": {"id": "cm-osm-node-5889756785", "name": "Viya Lanna", "nameTh": null, "nameEn": "Viya Lanna", "cat": ["hotel"], "province": "cm", "slug": "viya-lanna-5889756785", "rank": 2}}, {"type": "Feature", "geometry": {"type": "Point", "coordinates": [98.99273, 18.78322]}, "properties": {"id": "cm-osm-node-13332971887", "name": "W2 Hostel", "nameTh": null, "nameEn": "W2 Hostel", "cat": ["hotel"], "province": "cm", "slug": "w2-hostel-13332971887", "rank": 2}}, {"type": "Feature", "geometry": {"type": "Point", "coordinates": [98.99014, 18.7927]}, "properties": {"id": "cm-osm-node-4132027789", "name": "Walk Inn", "nameTh": null, "nameEn": "Walk Inn", "cat": ["hotel"], "province": "cm", "slug": "walk-inn-4132027789", "rank": 3}}, {"type": "Feature", "geometry": {"type": "Point", "coordinates": [98.99005, 18.79397]}, "properties": {"id": "cm-osm-node-4538461690", "name": "Walk Inn Guesthouse 2", "nameTh": null, "nameEn": "Walk Inn Guesthouse 2", "cat": ["hotel"], "province": "cm", "slug": "walk-inn-guesthouse-2-4538461690", "rank": 1}}, {"type": "Feature", "geometry": {"type": "Point", "coordinates": [98.98795, 18.78591]}, "properties": {"id": "cm-osm-node-3384170897", "name": "Walking Street Residence", "nameTh": null, "nameEn": "Walking Street Residence", "cat": ["hotel"], "province": "cm", "slug": "walking-street-residence-3384170897", "rank": 2}}, {"type": "Feature", "geometry": {"type": "Point", "coordinates": [98.99248, 18.78375]}, "properties": {"id": "cm-osm-way-255994621", "name": "Wang Burapa Grand Hotel", "nameTh": null, "nameEn": "Wang Burapa Grand Hotel", "cat": ["hotel"], "province": "cm", "slug": "wang-burapa-grand-hotel-255994621", "rank": 1}}, {"type": "Feature", "geometry": {"type": "Point", "coordinates": [98.98113, 18.78757]}, "properties": {"id": "cm-osm-node-5859368529", "name": "Wannamas", "nameTh": null, "nameEn": "Wannamas", "cat": ["hotel"], "province": "cm", "slug": "wannamas-5859368529", "rank": 1}}, {"type": "Feature", "geometry": {"type": "Point", "coordinates": [98.98524, 18.78226]}, "properties": {"id": "cm-osm-way-537731514", "name": "Watana", "nameTh": null, "nameEn": "Watana", "cat": ["hotel"], "province": "cm", "slug": "watana-537731514", "rank": 1}}, {"type": "Feature", "geometry": {"type": "Point", "coordinates": [98.99239, 18.78906]}, "properties": {"id": "cm-osm-node-3385473048", "name": "Water Well Guest House", "nameTh": null, "nameEn": "Water Well Guest House", "cat": ["hotel"], "province": "cm", "slug": "water-well-guest-house-3385473048", "rank": 2}}, {"type": "Feature", "geometry": {"type": "Point", "coordinates": [98.98819, 18.7937]}, "properties": {"id": "cm-osm-node-12247992102", "name": "Wayside Guesthouse", "nameTh": null, "nameEn": "Wayside Guesthouse", "cat": ["hotel"], "province": "cm", "slug": "wayside-guesthouse-12247992102", "rank": 3}}, {"type": "Feature", "geometry": {"type": "Point", "coordinates": [98.99052, 18.78334]}, "properties": {"id": "cm-osm-node-11809149230", "name": "Wealth Boutique Hotel", "nameTh": null, "nameEn": "Wealth Boutique Hotel", "cat": ["hotel"], "province": "cm", "slug": "wealth-boutique-hotel-11809149230", "rank": 3}}, {"type": "Feature", "geometry": {"type": "Point", "coordinates": [98.99141, 18.78311]}, "properties": {"id": "cm-osm-node-3385473049", "name": "Welcome House", "nameTh": null, "nameEn": "Welcome House", "cat": ["hotel"], "province": "cm", "slug": "welcome-house-3385473049", "rank": 1}}, {"type": "Feature", "geometry": {"type": "Point", "coordinates": [98.98537, 18.78373]}, "properties": {"id": "cm-osm-way-793938676", "name": "Wen Wen Garden Home", "nameTh": null, "nameEn": "Wen Wen Garden Home", "cat": ["hotel"], "province": "cm", "slug": "wen-wen-garden-home-793938676", "rank": 1}}, {"type": "Feature", "geometry": {"type": "Point", "coordinates": [98.98528, 18.79462]}, "properties": {"id": "cm-osm-node-2367852958", "name": "Western House Hotel", "nameTh": null, "nameEn": "Western House Hotel", "cat": ["hotel"], "province": "cm", "slug": "western-house-hotel-2367852958", "rank": 2}}, {"type": "Feature", "geometry": {"type": "Point", "coordinates": [98.99183, 18.78908]}, "properties": {"id": "cm-osm-node-2054040224", "name": "Wonderwall Hotel", "nameTh": null, "nameEn": "Wonderwall Hotel", "cat": ["hotel"], "province": "cm", "slug": "wonderwall-hotel-2054040224", "rank": 2}}, {"type": "Feature", "geometry": {"type": "Point", "coordinates": [98.98762, 18.79504]}, "properties": {"id": "cm-osm-way-1095570077", "name": "YELLOW FELLOW HOSTEL", "nameTh": null, "nameEn": "YELLOW FELLOW HOSTEL", "cat": ["hotel"], "province": "cm", "slug": "yellow-fellow-hostel-1095570077", "rank": 1}}, {"type": "Feature", "geometry": {"type": "Point", "coordinates": [98.991, 18.79176]}, "properties": {"id": "cm-osm-way-578853350", "name": "Yindee Stylish Guesthouse", "nameTh": null, "nameEn": "Yindee Stylish Guesthouse", "cat": ["hotel"], "province": "cm", "slug": "yindee-stylish-guesthouse-578853350", "rank": 1}}, {"type": "Feature", "geometry": {"type": "Point", "coordinates": [98.99247, 18.79468]}, "properties": {"id": "cm-osm-way-858140283", "name": "You & Me Hostel", "nameTh": null, "nameEn": "You & Me Hostel", "cat": ["hotel"], "province": "cm", "slug": "you-me-hostel-858140283", "rank": 1}}, {"type": "Feature", "geometry": {"type": "Point", "coordinates": [98.99249, 18.79441]}, "properties": {"id": "cm-osm-way-473622945", "name": "You & me hostel", "nameTh": null, "nameEn": "You & me hostel", "cat": ["hotel"], "province": "cm", "slug": "you-me-hostel-473622945", "rank": 1}}, {"type": "Feature", "geometry": {"type": "Point", "coordinates": [98.97974, 18.78853]}, "properties": {"id": "cm-osm-node-11900053470", "name": "Your Space Hotel Phra Singh", "nameTh": null, "nameEn": "Your Space Hotel Phra Singh", "cat": ["hotel"], "province": "cm", "slug": "your-space-hotel-phra-singh-11900053470", "rank": 1}}, {"type": "Feature", "geometry": {"type": "Point", "coordinates": [98.99128, 18.79162]}, "properties": {"id": "cm-osm-way-578853349", "name": "Yourhouse 2", "nameTh": null, "nameEn": "Yourhouse 2", "cat": ["hotel"], "province": "cm", "slug": "yourhouse-2-578853349", "rank": 1}}, {"type": "Feature", "geometry": {"type": "Point", "coordinates": [98.99124, 18.79134]}, "properties": {"id": "cm-osm-way-324214989", "name": "Yourhouse 3", "nameTh": null, "nameEn": "Yourhouse 3", "cat": ["hotel"], "province": "cm", "slug": "yourhouse-3-324214989", "rank": 1}}, {"type": "Feature", "geometry": {"type": "Point", "coordinates": [98.98872, 18.7834]}, "properties": {"id": "cm-osm-node-4506357822", "name": "Youyou Home", "nameTh": null, "nameEn": "Youyou Home", "cat": ["hotel"], "province": "cm", "slug": "youyou-home-4506357822", "rank": 1}}, {"type": "Feature", "geometry": {"type": "Point", "coordinates": [98.98506, 18.79462]}, "properties": {"id": "cm-osm-way-1347568630", "name": "bann ploy-inn", "nameTh": null, "nameEn": "bann ploy-inn", "cat": ["hotel"], "province": "cm", "slug": "bann-ploy-inn-1347568630", "rank": 1}}, {"type": "Feature", "geometry": {"type": "Point", "coordinates": [98.98371, 18.78576]}, "properties": {"id": "cm-osm-node-4213565809", "name": "chan chiangmai house", "nameTh": null, "nameEn": "chan chiangmai house", "cat": ["hotel"], "province": "cm", "slug": "chan-chiangmai-house-4213565809", "rank": 1}}, {"type": "Feature", "geometry": {"type": "Point", "coordinates": [98.98292, 18.78787]}, "properties": {"id": "cm-osm-node-13953736180", "name": "maross / bed & room", "nameTh": null, "nameEn": "maross / bed & room", "cat": ["hotel"], "province": "cm", "slug": "maross-bed-room-13953736180", "rank": 1}}, {"type": "Feature", "geometry": {"type": "Point", "coordinates": [98.98366, 18.78267]}, "properties": {"id": "cm-osm-way-537926207", "name": "ดอยดูดาว โฮม โฮสเทล", "nameTh": "ดอยดูดาว โฮม โฮสเทล", "nameEn": "Doi Doo Dao Home Hostel", "cat": ["hotel"], "province": "cm", "slug": "doi-doo-dao-home-hostel-537926207", "rank": 2}}, {"type": "Feature", "geometry": {"type": "Point", "coordinates": [98.99079, 18.79027]}, "properties": {"id": "cm-osm-node-4538418070", "name": "บ้านน้ำใส", "nameTh": "บ้านน้ำใส", "nameEn": "Baan Nam Sai", "cat": ["hotel"], "province": "cm", "slug": "baan-nam-sai-4538418070", "rank": 2}}, {"type": "Feature", "geometry": {"type": "Point", "coordinates": [98.99077, 18.78306]}, "properties": {"id": "cm-osm-way-269499247", "name": "บ้านฟ้าไทย", "nameTh": "บ้านฟ้าไทย", "nameEn": "Pha Thai House", "cat": ["hotel"], "province": "cm", "slug": "pha-thai-house-269499247", "rank": 2}}, {"type": "Feature", "geometry": {"type": "Point", "coordinates": [98.98323, 18.78863]}, "properties": {"id": "cm-osm-node-1619445252", "name": "บ้านลานนาวอล์คกิ้งสตรีท", "nameTh": "บ้านลานนาวอล์คกิ้งสตรีท", "nameEn": "Baan Lanna Walking Street", "cat": ["hotel"], "province": "cm", "slug": "baan-lanna-walking-street-1619445252", "rank": 3}}, {"type": "Feature", "geometry": {"type": "Point", "coordinates": [98.98035, 18.78393]}, "properties": {"id": "cm-osm-way-688957082", "name": "พาสเท้นส์ โฮสเทล แอนด์ คาเฟ่", "nameTh": "พาสเท้นส์ โฮสเทล แอนด์ คาเฟ่", "nameEn": "Past Tense Hostel", "cat": ["hotel"], "province": "cm", "slug": "past-tense-hostel-688957082", "rank": 5}}, {"type": "Feature", "geometry": {"type": "Point", "coordinates": [98.99302, 18.78854]}, "properties": {"id": "cm-osm-way-481723938", "name": "มูลเมืองโกลเด้น คอร์ท", "nameTh": "มูลเมืองโกลเด้น คอร์ท", "nameEn": "Moon Muang Golden Court", "cat": ["hotel"], "province": "cm", "slug": "moon-muang-golden-court-481723938", "rank": 2}}, {"type": "Feature", "geometry": {"type": "Point", "coordinates": [98.9864, 18.78874]}, "properties": {"id": "cm-osm-node-2039944843", "name": "รังนกกระจอก", "nameTh": "รังนกกระจอก", "nameEn": "Sparrow's Nest", "cat": ["hotel"], "province": "cm", "slug": "sparrow-s-nest-2039944843", "rank": 3}}, {"type": "Feature", "geometry": {"type": "Point", "coordinates": [98.98995, 18.78357]}, "properties": {"id": "cm-osm-way-269499251", "name": "สาธุ บูติค เฮ้าส์", "nameTh": "สาธุ บูติค เฮ้าส์", "nameEn": "Sathu Boutique House", "cat": ["hotel"], "province": "cm", "slug": "sathu-boutique-house-269499251", "rank": 3}}, {"type": "Feature", "geometry": {"type": "Point", "coordinates": [98.98005, 18.79282]}, "properties": {"id": "cm-osm-node-6172048701", "name": "สิงหราชซอย 3", "nameTh": "สิงหราชซอย 3", "nameEn": "The Scale House", "cat": ["hotel"], "province": "cm", "slug": "the-scale-house-6172048701", "rank": 3}}, {"type": "Feature", "geometry": {"type": "Point", "coordinates": [98.98545, 18.78639]}, "properties": {"id": "cm-osm-way-793145643", "name": "สุขนิยม โฮมสเตย์", "nameTh": "สุขนิยม โฮมสเตย์", "nameEn": "Sukniyom Homestay", "cat": ["hotel"], "province": "cm", "slug": "sukniyom-homestay-793145643", "rank": 4}}, {"type": "Feature", "geometry": {"type": "Point", "coordinates": [98.98332, 18.78185]}, "properties": {"id": "cm-osm-way-537048342", "name": "เชียงใหม่ โฮสเทล", "nameTh": "เชียงใหม่ โฮสเทล", "nameEn": "Chiang Mai Hostel", "cat": ["hotel"], "province": "cm", "slug": "chiang-mai-hostel-537048342", "rank": 3}}, {"type": "Feature", "geometry": {"type": "Point", "coordinates": [98.99004, 18.7818]}, "properties": {"id": "cm-osm-node-2598509566", "name": "เชียงใหม่บูติคเฮ้าส์", "nameTh": "เชียงใหม่บูติคเฮ้าส์", "nameEn": "Chiang Mai Boutique House", "cat": ["hotel"], "province": "cm", "slug": "chiang-mai-boutique-house-2598509566", "rank": 4}}, {"type": "Feature", "geometry": {"type": "Point", "coordinates": [98.98628, 18.79502]}, "properties": {"id": "cm-osm-node-1616042306", "name": "เมาเท็นวิว", "nameTh": "เมาเท็นวิว", "nameEn": "Mountain View Guest House", "cat": ["hotel"], "province": "cm", "slug": "mountain-view-guest-house-1616042306", "rank": 3}}, {"type": "Feature", "geometry": {"type": "Point", "coordinates": [98.99146, 18.79423]}, "properties": {"id": "cm-osm-way-256266490", "name": "เอส.ยู.พี.คอร์ท", "nameTh": "เอส.ยู.พี.คอร์ท", "nameEn": "SUP court", "cat": ["hotel"], "province": "cm", "slug": "sup-court-256266490", "rank": 2}}, {"type": "Feature", "geometry": {"type": "Point", "coordinates": [98.98141, 18.78586]}, "properties": {"id": "cm-osm-node-11347630573", "name": "แมมมอธ", "nameTh": "แมมมอธ", "nameEn": "Mammoth", "cat": ["hotel"], "province": "cm", "slug": "mammoth-11347630573", "rank": 2}}, {"type": "Feature", "geometry": {"type": "Point", "coordinates": [98.99087, 18.78156]}, "properties": {"id": "cm-osm-way-787400101", "name": "โรงแรม วิลล่า ลานธารา เชียงใหม่", "nameTh": "โรงแรม วิลล่า ลานธารา เชียงใหม่", "nameEn": "Villa Lantara", "cat": ["hotel"], "province": "cm", "slug": "villa-lantara-787400101", "rank": 3}}, {"type": "Feature", "geometry": {"type": "Point", "coordinates": [98.99091, 18.78345]}, "properties": {"id": "cm-osm-way-392001581", "name": "โรงแรมคชสีห์ธานี เชียงใหม่", "nameTh": "โรงแรมคชสีห์ธานี เชียงใหม่", "nameEn": "Kodchasri Thani Chiangmai Hotel", "cat": ["hotel"], "province": "cm", "slug": "kodchasri-thani-chiangmai-hotel-392001581", "rank": 3}}, {"type": "Feature", "geometry": {"type": "Point", "coordinates": [98.99029, 18.79199]}, "properties": {"id": "cm-osm-way-361102351", "name": "โรงแรมสุมิตต์", "nameTh": "โรงแรมสุมิตต์", "nameEn": "Sumit", "cat": ["hotel"], "province": "cm", "slug": "sumit-361102351", "rank": 2}}, {"type": "Feature", "geometry": {"type": "Point", "coordinates": [98.98963, 18.78513]}, "properties": {"id": "cm-osm-way-97801638", "name": "โรงแรมอโนดาต", "nameTh": "โรงแรมอโนดาต", "nameEn": "Anodard Hotel", "cat": ["hotel"], "province": "cm", "slug": "anodard-hotel-97801638", "rank": 3}}, {"type": "Feature", "geometry": {"type": "Point", "coordinates": [98.99114, 18.78966]}, "properties": {"id": "cm-osm-node-3015620954", "name": "Asia Scenic Thai Cooking School", "nameTh": null, "nameEn": "Asia Scenic Thai Cooking School", "cat": ["cooking", "school"], "province": "cm", "slug": "asia-scenic-thai-cooking-school-3015620954", "rank": 3}}, {"type": "Feature", "geometry": {"type": "Point", "coordinates": [98.99103, 18.78909]}, "properties": {"id": "cm-osm-node-3864197357", "name": "Baan Thai Cookery School", "nameTh": null, "nameEn": "Baan Thai Cookery School", "cat": ["cooking", "school"], "province": "cm", "slug": "baan-thai-cookery-school-3864197357", "rank": 1}}, {"type": "Feature", "geometry": {"type": "Point", "coordinates": [98.98954, 18.78736]}, "properties": {"id": "cm-osm-node-5640397222", "name": "BaanThai Cookery School", "nameTh": "บ้านไทยสอนทำอาหาร", "nameEn": "BaanThai Cookery School", "cat": ["cooking", "school"], "province": "cm", "slug": "baanthai-cookery-school-5640397222", "rank": 3}}, {"type": "Feature", "geometry": {"type": "Point", "coordinates": [98.98725, 18.78783]}, "properties": {"id": "cm-osm-node-6611331991", "name": "Dhammamethisueka school", "nameTh": null, "nameEn": "Dhammamethisueka school", "cat": ["school"], "province": "cm", "slug": "dhammamethisueka-school-6611331991", "rank": 1}}, {"type": "Feature", "geometry": {"type": "Point", "coordinates": [98.98081, 18.79374]}, "properties": {"id": "cm-osm-node-3385494631", "name": "Language City Camp", "nameTh": null, "nameEn": "Language City Camp", "cat": ["school"], "province": "cm", "slug": "language-city-camp-3385494631", "rank": 1}}, {"type": "Feature", "geometry": {"type": "Point", "coordinates": [98.98741, 18.78736]}, "properties": {"id": "cm-osm-node-6611332086", "name": "Mahamakut Buddhist University", "nameTh": null, "nameEn": "Mahamakut Buddhist University", "cat": ["school"], "province": "cm", "slug": "mahamakut-buddhist-university-6611332086", "rank": 1}}, {"type": "Feature", "geometry": {"type": "Point", "coordinates": [98.98447, 18.78917]}, "properties": {"id": "cm-osm-node-13959590803", "name": "Music Ways Studio", "nameTh": null, "nameEn": "Music Ways Studio", "cat": ["school"], "province": "cm", "slug": "music-ways-studio-13959590803", "rank": 1}}, {"type": "Feature", "geometry": {"type": "Point", "coordinates": [98.9847, 18.78928]}, "properties": {"id": "cm-osm-node-3804433410", "name": "Pure Chem Center", "nameTh": null, "nameEn": "Pure Chem Center", "cat": ["school"], "province": "cm", "slug": "pure-chem-center-3804433410", "rank": 1}}, {"type": "Feature", "geometry": {"type": "Point", "coordinates": [98.99222, 18.78989]}, "properties": {"id": "cm-osm-node-1491332438", "name": "Smart Cook", "nameTh": null, "nameEn": "Smart Cook", "cat": ["school"], "province": "cm", "slug": "smart-cook-1491332438", "rank": 1}}, {"type": "Feature", "geometry": {"type": "Point", "coordinates": [98.99185, 18.79403]}, "properties": {"id": "cm-osm-node-4391653340", "name": "Thai Farm Cooking Class", "nameTh": null, "nameEn": "Thai Farm Cooking Class", "cat": ["cooking", "school"], "province": "cm", "slug": "thai-farm-cooking-class-4391653340", "rank": 3}}, {"type": "Feature", "geometry": {"type": "Point", "coordinates": [98.99196, 18.79166]}, "properties": {"id": "cm-osm-node-4086130436", "name": "Ubonluck", "nameTh": null, "nameEn": "Ubonluck", "cat": ["school"], "province": "cm", "slug": "ubonluck-4086130436", "rank": 1}}, {"type": "Feature", "geometry": {"type": "Point", "coordinates": [98.97951, 18.78893]}, "properties": {"id": "cm-osm-node-11228581190", "name": "ครูคลับ", "nameTh": "ครูคลับ", "nameEn": "Kru Club", "cat": ["school"], "province": "cm", "slug": "kru-club-11228581190", "rank": 2}}, {"type": "Feature", "geometry": {"type": "Point", "coordinates": [98.99298, 18.79417]}, "properties": {"id": "cm-osm-node-5391744621", "name": "น้อยหน่าอาร์ทสตูดิโอ", "nameTh": "น้อยหน่าอาร์ทสตูดิโอ", "nameEn": "Noina Art Studio", "cat": ["school"], "province": "cm", "slug": "noina-art-studio-5391744621", "rank": 4}}, {"type": "Feature", "geometry": {"type": "Point", "coordinates": [98.98741, 18.7921]}, "properties": {"id": "cm-osm-node-1619287875", "name": "วิทยาลัยอาชีวศึกษา", "nameTh": "วิทยาลัยอาชีวศึกษา", "nameEn": "Chiang Mai Vocational College", "cat": ["school"], "province": "cm", "slug": "chiang-mai-vocational-college-1619287875", "rank": 2}}, {"type": "Feature", "geometry": {"type": "Point", "coordinates": [98.98299, 18.79249]}, "properties": {"id": "cm-osm-node-1614993577", "name": "วิทยาลัยเทคนิคเชียงใหม่", "nameTh": "วิทยาลัยเทคนิคเชียงใหม่", "nameEn": "Technical College", "cat": ["school"], "province": "cm", "slug": "technical-college-1614993577", "rank": 2}}, {"type": "Feature", "geometry": {"type": "Point", "coordinates": [98.9865, 18.78905]}, "properties": {"id": "cm-osm-way-307889724", "name": "อนุบาลพรรณี", "nameTh": "อนุบาลพรรณี", "nameEn": null, "cat": ["school"], "province": "cm", "slug": "307889724", "rank": 1}}, {"type": "Feature", "geometry": {"type": "Point", "coordinates": [98.98131, 18.79217]}, "properties": {"id": "cm-osm-node-1614993562", "name": "เกษณี ลีลาศ", "nameTh": "เกษณี ลีลาศ", "nameEn": "Kassnee Dancing Center", "cat": ["school"], "province": "cm", "slug": "kassnee-dancing-center-1614993562", "rank": 3}}, {"type": "Feature", "geometry": {"type": "Point", "coordinates": [98.98459, 18.78904]}, "properties": {"id": "cm-osm-node-3405676837", "name": "เมืองปัญญา", "nameTh": "เมืองปัญญา", "nameEn": null, "cat": ["school"], "province": "cm", "slug": "3405676837", "rank": 1}}, {"type": "Feature", "geometry": {"type": "Point", "coordinates": [98.98039, 18.78767]}, "properties": {"id": "cm-osm-node-2466309818", "name": "แคนดี้โฮม เนิสเซอร์รี่", "nameTh": "แคนดี้โฮม เนิสเซอร์รี่", "nameEn": "Candy Home Nursery", "cat": ["school"], "province": "cm", "slug": "candy-home-nursery-2466309818", "rank": 3}}, {"type": "Feature", "geometry": {"type": "Point", "coordinates": [98.98244, 18.7918]}, "properties": {"id": "cm-osm-way-102825200", "name": "แผนกวิชาช่างเทคนิคอุตสาหกรรม", "nameTh": "แผนกวิชาช่างเทคนิคอุตสาหกรรม", "nameEn": "Department of Industrial Technology", "cat": ["school"], "province": "cm", "slug": "department-of-industrial-technology-102825200", "rank": 2}}, {"type": "Feature", "geometry": {"type": "Point", "coordinates": [98.98124, 18.78782]}, "properties": {"id": "cm-osm-node-11228581210", "name": "โรงเรียนธรรมราชศึกษา", "nameTh": "โรงเรียนธรรมราชศึกษา", "nameEn": "Thammarat Sueksa School", "cat": ["school"], "province": "cm", "slug": "thammarat-sueksa-school-11228581210", "rank": 2}}, {"type": "Feature", "geometry": {"type": "Point", "coordinates": [98.98209, 18.79058]}, "properties": {"id": "cm-osm-way-405882647", "name": "โรงเรียนนครพิงค์อภิบาลกิจ", "nameTh": "โรงเรียนนครพิงค์อภิบาลกิจ", "nameEn": "Nakornping Aphibalkit School of Nursing Aide", "cat": ["school"], "province": "cm", "slug": "nakornping-aphibalkit-school-of-nursing-aide-405882647", "rank": 2}}, {"type": "Feature", "geometry": {"type": "Point", "coordinates": [98.98886, 18.78578]}, "properties": {"id": "cm-obec-1050130031", "name": "โรงเรียนพุทธิโศภน", "nameTh": "โรงเรียนพุทธิโศภน", "nameEn": null, "cat": ["school"], "province": "cm", "slug": "1050130031", "rank": 3}}, {"type": "Feature", "geometry": {"type": "Point", "coordinates": [98.98898, 18.78598]}, "properties": {"id": "cm-osm-node-1618888365", "name": "โรงเรียนพุทธิโศภน", "nameTh": "โรงเรียนพุทธิโศภน", "nameEn": "Puttisopon School", "cat": ["school"], "province": "cm", "slug": "puttisopon-school-1618888365", "rank": 2}}, {"type": "Feature", "geometry": {"type": "Point", "coordinates": [98.98284, 18.78767]}, "properties": {"id": "cm-osm-node-5859371681", "name": "โรงเรียนภาษาญี่ปุ่นเชียงใหม่", "nameTh": "โรงเรียนภาษาญี่ปุ่นเชียงใหม่", "nameEn": "Chaing Mai Japanese Language School", "cat": ["school"], "province": "cm", "slug": "chaing-mai-japanese-language-school-5859371681", "rank": 3}}, {"type": "Feature", "geometry": {"type": "Point", "coordinates": [98.98185, 18.79506]}, "properties": {"id": "cm-osm-node-1614999243", "name": "โรงเรียนภาษาเยอรมันเชียงใหม่", "nameTh": "โรงเรียนภาษาเยอรมันเชียงใหม่", "nameEn": "Chiangmai German Language School", "cat": ["school"], "province": "cm", "slug": "chiangmai-german-language-school-1614999243", "rank": 3}}, {"type": "Feature", "geometry": {"type": "Point", "coordinates": [98.98889, 18.79096]}, "properties": {"id": "cm-obec-1050130984", "name": "โรงเรียนยุพราชวิทยาลัย", "nameTh": "โรงเรียนยุพราชวิทยาลัย", "nameEn": null, "cat": ["school"], "province": "cm", "slug": "1050130984", "rank": 3}}, {"type": "Feature", "geometry": {"type": "Point", "coordinates": [98.98891, 18.792]}, "properties": {"id": "cm-osm-way-272979974", "name": "โรงเรียนยุพราชวิทยาลัย", "nameTh": "โรงเรียนยุพราชวิทยาลัย", "nameEn": "Yupparaj Wittayalai School", "cat": ["school"], "province": "cm", "slug": "yupparaj-wittayalai-school-272979974", "rank": 4}}, {"type": "Feature", "geometry": {"type": "Point", "coordinates": [98.97903, 18.78393]}, "properties": {"id": "cm-osm-node-3390734348", "name": "โรงเรียนศิลปครูเทพ", "nameTh": "โรงเรียนศิลปครูเทพ", "nameEn": null, "cat": ["school"], "province": "cm", "slug": "3390734348", "rank": 1}}, {"type": "Feature", "geometry": {"type": "Point", "coordinates": [98.99148, 18.78804]}, "properties": {"id": "cm-osm-node-336234381", "name": "โรงเรียนสถานสอนภาษาสมาคมนักเรียนเก่าสหรัฐอเมริกา", "nameTh": "โรงเรียนสถานสอนภาษาสมาคมนักเรียนเก่าสหรัฐอเมริกา", "nameEn": "American University Alumni Language Center", "cat": ["school"], "province": "cm", "slug": "american-university-alumni-language-center-336234381", "rank": 2}}, {"type": "Feature", "geometry": {"type": "Point", "coordinates": [98.98713, 18.78802]}, "properties": {"id": "cm-osm-node-2039961809", "name": "โรงเรียนสามัคคีวิทยาทาน", "nameTh": "โรงเรียนสามัคคีวิทยาทาน", "nameEn": "Samakkhi Witthayathan School", "cat": ["school"], "province": "cm", "slug": "samakkhi-witthayathan-school-2039961809", "rank": 2}}, {"type": "Feature", "geometry": {"type": "Point", "coordinates": [98.9821, 18.79151]}, "properties": {"id": "cm-obec-1050130986", "name": "โรงเรียนหอพระ", "nameTh": "โรงเรียนหอพระ", "nameEn": null, "cat": ["school"], "province": "cm", "slug": "1050130986", "rank": 3}}, {"type": "Feature", "geometry": {"type": "Point", "coordinates": [98.98081, 18.7918]}, "properties": {"id": "cm-osm-way-130845503", "name": "โรงเรียนหอพระ", "nameTh": "โรงเรียนหอพระ", "nameEn": "Hopra School", "cat": ["school"], "province": "cm", "slug": "hopra-school-130845503", "rank": 2}}, {"type": "Feature", "geometry": {"type": "Point", "coordinates": [98.98665, 18.78478]}, "properties": {"id": "cm-osm-node-2658324845", "name": "โรงเรียนอนุบาล สายดรุณ", "nameTh": "โรงเรียนอนุบาล สายดรุณ", "nameEn": "Saidarun", "cat": ["school"], "province": "cm", "slug": "saidarun-2658324845", "rank": 2}}, {"type": "Feature", "geometry": {"type": "Point", "coordinates": [98.99276, 18.79094]}, "properties": {"id": "cm-osm-node-1619218821", "name": "โรงเรียนอนุบาล อุบลลักษณ์", "nameTh": "โรงเรียนอนุบาล อุบลลักษณ์", "nameEn": null, "cat": ["school"], "province": "cm", "slug": "1619218821", "rank": 1}}, {"type": "Feature", "geometry": {"type": "Point", "coordinates": [98.9857, 18.78544]}, "properties": {"id": "cm-obec-1050130030", "name": "โรงเรียนอนุบาลเชียงใหม่", "nameTh": "โรงเรียนอนุบาลเชียงใหม่", "nameEn": null, "cat": ["school"], "province": "cm", "slug": "1050130030", "rank": 3}}, {"type": "Feature", "geometry": {"type": "Point", "coordinates": [98.9857, 18.78503]}, "properties": {"id": "cm-osm-way-1371049880", "name": "โรงเรียนอนุบาลเชียงใหม่", "nameTh": "โรงเรียนอนุบาลเชียงใหม่", "nameEn": "Anuban Chiang Mai School", "cat": ["school"], "province": "cm", "slug": "anuban-chiang-mai-school-1371049880", "rank": 3}}, {"type": "Feature", "geometry": {"type": "Point", "coordinates": [98.98065, 18.78552]}, "properties": {"id": "cm-osm-way-423032796", "name": "โรงเรียนเทศบาลวัดหมื่นเงินกอง", "nameTh": "โรงเรียนเทศบาลวัดหมื่นเงินกอง", "nameEn": "Wat Muen Ngoen Kong School", "cat": ["school"], "province": "cm", "slug": "wat-muen-ngoen-kong-school-423032796", "rank": 2}}, {"type": "Feature", "geometry": {"type": "Point", "coordinates": [98.98795, 18.7861]}, "properties": {"id": "cm-osm-node-1595585868", "name": "โรงเรียนเมตตาศึกษา", "nameTh": "โรงเรียนเมตตาศึกษา", "nameEn": "Mettasuksa School", "cat": ["school"], "province": "cm", "slug": "mettasuksa-school-1595585868", "rank": 2}}, {"type": "Feature", "geometry": {"type": "Point", "coordinates": [98.98793, 18.78612]}, "properties": {"id": "cm-osm-way-97801649", "name": "โรงเรียนเมตตาศึกษา", "nameTh": "โรงเรียนเมตตาศึกษา", "nameEn": "Mettasuksa School", "cat": ["school"], "province": "cm", "slug": "mettasuksa-school-97801649", "rank": 2}}, {"type": "Feature", "geometry": {"type": "Point", "coordinates": [98.99296, 18.79159]}, "properties": {"id": "cm-osm-way-858139971", "name": "Ming Muang market", "nameTh": null, "nameEn": "Ming Muang market", "cat": ["market"], "province": "cm", "slug": "ming-muang-market-858139971", "rank": 1}}, {"type": "Feature", "geometry": {"type": "Point", "coordinates": [98.99308, 18.7915]}, "properties": {"id": "cm-osm-node-766631271", "name": "Sompet Market", "nameTh": null, "nameEn": "Sompet Market", "cat": ["market"], "province": "cm", "slug": "sompet-market-766631271", "rank": 2}}, {"type": "Feature", "geometry": {"type": "Point", "coordinates": [98.98892, 18.78814]}, "properties": {"id": "cm-osm-node-11088497117", "name": "Sukphorpiang", "nameTh": "สุขพอเพียง", "nameEn": "Sukphorpiang", "cat": ["market"], "province": "cm", "slug": "sukphorpiang-11088497117", "rank": 3}}, {"type": "Feature", "geometry": {"type": "Point", "coordinates": [98.98839, 18.78179]}, "properties": {"id": "cm-osm-way-107940199", "name": "ตลาดประตูเชียงใหม่", "nameTh": "ตลาดประตูเชียงใหม่", "nameEn": "Chiang Mai Gate Market", "cat": ["market"], "province": "cm", "slug": "chiang-mai-gate-market-107940199", "rank": 3}}, {"type": "Feature", "geometry": {"type": "Point", "coordinates": [98.98799, 18.78821]}, "properties": {"id": "cm-osm-node-11538579352", "name": "ถนนคนเดินวันอาทิตย์", "nameTh": "ถนนคนเดินวันอาทิตย์", "nameEn": "Sunday Market (Walking Street)", "cat": ["market"], "province": "cm", "slug": "sunday-market-walking-street-11538579352", "rank": 3}}, {"type": "Feature", "geometry": {"type": "Point", "coordinates": [98.98791, 18.78901]}, "properties": {"id": "cm-osm-node-6052323585", "name": "Bantaktor", "nameTh": null, "nameEn": "Bantaktor", "cat": ["shopping"], "province": "cm", "slug": "bantaktor-6052323585", "rank": 1}}, {"type": "Feature", "geometry": {"type": "Point", "coordinates": [98.99059, 18.79074]}, "properties": {"id": "cm-osm-node-4717567790", "name": "CCXXII Two Twenty", "nameTh": null, "nameEn": "CCXXII Two Twenty", "cat": ["shopping"], "province": "cm", "slug": "ccxxii-two-twenty-4717567790", "rank": 1}}, {"type": "Feature", "geometry": {"type": "Point", "coordinates": [98.9828, 18.79309]}, "properties": {"id": "cm-osm-node-7184158187", "name": "China shop", "nameTh": null, "nameEn": "China shop", "cat": ["shopping"], "province": "cm", "slug": "china-shop-7184158187", "rank": 1}}, {"type": "Feature", "geometry": {"type": "Point", "coordinates": [98.98853, 18.78357]}, "properties": {"id": "cm-osm-node-5234292721", "name": "Greens Music", "nameTh": null, "nameEn": "Greens Music", "cat": ["shopping"], "province": "cm", "slug": "greens-music-5234292721", "rank": 1}}, {"type": "Feature", "geometry": {"type": "Point", "coordinates": [98.98269, 18.78777]}, "properties": {"id": "cm-osm-node-4690483689", "name": "HQ Paper Making", "nameTh": null, "nameEn": "HQ Paper Making", "cat": ["shopping"], "province": "cm", "slug": "hq-paper-making-4690483689", "rank": 1}}, {"type": "Feature", "geometry": {"type": "Point", "coordinates": [98.98792, 18.78919]}, "properties": {"id": "cm-osm-node-7236235985", "name": "Intanu souvenir", "nameTh": null, "nameEn": "Intanu souvenir", "cat": ["shopping"], "province": "cm", "slug": "intanu-souvenir-7236235985", "rank": 1}}, {"type": "Feature", "geometry": {"type": "Point", "coordinates": [98.98428, 18.78972]}, "properties": {"id": "cm-osm-node-3384070766", "name": "Kaew Gallery", "nameTh": null, "nameEn": "Kaew Gallery", "cat": ["shopping"], "province": "cm", "slug": "kaew-gallery-3384070766", "rank": 2}}, {"type": "Feature", "geometry": {"type": "Point", "coordinates": [98.9909, 18.79221]}, "properties": {"id": "cm-osm-node-6086996822", "name": "Mont Dara", "nameTh": null, "nameEn": "Mont Dara", "cat": ["shopping"], "province": "cm", "slug": "mont-dara-6086996822", "rank": 1}}, {"type": "Feature", "geometry": {"type": "Point", "coordinates": [98.98627, 18.78161]}, "properties": {"id": "cm-osm-node-7426615723", "name": "Offering Shop", "nameTh": null, "nameEn": "Offering Shop", "cat": ["shopping"], "province": "cm", "slug": "offering-shop-7426615723", "rank": 1}}, {"type": "Feature", "geometry": {"type": "Point", "coordinates": [98.99136, 18.79172]}, "properties": {"id": "cm-osm-node-5683471121", "name": "Origins", "nameTh": null, "nameEn": "Origins", "cat": ["shopping"], "province": "cm", "slug": "origins-5683471121", "rank": 1}}, {"type": "Feature", "geometry": {"type": "Point", "coordinates": [98.9878, 18.78845]}, "properties": {"id": "cm-osm-node-6052324285", "name": "SangSom", "nameTh": null, "nameEn": "SangSom", "cat": ["shopping"], "province": "cm", "slug": "sangsom-6052324285", "rank": 1}}, {"type": "Feature", "geometry": {"type": "Point", "coordinates": [98.98988, 18.78213]}, "properties": {"id": "cm-osm-node-4793828021", "name": "Siam Collection", "nameTh": null, "nameEn": "Siam Collection", "cat": ["shopping"], "province": "cm", "slug": "siam-collection-4793828021", "rank": 1}}, {"type": "Feature", "geometry": {"type": "Point", "coordinates": [98.98782, 18.78838]}, "properties": {"id": "cm-osm-node-6052327100", "name": "Things Called Art", "nameTh": null, "nameEn": "Things Called Art", "cat": ["shopping"], "province": "cm", "slug": "things-called-art-6052327100", "rank": 1}}, {"type": "Feature", "geometry": {"type": "Point", "coordinates": [98.98819, 18.78583]}, "properties": {"id": "cm-osm-node-11981665469", "name": "Сувениры и открытки", "nameTh": null, "nameEn": "Сувениры и открытки", "cat": ["shopping"], "province": "cm", "slug": "11981665469", "rank": 1}}, {"type": "Feature", "geometry": {"type": "Point", "coordinates": [98.99147, 18.78148]}, "properties": {"id": "cm-osm-node-4087812981", "name": "กิงกอง", "nameTh": "กิงกอง", "nameEn": "King Kong Screw & Nut", "cat": ["shopping"], "province": "cm", "slug": "king-kong-screw-nut-4087812981", "rank": 2}}, {"type": "Feature", "geometry": {"type": "Point", "coordinates": [98.99305, 18.78865]}, "properties": {"id": "cm-osm-way-481723932", "name": "พลภัณฑ์", "nameTh": "พลภัณฑ์", "nameEn": "Phon Phan", "cat": ["shopping"], "province": "cm", "slug": "phon-phan-481723932", "rank": 2}}, {"type": "Feature", "geometry": {"type": "Point", "coordinates": [98.98276, 18.78588]}, "properties": {"id": "cm-osm-node-10313092509", "name": "รจนา​ ของที่ระลึก", "nameTh": "รจน", "nameEn": "Rojana (art & souvenirs)", "cat": ["shopping"], "province": "cm", "slug": "rojana-art-souvenirs-10313092509", "rank": 2}}, {"type": "Feature", "geometry": {"type": "Point", "coordinates": [98.97905, 18.7839]}, "properties": {"id": "cm-osm-node-3390734347", "name": "ห.ส.น.เตาเม็งราย", "nameTh": "ห.ส.น.เตาเม็งราย", "nameEn": null, "cat": ["shopping"], "province": "cm", "slug": "3390734347", "rank": 1}}, {"type": "Feature", "geometry": {"type": "Point", "coordinates": [98.97906, 18.78687]}, "properties": {"id": "cm-osm-way-381163949", "name": "B.B. แมนชั่น", "nameTh": "B.B. แมนชั่น", "nameEn": "B.B. Mansion", "cat": ["realestate"], "province": "cm", "slug": "b-b-mansion-381163949", "rank": 2}}, {"type": "Feature", "geometry": {"type": "Point", "coordinates": [98.98283, 18.79412]}, "properties": {"id": "cm-osm-node-3384062562", "name": "ธารทิพย์คอร์ท", "nameTh": "ธารทิพย์คอร์ท", "nameEn": null, "cat": ["realestate"], "province": "cm", "slug": "3384062562", "rank": 1}}, {"type": "Feature", "geometry": {"type": "Point", "coordinates": [98.97969, 18.78866]}, "properties": {"id": "cm-osm-node-3388700693", "name": "บ้านเอกชัย", "nameTh": "บ้านเอกชัย", "nameEn": "Eakkachai House", "cat": ["realestate"], "province": "cm", "slug": "eakkachai-house-3388700693", "rank": 3}}, {"type": "Feature", "geometry": {"type": "Point", "coordinates": [98.99024, 18.78688]}, "properties": {"id": "cm-osm-node-4148233389", "name": "Big Jump Travel", "nameTh": null, "nameEn": "Big Jump Travel", "cat": ["transport"], "province": "cm", "slug": "big-jump-travel-4148233389", "rank": 2}}, {"type": "Feature", "geometry": {"type": "Point", "coordinates": [98.99196, 18.78528]}, "properties": {"id": "cm-osm-node-7111564785", "name": "M25 Motorbike Rent", "nameTh": null, "nameEn": "M25 Motorbike Rent", "cat": ["transport"], "province": "cm", "slug": "m25-motorbike-rent-7111564785", "rank": 1}}, {"type": "Feature", "geometry": {"type": "Point", "coordinates": [98.99018, 18.7831]}, "properties": {"id": "cm-osm-node-4059892467", "name": "Mr. Mechanics Motorbike and Car Rental", "nameTh": null, "nameEn": "Mr. Mechanics Motorbike and Car Rental", "cat": ["transport"], "province": "cm", "slug": "mr-mechanics-motorbike-and-car-rental-4059892467", "rank": 1}}, {"type": "Feature", "geometry": {"type": "Point", "coordinates": [98.99191, 18.78639]}, "properties": {"id": "cm-osm-node-6528241586", "name": "Smile - Motorbike rental", "nameTh": null, "nameEn": "Smile - Motorbike rental", "cat": ["transport"], "province": "cm", "slug": "smile-motorbike-rental-6528241586", "rank": 1}}, {"type": "Feature", "geometry": {"type": "Point", "coordinates": [98.98331, 18.78853]}, "properties": {"id": "cm-osm-node-3907872066", "name": "สุวรรณา", "nameTh": "สุวรรณา", "nameEn": "Suwanna", "cat": ["transport"], "province": "cm", "slug": "suwanna-3907872066", "rank": 2}}, {"type": "Feature", "geometry": {"type": "Point", "coordinates": [98.98341, 18.79316]}, "properties": {"id": "cm-osm-node-10277505109", "name": "CM Mobilefix", "nameTh": null, "nameEn": "CM Mobilefix", "cat": ["repair"], "province": "cm", "slug": "cm-mobilefix-10277505109", "rank": 2}}, {"type": "Feature", "geometry": {"type": "Point", "coordinates": [98.99002, 18.79035]}, "properties": {"id": "cm-osm-way-387494498", "name": "Mr Mechanic rental", "nameTh": "Mr. Mechanic", "nameEn": "Mr Mechanic rental", "cat": ["repair"], "province": "cm", "slug": "mr-mechanic-rental-387494498", "rank": 2}}, {"type": "Feature", "geometry": {"type": "Point", "coordinates": [98.98165, 18.7857]}, "properties": {"id": "cm-osm-node-2466309805", "name": "Printing, internet service", "nameTh": null, "nameEn": "Printing, internet service", "cat": ["repair"], "province": "cm", "slug": "printing-internet-service-2466309805", "rank": 1}}, {"type": "Feature", "geometry": {"type": "Point", "coordinates": [98.98458, 18.78954]}, "properties": {"id": "cm-osm-node-11369981746", "name": "Asian Phytoceuticals Public Company Limited", "nameTh": null, "nameEn": "Asian Phytoceuticals Public Company Limited", "cat": ["beauty"], "province": "cm", "slug": "asian-phytoceuticals-public-company-limited-11369981746", "rank": 3}}, {"type": "Feature", "geometry": {"type": "Point", "coordinates": [98.99149, 18.79181]}, "properties": {"id": "cm-osm-node-7033502869", "name": "Backstreet Barber Shop", "nameTh": null, "nameEn": "Backstreet Barber Shop", "cat": ["beauty"], "province": "cm", "slug": "backstreet-barber-shop-7033502869", "rank": 1}}, {"type": "Feature", "geometry": {"type": "Point", "coordinates": [98.99147, 18.79167]}, "properties": {"id": "cm-osm-node-7295643885", "name": "Backstreet Barber Shop", "nameTh": null, "nameEn": "Backstreet Barber Shop", "cat": ["beauty"], "province": "cm", "slug": "backstreet-barber-shop-7295643885", "rank": 1}}, {"type": "Feature", "geometry": {"type": "Point", "coordinates": [98.98573, 18.79359]}, "properties": {"id": "cm-osm-node-4974709127", "name": "Barber", "nameTh": "Barber", "nameEn": null, "cat": ["beauty"], "province": "cm", "slug": "barber-4974709127", "rank": 1}}, {"type": "Feature", "geometry": {"type": "Point", "coordinates": [98.99063, 18.78531]}, "properties": {"id": "cm-osm-node-5531545448", "name": "Barber Shop", "nameTh": null, "nameEn": "Barber Shop", "cat": ["beauty"], "province": "cm", "slug": "barber-shop-5531545448", "rank": 2}}, {"type": "Feature", "geometry": {"type": "Point", "coordinates": [98.99306, 18.78989]}, "properties": {"id": "cm-osm-node-5328427821", "name": "Barber by DON'S", "nameTh": null, "nameEn": "Barber by DON'S", "cat": ["beauty"], "province": "cm", "slug": "barber-by-don-s-5328427821", "rank": 3}}, {"type": "Feature", "geometry": {"type": "Point", "coordinates": [98.99285, 18.78538]}, "properties": {"id": "cm-osm-node-3385473022", "name": "Beauty & Barber", "nameTh": null, "nameEn": "Beauty & Barber", "cat": ["beauty"], "province": "cm", "slug": "beauty-barber-3385473022", "rank": 1}}, {"type": "Feature", "geometry": {"type": "Point", "coordinates": [98.98266, 18.78884]}, "properties": {"id": "cm-osm-node-11407178345", "name": "Bright Nail & Spa", "nameTh": null, "nameEn": "Bright Nail & Spa", "cat": ["beauty"], "province": "cm", "slug": "bright-nail-spa-11407178345", "rank": 2}}, {"type": "Feature", "geometry": {"type": "Point", "coordinates": [98.98156, 18.78384]}, "properties": {"id": "cm-osm-node-13584277801", "name": "By. Paiwanbarber", "nameTh": null, "nameEn": "By. Paiwanbarber", "cat": ["beauty"], "province": "cm", "slug": "by-paiwanbarber-13584277801", "rank": 3}}, {"type": "Feature", "geometry": {"type": "Point", "coordinates": [98.9925, 18.79196]}, "properties": {"id": "cm-osm-node-10726988005", "name": "Chiang Mai", "nameTh": null, "nameEn": "Chiang Mai", "cat": ["beauty"], "province": "cm", "slug": "chiang-mai-10726988005", "rank": 2}}, {"type": "Feature", "geometry": {"type": "Point", "coordinates": [98.9857, 18.79053]}, "properties": {"id": "cm-osm-node-4788941122", "name": "Chiang mai d'Oman correctional institution vocational (massage/spa)", "nameTh": null, "nameEn": "Women's prison rehabilitation centre (massage/spa)", "cat": ["beauty"], "province": "cm", "slug": "women-s-prison-rehabilitation-centre-massage-spa-4788941122", "rank": 1}}, {"type": "Feature", "geometry": {"type": "Point", "coordinates": [98.9888, 18.78184]}, "properties": {"id": "cm-osm-node-13335770901", "name": "Coach Whold Day", "nameTh": null, "nameEn": "Coach Whold Day", "cat": ["beauty"], "province": "cm", "slug": "coach-whold-day-13335770901", "rank": 2}}, {"type": "Feature", "geometry": {"type": "Point", "coordinates": [98.98159, 18.7835]}, "properties": {"id": "cm-osm-node-5702387254", "name": "Cutlers Barber", "nameTh": null, "nameEn": "Cutlers Barber", "cat": ["beauty"], "province": "cm", "slug": "cutlers-barber-5702387254", "rank": 1}}, {"type": "Feature", "geometry": {"type": "Point", "coordinates": [98.99189, 18.78294]}, "properties": {"id": "cm-osm-node-6265198591", "name": "Dee Dee Massage", "nameTh": null, "nameEn": "Dee Dee Massage", "cat": ["beauty"], "province": "cm", "slug": "dee-dee-massage-6265198591", "rank": 1}}, {"type": "Feature", "geometry": {"type": "Point", "coordinates": [98.99252, 18.78885]}, "properties": {"id": "cm-osm-node-11135208905", "name": "Don's Barber Shop", "nameTh": null, "nameEn": "Don's Barber Shop", "cat": ["beauty"], "province": "cm", "slug": "don-s-barber-shop-11135208905", "rank": 1}}, {"type": "Feature", "geometry": {"type": "Point", "coordinates": [98.99214, 18.78431]}, "properties": {"id": "cm-osm-node-3385473027", "name": "Fai Beauty Salon", "nameTh": null, "nameEn": "Fai Beauty Salon", "cat": ["beauty"], "province": "cm", "slug": "fai-beauty-salon-3385473027", "rank": 1}}, {"type": "Feature", "geometry": {"type": "Point", "coordinates": [98.98433, 18.7932]}, "properties": {"id": "cm-osm-node-3927204600", "name": "Hairdresser", "nameTh": null, "nameEn": "Hairdresser", "cat": ["beauty"], "province": "cm", "slug": "hairdresser-3927204600", "rank": 1}}, {"type": "Feature", "geometry": {"type": "Point", "coordinates": [98.99242, 18.79269]}, "properties": {"id": "cm-osm-node-6486154088", "name": "Joy's Hair Salon", "nameTh": null, "nameEn": "Joy's Hair Salon", "cat": ["beauty"], "province": "cm", "slug": "joy-s-hair-salon-6486154088", "rank": 1}}, {"type": "Feature", "geometry": {"type": "Point", "coordinates": [98.99301, 18.79313]}, "properties": {"id": "cm-osm-node-5197377721", "name": "Kung - Robin Beauty & Barber", "nameTh": null, "nameEn": "Kung - Robin Beauty & Barber", "cat": ["beauty"], "province": "cm", "slug": "kung-robin-beauty-barber-5197377721", "rank": 2}}, {"type": "Feature", "geometry": {"type": "Point", "coordinates": [98.99059, 18.78549]}, "properties": {"id": "cm-osm-way-243115815", "name": "MayjicNails", "nameTh": null, "nameEn": "MayjicNails", "cat": ["beauty"], "province": "cm", "slug": "mayjicnails-243115815", "rank": 2}}, {"type": "Feature", "geometry": {"type": "Point", "coordinates": [98.99025, 18.78705]}, "properties": {"id": "cm-osm-node-4784119225", "name": "Nails & Brows by Ying", "nameTh": null, "nameEn": "Nails & Brows by Ying", "cat": ["beauty"], "province": "cm", "slug": "nails-brows-by-ying-4784119225", "rank": 3}}, {"type": "Feature", "geometry": {"type": "Point", "coordinates": [98.98249, 18.78712]}, "properties": {"id": "cm-osm-node-11407178350", "name": "Open Barber", "nameTh": null, "nameEn": "Open Barber", "cat": ["beauty"], "province": "cm", "slug": "open-barber-11407178350", "rank": 1}}, {"type": "Feature", "geometry": {"type": "Point", "coordinates": [98.98304, 18.78552]}, "properties": {"id": "cm-osm-node-3384100283", "name": "Ponsarin", "nameTh": null, "nameEn": "Ponsarin", "cat": ["beauty"], "province": "cm", "slug": "ponsarin-3384100283", "rank": 1}}, {"type": "Feature", "geometry": {"type": "Point", "coordinates": [98.99251, 18.79203]}, "properties": {"id": "cm-osm-node-10726995205", "name": "Robin Beauty & Barber", "nameTh": null, "nameEn": "Robin Beauty & Barber", "cat": ["beauty"], "province": "cm", "slug": "robin-beauty-barber-10726995205", "rank": 3}}, {"type": "Feature", "geometry": {"type": "Point", "coordinates": [98.98182, 18.78302]}, "properties": {"id": "cm-osm-node-10137413217", "name": "Samlaan Barber", "nameTh": null, "nameEn": "Samlaan Barber", "cat": ["beauty"], "province": "cm", "slug": "samlaan-barber-10137413217", "rank": 2}}, {"type": "Feature", "geometry": {"type": "Point", "coordinates": [98.99063, 18.79065]}, "properties": {"id": "cm-osm-node-7183656885", "name": "Sweeney Todds - Barber Shop", "nameTh": null, "nameEn": "Sweeney Todds - Barber Shop", "cat": ["beauty"], "province": "cm", "slug": "sweeney-todds-barber-shop-7183656885", "rank": 1}}, {"type": "Feature", "geometry": {"type": "Point", "coordinates": [98.99064, 18.79058]}, "properties": {"id": "cm-osm-node-7295644585", "name": "Sweeney Todd‘s Barber Shop", "nameTh": null, "nameEn": "Sweeney Todd‘s Barber Shop", "cat": ["beauty"], "province": "cm", "slug": "sweeney-todd-s-barber-shop-7295644585", "rank": 1}}, {"type": "Feature", "geometry": {"type": "Point", "coordinates": [98.98616, 18.79157]}, "properties": {"id": "cm-osm-node-4788936623", "name": "Women's massage center", "nameTh": null, "nameEn": "Women's massage center", "cat": ["beauty"], "province": "cm", "slug": "women-s-massage-center-4788936623", "rank": 1}}, {"type": "Feature", "geometry": {"type": "Point", "coordinates": [98.98261, 18.78373]}, "properties": {"id": "cm-osm-node-3388725141", "name": "Ya-Yee", "nameTh": null, "nameEn": "Ya-Yee", "cat": ["beauty"], "province": "cm", "slug": "ya-yee-3388725141", "rank": 1}}, {"type": "Feature", "geometry": {"type": "Point", "coordinates": [98.982, 18.79142]}, "properties": {"id": "cm-osm-node-9784520720", "name": "barber", "nameTh": null, "nameEn": "barber", "cat": ["beauty"], "province": "cm", "slug": "barber-9784520720", "rank": 1}}, {"type": "Feature", "geometry": {"type": "Point", "coordinates": [98.9791, 18.78417]}, "properties": {"id": "cm-osm-node-3388711772", "name": "จัสมิน", "nameTh": "จัสมิน", "nameEn": null, "cat": ["beauty"], "province": "cm", "slug": "3388711772", "rank": 1}}, {"type": "Feature", "geometry": {"type": "Point", "coordinates": [98.97977, 18.78955]}, "properties": {"id": "cm-osm-node-3385510725", "name": "นุชนรี", "nameTh": "นุชนรี", "nameEn": null, "cat": ["beauty"], "province": "cm", "slug": "3385510725", "rank": 1}}, {"type": "Feature", "geometry": {"type": "Point", "coordinates": [98.98019, 18.78764]}, "properties": {"id": "cm-osm-node-3388703901", "name": "พรบาร์เบอร์", "nameTh": "พรบาร์เบอร์", "nameEn": null, "cat": ["beauty"], "province": "cm", "slug": "3388703901", "rank": 2}}, {"type": "Feature", "geometry": {"type": "Point", "coordinates": [98.98158, 18.78283]}, "properties": {"id": "cm-osm-way-406928384", "name": "มะซาลอน", "nameTh": "มะซาลอน", "nameEn": "Ma Salon", "cat": ["beauty"], "province": "cm", "slug": "ma-salon-406928384", "rank": 2}}, {"type": "Feature", "geometry": {"type": "Point", "coordinates": [98.97914, 18.78634]}, "properties": {"id": "cm-osm-node-3388707632", "name": "ยุ้ยบิวตี้", "nameTh": "ยุ้ยบิวตี้", "nameEn": "Yui Beauty", "cat": ["beauty"], "province": "cm", "slug": "yui-beauty-3388707632", "rank": 2}}, {"type": "Feature", "geometry": {"type": "Point", "coordinates": [98.98009, 18.78895]}, "properties": {"id": "cm-osm-node-3388700580", "name": "หนุ่ยซาลอน", "nameTh": "หนุ่ยซาลอน", "nameEn": "Nui Salon", "cat": ["beauty"], "province": "cm", "slug": "nui-salon-3388700580", "rank": 2}}, {"type": "Feature", "geometry": {"type": "Point", "coordinates": [98.9858, 18.78935]}, "properties": {"id": "cm-osm-node-3176625064", "name": "อรนุช", "nameTh": "อรนุช", "nameEn": "Oranut", "cat": ["beauty"], "province": "cm", "slug": "oranut-3176625064", "rank": 3}}, {"type": "Feature", "geometry": {"type": "Point", "coordinates": [98.97971, 18.78768]}, "properties": {"id": "cm-osm-node-3388705278", "name": "เสริมสวย คุณผู้หญิง อ.อู๊ด", "nameTh": "เสริมสวย คุณผู้หญิง อ.อู๊ด", "nameEn": null, "cat": ["beauty"], "province": "cm", "slug": "3388705278", "rank": 3}}, {"type": "Feature", "geometry": {"type": "Point", "coordinates": [98.97984, 18.78955]}, "properties": {"id": "cm-osm-node-5859346225", "name": "เสริมสวย อารีย์", "nameTh": "เสริมสวย อารีย์", "nameEn": "Ari", "cat": ["beauty"], "province": "cm", "slug": "ari-5859346225", "rank": 2}}, {"type": "Feature", "geometry": {"type": "Point", "coordinates": [98.97987, 18.7879]}, "properties": {"id": "cm-osm-node-3388698122", "name": "เสริมสวยอิงอร", "nameTh": "เสริมสวยอิงอร", "nameEn": null, "cat": ["beauty"], "province": "cm", "slug": "3388698122", "rank": 2}}, {"type": "Feature", "geometry": {"type": "Point", "coordinates": [98.98022, 18.78794]}, "properties": {"id": "cm-osm-node-3388701191", "name": "แอนบิวตี้-ซาลอน", "nameTh": "แอนบิวตี้-ซาลอน", "nameEn": null, "cat": ["beauty"], "province": "cm", "slug": "3388701191", "rank": 1}}, {"type": "Feature", "geometry": {"type": "Point", "coordinates": [98.99029, 18.78901]}, "properties": {"id": "cm-osm-node-4841595725", "name": "Bambi tattoo", "nameTh": null, "nameEn": "Bambi tattoo", "cat": ["tattoo"], "province": "cm", "slug": "bambi-tattoo-4841595725", "rank": 1}}, {"type": "Feature", "geometry": {"type": "Point", "coordinates": [98.99248, 18.788]}, "properties": {"id": "cm-osm-node-4903800926", "name": "Bnana tattoo", "nameTh": null, "nameEn": "Bnana tattoo", "cat": ["tattoo"], "province": "cm", "slug": "bnana-tattoo-4903800926", "rank": 1}}, {"type": "Feature", "geometry": {"type": "Point", "coordinates": [98.99092, 18.79048]}, "properties": {"id": "cm-osm-node-4708268594", "name": "Dejavu Tattoo", "nameTh": null, "nameEn": "Dejavu Tattoo", "cat": ["tattoo"], "province": "cm", "slug": "dejavu-tattoo-4708268594", "rank": 1}}, {"type": "Feature", "geometry": {"type": "Point", "coordinates": [98.99173, 18.79038]}, "properties": {"id": "cm-osm-node-3309392804", "name": "Forever", "nameTh": null, "nameEn": "Forever", "cat": ["tattoo"], "province": "cm", "slug": "forever-3309392804", "rank": 1}}, {"type": "Feature", "geometry": {"type": "Point", "coordinates": [98.99042, 18.78375]}, "properties": {"id": "cm-osm-node-7125409185", "name": "Ganesha", "nameTh": null, "nameEn": "Ganesha", "cat": ["tattoo"], "province": "cm", "slug": "ganesha-7125409185", "rank": 2}}, {"type": "Feature", "geometry": {"type": "Point", "coordinates": [98.99254, 18.79403]}, "properties": {"id": "cm-osm-node-9788234773", "name": "JS Tattoo", "nameTh": null, "nameEn": "JS Tattoo", "cat": ["tattoo"], "province": "cm", "slug": "js-tattoo-9788234773", "rank": 1}}, {"type": "Feature", "geometry": {"type": "Point", "coordinates": [98.99271, 18.78468]}, "properties": {"id": "cm-osm-node-3266576204", "name": "Jin Bamboo Tattoo", "nameTh": null, "nameEn": "Jin Bamboo Tattoo", "cat": ["tattoo"], "province": "cm", "slug": "jin-bamboo-tattoo-3266576204", "rank": 1}}, {"type": "Feature", "geometry": {"type": "Point", "coordinates": [98.99267, 18.78354]}, "properties": {"id": "cm-osm-node-3266546702", "name": "MeingPing Ink", "nameTh": null, "nameEn": "MeingPing Ink", "cat": ["tattoo"], "province": "cm", "slug": "meingping-ink-3266546702", "rank": 1}}, {"type": "Feature", "geometry": {"type": "Point", "coordinates": [98.99258, 18.78523]}, "properties": {"id": "cm-osm-node-4789224122", "name": "Mornzter Tattoo Studio", "nameTh": null, "nameEn": "Mornzter Tattoo Studio", "cat": ["tattoo"], "province": "cm", "slug": "mornzter-tattoo-studio-4789224122", "rank": 1}}, {"type": "Feature", "geometry": {"type": "Point", "coordinates": [98.98183, 18.78307]}, "properties": {"id": "cm-osm-node-5608475321", "name": "Panumart Tattoo", "nameTh": null, "nameEn": "Panumart Tattoo", "cat": ["tattoo"], "province": "cm", "slug": "panumart-tattoo-5608475321", "rank": 2}}, {"type": "Feature", "geometry": {"type": "Point", "coordinates": [98.99136, 18.79285]}, "properties": {"id": "cm-osm-node-6579572171", "name": "Tattoo", "nameTh": null, "nameEn": "Tattoo", "cat": ["tattoo"], "province": "cm", "slug": "tattoo-6579572171", "rank": 1}}, {"type": "Feature", "geometry": {"type": "Point", "coordinates": [98.99051, 18.79122]}, "properties": {"id": "cm-osm-node-1491288331", "name": "Tattoo Studio", "nameTh": null, "nameEn": "Tattoo Studio", "cat": ["tattoo"], "province": "cm", "slug": "tattoo-studio-1491288331", "rank": 1}}, {"type": "Feature", "geometry": {"type": "Point", "coordinates": [98.99171, 18.79039]}, "properties": {"id": "cm-osm-node-7142253885", "name": "The Best Tattoo", "nameTh": null, "nameEn": "The Best Tattoo", "cat": ["tattoo"], "province": "cm", "slug": "the-best-tattoo-7142253885", "rank": 3}}, {"type": "Feature", "geometry": {"type": "Point", "coordinates": [98.99056, 18.78545]}, "properties": {"id": "cm-osm-node-5175695423", "name": "The Master Tattoo", "nameTh": null, "nameEn": "The Master Tattoo", "cat": ["tattoo"], "province": "cm", "slug": "the-master-tattoo-5175695423", "rank": 2}}, {"type": "Feature", "geometry": {"type": "Point", "coordinates": [98.98217, 18.79243]}, "properties": {"id": "cm-osm-node-11515426705", "name": "Warp Tattoo", "nameTh": null, "nameEn": "Warp Tattoo", "cat": ["tattoo"], "province": "cm", "slug": "warp-tattoo-11515426705", "rank": 3}}, {"type": "Feature", "geometry": {"type": "Point", "coordinates": [98.98208, 18.78515]}, "properties": {"id": "cm-osm-node-3384119225", "name": "Supachai Veterninar Clinic", "nameTh": null, "nameEn": "Supachai Veterninar Clinic", "cat": ["pets"], "province": "cm", "slug": "supachai-veterninar-clinic-3384119225", "rank": 3}}, {"type": "Feature", "geometry": {"type": "Point", "coordinates": [98.99172, 18.7856]}, "properties": {"id": "cm-osm-node-6349335085", "name": "Blue Garden Yoga", "nameTh": null, "nameEn": "Blue Garden Yoga", "cat": ["sport"], "province": "cm", "slug": "blue-garden-yoga-6349335085", "rank": 3}}, {"type": "Feature", "geometry": {"type": "Point", "coordinates": [98.98277, 18.7819]}, "properties": {"id": "cm-osm-way-407112222", "name": "Body and Mind Healing", "nameTh": null, "nameEn": "Body and Mind Healing", "cat": ["sport"], "province": "cm", "slug": "body-and-mind-healing-407112222", "rank": 4}}, {"type": "Feature", "geometry": {"type": "Point", "coordinates": [98.98237, 18.78411]}, "properties": {"id": "cm-osm-way-406416411", "name": "Freedom Yoga", "nameTh": null, "nameEn": "Freedom Yoga", "cat": ["sport"], "province": "cm", "slug": "freedom-yoga-406416411", "rank": 3}}, {"type": "Feature", "geometry": {"type": "Point", "coordinates": [98.98261, 18.79341]}, "properties": {"id": "cm-osm-node-10801495606", "name": "GYMkruoor", "nameTh": null, "nameEn": "GYMkruoor", "cat": ["sport"], "province": "cm", "slug": "gymkruoor-10801495606", "rank": 1}}, {"type": "Feature", "geometry": {"type": "Point", "coordinates": [98.98803, 18.78248]}, "properties": {"id": "cm-osm-node-4407670289", "name": "Wild Rose Yoga", "nameTh": null, "nameEn": "Wild Rose Yoga", "cat": ["sport"], "province": "cm", "slug": "wild-rose-yoga-4407670289", "rank": 3}}, {"type": "Feature", "geometry": {"type": "Point", "coordinates": [98.98023, 18.78224]}, "properties": {"id": "cm-osm-node-11533438001", "name": "Yoga In The Park", "nameTh": null, "nameEn": "Yoga In The Park", "cat": ["sport"], "province": "cm", "slug": "yoga-in-the-park-11533438001", "rank": 1}}, {"type": "Feature", "geometry": {"type": "Point", "coordinates": [98.99027, 18.79451]}, "properties": {"id": "cm-osm-node-6341126186", "name": "Yoga Kuukan", "nameTh": null, "nameEn": "Yoga Kuukan", "cat": ["sport"], "province": "cm", "slug": "yoga-kuukan-6341126186", "rank": 2}}, {"type": "Feature", "geometry": {"type": "Point", "coordinates": [98.98909, 18.79065]}, "properties": {"id": "cm-osm-node-11282092025", "name": "CM. Go Club", "nameTh": null, "nameEn": "CM. Go Club", "cat": ["community"], "province": "cm", "slug": "cm-go-club-11282092025", "rank": 1}}, {"type": "Feature", "geometry": {"type": "Point", "coordinates": [98.99172, 18.78651]}, "properties": {"id": "cm-osm-node-3887490951", "name": "MakerSpace", "nameTh": null, "nameEn": "MakerSpace", "cat": ["community"], "province": "cm", "slug": "makerspace-3887490951", "rank": 1}}, {"type": "Feature", "geometry": {"type": "Point", "coordinates": [98.97942, 18.78808]}, "properties": {"id": "cm-osm-node-3388703737", "name": "สมาคมศิษย์เก่ายุพราชวิทยาลัย", "nameTh": "สมาคมศิษย์เก่ายุพราชวิทยาลัย", "nameEn": "Yupparaj Wittayalai Alumni Association", "cat": ["community"], "province": "cm", "slug": "yupparaj-wittayalai-alumni-association-3388703737", "rank": 2}}, {"type": "Feature", "geometry": {"type": "Point", "coordinates": [98.99047, 18.79162]}, "properties": {"id": "cm-osm-way-695925440", "name": "สำนักงานเหล่ากาชาดจังหวัดเชียงใหม่", "nameTh": "สำนักงานเหล่ากาชาดจังหวัดเชียงใหม่", "nameEn": "Chinag Mai Red Cross", "cat": ["community"], "province": "cm", "slug": "chinag-mai-red-cross-695925440", "rank": 2}}, {"type": "Feature", "geometry": {"type": "Point", "coordinates": [98.97916, 18.78858]}, "properties": {"id": "cm-osm-way-1208209252", "name": "Alt_ChiangMai", "nameTh": "ออลท์ เชียงใหม่", "nameEn": "Alt_ChiangMai", "cat": ["business"], "province": "cm", "slug": "alt-chiangmai-1208209252", "rank": 4}}, {"type": "Feature", "geometry": {"type": "Point", "coordinates": [98.99134, 18.78663]}, "properties": {"id": "cm-osm-node-3164000393", "name": "Punspace Tha Phae Gate", "nameTh": "ปันสเปซ สาขาประตูท่าแพ", "nameEn": "Punspace Tha Phae Gate", "cat": ["business"], "province": "cm", "slug": "punspace-tha-phae-gate-3164000393", "rank": 3}}, {"type": "Feature", "geometry": {"type": "Point", "coordinates": [98.98669, 18.79351]}, "properties": {"id": "cm-osm-node-6077929085", "name": "Punspace Wiang Kaew", "nameTh": null, "nameEn": "Co-working space with garden", "cat": ["business"], "province": "cm", "slug": "co-working-space-with-garden-6077929085", "rank": 4}}, {"type": "Feature", "geometry": {"type": "Point", "coordinates": [98.98647, 18.79024]}, "properties": {"id": "cm-osm-node-4501920590", "name": "Chiang Mai Historical Centre", "nameTh": null, "nameEn": "Chiang Mai Historical Centre", "cat": ["museums-galleries"], "province": "cm", "slug": "chiang-mai-historical-centre-4501920590", "rank": 1}}, {"type": "Feature", "geometry": {"type": "Point", "coordinates": [98.98625, 18.79018]}, "properties": {"id": "cm-osm-node-4750233535", "name": "Chiang Mai Historical Centre", "nameTh": null, "nameEn": "Chiang Mai Historical Centre", "cat": ["museums-galleries"], "province": "cm", "slug": "chiang-mai-historical-centre-4750233535", "rank": 1}}, {"type": "Feature", "geometry": {"type": "Point", "coordinates": [98.98864, 18.78975]}, "properties": {"id": "cm-osm-node-4340850013", "name": "Chiang Mai House of Photography", "nameTh": null, "nameEn": "Chiang Mai House of Photography", "cat": ["museums-galleries"], "province": "cm", "slug": "chiang-mai-house-of-photography-4340850013", "rank": 1}}, {"type": "Feature", "geometry": {"type": "Point", "coordinates": [98.99007, 18.79104]}, "properties": {"id": "cm-osm-node-4504459490", "name": "Rungkaew Museum", "nameTh": null, "nameEn": "Rungkaew Museum", "cat": ["museums-galleries"], "province": "cm", "slug": "rungkaew-museum-4504459490", "rank": 1}}, {"type": "Feature", "geometry": {"type": "Point", "coordinates": [98.98486, 18.78584]}, "properties": {"id": "cm-osm-node-4358675895", "name": "Surasak Gallery", "nameTh": null, "nameEn": "Surasak Gallery", "cat": ["museums-galleries"], "province": "cm", "slug": "surasak-gallery-4358675895", "rank": 1}}, {"type": "Feature", "geometry": {"type": "Point", "coordinates": [98.98832, 18.7879]}, "properties": {"id": "cm-osm-node-5988609528", "name": "คุ้มเจ้าบุรีรัตน์", "nameTh": "คุ้มเจ้าบุรีรัตน์", "nameEn": "Khum Chao Burirat House", "cat": ["museums-galleries"], "province": "cm", "slug": "khum-chao-burirat-house-5988609528", "rank": 4}}, {"type": "Feature", "geometry": {"type": "Point", "coordinates": [98.98841, 18.79023]}, "properties": {"id": "cm-osm-way-261338789", "name": "พิพิธภัณฑ์พื้นถิ่นล้านนา", "nameTh": "พิพิธภัณฑ์พื้นถิ่นล้านนา", "nameEn": "Lanna Folklife Museum", "cat": ["museums-galleries"], "province": "cm", "slug": "lanna-folklife-museum-261338789", "rank": 3}}, {"type": "Feature", "geometry": {"type": "Point", "coordinates": [98.98684, 18.78759]}, "properties": {"id": "cm-osm-node-1614993559", "name": "หอธรรม และพิพิธภัณฑ์วัดเจดีย์หลวง", "nameTh": "หอธรรม และพิพิธภัณฑ์วัดเจดีย์หลวง", "nameEn": "Buddhist Manuscript Library and Museum", "cat": ["museums-galleries"], "province": "cm", "slug": "buddhist-manuscript-library-and-museum-1614993559", "rank": 2}}, {"type": "Feature", "geometry": {"type": "Point", "coordinates": [98.98688, 18.79023]}, "properties": {"id": "cm-osm-relation-17998804", "name": "หอศิลปวัฒนธรรมเมืองเชียงใหม่", "nameTh": "หอศิลปวัฒนธรรมเมืองเชียงใหม่", "nameEn": "Chiang Mai City Art & Cultural Center", "cat": ["museums-galleries"], "province": "cm", "slug": "chiang-mai-city-art-cultural-center-17998804", "rank": 5}}, {"type": "Feature", "geometry": {"type": "Point", "coordinates": [98.97927, 18.78229]}, "properties": {"id": "cm-osm-way-23973788", "name": "สวนบวกหาด", "nameTh": "สวนบวกหาด", "nameEn": "Nong Buak Haad Park", "cat": ["parks"], "province": "cm", "slug": "nong-buak-haad-park-23973788", "rank": 3}}, {"type": "Feature", "geometry": {"type": "Point", "coordinates": [98.98794, 18.7867]}, "properties": {"id": "cm-osm-node-11346563469", "name": "Chiang Mai Landmark", "nameTh": null, "nameEn": "Chiang Mai Landmark (rubber tree)", "cat": ["sights"], "province": "cm", "slug": "chiang-mai-landmark-rubber-tree-11346563469", "rank": 1}}, {"type": "Feature", "geometry": {"type": "Point", "coordinates": [98.98639, 18.78336]}, "properties": {"id": "cm-osm-node-10297921309", "name": "Kalm Village Chiangmai", "nameTh": null, "nameEn": "Kalm Village Chiangmai", "cat": ["sights"], "province": "cm", "slug": "kalm-village-chiangmai-10297921309", "rank": 1}}, {"type": "Feature", "geometry": {"type": "Point", "coordinates": [98.98085, 18.78296]}, "properties": {"id": "cm-osm-node-12606497102", "name": "Old Buddhist Tower", "nameTh": null, "nameEn": "Old Buddhist Tower", "cat": ["sights"], "province": "cm", "slug": "old-buddhist-tower-12606497102", "rank": 1}}, {"type": "Feature", "geometry": {"type": "Point", "coordinates": [98.97955, 18.79134]}, "properties": {"id": "cm-osm-node-13870253001", "name": "Pa Rang", "nameTh": null, "nameEn": "Pa Rang", "cat": ["sights"], "province": "cm", "slug": "pa-rang-13870253001", "rank": 1}}, {"type": "Feature", "geometry": {"type": "Point", "coordinates": [98.98735, 18.79023]}, "properties": {"id": "cm-osm-node-1619287904", "name": "อนุสาวรีย์สามกษัตริย์", "nameTh": "อนุสาวรีย์สามกษัตริย์", "nameEn": "Three Kings Monument", "cat": ["sights"], "province": "cm", "slug": "three-kings-monument-1619287904", "rank": 2}}, {"type": "Feature", "geometry": {"type": "Point", "coordinates": [98.98657, 18.78695]}, "properties": {"id": "cm-osm-way-93413945", "name": "เจดีย์หลวง", "nameTh": "วัดเจดีย์หลวง", "nameEn": "Wat Chedi Luang Stupa", "cat": ["sights"], "province": "cm", "slug": "wat-chedi-luang-stupa-93413945", "rank": 2}}, {"type": "Feature", "geometry": {"type": "Point", "coordinates": [98.97812, 18.78184]}, "properties": {"id": "cm-osm-way-317516851", "name": "แจ่งกู่เฮือง", "nameTh": "แจ่งกู่เฮือง", "nameEn": "Chaeng Ku Hueang", "cat": ["sights"], "province": "cm", "slug": "chaeng-ku-hueang-317516851", "rank": 2}}]}