{"type": "FeatureCollection", "features": [{"type": "Feature", "geometry": {"type": "Point", "coordinates": [99.00086, 18.83186]}, "properties": {"id": "cm-osm-node-12801978151", "name": "1678 Cafe", "nameTh": null, "nameEn": "1678 Cafe", "cat": ["food"], "province": "cm", "slug": "1678-cafe-12801978151", "rank": 3}}, {"type": "Feature", "geometry": {"type": "Point", "coordinates": [98.99021, 18.79081]}, "properties": {"id": "cm-osm-node-4401291989", "name": "48 Garage", "nameTh": "48 Garage", "nameEn": null, "cat": ["food"], "province": "cm", "slug": "48-garage-4401291989", "rank": 1}}, {"type": "Feature", "geometry": {"type": "Point", "coordinates": [98.96748, 18.80483]}, "properties": {"id": "cm-osm-node-4539038789", "name": "7 Pounds", "nameTh": null, "nameEn": "7 Pounds", "cat": ["food"], "province": "cm", "slug": "7-pounds-4539038789", "rank": 1}}, {"type": "Feature", "geometry": {"type": "Point", "coordinates": [98.97953, 18.81057]}, "properties": {"id": "cm-osm-node-3384275334", "name": "74 Coffee", "nameTh": null, "nameEn": "74 Coffee", "cat": ["food"], "province": "cm", "slug": "74-coffee-3384275334", "rank": 1}}, {"type": "Feature", "geometry": {"type": "Point", "coordinates": [98.98027, 18.78378]}, "properties": {"id": "cm-osm-way-851996917", "name": "9 Siblings", "nameTh": null, "nameEn": "9 Siblings", "cat": ["food"], "province": "cm", "slug": "9-siblings-851996917", "rank": 1}}, {"type": "Feature", "geometry": {"type": "Point", "coordinates": [98.97416, 18.81516]}, "properties": {"id": "cm-osm-node-6157885189", "name": "9P Coffee Cuisine Garden", "nameTh": null, "nameEn": "9P Coffee Cuisine Garden", "cat": ["food"], "province": "cm", "slug": "9p-coffee-cuisine-garden-6157885189", "rank": 3}}, {"type": "Feature", "geometry": {"type": "Point", "coordinates": [98.98865, 18.78152]}, "properties": {"id": "cm-osm-node-7232880885", "name": "@wall", "nameTh": null, "nameEn": "@wall", "cat": ["food"], "province": "cm", "slug": "wall-7232880885", "rank": 1}}, {"type": "Feature", "geometry": {"type": "Point", "coordinates": [98.99607, 18.77682]}, "properties": {"id": "cm-osm-node-5941633292", "name": "A Day In Chiang Mai", "nameTh": null, "nameEn": "A Day In Chiang Mai", "cat": ["food"], "province": "cm", "slug": "a-day-in-chiang-mai-5941633292", "rank": 1}}, {"type": "Feature", "geometry": {"type": "Point", "coordinates": [98.98894, 18.78196]}, "properties": {"id": "cm-osm-node-4233033292", "name": "A ROI", "nameTh": "โจ๊กต้มเลือดหมู ประตูเชียงใหม่", "nameEn": "A ROI", "cat": ["food"], "province": "cm", "slug": "a-roi-4233033292", "rank": 2}}, {"type": "Feature", "geometry": {"type": "Point", "coordinates": [98.97682, 18.79637]}, "properties": {"id": "cm-osm-node-5915461228", "name": "A.B.C.D.", "nameTh": null, "nameEn": "A.B.C.D.", "cat": ["food"], "province": "cm", "slug": "a-b-c-d-5915461228", "rank": 2}}, {"type": "Feature", "geometry": {"type": "Point", "coordinates": [98.97524, 18.79867]}, "properties": {"id": "cm-osm-node-3117930572", "name": "AMM (Aung Myint Mo Kyay Oh)", "nameTh": null, "nameEn": "AMM (Aung Myint Mo Kyay Oh)", "cat": ["food"], "province": "cm", "slug": "amm-aung-myint-mo-kyay-oh-3117930572", "rank": 3}}, {"type": "Feature", "geometry": {"type": "Point", "coordinates": [98.98365, 18.79531]}, "properties": {"id": "cm-osm-node-12513656179", "name": "ASMR Cafe & Wellness", "nameTh": null, "nameEn": "ASMR Cafe & Wellness", "cat": ["food"], "province": "cm", "slug": "asmr-cafe-wellness-12513656179", "rank": 2}}, {"type": "Feature", "geometry": {"type": "Point", "coordinates": [98.96884, 18.79862]}, "properties": {"id": "cm-osm-node-5331063801", "name": "Accha Indian cuisine", "nameTh": null, "nameEn": "Accha Indian cuisine", "cat": ["food"], "province": "cm", "slug": "accha-indian-cuisine-5331063801", "rank": 1}}, {"type": "Feature", "geometry": {"type": "Point", "coordinates": [99.07353, 18.84309]}, "properties": {"id": "cm-osm-node-9409591056", "name": "Aileen Coffee CNX", "nameTh": null, "nameEn": "Aileen Coffee CNX", "cat": ["food"], "province": "cm", "slug": "aileen-coffee-cnx-9409591056", "rank": 3}}, {"type": "Feature", "geometry": {"type": "Point", "coordinates": [98.98219, 18.79238]}, "properties": {"id": "cm-osm-node-11369869429", "name": "Air's Kitchen and Cafe", "nameTh": null, "nameEn": "Air's Kitchen and Cafe", "cat": ["food"], "province": "cm", "slug": "air-s-kitchen-and-cafe-11369869429", "rank": 2}}, {"type": "Feature", "geometry": {"type": "Point", "coordinates": [98.98002, 18.80323]}, "properties": {"id": "cm-osm-node-2527662833", "name": "Akha Ama", "nameTh": "กาแฟอาข่าอามา", "nameEn": "Akha Ama", "cat": ["food"], "province": "cm", "slug": "akha-ama-2527662833", "rank": 4}}, {"type": "Feature", "geometry": {"type": "Point", "coordinates": [98.9926, 18.794]}, "properties": {"id": "cm-osm-node-13202532002", "name": "Akha Ama (The New Original)", "nameTh": null, "nameEn": "Akha Ama (The New Original)", "cat": ["food"], "province": "cm", "slug": "akha-ama-the-new-original-13202532002", "rank": 1}}, {"type": "Feature", "geometry": {"type": "Point", "coordinates": [98.99256, 18.79403]}, "properties": {"id": "cm-osm-node-13293742701", "name": "Akha Ama Coffee (The New Original)", "nameTh": null, "nameEn": "Akha Ama Coffee (The New Original)", "cat": ["food"], "province": "cm", "slug": "akha-ama-coffee-the-new-original-13293742701", "rank": 1}}, {"type": "Feature", "geometry": {"type": "Point", "coordinates": [98.98322, 18.78843]}, "properties": {"id": "cm-osm-node-2404044286", "name": "Akha Ama Phrasingh", "nameTh": "กาแฟอาข่าอามา (สาขา 2)", "nameEn": "Akha Ama Phrasingh", "cat": ["food"], "province": "cm", "slug": "akha-ama-phrasingh-2404044286", "rank": 4}}, {"type": "Feature", "geometry": {"type": "Point", "coordinates": [98.98075, 18.77692]}, "properties": {"id": "cm-osm-node-8808240817", "name": "Alchemy Vegan", "nameTh": null, "nameEn": "Alchemy Vegan", "cat": ["food"], "province": "cm", "slug": "alchemy-vegan-8808240817", "rank": 3}}, {"type": "Feature", "geometry": {"type": "Point", "coordinates": [98.9882, 18.78669]}, "properties": {"id": "cm-osm-node-6975613485", "name": "Allway Café", "nameTh": null, "nameEn": "Allway Café", "cat": ["food"], "province": "cm", "slug": "allway-caf-6975613485", "rank": 1}}, {"type": "Feature", "geometry": {"type": "Point", "coordinates": [98.99187, 18.78993]}, "properties": {"id": "cm-osm-node-2411251055", "name": "Angel's Secrets", "nameTh": null, "nameEn": "Angel's Secrets", "cat": ["food"], "province": "cm", "slug": "angel-s-secrets-2411251055", "rank": 3}}, {"type": "Feature", "geometry": {"type": "Point", "coordinates": [98.99537, 18.78919]}, "properties": {"id": "cm-osm-node-13908740201", "name": "Aob-Sook", "nameTh": null, "nameEn": "Aob-Sook", "cat": ["food"], "province": "cm", "slug": "aob-sook-13908740201", "rank": 2}}, {"type": "Feature", "geometry": {"type": "Point", "coordinates": [98.97854, 18.80284]}, "properties": {"id": "cm-osm-way-408595880", "name": "Aom Coffe House", "nameTh": null, "nameEn": "Aom Coffe House", "cat": ["food"], "province": "cm", "slug": "aom-coffe-house-408595880", "rank": 2}}, {"type": "Feature", "geometry": {"type": "Point", "coordinates": [98.99002, 18.78998]}, "properties": {"id": "cm-osm-node-2662194563", "name": "Archers", "nameTh": null, "nameEn": "Archers", "cat": ["food"], "province": "cm", "slug": "archers-2662194563", "rank": 3}}, {"type": "Feature", "geometry": {"type": "Point", "coordinates": [98.99053, 18.78485]}, "properties": {"id": "cm-osm-node-5493659827", "name": "Arno's", "nameTh": null, "nameEn": "Arno's", "cat": ["food"], "province": "cm", "slug": "arno-s-5493659827", "rank": 1}}, {"type": "Feature", "geometry": {"type": "Point", "coordinates": [98.99395, 18.78786]}, "properties": {"id": "cm-osm-node-5258746823", "name": "Art Cafe", "nameTh": null, "nameEn": "Art Cafe", "cat": ["food"], "province": "cm", "slug": "art-cafe-5258746823", "rank": 2}}, {"type": "Feature", "geometry": {"type": "Point", "coordinates": [98.98645, 18.79077]}, "properties": {"id": "cm-osm-node-4655281093", "name": "Artisan", "nameTh": null, "nameEn": "Artisan", "cat": ["food"], "province": "cm", "slug": "artisan-4655281093", "rank": 1}}, {"type": "Feature", "geometry": {"type": "Point", "coordinates": [98.98203, 18.7758]}, "properties": {"id": "cm-osm-node-5933370533", "name": "Artisan", "nameTh": null, "nameEn": "Artisan", "cat": ["food"], "province": "cm", "slug": "artisan-5933370533", "rank": 1}}, {"type": "Feature", "geometry": {"type": "Point", "coordinates": [98.96451, 18.8068]}, "properties": {"id": "cm-osm-way-442372049", "name": "Atelier 36", "nameTh": null, "nameEn": "Atelier 36", "cat": ["food"], "province": "cm", "slug": "atelier-36-442372049", "rank": 1}}, {"type": "Feature", "geometry": {"type": "Point", "coordinates": [98.95351, 18.8035]}, "properties": {"id": "cm-osm-node-10618376817", "name": "Au Choix Coffee", "nameTh": null, "nameEn": "Au Choix Coffee", "cat": ["food"], "province": "cm", "slug": "au-choix-coffee-10618376817", "rank": 2}}, {"type": "Feature", "geometry": {"type": "Point", "coordinates": [98.95532, 18.80195]}, "properties": {"id": "cm-osm-node-2434773550", "name": "Au choix", "nameTh": null, "nameEn": "Au choix", "cat": ["food"], "province": "cm", "slug": "au-choix-2434773550", "rank": 1}}, {"type": "Feature", "geometry": {"type": "Point", "coordinates": [98.98794, 18.77844]}, "properties": {"id": "cm-osm-node-5484616521", "name": "Aum Vegetarian Restaurant", "nameTh": null, "nameEn": "Aum Vegetarian Restaurant", "cat": ["food"], "province": "cm", "slug": "aum-vegetarian-restaurant-5484616521", "rank": 2}}, {"type": "Feature", "geometry": {"type": "Point", "coordinates": [98.99135, 18.79048]}, "properties": {"id": "cm-osm-node-13088539301", "name": "Aunty's Corner", "nameTh": null, "nameEn": "Aunty's Corner", "cat": ["food"], "province": "cm", "slug": "aunty-s-corner-13088539301", "rank": 3}}, {"type": "Feature", "geometry": {"type": "Point", "coordinates": [99.00605, 18.79527]}, "properties": {"id": "cm-osm-node-9779121017", "name": "Baan 104 Coffee and Bakery", "nameTh": null, "nameEn": "Baan 104 Coffee and Bakery", "cat": ["food"], "province": "cm", "slug": "baan-104-coffee-and-bakery-9779121017", "rank": 2}}, {"type": "Feature", "geometry": {"type": "Point", "coordinates": [98.98311, 18.78867]}, "properties": {"id": "cm-osm-node-7005708718", "name": "Baan Buri Cafe & Restaurant", "nameTh": null, "nameEn": "Baan Buri Cafe & Restaurant", "cat": ["food"], "province": "cm", "slug": "baan-buri-cafe-restaurant-7005708718", "rank": 2}}, {"type": "Feature", "geometry": {"type": "Point", "coordinates": [98.97244, 18.80396]}, "properties": {"id": "cm-osm-way-1162793798", "name": "Baan Mae", "nameTh": "บ้านแม่ คาเฟ่ แอนด์ เรสเทอรองท์ เชียงใหม่", "nameEn": "Baan Mae Café & Restaurant Chiang Mai", "cat": ["food"], "province": "cm", "slug": "baan-mae-caf-restaurant-chiang-mai-1162793798", "rank": 5}}, {"type": "Feature", "geometry": {"type": "Point", "coordinates": [98.85488, 18.63427]}, "properties": {"id": "cm-osm-node-5430635021", "name": "Baan Nok Cafe", "nameTh": null, "nameEn": "Baan Nok Cafe", "cat": ["food"], "province": "cm", "slug": "baan-nok-cafe-5430635021", "rank": 1}}, {"type": "Feature", "geometry": {"type": "Point", "coordinates": [98.99002, 18.79009]}, "properties": {"id": "cm-osm-node-4506190889", "name": "Bamboo cofe co", "nameTh": null, "nameEn": "Bamboo cofe co", "cat": ["food"], "province": "cm", "slug": "bamboo-cofe-co-4506190889", "rank": 1}}, {"type": "Feature", "geometry": {"type": "Point", "coordinates": [98.83382, 18.60914]}, "properties": {"id": "cm-osm-node-5842059486", "name": "Ban Bon Doi", "nameTh": null, "nameEn": "Ban Bon Doi", "cat": ["food"], "province": "cm", "slug": "ban-bon-doi-5842059486", "rank": 1}}, {"type": "Feature", "geometry": {"type": "Point", "coordinates": [98.97593, 18.80218]}, "properties": {"id": "cm-osm-node-11915089170", "name": "Bannom", "nameTh": null, "nameEn": "Bannom", "cat": ["food"], "province": "cm", "slug": "bannom-11915089170", "rank": 2}}, {"type": "Feature", "geometry": {"type": "Point", "coordinates": [98.94834, 18.79415]}, "properties": {"id": "cm-osm-node-10855533287", "name": "Basecamp trail cafe", "nameTh": null, "nameEn": "Basecamp trail cafe", "cat": ["food"], "province": "cm", "slug": "basecamp-trail-cafe-10855533287", "rank": 2}}, {"type": "Feature", "geometry": {"type": "Point", "coordinates": [98.96141, 18.80605]}, "properties": {"id": "cm-osm-way-442372355", "name": "Bays Coffee & Food for Thought", "nameTh": null, "nameEn": "Bays Coffee & Food for Thought", "cat": ["food"], "province": "cm", "slug": "bays-coffee-food-for-thought-442372355", "rank": 3}}, {"type": "Feature", "geometry": {"type": "Point", "coordinates": [99.00771, 18.79616]}, "properties": {"id": "cm-osm-node-11849670269", "name": "Bays Coffee Company @113 Compound", "nameTh": null, "nameEn": "Bays Coffee Company @113 Compound", "cat": ["food"], "province": "cm", "slug": "bays-coffee-company-113-compound-11849670269", "rank": 3}}, {"type": "Feature", "geometry": {"type": "Point", "coordinates": [98.97116, 18.79902]}, "properties": {"id": "cm-osm-node-13202532001", "name": "Beans + Liquor", "nameTh": null, "nameEn": "Beans + Liquor", "cat": ["food"], "province": "cm", "slug": "beans-liquor-13202532001", "rank": 2}}, {"type": "Feature", "geometry": {"type": "Point", "coordinates": [98.99526, 18.76659]}, "properties": {"id": "cm-osm-node-4064637987", "name": "Bee Healthy", "nameTh": null, "nameEn": "Fora Bee Healthy Shop", "cat": ["food"], "province": "cm", "slug": "fora-bee-healthy-shop-4064637987", "rank": 1}}, {"type": "Feature", "geometry": {"type": "Point", "coordinates": [98.999, 18.78125]}, "properties": {"id": "cm-osm-node-2655145988", "name": "Bella Goose Coffee", "nameTh": null, "nameEn": "Bella Goose Coffee", "cat": ["food"], "province": "cm", "slug": "bella-goose-coffee-2655145988", "rank": 2}}, {"type": "Feature", "geometry": {"type": "Point", "coordinates": [99.00772, 18.79602]}, "properties": {"id": "cm-osm-node-4518930189", "name": "Bella Madre Pizza", "nameTh": null, "nameEn": "Bella Madre Pizza", "cat": ["food"], "province": "cm", "slug": "bella-madre-pizza-4518930189", "rank": 2}}, {"type": "Feature", "geometry": {"type": "Point", "coordinates": [98.99795, 18.78655]}, "properties": {"id": "cm-osm-node-2597978364", "name": "Billy's Restaurant", "nameTh": null, "nameEn": "Billy's Restaurant", "cat": ["food"], "province": "cm", "slug": "billy-s-restaurant-2597978364", "rank": 2}}, {"type": "Feature", "geometry": {"type": "Point", "coordinates": [98.98017, 18.7928]}, "properties": {"id": "cm-osm-way-623146118", "name": "Bird's Nest Cafe", "nameTh": null, "nameEn": "Bird's Nest Cafe", "cat": ["food"], "province": "cm", "slug": "bird-s-nest-cafe-623146118", "rank": 3}}, {"type": "Feature", "geometry": {"type": "Point", "coordinates": [98.98217, 18.78683]}, "properties": {"id": "cm-osm-node-5203532422", "name": "Bistro Terrace", "nameTh": null, "nameEn": "Bistro Terrace", "cat": ["food"], "province": "cm", "slug": "bistro-terrace-5203532422", "rank": 1}}, {"type": "Feature", "geometry": {"type": "Point", "coordinates": [99.01695, 18.79942]}, "properties": {"id": "cm-osm-node-4416236897", "name": "Black coffee smile", "nameTh": "Black coffee smile", "nameEn": null, "cat": ["food"], "province": "cm", "slug": "black-coffee-smile-4416236897", "rank": 2}}, {"type": "Feature", "geometry": {"type": "Point", "coordinates": [99.02449, 18.79882]}, "properties": {"id": "cm-osm-node-4427268751", "name": "Blue Cafe", "nameTh": null, "nameEn": "Blue Cafe", "cat": ["food"], "province": "cm", "slug": "blue-cafe-4427268751", "rank": 3}}, {"type": "Feature", "geometry": {"type": "Point", "coordinates": [98.98869, 18.78825]}, "properties": {"id": "cm-osm-node-5987644570", "name": "Blue Coffee", "nameTh": null, "nameEn": "Blue Coffee", "cat": ["food"], "province": "cm", "slug": "blue-coffee-5987644570", "rank": 1}}, {"type": "Feature", "geometry": {"type": "Point", "coordinates": [98.99142, 18.7939]}, "properties": {"id": "cm-osm-way-259707860", "name": "Blue Diamond The Breakfast Club", "nameTh": null, "nameEn": "Blue Diamond The Breakfast Club", "cat": ["food"], "province": "cm", "slug": "blue-diamond-the-breakfast-club-259707860", "rank": 3}}, {"type": "Feature", "geometry": {"type": "Point", "coordinates": [98.99147, 18.78603]}, "properties": {"id": "cm-osm-node-3957108529", "name": "Bodhi Tree 1 Café", "nameTh": null, "nameEn": "Bodhi Tree 1 Café", "cat": ["food"], "province": "cm", "slug": "bodhi-tree-1-caf-3957108529", "rank": 1}}, {"type": "Feature", "geometry": {"type": "Point", "coordinates": [98.99106, 18.78916]}, "properties": {"id": "cm-osm-node-4925330150", "name": "Bodhi Tree Cafe", "nameTh": null, "nameEn": "Bodhi Tree Cafe", "cat": ["food"], "province": "cm", "slug": "bodhi-tree-cafe-4925330150", "rank": 1}}, {"type": "Feature", "geometry": {"type": "Point", "coordinates": [98.97792, 18.7923]}, "properties": {"id": "cm-osm-node-4646472290", "name": "Boon Raksa", "nameTh": null, "nameEn": "Boon Raksa", "cat": ["food"], "province": "cm", "slug": "boon-raksa-4646472290", "rank": 2}}, {"type": "Feature", "geometry": {"type": "Point", "coordinates": [98.98072, 18.78176]}, "properties": {"id": "cm-osm-node-11386909636", "name": "Bowls & Breads", "nameTh": null, "nameEn": "Bowls & Breads", "cat": ["food"], "province": "cm", "slug": "bowls-breads-11386909636", "rank": 2}}, {"type": "Feature", "geometry": {"type": "Point", "coordinates": [98.99476, 18.79034]}, "properties": {"id": "cm-osm-node-9828034417", "name": "Brewginning Coffee", "nameTh": null, "nameEn": "Brewginning Coffee", "cat": ["food"], "province": "cm", "slug": "brewginning-coffee-9828034417", "rank": 1}}, {"type": "Feature", "geometry": {"type": "Point", "coordinates": [99.00804, 18.78724]}, "properties": {"id": "cm-osm-node-13202529005", "name": "Brewing Room", "nameTh": null, "nameEn": "Brewing Room", "cat": ["food"], "province": "cm", "slug": "brewing-room-13202529005", "rank": 2}}, {"type": "Feature", "geometry": {"type": "Point", "coordinates": [98.95506, 18.78343]}, "properties": {"id": "cm-osm-node-6752738085", "name": "Brick Bistro", "nameTh": null, "nameEn": "Brick Bistro", "cat": ["food"], "province": "cm", "slug": "brick-bistro-6752738085", "rank": 1}}, {"type": "Feature", "geometry": {"type": "Point", "coordinates": [99.02305, 18.76281]}, "properties": {"id": "cm-osm-node-4572686702", "name": "Burger King", "nameTh": null, "nameEn": "Burger King", "cat": ["food"], "province": "cm", "slug": "burger-king-4572686702", "rank": 1}}, {"type": "Feature", "geometry": {"type": "Point", "coordinates": [98.95322, 18.7337]}, "properties": {"id": "cm-osm-node-12608747501", "name": "Burma Kitchen", "nameTh": null, "nameEn": "Burma Kitchen", "cat": ["food"], "province": "cm", "slug": "burma-kitchen-12608747501", "rank": 2}}, {"type": "Feature", "geometry": {"type": "Point", "coordinates": [98.99976, 18.78039]}, "properties": {"id": "cm-osm-node-2641740599", "name": "Butter is Better", "nameTh": null, "nameEn": "Butter is Better", "cat": ["food"], "province": "cm", "slug": "butter-is-better-2641740599", "rank": 2}}, {"type": "Feature", "geometry": {"type": "Point", "coordinates": [98.97333, 18.75119]}, "properties": {"id": "cm-osm-node-7438381469", "name": "Butter is Better Too", "nameTh": "เนยสด อาหารอร่อย", "nameEn": "Butter is Better Too", "cat": ["food"], "province": "cm", "slug": "butter-is-better-too-7438381469", "rank": 3}}, {"type": "Feature", "geometry": {"type": "Point", "coordinates": [98.98503, 18.81014]}, "properties": {"id": "cm-osm-node-6700467244", "name": "By'N", "nameTh": null, "nameEn": "By'N", "cat": ["food"], "province": "cm", "slug": "by-n-6700467244", "rank": 1}}, {"type": "Feature", "geometry": {"type": "Point", "coordinates": [98.9793, 18.74789]}, "properties": {"id": "cm-osm-node-3901216868", "name": "Cafe Caliente", "nameTh": null, "nameEn": "Cafe Caliente", "cat": ["food"], "province": "cm", "slug": "cafe-caliente-3901216868", "rank": 2}}, {"type": "Feature", "geometry": {"type": "Point", "coordinates": [98.98259, 18.78767]}, "properties": {"id": "cm-osm-node-7023395505", "name": "Cafe De Maross", "nameTh": null, "nameEn": "Cafe De Maross", "cat": ["food"], "province": "cm", "slug": "cafe-de-maross-7023395505", "rank": 1}}, {"type": "Feature", "geometry": {"type": "Point", "coordinates": [99.00068, 18.78105]}, "properties": {"id": "cm-osm-node-1101287698", "name": "Cafe de L'Amour", "nameTh": null, "nameEn": "Cafe de L'Amour", "cat": ["food"], "province": "cm", "slug": "cafe-de-l-amour-1101287698", "rank": 2}}, {"type": "Feature", "geometry": {"type": "Point", "coordinates": [98.95951, 18.8247]}, "properties": {"id": "cm-osm-way-333203173", "name": "Cafe de Oasis", "nameTh": null, "nameEn": "Cafe de Oasis", "cat": ["food"], "province": "cm", "slug": "cafe-de-oasis-333203173", "rank": 4}}, {"type": "Feature", "geometry": {"type": "Point", "coordinates": [98.98109, 18.80412]}, "properties": {"id": "cm-osm-node-9404139417", "name": "Cafe de Sot", "nameTh": null, "nameEn": "Cafe de Sot", "cat": ["food"], "province": "cm", "slug": "cafe-de-sot-9404139417", "rank": 3}}, {"type": "Feature", "geometry": {"type": "Point", "coordinates": [98.98848, 18.78547]}, "properties": {"id": "cm-osm-node-1006843145", "name": "Cafe de Thaan Aoan", "nameTh": null, "nameEn": "Cafe de Thaan Aoan", "cat": ["food"], "province": "cm", "slug": "cafe-de-thaan-aoan-1006843145", "rank": 2}}, {"type": "Feature", "geometry": {"type": "Point", "coordinates": [99.05483, 18.77727]}, "properties": {"id": "cm-osm-node-3376408641", "name": "Caffeine", "nameTh": null, "nameEn": "Caffeine", "cat": ["food"], "province": "cm", "slug": "caffeine-3376408641", "rank": 1}}, {"type": "Feature", "geometry": {"type": "Point", "coordinates": [98.97447, 18.80355]}, "properties": {"id": "cm-osm-node-3996636060", "name": "Caffè B{e}arista", "nameTh": null, "nameEn": "Caffè B{e}arista", "cat": ["food"], "province": "cm", "slug": "caff-b-e-arista-3996636060", "rank": 1}}, {"type": "Feature", "geometry": {"type": "Point", "coordinates": [98.96088, 18.79688]}, "properties": {"id": "cm-osm-node-12031519067", "name": "Café Amazon", "nameTh": null, "nameEn": "Café Amazon", "cat": ["food"], "province": "cm", "slug": "caf-amazon-12031519067", "rank": 2}}, {"type": "Feature", "geometry": {"type": "Point", "coordinates": [98.97252, 18.77216]}, "properties": {"id": "cm-osm-node-3810861066", "name": "Café Amazon", "nameTh": "คาเฟ่ อเมซอน", "nameEn": "Café Amazon", "cat": ["food"], "province": "cm", "slug": "caf-amazon-3810861066", "rank": 2}}, {"type": "Feature", "geometry": {"type": "Point", "coordinates": [99.02976, 18.76942]}, "properties": {"id": "cm-osm-way-365937068", "name": "Café Amazon", "nameTh": "คาเฟ่ อเมซอน", "nameEn": "Café Amazon", "cat": ["food"], "province": "cm", "slug": "caf-amazon-365937068", "rank": 2}}, {"type": "Feature", "geometry": {"type": "Point", "coordinates": [98.96563, 18.79472]}, "properties": {"id": "cm-osm-node-2660438573", "name": "Café de Nimman", "nameTh": null, "nameEn": "Café de Nimman", "cat": ["food"], "province": "cm", "slug": "caf-de-nimman-2660438573", "rank": 1}}, {"type": "Feature", "geometry": {"type": "Point", "coordinates": [98.98095, 18.76837]}, "properties": {"id": "cm-osm-node-9354595439", "name": "Caramellow", "nameTh": null, "nameEn": "Caramellow", "cat": ["food"], "province": "cm", "slug": "caramellow-9354595439", "rank": 3}}, {"type": "Feature", "geometry": {"type": "Point", "coordinates": [98.99134, 18.79511]}, "properties": {"id": "cm-osm-node-6226411085", "name": "Cat Brothers Cafe", "nameTh": null, "nameEn": "Cat Brothers Cafe", "cat": ["food"], "province": "cm", "slug": "cat-brothers-cafe-6226411085", "rank": 1}}, {"type": "Feature", "geometry": {"type": "Point", "coordinates": [98.99462, 18.79247]}, "properties": {"id": "cm-osm-node-4430796190", "name": "Cat House", "nameTh": null, "nameEn": "Cat house", "cat": ["food"], "province": "cm", "slug": "cat-house-4430796190", "rank": 1}}, {"type": "Feature", "geometry": {"type": "Point", "coordinates": [98.99455, 18.79246]}, "properties": {"id": "cm-osm-node-7708054686", "name": "Cat House", "nameTh": null, "nameEn": "Cat House", "cat": ["food"], "province": "cm", "slug": "cat-house-7708054686", "rank": 1}}, {"type": "Feature", "geometry": {"type": "Point", "coordinates": [98.95791, 18.80635]}, "properties": {"id": "cm-osm-node-3819711686", "name": "Catmosphere Cat Café", "nameTh": "แคทโมสเฟียร์ แคท คาเฟ่", "nameEn": "Catmosphere Cat Café", "cat": ["food"], "province": "cm", "slug": "catmosphere-cat-caf-3819711686", "rank": 3}}, {"type": "Feature", "geometry": {"type": "Point", "coordinates": [98.98333, 18.88815]}, "properties": {"id": "cm-osm-node-4419748789", "name": "Chanctonbury Tea & Garden", "nameTh": null, "nameEn": "Chanctonbury Tea & Garden", "cat": ["food"], "province": "cm", "slug": "chanctonbury-tea-garden-4419748789", "rank": 1}}, {"type": "Feature", "geometry": {"type": "Point", "coordinates": [98.99121, 18.79426]}, "properties": {"id": "cm-osm-way-256266491", "name": "Chaochau", "nameTh": null, "nameEn": "Chaochau", "cat": ["food"], "province": "cm", "slug": "chaochau-256266491", "rank": 3}}, {"type": "Feature", "geometry": {"type": "Point", "coordinates": [98.97454, 18.79739]}, "properties": {"id": "cm-osm-node-10677606512", "name": "Chapter One", "nameTh": null, "nameEn": "Chapter One", "cat": ["food"], "province": "cm", "slug": "chapter-one-10677606512", "rank": 3}}, {"type": "Feature", "geometry": {"type": "Point", "coordinates": [98.97716, 18.80537]}, "properties": {"id": "cm-osm-node-4805054823", "name": "Chef Nut", "nameTh": null, "nameEn": "Chef Nut", "cat": ["food"], "province": "cm", "slug": "chef-nut-4805054823", "rank": 2}}, {"type": "Feature", "geometry": {"type": "Point", "coordinates": [99.00346, 18.79064]}, "properties": {"id": "cm-osm-node-2648382121", "name": "Chez 15", "nameTh": null, "nameEn": "Chez 15", "cat": ["food"], "province": "cm", "slug": "chez-15-2648382121", "rank": 3}}, {"type": "Feature", "geometry": {"type": "Point", "coordinates": [98.99024, 18.79101]}, "properties": {"id": "cm-osm-node-1491288849", "name": "Chiang Mai Tea House", "nameTh": null, "nameEn": "Chiang Mai Tea House", "cat": ["food"], "province": "cm", "slug": "chiang-mai-tea-house-1491288849", "rank": 1}}, {"type": "Feature", "geometry": {"type": "Point", "coordinates": [98.99171, 18.78414]}, "properties": {"id": "cm-osm-node-4149593989", "name": "ChiangMai Breakfast World", "nameTh": null, "nameEn": "ChiangMai Breakfast World", "cat": ["food"], "province": "cm", "slug": "chiangmai-breakfast-world-4149593989", "rank": 2}}, {"type": "Feature", "geometry": {"type": "Point", "coordinates": [99.00012, 18.7085]}, "properties": {"id": "cm-osm-node-4079924526", "name": "Chuen-Jit Coffee", "nameTh": null, "nameEn": "Chuen-Jit Coffee", "cat": ["food"], "province": "cm", "slug": "chuen-jit-coffee-4079924526", "rank": 1}}, {"type": "Feature", "geometry": {"type": "Point", "coordinates": [98.99328, 18.79401]}, "properties": {"id": "cm-osm-node-4293956289", "name": "Classic Burger", "nameTh": null, "nameEn": "Classic Burger", "cat": ["food"], "province": "cm", "slug": "classic-burger-4293956289", "rank": 1}}, {"type": "Feature", "geometry": {"type": "Point", "coordinates": [98.98728, 18.78216]}, "properties": {"id": "cm-osm-node-3440864915", "name": "Clay Studio Café", "nameTh": null, "nameEn": "Clay Studio Café", "cat": ["food"], "province": "cm", "slug": "clay-studio-caf-3440864915", "rank": 2}}, {"type": "Feature", "geometry": {"type": "Point", "coordinates": [98.95606, 18.78992]}, "properties": {"id": "cm-osm-node-2650709899", "name": "Club Diva", "nameTh": null, "nameEn": "Club Diva", "cat": ["food"], "province": "cm", "slug": "club-diva-2650709899", "rank": 1}}, {"type": "Feature", "geometry": {"type": "Point", "coordinates": [98.99081, 18.78543]}, "properties": {"id": "cm-osm-node-3986543973", "name": "Coconut Shell", "nameTh": "Coconut Shell, los mejores batidos del mundo", "nameEn": "Coconut Shell", "cat": ["food"], "province": "cm", "slug": "coconut-shell-3986543973", "rank": 2}}, {"type": "Feature", "geometry": {"type": "Point", "coordinates": [99.00272, 18.78591]}, "properties": {"id": "cm-osm-node-3417167515", "name": "Coffee Bug", "nameTh": null, "nameEn": "Coffee Bug", "cat": ["food"], "province": "cm", "slug": "coffee-bug-3417167515", "rank": 1}}, {"type": "Feature", "geometry": {"type": "Point", "coordinates": [98.98032, 18.80337]}, "properties": {"id": "cm-osm-node-3298008463", "name": "Coffee Champ", "nameTh": null, "nameEn": "Coffee Champ", "cat": ["food"], "province": "cm", "slug": "coffee-champ-3298008463", "rank": 1}}, {"type": "Feature", "geometry": {"type": "Point", "coordinates": [98.9875, 18.78566]}, "properties": {"id": "cm-osm-node-4129821990", "name": "Coffee Cop", "nameTh": null, "nameEn": "Coffee Cop", "cat": ["food"], "province": "cm", "slug": "coffee-cop-4129821990", "rank": 1}}, {"type": "Feature", "geometry": {"type": "Point", "coordinates": [99.00611, 18.61421]}, "properties": {"id": "cm-osm-node-5229243000", "name": "Coffee Fangun", "nameTh": null, "nameEn": "Coffee Fangun", "cat": ["food"], "province": "cm", "slug": "coffee-fangun-5229243000", "rank": 1}}, {"type": "Feature", "geometry": {"type": "Point", "coordinates": [98.97034, 18.79833]}, "properties": {"id": "cm-osm-node-11425558688", "name": "Coffee INC. Nicohub", "nameTh": null, "nameEn": "Coffee INC. Nicohub", "cat": ["food"], "province": "cm", "slug": "coffee-inc-nicohub-11425558688", "rank": 3}}, {"type": "Feature", "geometry": {"type": "Point", "coordinates": [98.98316, 18.78566]}, "properties": {"id": "cm-osm-node-3384100280", "name": "Coffee Lovers", "nameTh": null, "nameEn": "Coffee Lovers", "cat": ["food"], "province": "cm", "slug": "coffee-lovers-3384100280", "rank": 2}}, {"type": "Feature", "geometry": {"type": "Point", "coordinates": [98.99124, 18.78953]}, "properties": {"id": "cm-osm-node-5626559221", "name": "Coffee Plus", "nameTh": null, "nameEn": "Coffee Plus", "cat": ["food"], "province": "cm", "slug": "coffee-plus-5626559221", "rank": 2}}, {"type": "Feature", "geometry": {"type": "Point", "coordinates": [98.99607, 18.78107]}, "properties": {"id": "cm-osm-node-5185937222", "name": "Coffee Point Changmai", "nameTh": null, "nameEn": "Coffee Point Changmai", "cat": ["food"], "province": "cm", "slug": "coffee-point-changmai-5185937222", "rank": 1}}, {"type": "Feature", "geometry": {"type": "Point", "coordinates": [98.95114, 18.7946]}, "properties": {"id": "cm-osm-node-5346609684", "name": "Coffee Shop", "nameTh": null, "nameEn": "Coffee Shop", "cat": ["food"], "province": "cm", "slug": "coffee-shop-5346609684", "rank": 2}}, {"type": "Feature", "geometry": {"type": "Point", "coordinates": [98.95123, 18.82027]}, "properties": {"id": "cm-osm-node-4889011525", "name": "Coffee or Me", "nameTh": "Coffee or Me", "nameEn": null, "cat": ["food"], "province": "cm", "slug": "coffee-or-me-4889011525", "rank": 3}}, {"type": "Feature", "geometry": {"type": "Point", "coordinates": [98.97157, 18.79333]}, "properties": {"id": "cm-osm-node-3421245743", "name": "Coffeebooz", "nameTh": null, "nameEn": "Coffeebooz", "cat": ["food"], "province": "cm", "slug": "coffeebooz-3421245743", "rank": 2}}, {"type": "Feature", "geometry": {"type": "Point", "coordinates": [98.99019, 18.79234]}, "properties": {"id": "cm-osm-node-4559427489", "name": "Come on coffe", "nameTh": null, "nameEn": "Come on coffe", "cat": ["food"], "province": "cm", "slug": "come-on-coffe-4559427489", "rank": 1}}, {"type": "Feature", "geometry": {"type": "Point", "coordinates": [98.99236, 18.78909]}, "properties": {"id": "cm-osm-node-3385473023", "name": "Cooking Love", "nameTh": null, "nameEn": "Cooking Love", "cat": ["cooking", "food"], "province": "cm", "slug": "cooking-love-3385473023", "rank": 1}}, {"type": "Feature", "geometry": {"type": "Point", "coordinates": [98.99312, 18.78845]}, "properties": {"id": "cm-osm-node-5758046621", "name": "CoolMuang", "nameTh": null, "nameEn": "CoolMuang", "cat": ["food"], "province": "cm", "slug": "coolmuang-5758046621", "rank": 2}}, {"type": "Feature", "geometry": {"type": "Point", "coordinates": [98.95379, 18.78384]}, "properties": {"id": "cm-osm-node-6089830785", "name": "Corner Coff", "nameTh": null, "nameEn": "Corner Coff", "cat": ["food"], "province": "cm", "slug": "corner-coff-6089830785", "rank": 2}}, {"type": "Feature", "geometry": {"type": "Point", "coordinates": [98.96446, 18.80837]}, "properties": {"id": "cm-osm-node-6722728185", "name": "Cornerhouse Fifteen", "nameTh": null, "nameEn": "Cornerhouse Fifteen", "cat": ["food"], "province": "cm", "slug": "cornerhouse-fifteen-6722728185", "rank": 1}}, {"type": "Feature", "geometry": {"type": "Point", "coordinates": [98.96786, 18.80428]}, "properties": {"id": "cm-osm-node-4265515989", "name": "Cottontree", "nameTh": null, "nameEn": "Cottontree", "cat": ["food"], "province": "cm", "slug": "cottontree-4265515989", "rank": 2}}, {"type": "Feature", "geometry": {"type": "Point", "coordinates": [98.98873, 18.77915]}, "properties": {"id": "cm-osm-node-3843126639", "name": "Cozy Cafe Chiangmai", "nameTh": null, "nameEn": "Cozy Cafe Chiangmai", "cat": ["food"], "province": "cm", "slug": "cozy-cafe-chiangmai-3843126639", "rank": 3}}, {"type": "Feature", "geometry": {"type": "Point", "coordinates": [98.99226, 18.79199]}, "properties": {"id": "cm-osm-node-4677743096", "name": "Craffity", "nameTh": null, "nameEn": "Craffity", "cat": ["food"], "province": "cm", "slug": "craffity-4677743096", "rank": 2}}, {"type": "Feature", "geometry": {"type": "Point", "coordinates": [98.97359, 18.79525]}, "properties": {"id": "cm-osm-node-12620112808", "name": "Creativitea", "nameTh": null, "nameEn": "Creativitea", "cat": ["food"], "province": "cm", "slug": "creativitea-12620112808", "rank": 3}}, {"type": "Feature", "geometry": {"type": "Point", "coordinates": [98.96736, 18.80084]}, "properties": {"id": "cm-osm-node-5108961825", "name": "DOM cafe", "nameTh": null, "nameEn": "DOM cafe", "cat": ["food"], "province": "cm", "slug": "dom-cafe-5108961825", "rank": 1}}, {"type": "Feature", "geometry": {"type": "Point", "coordinates": [98.99262, 18.78523]}, "properties": {"id": "cm-osm-node-4929780921", "name": "Dada Cafe", "nameTh": null, "nameEn": "Dada Cafe", "cat": ["food"], "province": "cm", "slug": "dada-cafe-4929780921", "rank": 1}}, {"type": "Feature", "geometry": {"type": "Point", "coordinates": [98.9997, 18.7878]}, "properties": {"id": "cm-osm-node-7035543286", "name": "Daifa garden", "nameTh": null, "nameEn": "Daifa garden", "cat": ["food"], "province": "cm", "slug": "daifa-garden-7035543286", "rank": 1}}, {"type": "Feature", "geometry": {"type": "Point", "coordinates": [98.99146, 18.78327]}, "properties": {"id": "cm-osm-node-3385473024", "name": "Dash", "nameTh": null, "nameEn": "Dash", "cat": ["food"], "province": "cm", "slug": "dash-3385473024", "rank": 3}}, {"type": "Feature", "geometry": {"type": "Point", "coordinates": [98.98727, 18.77743]}, "properties": {"id": "cm-osm-node-2658260600", "name": "De Cassowary", "nameTh": null, "nameEn": "De Cassowary", "cat": ["food"], "province": "cm", "slug": "de-cassowary-2658260600", "rank": 2}}, {"type": "Feature", "geometry": {"type": "Point", "coordinates": [98.99101, 18.79045]}, "properties": {"id": "cm-osm-node-4757540923", "name": "DeLish Kafe", "nameTh": null, "nameEn": "DeLish Kafe", "cat": ["food"], "province": "cm", "slug": "delish-kafe-4757540923", "rank": 1}}, {"type": "Feature", "geometry": {"type": "Point", "coordinates": [99.01427, 18.74013]}, "properties": {"id": "cm-osm-node-3409866635", "name": "Deco Coffee & Tea", "nameTh": null, "nameEn": "Deco Coffee & Tea", "cat": ["food"], "province": "cm", "slug": "deco-coffee-tea-3409866635", "rank": 1}}, {"type": "Feature", "geometry": {"type": "Point", "coordinates": [98.97642, 18.77126]}, "properties": {"id": "cm-osm-node-1903665319", "name": "Doi Chaang Coffee", "nameTh": null, "nameEn": "Doi Chaang Coffee", "cat": ["food"], "province": "cm", "slug": "doi-chaang-coffee-1903665319", "rank": 2}}, {"type": "Feature", "geometry": {"type": "Point", "coordinates": [98.98773, 18.79074]}, "properties": {"id": "cm-osm-node-4358697789", "name": "Doi Chang", "nameTh": null, "nameEn": "Doi Chang", "cat": ["food"], "province": "cm", "slug": "doi-chang-4358697789", "rank": 2}}, {"type": "Feature", "geometry": {"type": "Point", "coordinates": [98.98831, 18.77912]}, "properties": {"id": "cm-osm-node-1388374491", "name": "Doo Dee Pub & Restaurant", "nameTh": null, "nameEn": "Doo Dee Pub & Restaurant", "cat": ["food"], "province": "cm", "slug": "doo-dee-pub-restaurant-1388374491", "rank": 1}}, {"type": "Feature", "geometry": {"type": "Point", "coordinates": [98.9844, 18.79541]}, "properties": {"id": "cm-osm-node-7183762886", "name": "Dr. Manny Cafe", "nameTh": null, "nameEn": "Dr. Manny Cafe", "cat": ["food"], "province": "cm", "slug": "dr-manny-cafe-7183762886", "rank": 1}}, {"type": "Feature", "geometry": {"type": "Point", "coordinates": [98.98206, 18.78519]}, "properties": {"id": "cm-osm-node-7005727190", "name": "Drop in Restaurant & Bar", "nameTh": null, "nameEn": "Drop in Restaurant & Bar", "cat": ["food"], "province": "cm", "slug": "drop-in-restaurant-bar-7005727190", "rank": 1}}, {"type": "Feature", "geometry": {"type": "Point", "coordinates": [99.00998, 18.80086]}, "properties": {"id": "cm-osm-node-9326497622", "name": "ENTHEOS Coffee House", "nameTh": null, "nameEn": "ENTHEOS Coffee House", "cat": ["food"], "province": "cm", "slug": "entheos-coffee-house-9326497622", "rank": 3}}, {"type": "Feature", "geometry": {"type": "Point", "coordinates": [98.99165, 18.7922]}, "properties": {"id": "cm-osm-node-6163434786", "name": "Eat@Lanna", "nameTh": null, "nameEn": "Eat@Lanna", "cat": ["food"], "province": "cm", "slug": "eat-lanna-6163434786", "rank": 1}}, {"type": "Feature", "geometry": {"type": "Point", "coordinates": [98.99423, 18.79028]}, "properties": {"id": "cm-osm-node-4563204089", "name": "El Diablo's Cafe", "nameTh": null, "nameEn": "El Diablo's Burrito", "cat": ["food"], "province": "cm", "slug": "el-diablo-s-burrito-4563204089", "rank": 1}}, {"type": "Feature", "geometry": {"type": "Point", "coordinates": [99.01492, 18.82924]}, "properties": {"id": "cm-osm-node-4352231408", "name": "Enoteca Great Fine Wine", "nameTh": null, "nameEn": "Enoteca Great Fine Wine", "cat": ["food"], "province": "cm", "slug": "enoteca-great-fine-wine-4352231408", "rank": 3}}, {"type": "Feature", "geometry": {"type": "Point", "coordinates": [98.98187, 18.78493]}, "properties": {"id": "cm-osm-node-11409266290", "name": "Falafel and Salad", "nameTh": null, "nameEn": "Falafel and Salad", "cat": ["food"], "province": "cm", "slug": "falafel-and-salad-11409266290", "rank": 2}}, {"type": "Feature", "geometry": {"type": "Point", "coordinates": [99.01326, 18.80047]}, "properties": {"id": "cm-osm-node-5160870421", "name": "Farm Kid Cafe", "nameTh": "Farm Kid Cafe", "nameEn": null, "cat": ["food"], "province": "cm", "slug": "farm-kid-cafe-5160870421", "rank": 1}}, {"type": "Feature", "geometry": {"type": "Point", "coordinates": [98.99093, 18.78868]}, "properties": {"id": "cm-osm-node-4352166790", "name": "Farm Story House Room & Restaurant", "nameTh": null, "nameEn": "Farm Story House Room & Restaurant", "cat": ["food"], "province": "cm", "slug": "farm-story-house-room-restaurant-4352166790", "rank": 1}}, {"type": "Feature", "geometry": {"type": "Point", "coordinates": [99.00549, 18.76559]}, "properties": {"id": "cm-osm-node-12092875878", "name": "Fellowship Cafe & Co-working", "nameTh": null, "nameEn": "Fellowship Cafe & Co-working", "cat": ["business", "food"], "province": "cm", "slug": "fellowship-cafe-co-working-12092875878", "rank": 3}}, {"type": "Feature", "geometry": {"type": "Point", "coordinates": [98.98203, 18.79339]}, "properties": {"id": "cm-osm-node-3385494997", "name": "Fern Forest Cafe", "nameTh": null, "nameEn": "Fern Forest Cafe", "cat": ["food"], "province": "cm", "slug": "fern-forest-cafe-3385494997", "rank": 3}}, {"type": "Feature", "geometry": {"type": "Point", "coordinates": [98.96028, 18.76094]}, "properties": {"id": "cm-osm-node-5291429172", "name": "Fernpresso", "nameTh": null, "nameEn": "Fernpresso", "cat": ["food"], "province": "cm", "slug": "fernpresso-5291429172", "rank": 3}}, {"type": "Feature", "geometry": {"type": "Point", "coordinates": [99.00859, 18.75473]}, "properties": {"id": "cm-osm-node-5201216548", "name": "Fieow Coffee Room", "nameTh": null, "nameEn": "Fieow Coffee Room", "cat": ["food"], "province": "cm", "slug": "fieow-coffee-room-5201216548", "rank": 2}}, {"type": "Feature", "geometry": {"type": "Point", "coordinates": [98.90676, 18.90692]}, "properties": {"id": "cm-osm-node-9483003735", "name": "Fleur Cafe and Eatery", "nameTh": null, "nameEn": "Fleur Cafe and Eatery", "cat": ["food"], "province": "cm", "slug": "fleur-cafe-and-eatery-9483003735", "rank": 3}}, {"type": "Feature", "geometry": {"type": "Point", "coordinates": [98.9671, 18.81223]}, "properties": {"id": "cm-osm-node-7072049862", "name": "Fleur de Mai", "nameTh": null, "nameEn": "Fleur de Mai", "cat": ["food"], "province": "cm", "slug": "fleur-de-mai-7072049862", "rank": 2}}, {"type": "Feature", "geometry": {"type": "Point", "coordinates": [98.97979, 18.80349]}, "properties": {"id": "cm-osm-node-4466102295", "name": "Flips and Flips donuts", "nameTh": null, "nameEn": "Flips and Flips donuts", "cat": ["food"], "province": "cm", "slug": "flips-and-flips-donuts-4466102295", "rank": 2}}, {"type": "Feature", "geometry": {"type": "Point", "coordinates": [98.96892, 18.79485]}, "properties": {"id": "cm-osm-node-6984212486", "name": "Flour Flour", "nameTh": null, "nameEn": "Flour Flour", "cat": ["food"], "province": "cm", "slug": "flour-flour-6984212486", "rank": 1}}, {"type": "Feature", "geometry": {"type": "Point", "coordinates": [98.9616, 18.80604]}, "properties": {"id": "cm-osm-node-10836941005", "name": "Food 4 thought", "nameTh": null, "nameEn": "Food 4 thought", "cat": ["food"], "province": "cm", "slug": "food-4-thought-10836941005", "rank": 1}}, {"type": "Feature", "geometry": {"type": "Point", "coordinates": [99.00768, 18.79609]}, "properties": {"id": "cm-osm-node-11849670169", "name": "Food4Thought East", "nameTh": null, "nameEn": "Food4Thought East", "cat": ["food"], "province": "cm", "slug": "food4thought-east-11849670169", "rank": 3}}, {"type": "Feature", "geometry": {"type": "Point", "coordinates": [98.9886, 18.78493]}, "properties": {"id": "cm-osm-way-761867078", "name": "Fresh Time Vegetarian", "nameTh": null, "nameEn": "Fresh Time Vegetarian", "cat": ["food"], "province": "cm", "slug": "fresh-time-vegetarian-761867078", "rank": 2}}, {"type": "Feature", "geometry": {"type": "Point", "coordinates": [98.9748, 18.79148]}, "properties": {"id": "cm-osm-node-4905277321", "name": "Fresh& Mild", "nameTh": "เฟรชแอนด์ไมลด์", "nameEn": "Fresh& Mild", "cat": ["food"], "province": "cm", "slug": "fresh-mild-4905277321", "rank": 2}}, {"type": "Feature", "geometry": {"type": "Point", "coordinates": [98.99198, 18.79211]}, "properties": {"id": "cm-osm-node-6490366586", "name": "Funky Dog", "nameTh": null, "nameEn": "Funky Dog", "cat": ["food"], "province": "cm", "slug": "funky-dog-6490366586", "rank": 2}}, {"type": "Feature", "geometry": {"type": "Point", "coordinates": [98.99043, 18.78391]}, "properties": {"id": "cm-osm-node-5162833822", "name": "Funky Monkey", "nameTh": null, "nameEn": "Funky Monkey", "cat": ["food"], "province": "cm", "slug": "funky-monkey-5162833822", "rank": 1}}, {"type": "Feature", "geometry": {"type": "Point", "coordinates": [98.98666, 18.79027]}, "properties": {"id": "cm-osm-node-10931030905", "name": "Gallery Drip Coffee Chiang Mai", "nameTh": null, "nameEn": "Gallery Drip Coffee Chiang Mai", "cat": ["food"], "province": "cm", "slug": "gallery-drip-coffee-chiang-mai-10931030905", "rank": 2}}, {"type": "Feature", "geometry": {"type": "Point", "coordinates": [99.08352, 18.76658]}, "properties": {"id": "cm-osm-node-2581625565", "name": "Game Online & Internet", "nameTh": null, "nameEn": "Game Online & Internet", "cat": ["food"], "province": "cm", "slug": "game-online-internet-2581625565", "rank": 2}}, {"type": "Feature", "geometry": {"type": "Point", "coordinates": [98.98413, 18.74519]}, "properties": {"id": "cm-osm-node-4049736452", "name": "Ganesha Kaffee", "nameTh": null, "nameEn": "Ganesha Kaffee", "cat": ["food"], "province": "cm", "slug": "ganesha-kaffee-4049736452", "rank": 1}}, {"type": "Feature", "geometry": {"type": "Point", "coordinates": [98.99609, 18.78828]}, "properties": {"id": "cm-osm-node-5933370534", "name": "Gateway", "nameTh": null, "nameEn": "Gateway", "cat": ["food"], "province": "cm", "slug": "gateway-5933370534", "rank": 1}}, {"type": "Feature", "geometry": {"type": "Point", "coordinates": [98.96804, 18.79687]}, "properties": {"id": "cm-osm-node-13202528902", "name": "Ging Grai", "nameTh": null, "nameEn": "Ging Grai", "cat": ["food"], "province": "cm", "slug": "ging-grai-13202528902", "rank": 2}}, {"type": "Feature", "geometry": {"type": "Point", "coordinates": [98.96927, 18.79759]}, "properties": {"id": "cm-osm-node-3287846761", "name": "Goat Coffee", "nameTh": null, "nameEn": "Goat Coffee", "cat": ["food"], "province": "cm", "slug": "goat-coffee-3287846761", "rank": 1}}, {"type": "Feature", "geometry": {"type": "Point", "coordinates": [99.00302, 18.78359]}, "properties": {"id": "cm-osm-node-10250166809", "name": "Going up", "nameTh": null, "nameEn": "Going up", "cat": ["food"], "province": "cm", "slug": "going-up-10250166809", "rank": 2}}, {"type": "Feature", "geometry": {"type": "Point", "coordinates": [98.98209, 18.79326]}, "properties": {"id": "cm-osm-way-623140246", "name": "Goodsouls Kitchen", "nameTh": null, "nameEn": "Goodsouls Kitchen", "cat": ["food"], "province": "cm", "slug": "goodsouls-kitchen-623140246", "rank": 3}}, {"type": "Feature", "geometry": {"type": "Point", "coordinates": [98.99156, 18.79158]}, "properties": {"id": "cm-osm-way-492846792", "name": "Graph", "nameTh": "Graph Coffee", "nameEn": null, "cat": ["food"], "province": "cm", "slug": "graph-coffee-492846792", "rank": 3}}, {"type": "Feature", "geometry": {"type": "Point", "coordinates": [98.99265, 18.79198]}, "properties": {"id": "cm-osm-node-4292283289", "name": "Graph Table", "nameTh": null, "nameEn": "Star Coffee", "cat": ["food"], "province": "cm", "slug": "star-coffee-4292283289", "rank": 1}}, {"type": "Feature", "geometry": {"type": "Point", "coordinates": [98.98193, 18.78584]}, "properties": {"id": "cm-osm-way-623156415", "name": "Gravity Cafe & Bistro", "nameTh": null, "nameEn": "Gravity Cafe & Bistro", "cat": ["food"], "province": "cm", "slug": "gravity-cafe-bistro-623156415", "rank": 2}}, {"type": "Feature", "geometry": {"type": "Point", "coordinates": [98.98759, 18.78814]}, "properties": {"id": "cm-osm-node-5779361353", "name": "Green Mai", "nameTh": null, "nameEn": "Green Mai", "cat": ["food"], "province": "cm", "slug": "green-mai-5779361353", "rank": 1}}, {"type": "Feature", "geometry": {"type": "Point", "coordinates": [99.00431, 18.79415]}, "properties": {"id": "cm-osm-node-8448819717", "name": "Green O’Clock", "nameTh": null, "nameEn": "Green O’Clock", "cat": ["food"], "province": "cm", "slug": "green-o-clock-8448819717", "rank": 1}}, {"type": "Feature", "geometry": {"type": "Point", "coordinates": [98.98878, 18.78319]}, "properties": {"id": "cm-osm-node-4483086589", "name": "Grill Of India", "nameTh": null, "nameEn": "Grill Of India", "cat": ["food"], "province": "cm", "slug": "grill-of-india-4483086589", "rank": 1}}, {"type": "Feature", "geometry": {"type": "Point", "coordinates": [98.98483, 18.78565]}, "properties": {"id": "cm-osm-node-5585615822", "name": "HP House Cafe", "nameTh": null, "nameEn": "HP House Cafe", "cat": ["food"], "province": "cm", "slug": "hp-house-cafe-5585615822", "rank": 2}}, {"type": "Feature", "geometry": {"type": "Point", "coordinates": [98.98987, 18.77873]}, "properties": {"id": "cm-osm-node-11699795495", "name": "Haiya Ta-bur Experience Space", "nameTh": null, "nameEn": "Haiya Ta-bur Experience Space", "cat": ["food"], "province": "cm", "slug": "haiya-ta-bur-experience-space-11699795495", "rank": 2}}, {"type": "Feature", "geometry": {"type": "Point", "coordinates": [98.96896, 18.78747]}, "properties": {"id": "cm-osm-node-4539213080", "name": "Hana Zono", "nameTh": null, "nameEn": "Hana Zono", "cat": ["food"], "province": "cm", "slug": "hana-zono-4539213080", "rank": 1}}, {"type": "Feature", "geometry": {"type": "Point", "coordinates": [98.89576, 18.68227]}, "properties": {"id": "cm-osm-node-13533499755", "name": "Hangdong Family Minigolf  + German Rrestaurant", "nameTh": null, "nameEn": "Hangdong Family Minigolf  + German Rrestaurant", "cat": ["food"], "province": "cm", "slug": "hangdong-family-minigolf-german-rrestaurant-13533499755", "rank": 4}}, {"type": "Feature", "geometry": {"type": "Point", "coordinates": [98.99671, 18.78393]}, "properties": {"id": "cm-osm-node-2881830813", "name": "Happy Cup", "nameTh": null, "nameEn": "Happy Cup", "cat": ["food"], "province": "cm", "slug": "happy-cup-2881830813", "rank": 1}}, {"type": "Feature", "geometry": {"type": "Point", "coordinates": [99.00181, 18.79453]}, "properties": {"id": "cm-osm-node-7150405587", "name": "Happy Time - Vegan Foods & Salad bar", "nameTh": null, "nameEn": "Happy Time - Vegan Foods & Salad bar", "cat": ["food"], "province": "cm", "slug": "happy-time-vegan-foods-salad-bar-7150405587", "rank": 3}}, {"type": "Feature", "geometry": {"type": "Point", "coordinates": [98.99035, 18.74217]}, "properties": {"id": "cm-osm-node-3860472979", "name": "Have a Nice Cup", "nameTh": null, "nameEn": "Have a Nice Cup", "cat": ["food"], "province": "cm", "slug": "have-a-nice-cup-3860472979", "rank": 2}}, {"type": "Feature", "geometry": {"type": "Point", "coordinates": [99.00061, 18.76918]}, "properties": {"id": "cm-osm-node-4324640989", "name": "Hazz cafe - Hallal (A/C)", "nameTh": null, "nameEn": "Hazz cafe - Hallal (A/C)", "cat": ["food"], "province": "cm", "slug": "hazz-cafe-hallal-a-c-4324640989", "rank": 1}}, {"type": "Feature", "geometry": {"type": "Point", "coordinates": [98.99554, 18.77769]}, "properties": {"id": "cm-osm-node-6160991685", "name": "Heartwork the Sharing Space", "nameTh": null, "nameEn": "Heartwork the Sharing Space", "cat": ["business", "food"], "province": "cm", "slug": "heartwork-the-sharing-space-6160991685", "rank": 2}}, {"type": "Feature", "geometry": {"type": "Point", "coordinates": [98.88539, 18.75575]}, "properties": {"id": "cm-osm-node-3419871303", "name": "Hern Lhin", "nameTh": null, "nameEn": "Hern Lhin", "cat": ["food"], "province": "cm", "slug": "hern-lhin-3419871303", "rank": 1}}, {"type": "Feature", "geometry": {"type": "Point", "coordinates": [99.05407, 18.8154]}, "properties": {"id": "cm-osm-node-7138488188", "name": "Hom Doi Coffee", "nameTh": null, "nameEn": "Hom Doi Coffee", "cat": ["food"], "province": "cm", "slug": "hom-doi-coffee-7138488188", "rank": 1}}, {"type": "Feature", "geometry": {"type": "Point", "coordinates": [99.11125, 18.72004]}, "properties": {"id": "cm-osm-node-7399161957", "name": "Home@29", "nameTh": null, "nameEn": "Home@29", "cat": ["food"], "province": "cm", "slug": "home-29-7399161957", "rank": 2}}, {"type": "Feature", "geometry": {"type": "Point", "coordinates": [98.87134, 18.65877]}, "properties": {"id": "cm-osm-node-13542339943", "name": "Homemade Corner Bake and Slowbar", "nameTh": null, "nameEn": "Homemade Corner Bake and Slowbar", "cat": ["food"], "province": "cm", "slug": "homemade-corner-bake-and-slowbar-13542339943", "rank": 3}}, {"type": "Feature", "geometry": {"type": "Point", "coordinates": [98.93655, 18.76434]}, "properties": {"id": "cm-osm-node-7056149471", "name": "Homglai", "nameTh": null, "nameEn": "Homglai", "cat": ["food"], "province": "cm", "slug": "homglai-7056149471", "rank": 5}}, {"type": "Feature", "geometry": {"type": "Point", "coordinates": [99.02758, 18.77286]}, "properties": {"id": "cm-osm-node-13413161152", "name": "Honey Bee Coffee & Meal", "nameTh": null, "nameEn": "Honey Bee Coffee & Meal", "cat": ["food"], "province": "cm", "slug": "honey-bee-coffee-meal-13413161152", "rank": 3}}, {"type": "Feature", "geometry": {"type": "Point", "coordinates": [98.98471, 18.78907]}, "properties": {"id": "cm-osm-node-3804433409", "name": "Hong Kong Lucky Restaurant", "nameTh": null, "nameEn": "Hong Kong Lucky Restaurant", "cat": ["food"], "province": "cm", "slug": "hong-kong-lucky-restaurant-3804433409", "rank": 1}}, {"type": "Feature", "geometry": {"type": "Point", "coordinates": [98.9778, 18.80836]}, "properties": {"id": "cm-osm-node-5205543123", "name": "Hoomin boardgame house", "nameTh": null, "nameEn": "Hoomin boardgame house", "cat": ["food"], "province": "cm", "slug": "hoomin-boardgame-house-5205543123", "rank": 1}}, {"type": "Feature", "geometry": {"type": "Point", "coordinates": [99.04504, 18.74049]}, "properties": {"id": "cm-osm-node-12389781831", "name": "Hopefully cafe", "nameTh": null, "nameEn": "Hopefully cafe", "cat": ["food"], "province": "cm", "slug": "hopefully-cafe-12389781831", "rank": 3}}, {"type": "Feature", "geometry": {"type": "Point", "coordinates": [98.97543, 18.80294]}, "properties": {"id": "cm-osm-node-4210249666", "name": "Huean Hug Coffee", "nameTh": null, "nameEn": "Huean Hug Coffee", "cat": ["food"], "province": "cm", "slug": "huean-hug-coffee-4210249666", "rank": 2}}, {"type": "Feature", "geometry": {"type": "Point", "coordinates": [98.96645, 18.79797]}, "properties": {"id": "cm-osm-node-5974146485", "name": "I <3 Tom Yum Kung", "nameTh": null, "nameEn": "I love Tom Yam Kung", "cat": ["food"], "province": "cm", "slug": "i-love-tom-yam-kung-5974146485", "rank": 1}}, {"type": "Feature", "geometry": {"type": "Point", "coordinates": [98.95435, 18.79284]}, "properties": {"id": "cm-osm-node-3400272248", "name": "I Like Ice-cream", "nameTh": null, "nameEn": "I Like Ice-cream", "cat": ["food"], "province": "cm", "slug": "i-like-ice-cream-3400272248", "rank": 1}}, {"type": "Feature", "geometry": {"type": "Point", "coordinates": [98.99148, 18.78514]}, "properties": {"id": "cm-osm-way-243115903", "name": "I'P Burger", "nameTh": null, "nameEn": "I'P Burger", "cat": ["food"], "province": "cm", "slug": "i-p-burger-243115903", "rank": 1}}, {"type": "Feature", "geometry": {"type": "Point", "coordinates": [98.99477, 18.78467]}, "properties": {"id": "cm-osm-node-3415499421", "name": "I'm Shy Bar", "nameTh": null, "nameEn": "I'm Shy Bar", "cat": ["food"], "province": "cm", "slug": "i-m-shy-bar-3415499421", "rank": 1}}, {"type": "Feature", "geometry": {"type": "Point", "coordinates": [98.97884, 18.8006]}, "properties": {"id": "cm-osm-node-4519103091", "name": "Imm Aim vegetarian restaurant", "nameTh": null, "nameEn": "Imm Aim vegetarian restaurant", "cat": ["food"], "province": "cm", "slug": "imm-aim-vegetarian-restaurant-4519103091", "rank": 1}}, {"type": "Feature", "geometry": {"type": "Point", "coordinates": [98.9686, 18.79666]}, "properties": {"id": "cm-osm-way-481787811", "name": "Impresso", "nameTh": "อิมเพรสโซ เอสเพรสโซ บาร์", "nameEn": "Impresso Espresso Bar", "cat": ["food"], "province": "cm", "slug": "impresso-espresso-bar-481787811", "rank": 4}}, {"type": "Feature", "geometry": {"type": "Point", "coordinates": [98.95051, 18.81677]}, "properties": {"id": "cm-osm-node-12513786601", "name": "Inchala", "nameTh": null, "nameEn": "Inchala", "cat": ["food"], "province": "cm", "slug": "inchala-12513786601", "rank": 2}}, {"type": "Feature", "geometry": {"type": "Point", "coordinates": [98.99238, 18.79196]}, "properties": {"id": "cm-osm-node-6312076385", "name": "Indish", "nameTh": null, "nameEn": "Indish", "cat": ["food"], "province": "cm", "slug": "indish-6312076385", "rank": 2}}, {"type": "Feature", "geometry": {"type": "Point", "coordinates": [99.04746, 18.75871]}, "properties": {"id": "cm-osm-node-1496929137", "name": "Indy Coffee", "nameTh": null, "nameEn": "Indy Coffee", "cat": ["food"], "province": "cm", "slug": "indy-coffee-1496929137", "rank": 2}}, {"type": "Feature", "geometry": {"type": "Point", "coordinates": [98.97664, 18.77712]}, "properties": {"id": "cm-osm-node-3877442977", "name": "Inthanin Coffee", "nameTh": null, "nameEn": "Inthanin Coffee", "cat": ["food"], "province": "cm", "slug": "inthanin-coffee-3877442977", "rank": 2}}, {"type": "Feature", "geometry": {"type": "Point", "coordinates": [98.98679, 18.79484]}, "properties": {"id": "cm-osm-node-4476187491", "name": "Into the Woods", "nameTh": null, "nameEn": "Into the Woods", "cat": ["food"], "province": "cm", "slug": "into-the-woods-4476187491", "rank": 3}}, {"type": "Feature", "geometry": {"type": "Point", "coordinates": [98.98312, 18.78843]}, "properties": {"id": "cm-osm-node-4295719291", "name": "It's Good Kitchen", "nameTh": null, "nameEn": "Its Good Kitchen", "cat": ["food"], "province": "cm", "slug": "its-good-kitchen-4295719291", "rank": 2}}, {"type": "Feature", "geometry": {"type": "Point", "coordinates": [98.99388, 18.78838]}, "properties": {"id": "cm-osm-node-6975731985", "name": "Jack‘s Kitchen", "nameTh": null, "nameEn": "Jack‘s Kitchen", "cat": ["food"], "province": "cm", "slug": "jack-s-kitchen-6975731985", "rank": 1}}, {"type": "Feature", "geometry": {"type": "Point", "coordinates": [98.96838, 18.7964]}, "properties": {"id": "cm-osm-node-12568119920", "name": "Jaeb", "nameTh": null, "nameEn": "Jaeb", "cat": ["food"], "province": "cm", "slug": "jaeb-12568119920", "rank": 1}}, {"type": "Feature", "geometry": {"type": "Point", "coordinates": [98.99212, 18.7921]}, "properties": {"id": "cm-osm-node-7033502868", "name": "Jaidee Bamboo Huts", "nameTh": null, "nameEn": "Jaidee Bamboo Huts", "cat": ["food"], "province": "cm", "slug": "jaidee-bamboo-huts-7033502868", "rank": 1}}, {"type": "Feature", "geometry": {"type": "Point", "coordinates": [98.99206, 18.79214]}, "properties": {"id": "cm-osm-node-5419968421", "name": "Jaidee Restaurant Bar", "nameTh": null, "nameEn": "Jaidee Restaurant Bar", "cat": ["food"], "province": "cm", "slug": "jaidee-restaurant-bar-5419968421", "rank": 1}}, {"type": "Feature", "geometry": {"type": "Point", "coordinates": [98.97086, 18.79545]}, "properties": {"id": "cm-osm-node-3421202368", "name": "Jang Kub Coffee", "nameTh": null, "nameEn": "Jang Kub Coffee", "cat": ["food"], "province": "cm", "slug": "jang-kub-coffee-3421202368", "rank": 2}}, {"type": "Feature", "geometry": {"type": "Point", "coordinates": [98.96595, 18.8031]}, "properties": {"id": "cm-osm-node-5554356221", "name": "Jazz Me", "nameTh": null, "nameEn": "Jazz Me", "cat": ["food"], "province": "cm", "slug": "jazz-me-5554356221", "rank": 3}}, {"type": "Feature", "geometry": {"type": "Point", "coordinates": [99.01107, 18.78914]}, "properties": {"id": "cm-osm-node-5950919672", "name": "Johoney", "nameTh": null, "nameEn": "Johoney", "cat": ["food"], "province": "cm", "slug": "johoney-5950919672", "rank": 1}}, {"type": "Feature", "geometry": {"type": "Point", "coordinates": [98.99306, 18.79167]}, "properties": {"id": "cm-osm-node-5235926622", "name": "Jojo Smoothies and Thai Food", "nameTh": null, "nameEn": "Jojo Smoothies and Thai Food", "cat": ["food"], "province": "cm", "slug": "jojo-smoothies-and-thai-food-5235926622", "rank": 2}}, {"type": "Feature", "geometry": {"type": "Point", "coordinates": [98.99257, 18.78508]}, "properties": {"id": "cm-osm-node-2040042303", "name": "Juicy4U", "nameTh": null, "nameEn": "Juicy4U", "cat": ["food"], "province": "cm", "slug": "juicy4u-2040042303", "rank": 2}}, {"type": "Feature", "geometry": {"type": "Point", "coordinates": [98.94979, 18.90188]}, "properties": {"id": "cm-osm-node-13733928801", "name": "KFC", "nameTh": null, "nameEn": "KFC", "cat": ["food"], "province": "cm", "slug": "kfc-13733928801", "rank": 1}}, {"type": "Feature", "geometry": {"type": "Point", "coordinates": [98.99514, 18.78595]}, "properties": {"id": "cm-osm-node-4540843289", "name": "KS Lanna Home Co., Ltd", "nameTh": null, "nameEn": "KS Lanna Home Co., Ltd", "cat": ["food"], "province": "cm", "slug": "ks-lanna-home-co-ltd-4540843289", "rank": 2}}, {"type": "Feature", "geometry": {"type": "Point", "coordinates": [98.98682, 18.78815]}, "properties": {"id": "cm-osm-node-4132247489", "name": "Kaldi Coffee House", "nameTh": null, "nameEn": "Kaldi Coffee House", "cat": ["food"], "province": "cm", "slug": "kaldi-coffee-house-4132247489", "rank": 1}}, {"type": "Feature", "geometry": {"type": "Point", "coordinates": [98.99228, 18.78511]}, "properties": {"id": "cm-osm-node-4269249491", "name": "Kat's Kitchen", "nameTh": null, "nameEn": "Kat's Kitchen", "cat": ["food"], "province": "cm", "slug": "kat-s-kitchen-4269249491", "rank": 1}}, {"type": "Feature", "geometry": {"type": "Point", "coordinates": [98.98861, 18.78806]}, "properties": {"id": "cm-osm-node-4623096989", "name": "Kati breakfast & brunch", "nameTh": null, "nameEn": "Kati breakfast & brunch", "cat": ["food"], "province": "cm", "slug": "kati-breakfast-brunch-4623096989", "rank": 1}}, {"type": "Feature", "geometry": {"type": "Point", "coordinates": [99.00527, 18.78621]}, "properties": {"id": "cm-osm-way-582865691", "name": "Khagee", "nameTh": null, "nameEn": "Khagee", "cat": ["food"], "province": "cm", "slug": "khagee-582865691", "rank": 1}}, {"type": "Feature", "geometry": {"type": "Point", "coordinates": [98.97933, 18.78581]}, "properties": {"id": "cm-osm-node-5151157021", "name": "Khaotok cuisine", "nameTh": null, "nameEn": "Khaotok cuisine", "cat": ["food"], "province": "cm", "slug": "khaotok-cuisine-5151157021", "rank": 1}}, {"type": "Feature", "geometry": {"type": "Point", "coordinates": [98.8561, 18.63455]}, "properties": {"id": "cm-osm-node-6379770685", "name": "Khim's Kitchen", "nameTh": null, "nameEn": "Khim's Kitchen", "cat": ["food"], "province": "cm", "slug": "khim-s-kitchen-6379770685", "rank": 1}}, {"type": "Feature", "geometry": {"type": "Point", "coordinates": [98.98212, 18.79528]}, "properties": {"id": "cm-osm-node-10958910205", "name": "Khum Hom Cafe", "nameTh": null, "nameEn": "Khum Hom Cafe", "cat": ["food"], "province": "cm", "slug": "khum-hom-cafe-10958910205", "rank": 2}}, {"type": "Feature", "geometry": {"type": "Point", "coordinates": [98.99165, 18.79281]}, "properties": {"id": "cm-osm-node-5287018021", "name": "Khun Kae's Juice Bar", "nameTh": null, "nameEn": "Khun Kae's Juice Bar", "cat": ["food"], "province": "cm", "slug": "khun-kae-s-juice-bar-5287018021", "rank": 3}}, {"type": "Feature", "geometry": {"type": "Point", "coordinates": [98.99975, 18.77561]}, "properties": {"id": "cm-osm-node-5263165321", "name": "Kin Lum Vegetarian", "nameTh": null, "nameEn": "Kin Lum Vegetarian", "cat": ["food"], "province": "cm", "slug": "kin-lum-vegetarian-5263165321", "rank": 2}}, {"type": "Feature", "geometry": {"type": "Point", "coordinates": [98.98112, 18.80305]}, "properties": {"id": "cm-osm-node-9872146918", "name": "Kinphak Cafe (Cmu vegan Food)", "nameTh": null, "nameEn": "Kinphak Cafe (Cmu vegan Food)", "cat": ["food"], "province": "cm", "slug": "kinphak-cafe-cmu-vegan-food-9872146918", "rank": 2}}, {"type": "Feature", "geometry": {"type": "Point", "coordinates": [98.975, 18.7988]}, "properties": {"id": "cm-osm-node-5625897221", "name": "Kitchen 7", "nameTh": null, "nameEn": "Outside In", "cat": ["food"], "province": "cm", "slug": "outside-in-5625897221", "rank": 1}}, {"type": "Feature", "geometry": {"type": "Point", "coordinates": [98.94782, 18.7637]}, "properties": {"id": "cm-osm-node-9435600318", "name": "Kitipong", "nameTh": null, "nameEn": "Kitipong", "cat": ["food"], "province": "cm", "slug": "kitipong-9435600318", "rank": 1}}, {"type": "Feature", "geometry": {"type": "Point", "coordinates": [98.98899, 18.78098]}, "properties": {"id": "cm-osm-node-13173530101", "name": "Koff & Things", "nameTh": null, "nameEn": "Koff & Things", "cat": ["food"], "province": "cm", "slug": "koff-things-13173530101", "rank": 2}}, {"type": "Feature", "geometry": {"type": "Point", "coordinates": [98.95355, 18.80159]}, "properties": {"id": "cm-osm-node-2434791094", "name": "Kopi Gusto", "nameTh": null, "nameEn": "Kopi Gusto", "cat": ["food"], "province": "cm", "slug": "kopi-gusto-2434791094", "rank": 1}}, {"type": "Feature", "geometry": {"type": "Point", "coordinates": [99.06889, 18.77045]}, "properties": {"id": "cm-osm-node-6222380687", "name": "Kradas cafe", "nameTh": null, "nameEn": "Kradas cafe", "cat": ["food"], "province": "cm", "slug": "kradas-cafe-6222380687", "rank": 2}}, {"type": "Feature", "geometry": {"type": "Point", "coordinates": [98.82155, 18.88606]}, "properties": {"id": "cm-osm-node-4581291005", "name": "Krua Ban Chan", "nameTh": null, "nameEn": "Krua Ban Chan", "cat": ["food"], "province": "cm", "slug": "krua-ban-chan-4581291005", "rank": 3}}, {"type": "Feature", "geometry": {"type": "Point", "coordinates": [99.00145, 18.766]}, "properties": {"id": "cm-osm-node-3983431257", "name": "Krusty's Bar & Grill", "nameTh": null, "nameEn": "Krusty's Bar & Grill", "cat": ["food"], "province": "cm", "slug": "krusty-s-bar-grill-3983431257", "rank": 3}}, {"type": "Feature", "geometry": {"type": "Point", "coordinates": [98.99212, 18.79051]}, "properties": {"id": "cm-osm-node-4646626289", "name": "La Boutique della Pasta", "nameTh": null, "nameEn": "La Boutique della Pasta", "cat": ["food"], "province": "cm", "slug": "la-boutique-della-pasta-4646626289", "rank": 1}}, {"type": "Feature", "geometry": {"type": "Point", "coordinates": [98.99107, 18.78524]}, "properties": {"id": "cm-osm-node-1416857573", "name": "La Fontana", "nameTh": null, "nameEn": "La Fontana", "cat": ["food"], "province": "cm", "slug": "la-fontana-1416857573", "rank": 3}}, {"type": "Feature", "geometry": {"type": "Point", "coordinates": [98.99192, 18.79277]}, "properties": {"id": "cm-osm-node-5271447023", "name": "LadyBake", "nameTh": null, "nameEn": "LadyBake", "cat": ["food"], "province": "cm", "slug": "ladybake-5271447023", "rank": 1}}, {"type": "Feature", "geometry": {"type": "Point", "coordinates": [99.03947, 18.78083]}, "properties": {"id": "cm-osm-node-5561163722", "name": "Lamdee Cafe", "nameTh": null, "nameEn": "Lamdee Cafe", "cat": ["food"], "province": "cm", "slug": "lamdee-cafe-5561163722", "rank": 3}}, {"type": "Feature", "geometry": {"type": "Point", "coordinates": [99.00909, 18.78569]}, "properties": {"id": "cm-osm-node-10227768517", "name": "Lamoon Dee Coffe expresso bar", "nameTh": null, "nameEn": "Lamoon Dee Coffe expresso bar", "cat": ["food"], "province": "cm", "slug": "lamoon-dee-coffe-expresso-bar-10227768517", "rank": 1}}, {"type": "Feature", "geometry": {"type": "Point", "coordinates": [99.00328, 18.79408]}, "properties": {"id": "cm-osm-node-8462931818", "name": "Later On Cafe", "nameTh": null, "nameEn": "Later On Cafe", "cat": ["food"], "province": "cm", "slug": "later-on-cafe-8462931818", "rank": 3}}, {"type": "Feature", "geometry": {"type": "Point", "coordinates": [99.13512, 18.90601]}, "properties": {"id": "cm-osm-node-2531723595", "name": "Le Cafe Doisaket", "nameTh": null, "nameEn": "Le Cafe Doisaket", "cat": ["food"], "province": "cm", "slug": "le-cafe-doisaket-2531723595", "rank": 2}}, {"type": "Feature", "geometry": {"type": "Point", "coordinates": [98.99166, 18.79404]}, "properties": {"id": "cm-osm-node-4476768997", "name": "Le Frenchie", "nameTh": null, "nameEn": "Le Frenchie", "cat": ["food"], "province": "cm", "slug": "le-frenchie-4476768997", "rank": 3}}, {"type": "Feature", "geometry": {"type": "Point", "coordinates": [98.97812, 18.78316]}, "properties": {"id": "cm-osm-node-4721967593", "name": "Le Kaa", "nameTh": null, "nameEn": "Le Kaa", "cat": ["food"], "province": "cm", "slug": "le-kaa-4721967593", "rank": 1}}, {"type": "Feature", "geometry": {"type": "Point", "coordinates": [98.98409, 18.83666]}, "properties": {"id": "cm-osm-node-9317017217", "name": "Lee Cafe", "nameTh": null, "nameEn": "Lee Cafe", "cat": ["food"], "province": "cm", "slug": "lee-cafe-9317017217", "rank": 3}}, {"type": "Feature", "geometry": {"type": "Point", "coordinates": [98.93892, 18.73321]}, "properties": {"id": "cm-osm-node-8972417444", "name": "Lee Cafe Chiangmai", "nameTh": null, "nameEn": "Lee Cafe Chiangmai", "cat": ["food"], "province": "cm", "slug": "lee-cafe-chiangmai-8972417444", "rank": 2}}, {"type": "Feature", "geometry": {"type": "Point", "coordinates": [98.97424, 18.79809]}, "properties": {"id": "cm-osm-node-3304369803", "name": "Lemontree", "nameTh": "ร้านเลม่อนทรี", "nameEn": "Lemontree", "cat": ["food"], "province": "cm", "slug": "lemontree-3304369803", "rank": 4}}, {"type": "Feature", "geometry": {"type": "Point", "coordinates": [98.96882, 18.79846]}, "properties": {"id": "cm-osm-node-3168260766", "name": "Librarista", "nameTh": "Yellow", "nameEn": null, "cat": ["food"], "province": "cm", "slug": "yellow-3168260766", "rank": 2}}, {"type": "Feature", "geometry": {"type": "Point", "coordinates": [99.02473, 18.80155]}, "properties": {"id": "cm-osm-node-6059577985", "name": "Life coffee", "nameTh": null, "nameEn": "Life coffee", "cat": ["food"], "province": "cm", "slug": "life-coffee-6059577985", "rank": 3}}, {"type": "Feature", "geometry": {"type": "Point", "coordinates": [98.98997, 18.79787]}, "properties": {"id": "cm-osm-node-6015393595", "name": "Light Up Cafe", "nameTh": null, "nameEn": "Light Up Cafe", "cat": ["food"], "province": "cm", "slug": "light-up-cafe-6015393595", "rank": 2}}, {"type": "Feature", "geometry": {"type": "Point", "coordinates": [98.97938, 18.79841]}, "properties": {"id": "cm-osm-node-6865465685", "name": "Light Up Cafe", "nameTh": "Great and Cheap coffee!", "nameEn": "Light Up Cafe x Rabbit Hole", "cat": ["food"], "province": "cm", "slug": "light-up-cafe-x-rabbit-hole-6865465685", "rank": 3}}, {"type": "Feature", "geometry": {"type": "Point", "coordinates": [98.97766, 18.80191]}, "properties": {"id": "cm-osm-node-7252691885", "name": "Lim's coffee", "nameTh": null, "nameEn": "Lim's coffee", "cat": ["food"], "province": "cm", "slug": "lim-s-coffee-7252691885", "rank": 1}}, {"type": "Feature", "geometry": {"type": "Point", "coordinates": [99.00031, 18.78334]}, "properties": {"id": "cm-osm-node-6130084885", "name": "Little Istanbul", "nameTh": null, "nameEn": "Little Istanbul", "cat": ["food"], "province": "cm", "slug": "little-istanbul-6130084885", "rank": 1}}, {"type": "Feature", "geometry": {"type": "Point", "coordinates": [98.94992, 18.80497]}, "properties": {"id": "cm-osm-way-311212963", "name": "Living a Dream", "nameTh": null, "nameEn": "Living a Dream", "cat": ["food"], "province": "cm", "slug": "living-a-dream-311212963", "rank": 1}}, {"type": "Feature", "geometry": {"type": "Point", "coordinates": [98.99166, 18.79203]}, "properties": {"id": "cm-osm-way-492846798", "name": "Lucky too", "nameTh": "18 Cottage", "nameEn": null, "cat": ["food"], "province": "cm", "slug": "18-cottage-492846798", "rank": 1}}, {"type": "Feature", "geometry": {"type": "Point", "coordinates": [98.97779, 18.80472]}, "properties": {"id": "cm-osm-node-9864967717", "name": "Lucky's vietnamiese", "nameTh": null, "nameEn": "Lucky's vietnamiese", "cat": ["food"], "province": "cm", "slug": "lucky-s-vietnamiese-9864967717", "rank": 2}}, {"type": "Feature", "geometry": {"type": "Point", "coordinates": [99.00319, 18.78146]}, "properties": {"id": "cm-osm-node-3326560610", "name": "L‘Opéra", "nameTh": null, "nameEn": "L'Opera French Bakery", "cat": ["food"], "province": "cm", "slug": "l-opera-french-bakery-3326560610", "rank": 2}}, {"type": "Feature", "geometry": {"type": "Point", "coordinates": [99.04159, 18.77382]}, "properties": {"id": "cm-osm-node-1314781606", "name": "Ma Che're", "nameTh": null, "nameEn": "Ma Che're", "cat": ["food"], "province": "cm", "slug": "ma-che-re-1314781606", "rank": 1}}, {"type": "Feature", "geometry": {"type": "Point", "coordinates": [98.99413, 18.78117]}, "properties": {"id": "cm-osm-node-4586796889", "name": "Ma-Chill", "nameTh": null, "nameEn": "Ma-Chill", "cat": ["food"], "province": "cm", "slug": "ma-chill-4586796889", "rank": 3}}, {"type": "Feature", "geometry": {"type": "Point", "coordinates": [98.97933, 18.79846]}, "properties": {"id": "cm-osm-node-5146615823", "name": "Mac Cafe", "nameTh": null, "nameEn": "Mac Cafe", "cat": ["food"], "province": "cm", "slug": "mac-cafe-5146615823", "rank": 1}}, {"type": "Feature", "geometry": {"type": "Point", "coordinates": [99.00831, 18.75556]}, "properties": {"id": "cm-osm-way-314677553", "name": "Mad? Cafe", "nameTh": null, "nameEn": "Mad? Cafe", "cat": ["food"], "province": "cm", "slug": "mad-cafe-314677553", "rank": 1}}, {"type": "Feature", "geometry": {"type": "Point", "coordinates": [98.96238, 18.78974]}, "properties": {"id": "cm-osm-node-5933370532", "name": "Maled", "nameTh": null, "nameEn": "Maled", "cat": ["food"], "province": "cm", "slug": "maled-5933370532", "rank": 1}}, {"type": "Feature", "geometry": {"type": "Point", "coordinates": [98.99443, 18.79397]}, "properties": {"id": "cm-osm-node-4286090990", "name": "Marlboro House", "nameTh": null, "nameEn": "Marlboro House", "cat": ["food"], "province": "cm", "slug": "marlboro-house-4286090990", "rank": 1}}, {"type": "Feature", "geometry": {"type": "Point", "coordinates": [99.00146, 18.7944]}, "properties": {"id": "cm-osm-node-5933370535", "name": "Marocchino", "nameTh": null, "nameEn": "Marocchino", "cat": ["food"], "province": "cm", "slug": "marocchino-5933370535", "rank": 1}}, {"type": "Feature", "geometry": {"type": "Point", "coordinates": [98.9944, 18.78972]}, "properties": {"id": "cm-osm-node-4529653891", "name": "May Kaidee's Restaurant & Cooking School (Thai Vegetarian, Vegan Food)", "nameTh": null, "nameEn": "May Kaidee's Restaurant & Cooking School (Thai Vegetarian, Vegan Food)", "cat": ["cooking", "food"], "province": "cm", "slug": "may-kaidee-s-restaurant-cooking-school-thai-vegetarian-vegan-4529653891", "rank": 4}}, {"type": "Feature", "geometry": {"type": "Point", "coordinates": [98.9938, 18.76508]}, "properties": {"id": "cm-osm-node-5643724022", "name": "Mei Jiang", "nameTh": null, "nameEn": "Mei Jiang", "cat": ["food"], "province": "cm", "slug": "mei-jiang-5643724022", "rank": 3}}, {"type": "Feature", "geometry": {"type": "Point", "coordinates": [98.99054, 18.78402]}, "properties": {"id": "cm-osm-node-6463555785", "name": "Mickey Cafe", "nameTh": null, "nameEn": "Mickey Cafe", "cat": ["food"], "province": "cm", "slug": "mickey-cafe-6463555785", "rank": 1}}, {"type": "Feature", "geometry": {"type": "Point", "coordinates": [98.9959, 18.7843]}, "properties": {"id": "cm-osm-node-3414272480", "name": "Mike Pizza", "nameTh": null, "nameEn": "Mike Pizza", "cat": ["food"], "province": "cm", "slug": "mike-pizza-3414272480", "rank": 1}}, {"type": "Feature", "geometry": {"type": "Point", "coordinates": [98.95037, 18.79116]}, "properties": {"id": "cm-osm-node-9084096823", "name": "Milk on the rock", "nameTh": null, "nameEn": "Milk on the rock", "cat": ["food"], "province": "cm", "slug": "milk-on-the-rock-9084096823", "rank": 2}}, {"type": "Feature", "geometry": {"type": "Point", "coordinates": [98.99427, 18.76579]}, "properties": {"id": "cm-osm-node-9351789417", "name": "Mingmitr Coffee", "nameTh": null, "nameEn": "Mingmitr Coffee", "cat": ["food"], "province": "cm", "slug": "mingmitr-coffee-9351789417", "rank": 3}}, {"type": "Feature", "geometry": {"type": "Point", "coordinates": [98.97901, 18.78194]}, "properties": {"id": "cm-osm-way-318784039", "name": "Minimal Coffee Maker", "nameTh": null, "nameEn": "Minimal Coffee Maker", "cat": ["food"], "province": "cm", "slug": "minimal-coffee-maker-318784039", "rank": 2}}, {"type": "Feature", "geometry": {"type": "Point", "coordinates": [98.98716, 18.78574]}, "properties": {"id": "cm-osm-node-5203695537", "name": "Miranda's café", "nameTh": null, "nameEn": "Miranda's café", "cat": ["food"], "province": "cm", "slug": "miranda-s-caf-5203695537", "rank": 1}}, {"type": "Feature", "geometry": {"type": "Point", "coordinates": [98.99487, 18.7879]}, "properties": {"id": "cm-osm-node-13518858073", "name": "Mo Restaurant & Bar", "nameTh": null, "nameEn": "Mo Restaurant & Bar", "cat": ["food"], "province": "cm", "slug": "mo-restaurant-bar-13518858073", "rank": 1}}, {"type": "Feature", "geometry": {"type": "Point", "coordinates": [99.07455, 18.72045]}, "properties": {"id": "cm-osm-node-5307634591", "name": "Monfai's Cafe", "nameTh": null, "nameEn": "Monfai's Cafe", "cat": ["food"], "province": "cm", "slug": "monfai-s-cafe-5307634591", "rank": 1}}, {"type": "Feature", "geometry": {"type": "Point", "coordinates": [98.96688, 18.7982]}, "properties": {"id": "cm-osm-node-1074595752", "name": "Mont Blanc", "nameTh": null, "nameEn": "Mont Blanc", "cat": ["food"], "province": "cm", "slug": "mont-blanc-1074595752", "rank": 3}}, {"type": "Feature", "geometry": {"type": "Point", "coordinates": [98.97852, 18.80454]}, "properties": {"id": "cm-osm-node-13734010903", "name": "Mood:D", "nameTh": null, "nameEn": "Mood:D", "cat": ["food"], "province": "cm", "slug": "mood-d-13734010903", "rank": 1}}, {"type": "Feature", "geometry": {"type": "Point", "coordinates": [98.98231, 18.80269]}, "properties": {"id": "cm-osm-node-4441486862", "name": "Moom la Moon Café", "nameTh": "มมุ ละมนุคาเฟ่", "nameEn": "Moom la Moon Café", "cat": ["food"], "province": "cm", "slug": "moom-la-moon-caf-4441486862", "rank": 3}}, {"type": "Feature", "geometry": {"type": "Point", "coordinates": [98.83574, 18.66503]}, "properties": {"id": "cm-osm-node-5372322922", "name": "Moowhan Coffee", "nameTh": null, "nameEn": "Moowhan Coffee", "cat": ["food"], "province": "cm", "slug": "moowhan-coffee-5372322922", "rank": 1}}, {"type": "Feature", "geometry": {"type": "Point", "coordinates": [98.94589, 18.77228]}, "properties": {"id": "cm-osm-node-12658068482", "name": "More Craft", "nameTh": null, "nameEn": "More Craft", "cat": ["food"], "province": "cm", "slug": "more-craft-12658068482", "rank": 3}}, {"type": "Feature", "geometry": {"type": "Point", "coordinates": [98.9642, 18.79969]}, "properties": {"id": "cm-osm-node-13202529004", "name": "Morestto", "nameTh": null, "nameEn": "Morestto", "cat": ["food"], "province": "cm", "slug": "morestto-13202529004", "rank": 1}}, {"type": "Feature", "geometry": {"type": "Point", "coordinates": [98.9863, 18.79509]}, "properties": {"id": "cm-osm-node-4333699923", "name": "Mountain view garden restaurant", "nameTh": null, "nameEn": "Mountain view garden restaurant", "cat": ["food"], "province": "cm", "slug": "mountain-view-garden-restaurant-4333699923", "rank": 4}}, {"type": "Feature", "geometry": {"type": "Point", "coordinates": [98.98545, 18.78866]}, "properties": {"id": "cm-osm-node-4868944821", "name": "Mr. Kai 2 & K.Mango", "nameTh": null, "nameEn": "Mr. Kai 2 & K.Mango", "cat": ["food"], "province": "cm", "slug": "mr-kai-2-k-mango-4868944821", "rank": 1}}, {"type": "Feature", "geometry": {"type": "Point", "coordinates": [98.98371, 18.7897]}, "properties": {"id": "cm-osm-node-4599304291", "name": "Mu toon 9", "nameTh": null, "nameEn": "Mu toon 9", "cat": ["food"], "province": "cm", "slug": "mu-toon-9-4599304291", "rank": 1}}, {"type": "Feature", "geometry": {"type": "Point", "coordinates": [98.96565, 18.79666]}, "properties": {"id": "cm-osm-node-4477015474", "name": "Mu's Katsu", "nameTh": null, "nameEn": "Mu's Katsu", "cat": ["food"], "province": "cm", "slug": "mu-s-katsu-4477015474", "rank": 2}}, {"type": "Feature", "geometry": {"type": "Point", "coordinates": [99.04343, 18.84496]}, "properties": {"id": "cm-osm-node-7042842385", "name": "Muanchon", "nameTh": null, "nameEn": "Muanchon", "cat": ["food"], "province": "cm", "slug": "muanchon-7042842385", "rank": 2}}, {"type": "Feature", "geometry": {"type": "Point", "coordinates": [98.93393, 18.75289]}, "properties": {"id": "cm-osm-node-13994098801", "name": "Munchies Café", "nameTh": null, "nameEn": "Munchies Café", "cat": ["food"], "province": "cm", "slug": "munchies-caf-13994098801", "rank": 2}}, {"type": "Feature", "geometry": {"type": "Point", "coordinates": [98.98323, 18.7881]}, "properties": {"id": "cm-osm-node-3907871477", "name": "My Secret Cafe", "nameTh": null, "nameEn": "My Secret Cafe", "cat": ["food"], "province": "cm", "slug": "my-secret-cafe-3907871477", "rank": 1}}, {"type": "Feature", "geometry": {"type": "Point", "coordinates": [98.97069, 18.79011]}, "properties": {"id": "cm-osm-node-9352537020", "name": "My Vietnam", "nameTh": null, "nameEn": "My Vietnam", "cat": ["food"], "province": "cm", "slug": "my-vietnam-9352537020", "rank": 5}}, {"type": "Feature", "geometry": {"type": "Point", "coordinates": [98.98498, 18.78957]}, "properties": {"id": "cm-osm-node-2466401386", "name": "NAP'S Coffee Roaster", "nameTh": null, "nameEn": "NAP'S Coffee Roaster", "cat": ["food"], "province": "cm", "slug": "nap-s-coffee-roaster-2466401386", "rank": 2}}, {"type": "Feature", "geometry": {"type": "Point", "coordinates": [98.94593, 18.68986]}, "properties": {"id": "cm-osm-node-11032795792", "name": "NK Cafe", "nameTh": "เอ็น เค คาเฟ่", "nameEn": "NK Cafe", "cat": ["food"], "province": "cm", "slug": "nk-cafe-11032795792", "rank": 4}}, {"type": "Feature", "geometry": {"type": "Point", "coordinates": [98.99145, 18.79232]}, "properties": {"id": "cm-osm-way-492846698", "name": "NOWHERE COFFEE BREWERS", "nameTh": null, "nameEn": "NOWHERE COFFEE BREWERS", "cat": ["food"], "province": "cm", "slug": "nowhere-coffee-brewers-492846698", "rank": 3}}, {"type": "Feature", "geometry": {"type": "Point", "coordinates": [98.98586, 18.79052]}, "properties": {"id": "cm-osm-node-4403625389", "name": "Naree Coffee De'Klangwaing", "nameTh": null, "nameEn": "Naree Coffee De'Klangwaing", "cat": ["food"], "province": "cm", "slug": "naree-coffee-de-klangwaing-4403625389", "rank": 1}}, {"type": "Feature", "geometry": {"type": "Point", "coordinates": [99.05954, 18.71401]}, "properties": {"id": "cm-osm-node-5824910727", "name": "Nekoemon Cafe", "nameTh": null, "nameEn": "Nekoemon Cafe", "cat": ["food"], "province": "cm", "slug": "nekoemon-cafe-5824910727", "rank": 1}}, {"type": "Feature", "geometry": {"type": "Point", "coordinates": [98.97105, 18.78595]}, "properties": {"id": "cm-osm-node-13808725177", "name": "Neno Coffee", "nameTh": null, "nameEn": "Neno Coffee", "cat": ["food"], "province": "cm", "slug": "neno-coffee-13808725177", "rank": 3}}, {"type": "Feature", "geometry": {"type": "Point", "coordinates": [98.99065, 18.79074]}, "properties": {"id": "cm-osm-node-1491262428", "name": "New Delhi", "nameTh": null, "nameEn": "New Delhi", "cat": ["food"], "province": "cm", "slug": "new-delhi-1491262428", "rank": 1}}, {"type": "Feature", "geometry": {"type": "Point", "coordinates": [98.96689, 18.797]}, "properties": {"id": "cm-osm-node-13202531601", "name": "Nine One Coffee", "nameTh": null, "nameEn": "Nine One Coffee", "cat": ["food"], "province": "cm", "slug": "nine-one-coffee-13202531601", "rank": 2}}, {"type": "Feature", "geometry": {"type": "Point", "coordinates": [98.98267, 18.78266]}, "properties": {"id": "cm-osm-node-5344719921", "name": "Nok Kafe", "nameTh": null, "nameEn": "Nok Kafe", "cat": ["food"], "province": "cm", "slug": "nok-kafe-5344719921", "rank": 1}}, {"type": "Feature", "geometry": {"type": "Point", "coordinates": [99.00383, 18.78402]}, "properties": {"id": "cm-osm-node-4911778421", "name": "Nok Smoothie bar", "nameTh": null, "nameEn": "Nok Smoothie bar", "cat": ["food"], "province": "cm", "slug": "nok-smoothie-bar-4911778421", "rank": 2}}, {"type": "Feature", "geometry": {"type": "Point", "coordinates": [98.98182, 18.78326]}, "properties": {"id": "cm-osm-node-6372428087", "name": "Nophaburi Bar", "nameTh": null, "nameEn": "Nophaburi Bar", "cat": ["food"], "province": "cm", "slug": "nophaburi-bar-6372428087", "rank": 1}}, {"type": "Feature", "geometry": {"type": "Point", "coordinates": [98.95671, 18.72899]}, "properties": {"id": "cm-osm-node-12224034589", "name": "Num Sha", "nameTh": null, "nameEn": "Num Sha", "cat": ["food"], "province": "cm", "slug": "num-sha-12224034589", "rank": 2}}, {"type": "Feature", "geometry": {"type": "Point", "coordinates": [98.99342, 18.79379]}, "properties": {"id": "cm-osm-way-255927418", "name": "Number 9", "nameTh": null, "nameEn": "Number 9", "cat": ["food"], "province": "cm", "slug": "number-9-255927418", "rank": 1}}, {"type": "Feature", "geometry": {"type": "Point", "coordinates": [99.00888, 18.79038]}, "properties": {"id": "cm-osm-node-8485866117", "name": "O R B Cafe", "nameTh": null, "nameEn": "O R B Cafe", "cat": ["food"], "province": "cm", "slug": "o-r-b-cafe-8485866117", "rank": 3}}, {"type": "Feature", "geometry": {"type": "Point", "coordinates": [99.00047, 18.78242]}, "properties": {"id": "cm-osm-node-4711807589", "name": "O'Malley's Irish Pub", "nameTh": null, "nameEn": "O'Malley's Irish Pub", "cat": ["food"], "province": "cm", "slug": "o-malley-s-irish-pub-4711807589", "rank": 4}}, {"type": "Feature", "geometry": {"type": "Point", "coordinates": [98.95521, 18.78919]}, "properties": {"id": "cm-osm-node-3935432857", "name": "Ocha Coffee", "nameTh": null, "nameEn": "Ocha Coffee", "cat": ["food"], "province": "cm", "slug": "ocha-coffee-3935432857", "rank": 1}}, {"type": "Feature", "geometry": {"type": "Point", "coordinates": [98.96732, 18.79665]}, "properties": {"id": "cm-osm-node-12250855974", "name": "October Flavor Coffee", "nameTh": null, "nameEn": "October Flavor Coffee", "cat": ["food"], "province": "cm", "slug": "october-flavor-coffee-12250855974", "rank": 2}}, {"type": "Feature", "geometry": {"type": "Point", "coordinates": [99.00239, 18.79727]}, "properties": {"id": "cm-osm-node-3207247636", "name": "Oldies", "nameTh": null, "nameEn": "Oldies", "cat": ["food"], "province": "cm", "slug": "oldies-3207247636", "rank": 1}}, {"type": "Feature", "geometry": {"type": "Point", "coordinates": [98.97424, 18.79905]}, "properties": {"id": "cm-osm-node-4505551231", "name": "Ombra Cafe", "nameTh": null, "nameEn": "Ombra Cafe", "cat": ["food"], "province": "cm", "slug": "ombra-cafe-4505551231", "rank": 2}}, {"type": "Feature", "geometry": {"type": "Point", "coordinates": [98.97379, 18.81367]}, "properties": {"id": "cm-osm-node-4265502391", "name": "Omnia", "nameTh": null, "nameEn": "Omnia", "cat": ["food"], "province": "cm", "slug": "omnia-4265502391", "rank": 2}}, {"type": "Feature", "geometry": {"type": "Point", "coordinates": [98.97164, 18.79606]}, "properties": {"id": "cm-osm-node-12401425802", "name": "On the Bread", "nameTh": null, "nameEn": "On the Bread", "cat": ["food"], "province": "cm", "slug": "on-the-bread-12401425802", "rank": 2}}, {"type": "Feature", "geometry": {"type": "Point", "coordinates": [98.95232, 18.80389]}, "properties": {"id": "cm-osm-node-2434787311", "name": "PAK Cafe", "nameTh": null, "nameEn": "PAK Cafe", "cat": ["food"], "province": "cm", "slug": "pak-cafe-2434787311", "rank": 2}}, {"type": "Feature", "geometry": {"type": "Point", "coordinates": [99.00522, 18.83505]}, "properties": {"id": "cm-osm-node-13266867245", "name": "PLUTO", "nameTh": null, "nameEn": "PLUTO", "cat": ["food"], "province": "cm", "slug": "pluto-13266867245", "rank": 3}}, {"type": "Feature", "geometry": {"type": "Point", "coordinates": [99.0165, 18.77864]}, "properties": {"id": "cm-osm-node-10917037905", "name": "POHSOP local-rice eatery vegetarian", "nameTh": null, "nameEn": "POHSOP local-rice eatery vegetarian", "cat": ["food"], "province": "cm", "slug": "pohsop-local-rice-eatery-vegetarian-10917037905", "rank": 3}}, {"type": "Feature", "geometry": {"type": "Point", "coordinates": [98.97957, 18.79137]}, "properties": {"id": "cm-osm-node-13850510801", "name": "Pa Rang Cafe & Art Stay", "nameTh": null, "nameEn": "Pa Rang Cafe & Art Stay", "cat": ["food"], "province": "cm", "slug": "pa-rang-cafe-art-stay-13850510801", "rank": 1}}, {"type": "Feature", "geometry": {"type": "Point", "coordinates": [98.98666, 18.78835]}, "properties": {"id": "cm-osm-node-2442812998", "name": "Pacamara", "nameTh": "พาคามารา", "nameEn": "Pacamara", "cat": ["food"], "province": "cm", "slug": "pacamara-2442812998", "rank": 2}}, {"type": "Feature", "geometry": {"type": "Point", "coordinates": [99.14309, 18.88076]}, "properties": {"id": "cm-osm-node-12313548512", "name": "Padthai @Doisaket", "nameTh": null, "nameEn": "Padthai @Doisaket", "cat": ["food"], "province": "cm", "slug": "padthai-doisaket-12313548512", "rank": 3}}, {"type": "Feature", "geometry": {"type": "Point", "coordinates": [98.99279, 18.78792]}, "properties": {"id": "cm-osm-node-3277470021", "name": "Pai Doi Coffee", "nameTh": null, "nameEn": "Pai Doi Coffee", "cat": ["food"], "province": "cm", "slug": "pai-doi-coffee-3277470021", "rank": 1}}, {"type": "Feature", "geometry": {"type": "Point", "coordinates": [98.99469, 18.78102]}, "properties": {"id": "cm-osm-node-6261439685", "name": "Pakorn’s Kitchen", "nameTh": null, "nameEn": "Pakorn’s Kitchen", "cat": ["food"], "province": "cm", "slug": "pakorn-s-kitchen-6261439685", "rank": 2}}, {"type": "Feature", "geometry": {"type": "Point", "coordinates": [98.93273, 18.93456]}, "properties": {"id": "cm-osm-way-760725626", "name": "Pamayea", "nameTh": null, "nameEn": "Pamayea", "cat": ["food"], "province": "cm", "slug": "pamayea-760725626", "rank": 2}}, {"type": "Feature", "geometry": {"type": "Point", "coordinates": [98.94231, 18.74726]}, "properties": {"id": "cm-osm-node-3242148169", "name": "Pancake House", "nameTh": null, "nameEn": "Pancake House", "cat": ["food"], "province": "cm", "slug": "pancake-house-3242148169", "rank": 2}}, {"type": "Feature", "geometry": {"type": "Point", "coordinates": [99.00165, 18.75869]}, "properties": {"id": "cm-osm-node-3784397399", "name": "Pangkhon Coffee", "nameTh": null, "nameEn": "Pangkhon Coffee", "cat": ["food"], "province": "cm", "slug": "pangkhon-coffee-3784397399", "rank": 1}}, {"type": "Feature", "geometry": {"type": "Point", "coordinates": [98.98593, 18.78106]}, "properties": {"id": "cm-osm-node-6017634609", "name": "Pangkhon Coffee", "nameTh": null, "nameEn": "Pangkhon Coffee", "cat": ["food"], "province": "cm", "slug": "pangkhon-coffee-6017634609", "rank": 2}}, {"type": "Feature", "geometry": {"type": "Point", "coordinates": [98.95143, 18.74733]}, "properties": {"id": "cm-osm-node-3424651193", "name": "Pankled Coffee", "nameTh": null, "nameEn": "Pankled Coffee", "cat": ["food"], "province": "cm", "slug": "pankled-coffee-3424651193", "rank": 2}}, {"type": "Feature", "geometry": {"type": "Point", "coordinates": [98.97121, 18.80504]}, "properties": {"id": "cm-osm-node-10750980255", "name": "Paper Plane CNX", "nameTh": null, "nameEn": "Paper Plane CNX", "cat": ["food"], "province": "cm", "slug": "paper-plane-cnx-10750980255", "rank": 3}}, {"type": "Feature", "geometry": {"type": "Point", "coordinates": [98.97548, 18.80128]}, "properties": {"id": "cm-osm-node-6217907797", "name": "Passion Project The Café", "nameTh": null, "nameEn": "Passion Project The Café", "cat": ["food"], "province": "cm", "slug": "passion-project-the-caf-6217907797", "rank": 1}}, {"type": "Feature", "geometry": {"type": "Point", "coordinates": [98.9918, 18.78296]}, "properties": {"id": "cm-osm-node-3385473033", "name": "Pee Yai", "nameTh": null, "nameEn": "Pee Yai", "cat": ["food"], "province": "cm", "slug": "pee-yai-3385473033", "rank": 3}}, {"type": "Feature", "geometry": {"type": "Point", "coordinates": [98.99089, 18.78846]}, "properties": {"id": "cm-osm-node-2055855118", "name": "Peppermint Coffee House", "nameTh": null, "nameEn": "peppermint coffee house", "cat": ["food"], "province": "cm", "slug": "peppermint-coffee-house-2055855118", "rank": 1}}, {"type": "Feature", "geometry": {"type": "Point", "coordinates": [99.03223, 18.79662]}, "properties": {"id": "cm-osm-node-6212401385", "name": "Pete café", "nameTh": null, "nameEn": "Pete café", "cat": ["food"], "province": "cm", "slug": "pete-caf-6212401385", "rank": 3}}, {"type": "Feature", "geometry": {"type": "Point", "coordinates": [99.00136, 18.78102]}, "properties": {"id": "cm-osm-node-3326560611", "name": "Phoon Coffee", "nameTh": null, "nameEn": "Phoon Coffee", "cat": ["food"], "province": "cm", "slug": "phoon-coffee-3326560611", "rank": 1}}, {"type": "Feature", "geometry": {"type": "Point", "coordinates": [98.95526, 18.7919]}, "properties": {"id": "cm-osm-node-7227016085", "name": "Phuping Coffee", "nameTh": null, "nameEn": "Phuping Coffee", "cat": ["food"], "province": "cm", "slug": "phuping-coffee-7227016085", "rank": 2}}, {"type": "Feature", "geometry": {"type": "Point", "coordinates": [99.01128, 18.78634]}, "properties": {"id": "cm-osm-way-255708708", "name": "Plearn Coffee", "nameTh": null, "nameEn": "Plearn Coffee", "cat": ["food"], "province": "cm", "slug": "plearn-coffee-255708708", "rank": 2}}, {"type": "Feature", "geometry": {"type": "Point", "coordinates": [98.97409, 18.80568]}, "properties": {"id": "cm-osm-node-3897763601", "name": "Point Cafe", "nameTh": null, "nameEn": "Point Cafe", "cat": ["food"], "province": "cm", "slug": "point-cafe-3897763601", "rank": 2}}, {"type": "Feature", "geometry": {"type": "Point", "coordinates": [98.98364, 18.80722]}, "properties": {"id": "cm-osm-node-4345201792", "name": "Por Dee Cafe & Bistro", "nameTh": null, "nameEn": "Por Dee Cafe & Bistro", "cat": ["food"], "province": "cm", "slug": "por-dee-cafe-bistro-4345201792", "rank": 2}}, {"type": "Feature", "geometry": {"type": "Point", "coordinates": [98.96494, 18.79478]}, "properties": {"id": "cm-osm-node-5917955982", "name": "Posrest", "nameTh": null, "nameEn": "Posrest", "cat": ["food"], "province": "cm", "slug": "posrest-5917955982", "rank": 2}}, {"type": "Feature", "geometry": {"type": "Point", "coordinates": [99.00375, 18.79164]}, "properties": {"id": "cm-osm-node-8344855117", "name": "Punn Toh Cafe & Bakery", "nameTh": null, "nameEn": "Punn Toh Cafe & Bakery", "cat": ["food"], "province": "cm", "slug": "punn-toh-cafe-bakery-8344855117", "rank": 2}}, {"type": "Feature", "geometry": {"type": "Point", "coordinates": [99.1342, 18.87232]}, "properties": {"id": "cm-osm-node-13604911531", "name": "Punthai", "nameTh": null, "nameEn": "Punthai", "cat": ["food"], "province": "cm", "slug": "punthai-13604911531", "rank": 2}}, {"type": "Feature", "geometry": {"type": "Point", "coordinates": [98.99628, 18.79137]}, "properties": {"id": "cm-osm-node-7042932985", "name": "RaadNah Bangkok", "nameTh": null, "nameEn": "RaadNah Bangkok", "cat": ["food"], "province": "cm", "slug": "raadnah-bangkok-7042932985", "rank": 2}}, {"type": "Feature", "geometry": {"type": "Point", "coordinates": [98.99629, 18.79141]}, "properties": {"id": "cm-osm-node-7218115786", "name": "Raadnah Bangkok", "nameTh": null, "nameEn": "Raadnah Bangkok", "cat": ["food"], "province": "cm", "slug": "raadnah-bangkok-7218115786", "rank": 2}}, {"type": "Feature", "geometry": {"type": "Point", "coordinates": [99.1146, 18.74752]}, "properties": {"id": "cm-osm-node-5307634562", "name": "Rabika Coffee", "nameTh": null, "nameEn": "Rabika Coffee", "cat": ["food"], "province": "cm", "slug": "rabika-coffee-5307634562", "rank": 1}}, {"type": "Feature", "geometry": {"type": "Point", "coordinates": [98.98535, 18.7882]}, "properties": {"id": "cm-osm-node-2419667430", "name": "Rajdamnoen Coffee", "nameTh": null, "nameEn": "Rajdamnoen Coffee", "cat": ["food"], "province": "cm", "slug": "rajdamnoen-coffee-2419667430", "rank": 1}}, {"type": "Feature", "geometry": {"type": "Point", "coordinates": [98.98424, 18.79067]}, "properties": {"id": "cm-osm-node-4655307491", "name": "Rakuda", "nameTh": "Ponganes Coffee Roasters", "nameEn": null, "cat": ["food"], "province": "cm", "slug": "ponganes-coffee-roasters-4655307491", "rank": 3}}, {"type": "Feature", "geometry": {"type": "Point", "coordinates": [99.00291, 18.78489]}, "properties": {"id": "cm-osm-node-4240667690", "name": "Ram Bar", "nameTh": null, "nameEn": "Ram Bar", "cat": ["food"], "province": "cm", "slug": "ram-bar-4240667690", "rank": 1}}, {"type": "Feature", "geometry": {"type": "Point", "coordinates": [98.99947, 18.78835]}, "properties": {"id": "cm-osm-way-668376841", "name": "Raming Tea House", "nameTh": null, "nameEn": "Raming Tea House", "cat": ["food"], "province": "cm", "slug": "raming-tea-house-668376841", "rank": 3}}, {"type": "Feature", "geometry": {"type": "Point", "coordinates": [98.98867, 18.78635]}, "properties": {"id": "cm-osm-node-9323112824", "name": "Rice Barn Bar", "nameTh": null, "nameEn": "Rice Barn Bar", "cat": ["food"], "province": "cm", "slug": "rice-barn-bar-9323112824", "rank": 1}}, {"type": "Feature", "geometry": {"type": "Point", "coordinates": [98.98898, 18.79519]}, "properties": {"id": "cm-osm-node-6745272892", "name": "Rich Coffee", "nameTh": null, "nameEn": "Rich Coffee", "cat": ["food"], "province": "cm", "slug": "rich-coffee-6745272892", "rank": 1}}, {"type": "Feature", "geometry": {"type": "Point", "coordinates": [98.99336, 18.79491]}, "properties": {"id": "cm-osm-way-578863886", "name": "Riders Corner Bar & Restaurant", "nameTh": null, "nameEn": "Riders Corner Bar & Restaurant", "cat": ["food"], "province": "cm", "slug": "riders-corner-bar-restaurant-578863886", "rank": 4}}, {"type": "Feature", "geometry": {"type": "Point", "coordinates": [98.9366, 18.91977]}, "properties": {"id": "cm-osm-node-9354772493", "name": "Rim fam", "nameTh": null, "nameEn": "Rim fam", "cat": ["food"], "province": "cm", "slug": "rim-fam-9354772493", "rank": 3}}, {"type": "Feature", "geometry": {"type": "Point", "coordinates": [98.90692, 18.90844]}, "properties": {"id": "cm-osm-node-9396413617", "name": "Rimnara Cafe", "nameTh": null, "nameEn": "Rimnara Cafe", "cat": ["food"], "province": "cm", "slug": "rimnara-cafe-9396413617", "rank": 1}}, {"type": "Feature", "geometry": {"type": "Point", "coordinates": [98.96722, 18.7991]}, "properties": {"id": "cm-osm-node-2105726947", "name": "Ristr8to", "nameTh": "ด็อปปิโอ ริสเทรสโต้", "nameEn": "Ristr8to", "cat": ["food"], "province": "cm", "slug": "ristr8to-2105726947", "rank": 3}}, {"type": "Feature", "geometry": {"type": "Point", "coordinates": [98.96721, 18.79921]}, "properties": {"id": "cm-osm-node-4564569789", "name": "Rogu Roti", "nameTh": null, "nameEn": "Rogu Roti", "cat": ["food"], "province": "cm", "slug": "rogu-roti-4564569789", "rank": 2}}, {"type": "Feature", "geometry": {"type": "Point", "coordinates": [99.00164, 18.74964]}, "properties": {"id": "cm-osm-way-621074736", "name": "Rolf Coffee", "nameTh": null, "nameEn": "Rolf Coffee", "cat": ["food"], "province": "cm", "slug": "rolf-coffee-621074736", "rank": 2}}, {"type": "Feature", "geometry": {"type": "Point", "coordinates": [99.00605, 18.79273]}, "properties": {"id": "cm-osm-node-8448483117", "name": "Rong Than Jeh Chinese Vegetarian & Temple", "nameTh": null, "nameEn": "Rong Than Jeh Chinese Vegetarian & Temple", "cat": ["food"], "province": "cm", "slug": "rong-than-jeh-chinese-vegetarian-temple-8448483117", "rank": 2}}, {"type": "Feature", "geometry": {"type": "Point", "coordinates": [98.97206, 18.79596]}, "properties": {"id": "cm-osm-node-11471926667", "name": "Rosemary", "nameTh": null, "nameEn": "Rosemary", "cat": ["food"], "province": "cm", "slug": "rosemary-11471926667", "rank": 3}}, {"type": "Feature", "geometry": {"type": "Point", "coordinates": [99.0354, 18.79841]}, "properties": {"id": "cm-osm-node-12084582995", "name": "Route 66 Diner Chiang Mai", "nameTh": null, "nameEn": "Route 66 Diner Chiang Mai", "cat": ["food"], "province": "cm", "slug": "route-66-diner-chiang-mai-12084582995", "rank": 4}}, {"type": "Feature", "geometry": {"type": "Point", "coordinates": [98.96753, 18.79506]}, "properties": {"id": "cm-osm-node-5978043352", "name": "Roxpresso", "nameTh": null, "nameEn": "Roxpresso", "cat": ["food"], "province": "cm", "slug": "roxpresso-5978043352", "rank": 2}}, {"type": "Feature", "geometry": {"type": "Point", "coordinates": [98.92756, 18.75146]}, "properties": {"id": "cm-osm-node-12603002101", "name": "Royal Project Tea House", "nameTh": null, "nameEn": "Royal Project Tea House", "cat": ["food"], "province": "cm", "slug": "royal-project-tea-house-12603002101", "rank": 2}}, {"type": "Feature", "geometry": {"type": "Point", "coordinates": [98.96335, 18.79509]}, "properties": {"id": "cm-osm-node-13260633202", "name": "Rune Coffee", "nameTh": null, "nameEn": "Rune Coffee", "cat": ["food"], "province": "cm", "slug": "rune-coffee-13260633202", "rank": 2}}, {"type": "Feature", "geometry": {"type": "Point", "coordinates": [98.98049, 18.81614]}, "properties": {"id": "cm-osm-node-5009187333", "name": "Rx Cafe", "nameTh": null, "nameEn": "Rx Cafe", "cat": ["food"], "province": "cm", "slug": "rx-cafe-5009187333", "rank": 2}}, {"type": "Feature", "geometry": {"type": "Point", "coordinates": [98.9915, 18.79162]}, "properties": {"id": "cm-osm-way-492846791", "name": "S.L. Italian Pasta", "nameTh": "Secret Learning Italian Pasta", "nameEn": null, "cat": ["food"], "province": "cm", "slug": "secret-learning-italian-pasta-492846791", "rank": 2}}, {"type": "Feature", "geometry": {"type": "Point", "coordinates": [98.96832, 18.79494]}, "properties": {"id": "cm-osm-node-6788691585", "name": "SS1254372 Cafe", "nameTh": null, "nameEn": "SS1254372 Cafe", "cat": ["food"], "province": "cm", "slug": "ss1254372-cafe-6788691585", "rank": 2}}, {"type": "Feature", "geometry": {"type": "Point", "coordinates": [99.00218, 18.79153]}, "properties": {"id": "cm-osm-node-5012279121", "name": "Sai Ping Bar & Restarant", "nameTh": null, "nameEn": "Sai Ping Bar & Restarant", "cat": ["food"], "province": "cm", "slug": "sai-ping-bar-restarant-5012279121", "rank": 2}}, {"type": "Feature", "geometry": {"type": "Point", "coordinates": [99.0229, 18.78429]}, "properties": {"id": "cm-osm-node-11578331869", "name": "Sally’s Cafe", "nameTh": null, "nameEn": "Sally’s Cafe", "cat": ["food"], "province": "cm", "slug": "sally-s-cafe-11578331869", "rank": 3}}, {"type": "Feature", "geometry": {"type": "Point", "coordinates": [98.97413, 18.79814]}, "properties": {"id": "cm-osm-node-3134796412", "name": "Salsa Kitchen", "nameTh": null, "nameEn": "Salsa Kitchen", "cat": ["food"], "province": "cm", "slug": "salsa-kitchen-3134796412", "rank": 2}}, {"type": "Feature", "geometry": {"type": "Point", "coordinates": [98.9896, 18.79925]}, "properties": {"id": "cm-osm-node-12522325901", "name": "Sana Chicken Rice", "nameTh": null, "nameEn": "Sana Chicken Rice", "cat": ["food"], "province": "cm", "slug": "sana-chicken-rice-12522325901", "rank": 2}}, {"type": "Feature", "geometry": {"type": "Point", "coordinates": [99.08306, 18.91461]}, "properties": {"id": "cm-osm-node-3453468996", "name": "Sanguan", "nameTh": null, "nameEn": "Sanguan", "cat": ["food"], "province": "cm", "slug": "sanguan-3453468996", "rank": 1}}, {"type": "Feature", "geometry": {"type": "Point", "coordinates": [98.95394, 18.82704]}, "properties": {"id": "cm-osm-node-5643026621", "name": "Santi Bar & Bistro", "nameTh": null, "nameEn": "Santi Bar & Bistro", "cat": ["food"], "province": "cm", "slug": "santi-bar-bistro-5643026621", "rank": 2}}, {"type": "Feature", "geometry": {"type": "Point", "coordinates": [98.99415, 18.78787]}, "properties": {"id": "cm-osm-node-11626451133", "name": "Saroji Kushikatsu", "nameTh": null, "nameEn": "Saroji Kushikatsu", "cat": ["food"], "province": "cm", "slug": "saroji-kushikatsu-11626451133", "rank": 2}}, {"type": "Feature", "geometry": {"type": "Point", "coordinates": [98.98228, 18.79047]}, "properties": {"id": "cm-osm-node-12301174700", "name": "Seven Slash Two", "nameTh": null, "nameEn": "Seven Slash Two", "cat": ["food"], "province": "cm", "slug": "seven-slash-two-12301174700", "rank": 2}}, {"type": "Feature", "geometry": {"type": "Point", "coordinates": [99.01095, 18.78643]}, "properties": {"id": "cm-osm-way-528011072", "name": "Shewe Cafe", "nameTh": null, "nameEn": "Shewe Cafe", "cat": ["food"], "province": "cm", "slug": "shewe-cafe-528011072", "rank": 2}}, {"type": "Feature", "geometry": {"type": "Point", "coordinates": [99.01284, 18.82873]}, "properties": {"id": "cm-osm-node-3979200915", "name": "Simple Space", "nameTh": null, "nameEn": "Simple Space", "cat": ["food"], "province": "cm", "slug": "simple-space-3979200915", "rank": 1}}, {"type": "Feature", "geometry": {"type": "Point", "coordinates": [98.9852, 18.7932]}, "properties": {"id": "cm-osm-node-6094446495", "name": "Simply Happy", "nameTh": null, "nameEn": "Simply Happy", "cat": ["food"], "province": "cm", "slug": "simply-happy-6094446495", "rank": 2}}, {"type": "Feature", "geometry": {"type": "Point", "coordinates": [99.00275, 18.77961]}, "properties": {"id": "cm-osm-node-5480647765", "name": "SnoozeChaingmai", "nameTh": null, "nameEn": "SnoozeChaingmai", "cat": ["food"], "province": "cm", "slug": "snoozechaingmai-5480647765", "rank": 2}}, {"type": "Feature", "geometry": {"type": "Point", "coordinates": [98.96647, 18.79609]}, "properties": {"id": "cm-osm-node-13264886801", "name": "So Good Thai Restaurant", "nameTh": null, "nameEn": "So Good Thai Restaurant", "cat": ["food"], "province": "cm", "slug": "so-good-thai-restaurant-13264886801", "rank": 2}}, {"type": "Feature", "geometry": {"type": "Point", "coordinates": [98.97512, 18.79762]}, "properties": {"id": "cm-osm-node-2982245930", "name": "Soho", "nameTh": null, "nameEn": "Soho", "cat": ["food"], "province": "cm", "slug": "soho-2982245930", "rank": 1}}, {"type": "Feature", "geometry": {"type": "Point", "coordinates": [98.97808, 18.80049]}, "properties": {"id": "cm-osm-node-3285280608", "name": "Soi Cafe", "nameTh": null, "nameEn": "Soi Cafe", "cat": ["food"], "province": "cm", "slug": "soi-cafe-3285280608", "rank": 2}}, {"type": "Feature", "geometry": {"type": "Point", "coordinates": [98.99104, 18.78896]}, "properties": {"id": "cm-osm-node-4603091090", "name": "Som Tam", "nameTh": "Som Tam", "nameEn": "Nun’s Restaurant - Som Tam", "cat": ["food"], "province": "cm", "slug": "nun-s-restaurant-som-tam-4603091090", "rank": 4}}, {"type": "Feature", "geometry": {"type": "Point", "coordinates": [98.96445, 18.80842]}, "properties": {"id": "cm-osm-way-668015250", "name": "Something Like Cat & Daughters Bag", "nameTh": null, "nameEn": "Something Like Cat & Daughters Bag", "cat": ["food"], "province": "cm", "slug": "something-like-cat-daughters-bag-668015250", "rank": 3}}, {"type": "Feature", "geometry": {"type": "Point", "coordinates": [98.99655, 18.78435]}, "properties": {"id": "cm-osm-node-5449554825", "name": "Somewhere Espresso", "nameTh": null, "nameEn": "Somewhere Espresso", "cat": ["food"], "province": "cm", "slug": "somewhere-espresso-5449554825", "rank": 2}}, {"type": "Feature", "geometry": {"type": "Point", "coordinates": [98.99159, 18.7921]}, "properties": {"id": "cm-osm-node-12298418801", "name": "Space Cafe", "nameTh": null, "nameEn": "Space Cafe", "cat": ["food"], "province": "cm", "slug": "space-cafe-12298418801", "rank": 1}}, {"type": "Feature", "geometry": {"type": "Point", "coordinates": [99.00068, 18.78814]}, "properties": {"id": "cm-osm-node-2702444125", "name": "Spices", "nameTh": null, "nameEn": "Spices", "cat": ["food"], "province": "cm", "slug": "spices-2702444125", "rank": 2}}, {"type": "Feature", "geometry": {"type": "Point", "coordinates": [98.96778, 18.80236]}, "properties": {"id": "cm-osm-node-3287356498", "name": "Starbucks", "nameTh": "สตาร์บัคส์", "nameEn": "Starbucks Coffee", "cat": ["food"], "province": "cm", "slug": "starbucks-coffee-3287356498", "rank": 3}}, {"type": "Feature", "geometry": {"type": "Point", "coordinates": [98.99685, 18.7906]}, "properties": {"id": "cm-osm-node-4704832790", "name": "Steak Woei Hoei", "nameTh": null, "nameEn": "Steak Woei Hoei", "cat": ["food"], "province": "cm", "slug": "steak-woei-hoei-4704832790", "rank": 3}}, {"type": "Feature", "geometry": {"type": "Point", "coordinates": [99.02864, 18.72931]}, "properties": {"id": "cm-osm-way-1414188117", "name": "Steaké", "nameTh": null, "nameEn": "Steaké", "cat": ["food"], "province": "cm", "slug": "steak-1414188117", "rank": 3}}, {"type": "Feature", "geometry": {"type": "Point", "coordinates": [98.96496, 18.80776]}, "properties": {"id": "cm-osm-node-7187817685", "name": "Street Coffee Crew", "nameTh": null, "nameEn": "Street Coffee Crew", "cat": ["food"], "province": "cm", "slug": "street-coffee-crew-7187817685", "rank": 2}}, {"type": "Feature", "geometry": {"type": "Point", "coordinates": [99.00079, 18.78789]}, "properties": {"id": "cm-osm-node-3008119561", "name": "Street Pizza & The Wine House", "nameTh": null, "nameEn": "Street Pizza & The Wine House", "cat": ["food"], "province": "cm", "slug": "street-pizza-the-wine-house-3008119561", "rank": 2}}, {"type": "Feature", "geometry": {"type": "Point", "coordinates": [99.04754, 18.74208]}, "properties": {"id": "cm-osm-node-11886014037", "name": "Sukhum Caffe' Saraphi", "nameTh": "สุขุม คาฟเฟ่ สารภี", "nameEn": "Sukhum Caffe' Saraphi", "cat": ["food"], "province": "cm", "slug": "sukhum-caffe-saraphi-11886014037", "rank": 4}}, {"type": "Feature", "geometry": {"type": "Point", "coordinates": [99.00632, 18.78733]}, "properties": {"id": "cm-osm-node-8719658314", "name": "Sukjai by Pata Obasan", "nameTh": null, "nameEn": "Sukjai by Pata Obasan", "cat": ["food"], "province": "cm", "slug": "sukjai-by-pata-obasan-8719658314", "rank": 2}}, {"type": "Feature", "geometry": {"type": "Point", "coordinates": [99.07643, 18.76708]}, "properties": {"id": "cm-osm-node-8789685894", "name": "Sunday Coffee Brew", "nameTh": null, "nameEn": "Sunday Coffee Brew", "cat": ["food"], "province": "cm", "slug": "sunday-coffee-brew-8789685894", "rank": 2}}, {"type": "Feature", "geometry": {"type": "Point", "coordinates": [98.97907, 18.79814]}, "properties": {"id": "cm-osm-node-3285318965", "name": "Sweet Tree", "nameTh": null, "nameEn": "Sweet Tree", "cat": ["food"], "province": "cm", "slug": "sweet-tree-3285318965", "rank": 3}}, {"type": "Feature", "geometry": {"type": "Point", "coordinates": [99.02149, 18.76467]}, "properties": {"id": "cm-osm-node-3888816846", "name": "T & TT Coffee Corner", "nameTh": null, "nameEn": "T & TT Coffee Corner", "cat": ["food"], "province": "cm", "slug": "t-tt-coffee-corner-3888816846", "rank": 1}}, {"type": "Feature", "geometry": {"type": "Point", "coordinates": [98.97293, 18.7941]}, "properties": {"id": "cm-osm-node-3380623726", "name": "T@31 Coffee", "nameTh": null, "nameEn": "T@31 Coffee", "cat": ["food"], "province": "cm", "slug": "t-31-coffee-3380623726", "rank": 2}}, {"type": "Feature", "geometry": {"type": "Point", "coordinates": [98.98277, 18.80266]}, "properties": {"id": "cm-osm-node-8525228454", "name": "TORA BAKE トラ•ベイク", "nameTh": null, "nameEn": "TORA BAKE トラ•ベイク", "cat": ["food"], "province": "cm", "slug": "tora-bake-8525228454", "rank": 2}}, {"type": "Feature", "geometry": {"type": "Point", "coordinates": [98.9224, 18.75737]}, "properties": {"id": "cm-osm-node-6768629786", "name": "TOT Cup Fine Day", "nameTh": null, "nameEn": "TOT Cup Fine Day", "cat": ["food"], "province": "cm", "slug": "tot-cup-fine-day-6768629786", "rank": 1}}, {"type": "Feature", "geometry": {"type": "Point", "coordinates": [98.92867, 18.94153]}, "properties": {"id": "cm-osm-node-7183624485", "name": "Ta Ta Ta - Café de Flure", "nameTh": null, "nameEn": "Ta Ta Ta - Café de Flure", "cat": ["food"], "province": "cm", "slug": "ta-ta-ta-caf-de-flure-7183624485", "rank": 2}}, {"type": "Feature", "geometry": {"type": "Point", "coordinates": [98.98253, 18.78755]}, "properties": {"id": "cm-osm-node-4440847089", "name": "Taa Peng Cat", "nameTh": null, "nameEn": "Taa Peng Cat", "cat": ["food"], "province": "cm", "slug": "taa-peng-cat-4440847089", "rank": 2}}, {"type": "Feature", "geometry": {"type": "Point", "coordinates": [98.99517, 18.7847]}, "properties": {"id": "cm-osm-node-7298169785", "name": "Taj Mahal Indian Food", "nameTh": null, "nameEn": "Taj Mahal Indian Restaurant", "cat": ["food"], "province": "cm", "slug": "taj-mahal-indian-restaurant-7298169785", "rank": 2}}, {"type": "Feature", "geometry": {"type": "Point", "coordinates": [98.98201, 18.79297]}, "properties": {"id": "cm-osm-node-4362281389", "name": "Tassaneeya", "nameTh": null, "nameEn": "Tassaneeya", "cat": ["food"], "province": "cm", "slug": "tassaneeya-4362281389", "rank": 1}}, {"type": "Feature", "geometry": {"type": "Point", "coordinates": [98.96309, 18.79517]}, "properties": {"id": "cm-osm-node-5202076922", "name": "Taste Cafe", "nameTh": null, "nameEn": "Taste Cafe", "cat": ["food"], "province": "cm", "slug": "taste-cafe-5202076922", "rank": 2}}, {"type": "Feature", "geometry": {"type": "Point", "coordinates": [98.99217, 18.78527]}, "properties": {"id": "cm-osm-way-623162100", "name": "Taste From Heaven", "nameTh": "เทสฟรอมเฮเว่น", "nameEn": "Taste From Heaven", "cat": ["food"], "province": "cm", "slug": "taste-from-heaven-623162100", "rank": 4}}, {"type": "Feature", "geometry": {"type": "Point", "coordinates": [98.95663, 18.81753]}, "properties": {"id": "cm-osm-node-8720240317", "name": "Taste of Art", "nameTh": null, "nameEn": "Taste of Art", "cat": ["food"], "province": "cm", "slug": "taste-of-art-8720240317", "rank": 3}}, {"type": "Feature", "geometry": {"type": "Point", "coordinates": [98.98242, 18.78164]}, "properties": {"id": "cm-osm-node-5593553723", "name": "Tenten", "nameTh": null, "nameEn": "Tenten", "cat": ["food"], "province": "cm", "slug": "tenten-5593553723", "rank": 2}}, {"type": "Feature", "geometry": {"type": "Point", "coordinates": [98.98787, 18.78809]}, "properties": {"id": "cm-osm-node-4115990789", "name": "Terrace", "nameTh": null, "nameEn": "Terrace", "cat": ["food"], "province": "cm", "slug": "terrace-4115990789", "rank": 1}}, {"type": "Feature", "geometry": {"type": "Point", "coordinates": [98.92269, 18.72447]}, "properties": {"id": "cm-osm-node-13240145513", "name": "Terroir Roasters", "nameTh": null, "nameEn": "Terroir Roasters", "cat": ["food"], "province": "cm", "slug": "terroir-roasters-13240145513", "rank": 2}}, {"type": "Feature", "geometry": {"type": "Point", "coordinates": [98.99009, 18.78296]}, "properties": {"id": "cm-osm-node-6342563399", "name": "Thank God It‘s Fry Day", "nameTh": null, "nameEn": "Thank God It‘s Fry Day", "cat": ["food"], "province": "cm", "slug": "thank-god-it-s-fry-day-6342563399", "rank": 2}}, {"type": "Feature", "geometry": {"type": "Point", "coordinates": [99.01987, 18.80782]}, "properties": {"id": "cm-osm-node-5215769221", "name": "The Arrow Rest", "nameTh": null, "nameEn": "The Arrow Rest", "cat": ["food"], "province": "cm", "slug": "the-arrow-rest-5215769221", "rank": 1}}, {"type": "Feature", "geometry": {"type": "Point", "coordinates": [98.99494, 18.80786]}, "properties": {"id": "cm-osm-node-3195504333", "name": "The Baristro", "nameTh": null, "nameEn": "The Baristro", "cat": ["food"], "province": "cm", "slug": "the-baristro-3195504333", "rank": 1}}, {"type": "Feature", "geometry": {"type": "Point", "coordinates": [99.01615, 18.7821]}, "properties": {"id": "cm-osm-node-12031579804", "name": "The Baristro At Train Station", "nameTh": null, "nameEn": "The Baristro At Train Station", "cat": ["food"], "province": "cm", "slug": "the-baristro-at-train-station-12031579804", "rank": 2}}, {"type": "Feature", "geometry": {"type": "Point", "coordinates": [98.9992, 18.81712]}, "properties": {"id": "cm-osm-node-11786207667", "name": "The Baristro Coffee Roaster", "nameTh": null, "nameEn": "The Baristro Coffee Roaster", "cat": ["food"], "province": "cm", "slug": "the-baristro-coffee-roaster-11786207667", "rank": 3}}, {"type": "Feature", "geometry": {"type": "Point", "coordinates": [98.97595, 18.74984]}, "properties": {"id": "cm-osm-node-3901216869", "name": "The Coffee House", "nameTh": null, "nameEn": "The Coffee House", "cat": ["food"], "province": "cm", "slug": "the-coffee-house-3901216869", "rank": 1}}, {"type": "Feature", "geometry": {"type": "Point", "coordinates": [98.9517, 18.79223]}, "properties": {"id": "cm-osm-node-7121399687", "name": "The Coffee Ritch", "nameTh": null, "nameEn": "The Coffee Ritch", "cat": ["food"], "province": "cm", "slug": "the-coffee-ritch-7121399687", "rank": 2}}, {"type": "Feature", "geometry": {"type": "Point", "coordinates": [98.96681, 18.80228]}, "properties": {"id": "cm-osm-node-3673955770", "name": "The Duke's Maya", "nameTh": null, "nameEn": "The Duke's Maya", "cat": ["food"], "province": "cm", "slug": "the-duke-s-maya-3673955770", "rank": 3}}, {"type": "Feature", "geometry": {"type": "Point", "coordinates": [98.98737, 18.78186]}, "properties": {"id": "cm-osm-way-793933944", "name": "The Faces - Gallery & Gastrobar", "nameTh": null, "nameEn": "The Faces - Gallery & Gastrobar", "cat": ["food"], "province": "cm", "slug": "the-faces-gallery-gastrobar-793933944", "rank": 3}}, {"type": "Feature", "geometry": {"type": "Point", "coordinates": [98.9969, 18.7935]}, "properties": {"id": "cm-osm-node-9959364218", "name": "The Food Trust CNX", "nameTh": null, "nameEn": "The Food Trust CNX", "cat": ["food"], "province": "cm", "slug": "the-food-trust-cnx-9959364218", "rank": 3}}, {"type": "Feature", "geometry": {"type": "Point", "coordinates": [98.98746, 18.78814]}, "properties": {"id": "cm-osm-node-5554644222", "name": "The Garden", "nameTh": null, "nameEn": "The Garden", "cat": ["food"], "province": "cm", "slug": "the-garden-5554644222", "rank": 3}}, {"type": "Feature", "geometry": {"type": "Point", "coordinates": [98.97906, 18.8013]}, "properties": {"id": "cm-osm-node-4934602422", "name": "The Heart Coffee", "nameTh": null, "nameEn": "The Heart Coffee", "cat": ["food"], "province": "cm", "slug": "the-heart-coffee-4934602422", "rank": 3}}, {"type": "Feature", "geometry": {"type": "Point", "coordinates": [98.99448, 18.79362]}, "properties": {"id": "cm-osm-node-2655178493", "name": "The Hideout", "nameTh": "เดอะไฮดเอาท์", "nameEn": "The Hideout", "cat": ["food"], "province": "cm", "slug": "the-hideout-2655178493", "rank": 3}}, {"type": "Feature", "geometry": {"type": "Point", "coordinates": [98.97299, 18.79911]}, "properties": {"id": "cm-osm-node-6984492885", "name": "The Jungle Café", "nameTh": "Jungle Cowork Café", "nameEn": null, "cat": ["food"], "province": "cm", "slug": "jungle-cowork-caf-6984492885", "rank": 2}}, {"type": "Feature", "geometry": {"type": "Point", "coordinates": [99.00032, 18.78341]}, "properties": {"id": "cm-osm-node-3416994637", "name": "The Kitchen", "nameTh": null, "nameEn": "The Kitchen", "cat": ["food"], "province": "cm", "slug": "the-kitchen-3416994637", "rank": 1}}, {"type": "Feature", "geometry": {"type": "Point", "coordinates": [98.97866, 18.79302]}, "properties": {"id": "cm-osm-way-623146142", "name": "The Peaberry Cafe & Coworking", "nameTh": null, "nameEn": "The Peaberry Cafe & Coworking", "cat": ["business", "food"], "province": "cm", "slug": "the-peaberry-cafe-coworking-623146142", "rank": 2}}, {"type": "Feature", "geometry": {"type": "Point", "coordinates": [98.96631, 18.7968]}, "properties": {"id": "cm-osm-node-1797053421", "name": "The Salad Concept", "nameTh": null, "nameEn": "The Salad Concept", "cat": ["food"], "province": "cm", "slug": "the-salad-concept-1797053421", "rank": 3}}, {"type": "Feature", "geometry": {"type": "Point", "coordinates": [98.99054, 18.78428]}, "properties": {"id": "cm-osm-node-11056889306", "name": "The Simple Man", "nameTh": null, "nameEn": "The Simple Man", "cat": ["food"], "province": "cm", "slug": "the-simple-man-11056889306", "rank": 1}}, {"type": "Feature", "geometry": {"type": "Point", "coordinates": [98.99378, 18.79015]}, "properties": {"id": "cm-osm-way-650706594", "name": "The Swan Burmese Cuisine", "nameTh": null, "nameEn": "The Swan Burmese Cuisine", "cat": ["food"], "province": "cm", "slug": "the-swan-burmese-cuisine-650706594", "rank": 3}}, {"type": "Feature", "geometry": {"type": "Point", "coordinates": [98.92179, 18.70224]}, "properties": {"id": "cm-osm-node-7018603587", "name": "The Triplets", "nameTh": null, "nameEn": "The Triplets", "cat": ["food"], "province": "cm", "slug": "the-triplets-7018603587", "rank": 2}}, {"type": "Feature", "geometry": {"type": "Point", "coordinates": [98.99887, 18.77191]}, "properties": {"id": "cm-osm-node-13449547601", "name": "The Wooden Door Cafe", "nameTh": null, "nameEn": "The Wooden Door Cafe", "cat": ["food"], "province": "cm", "slug": "the-wooden-door-cafe-13449547601", "rank": 3}}, {"type": "Feature", "geometry": {"type": "Point", "coordinates": [98.97949, 18.77235]}, "properties": {"id": "cm-osm-node-5033621774", "name": "The XYM Cafe", "nameTh": null, "nameEn": "The XYM Cafe", "cat": ["food"], "province": "cm", "slug": "the-xym-cafe-5033621774", "rank": 1}}, {"type": "Feature", "geometry": {"type": "Point", "coordinates": [98.93791, 18.73465]}, "properties": {"id": "cm-osm-node-3342127912", "name": "The café", "nameTh": "เดอะคาเฟ่", "nameEn": "The Café", "cat": ["food"], "province": "cm", "slug": "the-caf-3342127912", "rank": 2}}, {"type": "Feature", "geometry": {"type": "Point", "coordinates": [98.95143, 18.77277]}, "properties": {"id": "cm-osm-node-4678044390", "name": "The root", "nameTh": "The root", "nameEn": null, "cat": ["food"], "province": "cm", "slug": "the-root-4678044390", "rank": 1}}, {"type": "Feature", "geometry": {"type": "Point", "coordinates": [98.98859, 18.77849]}, "properties": {"id": "cm-osm-node-5311551425", "name": "This is", "nameTh": null, "nameEn": "This is", "cat": ["food"], "province": "cm", "slug": "this-is-5311551425", "rank": 2}}, {"type": "Feature", "geometry": {"type": "Point", "coordinates": [98.8792, 18.64627]}, "properties": {"id": "cm-osm-node-6379770785", "name": "Thong Na Coffee & John Art Garden", "nameTh": null, "nameEn": "Thong Na Coffee & John Art Garden", "cat": ["food"], "province": "cm", "slug": "thong-na-coffee-john-art-garden-6379770785", "rank": 2}}, {"type": "Feature", "geometry": {"type": "Point", "coordinates": [98.98024, 18.7887]}, "properties": {"id": "cm-osm-node-3388701190", "name": "Thor Phan", "nameTh": "ทอฝัน", "nameEn": "Thor Phan", "cat": ["food"], "province": "cm", "slug": "thor-phan-3388701190", "rank": 3}}, {"type": "Feature", "geometry": {"type": "Point", "coordinates": [98.98094, 18.77758]}, "properties": {"id": "cm-osm-node-6441973185", "name": "Three The art of Coffee", "nameTh": null, "nameEn": "Three The art of Coffee", "cat": ["food"], "province": "cm", "slug": "three-the-art-of-coffee-6441973185", "rank": 2}}, {"type": "Feature", "geometry": {"type": "Point", "coordinates": [98.9734, 18.80405]}, "properties": {"id": "cm-osm-node-7252691985", "name": "Tikky coffee", "nameTh": null, "nameEn": "Tikky coffee", "cat": ["food"], "province": "cm", "slug": "tikky-coffee-7252691985", "rank": 1}}, {"type": "Feature", "geometry": {"type": "Point", "coordinates": [98.97898, 18.79191]}, "properties": {"id": "cm-osm-node-3385505418", "name": "Tikky's Café", "nameTh": null, "nameEn": "Tikkys cafe", "cat": ["food"], "province": "cm", "slug": "tikkys-cafe-3385505418", "rank": 2}}, {"type": "Feature", "geometry": {"type": "Point", "coordinates": [99.13587, 18.8731]}, "properties": {"id": "cm-osm-node-3341090055", "name": "Tip Tom Café", "nameTh": null, "nameEn": "Tip Tom Café", "cat": ["food"], "province": "cm", "slug": "tip-tom-caf-3341090055", "rank": 1}}, {"type": "Feature", "geometry": {"type": "Point", "coordinates": [98.9926, 18.77859]}, "properties": {"id": "cm-osm-node-4167836990", "name": "Tip Top Bar", "nameTh": null, "nameEn": "Tip Top Bar", "cat": ["food"], "province": "cm", "slug": "tip-top-bar-4167836990", "rank": 1}}, {"type": "Feature", "geometry": {"type": "Point", "coordinates": [98.98332, 18.81212]}, "properties": {"id": "cm-osm-node-6911971685", "name": "Toey richness", "nameTh": "โทอี้ ริชเนส", "nameEn": "Toey richness", "cat": ["food"], "province": "cm", "slug": "toey-richness-6911971685", "rank": 3}}, {"type": "Feature", "geometry": {"type": "Point", "coordinates": [98.94502, 18.95997]}, "properties": {"id": "cm-osm-node-4328998589", "name": "ToyatHome", "nameTh": null, "nameEn": "ToyatHome", "cat": ["food"], "province": "cm", "slug": "toyathome-4328998589", "rank": 1}}, {"type": "Feature", "geometry": {"type": "Point", "coordinates": [98.98283, 18.78941]}, "properties": {"id": "cm-osm-node-3197689690", "name": "Tree Sis Coffee", "nameTh": "ทรีซิสคอฟฟี่", "nameEn": "Tree Sis Coffee", "cat": ["food"], "province": "cm", "slug": "tree-sis-coffee-3197689690", "rank": 3}}, {"type": "Feature", "geometry": {"type": "Point", "coordinates": [99.12395, 18.98395]}, "properties": {"id": "cm-osm-node-9444123418", "name": "Treehouse", "nameTh": null, "nameEn": "Treehouse", "cat": ["food"], "province": "cm", "slug": "treehouse-9444123418", "rank": 1}}, {"type": "Feature", "geometry": {"type": "Point", "coordinates": [98.81758, 18.81246]}, "properties": {"id": "cm-osm-node-4403836128", "name": "Tung Luang Royal Project Rose Garden Cafe", "nameTh": null, "nameEn": "Tung Luang Royal Project Rose Garden Cafe", "cat": ["food"], "province": "cm", "slug": "tung-luang-royal-project-rose-garden-cafe-4403836128", "rank": 1}}, {"type": "Feature", "geometry": {"type": "Point", "coordinates": [98.9842, 18.79922]}, "properties": {"id": "cm-osm-node-11726497304", "name": "Uncle Home", "nameTh": null, "nameEn": "Uncle Home", "cat": ["food"], "province": "cm", "slug": "uncle-home-11726497304", "rank": 3}}, {"type": "Feature", "geometry": {"type": "Point", "coordinates": [98.99018, 18.79483]}, "properties": {"id": "cm-osm-node-4280108475", "name": "Uno pizza", "nameTh": null, "nameEn": "Uno Pizza", "cat": ["food"], "province": "cm", "slug": "uno-pizza-4280108475", "rank": 1}}, {"type": "Feature", "geometry": {"type": "Point", "coordinates": [98.9913, 18.79018]}, "properties": {"id": "cm-osm-node-6130405289", "name": "Up to Coffee", "nameTh": null, "nameEn": "Up to Coffee", "cat": ["food"], "province": "cm", "slug": "up-to-coffee-6130405289", "rank": 1}}, {"type": "Feature", "geometry": {"type": "Point", "coordinates": [99.01636, 18.78274]}, "properties": {"id": "cm-osm-node-4466102294", "name": "Upper Crust Cafe", "nameTh": null, "nameEn": "Upper Crust Cafe", "cat": ["food"], "province": "cm", "slug": "upper-crust-cafe-4466102294", "rank": 3}}, {"type": "Feature", "geometry": {"type": "Point", "coordinates": [98.94784, 18.76434]}, "properties": {"id": "cm-osm-node-9435653718", "name": "Valentan", "nameTh": "Valentan café", "nameEn": null, "cat": ["food"], "province": "cm", "slug": "valentan-caf-9435653718", "rank": 3}}, {"type": "Feature", "geometry": {"type": "Point", "coordinates": [98.87702, 18.75538]}, "properties": {"id": "cm-osm-node-9482831717", "name": "Valley Coffee Lanna Resort", "nameTh": null, "nameEn": "Valley Coffee Lanna Resort", "cat": ["food"], "province": "cm", "slug": "valley-coffee-lanna-resort-9482831717", "rank": 3}}, {"type": "Feature", "geometry": {"type": "Point", "coordinates": [98.99597, 18.78429]}, "properties": {"id": "cm-osm-node-4609268191", "name": "Vegan Heaven Restaurant", "nameTh": null, "nameEn": "Vegan Heaven Restaurant", "cat": ["food"], "province": "cm", "slug": "vegan-heaven-restaurant-4609268191", "rank": 3}}, {"type": "Feature", "geometry": {"type": "Point", "coordinates": [98.97873, 18.81058]}, "properties": {"id": "cm-osm-node-6035864686", "name": "Vegan Kitchen", "nameTh": null, "nameEn": "Vegan Kitchen", "cat": ["food"], "province": "cm", "slug": "vegan-kitchen-6035864686", "rank": 3}}, {"type": "Feature", "geometry": {"type": "Point", "coordinates": [98.9824, 18.78369]}, "properties": {"id": "cm-osm-node-10791281005", "name": "Vegan society", "nameTh": null, "nameEn": "Vegan society", "cat": ["food"], "province": "cm", "slug": "vegan-society-10791281005", "rank": 1}}, {"type": "Feature", "geometry": {"type": "Point", "coordinates": [98.99017, 18.79219]}, "properties": {"id": "cm-osm-node-4820434529", "name": "Vigie Sist Cafe", "nameTh": "Vigie Sist Cafe", "nameEn": null, "cat": ["food"], "province": "cm", "slug": "vigie-sist-cafe-4820434529", "rank": 2}}, {"type": "Feature", "geometry": {"type": "Point", "coordinates": [98.99607, 18.7895]}, "properties": {"id": "cm-osm-node-4466102100", "name": "W by Wanlanun", "nameTh": null, "nameEn": "W by Wanlanun", "cat": ["food"], "province": "cm", "slug": "w-by-wanlanun-4466102100", "rank": 3}}, {"type": "Feature", "geometry": {"type": "Point", "coordinates": [98.98163, 18.79607]}, "properties": {"id": "cm-osm-node-5558856823", "name": "Wake Up Coffee", "nameTh": null, "nameEn": "WakeUp24Hrs", "cat": ["food"], "province": "cm", "slug": "wakeup24hrs-5558856823", "rank": 3}}, {"type": "Feature", "geometry": {"type": "Point", "coordinates": [98.95722, 18.80731]}, "properties": {"id": "cm-osm-node-5558883026", "name": "Wake Up Coffee", "nameTh": null, "nameEn": "WakeUp24Hrs", "cat": ["food"], "province": "cm", "slug": "wakeup24hrs-5558883026", "rank": 3}}, {"type": "Feature", "geometry": {"type": "Point", "coordinates": [98.92052, 18.73527]}, "properties": {"id": "cm-osm-node-11411615969", "name": "Wan Wela Cafe", "nameTh": null, "nameEn": "Wan Wela Cafe", "cat": ["food"], "province": "cm", "slug": "wan-wela-cafe-11411615969", "rank": 3}}, {"type": "Feature", "geometry": {"type": "Point", "coordinates": [98.9743, 18.73264]}, "properties": {"id": "cm-osm-node-4052303895", "name": "Wangtan Cafe", "nameTh": "วังตาลคาเฟ่", "nameEn": "Wangtan Cafe", "cat": ["food"], "province": "cm", "slug": "wangtan-cafe-4052303895", "rank": 3}}, {"type": "Feature", "geometry": {"type": "Point", "coordinates": [99.00421, 18.78939]}, "properties": {"id": "cm-osm-node-2648382125", "name": "Wawee", "nameTh": null, "nameEn": "Wawee", "cat": ["food"], "province": "cm", "slug": "wawee-2648382125", "rank": 2}}, {"type": "Feature", "geometry": {"type": "Point", "coordinates": [98.99384, 18.79033]}, "properties": {"id": "cm-osm-node-4286098289", "name": "Wetherspoon's BBQ", "nameTh": null, "nameEn": "Wetherspoon's BBQ", "cat": ["food"], "province": "cm", "slug": "wetherspoon-s-bbq-4286098289", "rank": 3}}, {"type": "Feature", "geometry": {"type": "Point", "coordinates": [98.97247, 18.79306]}, "properties": {"id": "cm-osm-way-322604384", "name": "Wide-awake 24 hours", "nameTh": null, "nameEn": "Wide-awake 24 hours", "cat": ["food"], "province": "cm", "slug": "wide-awake-24-hours-322604384", "rank": 2}}, {"type": "Feature", "geometry": {"type": "Point", "coordinates": [98.99485, 18.78461]}, "properties": {"id": "cm-osm-node-820820897", "name": "Wild Boar", "nameTh": null, "nameEn": "Wild Boar", "cat": ["food"], "province": "cm", "slug": "wild-boar-820820897", "rank": 2}}, {"type": "Feature", "geometry": {"type": "Point", "coordinates": [99.00384, 18.79178]}, "properties": {"id": "cm-osm-node-5880381785", "name": "Wong Sa Korn Acres", "nameTh": null, "nameEn": "Wong Sa Korn Acres", "cat": ["food"], "province": "cm", "slug": "wong-sa-korn-acres-5880381785", "rank": 1}}, {"type": "Feature", "geometry": {"type": "Point", "coordinates": [99.02309, 18.91615]}, "properties": {"id": "cm-osm-node-5245145221", "name": "Woodhouse", "nameTh": null, "nameEn": "Woodhouse", "cat": ["food"], "province": "cm", "slug": "woodhouse-5245145221", "rank": 1}}, {"type": "Feature", "geometry": {"type": "Point", "coordinates": [98.98729, 18.78814]}, "properties": {"id": "cm-osm-node-6255373785", "name": "Writer‘s Club & Wine Bar", "nameTh": null, "nameEn": "Writer‘s Club & Wine Bar", "cat": ["food"], "province": "cm", "slug": "writer-s-club-wine-bar-6255373785", "rank": 1}}, {"type": "Feature", "geometry": {"type": "Point", "coordinates": [98.95938, 18.78799]}, "properties": {"id": "cm-osm-node-6557999484", "name": "XOXO Cafe", "nameTh": null, "nameEn": "XOXO Cafe", "cat": ["food"], "province": "cm", "slug": "xoxo-cafe-6557999484", "rank": 1}}, {"type": "Feature", "geometry": {"type": "Point", "coordinates": [98.99193, 18.75439]}, "properties": {"id": "cm-osm-node-7241572468", "name": "Xinfuli Cafe", "nameTh": null, "nameEn": "Xinfuli Cafe", "cat": ["food"], "province": "cm", "slug": "xinfuli-cafe-7241572468", "rank": 1}}, {"type": "Feature", "geometry": {"type": "Point", "coordinates": [98.96693, 18.80029]}, "properties": {"id": "cm-osm-node-13202531701", "name": "Yelloo", "nameTh": null, "nameEn": "Yelloo", "cat": ["food"], "province": "cm", "slug": "yelloo-13202531701", "rank": 1}}, {"type": "Feature", "geometry": {"type": "Point", "coordinates": [98.96448, 18.7893]}, "properties": {"id": "cm-osm-node-4893144721", "name": "Yellow Crafts", "nameTh": null, "nameEn": "Yellow Crafts", "cat": ["food"], "province": "cm", "slug": "yellow-crafts-4893144721", "rank": 3}}, {"type": "Feature", "geometry": {"type": "Point", "coordinates": [98.92112, 18.68969]}, "properties": {"id": "cm-osm-node-5382204921", "name": "Yok Coffee n Bar", "nameTh": null, "nameEn": "Yok Coffee n Bar", "cat": ["food"], "province": "cm", "slug": "yok-coffee-n-bar-5382204921", "rank": 1}}, {"type": "Feature", "geometry": {"type": "Point", "coordinates": [98.98053, 18.77766]}, "properties": {"id": "cm-osm-node-8862954017", "name": "Yummy India", "nameTh": null, "nameEn": "Yummy India", "cat": ["food"], "province": "cm", "slug": "yummy-india-8862954017", "rank": 3}}, {"type": "Feature", "geometry": {"type": "Point", "coordinates": [99.01786, 18.80839]}, "properties": {"id": "cm-osm-node-12864717489", "name": "Yuzu House Central Chiangmai", "nameTh": null, "nameEn": "Yuzu House Central Chiangmai", "cat": ["food"], "province": "cm", "slug": "yuzu-house-central-chiangmai-12864717489", "rank": 4}}, {"type": "Feature", "geometry": {"type": "Point", "coordinates": [98.99041, 18.79346]}, "properties": {"id": "cm-osm-node-5919670289", "name": "ZMOY", "nameTh": "ศรีมอยคาเฟ่", "nameEn": "ZMOY", "cat": ["food"], "province": "cm", "slug": "zmoy-5919670289", "rank": 3}}, {"type": "Feature", "geometry": {"type": "Point", "coordinates": [98.99397, 18.78998]}, "properties": {"id": "cm-osm-node-4965389324", "name": "Zimple Resto & Cafe", "nameTh": null, "nameEn": "Zimple Resto & Cafe", "cat": ["food"], "province": "cm", "slug": "zimple-resto-cafe-4965389324", "rank": 2}}, {"type": "Feature", "geometry": {"type": "Point", "coordinates": [98.98273, 18.78959]}, "properties": {"id": "cm-osm-node-11936206969", "name": "Zohng Coffee", "nameTh": null, "nameEn": "Zohng Coffee", "cat": ["food"], "province": "cm", "slug": "zohng-coffee-11936206969", "rank": 2}}, {"type": "Feature", "geometry": {"type": "Point", "coordinates": [98.98875, 18.78306]}, "properties": {"id": "cm-osm-node-5195493721", "name": "always Caf", "nameTh": null, "nameEn": "always Caf", "cat": ["food"], "province": "cm", "slug": "always-caf-5195493721", "rank": 1}}, {"type": "Feature", "geometry": {"type": "Point", "coordinates": [98.99657, 18.78811]}, "properties": {"id": "cm-osm-node-9568101417", "name": "asa vegan kitchen", "nameTh": null, "nameEn": "asa vegan kitchen", "cat": ["food"], "province": "cm", "slug": "asa-vegan-kitchen-9568101417", "rank": 2}}, {"type": "Feature", "geometry": {"type": "Point", "coordinates": [98.99148, 18.79214]}, "properties": {"id": "cm-osm-node-4431911392", "name": "baan khao tork", "nameTh": null, "nameEn": "baan khao tork", "cat": ["food"], "province": "cm", "slug": "baan-khao-tork-4431911392", "rank": 1}}, {"type": "Feature", "geometry": {"type": "Point", "coordinates": [98.96648, 18.75227]}, "properties": {"id": "cm-osm-node-9726155951", "name": "delicafé Thongthanaphon - Airport", "nameTh": "เดลี่คาเฟ่ ทองธนพล สาขาสนามบิน", "nameEn": "delicafé Thongthanaphon - Airport", "cat": ["food"], "province": "cm", "slug": "delicaf-thongthanaphon-airport-9726155951", "rank": 4}}, {"type": "Feature", "geometry": {"type": "Point", "coordinates": [98.99815, 18.77411]}, "properties": {"id": "cm-osm-node-4064638197", "name": "iCoffee Studio", "nameTh": null, "nameEn": "iCoffee Studio", "cat": ["food"], "province": "cm", "slug": "icoffee-studio-4064638197", "rank": 1}}, {"type": "Feature", "geometry": {"type": "Point", "coordinates": [98.9528, 18.71701]}, "properties": {"id": "cm-osm-node-5260174926", "name": "jasmine restaurant", "nameTh": null, "nameEn": "jasmine restaurant", "cat": ["food"], "province": "cm", "slug": "jasmine-restaurant-5260174926", "rank": 2}}, {"type": "Feature", "geometry": {"type": "Point", "coordinates": [99.00204, 18.79277]}, "properties": {"id": "cm-osm-node-11806453091", "name": "khna coffee brewers", "nameTh": null, "nameEn": "khna coffee brewers", "cat": ["food"], "province": "cm", "slug": "khna-coffee-brewers-11806453091", "rank": 2}}, {"type": "Feature", "geometry": {"type": "Point", "coordinates": [98.98741, 18.78817]}, "properties": {"id": "cm-osm-node-6466099585", "name": "padthai & seefood", "nameTh": null, "nameEn": "padthai & seefood", "cat": ["food"], "province": "cm", "slug": "padthai-seefood-6466099585", "rank": 1}}, {"type": "Feature", "geometry": {"type": "Point", "coordinates": [98.99225, 18.79055]}, "properties": {"id": "cm-osm-node-6083211685", "name": "pickles restaurant", "nameTh": null, "nameEn": "pickles restaurant", "cat": ["food"], "province": "cm", "slug": "pickles-restaurant-6083211685", "rank": 2}}, {"type": "Feature", "geometry": {"type": "Point", "coordinates": [99.00238, 18.7896]}, "properties": {"id": "cm-osm-node-4973137223", "name": "wawee coffee", "nameTh": null, "nameEn": "wawee coffee", "cat": ["food"], "province": "cm", "slug": "wawee-coffee-4973137223", "rank": 2}}, {"type": "Feature", "geometry": {"type": "Point", "coordinates": [99.01566, 18.73688]}, "properties": {"id": "cm-osm-node-7272750385", "name": "กันเองซีฟู้ด", "nameTh": "กันเองซีฟู้ด", "nameEn": "Kan-Eang Seafood", "cat": ["food"], "province": "cm", "slug": "kan-eang-seafood-7272750385", "rank": 4}}, {"type": "Feature", "geometry": {"type": "Point", "coordinates": [99.00824, 18.79619]}, "properties": {"id": "cm-osm-node-4504644390", "name": "กาแฟ รสนิยม", "nameTh": "กาแฟ รสนิยม", "nameEn": "Rotniyom Café", "cat": ["food"], "province": "cm", "slug": "rotniyom-caf-4504644390", "rank": 3}}, {"type": "Feature", "geometry": {"type": "Point", "coordinates": [98.90575, 18.8422]}, "properties": {"id": "cm-osm-node-9404324017", "name": "กาแฟขุนช่างเคี่ยน", "nameTh": "กาแฟขุนช่างเคี่ยน", "nameEn": "Formula Hmong coffee", "cat": ["food"], "province": "cm", "slug": "formula-hmong-coffee-9404324017", "rank": 4}}, {"type": "Feature", "geometry": {"type": "Point", "coordinates": [98.99628, 18.78124]}, "properties": {"id": "cm-osm-node-1477507166", "name": "กาแฟรสนิยม", "nameTh": "กาแฟรสนิยม", "nameEn": "Roastniyom", "cat": ["food"], "province": "cm", "slug": "roastniyom-1477507166", "rank": 3}}, {"type": "Feature", "geometry": {"type": "Point", "coordinates": [99.08519, 18.77038]}, "properties": {"id": "cm-osm-node-2582055354", "name": "กาแฟสด", "nameTh": "กาแฟสด", "nameEn": "Kafae Sot", "cat": ["food"], "province": "cm", "slug": "kafae-sot-2582055354", "rank": 2}}, {"type": "Feature", "geometry": {"type": "Point", "coordinates": [98.9334, 18.79499]}, "properties": {"id": "cm-osm-node-4496869589", "name": "กาแฟสดภูพิงค์", "nameTh": "กาแฟสดภูพิงค์", "nameEn": null, "cat": ["food"], "province": "cm", "slug": "4496869589", "rank": 1}}, {"type": "Feature", "geometry": {"type": "Point", "coordinates": [98.96856, 18.78909]}, "properties": {"id": "cm-osm-way-1019374833", "name": "กาแฟหน้าวัดสวนดอก", "nameTh": "กาแฟหน้าวัดสวนดอก", "nameEn": null, "cat": ["food"], "province": "cm", "slug": "1019374833", "rank": 1}}, {"type": "Feature", "geometry": {"type": "Point", "coordinates": [98.9388, 18.92218]}, "properties": {"id": "cm-osm-way-1338800615", "name": "กาแฟอุดมสุข แม่ริม", "nameTh": "กาแฟอุดมสุข แม่ริม", "nameEn": "Udomsuk Coffee", "cat": ["food"], "province": "cm", "slug": "udomsuk-coffee-1338800615", "rank": 4}}, {"type": "Feature", "geometry": {"type": "Point", "coordinates": [98.99948, 18.77219]}, "properties": {"id": "cm-osm-node-4780336722", "name": "กิน-เต็ก-กัน", "nameTh": "กิน-เต็ก-กัน", "nameEn": "Steak & Salad", "cat": ["food"], "province": "cm", "slug": "steak-salad-4780336722", "rank": 3}}, {"type": "Feature", "geometry": {"type": "Point", "coordinates": [98.9853, 18.7834]}, "properties": {"id": "cm-osm-node-1618868154", "name": "กูดมอนิ่งเชียงใหม่", "nameTh": "กูดมอนิ่งเชียงใหม่", "nameEn": "Good Morning Chiangmai", "cat": ["food"], "province": "cm", "slug": "good-morning-chiangmai-1618868154", "rank": 2}}, {"type": "Feature", "geometry": {"type": "Point", "coordinates": [98.95901, 18.78003]}, "properties": {"id": "cm-osm-node-9432835217", "name": "ข่วงม่วน เชียงใหม่ คาเฟ่", "nameTh": "ข่วงม่วน เชียงใหม่ คาเฟ่", "nameEn": "Khuang Muan Chiangmai Cafè", "cat": ["food"], "province": "cm", "slug": "khuang-muan-chiangmai-caf-9432835217", "rank": 3}}, {"type": "Feature", "geometry": {"type": "Point", "coordinates": [98.97075, 18.79675]}, "properties": {"id": "cm-osm-node-7158628085", "name": "ข้าวต้ม บาทเดียว", "nameTh": "ข้าวต้ม บาทเดียว", "nameEn": "Khao Tom Baht Diao", "cat": ["food"], "province": "cm", "slug": "khao-tom-baht-diao-7158628085", "rank": 2}}, {"type": "Feature", "geometry": {"type": "Point", "coordinates": [99.01274, 18.8147]}, "properties": {"id": "cm-osm-node-12347384601", "name": "คาเฟ่ อเมซอน", "nameTh": "คาเฟ่ อเมซอน", "nameEn": "Café Amazon", "cat": ["food"], "province": "cm", "slug": "caf-amazon-12347384601", "rank": 3}}, {"type": "Feature", "geometry": {"type": "Point", "coordinates": [98.94325, 18.91918]}, "properties": {"id": "cm-osm-node-3924966402", "name": "คาเฟ่ อเมซอน", "nameTh": "คาเฟ่ อเมซอน", "nameEn": "Café Amazon", "cat": ["food"], "province": "cm", "slug": "caf-amazon-3924966402", "rank": 3}}, {"type": "Feature", "geometry": {"type": "Point", "coordinates": [98.9517, 18.82681]}, "properties": {"id": "cm-osm-node-9480398518", "name": "คิดเองกาแฟสด", "nameTh": "คิดเองกาแฟสด", "nameEn": "KA Coffee", "cat": ["food"], "province": "cm", "slug": "ka-coffee-9480398518", "rank": 4}}, {"type": "Feature", "geometry": {"type": "Point", "coordinates": [98.97251, 18.79523]}, "properties": {"id": "cm-osm-node-2505598092", "name": "คิวบ์", "nameTh": "คิวบ์", "nameEn": "Cube No. 7", "cat": ["food"], "province": "cm", "slug": "cube-no-7-2505598092", "rank": 3}}, {"type": "Feature", "geometry": {"type": "Point", "coordinates": [99.00042, 18.79092]}, "properties": {"id": "cm-osm-node-6972562985", "name": "ชาตรามือ สาขาตลาดวโรรส", "nameTh": "ชาตรามือ สาขาตลาดวโรรส", "nameEn": "Cha Tra Mue", "cat": ["food"], "province": "cm", "slug": "cha-tra-mue-6972562985", "rank": 6}}, {"type": "Feature", "geometry": {"type": "Point", "coordinates": [98.97332, 18.79446]}, "properties": {"id": "cm-osm-node-4641683190", "name": "ชีวิตคนธรรมดา", "nameTh": "ชีวิตคนธรรมดา", "nameEn": "Shewitkhontammada Coffee House", "cat": ["food"], "province": "cm", "slug": "shewitkhontammada-coffee-house-4641683190", "rank": 4}}, {"type": "Feature", "geometry": {"type": "Point", "coordinates": [98.95068, 18.74728]}, "properties": {"id": "cm-osm-node-2706762731", "name": "ตลาดสดทะเลทอง", "nameTh": "ตลาดสดทะเลทอง", "nameEn": "Talay Thong", "cat": ["food"], "province": "cm", "slug": "talay-thong-2706762731", "rank": 2}}, {"type": "Feature", "geometry": {"type": "Point", "coordinates": [98.94792, 18.80701]}, "properties": {"id": "cm-osm-node-13278937801", "name": "ตาลน สวนนม อ่างแก้ว", "nameTh": "ตาลน สวนนม อ่างแก้ว", "nameEn": "Ta Lon Suan Nom", "cat": ["food"], "province": "cm", "slug": "ta-lon-suan-nom-13278937801", "rank": 2}}, {"type": "Feature", "geometry": {"type": "Point", "coordinates": [98.97719, 18.78131]}, "properties": {"id": "cm-osm-node-13870668983", "name": "ถิงถิง Ting Ting บิงซูน้ำขิง เชียงใหม่", "nameTh": "ถิงถิง Ting Ting บิงซูน้ำขิง เชียงใหม่", "nameEn": null, "cat": ["food"], "province": "cm", "slug": "ting-ting-13870668983", "rank": 3}}, {"type": "Feature", "geometry": {"type": "Point", "coordinates": [99.13625, 18.8748]}, "properties": {"id": "cm-osm-node-3063226177", "name": "ที่นี่ ลีลาวดี", "nameTh": "ที่นี่ ลีลาวดี", "nameEn": "Leelawadee Coffee", "cat": ["food"], "province": "cm", "slug": "leelawadee-coffee-3063226177", "rank": 2}}, {"type": "Feature", "geometry": {"type": "Point", "coordinates": [98.99417, 18.79554]}, "properties": {"id": "cm-osm-way-658996891", "name": "ธัญญวินตรา บูติค แอนด์ สปา", "nameTh": "ธัญญวินตรา บูติค แอนด์ สปา", "nameEn": "Thanyawintra Boutique & Spa", "cat": ["beauty", "food"], "province": "cm", "slug": "thanyawintra-boutique-spa-658996891", "rank": 4}}, {"type": "Feature", "geometry": {"type": "Point", "coordinates": [99.01283, 18.82832]}, "properties": {"id": "cm-osm-node-3979200913", "name": "นายหมู บะกุ๊ดเต๋", "nameTh": "นายหมู บะกุ๊ดเต๋", "nameEn": "Nai Moo Bakutteh", "cat": ["food"], "province": "cm", "slug": "nai-moo-bakutteh-3979200913", "rank": 2}}, {"type": "Feature", "geometry": {"type": "Point", "coordinates": [98.94751, 18.77171]}, "properties": {"id": "cm-osm-node-4248786004", "name": "บีซู คาเฟ่", "nameTh": "บีซู คาเฟ่", "nameEn": "Bisoux Café", "cat": ["food"], "province": "cm", "slug": "bisoux-caf-4248786004", "rank": 3}}, {"type": "Feature", "geometry": {"type": "Point", "coordinates": [98.86595, 18.65323]}, "properties": {"id": "cm-osm-node-8128216624", "name": "บีบี ข้าวซอย", "nameTh": "บีบี ข้าวซอย", "nameEn": "BB Khao Soi", "cat": ["food"], "province": "cm", "slug": "bb-khao-soi-8128216624", "rank": 2}}, {"type": "Feature", "geometry": {"type": "Point", "coordinates": [99.00463, 18.79225]}, "properties": {"id": "cm-osm-node-8805729717", "name": "บ้านกาแฟ", "nameTh": "บ้านกาแฟ", "nameEn": "Baan Cafe", "cat": ["food"], "province": "cm", "slug": "baan-cafe-8805729717", "rank": 4}}, {"type": "Feature", "geometry": {"type": "Point", "coordinates": [99.00417, 18.6918]}, "properties": {"id": "cm-osm-way-670620390", "name": "บ้านขนม", "nameTh": "บ้านขนม", "nameEn": "Baan Khanom", "cat": ["food"], "province": "cm", "slug": "baan-khanom-670620390", "rank": 2}}, {"type": "Feature", "geometry": {"type": "Point", "coordinates": [99.12585, 18.8712]}, "properties": {"id": "cm-osm-node-3851468855", "name": "บ้านเชียงรุ้ง", "nameTh": "บ้านเชียงรุ้ง", "nameEn": "Ban Chiang Rung Cafe", "cat": ["food"], "province": "cm", "slug": "ban-chiang-rung-cafe-3851468855", "rank": 3}}, {"type": "Feature", "geometry": {"type": "Point", "coordinates": [98.98737, 18.79522]}, "properties": {"id": "cm-osm-node-3371232076", "name": "มิ่งมิตร", "nameTh": "มิ่งมิตร", "nameEn": "Mingmitr", "cat": ["food"], "province": "cm", "slug": "mingmitr-3371232076", "rank": 3}}, {"type": "Feature", "geometry": {"type": "Point", "coordinates": [98.81865, 18.93614]}, "properties": {"id": "cm-osm-node-9314302717", "name": "ม่อนอิงดาวคาเฟ่", "nameTh": "ม่อนอิงดาวคาเฟ่", "nameEn": "Mon Ing Dao Cafe", "cat": ["food"], "province": "cm", "slug": "mon-ing-dao-cafe-9314302717", "rank": 4}}, {"type": "Feature", "geometry": {"type": "Point", "coordinates": [98.98675, 18.77103]}, "properties": {"id": "cm-osm-node-5235085521", "name": "ริมระเบียง เวียงพิงค์", "nameTh": "ริมระเบียง เวียงพิงค์", "nameEn": "Rimrabiang", "cat": ["food"], "province": "cm", "slug": "rimrabiang-5235085521", "rank": 3}}, {"type": "Feature", "geometry": {"type": "Point", "coordinates": [98.95327, 18.78507]}, "properties": {"id": "cm-osm-node-6203233287", "name": "รื่นอารมย์", "nameTh": "รื่นอารมย์", "nameEn": "Ruen A Rom", "cat": ["food"], "province": "cm", "slug": "ruen-a-rom-6203233287", "rank": 4}}, {"type": "Feature", "geometry": {"type": "Point", "coordinates": [99.00333, 18.77569]}, "properties": {"id": "cm-osm-node-13800399002", "name": "ร้านกาแฟ ดูโอโม่", "nameTh": "ร้านกาแฟ ดูโอโม่", "nameEn": "Duomo coffee house", "cat": ["food"], "province": "cm", "slug": "duomo-coffee-house-13800399002", "rank": 4}}, {"type": "Feature", "geometry": {"type": "Point", "coordinates": [98.88462, 18.81202]}, "properties": {"id": "cm-osm-node-3046913649", "name": "ร้านกาแฟสวนสองแสน", "nameTh": "ร้านกาแฟสวนสองแสน", "nameEn": "Song Saen Coffee", "cat": ["food"], "province": "cm", "slug": "song-saen-coffee-3046913649", "rank": 2}}, {"type": "Feature", "geometry": {"type": "Point", "coordinates": [98.97398, 18.81846]}, "properties": {"id": "cm-osm-node-9379317921", "name": "ร้านกำไร ในสวน", "nameTh": "ร้านกำไร ในสวน", "nameEn": "Kam Rai in the Garden", "cat": ["food"], "province": "cm", "slug": "kam-rai-in-the-garden-9379317921", "rank": 4}}, {"type": "Feature", "geometry": {"type": "Point", "coordinates": [98.99435, 18.78923]}, "properties": {"id": "cm-osm-node-1617076544", "name": "ร้านซากุระ", "nameTh": "ร้านซากุระ", "nameEn": "Sakura Restaurant", "cat": ["food"], "province": "cm", "slug": "sakura-restaurant-1617076544", "rank": 2}}, {"type": "Feature", "geometry": {"type": "Point", "coordinates": [99.00004, 18.77043]}, "properties": {"id": "cm-osm-node-5564383234", "name": "ร้านอาหาร มัตอัม อิควาน", "nameTh": "ร้านอาหาร มัตอัม อิควาน", "nameEn": "Mat'am Ikhwan", "cat": ["food"], "province": "cm", "slug": "mat-am-ikhwan-5564383234", "rank": 4}}, {"type": "Feature", "geometry": {"type": "Point", "coordinates": [99.04596, 18.78459]}, "properties": {"id": "cm-osm-node-4686351107", "name": "ร้านอาหารมีนามีข้าว", "nameTh": "ร้านอาหารมีนา", "nameEn": "Meena Rice Based Cuisine", "cat": ["food"], "province": "cm", "slug": "meena-rice-based-cuisine-4686351107", "rank": 4}}, {"type": "Feature", "geometry": {"type": "Point", "coordinates": [98.96307, 18.82373]}, "properties": {"id": "cm-osm-node-6170094485", "name": "ร้านเชฟนนท์", "nameTh": "ร้านเชฟนนท์", "nameEn": "Chef Non Restaurant", "cat": ["food"], "province": "cm", "slug": "chef-non-restaurant-6170094485", "rank": 4}}, {"type": "Feature", "geometry": {"type": "Point", "coordinates": [98.98078, 18.78467]}, "properties": {"id": "cm-osm-way-579076681", "name": "สถานีแมว", "nameTh": "สถานีแมว", "nameEn": "Cats Station Coffee and Food", "cat": ["food"], "province": "cm", "slug": "cats-station-coffee-and-food-579076681", "rank": 4}}, {"type": "Feature", "geometry": {"type": "Point", "coordinates": [99.04601, 18.90487]}, "properties": {"id": "cm-osm-node-4573410090", "name": "สยามการ์เด้นคุ้กกิ้งสคูล", "nameTh": "สยามการ์เด้นคุ้กกิ้งสคูล", "nameEn": "Siam Garden Cooking School", "cat": ["cooking", "food"], "province": "cm", "slug": "siam-garden-cooking-school-4573410090", "rank": 6}}, {"type": "Feature", "geometry": {"type": "Point", "coordinates": [98.9782, 18.77244]}, "properties": {"id": "cm-osm-node-3207247635", "name": "สวนผัก โอ้กะจู๋", "nameTh": "สวนผัก โอ้กะจู๋", "nameEn": "Ohkajhu", "cat": ["food"], "province": "cm", "slug": "ohkajhu-3207247635", "rank": 5}}, {"type": "Feature", "geometry": {"type": "Point", "coordinates": [98.96918, 18.79385]}, "properties": {"id": "cm-osm-node-5340666521", "name": "สวนไอเบอร์รี่", "nameTh": "สวนไอเบอร์รี่", "nameEn": "iberry garden", "cat": ["food"], "province": "cm", "slug": "iberry-garden-5340666521", "rank": 5}}, {"type": "Feature", "geometry": {"type": "Point", "coordinates": [98.92448, 18.74273]}, "properties": {"id": "cm-osm-node-5276808922", "name": "สหภาพกระต่าย", "nameTh": "สหภาพกระต่าย", "nameEn": "The Rabbit Union", "cat": ["food"], "province": "cm", "slug": "the-rabbit-union-5276808922", "rank": 3}}, {"type": "Feature", "geometry": {"type": "Point", "coordinates": [98.98727, 18.79438]}, "properties": {"id": "cm-osm-node-5744403324", "name": "ส้มตำปูม้าหน้าสนาม", "nameTh": "ส้มตำปูม้าหน้าสนาม", "nameEn": null, "cat": ["food"], "province": "cm", "slug": "5744403324", "rank": 1}}, {"type": "Feature", "geometry": {"type": "Point", "coordinates": [98.98627, 18.79618]}, "properties": {"id": "cm-osm-node-3312190161", "name": "หนุ่มข้าวมันไก่ นครศรีธรรมราช", "nameTh": "หนุ่มข้าวมันไก่ นครศรีธรรมราช", "nameEn": null, "cat": ["food"], "province": "cm", "slug": "3312190161", "rank": 2}}, {"type": "Feature", "geometry": {"type": "Point", "coordinates": [98.96919, 18.81863]}, "properties": {"id": "cm-osm-node-4180090391", "name": "ฮอห์ม คาเฟ่", "nameTh": "ฮอห์ม คาเฟ่", "nameEn": "Hohm cafe", "cat": ["food"], "province": "cm", "slug": "hohm-cafe-4180090391", "rank": 4}}, {"type": "Feature", "geometry": {"type": "Point", "coordinates": [98.98248, 18.78741]}, "properties": {"id": "cm-osm-node-6260982285", "name": "ฮั้นหนะ", "nameTh": "ฮั้นหนะ", "nameEn": "Hanna Coffee", "cat": ["food"], "province": "cm", "slug": "hanna-coffee-6260982285", "rank": 3}}, {"type": "Feature", "geometry": {"type": "Point", "coordinates": [98.95889, 18.79114]}, "properties": {"id": "cm-osm-node-4430745091", "name": "เจไม่จำเจ", "nameTh": "เจไม่จำเจ", "nameEn": "CMU Vegan", "cat": ["food"], "province": "cm", "slug": "cmu-vegan-4430745091", "rank": 4}}, {"type": "Feature", "geometry": {"type": "Point", "coordinates": [98.97382, 18.79801]}, "properties": {"id": "cm-osm-node-9695288416", "name": "เดลี่คาเฟ่ ทองธนพล สาขาห้วยแก้ว", "nameTh": "เดลี่คาเฟ่ ทองธนพล สาขาห้วยแก้ว", "nameEn": "delicafé Thongthanaphon - Huay Kaew", "cat": ["food"], "province": "cm", "slug": "delicaf-thongthanaphon-huay-kaew-9695288416", "rank": 3}}, {"type": "Feature", "geometry": {"type": "Point", "coordinates": [98.99017, 18.79052]}, "properties": {"id": "cm-osm-node-4364338694", "name": "เฟื่องฟ้า คาเฟ่", "nameTh": "เฟื่องฟ้า คาเฟ่", "nameEn": "Feungfah Cafe", "cat": ["food"], "province": "cm", "slug": "feungfah-cafe-4364338694", "rank": 2}}, {"type": "Feature", "geometry": {"type": "Point", "coordinates": [98.93315, 18.72367]}, "properties": {"id": "cm-osm-node-5447299922", "name": "เมล ซาเ้ลง ฮอทดอก", "nameTh": "เมล ซาเ้ลง ฮอทดอก", "nameEn": "Mel's Saleng Hotdogs", "cat": ["food"], "province": "cm", "slug": "mel-s-saleng-hotdogs-5447299922", "rank": 4}}, {"type": "Feature", "geometry": {"type": "Point", "coordinates": [99.00242, 18.79178]}, "properties": {"id": "cm-osm-node-1628665655", "name": "เวียงจูมออน", "nameTh": "เวียงจูมออน", "nameEn": "Vieng Joom On Teahouse", "cat": ["food"], "province": "cm", "slug": "vieng-joom-on-teahouse-1628665655", "rank": 2}}, {"type": "Feature", "geometry": {"type": "Point", "coordinates": [99.00119, 18.78266]}, "properties": {"id": "cm-osm-node-5559363721", "name": "เหมาะโอชา", "nameTh": "เหมาะโอชา", "nameEn": "Mho-o-cha Seafood", "cat": ["food"], "province": "cm", "slug": "mho-o-cha-seafood-5559363721", "rank": 4}}, {"type": "Feature", "geometry": {"type": "Point", "coordinates": [98.96559, 18.8064]}, "properties": {"id": "cm-osm-way-442372056", "name": "เอกทิพย์โชคดี", "nameTh": "เอกทิพย์โชคดี", "nameEn": "Ekathip Chokedee", "cat": ["food"], "province": "cm", "slug": "ekathip-chokedee-442372056", "rank": 4}}, {"type": "Feature", "geometry": {"type": "Point", "coordinates": [99.13853, 18.65276]}, "properties": {"id": "cm-osm-node-6207735500", "name": "เฮือนข้าวเจ้าบ้านธิหละปูน", "nameTh": "เฮือนข้าวเจ้าบ้านธิหละปูน", "nameEn": "Ban Thi Rice House, Lamphun", "cat": ["food"], "province": "cm", "slug": "ban-thi-rice-house-lamphun-6207735500", "rank": 3}}, {"type": "Feature", "geometry": {"type": "Point", "coordinates": [99.01522, 18.75925]}, "properties": {"id": "cm-osm-node-2469653312", "name": "แก้วปลาสด", "nameTh": "ปลาเผาผักสด", "nameEn": "Pla Pow Pak Sod", "cat": ["food"], "province": "cm", "slug": "pla-pow-pak-sod-2469653312", "rank": 3}}, {"type": "Feature", "geometry": {"type": "Point", "coordinates": [98.98979, 18.79515]}, "properties": {"id": "cm-osm-node-6426201141", "name": "โจ๊กสมเพชร", "nameTh": "โจ๊กสมเพชร", "nameEn": "Jok Sompet", "cat": ["food"], "province": "cm", "slug": "jok-sompet-6426201141", "rank": 2}}, {"type": "Feature", "geometry": {"type": "Point", "coordinates": [99.038, 18.61283]}, "properties": {"id": "cm-osm-node-7085519908", "name": "โตวันไฮโดรฟาร์ม", "nameTh": "โตวันไฮโดรฟาร์ม", "nameEn": null, "cat": ["food"], "province": "cm", "slug": "7085519908", "rank": 1}}, {"type": "Feature", "geometry": {"type": "Point", "coordinates": [98.95669, 18.79083]}, "properties": {"id": "cm-osm-node-5156653722", "name": "โรซี่ ชีคส์", "nameTh": "โรซี่ ชีคส์", "nameEn": "Rosy-Cheeks", "cat": ["food"], "province": "cm", "slug": "rosy-cheeks-5156653722", "rank": 4}}, {"type": "Feature", "geometry": {"type": "Point", "coordinates": [99.03591, 18.79727]}, "properties": {"id": "cm-osm-node-2817848201", "name": "ใบชาหมูกะทะ", "nameTh": "ใบชาหมูกะทะ", "nameEn": "Bai Cha Mookata", "cat": ["food"], "province": "cm", "slug": "bai-cha-mookata-2817848201", "rank": 2}}, {"type": "Feature", "geometry": {"type": "Point", "coordinates": [98.94307, 18.93916]}, "properties": {"id": "cm-osm-node-2611231828", "name": "ไม้เฮือน 60", "nameTh": "ไม้เฮือน 60", "nameEn": "Mai Kuen 60", "cat": ["food"], "province": "cm", "slug": "mai-kuen-60-2611231828", "rank": 3}}, {"type": "Feature", "geometry": {"type": "Point", "coordinates": [98.96893, 18.79425]}, "properties": {"id": "cm-osm-node-2505598106", "name": "ไอเบอร์รี่", "nameTh": "ไอเบอร์รี่", "nameEn": "i-Berry", "cat": ["food"], "province": "cm", "slug": "i-berry-2505598106", "rank": 3}}, {"type": "Feature", "geometry": {"type": "Point", "coordinates": [99.00827, 18.79553]}, "properties": {"id": "cm-osm-node-9347976017", "name": "ไอเลิฟซูชิซีเอ็นเอ็กซ์", "nameTh": "ไอเลิฟซูชิซีเอ็นเอ็กซ์", "nameEn": "I Luv Sushi", "cat": ["food"], "province": "cm", "slug": "i-luv-sushi-9347976017", "rank": 4}}, {"type": "Feature", "geometry": {"type": "Point", "coordinates": [98.96196, 18.79923]}, "properties": {"id": "cm-osm-node-4401581689", "name": "๑Coffee", "nameTh": "๑Coffee", "nameEn": null, "cat": ["food"], "province": "cm", "slug": "coffee-4401581689", "rank": 2}}, {"type": "Feature", "geometry": {"type": "Point", "coordinates": [99.00868, 18.75861]}, "properties": {"id": "cm-osm-node-5000148487", "name": "のび田", "nameTh": null, "nameEn": "Nobita", "cat": ["food"], "province": "cm", "slug": "nobita-5000148487", "rank": 3}}, {"type": "Feature", "geometry": {"type": "Point", "coordinates": [98.97387, 18.80999]}, "properties": {"id": "cm-osm-node-10970962604", "name": "MIlada Thai-Chinese Medical Clinic", "nameTh": null, "nameEn": "MIlada Thai-Chinese Medical Clinic", "cat": ["medical"], "province": "cm", "slug": "milada-thai-chinese-medical-clinic-10970962604", "rank": 4}}, {"type": "Feature", "geometry": {"type": "Point", "coordinates": [98.99459, 18.78107]}, "properties": {"id": "cm-osm-node-7595842186", "name": "Tooth House", "nameTh": null, "nameEn": "Tooth House", "cat": ["medical"], "province": "cm", "slug": "tooth-house-7595842186", "rank": 3}}, {"type": "Feature", "geometry": {"type": "Point", "coordinates": [99.02099, 18.77361]}, "properties": {"id": "cm-osm-node-4334725589", "name": "บ้านต้นขาม 2", "nameTh": "บ้านต้นขาม 2", "nameEn": null, "cat": ["medical"], "province": "cm", "slug": "2-4334725589", "rank": 2}}, {"type": "Feature", "geometry": {"type": "Point", "coordinates": [99.00127, 18.78833]}, "properties": {"id": "cm-osm-node-9982674527", "name": "High Queen CNX", "nameTh": null, "nameEn": "High Queen CNX", "cat": ["cannabis"], "province": "cm", "slug": "high-queen-cnx-9982674527", "rank": 1}}, {"type": "Feature", "geometry": {"type": "Point", "coordinates": [98.99233, 18.78913]}, "properties": {"id": "cm-osm-node-9982674526", "name": "Mavoix Coffee & Weed", "nameTh": null, "nameEn": "Mavoix Coffee & Weed", "cat": ["cannabis"], "province": "cm", "slug": "mavoix-coffee-weed-9982674526", "rank": 2}}, {"type": "Feature", "geometry": {"type": "Point", "coordinates": [99.01262, 18.82762]}, "properties": {"id": "cm-osm-node-13303153000", "name": "Weed Wiw", "nameTh": "ร้านกัญชา วี๊ด.วิ้ว รวมโชค", "nameEn": "Weed Wiw", "cat": ["cannabis"], "province": "cm", "slug": "weed-wiw-13303153000", "rank": 5}}, {"type": "Feature", "geometry": {"type": "Point", "coordinates": [98.96749, 18.85716]}, "properties": {"id": "cm-osm-node-13303176356", "name": "Weed Wiw", "nameTh": "ร้านกัญชา วี๊ด.วิ้ว ดอนแก้ว", "nameEn": "Weed Wiw", "cat": ["cannabis"], "province": "cm", "slug": "weed-wiw-13303176356", "rank": 4}}, {"type": "Feature", "geometry": {"type": "Point", "coordinates": [98.92589, 18.74331]}, "properties": {"id": "cm-osm-node-11295824999", "name": "stuff cannabis dispensary", "nameTh": null, "nameEn": "stuff cannabis dispensary", "cat": ["cannabis"], "province": "cm", "slug": "stuff-cannabis-dispensary-11295824999", "rank": 4}}, {"type": "Feature", "geometry": {"type": "Point", "coordinates": [98.99293, 18.78639]}, "properties": {"id": "cm-osm-way-482772359", "name": "7-11", "nameTh": "หลอด biers", "nameEn": "Bier Stube", "cat": ["essentials"], "province": "cm", "slug": "bier-stube-482772359", "rank": 5}}, {"type": "Feature", "geometry": {"type": "Point", "coordinates": [98.99297, 18.7873]}, "properties": {"id": "cm-osm-way-238151855", "name": "7-Eleven", "nameTh": null, "nameEn": "7-Eleven", "cat": ["essentials"], "province": "cm", "slug": "7-eleven-238151855", "rank": 3}}, {"type": "Feature", "geometry": {"type": "Point", "coordinates": [98.98263, 18.78164]}, "properties": {"id": "cm-osm-node-4886910421", "name": "CleanPro", "nameTh": "CleanPro", "nameEn": "24hr Self Service Laundry", "cat": ["essentials"], "province": "cm", "slug": "24hr-self-service-laundry-4886910421", "rank": 3}}, {"type": "Feature", "geometry": {"type": "Point", "coordinates": [98.96496, 18.74066]}, "properties": {"id": "cm-osm-node-10777553750", "name": "Code Clean", "nameTh": null, "nameEn": "Code Clean", "cat": ["essentials"], "province": "cm", "slug": "code-clean-10777553750", "rank": 2}}, {"type": "Feature", "geometry": {"type": "Point", "coordinates": [98.99281, 18.78413]}, "properties": {"id": "cm-osm-node-6514349387", "name": "Otteri", "nameTh": null, "nameEn": "Otteri", "cat": ["essentials"], "province": "cm", "slug": "otteri-6514349387", "rank": 2}}, {"type": "Feature", "geometry": {"type": "Point", "coordinates": [98.9938, 18.79098]}, "properties": {"id": "cm-osm-node-6351319485", "name": "Otteri wash and dry", "nameTh": null, "nameEn": "Otteri wash and dry", "cat": ["essentials"], "province": "cm", "slug": "otteri-wash-and-dry-6351319485", "rank": 2}}, {"type": "Feature", "geometry": {"type": "Point", "coordinates": [98.953, 18.79281]}, "properties": {"id": "cm-osm-node-13135642801", "name": "Rolling Wash & Dry", "nameTh": null, "nameEn": "Rolling Wash & Dry", "cat": ["essentials"], "province": "cm", "slug": "rolling-wash-dry-13135642801", "rank": 3}}, {"type": "Feature", "geometry": {"type": "Point", "coordinates": [98.98859, 18.77856]}, "properties": {"id": "cm-osm-node-7003552085", "name": "Wash up", "nameTh": null, "nameEn": "Laundry", "cat": ["essentials"], "province": "cm", "slug": "laundry-7003552085", "rank": 2}}, {"type": "Feature", "geometry": {"type": "Point", "coordinates": [98.99893, 18.75438]}, "properties": {"id": "cm-osm-node-11652195486", "name": "กันเอง", "nameTh": "กันเอง", "nameEn": "Friendly Laundry", "cat": ["essentials"], "province": "cm", "slug": "friendly-laundry-11652195486", "rank": 3}}, {"type": "Feature", "geometry": {"type": "Point", "coordinates": [98.99158, 18.79205]}, "properties": {"id": "cm-osm-way-492846799", "name": "18 Cottage", "nameTh": null, "nameEn": "18 Cottage", "cat": ["hotel"], "province": "cm", "slug": "18-cottage-492846799", "rank": 1}}, {"type": "Feature", "geometry": {"type": "Point", "coordinates": [98.98258, 18.78239]}, "properties": {"id": "cm-osm-node-6943933187", "name": "2 c’s Sons", "nameTh": null, "nameEn": "2 c’s Sons", "cat": ["hotel"], "province": "cm", "slug": "2-c-s-sons-6943933187", "rank": 2}}, {"type": "Feature", "geometry": {"type": "Point", "coordinates": [98.98395, 18.79601]}, "properties": {"id": "cm-osm-node-5995145521", "name": "248 Street Hostel", "nameTh": null, "nameEn": "248 Street Hostel", "cat": ["hotel"], "province": "cm", "slug": "248-street-hostel-5995145521", "rank": 1}}, {"type": "Feature", "geometry": {"type": "Point", "coordinates": [98.98395, 18.79598]}, "properties": {"id": "cm-osm-node-5995150123", "name": "248 Street Hostel", "nameTh": null, "nameEn": "248 Street Hostel", "cat": ["hotel"], "province": "cm", "slug": "248-street-hostel-5995150123", "rank": 1}}, {"type": "Feature", "geometry": {"type": "Point", "coordinates": [98.99001, 18.78236]}, "properties": {"id": "cm-osm-node-2598509624", "name": "60 Blue", "nameTh": null, "nameEn": "60 Blue", "cat": ["hotel"], "province": "cm", "slug": "60-blue-2598509624", "rank": 3}}, {"type": "Feature", "geometry": {"type": "Point", "coordinates": [98.98994, 18.78244]}, "properties": {"id": "cm-osm-node-5617175421", "name": "60 Blue House (08-6919-2777)", "nameTh": null, "nameEn": "60 Blue House (08-6919-2777)", "cat": ["hotel"], "province": "cm", "slug": "60-blue-house-08-6919-2777-5617175421", "rank": 1}}, {"type": "Feature", "geometry": {"type": "Point", "coordinates": [98.98223, 18.77552]}, "properties": {"id": "cm-osm-node-11254994641", "name": "84 Gallery", "nameTh": null, "nameEn": "84 Gallery", "cat": ["hotel"], "province": "cm", "slug": "84-gallery-11254994641", "rank": 3}}, {"type": "Feature", "geometry": {"type": "Point", "coordinates": [98.98304, 18.78943]}, "properties": {"id": "cm-osm-node-3804433413", "name": "99 Gallery Hotel", "nameTh": null, "nameEn": "99 Gallery Hotel", "cat": ["hotel"], "province": "cm", "slug": "99-gallery-hotel-3804433413", "rank": 2}}, {"type": "Feature", "geometry": {"type": "Point", "coordinates": [98.99125, 18.7808]}, "properties": {"id": "cm-osm-way-677271031", "name": "A Dude mini Hostel", "nameTh": null, "nameEn": "A Dude mini Hostel", "cat": ["hotel"], "province": "cm", "slug": "a-dude-mini-hostel-677271031", "rank": 2}}, {"type": "Feature", "geometry": {"type": "Point", "coordinates": [98.99247, 18.78939]}, "properties": {"id": "cm-osm-way-481924558", "name": "A.N. House", "nameTh": null, "nameEn": "A.N. House", "cat": ["hotel"], "province": "cm", "slug": "a-n-house-481924558", "rank": 2}}, {"type": "Feature", "geometry": {"type": "Point", "coordinates": [98.9914, 18.78762]}, "properties": {"id": "cm-osm-node-7203451785", "name": "Aksara Heritage", "nameTh": null, "nameEn": "Aksara Heritage", "cat": ["hotel"], "province": "cm", "slug": "aksara-heritage-7203451785", "rank": 1}}, {"type": "Feature", "geometry": {"type": "Point", "coordinates": [98.96948, 18.79741]}, "properties": {"id": "cm-osm-node-4527807293", "name": "Akyra Manor Hotel", "nameTh": null, "nameEn": "Akyra Manor Hotel", "cat": ["hotel"], "province": "cm", "slug": "akyra-manor-hotel-4527807293", "rank": 1}}, {"type": "Feature", "geometry": {"type": "Point", "coordinates": [98.99399, 18.78937]}, "properties": {"id": "cm-osm-way-481700410", "name": "Amora Chiang Mai", "nameTh": null, "nameEn": "Amora Chiang Mai", "cat": ["hotel"], "province": "cm", "slug": "amora-chiang-mai-481700410", "rank": 4}}, {"type": "Feature", "geometry": {"type": "Point", "coordinates": [98.98242, 18.78422]}, "properties": {"id": "cm-osm-node-11389382758", "name": "Archita House", "nameTh": null, "nameEn": "Archita House", "cat": ["hotel"], "province": "cm", "slug": "archita-house-11389382758", "rank": 1}}, {"type": "Feature", "geometry": {"type": "Point", "coordinates": [98.99537, 18.7926]}, "properties": {"id": "cm-osm-node-7194771787", "name": "Arku's Guesthouse", "nameTh": null, "nameEn": "Arku's Guesthouse", "cat": ["hotel"], "province": "cm", "slug": "arku-s-guesthouse-7194771787", "rank": 1}}, {"type": "Feature", "geometry": {"type": "Point", "coordinates": [98.99527, 18.78989]}, "properties": {"id": "cm-osm-node-10245740618", "name": "Ashi Hostel", "nameTh": null, "nameEn": "Ashi Hostel", "cat": ["hotel"], "province": "cm", "slug": "ashi-hostel-10245740618", "rank": 1}}, {"type": "Feature", "geometry": {"type": "Point", "coordinates": [98.98401, 18.79757]}, "properties": {"id": "cm-osm-node-4287034991", "name": "At Baan Khun 2", "nameTh": null, "nameEn": "At Baan Khun 2", "cat": ["hotel"], "province": "cm", "slug": "at-baan-khun-2-4287034991", "rank": 2}}, {"type": "Feature", "geometry": {"type": "Point", "coordinates": [98.98922, 18.79045]}, "properties": {"id": "cm-osm-way-324215297", "name": "At Chiang Mai Hotel", "nameTh": null, "nameEn": "At Chiang Mai Hotel", "cat": ["hotel"], "province": "cm", "slug": "at-chiang-mai-hotel-324215297", "rank": 3}}, {"type": "Feature", "geometry": {"type": "Point", "coordinates": [98.99489, 18.78643]}, "properties": {"id": "cm-osm-node-12642191034", "name": "Away Chiang Mai Thapae Resort", "nameTh": null, "nameEn": "Away Chiang Mai Thapae Resort", "cat": ["hotel"], "province": "cm", "slug": "away-chiang-mai-thapae-resort-12642191034", "rank": 3}}, {"type": "Feature", "geometry": {"type": "Point", "coordinates": [98.97997, 18.78764]}, "properties": {"id": "cm-osm-way-623154486", "name": "B House Boutique Hotel", "nameTh": null, "nameEn": "B House Boutique Hotel", "cat": ["hotel"], "province": "cm", "slug": "b-house-boutique-hotel-623154486", "rank": 2}}, {"type": "Feature", "geometry": {"type": "Point", "coordinates": [98.99044, 18.77657]}, "properties": {"id": "cm-osm-way-334131500", "name": "B.M.P. Resident", "nameTh": null, "nameEn": "B.M.P. Residence", "cat": ["hotel"], "province": "cm", "slug": "b-m-p-residence-334131500", "rank": 1}}, {"type": "Feature", "geometry": {"type": "Point", "coordinates": [98.96381, 18.82051]}, "properties": {"id": "cm-osm-way-200686330", "name": "B2 Black - Business & Budget", "nameTh": null, "nameEn": "B2 Black - Business & Budget", "cat": ["hotel"], "province": "cm", "slug": "b2-black-business-budget-200686330", "rank": 3}}, {"type": "Feature", "geometry": {"type": "Point", "coordinates": [98.97609, 18.80015]}, "properties": {"id": "cm-osm-way-332230162", "name": "B2 Green", "nameTh": null, "nameEn": "B2 Green", "cat": ["hotel"], "province": "cm", "slug": "b2-green-332230162", "rank": 1}}, {"type": "Feature", "geometry": {"type": "Point", "coordinates": [98.95096, 18.77327]}, "properties": {"id": "cm-osm-way-334869221", "name": "B2 Premier", "nameTh": null, "nameEn": "B2 Premier", "cat": ["hotel"], "province": "cm", "slug": "b2-premier-334869221", "rank": 3}}, {"type": "Feature", "geometry": {"type": "Point", "coordinates": [98.97142, 18.79558]}, "properties": {"id": "cm-osm-way-481787808", "name": "B2 Premier @Nimman", "nameTh": null, "nameEn": "B2 Premier @Nimman", "cat": ["hotel"], "province": "cm", "slug": "b2-premier-nimman-481787808", "rank": 2}}, {"type": "Feature", "geometry": {"type": "Point", "coordinates": [98.97906, 18.80868]}, "properties": {"id": "cm-osm-way-204080024", "name": "B2 Santitham (Wat Jed Yod)", "nameTh": null, "nameEn": "B2 Santitham (Wat Jed Yod)", "cat": ["hotel"], "province": "cm", "slug": "b2-santitham-wat-jed-yod-204080024", "rank": 1}}, {"type": "Feature", "geometry": {"type": "Point", "coordinates": [98.99457, 18.77851]}, "properties": {"id": "cm-osm-node-12330971701", "name": "BB House Chiang Mai", "nameTh": null, "nameEn": "BB House Chiang Mai", "cat": ["hotel"], "province": "cm", "slug": "bb-house-chiang-mai-12330971701", "rank": 5}}, {"type": "Feature", "geometry": {"type": "Point", "coordinates": [98.98365, 18.78316]}, "properties": {"id": "cm-osm-node-14002214448", "name": "Baan Elephant Home", "nameTh": null, "nameEn": "Baan Elephant Home", "cat": ["hotel"], "province": "cm", "slug": "baan-elephant-home-14002214448", "rank": 1}}, {"type": "Feature", "geometry": {"type": "Point", "coordinates": [98.96303, 18.78937]}, "properties": {"id": "cm-osm-node-9384968017", "name": "Baan Kaewta", "nameTh": null, "nameEn": "Baan Kaewta", "cat": ["hotel"], "province": "cm", "slug": "baan-kaewta-9384968017", "rank": 2}}, {"type": "Feature", "geometry": {"type": "Point", "coordinates": [98.99731, 18.78815]}, "properties": {"id": "cm-osm-node-3141454929", "name": "Baan Khun Hostel", "nameTh": null, "nameEn": "Baan Khun Hostel", "cat": ["hotel"], "province": "cm", "slug": "baan-khun-hostel-3141454929", "rank": 1}}, {"type": "Feature", "geometry": {"type": "Point", "coordinates": [98.80506, 18.91548]}, "properties": {"id": "cm-osm-node-6204941285", "name": "Baan Medbua Resorts", "nameTh": null, "nameEn": "Baan Medbua Resorts", "cat": ["hotel"], "province": "cm", "slug": "baan-medbua-resorts-6204941285", "rank": 3}}, {"type": "Feature", "geometry": {"type": "Point", "coordinates": [98.99048, 18.7821]}, "properties": {"id": "cm-osm-node-6185566685", "name": "Baan Nantaya", "nameTh": null, "nameEn": "Baan Nantaya", "cat": ["hotel"], "province": "cm", "slug": "baan-nantaya-6185566685", "rank": 4}}, {"type": "Feature", "geometry": {"type": "Point", "coordinates": [99.00222, 18.79302]}, "properties": {"id": "cm-osm-node-3440864913", "name": "Baan Orapin", "nameTh": null, "nameEn": "Baan Orapin", "cat": ["hotel"], "province": "cm", "slug": "baan-orapin-3440864913", "rank": 1}}, {"type": "Feature", "geometry": {"type": "Point", "coordinates": [98.98464, 18.73351]}, "properties": {"id": "cm-osm-node-5154391794", "name": "Baan Vartika @ ping", "nameTh": null, "nameEn": "Baan Vartika @ ping", "cat": ["hotel"], "province": "cm", "slug": "baan-vartika-ping-5154391794", "rank": 1}}, {"type": "Feature", "geometry": {"type": "Point", "coordinates": [98.98461, 18.77596]}, "properties": {"id": "cm-osm-node-6862246249", "name": "Baan Yai Phun", "nameTh": null, "nameEn": "Baan Yai Phun", "cat": ["hotel"], "province": "cm", "slug": "baan-yai-phun-6862246249", "rank": 1}}, {"type": "Feature", "geometry": {"type": "Point", "coordinates": [98.97299, 18.88718]}, "properties": {"id": "cm-osm-node-3981305250", "name": "Baan88", "nameTh": null, "nameEn": "Baan88", "cat": ["hotel"], "province": "cm", "slug": "baan88-3981305250", "rank": 1}}, {"type": "Feature", "geometry": {"type": "Point", "coordinates": [98.97679, 18.79444]}, "properties": {"id": "cm-osm-node-12295719270", "name": "Baansuan in Town", "nameTh": null, "nameEn": "Baansuan in Town", "cat": ["hotel"], "province": "cm", "slug": "baansuan-in-town-12295719270", "rank": 1}}, {"type": "Feature", "geometry": {"type": "Point", "coordinates": [98.97598, 18.96773]}, "properties": {"id": "cm-osm-node-13408873756", "name": "Baansuanpurajit", "nameTh": "บ้านสวนภูรจิตร", "nameEn": "Baansuanpurajit", "cat": ["hotel"], "province": "cm", "slug": "baansuanpurajit-13408873756", "rank": 2}}, {"type": "Feature", "geometry": {"type": "Point", "coordinates": [98.94817, 18.76457]}, "properties": {"id": "cm-osm-way-448935886", "name": "Baansureepan", "nameTh": null, "nameEn": "Baansureepan", "cat": ["hotel"], "province": "cm", "slug": "baansureepan-448935886", "rank": 1}}, {"type": "Feature", "geometry": {"type": "Point", "coordinates": [98.96562, 18.79625]}, "properties": {"id": "cm-osm-way-276724649", "name": "Baiyoke Ciao Hotel", "nameTh": null, "nameEn": "Baiyoke Ciao Hotel", "cat": ["hotel"], "province": "cm", "slug": "baiyoke-ciao-hotel-276724649", "rank": 2}}, {"type": "Feature", "geometry": {"type": "Point", "coordinates": [98.96699, 18.79518]}, "properties": {"id": "cm-osm-node-10245740616", "name": "Bake Room Hostel", "nameTh": null, "nameEn": "Bake Room Hostel", "cat": ["hotel"], "province": "cm", "slug": "bake-room-hostel-10245740616", "rank": 1}}, {"type": "Feature", "geometry": {"type": "Point", "coordinates": [99.01643, 18.79802]}, "properties": {"id": "cm-osm-node-4610154390", "name": "Ban Maitree", "nameTh": null, "nameEn": "Ban Maitree", "cat": ["hotel"], "province": "cm", "slug": "ban-maitree-4610154390", "rank": 2}}, {"type": "Feature", "geometry": {"type": "Point", "coordinates": [99.00423, 18.78633]}, "properties": {"id": "cm-osm-way-1346303185", "name": "Ban Narai River Guesthouse", "nameTh": null, "nameEn": "Ban Narai River Guesthouse", "cat": ["hotel"], "province": "cm", "slug": "ban-narai-river-guesthouse-1346303185", "rank": 1}}, {"type": "Feature", "geometry": {"type": "Point", "coordinates": [98.99205, 18.70514]}, "properties": {"id": "cm-osm-node-12860015601", "name": "BanWongdee", "nameTh": null, "nameEn": "BanWongdee", "cat": ["hotel"], "province": "cm", "slug": "banwongdee-12860015601", "rank": 2}}, {"type": "Feature", "geometry": {"type": "Point", "coordinates": [99.01611, 18.79847]}, "properties": {"id": "cm-osm-node-5445119729", "name": "Banyindee", "nameTh": null, "nameEn": "Welcome home", "cat": ["hotel"], "province": "cm", "slug": "welcome-home-5445119729", "rank": 1}}, {"type": "Feature", "geometry": {"type": "Point", "coordinates": [98.98576, 18.781]}, "properties": {"id": "cm-osm-node-2598540243", "name": "Bed Stop Hotel", "nameTh": null, "nameEn": "Bed Stop Hotel", "cat": ["hotel"], "province": "cm", "slug": "bed-stop-hotel-2598540243", "rank": 2}}, {"type": "Feature", "geometry": {"type": "Point", "coordinates": [98.98154, 18.78299]}, "properties": {"id": "cm-osm-way-1004638173", "name": "Bloomin' Moon Hostel&Cafe", "nameTh": null, "nameEn": "Bloomin' Moon Hostel&Cafe", "cat": ["hotel"], "province": "cm", "slug": "bloomin-moon-hostel-cafe-1004638173", "rank": 1}}, {"type": "Feature", "geometry": {"type": "Point", "coordinates": [98.99057, 18.78452]}, "properties": {"id": "cm-osm-node-12327786309", "name": "Bodhi Serene", "nameTh": null, "nameEn": "Bodhi Serene", "cat": ["hotel"], "province": "cm", "slug": "bodhi-serene-12327786309", "rank": 1}}, {"type": "Feature", "geometry": {"type": "Point", "coordinates": [98.99443, 18.78752]}, "properties": {"id": "cm-osm-way-482773617", "name": "Born Guest House and Restaurant", "nameTh": null, "nameEn": "Born Guest House and Restaurant", "cat": ["hotel"], "province": "cm", "slug": "born-guest-house-and-restaurant-482773617", "rank": 2}}, {"type": "Feature", "geometry": {"type": "Point", "coordinates": [98.99133, 18.7919]}, "properties": {"id": "cm-osm-way-492846796", "name": "Boss's House", "nameTh": null, "nameEn": "Boss's House", "cat": ["hotel"], "province": "cm", "slug": "boss-s-house-492846796", "rank": 1}}, {"type": "Feature", "geometry": {"type": "Point", "coordinates": [98.98164, 18.78307]}, "properties": {"id": "cm-osm-node-6983987025", "name": "Boxbolo House", "nameTh": null, "nameEn": "Boxbolo House", "cat": ["hotel"], "province": "cm", "slug": "boxbolo-house-6983987025", "rank": 2}}, {"type": "Feature", "geometry": {"type": "Point", "coordinates": [98.98789, 18.78316]}, "properties": {"id": "cm-osm-node-1618868153", "name": "Bupatara", "nameTh": null, "nameEn": "Bupatara", "cat": ["hotel"], "province": "cm", "slug": "bupatara-1618868153", "rank": 2}}, {"type": "Feature", "geometry": {"type": "Point", "coordinates": [98.97268, 18.81874]}, "properties": {"id": "cm-osm-way-320013705", "name": "Burapa Boutique", "nameTh": null, "nameEn": "Burapa Boutique", "cat": ["hotel"], "province": "cm", "slug": "burapa-boutique-320013705", "rank": 2}}, {"type": "Feature", "geometry": {"type": "Point", "coordinates": [98.98872, 18.78804]}, "properties": {"id": "cm-osm-node-12295719271", "name": "Burirattana", "nameTh": null, "nameEn": "Burirattana", "cat": ["hotel"], "province": "cm", "slug": "burirattana-12295719271", "rank": 1}}, {"type": "Feature", "geometry": {"type": "Point", "coordinates": [98.98373, 18.78612]}, "properties": {"id": "cm-osm-node-10748421005", "name": "Capsule City Hostel", "nameTh": null, "nameEn": "Capsule City Hostel", "cat": ["hotel"], "province": "cm", "slug": "capsule-city-hostel-10748421005", "rank": 1}}, {"type": "Feature", "geometry": {"type": "Point", "coordinates": [98.96877, 18.79951]}, "properties": {"id": "cm-osm-way-372055248", "name": "Casa 2511", "nameTh": null, "nameEn": "Casa 2511", "cat": ["hotel"], "province": "cm", "slug": "casa-2511-372055248", "rank": 2}}, {"type": "Feature", "geometry": {"type": "Point", "coordinates": [98.9853, 18.77949]}, "properties": {"id": "cm-osm-way-818995047", "name": "Casa VESPA at WUA LAI Boutique", "nameTh": null, "nameEn": "Casa VESPA at WUA LAI Boutique", "cat": ["hotel"], "province": "cm", "slug": "casa-vespa-at-wua-lai-boutique-818995047", "rank": 1}}, {"type": "Feature", "geometry": {"type": "Point", "coordinates": [98.99114, 18.7848]}, "properties": {"id": "cm-osm-node-1618793887", "name": "Chada House", "nameTh": null, "nameEn": "Chada House", "cat": ["hotel"], "province": "cm", "slug": "chada-house-1618793887", "rank": 1}}, {"type": "Feature", "geometry": {"type": "Point", "coordinates": [98.98325, 18.783]}, "properties": {"id": "cm-osm-way-566083669", "name": "Champion Hostel 2", "nameTh": null, "nameEn": "Champion Hostel 2", "cat": ["hotel"], "province": "cm", "slug": "champion-hostel-2-566083669", "rank": 2}}, {"type": "Feature", "geometry": {"type": "Point", "coordinates": [98.9824, 18.78294]}, "properties": {"id": "cm-osm-way-318784042", "name": "Chanaplace", "nameTh": null, "nameEn": "Chanaplace", "cat": ["hotel"], "province": "cm", "slug": "chanaplace-318784042", "rank": 2}}, {"type": "Feature", "geometry": {"type": "Point", "coordinates": [98.92557, 18.74299]}, "properties": {"id": "cm-osm-node-11295829592", "name": "Chandra Residence", "nameTh": null, "nameEn": "Chandra Residence", "cat": ["hotel"], "province": "cm", "slug": "chandra-residence-11295829592", "rank": 3}}, {"type": "Feature", "geometry": {"type": "Point", "coordinates": [98.99207, 18.78392]}, "properties": {"id": "cm-osm-node-4317839090", "name": "Chang Guesthouse", "nameTh": null, "nameEn": "Chang Guesthouse", "cat": ["hotel"], "province": "cm", "slug": "chang-guesthouse-4317839090", "rank": 3}}, {"type": "Feature", "geometry": {"type": "Point", "coordinates": [98.98552, 18.80634]}, "properties": {"id": "cm-osm-way-329068071", "name": "Chavala Hotel", "nameTh": null, "nameEn": "Chavala Hotel", "cat": ["hotel"], "province": "cm", "slug": "chavala-hotel-329068071", "rank": 3}}, {"type": "Feature", "geometry": {"type": "Point", "coordinates": [98.95165, 18.76451]}, "properties": {"id": "cm-osm-way-448935889", "name": "Chiang Mai Lakeland Homestay", "nameTh": null, "nameEn": "Chiang Mai Lakeland Homestay", "cat": ["hotel"], "province": "cm", "slug": "chiang-mai-lakeland-homestay-448935889", "rank": 1}}, {"type": "Feature", "geometry": {"type": "Point", "coordinates": [98.98147, 18.78189]}, "properties": {"id": "cm-osm-way-406994347", "name": "Chiang Mai Panda Hostel", "nameTh": null, "nameEn": "Chiang Mai Panda Hostel", "cat": ["hotel"], "province": "cm", "slug": "chiang-mai-panda-hostel-406994347", "rank": 3}}, {"type": "Feature", "geometry": {"type": "Point", "coordinates": [98.97529, 18.79909]}, "properties": {"id": "cm-osm-way-406558219", "name": "Chiang Mai Rose House", "nameTh": null, "nameEn": "Chiang Mai Rose House", "cat": ["hotel"], "province": "cm", "slug": "chiang-mai-rose-house-406558219", "rank": 2}}, {"type": "Feature", "geometry": {"type": "Point", "coordinates": [98.99086, 18.79213]}, "properties": {"id": "cm-osm-node-12292831001", "name": "Chinda Boutique Guesthouse", "nameTh": null, "nameEn": "Chinda Boutique Guesthouse", "cat": ["hotel"], "province": "cm", "slug": "chinda-boutique-guesthouse-12292831001", "rank": 1}}, {"type": "Feature", "geometry": {"type": "Point", "coordinates": [99.00706, 18.78186]}, "properties": {"id": "cm-osm-node-10302598909", "name": "Chirin hôtel", "nameTh": null, "nameEn": "Chirin hôtel", "cat": ["hotel"], "province": "cm", "slug": "chirin-h-tel-10302598909", "rank": 1}}, {"type": "Feature", "geometry": {"type": "Point", "coordinates": [98.99179, 18.79232]}, "properties": {"id": "cm-osm-way-361101916", "name": "Chok Dee Guesthouse", "nameTh": "Cook Dee Guesthouse", "nameEn": "Chok Dee Guesthouse", "cat": ["hotel"], "province": "cm", "slug": "chok-dee-guesthouse-361101916", "rank": 2}}, {"type": "Feature", "geometry": {"type": "Point", "coordinates": [98.97729, 18.80128]}, "properties": {"id": "cm-osm-way-1147523717", "name": "Chor Chang House", "nameTh": null, "nameEn": "Chor Chang House", "cat": ["hotel"], "province": "cm", "slug": "chor-chang-house-1147523717", "rank": 2}}, {"type": "Feature", "geometry": {"type": "Point", "coordinates": [98.96857, 18.80511]}, "properties": {"id": "cm-osm-way-747778354", "name": "Cmor by Recall Hotels", "nameTh": null, "nameEn": "Cmor by Recall Hotels", "cat": ["hotel"], "province": "cm", "slug": "cmor-by-recall-hotels-747778354", "rank": 3}}, {"type": "Feature", "geometry": {"type": "Point", "coordinates": [98.99194, 18.78911]}, "properties": {"id": "cm-osm-node-5366063422", "name": "Cody Guesthouse", "nameTh": null, "nameEn": "Cody Guesthouse", "cat": ["hotel"], "province": "cm", "slug": "cody-guesthouse-5366063422", "rank": 1}}, {"type": "Feature", "geometry": {"type": "Point", "coordinates": [98.97424, 18.79931]}, "properties": {"id": "cm-osm-way-321801551", "name": "Common Living", "nameTh": null, "nameEn": "Common Living", "cat": ["hotel"], "province": "cm", "slug": "common-living-321801551", "rank": 3}}, {"type": "Feature", "geometry": {"type": "Point", "coordinates": [98.91854, 18.97201]}, "properties": {"id": "cm-osm-node-3803713497", "name": "Country Retreat", "nameTh": null, "nameEn": "Country Retreat", "cat": ["hotel"], "province": "cm", "slug": "country-retreat-3803713497", "rank": 1}}, {"type": "Feature", "geometry": {"type": "Point", "coordinates": [98.95398, 18.7926]}, "properties": {"id": "cm-osm-node-13135635101", "name": "Cozy Hub Hostel", "nameTh": null, "nameEn": "Cozy Hub Hostel", "cat": ["hotel"], "province": "cm", "slug": "cozy-hub-hostel-13135635101", "rank": 1}}, {"type": "Feature", "geometry": {"type": "Point", "coordinates": [98.98953, 18.78715]}, "properties": {"id": "cm-osm-node-9281344619", "name": "Cozy by Funwahn", "nameTh": null, "nameEn": "Cozy by Funwahn", "cat": ["hotel"], "province": "cm", "slug": "cozy-by-funwahn-9281344619", "rank": 1}}, {"type": "Feature", "geometry": {"type": "Point", "coordinates": [98.98976, 18.79905]}, "properties": {"id": "cm-osm-node-9963590866", "name": "DUM Hotel", "nameTh": null, "nameEn": "DUM Hotel", "cat": ["hotel"], "province": "cm", "slug": "dum-hotel-9963590866", "rank": 2}}, {"type": "Feature", "geometry": {"type": "Point", "coordinates": [99.01194, 18.77128]}, "properties": {"id": "cm-osm-way-387353742", "name": "De Kriya Chiang Mai", "nameTh": null, "nameEn": "De Kriya Chiang Mai", "cat": ["hotel"], "province": "cm", "slug": "de-kriya-chiang-mai-387353742", "rank": 2}}, {"type": "Feature", "geometry": {"type": "Point", "coordinates": [98.9831, 18.7898]}, "properties": {"id": "cm-osm-way-408595881", "name": "De Lanna Hotel", "nameTh": null, "nameEn": "De Lanna Hotel", "cat": ["hotel"], "province": "cm", "slug": "de-lanna-hotel-408595881", "rank": 3}}, {"type": "Feature", "geometry": {"type": "Point", "coordinates": [98.99519, 18.79227]}, "properties": {"id": "cm-osm-node-4146811389", "name": "Dengba Garden", "nameTh": null, "nameEn": "Dengba Garden", "cat": ["hotel"], "province": "cm", "slug": "dengba-garden-4146811389", "rank": 3}}, {"type": "Feature", "geometry": {"type": "Point", "coordinates": [98.9956, 18.78329]}, "properties": {"id": "cm-osm-node-3416932285", "name": "Dengba Hostel", "nameTh": null, "nameEn": "Dengba Hostel", "cat": ["hotel"], "province": "cm", "slug": "dengba-hostel-3416932285", "rank": 2}}, {"type": "Feature", "geometry": {"type": "Point", "coordinates": [98.98399, 18.79713]}, "properties": {"id": "cm-osm-node-4680035889", "name": "ELK Hostel", "nameTh": null, "nameEn": "ELK Hostel", "cat": ["hotel"], "province": "cm", "slug": "elk-hostel-4680035889", "rank": 2}}, {"type": "Feature", "geometry": {"type": "Point", "coordinates": [99.00626, 18.7849]}, "properties": {"id": "cm-osm-way-511631903", "name": "ELOSIA Building B", "nameTh": null, "nameEn": "ELOSIA Building B", "cat": ["hotel"], "province": "cm", "slug": "elosia-building-b-511631903", "rank": 1}}, {"type": "Feature", "geometry": {"type": "Point", "coordinates": [98.99588, 18.7839]}, "properties": {"id": "cm-osm-node-4763891421", "name": "East Moat", "nameTh": null, "nameEn": "East Moat", "cat": ["hotel"], "province": "cm", "slug": "east-moat-4763891421", "rank": 1}}, {"type": "Feature", "geometry": {"type": "Point", "coordinates": [99.02067, 18.7836]}, "properties": {"id": "cm-osm-way-774947284", "name": "Eden Garden Resort", "nameTh": null, "nameEn": "Eden Garden Resort", "cat": ["hotel"], "province": "cm", "slug": "eden-garden-resort-774947284", "rank": 1}}, {"type": "Feature", "geometry": {"type": "Point", "coordinates": [99.00099, 18.77472]}, "properties": {"id": "cm-osm-node-6897448545", "name": "Empress Premier Hotel Chiang Mai", "nameTh": null, "nameEn": "Empress Premier Hotel Chiang Mai", "cat": ["hotel"], "province": "cm", "slug": "empress-premier-hotel-chiang-mai-6897448545", "rank": 3}}, {"type": "Feature", "geometry": {"type": "Point", "coordinates": [99.06119, 18.81625]}, "properties": {"id": "cm-osm-node-7138493885", "name": "Enchanted Garden Bungalows", "nameTh": null, "nameEn": "Enchanted Garden Bungalows", "cat": ["hotel"], "province": "cm", "slug": "enchanted-garden-bungalows-7138493885", "rank": 1}}, {"type": "Feature", "geometry": {"type": "Point", "coordinates": [98.9862, 18.7893]}, "properties": {"id": "cm-osm-node-7005700272", "name": "Estia", "nameTh": null, "nameEn": "Estia", "cat": ["hotel"], "province": "cm", "slug": "estia-7005700272", "rank": 1}}, {"type": "Feature", "geometry": {"type": "Point", "coordinates": [98.99263, 18.79237]}, "properties": {"id": "cm-osm-way-361037259", "name": "Eurana Boutique", "nameTh": null, "nameEn": "Eurana Boutique", "cat": ["hotel"], "province": "cm", "slug": "eurana-boutique-361037259", "rank": 3}}, {"type": "Feature", "geometry": {"type": "Point", "coordinates": [98.99144, 18.77972]}, "properties": {"id": "cm-osm-way-1115111497", "name": "Family Home Chiang Mai", "nameTh": null, "nameEn": "Family Home Chiang Mai", "cat": ["hotel"], "province": "cm", "slug": "family-home-chiang-mai-1115111497", "rank": 1}}, {"type": "Feature", "geometry": {"type": "Point", "coordinates": [99.04365, 18.84207]}, "properties": {"id": "cm-osm-node-2521798926", "name": "Fern Paradise", "nameTh": null, "nameEn": "Fern Paradise", "cat": ["hotel"], "province": "cm", "slug": "fern-paradise-2521798926", "rank": 3}}, {"type": "Feature", "geometry": {"type": "Point", "coordinates": [98.9922, 18.79386]}, "properties": {"id": "cm-osm-way-492846790", "name": "Fruit Pulse", "nameTh": null, "nameEn": "Fruit Pulse", "cat": ["hotel"], "province": "cm", "slug": "fruit-pulse-492846790", "rank": 2}}, {"type": "Feature", "geometry": {"type": "Point", "coordinates": [98.99422, 18.76298]}, "properties": {"id": "cm-osm-node-9353067138", "name": "Full Stop Hostel Chiang Mai", "nameTh": null, "nameEn": "Full Stop Hostel Chiang Mai", "cat": ["hotel"], "province": "cm", "slug": "full-stop-hostel-chiang-mai-9353067138", "rank": 2}}, {"type": "Feature", "geometry": {"type": "Point", "coordinates": [98.96776, 18.79525]}, "properties": {"id": "cm-osm-node-9966963750", "name": "G Nimman Chiang Mai", "nameTh": null, "nameEn": "G Nimman Chiang Mai", "cat": ["hotel"], "province": "cm", "slug": "g-nimman-chiang-mai-9966963750", "rank": 3}}, {"type": "Feature", "geometry": {"type": "Point", "coordinates": [99.00601, 18.78901]}, "properties": {"id": "cm-osm-node-6622141185", "name": "Gategaa Village", "nameTh": null, "nameEn": "Gategaa Village", "cat": ["hotel"], "province": "cm", "slug": "gategaa-village-6622141185", "rank": 4}}, {"type": "Feature", "geometry": {"type": "Point", "coordinates": [98.99101, 18.79244]}, "properties": {"id": "cm-osm-way-492846700", "name": "Giant", "nameTh": null, "nameEn": "Giant", "cat": ["hotel"], "province": "cm", "slug": "giant-492846700", "rank": 1}}, {"type": "Feature", "geometry": {"type": "Point", "coordinates": [98.99, 18.78214]}, "properties": {"id": "cm-osm-node-7366072736", "name": "Giant Guesthouse", "nameTh": null, "nameEn": "Giant Guesthouse", "cat": ["hotel"], "province": "cm", "slug": "giant-guesthouse-7366072736", "rank": 1}}, {"type": "Feature", "geometry": {"type": "Point", "coordinates": [98.99032, 18.7831]}, "properties": {"id": "cm-osm-node-1618868157", "name": "Giant Hostel 2", "nameTh": null, "nameEn": "Giant Hostel 2", "cat": ["hotel"], "province": "cm", "slug": "giant-hostel-2-1618868157", "rank": 1}}, {"type": "Feature", "geometry": {"type": "Point", "coordinates": [98.98429, 18.79952]}, "properties": {"id": "cm-osm-node-9401545617", "name": "Glory Boutique Suites", "nameTh": null, "nameEn": "Glory Boutique Suites", "cat": ["hotel"], "province": "cm", "slug": "glory-boutique-suites-9401545617", "rank": 3}}, {"type": "Feature", "geometry": {"type": "Point", "coordinates": [98.98975, 18.7978]}, "properties": {"id": "cm-osm-node-13848986901", "name": "Glory Wabi Sabi Hotel", "nameTh": null, "nameEn": "Glory Wabi Sabi Hotel", "cat": ["hotel"], "province": "cm", "slug": "glory-wabi-sabi-hotel-13848986901", "rank": 2}}, {"type": "Feature", "geometry": {"type": "Point", "coordinates": [99.00518, 18.78478]}, "properties": {"id": "cm-osm-way-511629368", "name": "Glur Chiangmai", "nameTh": null, "nameEn": "Glur Chiangmai", "cat": ["hotel"], "province": "cm", "slug": "glur-chiangmai-511629368", "rank": 2}}, {"type": "Feature", "geometry": {"type": "Point", "coordinates": [98.98529, 18.78349]}, "properties": {"id": "cm-osm-way-590950946", "name": "Gord Chiangmai Hotel", "nameTh": null, "nameEn": "Gord Chiangmai Hotel", "cat": ["hotel"], "province": "cm", "slug": "gord-chiangmai-hotel-590950946", "rank": 4}}, {"type": "Feature", "geometry": {"type": "Point", "coordinates": [98.98479, 18.78882]}, "properties": {"id": "cm-osm-way-307890044", "name": "Green Sleep Hostel", "nameTh": null, "nameEn": "Green Sleep Hostel", "cat": ["hotel"], "province": "cm", "slug": "green-sleep-hostel-307890044", "rank": 4}}, {"type": "Feature", "geometry": {"type": "Point", "coordinates": [98.98084, 18.79387]}, "properties": {"id": "cm-osm-node-10245740611", "name": "HILLDA HOUSE", "nameTh": null, "nameEn": "HILLDA HOUSE", "cat": ["hotel"], "province": "cm", "slug": "hillda-house-10245740611", "rank": 1}}, {"type": "Feature", "geometry": {"type": "Point", "coordinates": [98.98389, 18.77814]}, "properties": {"id": "cm-osm-node-4574462890", "name": "Haikin Ryokan", "nameTh": null, "nameEn": "Haikin Ryokan", "cat": ["hotel"], "province": "cm", "slug": "haikin-ryokan-4574462890", "rank": 3}}, {"type": "Feature", "geometry": {"type": "Point", "coordinates": [98.96468, 18.78881]}, "properties": {"id": "cm-osm-node-10245740617", "name": "Heimish Hostel", "nameTh": null, "nameEn": "Heimish Hostel", "cat": ["hotel"], "province": "cm", "slug": "heimish-hostel-10245740617", "rank": 1}}, {"type": "Feature", "geometry": {"type": "Point", "coordinates": [98.88527, 18.75569]}, "properties": {"id": "cm-osm-way-570658772", "name": "Hern Lhin", "nameTh": null, "nameEn": "Hern Lhin", "cat": ["hotel"], "province": "cm", "slug": "hern-lhin-570658772", "rank": 1}}, {"type": "Feature", "geometry": {"type": "Point", "coordinates": [98.99116, 18.80486]}, "properties": {"id": "cm-osm-node-4263760089", "name": "Hey Ha", "nameTh": null, "nameEn": "Hey Ha", "cat": ["hotel"], "province": "cm", "slug": "hey-ha-4263760089", "rank": 1}}, {"type": "Feature", "geometry": {"type": "Point", "coordinates": [98.98485, 18.71706]}, "properties": {"id": "cm-osm-way-1159991754", "name": "Heyuan", "nameTh": null, "nameEn": "Heyuan", "cat": ["hotel"], "province": "cm", "slug": "heyuan-1159991754", "rank": 2}}, {"type": "Feature", "geometry": {"type": "Point", "coordinates": [98.97965, 18.79367]}, "properties": {"id": "cm-osm-node-10165772917", "name": "Hillda House", "nameTh": "Hilda House", "nameEn": "Hillda House", "cat": ["hotel"], "province": "cm", "slug": "hillda-house-10165772917", "rank": 2}}, {"type": "Feature", "geometry": {"type": "Point", "coordinates": [99.1341, 18.87457]}, "properties": {"id": "cm-osm-way-295766078", "name": "Him Doi House", "nameTh": null, "nameEn": "Him Doi House", "cat": ["hotel"], "province": "cm", "slug": "him-doi-house-295766078", "rank": 2}}, {"type": "Feature", "geometry": {"type": "Point", "coordinates": [98.98239, 18.79543]}, "properties": {"id": "cm-osm-node-11428073369", "name": "Hoh Guesthouse", "nameTh": null, "nameEn": "Hoh Guesthouse", "cat": ["hotel"], "province": "cm", "slug": "hoh-guesthouse-11428073369", "rank": 1}}, {"type": "Feature", "geometry": {"type": "Point", "coordinates": [98.97717, 18.80558]}, "properties": {"id": "cm-osm-way-1159993756", "name": "Hokka-An", "nameTh": null, "nameEn": "Hokka-An", "cat": ["hotel"], "province": "cm", "slug": "hokka-an-1159993756", "rank": 2}}, {"type": "Feature", "geometry": {"type": "Point", "coordinates": [98.99209, 18.77843]}, "properties": {"id": "cm-osm-node-2652877323", "name": "Holiday Garden View", "nameTh": null, "nameEn": "Holiday Garden View", "cat": ["hotel"], "province": "cm", "slug": "holiday-garden-view-2652877323", "rank": 2}}, {"type": "Feature", "geometry": {"type": "Point", "coordinates": [98.97963, 18.78766]}, "properties": {"id": "cm-osm-node-12420688801", "name": "Home @ Samlan Soi 1", "nameTh": null, "nameEn": "Home @ Samlan Soi 1", "cat": ["hotel"], "province": "cm", "slug": "home-samlan-soi-1-12420688801", "rank": 2}}, {"type": "Feature", "geometry": {"type": "Point", "coordinates": [98.9946, 18.78751]}, "properties": {"id": "cm-osm-node-10245740315", "name": "Home Place Hotel", "nameTh": null, "nameEn": "Home Place Hotel", "cat": ["hotel"], "province": "cm", "slug": "home-place-hotel-10245740315", "rank": 1}}, {"type": "Feature", "geometry": {"type": "Point", "coordinates": [98.9872, 18.78482]}, "properties": {"id": "cm-osm-way-623160173", "name": "Hostel Lullaby", "nameTh": null, "nameEn": "Hostel Lullaby", "cat": ["hotel"], "province": "cm", "slug": "hostel-lullaby-623160173", "rank": 3}}, {"type": "Feature", "geometry": {"type": "Point", "coordinates": [98.98232, 18.78319]}, "properties": {"id": "cm-osm-node-10245740313", "name": "Hostel One Art and Gallery", "nameTh": null, "nameEn": "Hostel One Art and Gallery", "cat": ["hotel"], "province": "cm", "slug": "hostel-one-art-and-gallery-10245740313", "rank": 1}}, {"type": "Feature", "geometry": {"type": "Point", "coordinates": [98.9928, 18.79172]}, "properties": {"id": "cm-osm-node-3419009695", "name": "House No. 11", "nameTh": null, "nameEn": "House No. 11", "cat": ["hotel"], "province": "cm", "slug": "house-no-11-3419009695", "rank": 2}}, {"type": "Feature", "geometry": {"type": "Point", "coordinates": [98.99691, 18.78977]}, "properties": {"id": "cm-osm-node-5566673219", "name": "Hugnur Hostel & Coffee", "nameTh": null, "nameEn": "Hugnur Hostel & Coffee", "cat": ["hotel"], "province": "cm", "slug": "hugnur-hostel-coffee-5566673219", "rank": 1}}, {"type": "Feature", "geometry": {"type": "Point", "coordinates": [98.98243, 18.80062]}, "properties": {"id": "cm-osm-way-668372298", "name": "ISTY Hotel", "nameTh": null, "nameEn": "ISTY Hotel", "cat": ["hotel"], "province": "cm", "slug": "isty-hotel-668372298", "rank": 2}}, {"type": "Feature", "geometry": {"type": "Point", "coordinates": [99.01695, 18.79804]}, "properties": {"id": "cm-osm-node-3152483861", "name": "Inn Kham", "nameTh": null, "nameEn": "Inn Kham", "cat": ["hotel"], "province": "cm", "slug": "inn-kham-3152483861", "rank": 2}}, {"type": "Feature", "geometry": {"type": "Point", "coordinates": [98.95321, 18.78661]}, "properties": {"id": "cm-osm-node-10245740615", "name": "Insight Hostel", "nameTh": null, "nameEn": "Insight Hostel", "cat": ["hotel"], "province": "cm", "slug": "insight-hostel-10245740615", "rank": 1}}, {"type": "Feature", "geometry": {"type": "Point", "coordinates": [98.98452, 18.78471]}, "properties": {"id": "cm-osm-way-793145641", "name": "Intentstable", "nameTh": null, "nameEn": "Intentstable", "cat": ["hotel"], "province": "cm", "slug": "intentstable-793145641", "rank": 1}}, {"type": "Feature", "geometry": {"type": "Point", "coordinates": [98.99324, 18.7901]}, "properties": {"id": "cm-osm-node-6251431185", "name": "Iris hostel", "nameTh": null, "nameEn": "Iris hostel", "cat": ["hotel"], "province": "cm", "slug": "iris-hostel-6251431185", "rank": 1}}, {"type": "Feature", "geometry": {"type": "Point", "coordinates": [98.99226, 18.79211]}, "properties": {"id": "cm-osm-way-492846676", "name": "Jaidee bamboo Huts", "nameTh": null, "nameEn": "Jaidee bamboo Huts", "cat": ["hotel"], "province": "cm", "slug": "jaidee-bamboo-huts-492846676", "rank": 2}}, {"type": "Feature", "geometry": {"type": "Point", "coordinates": [98.99594, 18.79269]}, "properties": {"id": "cm-osm-node-4687966789", "name": "Jimmy & Jeng Homestay", "nameTh": null, "nameEn": "Jimmy & Jeng homestay", "cat": ["hotel"], "province": "cm", "slug": "jimmy-jeng-homestay-4687966789", "rank": 1}}, {"type": "Feature", "geometry": {"type": "Point", "coordinates": [99.00276, 18.79424]}, "properties": {"id": "cm-osm-node-6964197685", "name": "K", "nameTh": "K Maison Lanna", "nameEn": null, "cat": ["hotel"], "province": "cm", "slug": "k-maison-lanna-6964197685", "rank": 3}}, {"type": "Feature", "geometry": {"type": "Point", "coordinates": [98.98818, 18.79345]}, "properties": {"id": "cm-osm-node-10245741409", "name": "KAYAN Hostel", "nameTh": null, "nameEn": "KAYAN Hostel", "cat": ["hotel"], "province": "cm", "slug": "kayan-hostel-10245741409", "rank": 1}}, {"type": "Feature", "geometry": {"type": "Point", "coordinates": [98.99534, 18.79081]}, "properties": {"id": "cm-osm-node-2649612347", "name": "Karinthip Village", "nameTh": null, "nameEn": "Karinthip Village", "cat": ["hotel"], "province": "cm", "slug": "karinthip-village-2649612347", "rank": 2}}, {"type": "Feature", "geometry": {"type": "Point", "coordinates": [98.99114, 18.78899]}, "properties": {"id": "cm-osm-node-10723897686", "name": "Kavil", "nameTh": null, "nameEn": "Kavil", "cat": ["hotel"], "province": "cm", "slug": "kavil-10723897686", "rank": 1}}, {"type": "Feature", "geometry": {"type": "Point", "coordinates": [98.9941, 18.79031]}, "properties": {"id": "cm-osm-node-4636609491", "name": "Korea House", "nameTh": null, "nameEn": "Korea House", "cat": ["hotel"], "province": "cm", "slug": "korea-house-4636609491", "rank": 1}}, {"type": "Feature", "geometry": {"type": "Point", "coordinates": [98.95577, 18.78737]}, "properties": {"id": "cm-osm-node-5964028801", "name": "Koyaanisqatsi Guesthouse", "nameTh": null, "nameEn": "Koyaanisqatsi Guesthouse", "cat": ["hotel"], "province": "cm", "slug": "koyaanisqatsi-guesthouse-5964028801", "rank": 3}}, {"type": "Feature", "geometry": {"type": "Point", "coordinates": [98.96548, 18.79973]}, "properties": {"id": "cm-osm-way-428555420", "name": "LIV@Nimman", "nameTh": null, "nameEn": "LIV@Nimman", "cat": ["hotel"], "province": "cm", "slug": "liv-nimman-428555420", "rank": 2}}, {"type": "Feature", "geometry": {"type": "Point", "coordinates": [98.99252, 18.79205]}, "properties": {"id": "cm-osm-node-3419009696", "name": "La-Mer Hostel", "nameTh": null, "nameEn": "La-Mer Hostel", "cat": ["hotel"], "province": "cm", "slug": "la-mer-hostel-3419009696", "rank": 1}}, {"type": "Feature", "geometry": {"type": "Point", "coordinates": [98.99203, 18.793]}, "properties": {"id": "cm-osm-way-578863864", "name": "Lamchang House", "nameTh": null, "nameEn": "Lamchang House", "cat": ["hotel"], "province": "cm", "slug": "lamchang-house-578863864", "rank": 1}}, {"type": "Feature", "geometry": {"type": "Point", "coordinates": [98.99167, 18.7941]}, "properties": {"id": "cm-osm-way-256266487", "name": "Le Frenchie", "nameTh": null, "nameEn": "Le Frenchie", "cat": ["hotel"], "province": "cm", "slug": "le-frenchie-256266487", "rank": 3}}, {"type": "Feature", "geometry": {"type": "Point", "coordinates": [98.98184, 18.78622]}, "properties": {"id": "cm-osm-way-623156416", "name": "Le Naview", "nameTh": null, "nameEn": "Le Naview@Prasingh", "cat": ["hotel"], "province": "cm", "slug": "le-naview-prasingh-623156416", "rank": 3}}, {"type": "Feature", "geometry": {"type": "Point", "coordinates": [98.99093, 18.77876]}, "properties": {"id": "cm-osm-node-11699781425", "name": "Le Ville Lanna Boutique Hotel", "nameTh": null, "nameEn": "Le Ville Lanna Boutique Hotel", "cat": ["hotel"], "province": "cm", "slug": "le-ville-lanna-boutique-hotel-11699781425", "rank": 2}}, {"type": "Feature", "geometry": {"type": "Point", "coordinates": [98.98142, 18.79025]}, "properties": {"id": "cm-osm-way-1436933059", "name": "Le Wiang", "nameTh": "เลอเวียง", "nameEn": "Le Wiang", "cat": ["hotel"], "province": "cm", "slug": "le-wiang-1436933059", "rank": 4}}, {"type": "Feature", "geometry": {"type": "Point", "coordinates": [99.11083, 18.87186]}, "properties": {"id": "cm-osm-node-1629161343", "name": "Lha's Place Homestay holiday homes", "nameTh": null, "nameEn": "Lha's Place Homestay holiday homes", "cat": ["hotel"], "province": "cm", "slug": "lha-s-place-homestay-holiday-homes-1629161343", "rank": 1}}, {"type": "Feature", "geometry": {"type": "Point", "coordinates": [99.01953, 18.78154]}, "properties": {"id": "cm-osm-node-4684976589", "name": "Linda's Guesthouse", "nameTh": null, "nameEn": "Linda's Guesthouse", "cat": ["hotel"], "province": "cm", "slug": "linda-s-guesthouse-4684976589", "rank": 1}}, {"type": "Feature", "geometry": {"type": "Point", "coordinates": [98.99611, 18.78993]}, "properties": {"id": "cm-osm-node-3418977896", "name": "Living House 3", "nameTh": null, "nameEn": "Living House 3", "cat": ["hotel"], "province": "cm", "slug": "living-house-3-3418977896", "rank": 2}}, {"type": "Feature", "geometry": {"type": "Point", "coordinates": [98.99305, 18.79111]}, "properties": {"id": "cm-osm-way-220984686", "name": "Lux Hotel", "nameTh": "Lux Hotel go look", "nameEn": "Lux Hotel", "cat": ["hotel"], "province": "cm", "slug": "lux-hotel-220984686", "rank": 4}}, {"type": "Feature", "geometry": {"type": "Point", "coordinates": [98.99047, 18.8059]}, "properties": {"id": "cm-osm-node-7034988085", "name": "Ma 2 Guesthouse", "nameTh": null, "nameEn": "Ma 2 Guesthouse", "cat": ["hotel"], "province": "cm", "slug": "ma-2-guesthouse-7034988085", "rank": 3}}, {"type": "Feature", "geometry": {"type": "Point", "coordinates": [98.98162, 18.78281]}, "properties": {"id": "cm-osm-node-9796145718", "name": "Ma Guesthouse", "nameTh": null, "nameEn": "Ma Guesthouse", "cat": ["hotel"], "province": "cm", "slug": "ma-guesthouse-9796145718", "rank": 1}}, {"type": "Feature", "geometry": {"type": "Point", "coordinates": [98.98387, 18.79773]}, "properties": {"id": "cm-osm-node-13584913001", "name": "MaHar Hostel ChiangMai", "nameTh": null, "nameEn": "MaHar Hostel ChiangMai", "cat": ["hotel"], "province": "cm", "slug": "mahar-hostel-chiangmai-13584913001", "rank": 3}}, {"type": "Feature", "geometry": {"type": "Point", "coordinates": [98.99757, 18.7851]}, "properties": {"id": "cm-osm-node-5792140253", "name": "Mad Monkey Hostel Chiang Mai", "nameTh": null, "nameEn": "Mad Monkey Hostel Chiang Mai", "cat": ["hotel"], "province": "cm", "slug": "mad-monkey-hostel-chiang-mai-5792140253", "rank": 2}}, {"type": "Feature", "geometry": {"type": "Point", "coordinates": [98.97354, 18.79499]}, "properties": {"id": "cm-osm-node-5632042326", "name": "Mai House No.8", "nameTh": null, "nameEn": "Mai House No.8", "cat": ["hotel"], "province": "cm", "slug": "mai-house-no-8-5632042326", "rank": 1}}, {"type": "Feature", "geometry": {"type": "Point", "coordinates": [98.99598, 18.78156]}, "properties": {"id": "cm-osm-node-1477524075", "name": "Maninarakorn", "nameTh": null, "nameEn": "Maninarakorn", "cat": ["hotel"], "province": "cm", "slug": "maninarakorn-1477524075", "rank": 1}}, {"type": "Feature", "geometry": {"type": "Point", "coordinates": [98.9994, 18.79876]}, "properties": {"id": "cm-osm-node-3260946561", "name": "Marena Inn Hotel", "nameTh": null, "nameEn": "Marena Inn Hotel", "cat": ["hotel"], "province": "cm", "slug": "marena-inn-hotel-3260946561", "rank": 1}}, {"type": "Feature", "geometry": {"type": "Point", "coordinates": [98.98397, 18.79636]}, "properties": {"id": "cm-osm-node-5585680521", "name": "Me U2 Hostel", "nameTh": null, "nameEn": "Me U2 Hostel", "cat": ["hotel"], "province": "cm", "slug": "me-u2-hostel-5585680521", "rank": 1}}, {"type": "Feature", "geometry": {"type": "Point", "coordinates": [98.98911, 18.78062]}, "properties": {"id": "cm-osm-way-473522565", "name": "MhonSa Hotel", "nameTh": null, "nameEn": "MhonSa Hotel", "cat": ["hotel"], "province": "cm", "slug": "mhonsa-hotel-473522565", "rank": 1}}, {"type": "Feature", "geometry": {"type": "Point", "coordinates": [98.98866, 18.78355]}, "properties": {"id": "cm-osm-node-5243862325", "name": "Mint House", "nameTh": null, "nameEn": "Mint House", "cat": ["hotel"], "province": "cm", "slug": "mint-house-5243862325", "rank": 2}}, {"type": "Feature", "geometry": {"type": "Point", "coordinates": [98.98449, 18.77932]}, "properties": {"id": "cm-osm-node-7133352385", "name": "Monkey Bowls Guesthouse", "nameTh": null, "nameEn": "Monkey Bowls Guesthouse", "cat": ["hotel"], "province": "cm", "slug": "monkey-bowls-guesthouse-7133352385", "rank": 3}}, {"type": "Feature", "geometry": {"type": "Point", "coordinates": [98.90944, 18.92595]}, "properties": {"id": "cm-osm-node-3751056345", "name": "Monoceros Resort", "nameTh": null, "nameEn": "Monoceros Resort", "cat": ["hotel"], "province": "cm", "slug": "monoceros-resort-3751056345", "rank": 3}}, {"type": "Feature", "geometry": {"type": "Point", "coordinates": [98.96665, 18.79936]}, "properties": {"id": "cm-osm-way-233741341", "name": "Moose Hotel Nimman", "nameTh": null, "nameEn": "Moose Hotel Nimman", "cat": ["hotel"], "province": "cm", "slug": "moose-hotel-nimman-233741341", "rank": 3}}, {"type": "Feature", "geometry": {"type": "Point", "coordinates": [99.01202, 18.80848]}, "properties": {"id": "cm-osm-node-11134608362", "name": "Moose Hotel Super Highway", "nameTh": null, "nameEn": "Moose Hotel Super Highway", "cat": ["hotel"], "province": "cm", "slug": "moose-hotel-super-highway-11134608362", "rank": 3}}, {"type": "Feature", "geometry": {"type": "Point", "coordinates": [98.98149, 18.80982]}, "properties": {"id": "cm-osm-node-10245740709", "name": "My Way Hostel Chiang Mai", "nameTh": null, "nameEn": "My Way Hostel Chiang Mai", "cat": ["hotel"], "province": "cm", "slug": "my-way-hostel-chiang-mai-10245740709", "rank": 1}}, {"type": "Feature", "geometry": {"type": "Point", "coordinates": [98.99051, 18.78642]}, "properties": {"id": "cm-osm-node-988562302", "name": "Na Inn", "nameTh": null, "nameEn": "Na Inn", "cat": ["hotel"], "province": "cm", "slug": "na-inn-988562302", "rank": 1}}, {"type": "Feature", "geometry": {"type": "Point", "coordinates": [98.99559, 18.79163]}, "properties": {"id": "cm-osm-node-13115036301", "name": "Naptel Chang Moi", "nameTh": null, "nameEn": "Naptel Chang Moi", "cat": ["hotel"], "province": "cm", "slug": "naptel-chang-moi-13115036301", "rank": 2}}, {"type": "Feature", "geometry": {"type": "Point", "coordinates": [98.99268, 18.78005]}, "properties": {"id": "cm-osm-node-2652777929", "name": "Naruncha Green House - กรีนเฮาส์", "nameTh": "กรีนเฮาส์", "nameEn": "Green House", "cat": ["hotel"], "province": "cm", "slug": "green-house-2652777929", "rank": 3}}, {"type": "Feature", "geometry": {"type": "Point", "coordinates": [98.91781, 18.96663]}, "properties": {"id": "cm-osm-node-3803713499", "name": "Natura Resort", "nameTh": null, "nameEn": "Natura Resort", "cat": ["hotel"], "province": "cm", "slug": "natura-resort-3803713499", "rank": 1}}, {"type": "Feature", "geometry": {"type": "Point", "coordinates": [98.98163, 18.79216]}, "properties": {"id": "cm-osm-node-6204649738", "name": "Neat Hostel", "nameTh": null, "nameEn": "Neat Hostel", "cat": ["hotel"], "province": "cm", "slug": "neat-hostel-6204649738", "rank": 2}}, {"type": "Feature", "geometry": {"type": "Point", "coordinates": [98.98825, 18.78017]}, "properties": {"id": "cm-osm-node-3251631054", "name": "Nobel House", "nameTh": null, "nameEn": "Nobel House", "cat": ["hotel"], "province": "cm", "slug": "nobel-house-3251631054", "rank": 1}}, {"type": "Feature", "geometry": {"type": "Point", "coordinates": [98.94285, 18.80905]}, "properties": {"id": "cm-osm-node-479708485", "name": "Nobel House", "nameTh": null, "nameEn": "Nobel House", "cat": ["hotel"], "province": "cm", "slug": "nobel-house-479708485", "rank": 1}}, {"type": "Feature", "geometry": {"type": "Point", "coordinates": [98.99077, 18.79468]}, "properties": {"id": "cm-osm-node-5325143621", "name": "Nocky House", "nameTh": null, "nameEn": "Nocky House", "cat": ["hotel"], "province": "cm", "slug": "nocky-house-5325143621", "rank": 1}}, {"type": "Feature", "geometry": {"type": "Point", "coordinates": [98.98826, 18.77919]}, "properties": {"id": "cm-osm-node-2656777412", "name": "Nonni Guesthouse", "nameTh": null, "nameEn": "Nonni Guesthouse", "cat": ["hotel"], "province": "cm", "slug": "nonni-guesthouse-2656777412", "rank": 2}}, {"type": "Feature", "geometry": {"type": "Point", "coordinates": [98.98255, 18.78162]}, "properties": {"id": "cm-osm-node-6787301685", "name": "Nonnii Fundii Guesthouse", "nameTh": null, "nameEn": "Nonnii Fundii Guesthouse", "cat": ["hotel"], "province": "cm", "slug": "nonnii-fundii-guesthouse-6787301685", "rank": 2}}, {"type": "Feature", "geometry": {"type": "Point", "coordinates": [98.99141, 18.7836]}, "properties": {"id": "cm-osm-way-623162104", "name": "North Star Guest House", "nameTh": null, "nameEn": "North Star Guest House", "cat": ["hotel"], "province": "cm", "slug": "north-star-guest-house-623162104", "rank": 1}}, {"type": "Feature", "geometry": {"type": "Point", "coordinates": [98.99534, 18.7853]}, "properties": {"id": "cm-osm-node-13525451901", "name": "ON Thapae ChiangMai", "nameTh": null, "nameEn": "ON Thapae ChiangMai", "cat": ["hotel"], "province": "cm", "slug": "on-thapae-chiangmai-13525451901", "rank": 2}}, {"type": "Feature", "geometry": {"type": "Point", "coordinates": [98.9675, 18.79663]}, "properties": {"id": "cm-osm-node-12573495524", "name": "October Hostel", "nameTh": null, "nameEn": "October Hostel", "cat": ["hotel"], "province": "cm", "slug": "october-hostel-12573495524", "rank": 2}}, {"type": "Feature", "geometry": {"type": "Point", "coordinates": [98.97926, 18.77748]}, "properties": {"id": "cm-osm-node-6038314334", "name": "OnPoint Hostel", "nameTh": null, "nameEn": "OnPoint Hostel", "cat": ["hotel"], "province": "cm", "slug": "onpoint-hostel-6038314334", "rank": 1}}, {"type": "Feature", "geometry": {"type": "Point", "coordinates": [98.9876, 18.7936]}, "properties": {"id": "cm-osm-node-4059564674", "name": "PM Guesthouse", "nameTh": null, "nameEn": "PM Guesthouse", "cat": ["hotel"], "province": "cm", "slug": "pm-guesthouse-4059564674", "rank": 3}}, {"type": "Feature", "geometry": {"type": "Point", "coordinates": [98.98472, 18.78351]}, "properties": {"id": "cm-osm-way-566086571", "name": "Pai Residence", "nameTh": null, "nameEn": "ChiangMai gate ratchamabka 32/2 soi 6", "cat": ["hotel"], "province": "cm", "slug": "chiangmai-gate-ratchamabka-32-2-soi-6-566086571", "rank": 3}}, {"type": "Feature", "geometry": {"type": "Point", "coordinates": [98.98752, 18.78573]}, "properties": {"id": "cm-osm-node-11367948469", "name": "Panna Heritage Boutique Hotel", "nameTh": null, "nameEn": "Panna Heritage Boutique Hotel", "cat": ["hotel"], "province": "cm", "slug": "panna-heritage-boutique-hotel-11367948469", "rank": 3}}, {"type": "Feature", "geometry": {"type": "Point", "coordinates": [98.97401, 18.79879]}, "properties": {"id": "cm-osm-node-4621388391", "name": "Pansook The Urban Condominiums", "nameTh": null, "nameEn": "Pansook The Urban Condominiums", "cat": ["hotel"], "province": "cm", "slug": "pansook-the-urban-condominiums-4621388391", "rank": 1}}, {"type": "Feature", "geometry": {"type": "Point", "coordinates": [98.99315, 18.79326]}, "properties": {"id": "cm-osm-way-377819743", "name": "Papick Lodge", "nameTh": null, "nameEn": "Papick Lodge", "cat": ["hotel"], "province": "cm", "slug": "papick-lodge-377819743", "rank": 1}}, {"type": "Feature", "geometry": {"type": "Point", "coordinates": [98.981, 18.76848]}, "properties": {"id": "cm-osm-node-9354620149", "name": "Parc Borough City Resort", "nameTh": null, "nameEn": "Parc Borough City Resort", "cat": ["hotel"], "province": "cm", "slug": "parc-borough-city-resort-9354620149", "rank": 3}}, {"type": "Feature", "geometry": {"type": "Point", "coordinates": [99.00611, 18.78236]}, "properties": {"id": "cm-osm-node-4233091089", "name": "Penny Guest House", "nameTh": null, "nameEn": "Penny Guest House", "cat": ["hotel"], "province": "cm", "slug": "penny-guest-house-4233091089", "rank": 2}}, {"type": "Feature", "geometry": {"type": "Point", "coordinates": [99.00241, 18.78176]}, "properties": {"id": "cm-osm-way-406558110", "name": "People Place 2", "nameTh": null, "nameEn": "People Place 2", "cat": ["hotel"], "province": "cm", "slug": "people-place-2-406558110", "rank": 1}}, {"type": "Feature", "geometry": {"type": "Point", "coordinates": [99.0219, 18.76724]}, "properties": {"id": "cm-osm-node-4332062089", "name": "Perfect Initial", "nameTh": null, "nameEn": "Perfect Initial", "cat": ["hotel"], "province": "cm", "slug": "perfect-initial-4332062089", "rank": 3}}, {"type": "Feature", "geometry": {"type": "Point", "coordinates": [98.99193, 18.78457]}, "properties": {"id": "cm-osm-node-6964120285", "name": "Pineapple Express", "nameTh": null, "nameEn": "Pineapple Express", "cat": ["hotel"], "province": "cm", "slug": "pineapple-express-6964120285", "rank": 4}}, {"type": "Feature", "geometry": {"type": "Point", "coordinates": [99.0046, 18.77961]}, "properties": {"id": "cm-osm-way-387494489", "name": "Ping Nakara", "nameTh": null, "nameEn": "Ping Nakara", "cat": ["hotel"], "province": "cm", "slug": "ping-nakara-387494489", "rank": 4}}, {"type": "Feature", "geometry": {"type": "Point", "coordinates": [98.98448, 18.78913]}, "properties": {"id": "cm-osm-node-7277446085", "name": "PingHostel", "nameTh": null, "nameEn": "PingHostel", "cat": ["hotel"], "province": "cm", "slug": "pinghostel-7277446085", "rank": 1}}, {"type": "Feature", "geometry": {"type": "Point", "coordinates": [98.98831, 18.77441]}, "properties": {"id": "cm-osm-node-13300703501", "name": "Proud Chiang Mai Poshtel", "nameTh": null, "nameEn": "Proud Chiang Mai Poshtel", "cat": ["hotel"], "province": "cm", "slug": "proud-chiang-mai-poshtel-13300703501", "rank": 2}}, {"type": "Feature", "geometry": {"type": "Point", "coordinates": [98.98963, 18.78383]}, "properties": {"id": "cm-osm-node-4739136722", "name": "Pudsadee House", "nameTh": "Pudsadee House", "nameEn": null, "cat": ["hotel"], "province": "cm", "slug": "pudsadee-house-4739136722", "rank": 2}}, {"type": "Feature", "geometry": {"type": "Point", "coordinates": [98.96016, 18.78797]}, "properties": {"id": "cm-osm-way-359696339", "name": "R2 Hotel Chiang Mai", "nameTh": null, "nameEn": "R2 Hotel Chiang Mai", "cat": ["hotel"], "province": "cm", "slug": "r2-hotel-chiang-mai-359696339", "rank": 3}}, {"type": "Feature", "geometry": {"type": "Point", "coordinates": [98.99092, 18.70723]}, "properties": {"id": "cm-osm-node-13429649801", "name": "Relax Garden House", "nameTh": null, "nameEn": "Relax Garden House", "cat": ["hotel"], "province": "cm", "slug": "relax-garden-house-13429649801", "rank": 2}}, {"type": "Feature", "geometry": {"type": "Point", "coordinates": [98.99264, 18.78455]}, "properties": {"id": "cm-osm-node-11590565197", "name": "Revolution Chiang Mai - Old Town", "nameTh": null, "nameEn": "Revolution Chiang Mai - Old Town", "cat": ["hotel"], "province": "cm", "slug": "revolution-chiang-mai-old-town-11590565197", "rank": 2}}, {"type": "Feature", "geometry": {"type": "Point", "coordinates": [98.99246, 18.78457]}, "properties": {"id": "cm-osm-way-320159029", "name": "Revolution Chiang Mai - Old Town", "nameTh": null, "nameEn": "Revolution Chiang Mai - Old Town", "cat": ["hotel"], "province": "cm", "slug": "revolution-chiang-mai-old-town-320159029", "rank": 2}}, {"type": "Feature", "geometry": {"type": "Point", "coordinates": [99.02938, 18.78253]}, "properties": {"id": "cm-osm-node-2595902495", "name": "Rim Tara Boutique Resort", "nameTh": null, "nameEn": "Rim Tara Boutique Resort", "cat": ["hotel"], "province": "cm", "slug": "rim-tara-boutique-resort-2595902495", "rank": 2}}, {"type": "Feature", "geometry": {"type": "Point", "coordinates": [98.97988, 18.79331]}, "properties": {"id": "cm-osm-way-753589983", "name": "Rimwiang Hotel", "nameTh": "โรงแรมริมเวียง", "nameEn": "Rimwiang Hotel", "cat": ["hotel"], "province": "cm", "slug": "rimwiang-hotel-753589983", "rank": 4}}, {"type": "Feature", "geometry": {"type": "Point", "coordinates": [98.99357, 18.79655]}, "properties": {"id": "cm-osm-way-377819683", "name": "Royal Panerai Hotel", "nameTh": "โรงแรมโรยัลพรรณราย", "nameEn": "Royal Panerai Hotel", "cat": ["hotel"], "province": "cm", "slug": "royal-panerai-hotel-377819683", "rank": 3}}, {"type": "Feature", "geometry": {"type": "Point", "coordinates": [98.99432, 18.79825]}, "properties": {"id": "cm-osm-way-102999878", "name": "Royal Peninsula", "nameTh": null, "nameEn": "Royal Peninsula", "cat": ["hotel"], "province": "cm", "slug": "royal-peninsula-102999878", "rank": 2}}, {"type": "Feature", "geometry": {"type": "Point", "coordinates": [98.97217, 18.79613]}, "properties": {"id": "cm-osm-way-271461244", "name": "S' Private House", "nameTh": null, "nameEn": "S' Private House", "cat": ["hotel"], "province": "cm", "slug": "s-private-house-271461244", "rank": 2}}, {"type": "Feature", "geometry": {"type": "Point", "coordinates": [98.98859, 18.79403]}, "properties": {"id": "cm-osm-node-5042421929", "name": "S.K. Guesthouse 2", "nameTh": null, "nameEn": "S.K. Guesthouse 2", "cat": ["hotel"], "province": "cm", "slug": "s-k-guesthouse-2-5042421929", "rank": 1}}, {"type": "Feature", "geometry": {"type": "Point", "coordinates": [98.98708, 18.79727]}, "properties": {"id": "cm-osm-node-13730517101", "name": "SHIN Hostel ChangPhuak ChiangMai", "nameTh": null, "nameEn": "SHIN Hostel ChangPhuak ChiangMai", "cat": ["hotel"], "province": "cm", "slug": "shin-hostel-changphuak-chiangmai-13730517101", "rank": 2}}, {"type": "Feature", "geometry": {"type": "Point", "coordinates": [98.98891, 18.78668]}, "properties": {"id": "cm-osm-node-5515535121", "name": "Sabuy Chiangmai Bed & Breakfast", "nameTh": null, "nameEn": "Sabuy Chiangmai Bed & Breakfast", "cat": ["hotel"], "province": "cm", "slug": "sabuy-chiangmai-bed-breakfast-5515535121", "rank": 2}}, {"type": "Feature", "geometry": {"type": "Point", "coordinates": [98.99162, 18.78883]}, "properties": {"id": "cm-osm-node-5963300685", "name": "Saithong Guest House", "nameTh": null, "nameEn": "Saithong Guest House", "cat": ["hotel"], "province": "cm", "slug": "saithong-guest-house-5963300685", "rank": 1}}, {"type": "Feature", "geometry": {"type": "Point", "coordinates": [98.95531, 18.74511]}, "properties": {"id": "cm-osm-node-2489198445", "name": "San Pareni", "nameTh": null, "nameEn": "San Pareni", "cat": ["hotel"], "province": "cm", "slug": "san-pareni-2489198445", "rank": 2}}, {"type": "Feature", "geometry": {"type": "Point", "coordinates": [99.0053, 18.80193]}, "properties": {"id": "cm-osm-node-11553901065", "name": "Sannot Riverside Boutique Hotel", "nameTh": null, "nameEn": "Sannot Riverside Boutique Hotel", "cat": ["hotel"], "province": "cm", "slug": "sannot-riverside-boutique-hotel-11553901065", "rank": 1}}, {"type": "Feature", "geometry": {"type": "Point", "coordinates": [98.99436, 18.79267]}, "properties": {"id": "cm-osm-node-1491392281", "name": "Sawasdee", "nameTh": null, "nameEn": "Sawasdee", "cat": ["hotel"], "province": "cm", "slug": "sawasdee-1491392281", "rank": 1}}, {"type": "Feature", "geometry": {"type": "Point", "coordinates": [99.09743, 18.7811]}, "properties": {"id": "cm-osm-way-314940925", "name": "Secret Garden", "nameTh": "ซิเคร์ท การร์เด้นท์", "nameEn": "Secret Garden", "cat": ["hotel"], "province": "cm", "slug": "secret-garden-314940925", "rank": 4}}, {"type": "Feature", "geometry": {"type": "Point", "coordinates": [98.98429, 18.78553]}, "properties": {"id": "cm-osm-node-4259747302", "name": "Seven Suns Residents", "nameTh": null, "nameEn": "Seven Suns Residents", "cat": ["hotel"], "province": "cm", "slug": "seven-suns-residents-4259747302", "rank": 2}}, {"type": "Feature", "geometry": {"type": "Point", "coordinates": [98.99331, 18.75431]}, "properties": {"id": "cm-osm-node-2610440428", "name": "Sheik Istana Hotel", "nameTh": null, "nameEn": "Sheik Istana Hotel", "cat": ["hotel"], "province": "cm", "slug": "sheik-istana-hotel-2610440428", "rank": 2}}, {"type": "Feature", "geometry": {"type": "Point", "coordinates": [98.98714, 18.77985]}, "properties": {"id": "cm-osm-node-12116030301", "name": "SherVa101 Hostel", "nameTh": null, "nameEn": "SherVa101 Hostel", "cat": ["hotel"], "province": "cm", "slug": "sherva101-hostel-12116030301", "rank": 3}}, {"type": "Feature", "geometry": {"type": "Point", "coordinates": [98.98396, 18.79608]}, "properties": {"id": "cm-osm-node-4231455489", "name": "Shunlin Hostel", "nameTh": null, "nameEn": "Shunlin Hostel", "cat": ["hotel"], "province": "cm", "slug": "shunlin-hostel-4231455489", "rank": 2}}, {"type": "Feature", "geometry": {"type": "Point", "coordinates": [98.98528, 18.78624]}, "properties": {"id": "cm-osm-node-13535468487", "name": "Siri Village Chiang Mai", "nameTh": null, "nameEn": "Siri Village Chiang Mai", "cat": ["hotel"], "province": "cm", "slug": "siri-village-chiang-mai-13535468487", "rank": 3}}, {"type": "Feature", "geometry": {"type": "Point", "coordinates": [99.00364, 18.78627]}, "properties": {"id": "cm-osm-node-3417181189", "name": "Siriya House", "nameTh": null, "nameEn": "Siriya House", "cat": ["hotel"], "province": "cm", "slug": "siriya-house-3417181189", "rank": 2}}, {"type": "Feature", "geometry": {"type": "Point", "coordinates": [98.99381, 18.78551]}, "properties": {"id": "cm-osm-way-1484018624", "name": "Sleep Mai?", "nameTh": null, "nameEn": "Sleep Mai?", "cat": ["hotel"], "province": "cm", "slug": "sleep-mai-1484018624", "rank": 4}}, {"type": "Feature", "geometry": {"type": "Point", "coordinates": [98.99675, 18.80054]}, "properties": {"id": "cm-osm-way-319812106", "name": "Sleepbox", "nameTh": null, "nameEn": "Sleepbox", "cat": ["hotel"], "province": "cm", "slug": "sleepbox-319812106", "rank": 2}}, {"type": "Feature", "geometry": {"type": "Point", "coordinates": [98.9909, 18.78378]}, "properties": {"id": "cm-osm-node-11182410615", "name": "Slumber Party Chiang Mai Old Town", "nameTh": null, "nameEn": "Slumber Party Chiang Mai Old Town", "cat": ["hotel"], "province": "cm", "slug": "slumber-party-chiang-mai-old-town-11182410615", "rank": 1}}, {"type": "Feature", "geometry": {"type": "Point", "coordinates": [98.99189, 18.78543]}, "properties": {"id": "cm-osm-node-631562391", "name": "Smile Guesthouse", "nameTh": null, "nameEn": "Smile Guesthouse", "cat": ["hotel"], "province": "cm", "slug": "smile-guesthouse-631562391", "rank": 2}}, {"type": "Feature", "geometry": {"type": "Point", "coordinates": [98.99664, 18.784]}, "properties": {"id": "cm-osm-node-820315995", "name": "Soi Sabai", "nameTh": null, "nameEn": "Soi Sabai", "cat": ["hotel"], "province": "cm", "slug": "soi-sabai-820315995", "rank": 2}}, {"type": "Feature", "geometry": {"type": "Point", "coordinates": [98.99242, 18.78964]}, "properties": {"id": "cm-osm-way-1005881892", "name": "Spice Garden", "nameTh": null, "nameEn": "Spice Garden", "cat": ["hotel"], "province": "cm", "slug": "spice-garden-1005881892", "rank": 3}}, {"type": "Feature", "geometry": {"type": "Point", "coordinates": [98.99103, 18.78561]}, "properties": {"id": "cm-osm-node-4416809393", "name": "Spicy Art Guesthouse", "nameTh": null, "nameEn": "Spicy Art Guesthouse", "cat": ["hotel"], "province": "cm", "slug": "spicy-art-guesthouse-4416809393", "rank": 3}}, {"type": "Feature", "geometry": {"type": "Point", "coordinates": [98.98027, 18.79848]}, "properties": {"id": "cm-osm-way-301482928", "name": "Spicythai Backpackers", "nameTh": null, "nameEn": "Spicythai Backpackers", "cat": ["hotel"], "province": "cm", "slug": "spicythai-backpackers-301482928", "rank": 1}}, {"type": "Feature", "geometry": {"type": "Point", "coordinates": [98.9872, 18.77523]}, "properties": {"id": "cm-osm-node-9394504917", "name": "Sri Anan Pura", "nameTh": null, "nameEn": "Sri Anan Pura", "cat": ["hotel"], "province": "cm", "slug": "sri-anan-pura-9394504917", "rank": 1}}, {"type": "Feature", "geometry": {"type": "Point", "coordinates": [98.99822, 18.78084]}, "properties": {"id": "cm-osm-node-9331104117", "name": "Sridonchai Heritage", "nameTh": null, "nameEn": "Sridonchai Heritage", "cat": ["hotel"], "province": "cm", "slug": "sridonchai-heritage-9331104117", "rank": 3}}, {"type": "Feature", "geometry": {"type": "Point", "coordinates": [98.98259, 18.78401]}, "properties": {"id": "cm-osm-way-406416408", "name": "Stay Here Hostel", "nameTh": null, "nameEn": "Stay Here Hostel", "cat": ["hotel"], "province": "cm", "slug": "stay-here-hostel-406416408", "rank": 2}}, {"type": "Feature", "geometry": {"type": "Point", "coordinates": [98.98107, 18.84045]}, "properties": {"id": "cm-osm-node-9318598651", "name": "Stay MAYB", "nameTh": null, "nameEn": "Stay MAYB", "cat": ["hotel"], "province": "cm", "slug": "stay-mayb-9318598651", "rank": 2}}, {"type": "Feature", "geometry": {"type": "Point", "coordinates": [98.99679, 18.78738]}, "properties": {"id": "cm-osm-node-4438144264", "name": "Studio 99", "nameTh": null, "nameEn": "Studio 99", "cat": ["hotel"], "province": "cm", "slug": "studio-99-4438144264", "rank": 1}}, {"type": "Feature", "geometry": {"type": "Point", "coordinates": [99.0455, 18.91685]}, "properties": {"id": "cm-osm-node-5367359521", "name": "Suan Thu Khaw", "nameTh": null, "nameEn": "Suan Thu Khaw", "cat": ["hotel"], "province": "cm", "slug": "suan-thu-khaw-5367359521", "rank": 1}}, {"type": "Feature", "geometry": {"type": "Point", "coordinates": [98.99515, 18.7796]}, "properties": {"id": "cm-osm-node-13661084301", "name": "THEE Kashatharn by TH district Hotel", "nameTh": null, "nameEn": "THEE Kashatharn by TH district Hotel", "cat": ["hotel"], "province": "cm", "slug": "thee-kashatharn-by-th-district-hotel-13661084301", "rank": 4}}, {"type": "Feature", "geometry": {"type": "Point", "coordinates": [98.99251, 18.78641]}, "properties": {"id": "cm-osm-way-482772357", "name": "Taicoon House", "nameTh": null, "nameEn": "Taicoon House", "cat": ["hotel"], "province": "cm", "slug": "taicoon-house-482772357", "rank": 1}}, {"type": "Feature", "geometry": {"type": "Point", "coordinates": [98.98972, 18.78859]}, "properties": {"id": "cm-osm-node-3410834689", "name": "Tamarind Village", "nameTh": null, "nameEn": "Tamarind Village", "cat": ["hotel"], "province": "cm", "slug": "tamarind-village-3410834689", "rank": 3}}, {"type": "Feature", "geometry": {"type": "Point", "coordinates": [99.00184, 18.79319]}, "properties": {"id": "cm-osm-node-2638475286", "name": "Tanita", "nameTh": null, "nameEn": "Tanita", "cat": ["hotel"], "province": "cm", "slug": "tanita-2638475286", "rank": 4}}, {"type": "Feature", "geometry": {"type": "Point", "coordinates": [98.98443, 18.77911]}, "properties": {"id": "cm-osm-node-4141920389", "name": "Teeraya Boutique Family Hostel", "nameTh": null, "nameEn": "Teeraya Boutique Family Hostel", "cat": ["hotel"], "province": "cm", "slug": "teeraya-boutique-family-hostel-4141920389", "rank": 1}}, {"type": "Feature", "geometry": {"type": "Point", "coordinates": [98.98819, 18.79383]}, "properties": {"id": "cm-osm-node-4433562790", "name": "Thank you Chiang Mai", "nameTh": null, "nameEn": "Thank you Chiang Mai", "cat": ["hotel"], "province": "cm", "slug": "thank-you-chiang-mai-4433562790", "rank": 4}}, {"type": "Feature", "geometry": {"type": "Point", "coordinates": [98.99502, 18.78714]}, "properties": {"id": "cm-osm-node-1001600108", "name": "Thapae Boutique House", "nameTh": null, "nameEn": "Thapae Boutique House", "cat": ["hotel"], "province": "cm", "slug": "thapae-boutique-house-1001600108", "rank": 2}}, {"type": "Feature", "geometry": {"type": "Point", "coordinates": [98.99717, 18.78731]}, "properties": {"id": "cm-osm-way-1463072774", "name": "Thapae60 Mini Hotel", "nameTh": "ท่าแพซิกตี้", "nameEn": "Thapae60 Mini Hotel", "cat": ["hotel"], "province": "cm", "slug": "thapae60-mini-hotel-1463072774", "rank": 3}}, {"type": "Feature", "geometry": {"type": "Point", "coordinates": [98.99445, 18.79263]}, "properties": {"id": "cm-osm-node-4583576189", "name": "The Cabin Hostel", "nameTh": null, "nameEn": "The Cabin Hostel", "cat": ["hotel"], "province": "cm", "slug": "the-cabin-hostel-4583576189", "rank": 1}}, {"type": "Feature", "geometry": {"type": "Point", "coordinates": [98.99117, 18.78915]}, "properties": {"id": "cm-osm-node-4430154454", "name": "The Chiang Mai White House", "nameTh": null, "nameEn": "The Chiang Mai White House", "cat": ["hotel"], "province": "cm", "slug": "the-chiang-mai-white-house-4430154454", "rank": 1}}, {"type": "Feature", "geometry": {"type": "Point", "coordinates": [98.97283, 18.80011]}, "properties": {"id": "cm-osm-node-4621419989", "name": "The Cosy Huay Kaew", "nameTh": null, "nameEn": "The Cosy Huay Kaew", "cat": ["hotel"], "province": "cm", "slug": "the-cosy-huay-kaew-4621419989", "rank": 2}}, {"type": "Feature", "geometry": {"type": "Point", "coordinates": [98.83195, 18.79876]}, "properties": {"id": "cm-osm-node-2438297982", "name": "The Doi Resort", "nameTh": null, "nameEn": "The Doi Resort", "cat": ["hotel"], "province": "cm", "slug": "the-doi-resort-2438297982", "rank": 2}}, {"type": "Feature", "geometry": {"type": "Point", "coordinates": [98.97281, 18.79918]}, "properties": {"id": "cm-osm-way-237817480", "name": "The Dome", "nameTh": null, "nameEn": "The Dome", "cat": ["hotel"], "province": "cm", "slug": "the-dome-237817480", "rank": 3}}, {"type": "Feature", "geometry": {"type": "Point", "coordinates": [99.00304, 18.786]}, "properties": {"id": "cm-osm-node-4283589389", "name": "The Grace House Chiangmai", "nameTh": null, "nameEn": "The Grace House Chiangmai", "cat": ["hotel"], "province": "cm", "slug": "the-grace-house-chiangmai-4283589389", "rank": 2}}, {"type": "Feature", "geometry": {"type": "Point", "coordinates": [98.99247, 18.80402]}, "properties": {"id": "cm-osm-way-87721772", "name": "The Grand Napat", "nameTh": null, "nameEn": "The Grand Napat", "cat": ["hotel"], "province": "cm", "slug": "the-grand-napat-87721772", "rank": 4}}, {"type": "Feature", "geometry": {"type": "Point", "coordinates": [98.99534, 18.79152]}, "properties": {"id": "cm-osm-node-4189480789", "name": "The Guest Chang Moi Hotel", "nameTh": null, "nameEn": "The Guest Chang Moi Hotel", "cat": ["hotel"], "province": "cm", "slug": "the-guest-chang-moi-hotel-4189480789", "rank": 2}}, {"type": "Feature", "geometry": {"type": "Point", "coordinates": [98.98771, 18.77875]}, "properties": {"id": "cm-osm-node-5578051621", "name": "The Islander Hostel", "nameTh": null, "nameEn": "The Islander Hostel", "cat": ["hotel"], "province": "cm", "slug": "the-islander-hostel-5578051621", "rank": 2}}, {"type": "Feature", "geometry": {"type": "Point", "coordinates": [98.987, 18.7819]}, "properties": {"id": "cm-osm-way-793933940", "name": "The Khom Chiang Mai – Guesthouse, Café and Wine Lounge", "nameTh": null, "nameEn": "The Khom Chiang Mai – Guesthouse, Café and Wine Lounge", "cat": ["hotel"], "province": "cm", "slug": "the-khom-chiang-mai-guesthouse-caf-and-wine-lounge-793933940", "rank": 2}}, {"type": "Feature", "geometry": {"type": "Point", "coordinates": [98.99607, 18.78986]}, "properties": {"id": "cm-osm-node-5377337821", "name": "The Living Place 3", "nameTh": null, "nameEn": "The Living Place 3", "cat": ["hotel"], "province": "cm", "slug": "the-living-place-3-5377337821", "rank": 2}}, {"type": "Feature", "geometry": {"type": "Point", "coordinates": [98.97118, 18.79729]}, "properties": {"id": "cm-osm-node-5788744252", "name": "The Mirror", "nameTh": null, "nameEn": "The Mirror", "cat": ["hotel"], "province": "cm", "slug": "the-mirror-5788744252", "rank": 1}}, {"type": "Feature", "geometry": {"type": "Point", "coordinates": [98.97811, 18.78352]}, "properties": {"id": "cm-osm-node-10245740312", "name": "The Moon House", "nameTh": null, "nameEn": "The Moon House", "cat": ["hotel"], "province": "cm", "slug": "the-moon-house-10245740312", "rank": 1}}, {"type": "Feature", "geometry": {"type": "Point", "coordinates": [98.98355, 18.79594]}, "properties": {"id": "cm-osm-node-10245740311", "name": "The Newnormal House", "nameTh": null, "nameEn": "The Newnormal House", "cat": ["hotel"], "province": "cm", "slug": "the-newnormal-house-10245740311", "rank": 1}}, {"type": "Feature", "geometry": {"type": "Point", "coordinates": [98.96927, 18.79517]}, "properties": {"id": "cm-osm-way-276725541", "name": "The Nimman Hotel", "nameTh": null, "nameEn": "The Nimman Hotel", "cat": ["hotel"], "province": "cm", "slug": "the-nimman-hotel-276725541", "rank": 3}}, {"type": "Feature", "geometry": {"type": "Point", "coordinates": [98.99332, 18.7959]}, "properties": {"id": "cm-osm-node-4535975018", "name": "The Nook Hotel", "nameTh": null, "nameEn": "The Nook Hotel", "cat": ["hotel"], "province": "cm", "slug": "the-nook-hotel-4535975018", "rank": 2}}, {"type": "Feature", "geometry": {"type": "Point", "coordinates": [99.1325, 18.89241]}, "properties": {"id": "cm-osm-way-1099763164", "name": "The Palms", "nameTh": null, "nameEn": "The Palms", "cat": ["hotel"], "province": "cm", "slug": "the-palms-1099763164", "rank": 1}}, {"type": "Feature", "geometry": {"type": "Point", "coordinates": [98.97855, 18.78669]}, "properties": {"id": "cm-osm-way-238830184", "name": "The Rim Resort", "nameTh": null, "nameEn": "The Rim Resort", "cat": ["hotel"], "province": "cm", "slug": "the-rim-resort-238830184", "rank": 3}}, {"type": "Feature", "geometry": {"type": "Point", "coordinates": [98.98978, 18.78387]}, "properties": {"id": "cm-osm-node-11513485070", "name": "The Rodman Hotel", "nameTh": null, "nameEn": "The Rodman Hotel", "cat": ["hotel"], "province": "cm", "slug": "the-rodman-hotel-11513485070", "rank": 1}}, {"type": "Feature", "geometry": {"type": "Point", "coordinates": [98.99143, 18.79083]}, "properties": {"id": "cm-osm-node-13238146963", "name": "The Shire Guesthouse", "nameTh": null, "nameEn": "The Shire Guesthouse", "cat": ["hotel"], "province": "cm", "slug": "the-shire-guesthouse-13238146963", "rank": 1}}, {"type": "Feature", "geometry": {"type": "Point", "coordinates": [98.97921, 18.79217]}, "properties": {"id": "cm-osm-way-361121944", "name": "The Social Club - Coliving & Coworking Space", "nameTh": null, "nameEn": "The Social Club - coliving & coworking space", "cat": ["business", "hotel"], "province": "cm", "slug": "the-social-club-coliving-coworking-space-361121944", "rank": 4}}, {"type": "Feature", "geometry": {"type": "Point", "coordinates": [98.97071, 18.79699]}, "properties": {"id": "cm-osm-node-7501232934", "name": "The laboratory & Across the Universe", "nameTh": null, "nameEn": "The laboratory & Across the Universe", "cat": ["hotel"], "province": "cm", "slug": "the-laboratory-across-the-universe-7501232934", "rank": 1}}, {"type": "Feature", "geometry": {"type": "Point", "coordinates": [99.13025, 18.83747]}, "properties": {"id": "cm-osm-node-12345647402", "name": "Three Moon Homestay", "nameTh": "ทรีมูน โฮมสเตย์", "nameEn": "Three Moon Homestay", "cat": ["hotel"], "province": "cm", "slug": "three-moon-homestay-12345647402", "rank": 4}}, {"type": "Feature", "geometry": {"type": "Point", "coordinates": [99.10225, 18.85642]}, "properties": {"id": "cm-osm-node-10245740713", "name": "Tiddin Resort", "nameTh": null, "nameEn": "Tiddin Resort", "cat": ["hotel"], "province": "cm", "slug": "tiddin-resort-10245740713", "rank": 1}}, {"type": "Feature", "geometry": {"type": "Point", "coordinates": [98.9868, 18.77614]}, "properties": {"id": "cm-osm-way-1215064532", "name": "To Bed Poshtel", "nameTh": null, "nameEn": "To Bed Poshtel", "cat": ["hotel"], "province": "cm", "slug": "to-bed-poshtel-1215064532", "rank": 1}}, {"type": "Feature", "geometry": {"type": "Point", "coordinates": [98.99211, 18.83261]}, "properties": {"id": "cm-osm-node-13076053766", "name": "Tonnam Homestay", "nameTh": "ต้นน้ำโฮมสเตย์", "nameEn": "Tonnam Homestay", "cat": ["hotel"], "province": "cm", "slug": "tonnam-homestay-13076053766", "rank": 4}}, {"type": "Feature", "geometry": {"type": "Point", "coordinates": [99.01855, 18.73378]}, "properties": {"id": "cm-osm-node-4087646232", "name": "Tree Space Resort", "nameTh": null, "nameEn": "Tree Space Resort", "cat": ["hotel"], "province": "cm", "slug": "tree-space-resort-4087646232", "rank": 1}}, {"type": "Feature", "geometry": {"type": "Point", "coordinates": [98.99865, 18.76381]}, "properties": {"id": "cm-osm-node-10245740810", "name": "Trekker Camp", "nameTh": null, "nameEn": "Trekker Camp", "cat": ["hotel"], "province": "cm", "slug": "trekker-camp-10245740810", "rank": 1}}, {"type": "Feature", "geometry": {"type": "Point", "coordinates": [98.97316, 18.8156]}, "properties": {"id": "cm-osm-way-443317404", "name": "Unique hotel", "nameTh": null, "nameEn": "Unique hotel", "cat": ["hotel"], "province": "cm", "slug": "unique-hotel-443317404", "rank": 2}}, {"type": "Feature", "geometry": {"type": "Point", "coordinates": [98.98035, 18.7845]}, "properties": {"id": "cm-osm-node-10655868405", "name": "Urban Bed", "nameTh": null, "nameEn": "Urban Bed", "cat": ["hotel"], "province": "cm", "slug": "urban-bed-10655868405", "rank": 1}}, {"type": "Feature", "geometry": {"type": "Point", "coordinates": [98.93224, 18.92045]}, "properties": {"id": "cm-osm-node-13275189101", "name": "Urban Mae Rim", "nameTh": null, "nameEn": "Urban Mae Rim", "cat": ["hotel"], "province": "cm", "slug": "urban-mae-rim-13275189101", "rank": 2}}, {"type": "Feature", "geometry": {"type": "Point", "coordinates": [98.99242, 18.78841]}, "properties": {"id": "cm-osm-node-3385473047", "name": "V.I.P. House", "nameTh": null, "nameEn": "V.I.P. House", "cat": ["hotel"], "province": "cm", "slug": "v-i-p-house-3385473047", "rank": 1}}, {"type": "Feature", "geometry": {"type": "Point", "coordinates": [98.95948, 18.78157]}, "properties": {"id": "cm-osm-node-8892961222", "name": "VEVA", "nameTh": null, "nameEn": "VEVA Residence", "cat": ["hotel"], "province": "cm", "slug": "veva-residence-8892961222", "rank": 3}}, {"type": "Feature", "geometry": {"type": "Point", "coordinates": [98.97521, 18.79892]}, "properties": {"id": "cm-osm-way-255518402", "name": "Varada Place", "nameTh": null, "nameEn": "Varada Place", "cat": ["hotel"], "province": "cm", "slug": "varada-place-255518402", "rank": 2}}, {"type": "Feature", "geometry": {"type": "Point", "coordinates": [98.98333, 18.80502]}, "properties": {"id": "cm-osm-way-175225648", "name": "Viangbua Mansion", "nameTh": "เวียงบัวแมนชั่น", "nameEn": "Viangbua Mansion", "cat": ["hotel"], "province": "cm", "slug": "viangbua-mansion-175225648", "rank": 3}}, {"type": "Feature", "geometry": {"type": "Point", "coordinates": [98.99152, 18.79242]}, "properties": {"id": "cm-osm-way-492846697", "name": "Vida", "nameTh": null, "nameEn": "Vida", "cat": ["hotel"], "province": "cm", "slug": "vida-492846697", "rank": 3}}, {"type": "Feature", "geometry": {"type": "Point", "coordinates": [98.98455, 18.78244]}, "properties": {"id": "cm-osm-node-10245740809", "name": "Villa Vacay Chiang Mai", "nameTh": null, "nameEn": "Villa Vacay Chiang Mai", "cat": ["hotel"], "province": "cm", "slug": "villa-vacay-chiang-mai-10245740809", "rank": 1}}, {"type": "Feature", "geometry": {"type": "Point", "coordinates": [98.98795, 18.79378]}, "properties": {"id": "cm-osm-way-251437111", "name": "Vista Hotel", "nameTh": null, "nameEn": "Vista Hotel", "cat": ["hotel"], "province": "cm", "slug": "vista-hotel-251437111", "rank": 2}}, {"type": "Feature", "geometry": {"type": "Point", "coordinates": [99.01231, 18.78869]}, "properties": {"id": "cm-osm-node-4287567091", "name": "W Hostel", "nameTh": null, "nameEn": "W Hostel", "cat": ["hotel"], "province": "cm", "slug": "w-hostel-4287567091", "rank": 1}}, {"type": "Feature", "geometry": {"type": "Point", "coordinates": [98.97909, 18.76887]}, "properties": {"id": "cm-osm-way-1083805169", "name": "WE Terminal Hotel", "nameTh": null, "nameEn": "Mahidon Road", "cat": ["hotel"], "province": "cm", "slug": "mahidon-road-1083805169", "rank": 2}}, {"type": "Feature", "geometry": {"type": "Point", "coordinates": [98.99014, 18.7927]}, "properties": {"id": "cm-osm-node-4132027789", "name": "Walk Inn", "nameTh": null, "nameEn": "Walk Inn", "cat": ["hotel"], "province": "cm", "slug": "walk-inn-4132027789", "rank": 3}}, {"type": "Feature", "geometry": {"type": "Point", "coordinates": [98.98387, 18.79765]}, "properties": {"id": "cm-osm-node-6480584585", "name": "Warm light", "nameTh": null, "nameEn": "Warm light", "cat": ["hotel"], "province": "cm", "slug": "warm-light-6480584585", "rank": 1}}, {"type": "Feature", "geometry": {"type": "Point", "coordinates": [98.99239, 18.78906]}, "properties": {"id": "cm-osm-node-3385473048", "name": "Water Well Guest House", "nameTh": null, "nameEn": "Water Well Guest House", "cat": ["hotel"], "province": "cm", "slug": "water-well-guest-house-3385473048", "rank": 2}}, {"type": "Feature", "geometry": {"type": "Point", "coordinates": [98.98819, 18.7937]}, "properties": {"id": "cm-osm-node-12247992102", "name": "Wayside Guesthouse", "nameTh": null, "nameEn": "Wayside Guesthouse", "cat": ["hotel"], "province": "cm", "slug": "wayside-guesthouse-12247992102", "rank": 3}}, {"type": "Feature", "geometry": {"type": "Point", "coordinates": [98.99052, 18.78334]}, "properties": {"id": "cm-osm-node-11809149230", "name": "Wealth Boutique Hotel", "nameTh": null, "nameEn": "Wealth Boutique Hotel", "cat": ["hotel"], "province": "cm", "slug": "wealth-boutique-hotel-11809149230", "rank": 3}}, {"type": "Feature", "geometry": {"type": "Point", "coordinates": [98.98528, 18.79462]}, "properties": {"id": "cm-osm-node-2367852958", "name": "Western House Hotel", "nameTh": null, "nameEn": "Western House Hotel", "cat": ["hotel"], "province": "cm", "slug": "western-house-hotel-2367852958", "rank": 2}}, {"type": "Feature", "geometry": {"type": "Point", "coordinates": [98.97869, 18.79363]}, "properties": {"id": "cm-osm-way-623150699", "name": "White Chalet", "nameTh": null, "nameEn": "White Chalet", "cat": ["hotel"], "province": "cm", "slug": "white-chalet-623150699", "rank": 2}}, {"type": "Feature", "geometry": {"type": "Point", "coordinates": [99.00157, 18.74953]}, "properties": {"id": "cm-osm-way-621074731", "name": "Wiang Kum Kam Resort", "nameTh": "เวียงกุมกาม รีสอร์ท", "nameEn": "Wiang Kum Kam Resort", "cat": ["hotel"], "province": "cm", "slug": "wiang-kum-kam-resort-621074731", "rank": 3}}, {"type": "Feature", "geometry": {"type": "Point", "coordinates": [98.98184, 18.77533]}, "properties": {"id": "cm-osm-node-10245740714", "name": "Wooden Hostel", "nameTh": null, "nameEn": "Wooden Hostel", "cat": ["hotel"], "province": "cm", "slug": "wooden-hostel-10245740714", "rank": 1}}, {"type": "Feature", "geometry": {"type": "Point", "coordinates": [99.00867, 18.75524]}, "properties": {"id": "cm-osm-way-314677557", "name": "Woodfield Resort Chiang Mai", "nameTh": null, "nameEn": "Woodfield Resort Chiang Mai", "cat": ["hotel"], "province": "cm", "slug": "woodfield-resort-chiang-mai-314677557", "rank": 3}}, {"type": "Feature", "geometry": {"type": "Point", "coordinates": [98.97003, 18.79387]}, "properties": {"id": "cm-osm-node-4891589622", "name": "Woou guest house", "nameTh": null, "nameEn": "Woou guest house", "cat": ["hotel"], "province": "cm", "slug": "woou-guest-house-4891589622", "rank": 1}}, {"type": "Feature", "geometry": {"type": "Point", "coordinates": [98.96978, 18.79394]}, "properties": {"id": "cm-osm-way-1017801670", "name": "Woou guest house", "nameTh": null, "nameEn": "Woou guest house", "cat": ["hotel"], "province": "cm", "slug": "woou-guest-house-1017801670", "rank": 1}}, {"type": "Feature", "geometry": {"type": "Point", "coordinates": [98.98681, 18.78004]}, "properties": {"id": "cm-osm-node-4933890324", "name": "Wualai Hostel", "nameTh": null, "nameEn": "Wualai Hostel", "cat": ["hotel"], "province": "cm", "slug": "wualai-hostel-4933890324", "rank": 2}}, {"type": "Feature", "geometry": {"type": "Point", "coordinates": [98.98757, 18.79521]}, "properties": {"id": "cm-osm-node-12112351717", "name": "Yellow Fellow Hostel", "nameTh": null, "nameEn": "Yellow Fellow Hostel", "cat": ["hotel"], "province": "cm", "slug": "yellow-fellow-hostel-12112351717", "rank": 3}}, {"type": "Feature", "geometry": {"type": "Point", "coordinates": [98.99128, 18.79162]}, "properties": {"id": "cm-osm-way-578853349", "name": "Yourhouse 2", "nameTh": null, "nameEn": "Yourhouse 2", "cat": ["hotel"], "province": "cm", "slug": "yourhouse-2-578853349", "rank": 1}}, {"type": "Feature", "geometry": {"type": "Point", "coordinates": [99.00708, 18.78487]}, "properties": {"id": "cm-osm-way-582870946", "name": "ZZ House Hostel", "nameTh": null, "nameEn": "ZZ House Hostel", "cat": ["hotel"], "province": "cm", "slug": "zz-house-hostel-582870946", "rank": 1}}, {"type": "Feature", "geometry": {"type": "Point", "coordinates": [98.99896, 18.78125]}, "properties": {"id": "cm-osm-node-5651423930", "name": "Zion Hostel", "nameTh": null, "nameEn": "Zion Hostel", "cat": ["hotel"], "province": "cm", "slug": "zion-hostel-5651423930", "rank": 1}}, {"type": "Feature", "geometry": {"type": "Point", "coordinates": [98.984, 18.7974]}, "properties": {"id": "cm-osm-node-4794486725", "name": "Zoe Hostel", "nameTh": "Zoe Hostel", "nameEn": null, "cat": ["hotel"], "province": "cm", "slug": "zoe-hostel-4794486725", "rank": 3}}, {"type": "Feature", "geometry": {"type": "Point", "coordinates": [99.0068, 18.78213]}, "properties": {"id": "cm-osm-node-4200114089", "name": "Zz House", "nameTh": null, "nameEn": "Zz House", "cat": ["hotel"], "province": "cm", "slug": "zz-house-4200114089", "rank": 2}}, {"type": "Feature", "geometry": {"type": "Point", "coordinates": [98.95999, 18.80615]}, "properties": {"id": "cm-osm-way-285999615", "name": "ibis Styles", "nameTh": null, "nameEn": "ibis Styles", "cat": ["hotel"], "province": "cm", "slug": "ibis-styles-285999615", "rank": 3}}, {"type": "Feature", "geometry": {"type": "Point", "coordinates": [99.04513, 18.64624]}, "properties": {"id": "cm-osm-node-4605693897", "name": "คุ้ม ปินตา", "nameTh": "คุ้ม ปินตา", "nameEn": null, "cat": ["hotel"], "province": "cm", "slug": "4605693897", "rank": 1}}, {"type": "Feature", "geometry": {"type": "Point", "coordinates": [99.01055, 18.78645]}, "properties": {"id": "cm-osm-node-2595949603", "name": "ชีวี วนา สวีท รีสอร์ท", "nameTh": "ชีวี วนา สวีท รีสอร์ท", "nameEn": "Shewe Wana Suite Resort", "cat": ["hotel"], "province": "cm", "slug": "shewe-wana-suite-resort-2595949603", "rank": 4}}, {"type": "Feature", "geometry": {"type": "Point", "coordinates": [99.00358, 18.78668]}, "properties": {"id": "cm-osm-node-6121062524", "name": "ซาบาบู", "nameTh": "ซาบาบู", "nameEn": "Baan Sabai", "cat": ["hotel"], "province": "cm", "slug": "baan-sabai-6121062524", "rank": 4}}, {"type": "Feature", "geometry": {"type": "Point", "coordinates": [98.99382, 18.79139]}, "properties": {"id": "cm-osm-node-1491363959", "name": "บ้านกลางเวียง", "nameTh": "บ้านกลางเวียง", "nameEn": "Baan Klang Vieng", "cat": ["hotel"], "province": "cm", "slug": "baan-klang-vieng-1491363959", "rank": 2}}, {"type": "Feature", "geometry": {"type": "Point", "coordinates": [99.09794, 18.81688]}, "properties": {"id": "cm-osm-node-6212854285", "name": "บ้านจันทร์ส่องแสง โฮมสเตย์", "nameTh": "บ้านจันทร์ส่องแสง โฮมสเตย์", "nameEn": "Ban Chunsongsang Home Stay", "cat": ["hotel"], "province": "cm", "slug": "ban-chunsongsang-home-stay-6212854285", "rank": 4}}, {"type": "Feature", "geometry": {"type": "Point", "coordinates": [98.9948, 18.7838]}, "properties": {"id": "cm-osm-node-820812757", "name": "บ้านนานาชาติ เซนเตอร์เพลส", "nameTh": "บ้านนานาชาติ เซนเตอร์เพลส", "nameEn": "Centerplace", "cat": ["hotel"], "province": "cm", "slug": "centerplace-820812757", "rank": 3}}, {"type": "Feature", "geometry": {"type": "Point", "coordinates": [99.04594, 18.74023]}, "properties": {"id": "cm-osm-node-2654840206", "name": "บ้านพวงเพชร", "nameTh": "บ้านพวงเพชร", "nameEn": "Baan Puang Petch", "cat": ["hotel"], "province": "cm", "slug": "baan-puang-petch-2654840206", "rank": 2}}, {"type": "Feature", "geometry": {"type": "Point", "coordinates": [98.83457, 18.80307]}, "properties": {"id": "cm-osm-node-2549164151", "name": "บ้านม่อนม่วนใจ๋", "nameTh": "บ้านม่อนม่วนใจ๋", "nameEn": "Belle Villa Resort", "cat": ["hotel"], "province": "cm", "slug": "belle-villa-resort-2549164151", "rank": 3}}, {"type": "Feature", "geometry": {"type": "Point", "coordinates": [98.85065, 18.86964]}, "properties": {"id": "cm-osm-node-7599846374", "name": "บ้านลิ้นจี่", "nameTh": "บ้านลิ้นจี่", "nameEn": "Baan Lychee", "cat": ["hotel"], "province": "cm", "slug": "baan-lychee-7599846374", "rank": 3}}, {"type": "Feature", "geometry": {"type": "Point", "coordinates": [98.9591, 18.78801]}, "properties": {"id": "cm-osm-node-9355070224", "name": "บ้านแดนตะวันเหนือ", "nameTh": "บ้านแดนตะวันเหนือ", "nameEn": "Baan Dan Ta Wan Nuea", "cat": ["hotel"], "province": "cm", "slug": "baan-dan-ta-wan-nuea-9355070224", "rank": 4}}, {"type": "Feature", "geometry": {"type": "Point", "coordinates": [98.97185, 18.80553]}, "properties": {"id": "cm-osm-way-314669822", "name": "ปางสะหวันเพลส", "nameTh": "ปางสะหวันเพลส", "nameEn": "Pangsawan Place", "cat": ["hotel"], "province": "cm", "slug": "pangsawan-place-314669822", "rank": 3}}, {"type": "Feature", "geometry": {"type": "Point", "coordinates": [98.98035, 18.78393]}, "properties": {"id": "cm-osm-way-688957082", "name": "พาสเท้นส์ โฮสเทล แอนด์ คาเฟ่", "nameTh": "พาสเท้นส์ โฮสเทล แอนด์ คาเฟ่", "nameEn": "Past Tense Hostel", "cat": ["hotel"], "province": "cm", "slug": "past-tense-hostel-688957082", "rank": 5}}, {"type": "Feature", "geometry": {"type": "Point", "coordinates": [98.99156, 18.80677]}, "properties": {"id": "cm-osm-node-1616141789", "name": "ภัทธาราเพลส", "nameTh": "ภัทธาราเพลส", "nameEn": "Pattara Place", "cat": ["hotel"], "province": "cm", "slug": "pattara-place-1616141789", "rank": 4}}, {"type": "Feature", "geometry": {"type": "Point", "coordinates": [98.98273, 18.77066]}, "properties": {"id": "cm-osm-node-4582153096", "name": "มายด์โฮม เกสเฮ้าส์ หายยา", "nameTh": "มายด์โฮม เกสเฮ้าส์ หายยา", "nameEn": "Mildhome Guesthouse Haiya", "cat": ["hotel"], "province": "cm", "slug": "mildhome-guesthouse-haiya-4582153096", "rank": 4}}, {"type": "Feature", "geometry": {"type": "Point", "coordinates": [98.81613, 18.95677]}, "properties": {"id": "cm-osm-way-240082625", "name": "ม้งฮิลล์ไทรบ์ลอดจ์", "nameTh": "ม้งฮิลล์ไทรบ์ลอดจ์", "nameEn": "Hmong Hilltribe Lodge", "cat": ["hotel"], "province": "cm", "slug": "hmong-hilltribe-lodge-240082625", "rank": 5}}, {"type": "Feature", "geometry": {"type": "Point", "coordinates": [98.9866, 18.77632]}, "properties": {"id": "cm-osm-way-1214460611", "name": "วัวลายสบายดี", "nameTh": "วัวลายสบายดี", "nameEn": "Wualai Sabaidee Boutique Hotel", "cat": ["hotel"], "province": "cm", "slug": "wualai-sabaidee-boutique-hotel-1214460611", "rank": 2}}, {"type": "Feature", "geometry": {"type": "Point", "coordinates": [98.98078, 18.80253]}, "properties": {"id": "cm-osm-way-204079088", "name": "วิลล่า กอบุญกลิ่นบัว", "nameTh": "วิลล่า กอบุญกลิ่นบัว", "nameEn": "Villa Korbhun Khinbua", "cat": ["hotel"], "province": "cm", "slug": "villa-korbhun-khinbua-204079088", "rank": 3}}, {"type": "Feature", "geometry": {"type": "Point", "coordinates": [98.97878, 18.80294]}, "properties": {"id": "cm-osm-node-2509993173", "name": "วิวดอยแมนชั่น", "nameTh": "วิวดอยแมนชั่น", "nameEn": "View Doi Mansion", "cat": ["hotel"], "province": "cm", "slug": "view-doi-mansion-2509993173", "rank": 4}}, {"type": "Feature", "geometry": {"type": "Point", "coordinates": [98.92209, 18.91073]}, "properties": {"id": "cm-osm-node-5327328687", "name": "สาลาแม่ริม", "nameTh": "สาลาแม่ริม", "nameEn": "Sala Maerim", "cat": ["hotel"], "province": "cm", "slug": "sala-maerim-5327328687", "rank": 2}}, {"type": "Feature", "geometry": {"type": "Point", "coordinates": [98.98005, 18.79282]}, "properties": {"id": "cm-osm-node-6172048701", "name": "สิงหราชซอย 3", "nameTh": "สิงหราชซอย 3", "nameEn": "The Scale House", "cat": ["hotel"], "province": "cm", "slug": "the-scale-house-6172048701", "rank": 3}}, {"type": "Feature", "geometry": {"type": "Point", "coordinates": [99.00878, 18.8997]}, "properties": {"id": "cm-osm-node-4524200090", "name": "หอพักนักศึกษา", "nameTh": "หอพักนักศึกษา", "nameEn": null, "cat": ["hotel"], "province": "cm", "slug": "4524200090", "rank": 1}}, {"type": "Feature", "geometry": {"type": "Point", "coordinates": [98.87945, 18.75432]}, "properties": {"id": "cm-osm-node-2548892211", "name": "อุทยานล้านนารีสอร์ท", "nameTh": "อุทยานล้านนารีสอร์ท", "nameEn": "Lanna Resort", "cat": ["hotel"], "province": "cm", "slug": "lanna-resort-2548892211", "rank": 3}}, {"type": "Feature", "geometry": {"type": "Point", "coordinates": [98.98628, 18.79502]}, "properties": {"id": "cm-osm-node-1616042306", "name": "เมาเท็นวิว", "nameTh": "เมาเท็นวิว", "nameEn": "Mountain View Guest House", "cat": ["hotel"], "province": "cm", "slug": "mountain-view-guest-house-1616042306", "rank": 3}}, {"type": "Feature", "geometry": {"type": "Point", "coordinates": [99.00163, 18.74926]}, "properties": {"id": "cm-osm-way-621074737", "name": "เวียงกุมกาม รีสอร์ท", "nameTh": "เวียงกุมกาม รีสอร์ท", "nameEn": "Wiang Kum Kam Resort", "cat": ["hotel"], "province": "cm", "slug": "wiang-kum-kam-resort-621074737", "rank": 2}}, {"type": "Feature", "geometry": {"type": "Point", "coordinates": [98.99606, 18.78542]}, "properties": {"id": "cm-osm-way-361099900", "name": "แมนดาลาเฮาส์", "nameTh": "แมนดาลาเฮาส์", "nameEn": "Mandala House", "cat": ["hotel"], "province": "cm", "slug": "mandala-house-361099900", "rank": 3}}, {"type": "Feature", "geometry": {"type": "Point", "coordinates": [98.98855, 18.83801]}, "properties": {"id": "cm-osm-node-5806583253", "name": "โรงแรม", "nameTh": "โรงแรม", "nameEn": null, "cat": ["hotel"], "province": "cm", "slug": "5806583253", "rank": 1}}, {"type": "Feature", "geometry": {"type": "Point", "coordinates": [98.8436, 18.78667]}, "properties": {"id": "cm-osm-node-2438297981", "name": "โรงแรม สวนบัวรีสอร์ท", "nameTh": "โรงแรม สวนบัวรีสอร์ท", "nameEn": "Suan Bua Hotel & Resort", "cat": ["hotel"], "province": "cm", "slug": "suan-bua-hotel-resort-2438297981", "rank": 4}}, {"type": "Feature", "geometry": {"type": "Point", "coordinates": [98.99654, 18.78315]}, "properties": {"id": "cm-osm-way-334632632", "name": "โรงแรมมณฑา", "nameTh": "โรงแรมมณฑา", "nameEn": "Montha Hotel", "cat": ["hotel"], "province": "cm", "slug": "montha-hotel-334632632", "rank": 4}}, {"type": "Feature", "geometry": {"type": "Point", "coordinates": [98.98976, 18.81797]}, "properties": {"id": "cm-osm-node-13100346001", "name": "โรงแรมรูมลานนา", "nameTh": "โรงแรมรูมลานนา", "nameEn": "Room Lanna Hotel", "cat": ["hotel"], "province": "cm", "slug": "room-lanna-hotel-13100346001", "rank": 3}}, {"type": "Feature", "geometry": {"type": "Point", "coordinates": [98.98963, 18.78513]}, "properties": {"id": "cm-osm-way-97801638", "name": "โรงแรมอโนดาต", "nameTh": "โรงแรมอโนดาต", "nameEn": "Anodard Hotel", "cat": ["hotel"], "province": "cm", "slug": "anodard-hotel-97801638", "rank": 3}}, {"type": "Feature", "geometry": {"type": "Point", "coordinates": [98.99552, 18.7844]}, "properties": {"id": "cm-osm-node-820792811", "name": "โรงแรมแทรเวลเลอร์อินน์", "nameTh": "โรงแรมแทรเวลเลอร์อินน์", "nameEn": "Traveller Inn", "cat": ["hotel"], "province": "cm", "slug": "traveller-inn-820792811", "rank": 3}}, {"type": "Feature", "geometry": {"type": "Point", "coordinates": [99.00184, 18.78457]}, "properties": {"id": "cm-osm-way-334798677", "name": "โรงแรมไนซ์บาซ่าร์ อินน์", "nameTh": "โรงแรมไนซ์บาซ่าร์ อินน์", "nameEn": "Night Bazaar Inn", "cat": ["hotel"], "province": "cm", "slug": "night-bazaar-inn-334798677", "rank": 3}}, {"type": "Feature", "geometry": {"type": "Point", "coordinates": [98.98954, 18.78736]}, "properties": {"id": "cm-osm-node-5640397222", "name": "BaanThai Cookery School", "nameTh": "บ้านไทยสอนทำอาหาร", "nameEn": "BaanThai Cookery School", "cat": ["cooking", "school"], "province": "cm", "slug": "baanthai-cookery-school-5640397222", "rank": 3}}, {"type": "Feature", "geometry": {"type": "Point", "coordinates": [98.9979, 18.71479]}, "properties": {"id": "cm-osm-node-13392625201", "name": "Boon Lanna Muay Thay Boxing Camp", "nameTh": null, "nameEn": "Boon Lanna Muay Thay Boxing Camp", "cat": ["muaythai", "school"], "province": "cm", "slug": "boon-lanna-muay-thay-boxing-camp-13392625201", "rank": 4}}, {"type": "Feature", "geometry": {"type": "Point", "coordinates": [99.00333, 18.78149]}, "properties": {"id": "cm-osm-node-3326560612", "name": "Pum Thai Restaurant & Cooking School", "nameTh": null, "nameEn": "Pum Thai Restaurant & Cooking School", "cat": ["cooking", "school"], "province": "cm", "slug": "pum-thai-restaurant-cooking-school-3326560612", "rank": 1}}, {"type": "Feature", "geometry": {"type": "Point", "coordinates": [99.02134, 18.8441]}, "properties": {"id": "cm-osm-node-4254043289", "name": "SO NurSery", "nameTh": null, "nameEn": "SO NurSery", "cat": ["school"], "province": "cm", "slug": "so-nursery-4254043289", "rank": 1}}, {"type": "Feature", "geometry": {"type": "Point", "coordinates": [98.95477, 18.80315]}, "properties": {"id": "cm-osm-node-5591475899", "name": "คณะรัฐศาสตร์และรัฐประศาสนศาสตร์", "nameTh": "คณะรัฐศาสตร์และรัฐประศาสนศาสตร์", "nameEn": "Faculty of Political Science and Public Administration", "cat": ["school"], "province": "cm", "slug": "faculty-of-political-science-and-public-administration-5591475899", "rank": 2}}, {"type": "Feature", "geometry": {"type": "Point", "coordinates": [98.9267, 19.02102]}, "properties": {"id": "cm-osm-node-10593235382", "name": "ภาควิชาคหกรรมศาสตร์ (อาคาร SCI11)", "nameTh": "ภาควิชาคหกรรมศาสตร์ (อาคาร SCI11)", "nameEn": null, "cat": ["school"], "province": "cm", "slug": "sci11-10593235382", "rank": 2}}, {"type": "Feature", "geometry": {"type": "Point", "coordinates": [98.92612, 19.02158]}, "properties": {"id": "cm-osm-node-10593235384", "name": "ภาควิชาคอมพิวเตอร์ / ภาควิชาคณิตศาสตร์และสถิติ (SCI9)", "nameTh": "ภาควิชาคอมพิวเตอร์ / ภาควิชาคณิตศาสตร์และสถิติ (SCI9)", "nameEn": null, "cat": ["school"], "province": "cm", "slug": "sci9-10593235384", "rank": 2}}, {"type": "Feature", "geometry": {"type": "Point", "coordinates": [98.92597, 19.02117]}, "properties": {"id": "cm-osm-node-10593235381", "name": "ภาควิชาชีววิทยา (อาคาร SCI8)", "nameTh": "ภาควิชาชีววิทยา (อาคาร SCI8)", "nameEn": null, "cat": ["school"], "province": "cm", "slug": "sci8-10593235381", "rank": 2}}, {"type": "Feature", "geometry": {"type": "Point", "coordinates": [98.92551, 19.02135]}, "properties": {"id": "cm-osm-node-10593235385", "name": "ภาควิชาฟิสิกส์และวิทยาศาสตร์ทั่วไป (อาคาร SCI7)", "nameTh": "ภาควิชาฟิสิกส์และวิทยาศาสตร์ทั่วไป (อาคาร SCI7)", "nameEn": null, "cat": ["school"], "province": "cm", "slug": "sci7-10593235385", "rank": 2}}, {"type": "Feature", "geometry": {"type": "Point", "coordinates": [98.92694, 19.02136]}, "properties": {"id": "cm-osm-node-10593235383", "name": "ภาควิชาสาธารณสุขศาสตร์/ภาควิชาวิทยาศาสตร์สิ่งแวดล้อม (อาคาร SCI10)", "nameTh": "ภาควิชาสาธารณสุขศาสตร์/ภาควิชาวิทยาศาสตร์สิ่งแวดล้อม (อาคาร SCI10)", "nameEn": null, "cat": ["school"], "province": "cm", "slug": "sci10-10593235383", "rank": 2}}, {"type": "Feature", "geometry": {"type": "Point", "coordinates": [98.92538, 19.02075]}, "properties": {"id": "cm-osm-node-10593235380", "name": "ภาควิชาเคมี (อาคาร SCI6)", "nameTh": "ภาควิชาเคมี (อาคาร SCI6)", "nameEn": null, "cat": ["school"], "province": "cm", "slug": "sci6-10593235380", "rank": 2}}, {"type": "Feature", "geometry": {"type": "Point", "coordinates": [98.64024, 18.55413]}, "properties": {"id": "cm-osm-node-5912853986", "name": "ศูนย์การเรียนชุมชนชาวไทยภูเขา”แม่ฟ้าหลวง”บ้านแม่ป่าก่อ", "nameTh": "ศูนย์การเรียนชุมชนชาวไทยภูเขา”แม่ฟ้าหลวง”บ้านแม่ป่าก่อ", "nameEn": null, "cat": ["school"], "province": "cm", "slug": "5912853986", "rank": 2}}, {"type": "Feature", "geometry": {"type": "Point", "coordinates": [98.92298, 19.02205]}, "properties": {"id": "cm-osm-node-10593235387", "name": "สำนักงานคณะครุศาสตร์", "nameTh": "สำนักงานคณะครุศาสตร์", "nameEn": null, "cat": ["school"], "province": "cm", "slug": "10593235387", "rank": 1}}, {"type": "Feature", "geometry": {"type": "Point", "coordinates": [98.92399, 19.02152]}, "properties": {"id": "cm-osm-node-10593235376", "name": "สำนักงานคณะวิทยาศาสตร์และเทคโนโลยี", "nameTh": "สำนักงานคณะวิทยาศาสตร์และเทคโนโลยี", "nameEn": null, "cat": ["school"], "province": "cm", "slug": "10593235376", "rank": 2}}, {"type": "Feature", "geometry": {"type": "Point", "coordinates": [98.92333, 19.02432]}, "properties": {"id": "cm-osm-node-10593235393", "name": "สำนักดิจิทัลเพื่อการศึกษา / สำนักหอสมุด", "nameTh": "สำนักดิจิทัลเพื่อการศึกษา / สำนักหอสมุด", "nameEn": null, "cat": ["school"], "province": "cm", "slug": "10593235393", "rank": 1}}, {"type": "Feature", "geometry": {"type": "Point", "coordinates": [98.92183, 19.02323]}, "properties": {"id": "cm-osm-node-10593235388", "name": "หอประชุมคณะครุศาสตร์", "nameTh": "หอประชุมคณะครุศาสตร์", "nameEn": null, "cat": ["school"], "province": "cm", "slug": "10593235388", "rank": 1}}, {"type": "Feature", "geometry": {"type": "Point", "coordinates": [98.92265, 19.02056]}, "properties": {"id": "cm-osm-node-10593235391", "name": "หอพักนักศึกษาคณะครุศาสตร์", "nameTh": "หอพักนักศึกษาคณะครุศาสตร์", "nameEn": null, "cat": ["school"], "province": "cm", "slug": "10593235391", "rank": 1}}, {"type": "Feature", "geometry": {"type": "Point", "coordinates": [98.9244, 19.02181]}, "properties": {"id": "cm-osm-node-10593235375", "name": "ห้องพักอาจารย์คณะวิทยาศาสตร์และเทคโนโลยี", "nameTh": "ห้องพักอาจารย์คณะวิทยาศาสตร์และเทคโนโลยี", "nameEn": null, "cat": ["school"], "province": "cm", "slug": "10593235375", "rank": 2}}, {"type": "Feature", "geometry": {"type": "Point", "coordinates": [98.9215, 19.02274]}, "properties": {"id": "cm-osm-node-10593235392", "name": "อาคาร C", "nameTh": "อาคาร C", "nameEn": null, "cat": ["school"], "province": "cm", "slug": "c-10593235392", "rank": 1}}, {"type": "Feature", "geometry": {"type": "Point", "coordinates": [98.92269, 19.0228]}, "properties": {"id": "cm-osm-node-10593235389", "name": "อาคารพวงคราม 1", "nameTh": "อาคารพวงคราม 1", "nameEn": null, "cat": ["school"], "province": "cm", "slug": "1-10593235389", "rank": 1}}, {"type": "Feature", "geometry": {"type": "Point", "coordinates": [98.922, 19.02236]}, "properties": {"id": "cm-osm-node-10593235390", "name": "อาคารพวงคราม 2", "nameTh": "อาคารพวงคราม 2", "nameEn": null, "cat": ["school"], "province": "cm", "slug": "2-10593235390", "rank": 1}}, {"type": "Feature", "geometry": {"type": "Point", "coordinates": [98.92557, 19.01804]}, "properties": {"id": "cm-osm-node-10593235395", "name": "อาคารวิศวกรรมและก่อสร้าง", "nameTh": "อาคารวิศวกรรมและก่อสร้าง", "nameEn": null, "cat": ["school"], "province": "cm", "slug": "10593235395", "rank": 1}}, {"type": "Feature", "geometry": {"type": "Point", "coordinates": [98.92613, 19.01894]}, "properties": {"id": "cm-osm-node-10593235394", "name": "อาคารเทคโนโลยีเซรามิค", "nameTh": "อาคารเทคโนโลยีเซรามิค", "nameEn": null, "cat": ["school"], "province": "cm", "slug": "10593235394", "rank": 1}}, {"type": "Feature", "geometry": {"type": "Point", "coordinates": [98.92455, 19.02067]}, "properties": {"id": "cm-osm-node-10593235379", "name": "อาคารเรียนรวม C (SCI5)", "nameTh": "อาคารเรียนรวม C (SCI5)", "nameEn": null, "cat": ["school"], "province": "cm", "slug": "c-sci5-10593235379", "rank": 2}}, {"type": "Feature", "geometry": {"type": "Point", "coordinates": [98.92439, 19.02111]}, "properties": {"id": "cm-osm-node-10593235378", "name": "อาคารเรียนรวมและหอประชุมคณะวิทยาศาสตร์และเทคโนโลยี(SCI4)", "nameTh": "อาคารเรียนรวมและหอประชุมคณะวิทยาศาสตร์และเทคโนโลยี(SCI4)", "nameEn": null, "cat": ["school"], "province": "cm", "slug": "sci4-10593235378", "rank": 2}}, {"type": "Feature", "geometry": {"type": "Point", "coordinates": [98.92268, 19.02158]}, "properties": {"id": "cm-osm-node-10593235386", "name": "โรงอาหารคณะครุศาสตร์", "nameTh": "โรงอาหารคณะครุศาสตร์", "nameEn": null, "cat": ["school"], "province": "cm", "slug": "10593235386", "rank": 1}}, {"type": "Feature", "geometry": {"type": "Point", "coordinates": [98.92407, 19.02231]}, "properties": {"id": "cm-osm-node-10593235377", "name": "โรงอาหารและสโมสรนักศึกษาคณะวิทยาศาสตร์และเทคโนโลยี (SCI3)", "nameTh": "โรงอาหารและสโมสรนักศึกษาคณะวิทยาศาสตร์และเทคโนโลยี (SCI3)", "nameEn": null, "cat": ["school"], "province": "cm", "slug": "sci3-10593235377", "rank": 2}}, {"type": "Feature", "geometry": {"type": "Point", "coordinates": [98.9632, 18.79931]}, "properties": {"id": "cm-osm-way-666019830", "name": "Nimman and Me", "nameTh": null, "nameEn": "Nimman & Me", "cat": ["realestate"], "province": "cm", "slug": "nimman-me-666019830", "rank": 3}}, {"type": "Feature", "geometry": {"type": "Point", "coordinates": [98.9898, 18.77893]}, "properties": {"id": "cm-osm-way-381248605", "name": "Smith Suites", "nameTh": null, "nameEn": "Smith Suites", "cat": ["realestate"], "province": "cm", "slug": "smith-suites-381248605", "rank": 2}}, {"type": "Feature", "geometry": {"type": "Point", "coordinates": [98.98024, 18.80458]}, "properties": {"id": "cm-osm-node-2530379596", "name": "เอ็มแอนด์ดี แมนชั่น", "nameTh": "เอ็มแอนด์ดี แมนชั่น", "nameEn": "M&D Mansion", "cat": ["realestate"], "province": "cm", "slug": "m-d-mansion-2530379596", "rank": 3}}, {"type": "Feature", "geometry": {"type": "Point", "coordinates": [98.94541, 18.91429]}, "properties": {"id": "cm-osm-node-12511850901", "name": "Songtaew Stop To ChiangMai", "nameTh": null, "nameEn": "Songtaew Stop To ChiangMai", "cat": ["transport"], "province": "cm", "slug": "songtaew-stop-to-chiangmai-12511850901", "rank": 1}}, {"type": "Feature", "geometry": {"type": "Point", "coordinates": [98.94386, 18.9152]}, "properties": {"id": "cm-osm-node-12511891901", "name": "Songthaew Stop from Chiangnai to Samoeng", "nameTh": null, "nameEn": "Songthaew Stop to Samoeng", "cat": ["transport"], "province": "cm", "slug": "songthaew-stop-to-samoeng-12511891901", "rank": 1}}, {"type": "Feature", "geometry": {"type": "Point", "coordinates": [98.99317, 18.79006]}, "properties": {"id": "cm-osm-way-481723931", "name": "amigos mexican bistro", "nameTh": null, "nameEn": "amigos mexican bistro", "cat": ["transport"], "province": "cm", "slug": "amigos-mexican-bistro-481723931", "rank": 2}}, {"type": "Feature", "geometry": {"type": "Point", "coordinates": [98.98438, 18.80196]}, "properties": {"id": "cm-osm-node-11897876370", "name": "Huawai Customer Service Center", "nameTh": null, "nameEn": "Huawai Customer Service Center", "cat": ["repair"], "province": "cm", "slug": "huawai-customer-service-center-11897876370", "rank": 2}}, {"type": "Feature", "geometry": {"type": "Point", "coordinates": [98.94332, 18.7701]}, "properties": {"id": "cm-osm-node-4664813189", "name": "Siam Rice - Thai cookery school", "nameTh": null, "nameEn": "Siam Rice - Thai cookery school", "cat": ["cooking", "repair"], "province": "cm", "slug": "siam-rice-thai-cookery-school-4664813189", "rank": 1}}, {"type": "Feature", "geometry": {"type": "Point", "coordinates": [98.98119, 18.79682]}, "properties": {"id": "cm-osm-node-5679656124", "name": "ไอคอน", "nameTh": "ไอคอน", "nameEn": "Icon", "cat": ["repair"], "province": "cm", "slug": "icon-5679656124", "rank": 3}}, {"type": "Feature", "geometry": {"type": "Point", "coordinates": [98.97638, 18.80285]}, "properties": {"id": "cm-osm-node-6915364985", "name": "B-begin salon", "nameTh": null, "nameEn": "B-begin salon", "cat": ["beauty"], "province": "cm", "slug": "b-begin-salon-6915364985", "rank": 2}}, {"type": "Feature", "geometry": {"type": "Point", "coordinates": [98.9925, 18.79196]}, "properties": {"id": "cm-osm-node-10726988005", "name": "Chiang Mai", "nameTh": null, "nameEn": "Chiang Mai", "cat": ["beauty"], "province": "cm", "slug": "chiang-mai-10726988005", "rank": 2}}, {"type": "Feature", "geometry": {"type": "Point", "coordinates": [98.99025, 18.78705]}, "properties": {"id": "cm-osm-node-4784119225", "name": "Nails & Brows by Ying", "nameTh": null, "nameEn": "Nails & Brows by Ying", "cat": ["beauty"], "province": "cm", "slug": "nails-brows-by-ying-4784119225", "rank": 3}}, {"type": "Feature", "geometry": {"type": "Point", "coordinates": [98.9681, 18.79654]}, "properties": {"id": "cm-osm-node-5126132325", "name": "New York, New York", "nameTh": null, "nameEn": "New York, New York", "cat": ["beauty"], "province": "cm", "slug": "new-york-new-york-5126132325", "rank": 3}}, {"type": "Feature", "geometry": {"type": "Point", "coordinates": [98.96221, 18.80492]}, "properties": {"id": "cm-osm-node-5126142321", "name": "Nice Nails since 2002", "nameTh": null, "nameEn": "Nice Nails since 2002", "cat": ["beauty"], "province": "cm", "slug": "nice-nails-since-2002-5126142321", "rank": 3}}, {"type": "Feature", "geometry": {"type": "Point", "coordinates": [98.99251, 18.79203]}, "properties": {"id": "cm-osm-node-10726995205", "name": "Robin Beauty & Barber", "nameTh": null, "nameEn": "Robin Beauty & Barber", "cat": ["beauty"], "province": "cm", "slug": "robin-beauty-barber-10726995205", "rank": 3}}, {"type": "Feature", "geometry": {"type": "Point", "coordinates": [99.01319, 18.74555]}, "properties": {"id": "cm-osm-node-4149452617", "name": "มายด์บิวตี้", "nameTh": "มายด์บิวตี้", "nameEn": null, "cat": ["beauty"], "province": "cm", "slug": "4149452617", "rank": 3}}, {"type": "Feature", "geometry": {"type": "Point", "coordinates": [98.93612, 18.62389]}, "properties": {"id": "cm-osm-node-4438827793", "name": "เอกบาร์เบอร์ช็อป", "nameTh": "เอกบาร์เบอร์ช็อป", "nameEn": "Eak Barbershop", "cat": ["beauty"], "province": "cm", "slug": "eak-barbershop-4438827793", "rank": 4}}, {"type": "Feature", "geometry": {"type": "Point", "coordinates": [98.99593, 18.78434]}, "properties": {"id": "cm-osm-node-5535316272", "name": "Celebrity Ink™ Tattoo Studio Chiang Mai", "nameTh": null, "nameEn": "Celebrity Ink™ Tattoo Studio Chiang Mai", "cat": ["tattoo"], "province": "cm", "slug": "celebrity-ink-tattoo-studio-chiang-mai-5535316272", "rank": 3}}, {"type": "Feature", "geometry": {"type": "Point", "coordinates": [98.98792, 18.74676]}, "properties": {"id": "cm-osm-way-1159988644", "name": "Progression Climbing Gym", "nameTh": null, "nameEn": "Progression Climbing Gym", "cat": ["sport"], "province": "cm", "slug": "progression-climbing-gym-1159988644", "rank": 2}}, {"type": "Feature", "geometry": {"type": "Point", "coordinates": [99.0248, 18.80531]}, "properties": {"id": "cm-osm-node-10799568505", "name": "Training box fitness center", "nameTh": null, "nameEn": "Training box fitness center", "cat": ["sport"], "province": "cm", "slug": "training-box-fitness-center-10799568505", "rank": 2}}, {"type": "Feature", "geometry": {"type": "Point", "coordinates": [98.97916, 18.78858]}, "properties": {"id": "cm-osm-way-1208209252", "name": "Alt_ChiangMai", "nameTh": "ออลท์ เชียงใหม่", "nameEn": "Alt_ChiangMai", "cat": ["business"], "province": "cm", "slug": "alt-chiangmai-1208209252", "rank": 4}}, {"type": "Feature", "geometry": {"type": "Point", "coordinates": [98.9667, 18.80231]}, "properties": {"id": "cm-osm-node-2692460179", "name": "C.A.M.P.", "nameTh": null, "nameEn": "C.A.M.P.", "cat": ["business"], "province": "cm", "slug": "c-a-m-p-2692460179", "rank": 2}}, {"type": "Feature", "geometry": {"type": "Point", "coordinates": [98.97225, 18.79351]}, "properties": {"id": "cm-osm-node-2505598103", "name": "Punspace Nimman", "nameTh": "ปันสเปซ สาขานิมมาน", "nameEn": "Punspace Nimman", "cat": ["business"], "province": "cm", "slug": "punspace-nimman-2505598103", "rank": 2}}, {"type": "Feature", "geometry": {"type": "Point", "coordinates": [99.01391, 18.84364]}, "properties": {"id": "cm-osm-way-774916995", "name": "ไทยแซทเชียงใหม่", "nameTh": "ไทยแซทเชียงใหม่", "nameEn": null, "cat": ["business"], "province": "cm", "slug": "774916995", "rank": 2}}, {"type": "Feature", "geometry": {"type": "Point", "coordinates": [98.89326, 18.69711]}, "properties": {"id": "cm-osm-node-11050519609", "name": "Donut Canyon", "nameTh": null, "nameEn": "Donut Canyon", "cat": ["whats-on"], "province": "cm", "slug": "donut-canyon-11050519609", "rank": 1}}, {"type": "Feature", "geometry": {"type": "Point", "coordinates": [99.07983, 18.88319]}, "properties": {"id": "cm-osm-node-11411206869", "name": "หรรษา มินิกอล์ฟ", "nameTh": "หรรษา มินิกอล์ฟ", "nameEn": "Hansa Minigolf", "cat": ["sights"], "province": "cm", "slug": "hansa-minigolf-11411206869", "rank": 3}}, {"type": "Feature", "geometry": {"type": "Point", "coordinates": [99.00584, 18.81168]}, "properties": {"id": "cm-osm-node-10063222958", "name": "ห้องสมุดประชาชนอำเภอเมืองเชียงใหม่ (วัดลังกา)", "nameTh": "ห้องสมุดประชาชนอำเภอเมืองเชียงใหม่ (วัดลังกา)", "nameEn": "Chiang Mai Public Library (Wat Langka)", "cat": ["sights"], "province": "cm", "slug": "chiang-mai-public-library-wat-langka-10063222958", "rank": 2}}, {"type": "Feature", "geometry": {"type": "Point", "coordinates": [99.00369, 18.79698]}, "properties": {"id": "cm-osm-way-283884101", "name": "อาคารพาวเวอร์ส ฮอลล์", "nameTh": "อาคารพาวเวอร์ส ฮอลล์", "nameEn": "Powers Hall", "cat": ["sights"], "province": "cm", "slug": "powers-hall-283884101", "rank": 2}}]}