{"type": "FeatureCollection", "features": [{"type": "Feature", "geometry": {"type": "Point", "coordinates": [99.661217, 20.1593338]}, "properties": {"id": "cr-osm-node-7895787785", "name": "101 Green View", "nameTh": null, "nameEn": "101 Green View", "cat": ["food"], "province": "cr"}}, {"type": "Feature", "geometry": {"type": "Point", "coordinates": [99.8286083, 19.9050211]}, "properties": {"id": "cr-osm-node-10307977396", "name": "1055 brewing at corner", "nameTh": null, "nameEn": "1055 brewing at corner", "cat": ["food"], "province": "cr"}}, {"type": "Feature", "geometry": {"type": "Point", "coordinates": [99.880329, 20.3221902]}, "properties": {"id": "cr-osm-node-5260275657", "name": "11Coffee Roasters", "nameTh": null, "nameEn": "11Coffee Roasters", "cat": ["food"], "province": "cr"}}, {"type": "Feature", "geometry": {"type": "Point", "coordinates": [99.8803989, 20.322203]}, "properties": {"id": "cr-osm-way-702969689", "name": "11Coffee Roasters", "nameTh": null, "nameEn": "11Coffee Roasters", "cat": ["food"], "province": "cr"}}, {"type": "Feature", "geometry": {"type": "Point", "coordinates": [99.8308314, 19.9090783]}, "properties": {"id": "cr-osm-node-6725738686", "name": "1:2 - กาดหลวง", "nameTh": "1:2 - กาดหลวง", "nameEn": "1:2 Chiang Rai Brew", "cat": ["food"], "province": "cr"}}, {"type": "Feature", "geometry": {"type": "Point", "coordinates": [99.8285905, 19.9045059]}, "properties": {"id": "cr-osm-way-959733035", "name": "1:2 Coffee - Farmland", "nameTh": null, "nameEn": "1:2 Coffee - Farmland", "cat": ["food"], "province": "cr"}}, {"type": "Feature", "geometry": {"type": "Point", "coordinates": [99.836175, 19.9036243]}, "properties": {"id": "cr-osm-node-8266165017", "name": "1:2 Coffee Company", "nameTh": null, "nameEn": "1:2 Coffee Company", "cat": ["food"], "province": "cr"}}, {"type": "Feature", "geometry": {"type": "Point", "coordinates": [100.0881582, 20.2767163]}, "properties": {"id": "cr-osm-node-5248547679", "name": "2 be 1", "nameTh": null, "nameEn": "2 be 1", "cat": ["food"], "province": "cr"}}, {"type": "Feature", "geometry": {"type": "Point", "coordinates": [99.827763, 19.8985816]}, "properties": {"id": "cr-osm-node-6690252085", "name": "22 grams coffee shop", "nameTh": null, "nameEn": "22 grams coffee shop", "cat": ["food"], "province": "cr"}}, {"type": "Feature", "geometry": {"type": "Point", "coordinates": [99.8278598, 19.8988548]}, "properties": {"id": "cr-osm-node-6725744685", "name": "22grams Espresso Bar", "nameTh": null, "nameEn": "22grams Espresso Bar", "cat": ["food"], "province": "cr"}}, {"type": "Feature", "geometry": {"type": "Point", "coordinates": [99.9315242, 19.6577072]}, "properties": {"id": "cr-osm-node-8794408117", "name": "27.เชียงรายพัฒนาการเกษตร", "nameTh": "27.เชียงรายพัฒนาการเกษตร", "nameEn": null, "cat": ["food"], "province": "cr"}}, {"type": "Feature", "geometry": {"type": "Point", "coordinates": [99.8209317, 19.8822853]}, "properties": {"id": "cr-osm-node-9459986646", "name": "270 Grad Cafe", "nameTh": null, "nameEn": "270 Grad Cafe", "cat": ["food"], "province": "cr"}}, {"type": "Feature", "geometry": {"type": "Point", "coordinates": [99.860218, 19.9926433]}, "properties": {"id": "cr-osm-node-2748851750", "name": "365 Coffee", "nameTh": null, "nameEn": "365 Coffee", "cat": ["food"], "province": "cr"}}, {"type": "Feature", "geometry": {"type": "Point", "coordinates": [99.8570565, 19.9788661]}, "properties": {"id": "cr-osm-node-12890174172", "name": "47% Coffee", "nameTh": null, "nameEn": "47% Coffee", "cat": ["food"], "province": "cr"}}, {"type": "Feature", "geometry": {"type": "Point", "coordinates": [99.8311547, 19.9052992]}, "properties": {"id": "cr-osm-way-387048483", "name": "69 Bar", "nameTh": null, "nameEn": "69 Bar", "cat": ["food"], "province": "cr"}}, {"type": "Feature", "geometry": {"type": "Point", "coordinates": [99.7547675, 19.8290521]}, "properties": {"id": "cr-osm-node-4122222748", "name": "69 Coffee", "nameTh": null, "nameEn": "69 Coffee", "cat": ["food"], "province": "cr"}}, {"type": "Feature", "geometry": {"type": "Point", "coordinates": [99.7641955, 19.8244861]}, "properties": {"id": "cr-osm-node-6633038594", "name": "77 food center", "nameTh": null, "nameEn": "77 food center", "cat": ["food"], "province": "cr"}}, {"type": "Feature", "geometry": {"type": "Point", "coordinates": [99.8414318, 19.9340651]}, "properties": {"id": "cr-osm-node-4395542412", "name": "8080 Cafe", "nameTh": null, "nameEn": "8080 Cafe", "cat": ["food"], "province": "cr"}}, {"type": "Feature", "geometry": {"type": "Point", "coordinates": [99.8278826, 19.8967821]}, "properties": {"id": "cr-osm-node-5602855122", "name": "8080 Café", "nameTh": null, "nameEn": "8080 Café", "cat": ["food"], "province": "cr"}}, {"type": "Feature", "geometry": {"type": "Point", "coordinates": [99.6445296, 20.1624782]}, "properties": {"id": "cr-osm-node-9938769019", "name": "888", "nameTh": null, "nameEn": "888", "cat": ["food"], "province": "cr"}}, {"type": "Feature", "geometry": {"type": "Point", "coordinates": [99.836811, 19.9104461]}, "properties": {"id": "cr-osm-way-965297395", "name": "9 DEC", "nameTh": null, "nameEn": "9 DEC", "cat": ["food"], "province": "cr"}}, {"type": "Feature", "geometry": {"type": "Point", "coordinates": [100.4053724, 20.2707268]}, "properties": {"id": "cr-osm-node-1226442918", "name": "999 Bar", "nameTh": null, "nameEn": "999 Bar", "cat": ["food"], "province": "cr"}}, {"type": "Feature", "geometry": {"type": "Point", "coordinates": [99.8600799, 19.9928439]}, "properties": {"id": "cr-osm-node-4002104815", "name": "9Cafe", "nameTh": null, "nameEn": "9Cafe", "cat": ["food"], "province": "cr"}}, {"type": "Feature", "geometry": {"type": "Point", "coordinates": [99.8646831, 19.9936933]}, "properties": {"id": "cr-osm-node-9252000140", "name": "@ Nine Cafe Chiang Rai", "nameTh": null, "nameEn": "@ Nine Cafe Chiang Rai", "cat": ["food"], "province": "cr"}}, {"type": "Feature", "geometry": {"type": "Point", "coordinates": [99.8116363, 19.9028043]}, "properties": {"id": "cr-osm-node-4991765121", "name": "@Home", "nameTh": null, "nameEn": "@Home", "cat": ["food"], "province": "cr"}}, {"type": "Feature", "geometry": {"type": "Point", "coordinates": [99.8271242, 19.9082958]}, "properties": {"id": "cr-osm-way-960771444", "name": "A Daily", "nameTh": null, "nameEn": "A Daily", "cat": ["food"], "province": "cr"}}, {"type": "Feature", "geometry": {"type": "Point", "coordinates": [99.5531175, 19.7990231]}, "properties": {"id": "cr-osm-node-2629976906", "name": "A-Roy", "nameTh": null, "nameEn": "A-Roy", "cat": ["food"], "province": "cr"}}, {"type": "Feature", "geometry": {"type": "Point", "coordinates": [99.8343895, 19.8679524]}, "properties": {"id": "cr-osm-node-10201640190", "name": "A.NA cuisine & coffee", "nameTh": null, "nameEn": "A.NA cuisine & coffee", "cat": ["food"], "province": "cr"}}, {"type": "Feature", "geometry": {"type": "Point", "coordinates": [99.8345419, 19.8680273]}, "properties": {"id": "cr-osm-node-10201669214", "name": "A.NA cuisine & coffee", "nameTh": null, "nameEn": "A.NA cuisine & coffee", "cat": ["food"], "province": "cr"}}, {"type": "Feature", "geometry": {"type": "Point", "coordinates": [99.8344414, 19.8679676]}, "properties": {"id": "cr-osm-way-1115470938", "name": "A.NA cuisine & coffee", "nameTh": null, "nameEn": "A.NA cuisine & coffee", "cat": ["food"], "province": "cr"}}, {"type": "Feature", "geometry": {"type": "Point", "coordinates": [100.4060581, 20.2558805]}, "properties": {"id": "cr-osm-node-4693779291", "name": "ACK Zone - Coffee shop", "nameTh": null, "nameEn": "ACK Zone - Coffee shop", "cat": ["food"], "province": "cr"}}, {"type": "Feature", "geometry": {"type": "Point", "coordinates": [99.8166133, 19.8557613]}, "properties": {"id": "cr-osm-way-1108105269", "name": "AMCR Book & Café", "nameTh": null, "nameEn": "AMCR Book & Café", "cat": ["food"], "province": "cr"}}, {"type": "Feature", "geometry": {"type": "Point", "coordinates": [99.8272894, 19.9080394]}, "properties": {"id": "cr-osm-way-960771491", "name": "Abonzo Coffee", "nameTh": null, "nameEn": "Abonzo Coffee", "cat": ["food"], "province": "cr"}}, {"type": "Feature", "geometry": {"type": "Point", "coordinates": [99.8312143, 19.9063122]}, "properties": {"id": "cr-osm-way-711051077", "name": "Accha", "nameTh": null, "nameEn": "Accha", "cat": ["food"], "province": "cr"}}, {"type": "Feature", "geometry": {"type": "Point", "coordinates": [99.8339568, 19.9275332]}, "properties": {"id": "cr-osm-node-6140081585", "name": "Aek O Cha", "nameTh": null, "nameEn": "Aek O Cha", "cat": ["food"], "province": "cr"}}, {"type": "Feature", "geometry": {"type": "Point", "coordinates": [99.8238284, 19.907427]}, "properties": {"id": "cr-osm-way-959733157", "name": "Agape Coffee", "nameTh": null, "nameEn": "Agape Coffee", "cat": ["food"], "province": "cr"}}, {"type": "Feature", "geometry": {"type": "Point", "coordinates": [99.7982736, 20.1909749]}, "properties": {"id": "cr-osm-node-11343061270", "name": "Ahsa cuisine", "nameTh": null, "nameEn": "Ahsa cuisine", "cat": ["food"], "province": "cr"}}, {"type": "Feature", "geometry": {"type": "Point", "coordinates": [99.7959892, 19.9451276]}, "properties": {"id": "cr-osm-node-7199874885", "name": "Akha Cottage", "nameTh": null, "nameEn": "Akha Cottage Coffee", "cat": ["food"], "province": "cr"}}, {"type": "Feature", "geometry": {"type": "Point", "coordinates": [99.8265857, 19.9070605]}, "properties": {"id": "cr-osm-node-9941448217", "name": "Akha Hill", "nameTh": null, "nameEn": "Akha Hill", "cat": ["food"], "province": "cr"}}, {"type": "Feature", "geometry": {"type": "Point", "coordinates": [99.8329128, 19.9043196]}, "properties": {"id": "cr-osm-node-13599882601", "name": "Akha Hill Coffee สาขา Night Bazaar", "nameTh": "Akha Hill Coffee สาขา Night Bazaar", "nameEn": null, "cat": ["food"], "province": "cr"}}, {"type": "Feature", "geometry": {"type": "Point", "coordinates": [99.7214171, 19.8435599]}, "properties": {"id": "cr-osm-way-643002936", "name": "AkhaMino Coffee", "nameTh": null, "nameEn": "AkhaMino Coffee", "cat": ["food"], "province": "cr"}}, {"type": "Feature", "geometry": {"type": "Point", "coordinates": [99.8208398, 19.8598233]}, "properties": {"id": "cr-osm-node-7130093485", "name": "Alexta Coffee", "nameTh": null, "nameEn": "Alexta Coffee", "cat": ["food"], "province": "cr"}}, {"type": "Feature", "geometry": {"type": "Point", "coordinates": [99.8733047, 20.1070011]}, "properties": {"id": "cr-osm-node-2153801712", "name": "All about sweet", "nameTh": null, "nameEn": "All about sweet", "cat": ["food"], "province": "cr"}}, {"type": "Feature", "geometry": {"type": "Point", "coordinates": [99.8312063, 19.9066038]}, "properties": {"id": "cr-osm-node-12718713901", "name": "Alley bar", "nameTh": null, "nameEn": "Alley bar", "cat": ["food"], "province": "cr"}}, {"type": "Feature", "geometry": {"type": "Point", "coordinates": [99.567091, 19.8151431]}, "properties": {"id": "cr-osm-node-6631514657", "name": "Allo", "nameTh": null, "nameEn": "Allo", "cat": ["food"], "province": "cr"}}, {"type": "Feature", "geometry": {"type": "Point", "coordinates": [99.8149842, 19.9027826]}, "properties": {"id": "cr-osm-node-9645107749", "name": "Alpha pastry&cafe", "nameTh": null, "nameEn": "Alpha pastry&cafe", "cat": ["food"], "province": "cr"}}, {"type": "Feature", "geometry": {"type": "Point", "coordinates": [99.8380783, 19.9062772]}, "properties": {"id": "cr-osm-node-10743319577", "name": "Amici Pizza CEI อมีซี พิซซ่า เชียงราย", "nameTh": "Amici Pizza CEI อมีซี พิซซ่า เชียงราย", "nameEn": null, "cat": ["food"], "province": "cr"}}, {"type": "Feature", "geometry": {"type": "Point", "coordinates": [99.7972794, 20.1179382]}, "properties": {"id": "cr-osm-node-2147430790", "name": "Amy", "nameTh": null, "nameEn": "Amy", "cat": ["food"], "province": "cr"}}, {"type": "Feature", "geometry": {"type": "Point", "coordinates": [99.8298456, 19.9071329]}, "properties": {"id": "cr-osm-way-960934992", "name": "Annie ซาลาเปา", "nameTh": "Annie ซาลาเปา", "nameEn": "Annie Salapao", "cat": ["food"], "province": "cr"}}, {"type": "Feature", "geometry": {"type": "Point", "coordinates": [99.8858519, 19.9858044]}, "properties": {"id": "cr-osm-node-8523167938", "name": "Aquatale, Cafe & Art", "nameTh": null, "nameEn": "Aquatale, Cafe & Art", "cat": ["food"], "province": "cr"}}, {"type": "Feature", "geometry": {"type": "Point", "coordinates": [99.8791882, 19.9537937]}, "properties": {"id": "cr-osm-node-6636023785", "name": "Arabitia", "nameTh": null, "nameEn": "Arabitia", "cat": ["food"], "province": "cr"}}, {"type": "Feature", "geometry": {"type": "Point", "coordinates": [99.8361288, 19.9008785]}, "properties": {"id": "cr-osm-node-12548011119", "name": "Arigano Coffee", "nameTh": null, "nameEn": "Arigano Coffee", "cat": ["food"], "province": "cr"}}, {"type": "Feature", "geometry": {"type": "Point", "coordinates": [99.7163632, 19.8392589]}, "properties": {"id": "cr-osm-node-4542952738", "name": "Arlee Coffee", "nameTh": null, "nameEn": "Arlee Coffee", "cat": ["food"], "province": "cr"}}, {"type": "Feature", "geometry": {"type": "Point", "coordinates": [100.0816325, 20.3541188]}, "properties": {"id": "cr-osm-node-11026122405", "name": "Aunt Long Restaurant", "nameTh": null, "nameEn": "Aunt Long Restaurant", "cat": ["food"], "province": "cr"}}, {"type": "Feature", "geometry": {"type": "Point", "coordinates": [99.8328079, 19.906035]}, "properties": {"id": "cr-osm-node-5240681823", "name": "Aussie Sport Bar & Grill", "nameTh": null, "nameEn": "Aussie Sport Bar & Grill", "cat": ["food"], "province": "cr"}}, {"type": "Feature", "geometry": {"type": "Point", "coordinates": [99.8311416, 19.9053594]}, "properties": {"id": "cr-osm-way-711051061", "name": "Awe's Cafe", "nameTh": null, "nameEn": "Awe's Cafe", "cat": ["food"], "province": "cr"}}, {"type": "Feature", "geometry": {"type": "Point", "coordinates": [99.8328965, 19.9047168]}, "properties": {"id": "cr-osm-node-4662987919", "name": "Aye's Restaurant", "nameTh": null, "nameEn": "Aye's Restaurant", "cat": ["food"], "province": "cr"}}, {"type": "Feature", "geometry": {"type": "Point", "coordinates": [99.5043138, 19.3590779]}, "properties": {"id": "cr-osm-node-5334718421", "name": "B-Bow Coffee", "nameTh": null, "nameEn": "B-Bow Coffee", "cat": ["food"], "province": "cr"}}, {"type": "Feature", "geometry": {"type": "Point", "coordinates": [99.8202365, 19.9059272]}, "properties": {"id": "cr-osm-way-960685194", "name": "BB Cafe", "nameTh": null, "nameEn": "BB Cafe", "cat": ["food"], "province": "cr"}}, {"type": "Feature", "geometry": {"type": "Point", "coordinates": [100.2637343, 19.8445418]}, "properties": {"id": "cr-osm-node-7330694485", "name": "BBQ", "nameTh": null, "nameEn": "BBQ", "cat": ["food"], "province": "cr"}}, {"type": "Feature", "geometry": {"type": "Point", "coordinates": [100.2965681, 19.9099009]}, "properties": {"id": "cr-osm-node-7849608785", "name": "BBQ Chicken + Papaya Salad", "nameTh": null, "nameEn": "BBQ Chicken + Papaya Salad", "cat": ["food"], "province": "cr"}}, {"type": "Feature", "geometry": {"type": "Point", "coordinates": [99.565106, 19.8137345]}, "properties": {"id": "cr-osm-node-9941689818", "name": "BC2", "nameTh": null, "nameEn": "BC2", "cat": ["food"], "province": "cr"}}, {"type": "Feature", "geometry": {"type": "Point", "coordinates": [100.2134429, 19.7048078]}, "properties": {"id": "cr-osm-node-5300224246", "name": "Baan Cafe", "nameTh": null, "nameEn": "Baan Cafe", "cat": ["food"], "province": "cr"}}, {"type": "Feature", "geometry": {"type": "Point", "coordinates": [99.534334, 19.2024848]}, "properties": {"id": "cr-osm-node-11572088377", "name": "Baan Plai Na", "nameTh": null, "nameEn": "Baan Plai Na", "cat": ["food"], "province": "cr"}}, {"type": "Feature", "geometry": {"type": "Point", "coordinates": [100.4138349, 20.2510912]}, "properties": {"id": "cr-osm-node-5183936821", "name": "Baan Pung Rim Khong", "nameTh": null, "nameEn": "Baan Pung Rim Khong", "cat": ["food"], "province": "cr"}}, {"type": "Feature", "geometry": {"type": "Point", "coordinates": [99.6402446, 20.1661286]}, "properties": {"id": "cr-osm-node-6150676187", "name": "Baan RuamCha Tea Tasting & Store", "nameTh": null, "nameEn": "Baan RuamCha Tea Tasting & Store", "cat": ["food"], "province": "cr"}}, {"type": "Feature", "geometry": {"type": "Point", "coordinates": [99.9941554, 20.413624]}, "properties": {"id": "cr-osm-node-11563663692", "name": "Baansuan Auy kham", "nameTh": null, "nameEn": "Baansuan Auy kham", "cat": ["food"], "province": "cr"}}, {"type": "Feature", "geometry": {"type": "Point", "coordinates": [99.8219039, 19.90824]}, "properties": {"id": "cr-osm-node-5646661621", "name": "Bai Bon", "nameTh": null, "nameEn": "Bai Bon", "cat": ["food"], "province": "cr"}}, {"type": "Feature", "geometry": {"type": "Point", "coordinates": [99.7378617, 19.8502671]}, "properties": {"id": "cr-osm-node-4841353722", "name": "Baizon", "nameTh": null, "nameEn": "Baizon", "cat": ["food"], "province": "cr"}}, {"type": "Feature", "geometry": {"type": "Point", "coordinates": [99.6720683, 19.9436451]}, "properties": {"id": "cr-osm-node-2624604017", "name": "Bamboo Bar", "nameTh": null, "nameEn": "Bamboo Bar", "cat": ["food"], "province": "cr"}}, {"type": "Feature", "geometry": {"type": "Point", "coordinates": [100.4035497, 20.2678945]}, "properties": {"id": "cr-osm-way-1014990986", "name": "Bamboo Mexican House Restaurant", "nameTh": null, "nameEn": "Bamboo Mexican House Restaurant", "cat": ["food"], "province": "cr"}}, {"type": "Feature", "geometry": {"type": "Point", "coordinates": [100.2547734, 19.8441926]}, "properties": {"id": "cr-osm-node-7993710185", "name": "Ban Chon Restaurant", "nameTh": null, "nameEn": "Ban Chon Restaurant", "cat": ["food"], "province": "cr"}}, {"type": "Feature", "geometry": {"type": "Point", "coordinates": [99.7840029, 19.9542611]}, "properties": {"id": "cr-osm-node-4395611691", "name": "Ban Kuhn Mae Coffee", "nameTh": null, "nameEn": "Ban Kuhn Mae Coffee", "cat": ["food"], "province": "cr"}}, {"type": "Feature", "geometry": {"type": "Point", "coordinates": [99.7670462, 19.9387548]}, "properties": {"id": "cr-osm-node-3219713103", "name": "Ban Lom Jen Bakery", "nameTh": null, "nameEn": "Ban Lom Jen Bakery", "cat": ["food"], "province": "cr"}}, {"type": "Feature", "geometry": {"type": "Point", "coordinates": [100.4078773, 20.2621718]}, "properties": {"id": "cr-osm-node-6271707898", "name": "Ban Maitree", "nameTh": null, "nameEn": "Ban Maitree", "cat": ["food"], "province": "cr"}}, {"type": "Feature", "geometry": {"type": "Point", "coordinates": [99.7985709, 19.9075119]}, "properties": {"id": "cr-osm-way-1034518219", "name": "Ban Noi", "nameTh": null, "nameEn": "Ban Noi", "cat": ["food"], "province": "cr"}}, {"type": "Feature", "geometry": {"type": "Point", "coordinates": [99.857953, 19.9884832]}, "properties": {"id": "cr-osm-node-11343075781", "name": "Ban Saowaga", "nameTh": null, "nameEn": "Ban Saowaga", "cat": ["food"], "province": "cr"}}, {"type": "Feature", "geometry": {"type": "Point", "coordinates": [99.8081109, 19.9014062]}, "properties": {"id": "cr-osm-node-9516650206", "name": "Ban Suan Shrimp Farm", "nameTh": "บ่อกุ้ง บ้านสวน", "nameEn": "Ban Suan Shrimp Farm", "cat": ["food"], "province": "cr"}}, {"type": "Feature", "geometry": {"type": "Point", "coordinates": [99.4754184, 19.5049191]}, "properties": {"id": "cr-osm-node-2136791993", "name": "Bananaz", "nameTh": null, "nameEn": "Bananaz", "cat": ["food"], "province": "cr"}}, {"type": "Feature", "geometry": {"type": "Point", "coordinates": [99.8812584, 20.3147007]}, "properties": {"id": "cr-osm-node-2174080831", "name": "Banoffee Coffee", "nameTh": null, "nameEn": "Banoffee Coffee", "cat": ["food"], "province": "cr"}}, {"type": "Feature", "geometry": {"type": "Point", "coordinates": [100.0776538, 20.3671455]}, "properties": {"id": "cr-osm-node-13233896049", "name": "Bar - Anantara Golden Triangle and Elephant Sanctuary", "nameTh": null, "nameEn": "Bar - Anantara Golden Triangle and Elephant Sanctuary", "cat": ["food"], "province": "cr"}}, {"type": "Feature", "geometry": {"type": "Point", "coordinates": [99.8340541, 19.8865728]}, "properties": {"id": "cr-osm-node-8946453124", "name": "Bar-B-Q Plaza", "nameTh": null, "nameEn": "Bar-B-Q Plaza", "cat": ["food"], "province": "cr"}}, {"type": "Feature", "geometry": {"type": "Point", "coordinates": [99.8324759, 19.9033036]}, "properties": {"id": "cr-osm-node-9626614417", "name": "Barrab Restaurant", "nameTh": null, "nameEn": "Barrab Restaurant", "cat": ["food"], "province": "cr"}}, {"type": "Feature", "geometry": {"type": "Point", "coordinates": [99.8312184, 19.906136]}, "properties": {"id": "cr-osm-node-4726937490", "name": "Bavarian Beer House", "nameTh": null, "nameEn": "Bavarian Beer House", "cat": ["food"], "province": "cr"}}, {"type": "Feature", "geometry": {"type": "Point", "coordinates": [99.8433614, 20.3900695]}, "properties": {"id": "cr-osm-node-13197184501", "name": "Bear House Cafe'", "nameTh": null, "nameEn": "Bear House Cafe'", "cat": ["food"], "province": "cr"}}, {"type": "Feature", "geometry": {"type": "Point", "coordinates": [99.8927311, 20.0091545]}, "properties": {"id": "cr-osm-node-13005813660", "name": "Bechegu Coffee", "nameTh": null, "nameEn": "Bechegu Coffee", "cat": ["food"], "province": "cr"}}, {"type": "Feature", "geometry": {"type": "Point", "coordinates": [99.8229346, 19.904055]}, "properties": {"id": "cr-osm-node-7230545870", "name": "Bechegu Coffee", "nameTh": null, "nameEn": "Bechegu Coffee", "cat": ["food"], "province": "cr"}}, {"type": "Feature", "geometry": {"type": "Point", "coordinates": [100.4136751, 20.2509064]}, "properties": {"id": "cr-osm-node-5183936822", "name": "Bee Coffee", "nameTh": null, "nameEn": "Bee Coffee", "cat": ["food"], "province": "cr"}}, {"type": "Feature", "geometry": {"type": "Point", "coordinates": [99.9385165, 20.2154163]}, "properties": {"id": "cr-osm-node-5662178823", "name": "Beer Garden", "nameTh": null, "nameEn": "Beer Garden", "cat": ["food"], "province": "cr"}}, {"type": "Feature", "geometry": {"type": "Point", "coordinates": [99.8207947, 19.8578259]}, "properties": {"id": "cr-osm-node-5402694421", "name": "Beers & Restaurant", "nameTh": null, "nameEn": "Beers & Restaurant", "cat": ["food"], "province": "cr"}}, {"type": "Feature", "geometry": {"type": "Point", "coordinates": [99.8335191, 19.9127924]}, "properties": {"id": "cr-osm-node-13651622201", "name": "Bella Pizza", "nameTh": null, "nameEn": "Bella Pizza", "cat": ["food"], "province": "cr"}}, {"type": "Feature", "geometry": {"type": "Point", "coordinates": [99.8277349, 19.8991556]}, "properties": {"id": "cr-osm-node-7074459607", "name": "Bella Pizza", "nameTh": null, "nameEn": "Bella Pizza", "cat": ["food"], "province": "cr"}}, {"type": "Feature", "geometry": {"type": "Point", "coordinates": [99.8327198, 19.910354]}, "properties": {"id": "cr-osm-node-4631200289", "name": "Betty Coffee", "nameTh": "Betty Coffee", "nameEn": null, "cat": ["food"], "province": "cr"}}, {"type": "Feature", "geometry": {"type": "Point", "coordinates": [100.4078448, 20.2625506]}, "properties": {"id": "cr-osm-node-13332850401", "name": "Beyond Sky Cafe", "nameTh": null, "nameEn": "Beyond Sky Cafe", "cat": ["food"], "province": "cr"}}, {"type": "Feature", "geometry": {"type": "Point", "coordinates": [99.7300671, 19.8634553]}, "properties": {"id": "cr-osm-node-2208058446", "name": "Bhu Bhirom", "nameTh": null, "nameEn": "Bhu Bhirom", "cat": ["food"], "province": "cr"}}, {"type": "Feature", "geometry": {"type": "Point", "coordinates": [100.2622718, 19.8351301]}, "properties": {"id": "cr-osm-node-5527926921", "name": "Bicycle shop & fresh coffee!", "nameTh": null, "nameEn": "Bicycle shop & fresh coffee!", "cat": ["food"], "province": "cr"}}, {"type": "Feature", "geometry": {"type": "Point", "coordinates": [99.8206057, 19.9010563]}, "properties": {"id": "cr-osm-node-6635231488", "name": "Big Brother Milk Bar", "nameTh": null, "nameEn": "Big Brother Milk Bar", "cat": ["food"], "province": "cr"}}, {"type": "Feature", "geometry": {"type": "Point", "coordinates": [99.824661, 19.8982178]}, "properties": {"id": "cr-osm-node-6690252086", "name": "Big Coffee", "nameTh": null, "nameEn": "Big Coffee", "cat": ["food"], "province": "cr"}}, {"type": "Feature", "geometry": {"type": "Point", "coordinates": [99.8329004, 19.906025]}, "properties": {"id": "cr-osm-node-10253210609", "name": "Big Noodle Cafe", "nameTh": null, "nameEn": "Big Noodle Cafe", "cat": ["food"], "province": "cr"}}, {"type": "Feature", "geometry": {"type": "Point", "coordinates": [99.8427579, 19.9234715]}, "properties": {"id": "cr-osm-node-11577997795", "name": "Bike coffee", "nameTh": null, "nameEn": "Bike coffee", "cat": ["food"], "province": "cr"}}, {"type": "Feature", "geometry": {"type": "Point", "coordinates": [99.8824982, 20.4415927]}, "properties": {"id": "cr-osm-node-5580093622", "name": "Bismillah hallal food", "nameTh": null, "nameEn": "Bismillah hallal food", "cat": ["food"], "province": "cr"}}, {"type": "Feature", "geometry": {"type": "Point", "coordinates": [99.8326003, 19.9067214]}, "properties": {"id": "cr-osm-way-963169279", "name": "Bite Club", "nameTh": null, "nameEn": "Bite Club", "cat": ["food"], "province": "cr"}}, {"type": "Feature", "geometry": {"type": "Point", "coordinates": [99.8600279, 19.9802004]}, "properties": {"id": "cr-osm-node-4525397710", "name": "Black Berry", "nameTh": null, "nameEn": "Black Berry", "cat": ["food"], "province": "cr"}}, {"type": "Feature", "geometry": {"type": "Point", "coordinates": [99.8793234, 19.9541473]}, "properties": {"id": "cr-osm-node-6636010785", "name": "Black Canyon Coffee", "nameTh": null, "nameEn": "Black Canyon Coffee", "cat": ["food"], "province": "cr"}}, {"type": "Feature", "geometry": {"type": "Point", "coordinates": [99.514551, 19.1927372]}, "properties": {"id": "cr-osm-node-9338072902", "name": "Black Canyon Coffee", "nameTh": null, "nameEn": "Black Canyon Coffee", "cat": ["food"], "province": "cr"}}, {"type": "Feature", "geometry": {"type": "Point", "coordinates": [99.8658133, 20.0027449]}, "properties": {"id": "cr-osm-node-10003552755", "name": "BlendSook", "nameTh": null, "nameEn": "BlendSook", "cat": ["food"], "province": "cr"}}, {"type": "Feature", "geometry": {"type": "Point", "coordinates": [99.8372076, 19.9011486]}, "properties": {"id": "cr-osm-node-6725748185", "name": "Blessed Cafe", "nameTh": null, "nameEn": "Blessed Cafe", "cat": ["food"], "province": "cr"}}, {"type": "Feature", "geometry": {"type": "Point", "coordinates": [100.0818762, 20.3515213]}, "properties": {"id": "cr-osm-node-11343179770", "name": "Bliss coffee house", "nameTh": null, "nameEn": "Bliss coffee house", "cat": ["food"], "province": "cr"}}, {"type": "Feature", "geometry": {"type": "Point", "coordinates": [99.8210999, 19.9011539]}, "properties": {"id": "cr-osm-node-6635204697", "name": "Blue box coffee", "nameTh": null, "nameEn": "Blue box coffee", "cat": ["food"], "province": "cr"}}, {"type": "Feature", "geometry": {"type": "Point", "coordinates": [99.835889, 19.9149917]}, "properties": {"id": "cr-osm-node-9956676040", "name": "Boba On the Cloud", "nameTh": null, "nameEn": "Boba On the Cloud", "cat": ["food"], "province": "cr"}}, {"type": "Feature", "geometry": {"type": "Point", "coordinates": [100.1898755, 19.6532235]}, "properties": {"id": "cr-osm-node-5358725221", "name": "Bokung Lungpong", "nameTh": null, "nameEn": "Bokung Lungpong", "cat": ["food"], "province": "cr"}}, {"type": "Feature", "geometry": {"type": "Point", "coordinates": [99.8351933, 19.9094597]}, "properties": {"id": "cr-osm-way-960019769", "name": "Bonjour Cafe", "nameTh": null, "nameEn": "Bonjour Cafe", "cat": ["food"], "province": "cr"}}, {"type": "Feature", "geometry": {"type": "Point", "coordinates": [99.8288555, 19.9044655]}, "properties": {"id": "cr-osm-node-13389908501", "name": "Breakfast Factory", "nameTh": null, "nameEn": "Breakfast Factory", "cat": ["food"], "province": "cr"}}, {"type": "Feature", "geometry": {"type": "Point", "coordinates": [99.8378803, 19.9009539]}, "properties": {"id": "cr-osm-node-13463369506", "name": "Breakfast Monster", "nameTh": null, "nameEn": "Breakfast Monster", "cat": ["food"], "province": "cr"}}, {"type": "Feature", "geometry": {"type": "Point", "coordinates": [99.5114117, 19.3084876]}, "properties": {"id": "cr-osm-node-3286887484", "name": "Bruno coffee & Italian restaurant", "nameTh": null, "nameEn": "Bruno coffee & Italian restaurant", "cat": ["food"], "province": "cr"}}, {"type": "Feature", "geometry": {"type": "Point", "coordinates": [99.8274565, 19.8948622]}, "properties": {"id": "cr-osm-node-4208309896", "name": "Bua Coffee House", "nameTh": null, "nameEn": "Bua Coffee House", "cat": ["food"], "province": "cr"}}, {"type": "Feature", "geometry": {"type": "Point", "coordinates": [99.7635732, 19.8249168]}, "properties": {"id": "cr-osm-node-2138393240", "name": "Buffet", "nameTh": null, "nameEn": "Food court", "cat": ["food"], "province": "cr"}}, {"type": "Feature", "geometry": {"type": "Point", "coordinates": [99.8500042, 19.9233956]}, "properties": {"id": "cr-osm-node-13184024816", "name": "Bundarnjai - Coffee Eatery Bingsu", "nameTh": null, "nameEn": "Bundarnjai - Coffee Eatery Bingsu", "cat": ["food"], "province": "cr"}}, {"type": "Feature", "geometry": {"type": "Point", "coordinates": [99.8037864, 19.9069034]}, "properties": {"id": "cr-osm-way-1126860987", "name": "Burmuda Coffee", "nameTh": null, "nameEn": "Burmuda Coffee", "cat": ["food"], "province": "cr"}}, {"type": "Feature", "geometry": {"type": "Point", "coordinates": [99.8321762, 19.9053802]}, "properties": {"id": "cr-osm-node-12353227847", "name": "Buzzin Bakery", "nameTh": null, "nameEn": "Buzzin Bakery", "cat": ["food"], "province": "cr"}}, {"type": "Feature", "geometry": {"type": "Point", "coordinates": [99.8762707, 19.9103388]}, "properties": {"id": "cr-osm-node-12000156869", "name": "By The Cake Cafe Chiang Rai", "nameTh": null, "nameEn": "The Cake Cafe Chiang Rai", "cat": ["food"], "province": "cr"}}, {"type": "Feature", "geometry": {"type": "Point", "coordinates": [99.6275588, 20.1654487]}, "properties": {"id": "cr-osm-node-4520373193", "name": "C&J", "nameTh": null, "nameEn": "C&J", "cat": ["food"], "province": "cr"}}, {"type": "Feature", "geometry": {"type": "Point", "coordinates": [99.5116407, 19.2675616]}, "properties": {"id": "cr-osm-node-2081341004", "name": "Cabbages & Condoms", "nameTh": null, "nameEn": "Cabbages & Condoms", "cat": ["food"], "province": "cr"}}, {"type": "Feature", "geometry": {"type": "Point", "coordinates": [99.8555574, 20.2436097]}, "properties": {"id": "cr-osm-node-2172458862", "name": "Cabbages & Condoms", "nameTh": null, "nameEn": "Cabbages & Condoms", "cat": ["food"], "province": "cr"}}, {"type": "Feature", "geometry": {"type": "Point", "coordinates": [99.835859, 19.9090732]}, "properties": {"id": "cr-osm-node-2317829554", "name": "Cabbages & Condoms", "nameTh": null, "nameEn": "Cabbages & Condoms", "cat": ["food"], "province": "cr"}}, {"type": "Feature", "geometry": {"type": "Point", "coordinates": [100.4333721, 20.2170467]}, "properties": {"id": "cr-osm-node-4731380121", "name": "Cafe", "nameTh": null, "nameEn": "Cafe", "cat": ["food"], "province": "cr"}}, {"type": "Feature", "geometry": {"type": "Point", "coordinates": [100.2984729, 20.0523055]}, "properties": {"id": "cr-osm-node-10556863203", "name": "Cafe Amazon", "nameTh": null, "nameEn": "Cafe Amazon", "cat": ["food"], "province": "cr"}}, {"type": "Feature", "geometry": {"type": "Point", "coordinates": [99.8382845, 19.9103252]}, "properties": {"id": "cr-osm-node-7028962731", "name": "Cafe Amazon", "nameTh": null, "nameEn": "Cafe Amazon", "cat": ["food"], "province": "cr"}}, {"type": "Feature", "geometry": {"type": "Point", "coordinates": [99.8511003, 19.8794971]}, "properties": {"id": "cr-osm-way-1014990984", "name": "Cafe Amazon", "nameTh": null, "nameEn": "Cafe Amazon", "cat": ["food"], "province": "cr"}}, {"type": "Feature", "geometry": {"type": "Point", "coordinates": [100.0875776, 20.2903392]}, "properties": {"id": "cr-osm-way-1114778421", "name": "Cafe Amazon", "nameTh": null, "nameEn": "Cafe Amazon", "cat": ["food"], "province": "cr"}}, {"type": "Feature", "geometry": {"type": "Point", "coordinates": [99.8169438, 19.903912]}, "properties": {"id": "cr-osm-way-641594379", "name": "Cafe Amazon", "nameTh": null, "nameEn": "Cafe Amazon", "cat": ["food"], "province": "cr"}}, {"type": "Feature", "geometry": {"type": "Point", "coordinates": [99.8650596, 19.8942803]}, "properties": {"id": "cr-osm-way-961314551", "name": "Cafe Amazon", "nameTh": null, "nameEn": "Cafe Amazon", "cat": ["food"], "province": "cr"}}, {"type": "Feature", "geometry": {"type": "Point", "coordinates": [99.873583, 20.0068149]}, "properties": {"id": "cr-osm-node-12475237439", "name": "Cafe Corazón", "nameTh": null, "nameEn": "Cafe Corazón", "cat": ["food"], "province": "cr"}}, {"type": "Feature", "geometry": {"type": "Point", "coordinates": [99.8109585, 20.289194]}, "properties": {"id": "cr-osm-node-2316793800", "name": "Cafe Doi Tung", "nameTh": null, "nameEn": "Cafe Doi Tung", "cat": ["food"], "province": "cr"}}, {"type": "Feature", "geometry": {"type": "Point", "coordinates": [99.6339708, 20.2232307]}, "properties": {"id": "cr-osm-node-7183315686", "name": "Cafe Rainbow", "nameTh": null, "nameEn": "Cafe Rainbow", "cat": ["food"], "province": "cr"}}, {"type": "Feature", "geometry": {"type": "Point", "coordinates": [99.8645889, 20.0441964]}, "properties": {"id": "cr-osm-node-9292232344", "name": "Cafe atHome", "nameTh": null, "nameEn": "Cafe atHome", "cat": ["food"], "province": "cr"}}, {"type": "Feature", "geometry": {"type": "Point", "coordinates": [100.4053836, 20.2714134]}, "properties": {"id": "cr-osm-node-3289826877", "name": "Cafe de Lao", "nameTh": null, "nameEn": "Cafe de Lao", "cat": ["food"], "province": "cr"}}, {"type": "Feature", "geometry": {"type": "Point", "coordinates": [99.6822442, 20.1332534]}, "properties": {"id": "cr-osm-node-6110274885", "name": "Cafe local grown coffee and tea", "nameTh": null, "nameEn": "Cafe local grown coffee and tea", "cat": ["food"], "province": "cr"}}, {"type": "Feature", "geometry": {"type": "Point", "coordinates": [99.8328552, 19.928292]}, "properties": {"id": "cr-osm-way-967419247", "name": "Cafe number Ei8ht", "nameTh": null, "nameEn": "Cafe number Ei8ht", "cat": ["food"], "province": "cr"}}, {"type": "Feature", "geometry": {"type": "Point", "coordinates": [99.8846906, 20.4336074]}, "properties": {"id": "cr-osm-node-2193469946", "name": "Cafferino", "nameTh": null, "nameEn": "Cafferino", "cat": ["food"], "province": "cr"}}, {"type": "Feature", "geometry": {"type": "Point", "coordinates": [100.2287743, 19.8170952]}, "properties": {"id": "cr-osm-node-7823202685", "name": "Café", "nameTh": null, "nameEn": "Café", "cat": ["food"], "province": "cr"}}, {"type": "Feature", "geometry": {"type": "Point", "coordinates": [100.2968282, 19.9112928]}, "properties": {"id": "cr-osm-node-7841747385", "name": "Café", "nameTh": null, "nameEn": "Café", "cat": ["food"], "province": "cr"}}, {"type": "Feature", "geometry": {"type": "Point", "coordinates": [100.4055053, 20.2710088]}, "properties": {"id": "cr-osm-node-5513305611", "name": "Café & Cake", "nameTh": null, "nameEn": "Café & Cake", "cat": ["food"], "province": "cr"}}, {"type": "Feature", "geometry": {"type": "Point", "coordinates": [99.6995859, 19.9574576]}, "properties": {"id": "cr-osm-way-640191092", "name": "Café - geschlossen stand März 2025", "nameTh": null, "nameEn": "Drinks Food Coffee", "cat": ["food"], "province": "cr"}}, {"type": "Feature", "geometry": {"type": "Point", "coordinates": [99.8746909, 20.0559406]}, "properties": {"id": "cr-osm-node-3217413985", "name": "Café Amazon", "nameTh": "คาเฟ่ อเมซอน", "nameEn": "Café Amazon", "cat": ["food"], "province": "cr"}}, {"type": "Feature", "geometry": {"type": "Point", "coordinates": [99.7411521, 19.5401903]}, "properties": {"id": "cr-osm-node-4099350657", "name": "Café Amazon", "nameTh": "คาเฟ่ อเมซอน", "nameEn": "Café Amazon", "cat": ["food"], "province": "cr"}}, {"type": "Feature", "geometry": {"type": "Point", "coordinates": [99.885335, 20.4181295]}, "properties": {"id": "cr-osm-way-376357761", "name": "Café Amazon", "nameTh": null, "nameEn": "Café Amazon", "cat": ["food"], "province": "cr"}}, {"type": "Feature", "geometry": {"type": "Point", "coordinates": [99.6270062, 20.1656891]}, "properties": {"id": "cr-osm-node-4739149121", "name": "Café The Local", "nameTh": null, "nameEn": "Café The Local", "cat": ["food"], "province": "cr"}}, {"type": "Feature", "geometry": {"type": "Point", "coordinates": [99.6784659, 19.9643548]}, "properties": {"id": "cr-osm-node-12717825501", "name": "Café at the river", "nameTh": null, "nameEn": "Café at the river", "cat": ["food"], "province": "cr"}}, {"type": "Feature", "geometry": {"type": "Point", "coordinates": [99.8202405, 19.8990917]}, "properties": {"id": "cr-osm-node-5470310925", "name": "Café de Mow", "nameTh": null, "nameEn": "Café de Mow", "cat": ["food"], "province": "cr"}}, {"type": "Feature", "geometry": {"type": "Point", "coordinates": [99.6733119, 19.8392172]}, "properties": {"id": "cr-osm-node-10675530505", "name": "Canary Farm", "nameTh": null, "nameEn": "Canary Farm", "cat": ["food"], "province": "cr"}}, {"type": "Feature", "geometry": {"type": "Point", "coordinates": [99.8331818, 19.904497]}, "properties": {"id": "cr-osm-node-4415950789", "name": "Cat 'n' a cup", "nameTh": "Cat 'n' a cup", "nameEn": null, "cat": ["food"], "province": "cr"}}, {"type": "Feature", "geometry": {"type": "Point", "coordinates": [99.8680485, 20.0728763]}, "properties": {"id": "cr-osm-node-2951156678", "name": "Cat Cafe", "nameTh": null, "nameEn": "Cat Cafe", "cat": ["food"], "province": "cr"}}, {"type": "Feature", "geometry": {"type": "Point", "coordinates": [99.8312075, 19.9061959]}, "properties": {"id": "cr-osm-node-8076191924", "name": "Caucasian Beer House", "nameTh": null, "nameEn": "Caucasian Beer House", "cat": ["food"], "province": "cr"}}, {"type": "Feature", "geometry": {"type": "Point", "coordinates": [99.8336806, 19.9052921]}, "properties": {"id": "cr-osm-way-384838098", "name": "Center Point Night Bazar restaurant", "nameTh": null, "nameEn": "Center Point Night Bazar restaurant", "cat": ["food"], "province": "cr"}}, {"type": "Feature", "geometry": {"type": "Point", "coordinates": [99.488287, 19.9302756]}, "properties": {"id": "cr-osm-node-2633486981", "name": "Cha Wawi", "nameTh": null, "nameEn": "Cha Wawi", "cat": ["food"], "province": "cr"}}, {"type": "Feature", "geometry": {"type": "Point", "coordinates": [99.8291533, 19.9069647]}, "properties": {"id": "cr-osm-way-960934978", "name": "Chai Si", "nameTh": "ชายสี่ หมี่เกี้ยว", "nameEn": "Chai Si", "cat": ["food"], "province": "cr"}}, {"type": "Feature", "geometry": {"type": "Point", "coordinates": [99.8309843, 19.9123892]}, "properties": {"id": "cr-osm-node-1484539846", "name": "Cham Cha", "nameTh": null, "nameEn": "Cham Cha", "cat": ["food"], "province": "cr"}}, {"type": "Feature", "geometry": {"type": "Point", "coordinates": [99.4623234, 19.1155021]}, "properties": {"id": "cr-osm-node-1484306714", "name": "Chao Doi Coffee", "nameTh": null, "nameEn": "Chao Doi Coffee", "cat": ["food"], "province": "cr"}}, {"type": "Feature", "geometry": {"type": "Point", "coordinates": [99.8307243, 19.906864]}, "properties": {"id": "cr-osm-way-963169298", "name": "Charoen Isan Sausage", "nameTh": "เจริญหมูยอ", "nameEn": "Charoen Isan Sausage", "cat": ["food"], "province": "cr"}}, {"type": "Feature", "geometry": {"type": "Point", "coordinates": [99.8608321, 20.1339853]}, "properties": {"id": "cr-osm-way-551420271", "name": "Chef Rogelio (Mexican Food)", "nameTh": null, "nameEn": "Chef Rogelio (Mexican Food)", "cat": ["food"], "province": "cr"}}, {"type": "Feature", "geometry": {"type": "Point", "coordinates": [99.8330769, 19.9039773]}, "properties": {"id": "cr-osm-node-4043595789", "name": "Chef Sasa", "nameTh": null, "nameEn": "Chef Sasa", "cat": ["food"], "province": "cr"}}, {"type": "Feature", "geometry": {"type": "Point", "coordinates": [100.0834931, 20.3469915]}, "properties": {"id": "cr-osm-node-13356954201", "name": "Chewittitkong", "nameTh": null, "nameEn": "Chewittitkong", "cat": ["food"], "province": "cr"}}, {"type": "Feature", "geometry": {"type": "Point", "coordinates": [99.8102722, 19.9481614]}, "properties": {"id": "cr-osm-node-3782975865", "name": "Chiang Rai Challenge", "nameTh": null, "nameEn": "Chiang Rai Challenge", "cat": ["food"], "province": "cr"}}, {"type": "Feature", "geometry": {"type": "Point", "coordinates": [99.8056446, 19.9060898]}, "properties": {"id": "cr-osm-node-4460020797", "name": "Chiang Rai Delicatessen", "nameTh": "Chiang Rai Delicatessen", "nameEn": null, "cat": ["food"], "province": "cr"}}, {"type": "Feature", "geometry": {"type": "Point", "coordinates": [99.8590459, 19.9746216]}, "properties": {"id": "cr-osm-node-1484561524", "name": "Chiang Rai Steak", "nameTh": null, "nameEn": "Chiang Rai Steak", "cat": ["food"], "province": "cr"}}, {"type": "Feature", "geometry": {"type": "Point", "coordinates": [99.8758869, 20.0629458]}, "properties": {"id": "cr-osm-way-314227495", "name": "Chiang Rai in Love", "nameTh": null, "nameEn": "Chiang Rai in Love", "cat": ["food"], "province": "cr"}}, {"type": "Feature", "geometry": {"type": "Point", "coordinates": [100.4054656, 20.2680989]}, "properties": {"id": "cr-osm-way-758296296", "name": "Chiangnoy beer bar", "nameTh": null, "nameEn": "Chiangroy beer bar", "cat": ["food"], "province": "cr"}}, {"type": "Feature", "geometry": {"type": "Point", "coordinates": [99.8446063, 19.9284065]}, "properties": {"id": "cr-osm-node-6632634287", "name": "Chiangrai story", "nameTh": null, "nameEn": "Chiangrai story", "cat": ["food"], "province": "cr"}}, {"type": "Feature", "geometry": {"type": "Point", "coordinates": [99.8849898, 20.4154754]}, "properties": {"id": "cr-osm-node-2193469947", "name": "Chill Chill", "nameTh": null, "nameEn": "Chill Chill", "cat": ["food"], "province": "cr"}}, {"type": "Feature", "geometry": {"type": "Point", "coordinates": [100.0398597, 19.9989534]}, "properties": {"id": "cr-osm-node-4994531221", "name": "Chill Coffee & Bakery", "nameTh": null, "nameEn": "Chill Coffee & Bakery", "cat": ["food"], "province": "cr"}}, {"type": "Feature", "geometry": {"type": "Point", "coordinates": [100.4064699, 20.263025]}, "properties": {"id": "cr-osm-node-7012940185", "name": "Chim Coffee", "nameTh": null, "nameEn": "Chim Coffee", "cat": ["food"], "province": "cr"}}, {"type": "Feature", "geometry": {"type": "Point", "coordinates": [100.0883963, 20.2709609]}, "properties": {"id": "cr-osm-node-6090412886", "name": "Chom Khont Noodle Shop", "nameTh": null, "nameEn": "Chom Khont Noodle Shop", "cat": ["food"], "province": "cr"}}, {"type": "Feature", "geometry": {"type": "Point", "coordinates": [99.6616736, 20.2446266]}, "properties": {"id": "cr-osm-node-13206251806", "name": "Chon Pao House Khun Sa coffee กาแฟบ้านชนเผ่า (ร้านกาแฟสดขุนส่า)", "nameTh": "Chon Pao House Khun Sa coffee กาแฟบ้านชนเผ่า (ร้านกาแฟสดขุนส่า)", "nameEn": null, "cat": ["food"], "province": "cr"}}, {"type": "Feature", "geometry": {"type": "Point", "coordinates": [99.8946371, 20.4073102]}, "properties": {"id": "cr-osm-node-9421821123", "name": "Choppers Burger Bar - Mae Sai", "nameTh": null, "nameEn": "Choppers Burger Bar - Mae Sai", "cat": ["food"], "province": "cr"}}, {"type": "Feature", "geometry": {"type": "Point", "coordinates": [99.8168277, 20.2001153]}, "properties": {"id": "cr-osm-node-3968871249", "name": "Choui Fong", "nameTh": null, "nameEn": "Choui Fong", "cat": ["food"], "province": "cr"}}, {"type": "Feature", "geometry": {"type": "Point", "coordinates": [99.8298001, 19.9067568]}, "properties": {"id": "cr-osm-node-8185761417", "name": "Churro Thai", "nameTh": null, "nameEn": "Churro Thai", "cat": ["food"], "province": "cr"}}, {"type": "Feature", "geometry": {"type": "Point", "coordinates": [99.8041482, 19.9078915]}, "properties": {"id": "cr-osm-node-4342148490", "name": "Coconut ice cream", "nameTh": null, "nameEn": "Coconut ice cream", "cat": ["food"], "province": "cr"}}, {"type": "Feature", "geometry": {"type": "Point", "coordinates": [100.1301361, 20.065766]}, "properties": {"id": "cr-osm-node-6253108386", "name": "Coffee", "nameTh": null, "nameEn": "Coffee", "cat": ["food"], "province": "cr"}}, {"type": "Feature", "geometry": {"type": "Point", "coordinates": [100.0259417, 19.9310667]}, "properties": {"id": "cr-osm-node-8385791017", "name": "Coffee & Mulberry", "nameTh": null, "nameEn": "Coffee & Mulberry", "cat": ["food"], "province": "cr"}}, {"type": "Feature", "geometry": {"type": "Point", "coordinates": [99.8372692, 19.9088037]}, "properties": {"id": "cr-osm-node-3214139849", "name": "Coffee Bright", "nameTh": null, "nameEn": "Coffee Bright", "cat": ["food"], "province": "cr"}}, {"type": "Feature", "geometry": {"type": "Point", "coordinates": [100.1955325, 19.6868938]}, "properties": {"id": "cr-osm-node-5234776025", "name": "Coffee Dad", "nameTh": null, "nameEn": "Coffee Dad", "cat": ["food"], "province": "cr"}}, {"type": "Feature", "geometry": {"type": "Point", "coordinates": [100.4059142, 20.267037]}, "properties": {"id": "cr-osm-node-5339066241", "name": "Coffee Doi Chaang", "nameTh": null, "nameEn": "Coffee Doi Chaang", "cat": ["food"], "province": "cr"}}, {"type": "Feature", "geometry": {"type": "Point", "coordinates": [99.8764779, 20.3044379]}, "properties": {"id": "cr-osm-node-2174059463", "name": "Coffee Home", "nameTh": null, "nameEn": "Coffee Home", "cat": ["food"], "province": "cr"}}, {"type": "Feature", "geometry": {"type": "Point", "coordinates": [100.3739481, 20.1961557]}, "properties": {"id": "cr-osm-node-4591914989", "name": "Coffee House", "nameTh": null, "nameEn": "Coffee House", "cat": ["food"], "province": "cr"}}, {"type": "Feature", "geometry": {"type": "Point", "coordinates": [99.8308787, 19.9012502]}, "properties": {"id": "cr-osm-node-4556470790", "name": "Coffee Love", "nameTh": "Coffee Love", "nameEn": null, "cat": ["food"], "province": "cr"}}, {"type": "Feature", "geometry": {"type": "Point", "coordinates": [100.2679002, 19.843008]}, "properties": {"id": "cr-osm-node-8398612917", "name": "Coffee Love", "nameTh": null, "nameEn": "Coffee Love", "cat": ["food"], "province": "cr"}}, {"type": "Feature", "geometry": {"type": "Point", "coordinates": [99.8731745, 20.4428898]}, "properties": {"id": "cr-osm-node-13518302707", "name": "Coffee Monk, coffee shop", "nameTh": null, "nameEn": "Coffee Monk, coffee shop", "cat": ["food"], "province": "cr"}}, {"type": "Feature", "geometry": {"type": "Point", "coordinates": [99.524484, 19.21043]}, "properties": {"id": "cr-osm-node-3929061991", "name": "Coffee Party", "nameTh": null, "nameEn": "Coffee Party", "cat": ["food"], "province": "cr"}}, {"type": "Feature", "geometry": {"type": "Point", "coordinates": [99.8305383, 19.9069178]}, "properties": {"id": "cr-osm-node-7288771385", "name": "Coffee Shop", "nameTh": null, "nameEn": "Coffee Shop", "cat": ["food"], "province": "cr"}}, {"type": "Feature", "geometry": {"type": "Point", "coordinates": [100.2694133, 19.8437442]}, "properties": {"id": "cr-osm-node-8018362385", "name": "Coffee Stall", "nameTh": null, "nameEn": "Coffee Stall", "cat": ["food"], "province": "cr"}}, {"type": "Feature", "geometry": {"type": "Point", "coordinates": [99.8873783, 20.4301671]}, "properties": {"id": "cr-osm-way-376360297", "name": "Coffee Time", "nameTh": null, "nameEn": "Coffee Time", "cat": ["food"], "province": "cr"}}, {"type": "Feature", "geometry": {"type": "Point", "coordinates": [99.6271732, 20.1659304]}, "properties": {"id": "cr-osm-node-4476196689", "name": "Coffee View", "nameTh": null, "nameEn": "Coffee View", "cat": ["food"], "province": "cr"}}, {"type": "Feature", "geometry": {"type": "Point", "coordinates": [99.4859057, 19.1248557]}, "properties": {"id": "cr-osm-way-1013421996", "name": "Coffee View", "nameTh": null, "nameEn": "Coffee View", "cat": ["food"], "province": "cr"}}, {"type": "Feature", "geometry": {"type": "Point", "coordinates": [100.2036475, 19.6756508]}, "properties": {"id": "cr-osm-way-1444643341", "name": "Coffee and Cat", "nameTh": null, "nameEn": "Coffee and Cat", "cat": ["food"], "province": "cr"}}, {"type": "Feature", "geometry": {"type": "Point", "coordinates": [99.8285862, 19.9044113]}, "properties": {"id": "cr-osm-node-10298531456", "name": "Coffee n' More", "nameTh": null, "nameEn": "Coffee n' More", "cat": ["food"], "province": "cr"}}, {"type": "Feature", "geometry": {"type": "Point", "coordinates": [100.4376641, 19.8024374]}, "properties": {"id": "cr-osm-node-4800331759", "name": "Coffee on Phu", "nameTh": null, "nameEn": "Coffee on Phu", "cat": ["food"], "province": "cr"}}, {"type": "Feature", "geometry": {"type": "Point", "coordinates": [99.8423347, 19.9097952]}, "properties": {"id": "cr-osm-node-5744397025", "name": "CoffeeEnergy", "nameTh": null, "nameEn": "CoffeeEnergy", "cat": ["food"], "province": "cr"}}, {"type": "Feature", "geometry": {"type": "Point", "coordinates": [99.8796658, 20.4432101]}, "properties": {"id": "cr-osm-node-4920242722", "name": "Cowboy Café", "nameTh": null, "nameEn": "Cowboy Café", "cat": ["food"], "province": "cr"}}, {"type": "Feature", "geometry": {"type": "Point", "coordinates": [99.8848733, 20.4343484]}, "properties": {"id": "cr-osm-node-6114729986", "name": "Creative Cups", "nameTh": null, "nameEn": "Creative Cups", "cat": ["food"], "province": "cr"}}, {"type": "Feature", "geometry": {"type": "Point", "coordinates": [99.8300019, 19.9037575]}, "properties": {"id": "cr-osm-node-5038499822", "name": "Crepe Corner", "nameTh": null, "nameEn": "Crepe Corner", "cat": ["food"], "province": "cr"}}, {"type": "Feature", "geometry": {"type": "Point", "coordinates": [99.8614494, 19.972341]}, "properties": {"id": "cr-osm-node-10556325109", "name": "Ctrl+Es Coffee", "nameTh": null, "nameEn": "Ctrl+Es Coffee", "cat": ["food"], "province": "cr"}}, {"type": "Feature", "geometry": {"type": "Point", "coordinates": [99.8202426, 19.906423]}, "properties": {"id": "cr-osm-way-960625748", "name": "DAISY", "nameTh": null, "nameEn": "DAISY", "cat": ["food"], "province": "cr"}}, {"type": "Feature", "geometry": {"type": "Point", "coordinates": [99.8328763, 19.9043927]}, "properties": {"id": "cr-osm-node-2320605713", "name": "Da Vinci", "nameTh": null, "nameEn": "Da Vinci", "cat": ["food"], "province": "cr"}}, {"type": "Feature", "geometry": {"type": "Point", "coordinates": [99.7186083, 20.1660159]}, "properties": {"id": "cr-osm-node-9899500877", "name": "Daddy's Coffee House / A-Pa Coffee", "nameTh": null, "nameEn": "Daddy's Coffee House / A-Pa Coffee", "cat": ["food"], "province": "cr"}}, {"type": "Feature", "geometry": {"type": "Point", "coordinates": [99.8375715, 19.8881628]}, "properties": {"id": "cr-osm-node-8946980125", "name": "Daily Queen", "nameTh": null, "nameEn": "Daily Queen", "cat": ["food"], "province": "cr"}}, {"type": "Feature", "geometry": {"type": "Point", "coordinates": [99.8335673, 19.8864755]}, "properties": {"id": "cr-osm-node-4578404090", "name": "Dairy Queen", "nameTh": null, "nameEn": "Dairy Queen", "cat": ["food"], "province": "cr"}}, {"type": "Feature", "geometry": {"type": "Point", "coordinates": [99.8841152, 20.4271928]}, "properties": {"id": "cr-osm-node-8185761118", "name": "Delicious Family Restaurant", "nameTh": null, "nameEn": "Delicious Family Restaurant", "cat": ["food"], "province": "cr"}}, {"type": "Feature", "geometry": {"type": "Point", "coordinates": [99.858454, 19.9750368]}, "properties": {"id": "cr-osm-node-7643122287", "name": "Delicious Kao Soi Restaurant", "nameTh": null, "nameEn": "Delicious Kao Soi Restaurant", "cat": ["food"], "province": "cr"}}, {"type": "Feature", "geometry": {"type": "Point", "coordinates": [100.2558346, 19.826536]}, "properties": {"id": "cr-osm-node-7330694486", "name": "Delicious Thai Food", "nameTh": null, "nameEn": "Delicious Thai Food", "cat": ["food"], "province": "cr"}}, {"type": "Feature", "geometry": {"type": "Point", "coordinates": [99.8211357, 19.9067087]}, "properties": {"id": "cr-osm-way-960625767", "name": "Deux Bear Cafe'", "nameTh": null, "nameEn": "Deux Bear Cafe'", "cat": ["food"], "province": "cr"}}, {"type": "Feature", "geometry": {"type": "Point", "coordinates": [99.8328665, 19.9039836]}, "properties": {"id": "cr-osm-node-5437690525", "name": "Dinner Late", "nameTh": null, "nameEn": "Dinner Late", "cat": ["food"], "province": "cr"}}, {"type": "Feature", "geometry": {"type": "Point", "coordinates": [99.8596672, 19.9763094]}, "properties": {"id": "cr-osm-node-8332801960", "name": "Dinosaur", "nameTh": null, "nameEn": "Dinosaur", "cat": ["food"], "province": "cr"}}, {"type": "Feature", "geometry": {"type": "Point", "coordinates": [99.5635516, 19.8092537]}, "properties": {"id": "cr-osm-node-6631514638", "name": "Do a go coffee", "nameTh": null, "nameEn": "Do a go coffee", "cat": ["food"], "province": "cr"}}, {"type": "Feature", "geometry": {"type": "Point", "coordinates": [99.7808763, 19.8727589]}, "properties": {"id": "cr-osm-node-5338160371", "name": "Doa Cafe", "nameTh": null, "nameEn": "Doa Coffee", "cat": ["food"], "province": "cr"}}, {"type": "Feature", "geometry": {"type": "Point", "coordinates": [99.6597489, 19.7845733]}, "properties": {"id": "cr-osm-node-3287660829", "name": "Doi Chaang", "nameTh": null, "nameEn": "Doi Chaang", "cat": ["food"], "province": "cr"}}, {"type": "Feature", "geometry": {"type": "Point", "coordinates": [99.493742, 19.5600361]}, "properties": {"id": "cr-osm-node-2081340989", "name": "Doi Chaang Café", "nameTh": null, "nameEn": "Doi Chaang Coffee House @ Maesuai", "cat": ["food"], "province": "cr"}}, {"type": "Feature", "geometry": {"type": "Point", "coordinates": [99.4624903, 19.1157136]}, "properties": {"id": "cr-osm-node-1484307035", "name": "Doi Chaang Coffee", "nameTh": null, "nameEn": "Doi Chaang Coffee", "cat": ["food"], "province": "cr"}}, {"type": "Feature", "geometry": {"type": "Point", "coordinates": [99.5527326, 19.7979693]}, "properties": {"id": "cr-osm-node-1693666792", "name": "Doi Chaang Coffee", "nameTh": null, "nameEn": "Doi Chaang Coffee", "cat": ["food"], "province": "cr"}}, {"type": "Feature", "geometry": {"type": "Point", "coordinates": [99.7182484, 19.8406359]}, "properties": {"id": "cr-osm-node-6631514665", "name": "Doi Chaang Coffee", "nameTh": null, "nameEn": "Doi Chaang Coffee", "cat": ["food"], "province": "cr"}}, {"type": "Feature", "geometry": {"type": "Point", "coordinates": [99.5551797, 19.800862]}, "properties": {"id": "cr-osm-node-2629976909", "name": "Doi Chang Coffee Farm", "nameTh": null, "nameEn": "Doi Chang Coffee Farm", "cat": ["food"], "province": "cr"}}, {"type": "Feature", "geometry": {"type": "Point", "coordinates": [99.5648518, 19.813446]}, "properties": {"id": "cr-osm-node-4411165689", "name": "Doi Chang View Food & Coffee", "nameTh": null, "nameEn": "Doi Chang View Food & Coffee", "cat": ["food"], "province": "cr"}}, {"type": "Feature", "geometry": {"type": "Point", "coordinates": [99.6837803, 20.1212841]}, "properties": {"id": "cr-osm-node-10568067509", "name": "Doi Doo Dao", "nameTh": null, "nameEn": "Doi Doo Dao", "cat": ["food"], "province": "cr"}}, {"type": "Feature", "geometry": {"type": "Point", "coordinates": [99.6224597, 20.1586893]}, "properties": {"id": "cr-osm-node-6150676190", "name": "Doi Maesalong Coffee", "nameTh": null, "nameEn": "Doi Maesalong Coffee", "cat": ["food"], "province": "cr"}}, {"type": "Feature", "geometry": {"type": "Point", "coordinates": [99.8112293, 20.2895261]}, "properties": {"id": "cr-osm-node-2316793623", "name": "Doi Tung Cafeteria", "nameTh": null, "nameEn": "Doi Tung Cafeteria", "cat": ["food"], "province": "cr"}}, {"type": "Feature", "geometry": {"type": "Point", "coordinates": [99.5187645, 19.6267636]}, "properties": {"id": "cr-osm-way-391457074", "name": "Doi luang coffee", "nameTh": null, "nameEn": "Doi luang coffee", "cat": ["food"], "province": "cr"}}, {"type": "Feature", "geometry": {"type": "Point", "coordinates": [99.5582503, 19.8175351]}, "properties": {"id": "cr-osm-node-6631610609", "name": "Doimork coffee roasters", "nameTh": null, "nameEn": "Doimork coffee roasters", "cat": ["food"], "province": "cr"}}, {"type": "Feature", "geometry": {"type": "Point", "coordinates": [99.8601883, 19.9928129]}, "properties": {"id": "cr-osm-node-4002104814", "name": "Dolce Cafe", "nameTh": null, "nameEn": "Dolce Cafe", "cat": ["food"], "province": "cr"}}, {"type": "Feature", "geometry": {"type": "Point", "coordinates": [99.5560576, 19.8098611]}, "properties": {"id": "cr-osm-node-4542952316", "name": "Domfar Cafe", "nameTh": null, "nameEn": "Domfar Cafe", "cat": ["food"], "province": "cr"}}, {"type": "Feature", "geometry": {"type": "Point", "coordinates": [100.296877, 19.9118551]}, "properties": {"id": "cr-osm-node-5300706531", "name": "Doo Doo Coffee", "nameTh": null, "nameEn": "Doo Doo Coffee", "cat": ["food"], "province": "cr"}}, {"type": "Feature", "geometry": {"type": "Point", "coordinates": [99.7481544, 19.8232952]}, "properties": {"id": "cr-osm-node-13093773836", "name": "Doofeel", "nameTh": null, "nameEn": "Doofeel", "cat": ["food"], "province": "cr"}}, {"type": "Feature", "geometry": {"type": "Point", "coordinates": [99.8253012, 19.9077581]}, "properties": {"id": "cr-osm-way-960771466", "name": "Drinks จันทร์ทิพย์", "nameTh": "Drinks จันทร์ทิพย์", "nameEn": "Drinks Chan Thip", "cat": ["food"], "province": "cr"}}, {"type": "Feature", "geometry": {"type": "Point", "coordinates": [99.5144488, 19.1927474]}, "properties": {"id": "cr-osm-node-11345588169", "name": "Dunkin'", "nameTh": null, "nameEn": "Dunkin'", "cat": ["food"], "province": "cr"}}, {"type": "Feature", "geometry": {"type": "Point", "coordinates": [99.8923122, 19.9832681]}, "properties": {"id": "cr-osm-node-13172468614", "name": "Durian Cafe' Chiang Rai", "nameTh": null, "nameEn": "Durian Cafe' Chiang Rai", "cat": ["food"], "province": "cr"}}, {"type": "Feature", "geometry": {"type": "Point", "coordinates": [99.8586869, 19.9924061]}, "properties": {"id": "cr-osm-node-4672231390", "name": "Eco Garden Restaurant", "nameTh": null, "nameEn": "Eco Garden Restaurant", "cat": ["food"], "province": "cr"}}, {"type": "Feature", "geometry": {"type": "Point", "coordinates": [99.8201508, 19.8974277]}, "properties": {"id": "cr-osm-node-6635204718", "name": "English Kafé", "nameTh": null, "nameEn": "English Kafé", "cat": ["food"], "province": "cr"}}, {"type": "Feature", "geometry": {"type": "Point", "coordinates": [99.8321752, 19.9067622]}, "properties": {"id": "cr-osm-way-963169282", "name": "Enroute Coffee", "nameTh": null, "nameEn": "Enroute Coffee", "cat": ["food"], "province": "cr"}}, {"type": "Feature", "geometry": {"type": "Point", "coordinates": [100.0881814, 20.2789436]}, "properties": {"id": "cr-osm-node-13114006501", "name": "FA Mai Restaurants", "nameTh": null, "nameEn": "FA Mai Restaurants", "cat": ["food"], "province": "cr"}}, {"type": "Feature", "geometry": {"type": "Point", "coordinates": [99.8324243, 19.9009005]}, "properties": {"id": "cr-osm-node-10296478235", "name": "Fallen Fruit", "nameTh": null, "nameEn": "Fallen Fruit", "cat": ["food"], "province": "cr"}}, {"type": "Feature", "geometry": {"type": "Point", "coordinates": [100.087698, 20.2820655]}, "properties": {"id": "cr-osm-node-2807667518", "name": "Famai Restaurant", "nameTh": null, "nameEn": "Famai Restaurant", "cat": ["food"], "province": "cr"}}, {"type": "Feature", "geometry": {"type": "Point", "coordinates": [99.6227256, 20.1599809]}, "properties": {"id": "cr-osm-node-3878552484", "name": "Fang Fang", "nameTh": null, "nameEn": "Fang Fang", "cat": ["food"], "province": "cr"}}, {"type": "Feature", "geometry": {"type": "Point", "coordinates": [99.8290432, 19.9074429]}, "properties": {"id": "cr-osm-way-960934942", "name": "Farida", "nameTh": "ส้มตำฟารีด้า", "nameEn": "Farida", "cat": ["food"], "province": "cr"}}, {"type": "Feature", "geometry": {"type": "Point", "coordinates": [99.8309037, 19.9068551]}, "properties": {"id": "cr-osm-way-963169294", "name": "Fika", "nameTh": null, "nameEn": "Fika", "cat": ["food"], "province": "cr"}}, {"type": "Feature", "geometry": {"type": "Point", "coordinates": [100.4080583, 20.2585904]}, "properties": {"id": "cr-osm-way-537572666", "name": "Fin Ne Ne", "nameTh": null, "nameEn": "Fin Ne Ne", "cat": ["food"], "province": "cr"}}, {"type": "Feature", "geometry": {"type": "Point", "coordinates": [100.3087402, 19.9262224]}, "properties": {"id": "cr-osm-node-12609083401", "name": "Fin'n Land", "nameTh": null, "nameEn": "Fin'n Land", "cat": ["food"], "province": "cr"}}, {"type": "Feature", "geometry": {"type": "Point", "coordinates": [100.2599561, 19.8433133]}, "properties": {"id": "cr-osm-node-8407816417", "name": "Fish BBQ", "nameTh": null, "nameEn": "Fish BBQ", "cat": ["food"], "province": "cr"}}, {"type": "Feature", "geometry": {"type": "Point", "coordinates": [99.5139201, 19.193112]}, "properties": {"id": "cr-osm-node-6627183285", "name": "Five Star", "nameTh": null, "nameEn": "five star", "cat": ["food"], "province": "cr"}}, {"type": "Feature", "geometry": {"type": "Point", "coordinates": [100.088012, 20.2904885]}, "properties": {"id": "cr-osm-node-10196106137", "name": "Five Star Chicken", "nameTh": null, "nameEn": "Five Star Chicken", "cat": ["food"], "province": "cr"}}, {"type": "Feature", "geometry": {"type": "Point", "coordinates": [99.7329733, 19.8476544]}, "properties": {"id": "cr-osm-node-10760643963", "name": "Five Star Chicken", "nameTh": null, "nameEn": "Five Star Chicken", "cat": ["food"], "province": "cr"}}, {"type": "Feature", "geometry": {"type": "Point", "coordinates": [99.5175787, 19.2059145]}, "properties": {"id": "cr-osm-node-13387757782", "name": "Five Star Chicken", "nameTh": null, "nameEn": "Five Star Chicken", "cat": ["food"], "province": "cr"}}, {"type": "Feature", "geometry": {"type": "Point", "coordinates": [99.5147539, 19.6193059]}, "properties": {"id": "cr-osm-node-7079185685", "name": "Five Star Chicken", "nameTh": null, "nameEn": "Five Star Chicken", "cat": ["food"], "province": "cr"}}, {"type": "Feature", "geometry": {"type": "Point", "coordinates": [99.7330096, 19.8670199]}, "properties": {"id": "cr-osm-node-12479979598", "name": "Flower bloom cafe & special blend", "nameTh": null, "nameEn": "Flower bloom cafe & special blend", "cat": ["food"], "province": "cr"}}, {"type": "Feature", "geometry": {"type": "Point", "coordinates": [99.9516091, 20.0522793]}, "properties": {"id": "cr-osm-node-4737410921", "name": "Food", "nameTh": null, "nameEn": "Food", "cat": ["food"], "province": "cr"}}, {"type": "Feature", "geometry": {"type": "Point", "coordinates": [99.733385, 19.847378]}, "properties": {"id": "cr-osm-way-1157130131", "name": "Food Court", "nameTh": null, "nameEn": "Food Court", "cat": ["food"], "province": "cr"}}, {"type": "Feature", "geometry": {"type": "Point", "coordinates": [99.7281871, 19.8571966]}, "properties": {"id": "cr-osm-node-6087545886", "name": "Food Truck Snowy Weizen", "nameTh": null, "nameEn": "Food Truck Snowy Weizen", "cat": ["food"], "province": "cr"}}, {"type": "Feature", "geometry": {"type": "Point", "coordinates": [99.8567455, 19.9702382]}, "properties": {"id": "cr-osm-node-9468069188", "name": "Food Wishes Chiang Rai", "nameTh": null, "nameEn": "Food Wishes Chiang Rai", "cat": ["food"], "province": "cr"}}, {"type": "Feature", "geometry": {"type": "Point", "coordinates": [99.4622813, 19.1154524]}, "properties": {"id": "cr-osm-node-1484306715", "name": "Food Zone", "nameTh": null, "nameEn": "Food Zone", "cat": ["food"], "province": "cr"}}, {"type": "Feature", "geometry": {"type": "Point", "coordinates": [99.7637928, 19.8248003]}, "properties": {"id": "cr-osm-node-11116293238", "name": "Food court", "nameTh": null, "nameEn": "Food court", "cat": ["food"], "province": "cr"}}, {"type": "Feature", "geometry": {"type": "Point", "coordinates": [99.830051, 19.8747268]}, "properties": {"id": "cr-osm-node-6632629696", "name": "Food market", "nameTh": null, "nameEn": "Food market", "cat": ["food"], "province": "cr"}}, {"type": "Feature", "geometry": {"type": "Point", "coordinates": [99.8577254, 20.1500697]}, "properties": {"id": "cr-osm-node-6632634311", "name": "Food market", "nameTh": null, "nameEn": "Food market", "cat": ["food"], "province": "cr"}}, {"type": "Feature", "geometry": {"type": "Point", "coordinates": [100.0883775, 20.2768319]}, "properties": {"id": "cr-osm-node-6632676290", "name": "Food stalls along the river", "nameTh": null, "nameEn": "Food stalls along the river", "cat": ["food"], "province": "cr"}}, {"type": "Feature", "geometry": {"type": "Point", "coordinates": [100.0882982, 20.2817005]}, "properties": {"id": "cr-osm-node-2315752546", "name": "Foodcourt", "nameTh": null, "nameEn": "Foodcourt", "cat": ["food"], "province": "cr"}}, {"type": "Feature", "geometry": {"type": "Point", "coordinates": [99.4627356, 19.1149508]}, "properties": {"id": "cr-osm-node-1484306710", "name": "Fresh Coffee", "nameTh": null, "nameEn": "Fresh Coffee", "cat": ["food"], "province": "cr"}}, {"type": "Feature", "geometry": {"type": "Point", "coordinates": [99.8752952, 20.013655]}, "properties": {"id": "cr-osm-node-12647088203", "name": "Friendcation", "nameTh": null, "nameEn": "Friendcation", "cat": ["food"], "province": "cr"}}, {"type": "Feature", "geometry": {"type": "Point", "coordinates": [99.833326, 19.886323]}, "properties": {"id": "cr-osm-node-2334898013", "name": "Fuji", "nameTh": null, "nameEn": "Fuji", "cat": ["food"], "province": "cr"}}, {"type": "Feature", "geometry": {"type": "Point", "coordinates": [99.5097254, 19.2965537]}, "properties": {"id": "cr-osm-node-4693156092", "name": "Full House Coffee", "nameTh": "Full House Coffe", "nameEn": "Full House Coffee", "cat": ["food"], "province": "cr"}}, {"type": "Feature", "geometry": {"type": "Point", "coordinates": [99.8237071, 19.9014544]}, "properties": {"id": "cr-osm-node-5750601590", "name": "Full Moon Wellness", "nameTh": null, "nameEn": "Full Moon Wellness", "cat": ["food"], "province": "cr"}}, {"type": "Feature", "geometry": {"type": "Point", "coordinates": [99.8585448, 19.9754132]}, "properties": {"id": "cr-osm-node-2151144971", "name": "Gear Zix", "nameTh": null, "nameEn": "Gear Zix", "cat": ["food"], "province": "cr"}}, {"type": "Feature", "geometry": {"type": "Point", "coordinates": [99.8602885, 19.9934244]}, "properties": {"id": "cr-osm-node-11559137015", "name": "Ghana Coffee House", "nameTh": null, "nameEn": "Ghana Coffee House", "cat": ["food"], "province": "cr"}}, {"type": "Feature", "geometry": {"type": "Point", "coordinates": [99.8589413, 19.9924039]}, "properties": {"id": "cr-osm-way-653519354", "name": "Give Green Farm House", "nameTh": null, "nameEn": "Give Green Farm House", "cat": ["food"], "province": "cr"}}, {"type": "Feature", "geometry": {"type": "Point", "coordinates": [99.827529, 19.8962288]}, "properties": {"id": "cr-osm-node-7074541071", "name": "Glass Bar", "nameTh": null, "nameEn": "Glass Bar", "cat": ["food"], "province": "cr"}}, {"type": "Feature", "geometry": {"type": "Point", "coordinates": [99.8682371, 20.0097693]}, "properties": {"id": "cr-osm-node-11342767071", "name": "Go-Chiang Yunnan Restaurant", "nameTh": null, "nameEn": "Go-Chiang Yunnan Restaurant", "cat": ["food"], "province": "cr"}}, {"type": "Feature", "geometry": {"type": "Point", "coordinates": [100.0819325, 20.3540247]}, "properties": {"id": "cr-osm-node-7090383886", "name": "Golden View", "nameTh": null, "nameEn": "Golden View", "cat": ["food"], "province": "cr"}}, {"type": "Feature", "geometry": {"type": "Point", "coordinates": [99.8850376, 20.0433637]}, "properties": {"id": "cr-osm-node-3881555739", "name": "Good Belly b Tharnn", "nameTh": null, "nameEn": "Good Belly b Tharnn", "cat": ["food"], "province": "cr"}}, {"type": "Feature", "geometry": {"type": "Point", "coordinates": [99.8549596, 19.9779095]}, "properties": {"id": "cr-osm-node-11166076341", "name": "Good Cafe", "nameTh": null, "nameEn": "Good Cafe", "cat": ["food"], "province": "cr"}}, {"type": "Feature", "geometry": {"type": "Point", "coordinates": [99.832417, 19.8990765]}, "properties": {"id": "cr-osm-node-13435252058", "name": "Good Carb", "nameTh": null, "nameEn": "Good Carb", "cat": ["food"], "province": "cr"}}, {"type": "Feature", "geometry": {"type": "Point", "coordinates": [99.8090325, 19.9499959]}, "properties": {"id": "cr-osm-node-4542752167", "name": "Good Friend Coffee", "nameTh": null, "nameEn": "Good Friend Coffee", "cat": ["food"], "province": "cr"}}, {"type": "Feature", "geometry": {"type": "Point", "coordinates": [99.8854437, 20.3374781]}, "properties": {"id": "cr-osm-node-12996948808", "name": "Good Hill", "nameTh": null, "nameEn": "Good Hill", "cat": ["food"], "province": "cr"}}, {"type": "Feature", "geometry": {"type": "Point", "coordinates": [100.2680333, 19.6774373]}, "properties": {"id": "cr-osm-node-5640059821", "name": "Good Thai Food!", "nameTh": null, "nameEn": "Good Thai Food!", "cat": ["food"], "province": "cr"}}, {"type": "Feature", "geometry": {"type": "Point", "coordinates": [99.4630247, 19.1154785]}, "properties": {"id": "cr-osm-node-3149198654", "name": "Goods Coffee", "nameTh": null, "nameEn": "Goods Coffee", "cat": ["food"], "province": "cr"}}, {"type": "Feature", "geometry": {"type": "Point", "coordinates": [99.823687, 19.9022803]}, "properties": {"id": "cr-osm-way-997955933", "name": "Gotcha", "nameTh": null, "nameEn": "Gotcha", "cat": ["food"], "province": "cr"}}, {"type": "Feature", "geometry": {"type": "Point", "coordinates": [99.8298822, 19.9118978]}, "properties": {"id": "cr-osm-node-4434021404", "name": "Grace Bakery & Coffee", "nameTh": "Grace Bakery & Coffee", "nameEn": null, "cat": ["food"], "province": "cr"}}, {"type": "Feature", "geometry": {"type": "Point", "coordinates": [99.8330575, 19.902747]}, "properties": {"id": "cr-osm-node-12323004001", "name": "Grandma's house", "nameTh": null, "nameEn": "Grandma's house", "cat": ["food"], "province": "cr"}}, {"type": "Feature", "geometry": {"type": "Point", "coordinates": [99.8370631, 19.9040122]}, "properties": {"id": "cr-osm-node-6534645885", "name": "Green", "nameTh": null, "nameEn": "Green", "cat": ["food"], "province": "cr"}}, {"type": "Feature", "geometry": {"type": "Point", "coordinates": [99.8531247, 20.1458763]}, "properties": {"id": "cr-osm-node-12485947485", "name": "Green House", "nameTh": null, "nameEn": "Green House", "cat": ["food"], "province": "cr"}}, {"type": "Feature", "geometry": {"type": "Point", "coordinates": [100.1297486, 20.0636492]}, "properties": {"id": "cr-osm-node-4590099194", "name": "Green Hut", "nameTh": null, "nameEn": "Green Hut", "cat": ["food"], "province": "cr"}}, {"type": "Feature", "geometry": {"type": "Point", "coordinates": [99.6842985, 19.7460904]}, "properties": {"id": "cr-osm-node-5307804222", "name": "Green Nat Cafe", "nameTh": null, "nameEn": "Green Nat Cafe", "cat": ["food"], "province": "cr"}}, {"type": "Feature", "geometry": {"type": "Point", "coordinates": [99.8509196, 19.9031142]}, "properties": {"id": "cr-osm-node-7282279573", "name": "Greenhouse Cafe & Bistro", "nameTh": null, "nameEn": "Greenhouse Cafe & Bistro", "cat": ["food"], "province": "cr"}}, {"type": "Feature", "geometry": {"type": "Point", "coordinates": [99.7643325, 19.8243853]}, "properties": {"id": "cr-osm-node-2138393229", "name": "Greenhut Coffee", "nameTh": null, "nameEn": "Greenhut Coffee", "cat": ["food"], "province": "cr"}}, {"type": "Feature", "geometry": {"type": "Point", "coordinates": [99.851167, 20.0337967]}, "properties": {"id": "cr-osm-node-12908650250", "name": "Gui Lah Coffe and Organic Farm", "nameTh": null, "nameEn": "Gui Lah Coffe and Organic Farm", "cat": ["food"], "province": "cr"}}, {"type": "Feature", "geometry": {"type": "Point", "coordinates": [100.1807873, 19.7001185]}, "properties": {"id": "cr-osm-node-7090395885", "name": "Guinguette", "nameTh": null, "nameEn": "Guinguette", "cat": ["food"], "province": "cr"}}, {"type": "Feature", "geometry": {"type": "Point", "coordinates": [99.8677028, 20.0745782]}, "properties": {"id": "cr-osm-node-11949871150", "name": "Hacienda Coffee House & Restaurant", "nameTh": null, "nameEn": "Hacienda Coffee House & Restaurant", "cat": ["food"], "province": "cr"}}, {"type": "Feature", "geometry": {"type": "Point", "coordinates": [100.4065794, 20.2619103]}, "properties": {"id": "cr-osm-node-5306506917", "name": "Hailam Chicken on Rice", "nameTh": null, "nameEn": "Hailam Chicken on Rice", "cat": ["food"], "province": "cr"}}, {"type": "Feature", "geometry": {"type": "Point", "coordinates": [99.8848306, 20.4306563]}, "properties": {"id": "cr-osm-node-9701781417", "name": "Halal food", "nameTh": null, "nameEn": "Halal food", "cat": ["food"], "province": "cr"}}, {"type": "Feature", "geometry": {"type": "Point", "coordinates": [99.8212348, 19.9010336]}, "properties": {"id": "cr-osm-node-6635204695", "name": "Hand", "nameTh": null, "nameEn": "Hand", "cat": ["food"], "province": "cr"}}, {"type": "Feature", "geometry": {"type": "Point", "coordinates": [99.8432718, 19.9364757]}, "properties": {"id": "cr-osm-node-4395544219", "name": "Hang Out Bar", "nameTh": null, "nameEn": "Hang Out Bar", "cat": ["food"], "province": "cr"}}, {"type": "Feature", "geometry": {"type": "Point", "coordinates": [99.8325742, 19.9030388]}, "properties": {"id": "cr-osm-node-2328179586", "name": "Hangover", "nameTh": null, "nameEn": "Hangover", "cat": ["food"], "province": "cr"}}, {"type": "Feature", "geometry": {"type": "Point", "coordinates": [99.8279876, 19.8975262]}, "properties": {"id": "cr-osm-way-643217606", "name": "Hardcore Coffee", "nameTh": null, "nameEn": "Hardcore Coffee", "cat": ["food"], "province": "cr"}}, {"type": "Feature", "geometry": {"type": "Point", "coordinates": [99.8310493, 19.9061012]}, "properties": {"id": "cr-osm-node-5320151028", "name": "Heaven Burger", "nameTh": null, "nameEn": "Heaven Burger", "cat": ["food"], "province": "cr"}}, {"type": "Feature", "geometry": {"type": "Point", "coordinates": [99.8495947, 19.9691384]}, "properties": {"id": "cr-osm-way-1197823633", "name": "Heaven Café : Marble", "nameTh": null, "nameEn": "Heaven Café : Marble", "cat": ["food"], "province": "cr"}}, {"type": "Feature", "geometry": {"type": "Point", "coordinates": [99.8478883, 19.9668971]}, "properties": {"id": "cr-osm-node-4811264237", "name": "Hello coffee and noodles", "nameTh": null, "nameEn": "Hello coffee and noodles", "cat": ["food"], "province": "cr"}}, {"type": "Feature", "geometry": {"type": "Point", "coordinates": [99.8311628, 19.9065073]}, "properties": {"id": "cr-osm-node-2450214473", "name": "Hi 5 Bar", "nameTh": null, "nameEn": "Hi 5 Bar", "cat": ["food"], "province": "cr"}}, {"type": "Feature", "geometry": {"type": "Point", "coordinates": [99.8294223, 19.9072316]}, "properties": {"id": "cr-osm-node-13304592201", "name": "Hoi Tot Fried Oyster Omelette", "nameTh": null, "nameEn": "Hoi Tot Fried Oyster Omelette", "cat": ["food"], "province": "cr"}}, {"type": "Feature", "geometry": {"type": "Point", "coordinates": [99.5294863, 19.6455302]}, "properties": {"id": "cr-osm-node-13294498796", "name": "Hom Coffee", "nameTh": null, "nameEn": "Hom Coffee", "cat": ["food"], "province": "cr"}}, {"type": "Feature", "geometry": {"type": "Point", "coordinates": [99.5070443, 19.351503]}, "properties": {"id": "cr-osm-way-1349668543", "name": "Hong Kong roaster", "nameTh": null, "nameEn": "Hong Kong roaster", "cat": ["food"], "province": "cr"}}, {"type": "Feature", "geometry": {"type": "Point", "coordinates": [99.8887761, 20.4388792]}, "properties": {"id": "cr-osm-node-13523431001", "name": "Hoppy Cafe cake coffee tea", "nameTh": null, "nameEn": "Hoppy Cafe cake coffee tea", "cat": ["food"], "province": "cr"}}, {"type": "Feature", "geometry": {"type": "Point", "coordinates": [99.918146, 19.9457091]}, "properties": {"id": "cr-osm-node-13523596601", "name": "Horizon Cafe & Restaurant", "nameTh": null, "nameEn": "Horizon Cafe & Restaurant", "cat": ["food"], "province": "cr"}}, {"type": "Feature", "geometry": {"type": "Point", "coordinates": [99.8330305, 19.8860914]}, "properties": {"id": "cr-osm-node-8946977329", "name": "Hot Pot Buffet", "nameTh": null, "nameEn": "Hot Pot Buffet", "cat": ["food"], "province": "cr"}}, {"type": "Feature", "geometry": {"type": "Point", "coordinates": [100.0794702, 20.2718353]}, "properties": {"id": "cr-osm-node-5606151422", "name": "Huen Sabaidee", "nameTh": null, "nameEn": "Huen Sabaidee", "cat": ["food"], "province": "cr"}}, {"type": "Feature", "geometry": {"type": "Point", "coordinates": [100.079858, 20.271211]}, "properties": {"id": "cr-osm-node-5401231121", "name": "Huen Sabaidee Vietnamese Restaurant", "nameTh": null, "nameEn": "Huen Sabaidee Vietnamese Restaurant", "cat": ["food"], "province": "cr"}}, {"type": "Feature", "geometry": {"type": "Point", "coordinates": [99.8310253, 19.9062076]}, "properties": {"id": "cr-osm-node-9472984449", "name": "Hungry Nest", "nameTh": null, "nameEn": "Hungry Nest", "cat": ["food"], "province": "cr"}}, {"type": "Feature", "geometry": {"type": "Point", "coordinates": [99.5367198, 19.6587473]}, "properties": {"id": "cr-osm-node-5215815623", "name": "Hut Coffee", "nameTh": null, "nameEn": "Hut Coffee", "cat": ["food"], "province": "cr"}}, {"type": "Feature", "geometry": {"type": "Point", "coordinates": [99.8199052, 19.899005]}, "properties": {"id": "cr-osm-node-3214139851", "name": "Hut House", "nameTh": null, "nameEn": "Hut House", "cat": ["food"], "province": "cr"}}, {"type": "Feature", "geometry": {"type": "Point", "coordinates": [100.0885531, 20.2857242]}, "properties": {"id": "cr-osm-node-5810517059", "name": "Hut of love", "nameTh": null, "nameEn": "Hut of love", "cat": ["food"], "province": "cr"}}, {"type": "Feature", "geometry": {"type": "Point", "coordinates": [99.8337098, 19.8865097]}, "properties": {"id": "cr-osm-node-8938699740", "name": "IROHA Ramen & Izakaya Chiang Rai - อิโรฮะ ราเมง & อิซากายะ เชียงราย", "nameTh": "IROHA Ramen & Izakaya Chiang Rai - อิโรฮะ ราเมง & อิซากายะ เชียงราย", "nameEn": null, "cat": ["food"], "province": "cr"}}, {"type": "Feature", "geometry": {"type": "Point", "coordinates": [99.8580587, 19.9046081]}, "properties": {"id": "cr-osm-node-7298407064", "name": "Implaphao", "nameTh": null, "nameEn": "Implaphao", "cat": ["food"], "province": "cr"}}, {"type": "Feature", "geometry": {"type": "Point", "coordinates": [99.8294313, 19.8988349]}, "properties": {"id": "cr-osm-node-10564098709", "name": "In Am's Kitchen", "nameTh": null, "nameEn": "In Am's Kitchen", "cat": ["food"], "province": "cr"}}, {"type": "Feature", "geometry": {"type": "Point", "coordinates": [99.8073151, 20.1949658]}, "properties": {"id": "cr-osm-node-11343061170", "name": "Ing Chan farm and lake", "nameTh": null, "nameEn": "Ing Chan farm and lake", "cat": ["food"], "province": "cr"}}, {"type": "Feature", "geometry": {"type": "Point", "coordinates": [99.772446, 19.9281909]}, "properties": {"id": "cr-osm-node-13114007001", "name": "Inspire by PRINCESS @Doi Hang", "nameTh": null, "nameEn": "Inspire by PRINCESS @Doi Hang", "cat": ["food"], "province": "cr"}}, {"type": "Feature", "geometry": {"type": "Point", "coordinates": [99.8097802, 20.1262323]}, "properties": {"id": "cr-osm-node-2147430793", "name": "Internet Cafe", "nameTh": null, "nameEn": "Internet Cafe", "cat": ["food"], "province": "cr"}}, {"type": "Feature", "geometry": {"type": "Point", "coordinates": [99.5122189, 19.3048261]}, "properties": {"id": "cr-osm-node-11445811738", "name": "Inthanin Coffee", "nameTh": null, "nameEn": "Inthanin Coffee", "cat": ["food"], "province": "cr"}}, {"type": "Feature", "geometry": {"type": "Point", "coordinates": [99.5137823, 19.2469225]}, "properties": {"id": "cr-osm-node-4517888916", "name": "J-Food&Drink", "nameTh": null, "nameEn": "J-Food&Drink", "cat": ["food"], "province": "cr"}}, {"type": "Feature", "geometry": {"type": "Point", "coordinates": [99.5648007, 19.813412]}, "properties": {"id": "cr-osm-node-4365387811", "name": "Ja Dae Coffee", "nameTh": null, "nameEn": "Ja Dae Coffee", "cat": ["food"], "province": "cr"}}, {"type": "Feature", "geometry": {"type": "Point", "coordinates": [99.8602687, 19.99235]}, "properties": {"id": "cr-osm-node-12860331935", "name": "Jack The Reaper", "nameTh": null, "nameEn": "Jack The Reaper", "cat": ["food"], "province": "cr"}}, {"type": "Feature", "geometry": {"type": "Point", "coordinates": [99.5558161, 19.8026749]}, "properties": {"id": "cr-osm-node-6734219091", "name": "Jadae House", "nameTh": null, "nameEn": "Jadae House", "cat": ["food"], "province": "cr"}}, {"type": "Feature", "geometry": {"type": "Point", "coordinates": [99.8130902, 19.9037793]}, "properties": {"id": "cr-osm-node-13086518748", "name": "James Art Coffee", "nameTh": null, "nameEn": "James Art Coffee", "cat": ["food"], "province": "cr"}}, {"type": "Feature", "geometry": {"type": "Point", "coordinates": [99.8331555, 19.9067548]}, "properties": {"id": "cr-osm-node-4415950689", "name": "Jatujak", "nameTh": "Jatujak", "nameEn": null, "cat": ["food"], "province": "cr"}}, {"type": "Feature", "geometry": {"type": "Point", "coordinates": [99.8293143, 19.9075077]}, "properties": {"id": "cr-osm-way-960934947", "name": "Jeni", "nameTh": "เจ๊นี อาหารจามสั่ง", "nameEn": "Jeni", "cat": ["food"], "province": "cr"}}, {"type": "Feature", "geometry": {"type": "Point", "coordinates": [99.85302, 19.9087145]}, "properties": {"id": "cr-osm-node-6822960510", "name": "Jianghai Kitchen", "nameTh": null, "nameEn": "Jianghai Kitchen", "cat": ["food"], "province": "cr"}}, {"type": "Feature", "geometry": {"type": "Point", "coordinates": [100.0918556, 20.3241956]}, "properties": {"id": "cr-osm-node-2327148021", "name": "Jinda's Kitchen", "nameTh": null, "nameEn": "Jinda's Kitchen", "cat": ["food"], "province": "cr"}}, {"type": "Feature", "geometry": {"type": "Point", "coordinates": [99.9951125, 20.4122454]}, "properties": {"id": "cr-osm-node-4728768690", "name": "Jinnaluck Cafe", "nameTh": null, "nameEn": "Jinnaluck Cafe", "cat": ["food"], "province": "cr"}}, {"type": "Feature", "geometry": {"type": "Point", "coordinates": [99.861516, 19.9236584]}, "properties": {"id": "cr-osm-node-13858142801", "name": "Joiwoii Beach (หาดจอยวอย)", "nameTh": "Joiwoii Beach (หาดจอยวอย)", "nameEn": null, "cat": ["food"], "province": "cr"}}, {"type": "Feature", "geometry": {"type": "Point", "coordinates": [99.8731054, 20.1092969]}, "properties": {"id": "cr-osm-node-4527048033", "name": "Ju & Dee 8", "nameTh": null, "nameEn": "Ju & Dee 8", "cat": ["food"], "province": "cr"}}, {"type": "Feature", "geometry": {"type": "Point", "coordinates": [99.5117232, 19.3172751]}, "properties": {"id": "cr-osm-node-2843294511", "name": "Jube World", "nameTh": null, "nameEn": "Jube World", "cat": ["food"], "province": "cr"}}, {"type": "Feature", "geometry": {"type": "Point", "coordinates": [99.8192624, 19.9045739]}, "properties": {"id": "cr-osm-node-9121752698", "name": "K-food K-pop", "nameTh": null, "nameEn": "K-food K-pop", "cat": ["food"], "province": "cr"}}, {"type": "Feature", "geometry": {"type": "Point", "coordinates": [99.7319524, 19.7526679]}, "properties": {"id": "cr-osm-node-11345485570", "name": "KFC", "nameTh": null, "nameEn": "KFC", "cat": ["food"], "province": "cr"}}, {"type": "Feature", "geometry": {"type": "Point", "coordinates": [99.883594, 20.407492]}, "properties": {"id": "cr-osm-node-2193422313", "name": "KFC", "nameTh": "เค เอฟ ซี", "nameEn": "KFC", "cat": ["food"], "province": "cr"}}, {"type": "Feature", "geometry": {"type": "Point", "coordinates": [99.837189, 19.888604]}, "properties": {"id": "cr-osm-node-2334898014", "name": "KFC", "nameTh": "เค เอฟ ซี", "nameEn": "KFC", "cat": ["food"], "province": "cr"}}, {"type": "Feature", "geometry": {"type": "Point", "coordinates": [99.834217, 19.886572]}, "properties": {"id": "cr-osm-node-3145141929", "name": "KFC", "nameTh": "เค เอฟ ซี", "nameEn": "KFC", "cat": ["food"], "province": "cr"}}, {"type": "Feature", "geometry": {"type": "Point", "coordinates": [99.8696343, 20.0118125]}, "properties": {"id": "cr-osm-node-6039357353", "name": "KFC", "nameTh": null, "nameEn": "KFC", "cat": ["food"], "province": "cr"}}, {"type": "Feature", "geometry": {"type": "Point", "coordinates": [99.5148122, 19.1929664]}, "properties": {"id": "cr-osm-node-9331635017", "name": "KFC", "nameTh": null, "nameEn": "KFC", "cat": ["food"], "province": "cr"}}, {"type": "Feature", "geometry": {"type": "Point", "coordinates": [99.8442049, 19.931118]}, "properties": {"id": "cr-osm-way-1125407054", "name": "KFC", "nameTh": null, "nameEn": "KFC", "cat": ["food"], "province": "cr"}}, {"type": "Feature", "geometry": {"type": "Point", "coordinates": [100.2662324, 19.8395162]}, "properties": {"id": "cr-osm-node-7866817285", "name": "Kafé", "nameTh": null, "nameEn": "Kafé", "cat": ["food"], "province": "cr"}}, {"type": "Feature", "geometry": {"type": "Point", "coordinates": [99.7725156, 19.8665318]}, "properties": {"id": "cr-osm-node-5608631523", "name": "Kahawa Café & Bakery", "nameTh": null, "nameEn": "Kahawa Café & Bakery", "cat": ["food"], "province": "cr"}}, {"type": "Feature", "geometry": {"type": "Point", "coordinates": [99.8961999, 20.4243223]}, "properties": {"id": "cr-osm-node-10244676324", "name": "Kampai", "nameTh": null, "nameEn": "Kampai", "cat": ["food"], "province": "cr"}}, {"type": "Feature", "geometry": {"type": "Point", "coordinates": [99.8026233, 19.8900674]}, "properties": {"id": "cr-osm-way-666388688", "name": "Kane Car Care & Cafe", "nameTh": null, "nameEn": "Kane Car Care & Cafe", "cat": ["food"], "province": "cr"}}, {"type": "Feature", "geometry": {"type": "Point", "coordinates": [99.8558502, 20.2721999]}, "properties": {"id": "cr-osm-node-6336971585", "name": "Kao Soi Restaurant", "nameTh": null, "nameEn": "Kao Soi Restaurant", "cat": ["food"], "province": "cr"}}, {"type": "Feature", "geometry": {"type": "Point", "coordinates": [99.7628045, 19.5229695]}, "properties": {"id": "cr-osm-node-4100977997", "name": "Karaoke Bar", "nameTh": null, "nameEn": "Karaoke Bar", "cat": ["food"], "province": "cr"}}, {"type": "Feature", "geometry": {"type": "Point", "coordinates": [99.8292472, 19.9075092]}, "properties": {"id": "cr-osm-way-960934946", "name": "Khao Man Kai Kai Ton", "nameTh": "ข้าวมันไก่ ไก่ตอน", "nameEn": "Khao Man Kai Kai Ton", "cat": ["food"], "province": "cr"}}, {"type": "Feature", "geometry": {"type": "Point", "coordinates": [100.404005, 20.2661267]}, "properties": {"id": "cr-osm-node-5801543753", "name": "Khao Soi Pa Orn", "nameTh": null, "nameEn": "Khao Soi Pa Orn", "cat": ["food"], "province": "cr"}}, {"type": "Feature", "geometry": {"type": "Point", "coordinates": [99.8348727, 19.9051959]}, "properties": {"id": "cr-osm-node-12314121401", "name": "Khao Soi Restaurant", "nameTh": null, "nameEn": "Khao Soi Restaurant", "cat": ["food"], "province": "cr"}}, {"type": "Feature", "geometry": {"type": "Point", "coordinates": [99.8328978, 19.910972]}, "properties": {"id": "cr-osm-way-963829102", "name": "Khao Tom Kan Wiang", "nameTh": "ข้าวต้มกลางเวียง", "nameEn": "Khao Tom Kan Wiang", "cat": ["food"], "province": "cr"}}, {"type": "Feature", "geometry": {"type": "Point", "coordinates": [99.8287347, 19.9079005]}, "properties": {"id": "cr-osm-way-960934927", "name": "Khao Tom Riian Bath", "nameTh": "ข้าวต้มเหรียญบาท", "nameEn": "Khao Tom Riian Bath", "cat": ["food"], "province": "cr"}}, {"type": "Feature", "geometry": {"type": "Point", "coordinates": [100.4137097, 20.2512965]}, "properties": {"id": "cr-osm-node-5239400223", "name": "Khumwang Restaurant", "nameTh": null, "nameEn": "Khumwang Restaurant", "cat": ["food"], "province": "cr"}}, {"type": "Feature", "geometry": {"type": "Point", "coordinates": [99.3978662, 19.0787576]}, "properties": {"id": "cr-osm-node-9500095203", "name": "Khun Lao Coffee", "nameTh": null, "nameEn": "Khun Lao Coffee", "cat": ["food"], "province": "cr"}}, {"type": "Feature", "geometry": {"type": "Point", "coordinates": [99.6031289, 19.7174346]}, "properties": {"id": "cr-osm-way-552752883", "name": "King Coffee", "nameTh": null, "nameEn": "King Coffee", "cat": ["food"], "province": "cr"}}, {"type": "Feature", "geometry": {"type": "Point", "coordinates": [99.8308501, 19.9073351]}, "properties": {"id": "cr-osm-way-959733189", "name": "Knifeshift", "nameTh": null, "nameEn": "Knifeshift", "cat": ["food"], "province": "cr"}}, {"type": "Feature", "geometry": {"type": "Point", "coordinates": [99.4838355, 19.9133404]}, "properties": {"id": "cr-osm-node-9478430541", "name": "Koju Cafe", "nameTh": null, "nameEn": "Koju Cafe", "cat": ["food"], "province": "cr"}}, {"type": "Feature", "geometry": {"type": "Point", "coordinates": [99.528888, 19.6457695]}, "properties": {"id": "cr-osm-node-5002546221", "name": "Krua Khun Yay", "nameTh": null, "nameEn": "Krua Khun Yay", "cat": ["food"], "province": "cr"}}, {"type": "Feature", "geometry": {"type": "Point", "coordinates": [99.8983071, 20.0577484]}, "properties": {"id": "cr-osm-way-1285536827", "name": "Krua Lamduan", "nameTh": null, "nameEn": "Krua Lamduan", "cat": ["food"], "province": "cr"}}, {"type": "Feature", "geometry": {"type": "Point", "coordinates": [99.811232, 20.2893249]}, "properties": {"id": "cr-osm-node-2316793762", "name": "Krua Tamnak", "nameTh": null, "nameEn": "Krua Tamnak", "cat": ["food"], "province": "cr"}}, {"type": "Feature", "geometry": {"type": "Point", "coordinates": [99.8386033, 19.9815793]}, "properties": {"id": "cr-osm-node-13681370301", "name": "Ku-Ni Coffee Roaster", "nameTh": null, "nameEn": "Ku-Ni Coffee Roaster", "cat": ["food"], "province": "cr"}}, {"type": "Feature", "geometry": {"type": "Point", "coordinates": [99.8288463, 19.9071576]}, "properties": {"id": "cr-osm-way-960934970", "name": "Kunda Vegan", "nameTh": "คุนดา วีแกน", "nameEn": "Kunda Vegan", "cat": ["food"], "province": "cr"}}, {"type": "Feature", "geometry": {"type": "Point", "coordinates": [99.8288045, 19.9071189]}, "properties": {"id": "cr-osm-node-13389915801", "name": "Kunda Vegetarian Café", "nameTh": null, "nameEn": "Kunda Vegetarian Café", "cat": ["food"], "province": "cr"}}, {"type": "Feature", "geometry": {"type": "Point", "coordinates": [100.1453612, 19.6900248]}, "properties": {"id": "cr-osm-node-7013837285", "name": "Kung Phen Restaurant", "nameTh": null, "nameEn": "Kung Phen Restaurant", "cat": ["food"], "province": "cr"}}, {"type": "Feature", "geometry": {"type": "Point", "coordinates": [99.8319336, 19.9060712]}, "properties": {"id": "cr-osm-node-12718282001", "name": "La Gatta", "nameTh": null, "nameEn": "La Gatta", "cat": ["food"], "province": "cr"}}, {"type": "Feature", "geometry": {"type": "Point", "coordinates": [99.8310889, 19.9058681]}, "properties": {"id": "cr-osm-node-9473041863", "name": "La Gatta", "nameTh": null, "nameEn": "La Gatta", "cat": ["food"], "province": "cr"}}, {"type": "Feature", "geometry": {"type": "Point", "coordinates": [99.7438072, 19.552416]}, "properties": {"id": "cr-osm-node-4101050289", "name": "La Moon Cafe", "nameTh": null, "nameEn": "La Moon Cafe", "cat": ["food"], "province": "cr"}}, {"type": "Feature", "geometry": {"type": "Point", "coordinates": [99.8312731, 19.9069186]}, "properties": {"id": "cr-osm-node-10199600350", "name": "La Ola", "nameTh": null, "nameEn": "La Ola", "cat": ["food"], "province": "cr"}}, {"type": "Feature", "geometry": {"type": "Point", "coordinates": [100.0437527, 20.349215]}, "properties": {"id": "cr-osm-node-4920242721", "name": "La Vallee", "nameTh": null, "nameEn": "La Vallee", "cat": ["food"], "province": "cr"}}, {"type": "Feature", "geometry": {"type": "Point", "coordinates": [99.8267089, 19.9072371]}, "properties": {"id": "cr-osm-node-5698819621", "name": "Laan Tim Cafe’s & Gallery", "nameTh": null, "nameEn": "Laan Tim Cafe’s & Gallery", "cat": ["food"], "province": "cr"}}, {"type": "Feature", "geometry": {"type": "Point", "coordinates": [99.8607639, 20.0423874]}, "properties": {"id": "cr-osm-node-4805513821", "name": "Lake Hill Resort", "nameTh": "Lake Hill Resort", "nameEn": null, "cat": ["food"], "province": "cr"}}, {"type": "Feature", "geometry": {"type": "Point", "coordinates": [99.8112885, 19.9424815]}, "properties": {"id": "cr-osm-node-9504022997", "name": "Lalitta Cafe", "nameTh": null, "nameEn": "Lalitta Cafe", "cat": ["food"], "province": "cr"}}, {"type": "Feature", "geometry": {"type": "Point", "coordinates": [99.531455, 19.6474881]}, "properties": {"id": "cr-osm-node-4946533121", "name": "Lam-Tho-Noodle & Coffee", "nameTh": null, "nameEn": "Lam-Tho-Noodle & Coffee", "cat": ["food"], "province": "cr"}}, {"type": "Feature", "geometry": {"type": "Point", "coordinates": [100.0783228, 20.2748981]}, "properties": {"id": "cr-osm-node-2313723098", "name": "Lan Gae", "nameTh": null, "nameEn": "Lan Gae", "cat": ["food"], "province": "cr"}}, {"type": "Feature", "geometry": {"type": "Point", "coordinates": [99.8436399, 19.9691905]}, "properties": {"id": "cr-osm-node-12850666382", "name": "Lan Hong Nam", "nameTh": null, "nameEn": "Lan Hong Nam", "cat": ["food"], "province": "cr"}}, {"type": "Feature", "geometry": {"type": "Point", "coordinates": [100.120927, 19.8711695]}, "properties": {"id": "cr-osm-node-7904989385", "name": "Lanna Coffee", "nameTh": null, "nameEn": "Lanna Coffee", "cat": ["food"], "province": "cr"}}, {"type": "Feature", "geometry": {"type": "Point", "coordinates": [99.5030469, 19.3890787]}, "properties": {"id": "cr-osm-way-1346987167", "name": "Lanna Food Restaurant", "nameTh": null, "nameEn": "Lanna Food Restaurant", "cat": ["food"], "province": "cr"}}, {"type": "Feature", "geometry": {"type": "Point", "coordinates": [99.4628106, 19.1149999]}, "properties": {"id": "cr-osm-node-5316309171", "name": "Lanvolk Happy Cafe", "nameTh": null, "nameEn": "Lanvolk Happy Cafe", "cat": ["food"], "province": "cr"}}, {"type": "Feature", "geometry": {"type": "Point", "coordinates": [99.8300162, 19.9067785]}, "properties": {"id": "cr-osm-node-5083461721", "name": "Laoma Express", "nameTh": null, "nameEn": "Laoma Express", "cat": ["food"], "province": "cr"}}, {"type": "Feature", "geometry": {"type": "Point", "coordinates": [99.8272275, 19.8951642]}, "properties": {"id": "cr-osm-node-1693702906", "name": "Le Barra", "nameTh": null, "nameEn": "Le Barra", "cat": ["food"], "province": "cr"}}, {"type": "Feature", "geometry": {"type": "Point", "coordinates": [99.8246891, 19.9015962]}, "properties": {"id": "cr-osm-way-1075480911", "name": "Le Petit", "nameTh": null, "nameEn": "Le Petit", "cat": ["food"], "province": "cr"}}, {"type": "Feature", "geometry": {"type": "Point", "coordinates": [99.8670523, 20.0473772]}, "properties": {"id": "cr-osm-node-13114007901", "name": "Le chariot Ban Kasem Luang", "nameTh": null, "nameEn": "Le chariot Ban Kasem Luang", "cat": ["food"], "province": "cr"}}, {"type": "Feature", "geometry": {"type": "Point", "coordinates": [99.8027261, 19.9434741]}, "properties": {"id": "cr-osm-node-6424540488", "name": "Lee Hu Doichang Coffee", "nameTh": null, "nameEn": "Lee Hu Doichang Coffee", "cat": ["food"], "province": "cr"}}, {"type": "Feature", "geometry": {"type": "Point", "coordinates": [99.49404, 19.1374]}, "properties": {"id": "cr-osm-node-4332320289", "name": "Lemon Garden", "nameTh": null, "nameEn": "Lemon Garden", "cat": ["food"], "province": "cr"}}, {"type": "Feature", "geometry": {"type": "Point", "coordinates": [99.8212053, 19.9067601]}, "properties": {"id": "cr-osm-way-960625768", "name": "Little Home", "nameTh": null, "nameEn": "Little Home", "cat": ["food"], "province": "cr"}}, {"type": "Feature", "geometry": {"type": "Point", "coordinates": [99.6953503, 19.9563846]}, "properties": {"id": "cr-osm-node-12717825401", "name": "Local Restaurant", "nameTh": null, "nameEn": "Local Restaurant", "cat": ["food"], "province": "cr"}}, {"type": "Feature", "geometry": {"type": "Point", "coordinates": [99.8419527, 19.8919074]}, "properties": {"id": "cr-osm-way-436490687", "name": "Loft Loft coffee & car wash", "nameTh": null, "nameEn": "Loft Loft coffee & car wash", "cat": ["food"], "province": "cr"}}, {"type": "Feature", "geometry": {"type": "Point", "coordinates": [99.5163529, 19.2241545]}, "properties": {"id": "cr-osm-way-675078299", "name": "Love Spoon Coffee House & Restaurant", "nameTh": null, "nameEn": "Love Spoon Coffee House & Restaurant", "cat": ["food"], "province": "cr"}}, {"type": "Feature", "geometry": {"type": "Point", "coordinates": [99.7408082, 19.5462904]}, "properties": {"id": "cr-osm-node-4107186719", "name": "Love Terrong", "nameTh": null, "nameEn": "Love Terrong", "cat": ["food"], "province": "cr"}}, {"type": "Feature", "geometry": {"type": "Point", "coordinates": [100.082892, 20.3482715]}, "properties": {"id": "cr-osm-node-6380934900", "name": "Lucky coffee cafe", "nameTh": null, "nameEn": "Lucky coffee cafe", "cat": ["food"], "province": "cr"}}, {"type": "Feature", "geometry": {"type": "Point", "coordinates": [99.8424341, 19.9063075]}, "properties": {"id": "cr-osm-node-3999074379", "name": "Lung Eed", "nameTh": null, "nameEn": "Lung Eed", "cat": ["food"], "province": "cr"}}, {"type": "Feature", "geometry": {"type": "Point", "coordinates": [99.8195726, 19.945583]}, "properties": {"id": "cr-osm-node-9669590803", "name": "Lung Tor Yoddoi Coffee", "nameTh": null, "nameEn": "Lung Tor Yoddoi Coffee", "cat": ["food"], "province": "cr"}}, {"type": "Feature", "geometry": {"type": "Point", "coordinates": [99.8596492, 19.9786673]}, "properties": {"id": "cr-osm-node-12606010962", "name": "MJ Shabu", "nameTh": null, "nameEn": "MJ Shabu", "cat": ["food"], "province": "cr"}}, {"type": "Feature", "geometry": {"type": "Point", "coordinates": [99.883582, 20.407109]}, "properties": {"id": "cr-osm-node-2193422312", "name": "MK Restaurants", "nameTh": null, "nameEn": "MK Restaurants", "cat": ["food"], "province": "cr"}}, {"type": "Feature", "geometry": {"type": "Point", "coordinates": [99.837262, 19.888886]}, "properties": {"id": "cr-osm-node-2334898015", "name": "MK Restaurants", "nameTh": null, "nameEn": "MK Restaurants", "cat": ["food"], "province": "cr"}}, {"type": "Feature", "geometry": {"type": "Point", "coordinates": [99.8336481, 19.8865049]}, "properties": {"id": "cr-osm-node-8946977332", "name": "MK Restaurants", "nameTh": null, "nameEn": "MK Restaurants", "cat": ["food"], "province": "cr"}}, {"type": "Feature", "geometry": {"type": "Point", "coordinates": [99.7561219, 19.9228619]}, "properties": {"id": "cr-osm-node-6053723653", "name": "Madam Hill Coffee", "nameTh": null, "nameEn": "Madam Hill Coffee", "cat": ["food"], "province": "cr"}}, {"type": "Feature", "geometry": {"type": "Point", "coordinates": [99.8563286, 20.0281343]}, "properties": {"id": "cr-osm-node-13360754833", "name": "Madam M Cafe", "nameTh": null, "nameEn": "Madam M Cafe", "cat": ["food"], "province": "cr"}}, {"type": "Feature", "geometry": {"type": "Point", "coordinates": [100.0885037, 20.3338176]}, "properties": {"id": "cr-osm-node-13264567982", "name": "Madoobar & Restaurant", "nameTh": null, "nameEn": "Madoobar & Restaurant", "cat": ["food"], "province": "cr"}}, {"type": "Feature", "geometry": {"type": "Point", "coordinates": [99.8864156, 20.4423552]}, "properties": {"id": "cr-osm-node-11118967325", "name": "Mae Sai Health", "nameTh": null, "nameEn": "Mae Sai Health", "cat": ["food"], "province": "cr"}}, {"type": "Feature", "geometry": {"type": "Point", "coordinates": [99.7383391, 19.6109669]}, "properties": {"id": "cr-osm-node-8980035257", "name": "Maimorn Farm Cafe", "nameTh": null, "nameEn": "Maimorn Farm Cafe", "cat": ["food"], "province": "cr"}}, {"type": "Feature", "geometry": {"type": "Point", "coordinates": [99.8291918, 19.90751]}, "properties": {"id": "cr-osm-way-960934945", "name": "Makan", "nameTh": "มากัน", "nameEn": "Makan", "cat": ["food"], "province": "cr"}}, {"type": "Feature", "geometry": {"type": "Point", "coordinates": [99.8356466, 19.940316]}, "properties": {"id": "cr-osm-node-13114007401", "name": "Makao Coffee Retro", "nameTh": "ม่ะเก่า Coffee & Retro", "nameEn": "Makao Coffee Retro", "cat": ["food"], "province": "cr"}}, {"type": "Feature", "geometry": {"type": "Point", "coordinates": [99.7445829, 19.8523958]}, "properties": {"id": "cr-osm-node-6631611289", "name": "Mama coffee", "nameTh": null, "nameEn": "Mama coffee", "cat": ["food"], "province": "cr"}}, {"type": "Feature", "geometry": {"type": "Point", "coordinates": [99.8420064, 19.9206623]}, "properties": {"id": "cr-osm-node-4255699889", "name": "Manorom", "nameTh": null, "nameEn": "Manorom", "cat": ["food"], "province": "cr"}}, {"type": "Feature", "geometry": {"type": "Point", "coordinates": [99.834793, 19.88642]}, "properties": {"id": "cr-osm-node-2334898016", "name": "McDonald's", "nameTh": "แมคโดนัลด์", "nameEn": "McDonald's", "cat": ["food"], "province": "cr"}}, {"type": "Feature", "geometry": {"type": "Point", "coordinates": [99.8344438, 19.904183]}, "properties": {"id": "cr-osm-way-968343202", "name": "Me Mango", "nameTh": null, "nameEn": "Me Mango", "cat": ["food"], "province": "cr"}}, {"type": "Feature", "geometry": {"type": "Point", "coordinates": [99.4990781, 19.7821888]}, "properties": {"id": "cr-osm-node-5225944321", "name": "Meenong Cafe", "nameTh": null, "nameEn": "Meenong Cafe", "cat": ["food"], "province": "cr"}}, {"type": "Feature", "geometry": {"type": "Point", "coordinates": [100.0822927, 20.3490572]}, "properties": {"id": "cr-osm-node-4447468390", "name": "Mekong Pizza", "nameTh": null, "nameEn": "Mekong Pizza", "cat": ["food"], "province": "cr"}}, {"type": "Feature", "geometry": {"type": "Point", "coordinates": [99.7213106, 19.8425867]}, "properties": {"id": "cr-osm-node-4542952739", "name": "Melody Coffee", "nameTh": null, "nameEn": "Melody Coffee", "cat": ["food"], "province": "cr"}}, {"type": "Feature", "geometry": {"type": "Point", "coordinates": [99.8354063, 19.917469]}, "properties": {"id": "cr-osm-way-1085854880", "name": "Melt In Your Mouth", "nameTh": null, "nameEn": "Melt In Your Mouth", "cat": ["food"], "province": "cr"}}, {"type": "Feature", "geometry": {"type": "Point", "coordinates": [99.8744243, 20.1032853]}, "properties": {"id": "cr-osm-node-5606166121", "name": "Memoli Cafe", "nameTh": null, "nameEn": "Memoli Cafe", "cat": ["food"], "province": "cr"}}, {"type": "Feature", "geometry": {"type": "Point", "coordinates": [100.2526631, 20.3043982]}, "properties": {"id": "cr-osm-node-7180659586", "name": "Mi Vana Organic Forest Coffee", "nameTh": null, "nameEn": "Mi Vana Organic Forest Coffee", "cat": ["food"], "province": "cr"}}, {"type": "Feature", "geometry": {"type": "Point", "coordinates": [99.5578198, 19.775147]}, "properties": {"id": "cr-osm-node-9941831517", "name": "MiYo coffee and bar", "nameTh": null, "nameEn": "MiYo coffee and bar", "cat": ["food"], "province": "cr"}}, {"type": "Feature", "geometry": {"type": "Point", "coordinates": [99.8289214, 19.9070351]}, "properties": {"id": "cr-osm-way-960934973", "name": "Milk Land", "nameTh": "มิลต์แลนด์", "nameEn": "Milk Land", "cat": ["food"], "province": "cr"}}, {"type": "Feature", "geometry": {"type": "Point", "coordinates": [99.5046142, 19.596047]}, "properties": {"id": "cr-osm-node-5338616583", "name": "Mim Cafe & Bakery", "nameTh": null, "nameEn": "Mim Cafe & Bakery", "cat": ["food"], "province": "cr"}}, {"type": "Feature", "geometry": {"type": "Point", "coordinates": [99.8328878, 19.9019739]}, "properties": {"id": "cr-osm-node-8926304390", "name": "Mintaro", "nameTh": null, "nameEn": "Mintaro", "cat": ["food"], "province": "cr"}}, {"type": "Feature", "geometry": {"type": "Point", "coordinates": [99.557834, 19.7751762]}, "properties": {"id": "cr-osm-node-10538600384", "name": "Miyo Coffee & Bar", "nameTh": null, "nameEn": "Miyo Coffee & Bar", "cat": ["food"], "province": "cr"}}, {"type": "Feature", "geometry": {"type": "Point", "coordinates": [99.8583971, 20.2664529]}, "properties": {"id": "cr-osm-node-3745984035", "name": "MoCafe", "nameTh": null, "nameEn": "MoCafe", "cat": ["food"], "province": "cr"}}, {"type": "Feature", "geometry": {"type": "Point", "coordinates": [99.83495, 19.9121634]}, "properties": {"id": "cr-osm-node-6246122785", "name": "ModNomSod", "nameTh": null, "nameEn": "ModNomSod", "cat": ["food"], "province": "cr"}}, {"type": "Feature", "geometry": {"type": "Point", "coordinates": [99.7535394, 19.4478212]}, "properties": {"id": "cr-osm-node-10547552330", "name": "Mogami Cafe", "nameTh": null, "nameEn": "Mogami Cafe", "cat": ["food"], "province": "cr"}}, {"type": "Feature", "geometry": {"type": "Point", "coordinates": [99.4988571, 19.5524517]}, "properties": {"id": "cr-osm-node-3286896865", "name": "Mohn Mye Horm Restaurant", "nameTh": null, "nameEn": "Mohn Mye Horm Restaurant", "cat": ["food"], "province": "cr"}}, {"type": "Feature", "geometry": {"type": "Point", "coordinates": [99.784582, 19.9323131]}, "properties": {"id": "cr-osm-node-9169961967", "name": "Mon ZaiZee", "nameTh": null, "nameEn": "Mon ZaiZee", "cat": ["food"], "province": "cr"}}, {"type": "Feature", "geometry": {"type": "Point", "coordinates": [100.0881687, 20.2767904]}, "properties": {"id": "cr-osm-node-4652853462", "name": "Mongdoonam", "nameTh": null, "nameEn": "Mongdoonam", "cat": ["food"], "province": "cr"}}, {"type": "Feature", "geometry": {"type": "Point", "coordinates": [99.6456472, 19.7638505]}, "properties": {"id": "cr-osm-node-4097040548", "name": "Monkey Coffee", "nameTh": null, "nameEn": "Monkey Coffee", "cat": ["food"], "province": "cr"}}, {"type": "Feature", "geometry": {"type": "Point", "coordinates": [99.8289784, 19.9070528]}, "properties": {"id": "cr-osm-way-960934974", "name": "Monsieur Breakfast", "nameTh": "มองสิเออร์ เบรคฟาสต์", "nameEn": "Monsieur Breakfast", "cat": ["food"], "province": "cr"}}, {"type": "Feature", "geometry": {"type": "Point", "coordinates": [99.8144526, 19.9011419]}, "properties": {"id": "cr-osm-node-3377404618", "name": "Moom Mai", "nameTh": null, "nameEn": "Moom Mai", "cat": ["food"], "province": "cr"}}, {"type": "Feature", "geometry": {"type": "Point", "coordinates": [100.0818896, 20.2793121]}, "properties": {"id": "cr-osm-node-5669692622", "name": "Moom Parlay", "nameTh": null, "nameEn": "Moom Parlay", "cat": ["food"], "province": "cr"}}, {"type": "Feature", "geometry": {"type": "Point", "coordinates": [99.84858, 19.908565]}, "properties": {"id": "cr-osm-node-6101784086", "name": "Mordin Restaurant", "nameTh": null, "nameEn": "Mordin Restaurant", "cat": ["food"], "province": "cr"}}, {"type": "Feature", "geometry": {"type": "Point", "coordinates": [99.7649837, 20.1090863]}, "properties": {"id": "cr-osm-node-3997558411", "name": "Mountain View Restaurant", "nameTh": null, "nameEn": "Mountain View Restaurant", "cat": ["food"], "province": "cr"}}, {"type": "Feature", "geometry": {"type": "Point", "coordinates": [100.4096311, 20.2547657]}, "properties": {"id": "cr-osm-node-4693772295", "name": "Mouth Muan", "nameTh": null, "nameEn": "Mouth Muan", "cat": ["food"], "province": "cr"}}, {"type": "Feature", "geometry": {"type": "Point", "coordinates": [99.8829185, 20.4237534]}, "properties": {"id": "cr-osm-node-2207469425", "name": "Mr Boyd", "nameTh": null, "nameEn": "Mr Boyd", "cat": ["food"], "province": "cr"}}, {"type": "Feature", "geometry": {"type": "Point", "coordinates": [99.6276323, 20.1654683]}, "properties": {"id": "cr-osm-node-5393424221", "name": "Mr. Ho", "nameTh": null, "nameEn": "Mr. Ho", "cat": ["food"], "province": "cr"}}, {"type": "Feature", "geometry": {"type": "Point", "coordinates": [99.827758, 19.8934044]}, "properties": {"id": "cr-osm-way-421073097", "name": "Mr. Steak", "nameTh": null, "nameEn": "Mr. Steak", "cat": ["food"], "province": "cr"}}, {"type": "Feature", "geometry": {"type": "Point", "coordinates": [99.831034, 19.9014105]}, "properties": {"id": "cr-osm-node-11559544559", "name": "Mr. shiba", "nameTh": null, "nameEn": "Mr. shiba", "cat": ["food"], "province": "cr"}}, {"type": "Feature", "geometry": {"type": "Point", "coordinates": [99.8331169, 19.903349]}, "properties": {"id": "cr-osm-way-484139943", "name": "Muang Thong", "nameTh": null, "nameEn": "Muang Thong", "cat": ["food"], "province": "cr"}}, {"type": "Feature", "geometry": {"type": "Point", "coordinates": [99.8262427, 20.351405]}, "properties": {"id": "cr-osm-node-11566431848", "name": "Muilah", "nameTh": null, "nameEn": "Muilah", "cat": ["food"], "province": "cr"}}, {"type": "Feature", "geometry": {"type": "Point", "coordinates": [99.8195441, 19.9058159]}, "properties": {"id": "cr-osm-way-960685204", "name": "Muslim Food", "nameTh": null, "nameEn": "Muslim Food", "cat": ["food"], "province": "cr"}}, {"type": "Feature", "geometry": {"type": "Point", "coordinates": [99.8312653, 19.9069757]}, "properties": {"id": "cr-osm-node-13261753745", "name": "My Gastro", "nameTh": null, "nameEn": "My Gastro", "cat": ["food"], "province": "cr"}}, {"type": "Feature", "geometry": {"type": "Point", "coordinates": [100.125033, 19.7911556]}, "properties": {"id": "cr-osm-node-5255324720", "name": "My Home Coffee & Bakery", "nameTh": null, "nameEn": "My Home Coffee & Bakery", "cat": ["food"], "province": "cr"}}, {"type": "Feature", "geometry": {"type": "Point", "coordinates": [99.7592755, 19.9226891]}, "properties": {"id": "cr-osm-node-12849029237", "name": "My Paradise Cafe & Bakery", "nameTh": null, "nameEn": "My Paradise Cafe & Bakery", "cat": ["food"], "province": "cr"}}, {"type": "Feature", "geometry": {"type": "Point", "coordinates": [99.6304298, 20.165276]}, "properties": {"id": "cr-osm-node-3291978473", "name": "My Place", "nameTh": null, "nameEn": "My Place", "cat": ["food"], "province": "cr"}}, {"type": "Feature", "geometry": {"type": "Point", "coordinates": [99.8619379, 20.126975]}, "properties": {"id": "cr-osm-node-12500037967", "name": "N.P. Namnueng", "nameTh": null, "nameEn": "N.P. Namnueng", "cat": ["food"], "province": "cr"}}, {"type": "Feature", "geometry": {"type": "Point", "coordinates": [99.9897668, 19.5103453]}, "properties": {"id": "cr-osm-way-537550948", "name": "Nai pai fresh coffee", "nameTh": null, "nameEn": "Nai pai fresh coffee", "cat": ["food"], "province": "cr"}}, {"type": "Feature", "geometry": {"type": "Point", "coordinates": [99.8572559, 19.8948381]}, "properties": {"id": "cr-osm-node-9587581728", "name": "Namneung Station", "nameTh": null, "nameEn": "Namneung Station", "cat": ["food"], "province": "cr"}}, {"type": "Feature", "geometry": {"type": "Point", "coordinates": [99.8865815, 20.4380917]}, "properties": {"id": "cr-osm-node-4735682449", "name": "Namon Coffee & Tea", "nameTh": null, "nameEn": "Namon Coffee & Tea", "cat": ["food"], "province": "cr"}}, {"type": "Feature", "geometry": {"type": "Point", "coordinates": [99.8579278, 19.9292591]}, "properties": {"id": "cr-osm-way-1113583686", "name": "Nanaba", "nameTh": null, "nameEn": "Nanaba", "cat": ["food"], "province": "cr"}}, {"type": "Feature", "geometry": {"type": "Point", "coordinates": [99.8602508, 19.9924163]}, "properties": {"id": "cr-osm-node-5327019121", "name": "Nanglae Coffee House", "nameTh": null, "nameEn": "Nanglae Coffee House", "cat": ["food"], "province": "cr"}}, {"type": "Feature", "geometry": {"type": "Point", "coordinates": [99.8310735, 19.9059557]}, "properties": {"id": "cr-osm-node-3496408599", "name": "Nangnon Coffee / Kalae Cafe", "nameTh": null, "nameEn": "Nangnon Coffee", "cat": ["food"], "province": "cr"}}, {"type": "Feature", "geometry": {"type": "Point", "coordinates": [99.8288269, 19.9070355]}, "properties": {"id": "cr-osm-way-960934972", "name": "Nanta Porridge", "nameTh": "โจ๊ก สุนันทา", "nameEn": "Nanta Porridge", "cat": ["food"], "province": "cr"}}, {"type": "Feature", "geometry": {"type": "Point", "coordinates": [99.8566705, 19.9780639]}, "properties": {"id": "cr-osm-node-4530704329", "name": "Naphat", "nameTh": null, "nameEn": "Naphat", "cat": ["food"], "province": "cr"}}, {"type": "Feature", "geometry": {"type": "Point", "coordinates": [100.0822203, 20.2693678]}, "properties": {"id": "cr-osm-node-5630611024", "name": "Narenthon", "nameTh": null, "nameEn": "Narenthon", "cat": ["food"], "province": "cr"}}, {"type": "Feature", "geometry": {"type": "Point", "coordinates": [99.8310869, 19.9073255]}, "properties": {"id": "cr-osm-way-961802267", "name": "Nari Cafe", "nameTh": null, "nameEn": "Nari Cafe", "cat": ["food"], "province": "cr"}}, {"type": "Feature", "geometry": {"type": "Point", "coordinates": [99.8833136, 20.4411274]}, "properties": {"id": "cr-osm-node-2319635428", "name": "Narita", "nameTh": null, "nameEn": "Narita", "cat": ["food"], "province": "cr"}}, {"type": "Feature", "geometry": {"type": "Point", "coordinates": [100.4059561, 20.2658769]}, "properties": {"id": "cr-osm-node-5544865921", "name": "Natale Restaurant", "nameTh": null, "nameEn": "Natale Italian Restaurant", "cat": ["food"], "province": "cr"}}, {"type": "Feature", "geometry": {"type": "Point", "coordinates": [99.8559587, 20.2298044]}, "properties": {"id": "cr-osm-node-6139885985", "name": "Nay Aoi Coffee", "nameTh": null, "nameEn": "Nay Aoi Coffee", "cat": ["food"], "province": "cr"}}, {"type": "Feature", "geometry": {"type": "Point", "coordinates": [99.8681275, 19.9777378]}, "properties": {"id": "cr-osm-node-7871068979", "name": "Neam-Nueang", "nameTh": null, "nameEn": "Neam-Nueang", "cat": ["food"], "province": "cr"}}, {"type": "Feature", "geometry": {"type": "Point", "coordinates": [99.8317903, 19.9038865]}, "properties": {"id": "cr-osm-way-387048479", "name": "Nice Kitchen", "nameTh": null, "nameEn": "Nice Kitchen", "cat": ["food"], "province": "cr"}}, {"type": "Feature", "geometry": {"type": "Point", "coordinates": [99.7455722, 19.5463147]}, "properties": {"id": "cr-osm-node-5285041426", "name": "Nine In", "nameTh": null, "nameEn": "Nine In", "cat": ["food"], "province": "cr"}}, {"type": "Feature", "geometry": {"type": "Point", "coordinates": [99.8573705, 19.9779504]}, "properties": {"id": "cr-osm-node-4530704330", "name": "Nine King Kong", "nameTh": null, "nameEn": "Nine King Kong", "cat": ["food"], "province": "cr"}}, {"type": "Feature", "geometry": {"type": "Point", "coordinates": [99.4633781, 19.1155694]}, "properties": {"id": "cr-osm-node-1484307800", "name": "Nine-One Coffee", "nameTh": null, "nameEn": "Nine-One Coffee", "cat": ["food"], "province": "cr"}}, {"type": "Feature", "geometry": {"type": "Point", "coordinates": [99.8369443, 19.9276937]}, "properties": {"id": "cr-osm-node-9141052700", "name": "No.444 Pizza", "nameTh": null, "nameEn": "No.444 Pizza", "cat": ["food"], "province": "cr"}}, {"type": "Feature", "geometry": {"type": "Point", "coordinates": [99.8307431, 19.9097138]}, "properties": {"id": "cr-osm-node-6690004885", "name": "Nong Dang bakery", "nameTh": null, "nameEn": "Nong Dang bakery", "cat": ["food"], "province": "cr"}}, {"type": "Feature", "geometry": {"type": "Point", "coordinates": [100.0885721, 20.2692075]}, "properties": {"id": "cr-osm-node-6322906086", "name": "Nongnuch Bar BQ Buffet", "nameTh": null, "nameEn": "Nongnuch Bar BQ Buffet", "cat": ["food"], "province": "cr"}}, {"type": "Feature", "geometry": {"type": "Point", "coordinates": [100.4040421, 20.2660069]}, "properties": {"id": "cr-osm-node-5572502123", "name": "Noodle", "nameTh": null, "nameEn": "Noodle", "cat": ["food"], "province": "cr"}}, {"type": "Feature", "geometry": {"type": "Point", "coordinates": [99.3298994, 19.5001163]}, "properties": {"id": "cr-osm-node-3529547949", "name": "Noodle shop", "nameTh": null, "nameEn": "Noodle shop", "cat": ["food"], "province": "cr"}}, {"type": "Feature", "geometry": {"type": "Point", "coordinates": [100.4062931, 20.2641141]}, "properties": {"id": "cr-osm-node-5281104223", "name": "Noodle shop", "nameTh": null, "nameEn": "Noodle shop", "cat": ["food"], "province": "cr"}}, {"type": "Feature", "geometry": {"type": "Point", "coordinates": [99.6308951, 20.1650365]}, "properties": {"id": "cr-osm-node-6150676189", "name": "Noodles & Fry Stand (Cheap!)", "nameTh": null, "nameEn": "Noodles & Fry Stand (Cheap!)", "cat": ["food"], "province": "cr"}}, {"type": "Feature", "geometry": {"type": "Point", "coordinates": [99.8328486, 19.9053896]}, "properties": {"id": "cr-osm-node-6218636593", "name": "Norn Nung Len", "nameTh": null, "nameEn": "Norn Nung Len", "cat": ["food"], "province": "cr"}}, {"type": "Feature", "geometry": {"type": "Point", "coordinates": [99.8183375, 19.9052974]}, "properties": {"id": "cr-osm-node-2140597870", "name": "North Star Barbecue", "nameTh": null, "nameEn": "North Star Barbecue", "cat": ["food"], "province": "cr"}}, {"type": "Feature", "geometry": {"type": "Point", "coordinates": [99.8321884, 19.9065702]}, "properties": {"id": "cr-osm-node-5119730826", "name": "Nung Chalong", "nameTh": null, "nameEn": "Nung Chalong", "cat": ["food"], "province": "cr"}}, {"type": "Feature", "geometry": {"type": "Point", "coordinates": [99.8313147, 19.9061142]}, "properties": {"id": "cr-osm-node-9421721961", "name": "O'Kane's Irish Pub", "nameTh": null, "nameEn": "O'Kane's Irish Pub", "cat": ["food"], "province": "cr"}}, {"type": "Feature", "geometry": {"type": "Point", "coordinates": [99.8286801, 19.911707]}, "properties": {"id": "cr-osm-node-4236729489", "name": "OBH Coffee Corner", "nameTh": null, "nameEn": "OBH Coffee Corner", "cat": ["food"], "province": "cr"}}, {"type": "Feature", "geometry": {"type": "Point", "coordinates": [99.8756788, 20.0486677]}, "properties": {"id": "cr-osm-way-1459493695", "name": "OK Shabu", "nameTh": null, "nameEn": "OK Shabu", "cat": ["food"], "province": "cr"}}, {"type": "Feature", "geometry": {"type": "Point", "coordinates": [99.8383644, 19.911012]}, "properties": {"id": "cr-osm-node-4623800307", "name": "Ocha", "nameTh": null, "nameEn": "Ocha", "cat": ["food"], "province": "cr"}}, {"type": "Feature", "geometry": {"type": "Point", "coordinates": [99.6502818, 19.8656988]}, "properties": {"id": "cr-osm-node-5744403126", "name": "On the water", "nameTh": null, "nameEn": "On the water", "cat": ["food"], "province": "cr"}}, {"type": "Feature", "geometry": {"type": "Point", "coordinates": [99.8441651, 19.9108089]}, "properties": {"id": "cr-osm-node-5995247340", "name": "One Café", "nameTh": null, "nameEn": "One Café", "cat": ["food"], "province": "cr"}}, {"type": "Feature", "geometry": {"type": "Point", "coordinates": [99.8727978, 20.1160263]}, "properties": {"id": "cr-osm-node-3202699610", "name": "One Fine Day", "nameTh": null, "nameEn": "One Fine Day", "cat": ["food"], "province": "cr"}}, {"type": "Feature", "geometry": {"type": "Point", "coordinates": [99.5119366, 19.3042024]}, "properties": {"id": "cr-osm-node-5397821283", "name": "Orange House", "nameTh": null, "nameEn": "Orange House", "cat": ["food"], "province": "cr"}}, {"type": "Feature", "geometry": {"type": "Point", "coordinates": [99.5183526, 19.6244921]}, "properties": {"id": "cr-osm-way-540188568", "name": "Originbeancoffee bar", "nameTh": null, "nameEn": "Originbeancoffee bar", "cat": ["food"], "province": "cr"}}, {"type": "Feature", "geometry": {"type": "Point", "coordinates": [99.8427806, 19.8891935]}, "properties": {"id": "cr-osm-node-4832202421", "name": "Pa Ampei", "nameTh": null, "nameEn": "Pa Ampei", "cat": ["food"], "province": "cr"}}, {"type": "Feature", "geometry": {"type": "Point", "coordinates": [99.8292199, 19.9072879]}, "properties": {"id": "cr-osm-way-960934954", "name": "Pa Da Halal Food", "nameTh": "ป้าดา", "nameEn": "Pa Da Halal Food", "cat": ["food"], "province": "cr"}}, {"type": "Feature", "geometry": {"type": "Point", "coordinates": [99.8289997, 19.9073018]}, "properties": {"id": "cr-osm-way-960934959", "name": "Pa Pai", "nameTh": "บะหมี่ป้าไพ", "nameEn": "Pa Pai", "cat": ["food"], "province": "cr"}}, {"type": "Feature", "geometry": {"type": "Point", "coordinates": [99.6210787, 19.8994125]}, "properties": {"id": "cr-osm-node-4716170090", "name": "Paangkhon Coffee", "nameTh": null, "nameEn": "Paangkhon Coffee", "cat": ["food"], "province": "cr"}}, {"type": "Feature", "geometry": {"type": "Point", "coordinates": [99.8390672, 19.9105884]}, "properties": {"id": "cr-osm-node-9455323820", "name": "Pad Thai Restaurant", "nameTh": null, "nameEn": "Pad Thai Restaurant", "cat": ["food"], "province": "cr"}}, {"type": "Feature", "geometry": {"type": "Point", "coordinates": [99.8346895, 19.9031213]}, "properties": {"id": "cr-osm-node-4690123692", "name": "Pad Thai-Thai food", "nameTh": null, "nameEn": "Pad Thai-Thai food", "cat": ["food"], "province": "cr"}}, {"type": "Feature", "geometry": {"type": "Point", "coordinates": [100.4073651, 20.2631054]}, "properties": {"id": "cr-osm-node-5580102121", "name": "Pad thai", "nameTh": null, "nameEn": "Pad thai", "cat": ["food"], "province": "cr"}}, {"type": "Feature", "geometry": {"type": "Point", "coordinates": [100.4060402, 20.2665796]}, "properties": {"id": "cr-osm-way-758296308", "name": "Padthai Baan Yim", "nameTh": null, "nameEn": "Padthai Baan Yim", "cat": ["food"], "province": "cr"}}, {"type": "Feature", "geometry": {"type": "Point", "coordinates": [99.8198482, 19.9011274]}, "properties": {"id": "cr-osm-node-12994157027", "name": "Palai, Breakfast & Brunsch", "nameTh": null, "nameEn": "Palai, Breakfast & Brunsch", "cat": ["food"], "province": "cr"}}, {"type": "Feature", "geometry": {"type": "Point", "coordinates": [99.8290712, 19.9070528]}, "properties": {"id": "cr-osm-way-960934976", "name": "Pan Pao", "nameTh": "ปั้นเปา", "nameEn": "Pan Pao", "cat": ["food"], "province": "cr"}}, {"type": "Feature", "geometry": {"type": "Point", "coordinates": [99.6418521, 20.143927]}, "properties": {"id": "cr-osm-node-4182546266", "name": "Pana Coffee", "nameTh": null, "nameEn": "Pana Coffee", "cat": ["food"], "province": "cr"}}, {"type": "Feature", "geometry": {"type": "Point", "coordinates": [99.8284398, 19.9056444]}, "properties": {"id": "cr-osm-node-3981494578", "name": "Pang Pond", "nameTh": null, "nameEn": "Pang Pond", "cat": ["food"], "province": "cr"}}, {"type": "Feature", "geometry": {"type": "Point", "coordinates": [99.8397374, 20.1402532]}, "properties": {"id": "cr-osm-node-8389823678", "name": "Panor Coffee Shop", "nameTh": null, "nameEn": "Panor Coffee Shop", "cat": ["food"], "province": "cr"}}, {"type": "Feature", "geometry": {"type": "Point", "coordinates": [100.4921416, 20.1679837]}, "properties": {"id": "cr-osm-node-4556617303", "name": "Panorama Coffee", "nameTh": null, "nameEn": "Panorama Coffee", "cat": ["food"], "province": "cr"}}, {"type": "Feature", "geometry": {"type": "Point", "coordinates": [100.1623051, 19.6917524]}, "properties": {"id": "cr-osm-node-8811768112", "name": "Paragraph Cafe and Eatery", "nameTh": null, "nameEn": "Paragraph Cafe and Eatery", "cat": ["food"], "province": "cr"}}, {"type": "Feature", "geometry": {"type": "Point", "coordinates": [99.8366557, 19.9037739]}, "properties": {"id": "cr-osm-node-13597339001", "name": "Pasom - Art cafe and activity.", "nameTh": null, "nameEn": "Pasom - Art cafe and activity.", "cat": ["food"], "province": "cr"}}, {"type": "Feature", "geometry": {"type": "Point", "coordinates": [99.8107945, 20.3378679]}, "properties": {"id": "cr-osm-node-4569010107", "name": "Phamuang", "nameTh": null, "nameEn": "Phamuang", "cat": ["food"], "province": "cr"}}, {"type": "Feature", "geometry": {"type": "Point", "coordinates": [100.1007244, 20.2453684]}, "properties": {"id": "cr-osm-node-4929856521", "name": "Phangao Coffee Viewpoint", "nameTh": "Phangao Coffee Viewpoint", "nameEn": null, "cat": ["food"], "province": "cr"}}, {"type": "Feature", "geometry": {"type": "Point", "coordinates": [99.873874, 19.840438]}, "properties": {"id": "cr-osm-node-5401217822", "name": "Phon Sawai food market", "nameTh": null, "nameEn": "Phon Sawai food market", "cat": ["food"], "province": "cr"}}, {"type": "Feature", "geometry": {"type": "Point", "coordinates": [99.8364039, 19.9087675]}, "properties": {"id": "cr-osm-node-4504122764", "name": "Phu Lae", "nameTh": null, "nameEn": "Phu Lae", "cat": ["food"], "province": "cr"}}, {"type": "Feature", "geometry": {"type": "Point", "coordinates": [99.4398882, 19.0959796]}, "properties": {"id": "cr-osm-way-1126135073", "name": "Phufahsai Coffee", "nameTh": null, "nameEn": "Phufahsai Coffee", "cat": ["food"], "province": "cr"}}, {"type": "Feature", "geometry": {"type": "Point", "coordinates": [100.5084574, 20.069078]}, "properties": {"id": "cr-osm-node-4834210621", "name": "Piamsuk Coffee Wiangkaen", "nameTh": null, "nameEn": "Piamsuk Coffee Wiangkaen", "cat": ["food"], "province": "cr"}}, {"type": "Feature", "geometry": {"type": "Point", "coordinates": [99.8311236, 19.9068172]}, "properties": {"id": "cr-osm-node-13624994701", "name": "Pinan thaifood (พินันท์ ไทยฟู้ด)", "nameTh": "Pinan thaifood (พินันท์ ไทยฟู้ด)", "nameEn": null, "cat": ["food"], "province": "cr"}}, {"type": "Feature", "geometry": {"type": "Point", "coordinates": [99.6225481, 20.1585479]}, "properties": {"id": "cr-osm-node-7023588339", "name": "Ping Ping", "nameTh": null, "nameEn": "Ping Ping", "cat": ["food"], "province": "cr"}}, {"type": "Feature", "geometry": {"type": "Point", "coordinates": [100.0705394, 19.6139802]}, "properties": {"id": "cr-osm-way-548552689", "name": "Pink Buffalo Coffee", "nameTh": null, "nameEn": "Pink Buffalo Coffee", "cat": ["food"], "province": "cr"}}, {"type": "Feature", "geometry": {"type": "Point", "coordinates": [99.8439129, 19.9308722]}, "properties": {"id": "cr-osm-node-10291388608", "name": "Pizza Hut", "nameTh": null, "nameEn": "Pizza Hut", "cat": ["food"], "province": "cr"}}, {"type": "Feature", "geometry": {"type": "Point", "coordinates": [99.8306738, 19.9073187]}, "properties": {"id": "cr-osm-way-960935004", "name": "Pizza Hut", "nameTh": null, "nameEn": "Pizza Hut", "cat": ["food"], "province": "cr"}}, {"type": "Feature", "geometry": {"type": "Point", "coordinates": [99.5119917, 19.3046755]}, "properties": {"id": "cr-osm-node-11445836718", "name": "Pizza Phu Ob", "nameTh": null, "nameEn": "Pizza Phu Ob", "cat": ["food"], "province": "cr"}}, {"type": "Feature", "geometry": {"type": "Point", "coordinates": [99.8430351, 19.9097493]}, "properties": {"id": "cr-osm-node-10556332209", "name": "Poet Chocolate", "nameTh": null, "nameEn": "Poet Chocolate", "cat": ["food"], "province": "cr"}}, {"type": "Feature", "geometry": {"type": "Point", "coordinates": [99.7830766, 19.9084886]}, "properties": {"id": "cr-osm-node-5369325522", "name": "Polar Boulangerie and Patisserie", "nameTh": null, "nameEn": "Polar Boulangerie and Patisserie", "cat": ["food"], "province": "cr"}}, {"type": "Feature", "geometry": {"type": "Point", "coordinates": [100.3799032, 19.8464566]}, "properties": {"id": "cr-osm-way-760193831", "name": "Poochifa Jaruensuk Coffee", "nameTh": null, "nameEn": "Poochifa Jaruensuk Coffee", "cat": ["food"], "province": "cr"}}, {"type": "Feature", "geometry": {"type": "Point", "coordinates": [99.8284542, 19.90786]}, "properties": {"id": "cr-osm-way-960934982", "name": "Por Look Chin Pa", "nameTh": "ป.ลูกชิ้นปลา", "nameEn": "Por Look Chin Pa", "cat": ["food"], "province": "cr"}}, {"type": "Feature", "geometry": {"type": "Point", "coordinates": [99.8305992, 19.9121526]}, "properties": {"id": "cr-osm-node-2316640505", "name": "Porwin Vegetarian", "nameTh": null, "nameEn": "Porwin Vegetarian", "cat": ["food"], "province": "cr"}}, {"type": "Feature", "geometry": {"type": "Point", "coordinates": [99.8580314, 19.9867892]}, "properties": {"id": "cr-osm-node-12528671319", "name": "Praepiangpor", "nameTh": null, "nameEn": "Praepiangpor", "cat": ["food"], "province": "cr"}}, {"type": "Feature", "geometry": {"type": "Point", "coordinates": [99.8331122, 19.9041076]}, "properties": {"id": "cr-osm-node-6725750085", "name": "Prompt Cafe Micro Roasters", "nameTh": null, "nameEn": "Prompt Cafe Micro Roasters", "cat": ["food"], "province": "cr"}}, {"type": "Feature", "geometry": {"type": "Point", "coordinates": [99.8729005, 20.0314709]}, "properties": {"id": "cr-osm-node-11342852169", "name": "Punthai Coffee", "nameTh": null, "nameEn": "Punthai Coffee", "cat": ["food"], "province": "cr"}}, {"type": "Feature", "geometry": {"type": "Point", "coordinates": [99.7821165, 19.8910007]}, "properties": {"id": "cr-osm-way-1262529631", "name": "Punthai Coffee", "nameTh": null, "nameEn": "Punthai Coffee", "cat": ["food"], "province": "cr"}}, {"type": "Feature", "geometry": {"type": "Point", "coordinates": [99.8417372, 19.9820131]}, "properties": {"id": "cr-osm-node-5293790524", "name": "RPJ Café", "nameTh": null, "nameEn": "RPJ Café", "cat": ["food"], "province": "cr"}}, {"type": "Feature", "geometry": {"type": "Point", "coordinates": [99.8220845, 19.9012541]}, "properties": {"id": "cr-osm-node-5338160355", "name": "Rabbit Hole", "nameTh": null, "nameEn": "Rabbit Hole", "cat": ["food"], "province": "cr"}}, {"type": "Feature", "geometry": {"type": "Point", "coordinates": [99.8752214, 20.0672368]}, "properties": {"id": "cr-osm-node-1484574596", "name": "Rabbita Coffee &Steak House", "nameTh": null, "nameEn": "Rabbita Coffee &Steak House", "cat": ["food"], "province": "cr"}}, {"type": "Feature", "geometry": {"type": "Point", "coordinates": [99.8789433, 19.9548142]}, "properties": {"id": "cr-osm-node-5321292210", "name": "Rabika Coffee", "nameTh": null, "nameEn": "Rabika Coffee", "cat": ["food"], "province": "cr"}}, {"type": "Feature", "geometry": {"type": "Point", "coordinates": [99.8321247, 19.9068583]}, "properties": {"id": "cr-osm-node-12718282002", "name": "Rad bar", "nameTh": null, "nameEn": "Rad bar", "cat": ["food"], "province": "cr"}}, {"type": "Feature", "geometry": {"type": "Point", "coordinates": [100.1548774, 19.6922758]}, "properties": {"id": "cr-osm-way-760181696", "name": "Rai Na Tree", "nameTh": null, "nameEn": "Rai Na Tree", "cat": ["food"], "province": "cr"}}, {"type": "Feature", "geometry": {"type": "Point", "coordinates": [99.8525664, 20.1733994]}, "properties": {"id": "cr-osm-node-4761806668", "name": "Rasee Restaurant", "nameTh": null, "nameEn": "Rasee Restaurant", "cat": ["food"], "province": "cr"}}, {"type": "Feature", "geometry": {"type": "Point", "coordinates": [99.8326964, 19.9060421]}, "properties": {"id": "cr-osm-node-4559979989", "name": "Reggae Home & Bar", "nameTh": null, "nameEn": "Reggae Home & Bar", "cat": ["food"], "province": "cr"}}, {"type": "Feature", "geometry": {"type": "Point", "coordinates": [99.7855946, 19.9178219]}, "properties": {"id": "cr-osm-node-13588841601", "name": "Restaurant", "nameTh": null, "nameEn": "Restaurant", "cat": ["food"], "province": "cr"}}, {"type": "Feature", "geometry": {"type": "Point", "coordinates": [99.8580879, 20.2106067]}, "properties": {"id": "cr-osm-node-5345965822", "name": "Restaurant", "nameTh": null, "nameEn": "Restaurant", "cat": ["food"], "province": "cr"}}, {"type": "Feature", "geometry": {"type": "Point", "coordinates": [100.3084732, 20.0836812]}, "properties": {"id": "cr-osm-node-7262882886", "name": "Restaurant", "nameTh": null, "nameEn": "Restaurant", "cat": ["food"], "province": "cr"}}, {"type": "Feature", "geometry": {"type": "Point", "coordinates": [99.5101626, 19.3398136]}, "properties": {"id": "cr-osm-node-7273438685", "name": "Restaurant", "nameTh": null, "nameEn": "Restaurant", "cat": ["food"], "province": "cr"}}, {"type": "Feature", "geometry": {"type": "Point", "coordinates": [100.077711, 20.3673279]}, "properties": {"id": "cr-osm-node-13233896010", "name": "Restaurant - Anantara Golden Triangle and Elephant Sanctuary", "nameTh": null, "nameEn": "Restaurant - Anantara Golden Triangle and Elephant Sanctuary", "cat": ["food"], "province": "cr"}}, {"type": "Feature", "geometry": {"type": "Point", "coordinates": [100.2971959, 20.0520954]}, "properties": {"id": "cr-osm-node-7185899197", "name": "Restaurant Pramoyn", "nameTh": null, "nameEn": "Restaurant Pramoyn", "cat": ["food"], "province": "cr"}}, {"type": "Feature", "geometry": {"type": "Point", "coordinates": [100.4408602, 19.847602]}, "properties": {"id": "cr-osm-way-555858290", "name": "Restaurant and Coffee Shop", "nameTh": null, "nameEn": "Restaurant and Coffee Shop", "cat": ["food"], "province": "cr"}}, {"type": "Feature", "geometry": {"type": "Point", "coordinates": [99.5185757, 20.0460695]}, "properties": {"id": "cr-osm-node-7210762341", "name": "Restaurant noodle soup", "nameTh": null, "nameEn": "Restaurant noodle soup", "cat": ["food"], "province": "cr"}}, {"type": "Feature", "geometry": {"type": "Point", "coordinates": [99.8342555, 19.9069665]}, "properties": {"id": "cr-osm-way-964471973", "name": "Ribs & Co.", "nameTh": null, "nameEn": "Ribs & Co.", "cat": ["food"], "province": "cr"}}, {"type": "Feature", "geometry": {"type": "Point", "coordinates": [100.4056567, 20.2715295]}, "properties": {"id": "cr-osm-node-2293257958", "name": "Rider's Coffee", "nameTh": null, "nameEn": "Rider's Coffee", "cat": ["food"], "province": "cr"}}, {"type": "Feature", "geometry": {"type": "Point", "coordinates": [100.4078246, 20.2623109]}, "properties": {"id": "cr-osm-node-1517556675", "name": "Rimkong", "nameTh": null, "nameEn": "Rimkong", "cat": ["food"], "province": "cr"}}, {"type": "Feature", "geometry": {"type": "Point", "coordinates": [100.4080868, 20.2619556]}, "properties": {"id": "cr-osm-node-5306506916", "name": "Rimnam Restaurant", "nameTh": null, "nameEn": "Rimnam Restaurant", "cat": ["food"], "province": "cr"}}, {"type": "Feature", "geometry": {"type": "Point", "coordinates": [100.4057907, 20.2678489]}, "properties": {"id": "cr-osm-way-758294486", "name": "Rin Bar", "nameTh": null, "nameEn": "Rin Bar", "cat": ["food"], "province": "cr"}}, {"type": "Feature", "geometry": {"type": "Point", "coordinates": [99.9578029, 20.0254972]}, "properties": {"id": "cr-osm-node-5491809527", "name": "River cafe", "nameTh": null, "nameEn": "River cafe", "cat": ["food"], "province": "cr"}}, {"type": "Feature", "geometry": {"type": "Point", "coordinates": [100.4087421, 20.2383617]}, "properties": {"id": "cr-osm-node-5394993021", "name": "Roast coffee", "nameTh": null, "nameEn": "Roast coffee", "cat": ["food"], "province": "cr"}}, {"type": "Feature", "geometry": {"type": "Point", "coordinates": [99.8317066, 19.9052329]}, "properties": {"id": "cr-osm-node-9472984451", "name": "Rose Bar", "nameTh": null, "nameEn": "Rose Bar", "cat": ["food"], "province": "cr"}}, {"type": "Feature", "geometry": {"type": "Point", "coordinates": [99.8381981, 19.9113379]}, "properties": {"id": "cr-osm-node-10316298412", "name": "Rosie.cei", "nameTh": null, "nameEn": "Rosie.cei", "cat": ["food"], "province": "cr"}}, {"type": "Feature", "geometry": {"type": "Point", "coordinates": [99.8294562, 19.9082099]}, "properties": {"id": "cr-osm-node-2716451601", "name": "Rosprasert Muslim Food", "nameTh": null, "nameEn": "Rosprasert Muslim Food", "cat": ["food"], "province": "cr"}}, {"type": "Feature", "geometry": {"type": "Point", "coordinates": [99.8545836, 19.9079479]}, "properties": {"id": "cr-osm-node-4439009490", "name": "Route 7", "nameTh": null, "nameEn": "Route 7", "cat": ["food"], "province": "cr"}}, {"type": "Feature", "geometry": {"type": "Point", "coordinates": [99.8972675, 20.0560309]}, "properties": {"id": "cr-osm-way-1285536839", "name": "Ruan Rim Nam", "nameTh": null, "nameEn": "Ruan Rim Nam", "cat": ["food"], "province": "cr"}}, {"type": "Feature", "geometry": {"type": "Point", "coordinates": [99.7647485, 19.8242476]}, "properties": {"id": "cr-osm-node-4682772490", "name": "Ruen Aek", "nameTh": null, "nameEn": "Ruen Aek", "cat": ["food"], "province": "cr"}}, {"type": "Feature", "geometry": {"type": "Point", "coordinates": [99.7449983, 19.8193275]}, "properties": {"id": "cr-osm-node-7164251485", "name": "Ryokan Cafe", "nameTh": null, "nameEn": "Ryokan Cafe", "cat": ["food"], "province": "cr"}}, {"type": "Feature", "geometry": {"type": "Point", "coordinates": [99.8356605, 19.9037345]}, "properties": {"id": "cr-osm-node-5382558543", "name": "S Panad", "nameTh": null, "nameEn": "S Panad", "cat": ["food"], "province": "cr"}}, {"type": "Feature", "geometry": {"type": "Point", "coordinates": [99.8311863, 19.9067918]}, "properties": {"id": "cr-osm-node-906244402", "name": "ST Motorcycles Rentals & Sales", "nameTh": null, "nameEn": "ST Motorcycles Rentals & Sales", "cat": ["food"], "province": "cr"}}, {"type": "Feature", "geometry": {"type": "Point", "coordinates": [99.8243814, 19.8820855]}, "properties": {"id": "cr-osm-node-4558284402", "name": "Sa Par Cafe", "nameTh": null, "nameEn": "Sa Par Cafe", "cat": ["food"], "province": "cr"}}, {"type": "Feature", "geometry": {"type": "Point", "coordinates": [99.8390691, 19.8960494]}, "properties": {"id": "cr-osm-node-5372494922", "name": "Sabai Steak House", "nameTh": null, "nameEn": "Sabai Steak House", "cat": ["food"], "province": "cr"}}, {"type": "Feature", "geometry": {"type": "Point", "coordinates": [99.8337784, 19.921866]}, "properties": {"id": "cr-osm-node-9435642293", "name": "Sabroso", "nameTh": null, "nameEn": "Sabroso", "cat": ["food"], "province": "cr"}}, {"type": "Feature", "geometry": {"type": "Point", "coordinates": [99.4638083, 19.11489]}, "properties": {"id": "cr-osm-node-4828002221", "name": "Sabuy coffee", "nameTh": null, "nameEn": "Sabuy coffee", "cat": ["food"], "province": "cr"}}, {"type": "Feature", "geometry": {"type": "Point", "coordinates": [99.8081445, 19.8924396]}, "properties": {"id": "cr-osm-node-8878900315", "name": "Saifon's Bakery and Butchery", "nameTh": null, "nameEn": "Saifon's Bakery and Butchery", "cat": ["food"], "province": "cr"}}, {"type": "Feature", "geometry": {"type": "Point", "coordinates": [99.6231185, 20.1663752]}, "properties": {"id": "cr-osm-node-361377950", "name": "Sakura", "nameTh": null, "nameEn": "Sakura", "cat": ["food"], "province": "cr"}}, {"type": "Feature", "geometry": {"type": "Point", "coordinates": [99.8405897, 19.9183957]}, "properties": {"id": "cr-osm-way-298357693", "name": "Sala Rimnam", "nameTh": null, "nameEn": "Sala Rimnam", "cat": ["food"], "province": "cr"}}, {"type": "Feature", "geometry": {"type": "Point", "coordinates": [99.6230862, 20.1639416]}, "properties": {"id": "cr-osm-way-208495987", "name": "Salima Restaurant", "nameTh": null, "nameEn": "Salima Restaurant", "cat": ["food"], "province": "cr"}}, {"type": "Feature", "geometry": {"type": "Point", "coordinates": [99.5172314, 19.2039238]}, "properties": {"id": "cr-osm-node-4731787879", "name": "Sam's Eatery", "nameTh": null, "nameEn": "Sam's Eatery", "cat": ["food"], "province": "cr"}}, {"type": "Feature", "geometry": {"type": "Point", "coordinates": [99.7648198, 19.8238511]}, "properties": {"id": "cr-osm-node-4682803689", "name": "Samatha Cafe", "nameTh": null, "nameEn": "Samatha Cafe", "cat": ["food"], "province": "cr"}}, {"type": "Feature", "geometry": {"type": "Point", "coordinates": [99.8314159, 19.9064775]}, "properties": {"id": "cr-osm-node-6919495008", "name": "San Fran", "nameTh": null, "nameEn": "Sanfran Burger & Beer", "cat": ["food"], "province": "cr"}}, {"type": "Feature", "geometry": {"type": "Point", "coordinates": [99.6230609, 20.1690401]}, "properties": {"id": "cr-osm-node-7023582464", "name": "San Ting", "nameTh": null, "nameEn": "San Ting", "cat": ["food"], "province": "cr"}}, {"type": "Feature", "geometry": {"type": "Point", "coordinates": [99.6716387, 19.8406505]}, "properties": {"id": "cr-osm-node-13520932101", "name": "SangKaew", "nameTh": null, "nameEn": "SangKaew", "cat": ["food"], "province": "cr"}}, {"type": "Feature", "geometry": {"type": "Point", "coordinates": [99.8339552, 19.9054646]}, "properties": {"id": "cr-osm-node-5436943031", "name": "Sawadee", "nameTh": null, "nameEn": "Sawadee", "cat": ["food"], "province": "cr"}}, {"type": "Feature", "geometry": {"type": "Point", "coordinates": [99.8320031, 19.9446971]}, "properties": {"id": "cr-osm-node-12438135601", "name": "Sawanbondin Farm&Tea house", "nameTh": null, "nameEn": "Sawanbondin Farm&Tea house", "cat": ["food"], "province": "cr"}}, {"type": "Feature", "geometry": {"type": "Point", "coordinates": [99.5022108, 19.3900482]}, "properties": {"id": "cr-osm-way-1346987163", "name": "Shabu Restaurant", "nameTh": null, "nameEn": "Shabu Restaurant", "cat": ["food"], "province": "cr"}}, {"type": "Feature", "geometry": {"type": "Point", "coordinates": [100.19784, 19.6841261]}, "properties": {"id": "cr-osm-node-12790553962", "name": "Shabu Thoeng", "nameTh": null, "nameEn": "Shabu Thoeng", "cat": ["food"], "province": "cr"}}, {"type": "Feature", "geometry": {"type": "Point", "coordinates": [99.8436746, 20.3834557]}, "properties": {"id": "cr-osm-way-1479072918", "name": "Shambala", "nameTh": null, "nameEn": "Shambala", "cat": ["food"], "province": "cr"}}, {"type": "Feature", "geometry": {"type": "Point", "coordinates": [99.8330836, 19.9041485]}, "properties": {"id": "cr-osm-node-8267020618", "name": "Shiba Yakiniku", "nameTh": null, "nameEn": "Shiba Yakiniku", "cat": ["food"], "province": "cr"}}, {"type": "Feature", "geometry": {"type": "Point", "coordinates": [99.8154927, 19.9033423]}, "properties": {"id": "cr-osm-node-9166342526", "name": "Shong Cha", "nameTh": null, "nameEn": "Shong Cha", "cat": ["food"], "province": "cr"}}, {"type": "Feature", "geometry": {"type": "Point", "coordinates": [99.8169601, 20.2914338]}, "properties": {"id": "cr-osm-node-7158924686", "name": "Shop and food", "nameTh": null, "nameEn": "Shop and food", "cat": ["food"], "province": "cr"}}, {"type": "Feature", "geometry": {"type": "Point", "coordinates": [99.9921179, 19.50237]}, "properties": {"id": "cr-osm-node-3298093176", "name": "Showgoon Fresh Coffee", "nameTh": null, "nameEn": "Showgoon Fresh Coffee", "cat": ["food"], "province": "cr"}}, {"type": "Feature", "geometry": {"type": "Point", "coordinates": [100.1993478, 19.6679746]}, "properties": {"id": "cr-osm-node-5119730825", "name": "Shrimp / Prawn Restaurant", "nameTh": null, "nameEn": "Shrimp / Prawn Restaurant", "cat": ["food"], "province": "cr"}}, {"type": "Feature", "geometry": {"type": "Point", "coordinates": [99.832244, 19.9058835]}, "properties": {"id": "cr-osm-node-6976558585", "name": "Siam Sport Bar", "nameTh": null, "nameEn": "Siam Sport Bar", "cat": ["food"], "province": "cr"}}, {"type": "Feature", "geometry": {"type": "Point", "coordinates": [99.8319935, 19.9067365]}, "properties": {"id": "cr-osm-node-4130587107", "name": "Simple Night", "nameTh": null, "nameEn": "Simple Night", "cat": ["food"], "province": "cr"}}, {"type": "Feature", "geometry": {"type": "Point", "coordinates": [99.8283076, 19.9045093]}, "properties": {"id": "cr-osm-way-711051064", "name": "Simplify Coffee & Bakery", "nameTh": null, "nameEn": "Simplify Coffee & Bakery", "cat": ["food"], "province": "cr"}}, {"type": "Feature", "geometry": {"type": "Point", "coordinates": [99.8426589, 19.904546]}, "properties": {"id": "cr-osm-node-11491964418", "name": "Simply Northern Thai Food", "nameTh": null, "nameEn": "Simply Northern Thai Food", "cat": ["food"], "province": "cr"}}, {"type": "Feature", "geometry": {"type": "Point", "coordinates": [99.8427268, 19.9044598]}, "properties": {"id": "cr-osm-node-11991839871", "name": "Simply Northern Thai Food", "nameTh": null, "nameEn": "Simply Northern Thai Food", "cat": ["food"], "province": "cr"}}, {"type": "Feature", "geometry": {"type": "Point", "coordinates": [99.8241284, 19.909195]}, "properties": {"id": "cr-osm-node-13984728379", "name": "Simply So", "nameTh": null, "nameEn": "Simply So", "cat": ["food"], "province": "cr"}}, {"type": "Feature", "geometry": {"type": "Point", "coordinates": [99.7448288, 19.8534198]}, "properties": {"id": "cr-osm-node-6210051386", "name": "Singha Park Cafe", "nameTh": null, "nameEn": "Singha Park Cafe", "cat": ["food"], "province": "cr"}}, {"type": "Feature", "geometry": {"type": "Point", "coordinates": [99.7301716, 19.8630205]}, "properties": {"id": "cr-osm-node-7902240209", "name": "Singha Park Chiang Rai Cafe", "nameTh": null, "nameEn": "Singha Park Chiang Rai Cafe", "cat": ["food"], "province": "cr"}}, {"type": "Feature", "geometry": {"type": "Point", "coordinates": [99.8573967, 19.9549845]}, "properties": {"id": "cr-osm-node-11250334113", "name": "Sirin Home", "nameTh": null, "nameEn": "Sirin Home", "cat": ["food"], "province": "cr"}}, {"type": "Feature", "geometry": {"type": "Point", "coordinates": [99.8664328, 20.2959117]}, "properties": {"id": "cr-osm-node-3966293144", "name": "Slow coffee", "nameTh": null, "nameEn": "Slow coffee", "cat": ["food"], "province": "cr"}}, {"type": "Feature", "geometry": {"type": "Point", "coordinates": [99.6334835, 20.1647233]}, "properties": {"id": "cr-osm-node-6947416488", "name": "Small Noodle Shop (Soup & Salad)", "nameTh": null, "nameEn": "Small Noodle Shop (Soup & Salad)", "cat": ["food"], "province": "cr"}}, {"type": "Feature", "geometry": {"type": "Point", "coordinates": [99.745206, 19.6145327]}, "properties": {"id": "cr-osm-node-6631610600", "name": "Small food market", "nameTh": null, "nameEn": "Small food market", "cat": ["food"], "province": "cr"}}, {"type": "Feature", "geometry": {"type": "Point", "coordinates": [99.8313167, 19.9063861]}, "properties": {"id": "cr-osm-node-4726238590", "name": "Snake Bar", "nameTh": null, "nameEn": "Snake Bar", "cat": ["food"], "province": "cr"}}, {"type": "Feature", "geometry": {"type": "Point", "coordinates": [99.4840677, 19.1931439]}, "properties": {"id": "cr-osm-node-4397359304", "name": "Snake Mountain Coffee & Food", "nameTh": null, "nameEn": "Snake Mountain Coffee & Food", "cat": ["food"], "province": "cr"}}, {"type": "Feature", "geometry": {"type": "Point", "coordinates": [99.8601315, 20.1352847]}, "properties": {"id": "cr-osm-node-2148609265", "name": "So Good Buffet", "nameTh": null, "nameEn": "So Good Buffet", "cat": ["food"], "province": "cr"}}, {"type": "Feature", "geometry": {"type": "Point", "coordinates": [99.8331918, 19.9041966]}, "properties": {"id": "cr-osm-way-968331332", "name": "So Tea - ชานมไข่มุก", "nameTh": "So Tea - ชานมไข่มุก", "nameEn": "So Tea - tea and bubble tea", "cat": ["food"], "province": "cr"}}, {"type": "Feature", "geometry": {"type": "Point", "coordinates": [99.8440384, 19.9279451]}, "properties": {"id": "cr-osm-node-8797435998", "name": "Solao@Chiangmai", "nameTh": null, "nameEn": "Solao@Chiangmai", "cat": ["food"], "province": "cr"}}, {"type": "Feature", "geometry": {"type": "Point", "coordinates": [99.8858954, 20.4097925]}, "properties": {"id": "cr-osm-node-13011979301", "name": "Som Tum", "nameTh": null, "nameEn": "Som Tum", "cat": ["food"], "province": "cr"}}, {"type": "Feature", "geometry": {"type": "Point", "coordinates": [99.8613154, 19.9928725]}, "properties": {"id": "cr-osm-node-7694753787", "name": "Some Sunday Magic", "nameTh": null, "nameEn": "Some Sunday Magic", "cat": ["food"], "province": "cr"}}, {"type": "Feature", "geometry": {"type": "Point", "coordinates": [99.7571762, 19.8399956]}, "properties": {"id": "cr-osm-node-9547339679", "name": "Something Rice", "nameTh": null, "nameEn": "Something Rice", "cat": ["food"], "province": "cr"}}, {"type": "Feature", "geometry": {"type": "Point", "coordinates": [100.2967981, 19.91114]}, "properties": {"id": "cr-osm-node-7841747485", "name": "Somjai", "nameTh": null, "nameEn": "Somjai", "cat": ["food"], "province": "cr"}}, {"type": "Feature", "geometry": {"type": "Point", "coordinates": [99.836814, 19.911285]}, "properties": {"id": "cr-osm-node-4881417421", "name": "Somkhuan  Khao Soi", "nameTh": null, "nameEn": "Somkhuan  Khao Soi", "cat": ["food"], "province": "cr"}}, {"type": "Feature", "geometry": {"type": "Point", "coordinates": [99.8120866, 19.8994586]}, "properties": {"id": "cr-osm-node-8879604992", "name": "Somtum Denha", "nameTh": null, "nameEn": "Somtum Denha", "cat": ["food"], "province": "cr"}}, {"type": "Feature", "geometry": {"type": "Point", "coordinates": [99.836612, 19.9037122]}, "properties": {"id": "cr-osm-node-5470324922", "name": "Sound Brown Coffee", "nameTh": null, "nameEn": "Sound Brown Coffee", "cat": ["food"], "province": "cr"}}, {"type": "Feature", "geometry": {"type": "Point", "coordinates": [100.4071047, 20.2549429]}, "properties": {"id": "cr-osm-node-4693747098", "name": "Soup Restaurant", "nameTh": null, "nameEn": "Soup Restaurant", "cat": ["food"], "province": "cr"}}, {"type": "Feature", "geometry": {"type": "Point", "coordinates": [100.2674567, 19.8445206]}, "properties": {"id": "cr-osm-node-8407816617", "name": "Soup by the river", "nameTh": null, "nameEn": "Soup by the river", "cat": ["food"], "province": "cr"}}, {"type": "Feature", "geometry": {"type": "Point", "coordinates": [99.5106661, 19.1893936]}, "properties": {"id": "cr-osm-way-1126136468", "name": "South North", "nameTh": null, "nameEn": "South North", "cat": ["food"], "province": "cr"}}, {"type": "Feature", "geometry": {"type": "Point", "coordinates": [99.8167325, 19.9244956]}, "properties": {"id": "cr-osm-node-13350779301", "name": "Soyi Coffee", "nameTh": null, "nameEn": "Soyi Coffee", "cat": ["food"], "province": "cr"}}, {"type": "Feature", "geometry": {"type": "Point", "coordinates": [99.8286223, 19.9099807]}, "properties": {"id": "cr-osm-node-13300964601", "name": "Soyi Pangkhon Coffee House", "nameTh": null, "nameEn": "Soyi Pangkhon Coffee House", "cat": ["food"], "province": "cr"}}, {"type": "Feature", "geometry": {"type": "Point", "coordinates": [99.8333042, 19.9057403]}, "properties": {"id": "cr-osm-node-9333272717", "name": "Soyi Pangkhon Coffee House", "nameTh": null, "nameEn": "Soyi Pangkhon Coffee House", "cat": ["food"], "province": "cr"}}, {"type": "Feature", "geometry": {"type": "Point", "coordinates": [99.6276859, 19.7465671]}, "properties": {"id": "cr-osm-way-758290635", "name": "Sparrow & Co.", "nameTh": null, "nameEn": "Sparrow & Co.", "cat": ["food"], "province": "cr"}}, {"type": "Feature", "geometry": {"type": "Point", "coordinates": [100.0811805, 20.3555739]}, "properties": {"id": "cr-osm-node-361390920", "name": "Sriwan", "nameTh": null, "nameEn": "Sriwan", "cat": ["food"], "province": "cr"}}, {"type": "Feature", "geometry": {"type": "Point", "coordinates": [99.8338961, 19.9089563]}, "properties": {"id": "cr-osm-node-3022782391", "name": "Stardust Bar & Grill", "nameTh": null, "nameEn": "Stardust Bar & Grill", "cat": ["food"], "province": "cr"}}, {"type": "Feature", "geometry": {"type": "Point", "coordinates": [99.8145642, 19.8919317]}, "properties": {"id": "cr-osm-node-3997172264", "name": "Starters", "nameTh": null, "nameEn": "Starters", "cat": ["food"], "province": "cr"}}, {"type": "Feature", "geometry": {"type": "Point", "coordinates": [99.8529634, 19.9078983]}, "properties": {"id": "cr-osm-node-5382558541", "name": "Steak Bengal", "nameTh": null, "nameEn": "Steak Bengal", "cat": ["food"], "province": "cr"}}, {"type": "Feature", "geometry": {"type": "Point", "coordinates": [99.4928526, 19.551566]}, "properties": {"id": "cr-osm-way-1014602360", "name": "Sticky Mango", "nameTh": null, "nameEn": "Sticky Mango", "cat": ["food"], "province": "cr"}}, {"type": "Feature", "geometry": {"type": "Point", "coordinates": [99.8337023, 19.9216535]}, "properties": {"id": "cr-osm-node-7018618085", "name": "Stone Wall Cafe", "nameTh": null, "nameEn": "Stone Wall Cafe", "cat": ["food"], "province": "cr"}}, {"type": "Feature", "geometry": {"type": "Point", "coordinates": [99.4928881, 19.5784365]}, "properties": {"id": "cr-osm-node-13460387261", "name": "Story 4len", "nameTh": null, "nameEn": "Story 4len", "cat": ["food"], "province": "cr"}}, {"type": "Feature", "geometry": {"type": "Point", "coordinates": [99.682181, 19.8348814]}, "properties": {"id": "cr-osm-node-3966280902", "name": "Street food restaurant", "nameTh": null, "nameEn": "Street food restaurant", "cat": ["food"], "province": "cr"}}, {"type": "Feature", "geometry": {"type": "Point", "coordinates": [99.8233706, 19.891168]}, "properties": {"id": "cr-osm-node-3966280907", "name": "Street food restaurant", "nameTh": null, "nameEn": "Street food restaurant", "cat": ["food"], "province": "cr"}}, {"type": "Feature", "geometry": {"type": "Point", "coordinates": [99.8718753, 20.0173758]}, "properties": {"id": "cr-osm-node-3966293759", "name": "Street food restaurant", "nameTh": null, "nameEn": "Street food restaurant", "cat": ["food"], "province": "cr"}}, {"type": "Feature", "geometry": {"type": "Point", "coordinates": [100.0867358, 20.2741036]}, "properties": {"id": "cr-osm-node-5532251959", "name": "Streetfood stalls at night", "nameTh": null, "nameEn": "Streetfood stalls at night", "cat": ["food"], "province": "cr"}}, {"type": "Feature", "geometry": {"type": "Point", "coordinates": [99.7573946, 19.8249574]}, "properties": {"id": "cr-osm-node-13435252415", "name": "Suan Singha", "nameTh": null, "nameEn": "Suan Singha", "cat": ["food"], "province": "cr"}}, {"type": "Feature", "geometry": {"type": "Point", "coordinates": [99.8068192, 20.0103922]}, "properties": {"id": "cr-osm-node-10716139619", "name": "Suansin Coffee House สวนศิลป์", "nameTh": "Suansin Coffee House สวนศิลป์", "nameEn": "Suansin Coffee House", "cat": ["food"], "province": "cr"}}, {"type": "Feature", "geometry": {"type": "Point", "coordinates": [99.6305773, 20.1651681]}, "properties": {"id": "cr-osm-node-2077399212", "name": "Sue Hai", "nameTh": null, "nameEn": "Sue Hai", "cat": ["food"], "province": "cr"}}, {"type": "Feature", "geometry": {"type": "Point", "coordinates": [99.8330832, 19.9040693]}, "properties": {"id": "cr-osm-node-10743249084", "name": "Summer Taste Ice Cream", "nameTh": null, "nameEn": "Summer Taste Ice Cream", "cat": ["food"], "province": "cr"}}, {"type": "Feature", "geometry": {"type": "Point", "coordinates": [100.412509, 20.1499284]}, "properties": {"id": "cr-osm-node-5285338523", "name": "Sungwa Cafe", "nameTh": null, "nameEn": "Sungwa Cafe", "cat": ["food"], "province": "cr"}}, {"type": "Feature", "geometry": {"type": "Point", "coordinates": [99.8307467, 19.901501]}, "properties": {"id": "cr-osm-node-12430694614", "name": "Sunseouls", "nameTh": null, "nameEn": "Sunseouls", "cat": ["food"], "province": "cr"}}, {"type": "Feature", "geometry": {"type": "Point", "coordinates": [99.8310802, 19.9059185]}, "properties": {"id": "cr-osm-node-9473041860", "name": "Surf & Turf", "nameTh": null, "nameEn": "Surf & Turf", "cat": ["food"], "province": "cr"}}, {"type": "Feature", "geometry": {"type": "Point", "coordinates": [99.8332806, 19.9056371]}, "properties": {"id": "cr-osm-node-6224846188", "name": "Surf and Turf Bistro", "nameTh": null, "nameEn": "Surf and Turf Bistro", "cat": ["food"], "province": "cr"}}, {"type": "Feature", "geometry": {"type": "Point", "coordinates": [99.8202753, 19.9010558]}, "properties": {"id": "cr-osm-node-6635204702", "name": "Sushi Rocha", "nameTh": null, "nameEn": "Sushi Rocha", "cat": ["food"], "province": "cr"}}, {"type": "Feature", "geometry": {"type": "Point", "coordinates": [99.8311949, 19.9065001]}, "properties": {"id": "cr-osm-node-12718284901", "name": "Swansong bar", "nameTh": null, "nameEn": "Swansong bar", "cat": ["food"], "province": "cr"}}, {"type": "Feature", "geometry": {"type": "Point", "coordinates": [99.8437216, 19.9306907]}, "properties": {"id": "cr-osm-node-10291400809", "name": "Sweet Secret", "nameTh": null, "nameEn": "Sweet Secret", "cat": ["food"], "province": "cr"}}, {"type": "Feature", "geometry": {"type": "Point", "coordinates": [99.8330074, 19.9050671]}, "properties": {"id": "cr-osm-node-6085895987", "name": "Swensen’s", "nameTh": null, "nameEn": "Swensen’s", "cat": ["food"], "province": "cr"}}, {"type": "Feature", "geometry": {"type": "Point", "coordinates": [99.8589333, 19.9777167]}, "properties": {"id": "cr-osm-node-10770351663", "name": "TCOS Cafe", "nameTh": null, "nameEn": "TCOS Cafe", "cat": ["food"], "province": "cr"}}, {"type": "Feature", "geometry": {"type": "Point", "coordinates": [100.0884044, 20.28896]}, "properties": {"id": "cr-osm-node-10199620588", "name": "Take away coffee & tea", "nameTh": "กาแฟเทคอะเวย์", "nameEn": "Take away coffee & tea", "cat": ["food"], "province": "cr"}}, {"type": "Feature", "geometry": {"type": "Point", "coordinates": [99.8284961, 19.9062301]}, "properties": {"id": "cr-osm-node-2319194977", "name": "Tamacha", "nameTh": null, "nameEn": "Tamacha", "cat": ["food"], "province": "cr"}}, {"type": "Feature", "geometry": {"type": "Point", "coordinates": [100.2009465, 19.6931962]}, "properties": {"id": "cr-osm-node-5300224312", "name": "Tarkaong Cafe", "nameTh": null, "nameEn": "Tarkaong Cafe", "cat": ["food"], "province": "cr"}}, {"type": "Feature", "geometry": {"type": "Point", "coordinates": [100.0837138, 20.3444395]}, "properties": {"id": "cr-osm-node-6364628382", "name": "Tawan Rimkhong", "nameTh": null, "nameEn": "Tawan Rimkhong", "cat": ["food"], "province": "cr"}}, {"type": "Feature", "geometry": {"type": "Point", "coordinates": [100.4060171, 20.2561985]}, "properties": {"id": "cr-osm-node-4693772294", "name": "Taxi Café", "nameTh": null, "nameEn": "Taxi Café", "cat": ["food"], "province": "cr"}}, {"type": "Feature", "geometry": {"type": "Point", "coordinates": [99.6248028, 20.1643348]}, "properties": {"id": "cr-osm-node-7023589586", "name": "Tea & Coffee", "nameTh": null, "nameEn": "Tea & Coffee", "cat": ["food"], "province": "cr"}}, {"type": "Feature", "geometry": {"type": "Point", "coordinates": [99.6484621, 19.8028071]}, "properties": {"id": "cr-osm-node-6631610014", "name": "Tea tasting pavilion", "nameTh": null, "nameEn": "Tea tasting pavilion", "cat": ["food"], "province": "cr"}}, {"type": "Feature", "geometry": {"type": "Point", "coordinates": [99.874979, 20.0840183]}, "properties": {"id": "cr-osm-node-3202760711", "name": "Teak Cafe", "nameTh": null, "nameEn": "Teak Cafe", "cat": ["food"], "province": "cr"}}, {"type": "Feature", "geometry": {"type": "Point", "coordinates": [99.5047161, 19.3586338]}, "properties": {"id": "cr-osm-node-2879585903", "name": "Teak Coffee", "nameTh": null, "nameEn": "Teak Coffee", "cat": ["food"], "province": "cr"}}, {"type": "Feature", "geometry": {"type": "Point", "coordinates": [100.253959, 19.8439011]}, "properties": {"id": "cr-osm-node-7698211085", "name": "Temple Restaurant", "nameTh": null, "nameEn": "Temple Restaurant", "cat": ["food"], "province": "cr"}}, {"type": "Feature", "geometry": {"type": "Point", "coordinates": [99.833096, 19.9031576]}, "properties": {"id": "cr-osm-way-653531276", "name": "Thai Food Easy Style", "nameTh": null, "nameEn": "Thai Food Easy Style", "cat": ["food"], "province": "cr"}}, {"type": "Feature", "geometry": {"type": "Point", "coordinates": [100.0926103, 20.3105938]}, "properties": {"id": "cr-osm-node-2206759323", "name": "Thai Kitchen", "nameTh": null, "nameEn": "Thai Kitchen", "cat": ["food"], "province": "cr"}}, {"type": "Feature", "geometry": {"type": "Point", "coordinates": [99.8310006, 19.9063171]}, "properties": {"id": "cr-osm-node-4434021403", "name": "Thai Kitchen", "nameTh": null, "nameEn": "Thai Kitchen", "cat": ["food"], "province": "cr"}}, {"type": "Feature", "geometry": {"type": "Point", "coordinates": [99.4929733, 19.5646927]}, "properties": {"id": "cr-osm-way-1028247811", "name": "Thai buffet.", "nameTh": null, "nameEn": "Thai buffet.", "cat": ["food"], "province": "cr"}}, {"type": "Feature", "geometry": {"type": "Point", "coordinates": [99.4646548, 19.6489505]}, "properties": {"id": "cr-osm-node-5222645521", "name": "Thai food", "nameTh": null, "nameEn": "Thai food", "cat": ["food"], "province": "cr"}}, {"type": "Feature", "geometry": {"type": "Point", "coordinates": [99.6512528, 19.862205]}, "properties": {"id": "cr-osm-node-5810490655", "name": "Thai food", "nameTh": null, "nameEn": "Thai food", "cat": ["food"], "province": "cr"}}, {"type": "Feature", "geometry": {"type": "Point", "coordinates": [99.8836068, 20.4261308]}, "properties": {"id": "cr-osm-node-7194811485", "name": "Thai food", "nameTh": null, "nameEn": "Thai food", "cat": ["food"], "province": "cr"}}, {"type": "Feature", "geometry": {"type": "Point", "coordinates": [99.8372957, 19.9066594]}, "properties": {"id": "cr-osm-node-4527667890", "name": "Thai restaurant", "nameTh": null, "nameEn": "Thai restaurant", "cat": ["food"], "province": "cr"}}, {"type": "Feature", "geometry": {"type": "Point", "coordinates": [100.4419625, 19.8450771]}, "properties": {"id": "cr-osm-node-5472809223", "name": "Thaifood cheap & good", "nameTh": null, "nameEn": "Thaifood cheap & good", "cat": ["food"], "province": "cr"}}, {"type": "Feature", "geometry": {"type": "Point", "coordinates": [99.8637764, 19.9920433]}, "properties": {"id": "cr-osm-node-5182601121", "name": "The Box Cafe", "nameTh": null, "nameEn": "The Box Cafe", "cat": ["food"], "province": "cr"}}, {"type": "Feature", "geometry": {"type": "Point", "coordinates": [99.8129151, 20.269178]}, "properties": {"id": "cr-osm-node-13521501802", "name": "The Cher", "nameTh": null, "nameEn": "The Cher", "cat": ["food"], "province": "cr"}}, {"type": "Feature", "geometry": {"type": "Point", "coordinates": [100.0133099, 19.9708718]}, "properties": {"id": "cr-osm-node-13257407601", "name": "The Estretto - ร้านอาหารเชียงราย, คาเฟ่เชียงราย", "nameTh": "The Estretto - ร้านอาหารเชียงราย, คาเฟ่เชียงราย", "nameEn": null, "cat": ["food"], "province": "cr"}}, {"type": "Feature", "geometry": {"type": "Point", "coordinates": [99.8311988, 19.9054703]}, "properties": {"id": "cr-osm-node-13073370689", "name": "The Hungry Nest", "nameTh": null, "nameEn": "The Hungry Nest", "cat": ["food"], "province": "cr"}}, {"type": "Feature", "geometry": {"type": "Point", "coordinates": [99.8285453, 19.9139137]}, "properties": {"id": "cr-osm-way-551185211", "name": "The Hungry Wolf", "nameTh": "ฮังกรีวูฟล์ สเต็กเฮาส์", "nameEn": "The Hungry Wolf", "cat": ["food"], "province": "cr"}}, {"type": "Feature", "geometry": {"type": "Point", "coordinates": [99.8324941, 19.9030508]}, "properties": {"id": "cr-osm-node-2328179585", "name": "The Indian", "nameTh": null, "nameEn": "The Indian", "cat": ["food"], "province": "cr"}}, {"type": "Feature", "geometry": {"type": "Point", "coordinates": [99.620551, 20.1569672]}, "properties": {"id": "cr-osm-node-6150676191", "name": "The Local - Mushroom Farm Cafe", "nameTh": null, "nameEn": "The Local - Mushroom Farm Cafe", "cat": ["food"], "province": "cr"}}, {"type": "Feature", "geometry": {"type": "Point", "coordinates": [99.7665091, 19.8433342]}, "properties": {"id": "cr-osm-node-9952420411", "name": "The Parlor Coffee'n Eatery", "nameTh": null, "nameEn": "The Parlor Coffee'n Eatery", "cat": ["food"], "province": "cr"}}, {"type": "Feature", "geometry": {"type": "Point", "coordinates": [99.833108, 19.886161]}, "properties": {"id": "cr-osm-node-2334898017", "name": "The Pizza Company", "nameTh": "เดอะ พิซซ่า คอมปะนี", "nameEn": "The Pizza Company", "cat": ["food"], "province": "cr"}}, {"type": "Feature", "geometry": {"type": "Point", "coordinates": [99.8551767, 19.9649509]}, "properties": {"id": "cr-osm-node-4525382278", "name": "The Pizza Company", "nameTh": null, "nameEn": "The Pizza Company", "cat": ["food"], "province": "cr"}}, {"type": "Feature", "geometry": {"type": "Point", "coordinates": [99.832915, 19.9050071]}, "properties": {"id": "cr-osm-node-6297472385", "name": "The Pizza Company", "nameTh": null, "nameEn": "pizza company", "cat": ["food"], "province": "cr"}}, {"type": "Feature", "geometry": {"type": "Point", "coordinates": [99.8594624, 20.1997874]}, "properties": {"id": "cr-osm-node-8731219817", "name": "The Rasee Steak House & Bar", "nameTh": null, "nameEn": "The Rasee Steak House & Bar", "cat": ["food"], "province": "cr"}}, {"type": "Feature", "geometry": {"type": "Point", "coordinates": [99.8272588, 19.8997026]}, "properties": {"id": "cr-osm-way-772907454", "name": "The Roast", "nameTh": null, "nameEn": "The Roast", "cat": ["food"], "province": "cr"}}, {"type": "Feature", "geometry": {"type": "Point", "coordinates": [99.8275521, 19.8965764]}, "properties": {"id": "cr-osm-way-751059215", "name": "The Roastery by Roj", "nameTh": null, "nameEn": "The Roastery by Roj", "cat": ["food"], "province": "cr"}}, {"type": "Feature", "geometry": {"type": "Point", "coordinates": [100.4070863, 20.2637319]}, "properties": {"id": "cr-osm-node-5183937021", "name": "The Rotor Coffee & Restaurant", "nameTh": null, "nameEn": "The Rotor Coffee & Restaurant", "cat": ["food"], "province": "cr"}}, {"type": "Feature", "geometry": {"type": "Point", "coordinates": [99.8315873, 19.9046309]}, "properties": {"id": "cr-osm-way-387048493", "name": "The Saloon", "nameTh": null, "nameEn": "The Saloon", "cat": ["food"], "province": "cr"}}, {"type": "Feature", "geometry": {"type": "Point", "coordinates": [99.9009914, 20.4208269]}, "properties": {"id": "cr-osm-node-2207472327", "name": "The Terrace", "nameTh": null, "nameEn": "The Terrace", "cat": ["food"], "province": "cr"}}, {"type": "Feature", "geometry": {"type": "Point", "coordinates": [99.7147608, 19.7459946]}, "properties": {"id": "cr-osm-node-11345485171", "name": "The Tom Taste Cafe", "nameTh": null, "nameEn": "The Tom Taste Cafe", "cat": ["food"], "province": "cr"}}, {"type": "Feature", "geometry": {"type": "Point", "coordinates": [100.374668, 20.3400205]}, "properties": {"id": "cr-osm-node-3289912225", "name": "The View", "nameTh": null, "nameEn": "The View", "cat": ["food"], "province": "cr"}}, {"type": "Feature", "geometry": {"type": "Point", "coordinates": [100.3742936, 20.3398661]}, "properties": {"id": "cr-osm-node-7081800709", "name": "The View Coffee", "nameTh": null, "nameEn": "The View Coffee", "cat": ["food"], "province": "cr"}}, {"type": "Feature", "geometry": {"type": "Point", "coordinates": [99.556636, 19.8117913]}, "properties": {"id": "cr-osm-node-3323406386", "name": "The View Restaurant", "nameTh": null, "nameEn": "The View Restaurant", "cat": ["food"], "province": "cr"}}, {"type": "Feature", "geometry": {"type": "Point", "coordinates": [99.8299651, 19.9188619]}, "properties": {"id": "cr-osm-node-4340629491", "name": "The Wanderer", "nameTh": null, "nameEn": "The Wanderer", "cat": ["food"], "province": "cr"}}, {"type": "Feature", "geometry": {"type": "Point", "coordinates": [99.5122971, 19.3151923]}, "properties": {"id": "cr-osm-node-2128238191", "name": "The White Cup", "nameTh": null, "nameEn": "The White Cup", "cat": ["food"], "province": "cr"}}, {"type": "Feature", "geometry": {"type": "Point", "coordinates": [100.1679683, 19.6926806]}, "properties": {"id": "cr-osm-way-760181685", "name": "The Wolf Coffee", "nameTh": null, "nameEn": "The Wolf Coffee", "cat": ["food"], "province": "cr"}}, {"type": "Feature", "geometry": {"type": "Point", "coordinates": [100.1915419, 19.6551343]}, "properties": {"id": "cr-osm-way-1346988936", "name": "Thoeng Shrimp / Prawn Farm Restaurant", "nameTh": null, "nameEn": "Thoeng Shrimp / Prawn Farm Restaurant", "cat": ["food"], "province": "cr"}}, {"type": "Feature", "geometry": {"type": "Point", "coordinates": [99.8509587, 19.9546584]}, "properties": {"id": "cr-osm-node-12683798696", "name": "Thunder Rabbit Coffee", "nameTh": null, "nameEn": "Thunder Rabbit Coffee", "cat": ["food"], "province": "cr"}}, {"type": "Feature", "geometry": {"type": "Point", "coordinates": [99.8311611, 19.9066167]}, "properties": {"id": "cr-osm-node-2450215492", "name": "Ti Amo House", "nameTh": "ที อาโม่ เชียงราย เซ็นทรัล", "nameEn": "Ti Amo Chiangrai Central", "cat": ["food"], "province": "cr"}}, {"type": "Feature", "geometry": {"type": "Point", "coordinates": [99.8757185, 20.049614]}, "properties": {"id": "cr-osm-node-5699140822", "name": "Tid doi Tid din Cafe", "nameTh": null, "nameEn": "Tid doi Tid din Cafe", "cat": ["food"], "province": "cr"}}, {"type": "Feature", "geometry": {"type": "Point", "coordinates": [100.0881401, 20.2792476]}, "properties": {"id": "cr-osm-node-13358760101", "name": "Tiewfokodum", "nameTh": null, "nameEn": "Tiewfokodum", "cat": ["food"], "province": "cr"}}, {"type": "Feature", "geometry": {"type": "Point", "coordinates": [99.8964286, 20.0019481]}, "properties": {"id": "cr-osm-node-5257379425", "name": "Time", "nameTh": null, "nameEn": "Time", "cat": ["food"], "province": "cr"}}, {"type": "Feature", "geometry": {"type": "Point", "coordinates": [99.8249171, 19.9072262]}, "properties": {"id": "cr-osm-node-6151344885", "name": "Timothy", "nameTh": null, "nameEn": "Timothy", "cat": ["food"], "province": "cr"}}, {"type": "Feature", "geometry": {"type": "Point", "coordinates": [100.2592223, 19.8442188]}, "properties": {"id": "cr-osm-node-7849608885", "name": "Tin Icecream", "nameTh": null, "nameEn": "Tin Icecream", "cat": ["food"], "province": "cr"}}, {"type": "Feature", "geometry": {"type": "Point", "coordinates": [99.8290074, 20.2050415]}, "properties": {"id": "cr-osm-node-5491816277", "name": "Tipic Restaurant Thai", "nameTh": null, "nameEn": "Thai Restaurant", "cat": ["food"], "province": "cr"}}, {"type": "Feature", "geometry": {"type": "Point", "coordinates": [99.8284923, 19.9067356]}, "properties": {"id": "cr-osm-node-4565079095", "name": "Tj Item", "nameTh": null, "nameEn": "Tj Item", "cat": ["food"], "province": "cr"}}, {"type": "Feature", "geometry": {"type": "Point", "coordinates": [99.8277015, 19.8983737]}, "properties": {"id": "cr-osm-node-6049078986", "name": "Tong Tung Restaurant", "nameTh": null, "nameEn": "Tong Tung Restaurant", "cat": ["food"], "province": "cr"}}, {"type": "Feature", "geometry": {"type": "Point", "coordinates": [99.8319902, 19.9186904]}, "properties": {"id": "cr-osm-node-10973566605", "name": "Triple C", "nameTh": null, "nameEn": "Triple C", "cat": ["food"], "province": "cr"}}, {"type": "Feature", "geometry": {"type": "Point", "coordinates": [99.7641436, 19.8239913]}, "properties": {"id": "cr-osm-node-4754150222", "name": "Tu-Coffee", "nameTh": null, "nameEn": "Tu-Coffee", "cat": ["food"], "province": "cr"}}, {"type": "Feature", "geometry": {"type": "Point", "coordinates": [99.8318404, 19.9052601]}, "properties": {"id": "cr-osm-node-9473041859", "name": "Tulip Bar", "nameTh": null, "nameEn": "Tulip Bar", "cat": ["food"], "province": "cr"}}, {"type": "Feature", "geometry": {"type": "Point", "coordinates": [99.8553352, 19.9652997]}, "properties": {"id": "cr-osm-node-8793920817", "name": "Tum Bukhung", "nameTh": null, "nameEn": "Tum Bukhung", "cat": ["food"], "province": "cr"}}, {"type": "Feature", "geometry": {"type": "Point", "coordinates": [99.8901982, 20.4246565]}, "properties": {"id": "cr-osm-node-5559100122", "name": "Tumsiam", "nameTh": null, "nameEn": "Tumsiam", "cat": ["food"], "province": "cr"}}, {"type": "Feature", "geometry": {"type": "Point", "coordinates": [99.7976112, 19.8350385]}, "properties": {"id": "cr-osm-node-9952404333", "name": "Two Lung", "nameTh": null, "nameEn": "Two Lung", "cat": ["food"], "province": "cr"}}, {"type": "Feature", "geometry": {"type": "Point", "coordinates": [99.5567634, 19.7876664]}, "properties": {"id": "cr-osm-node-9941762317", "name": "U Garden", "nameTh": null, "nameEn": "U Garden", "cat": ["food"], "province": "cr"}}, {"type": "Feature", "geometry": {"type": "Point", "coordinates": [99.8421709, 19.9781409]}, "properties": {"id": "cr-osm-node-9500275038", "name": "UD Coffee House", "nameTh": null, "nameEn": "UD Coffee House", "cat": ["food"], "province": "cr"}}, {"type": "Feature", "geometry": {"type": "Point", "coordinates": [99.8074605, 19.8835064]}, "properties": {"id": "cr-osm-node-4209107589", "name": "Uncle Dee Steak", "nameTh": null, "nameEn": "Uncle Dee Steak", "cat": ["food"], "province": "cr"}}, {"type": "Feature", "geometry": {"type": "Point", "coordinates": [99.8380102, 19.8935991]}, "properties": {"id": "cr-osm-node-4225316290", "name": "VT name nuang ", "nameTh": null, "nameEn": "VT name nuang", "cat": ["food"], "province": "cr"}}, {"type": "Feature", "geometry": {"type": "Point", "coordinates": [99.8790919, 19.9538486]}, "properties": {"id": "cr-osm-node-6636010985", "name": "Variety bistro", "nameTh": null, "nameEn": "Variety bistro", "cat": ["food"], "province": "cr"}}, {"type": "Feature", "geometry": {"type": "Point", "coordinates": [100.4035703, 20.2704285]}, "properties": {"id": "cr-osm-node-2304875498", "name": "Vegetarian Food", "nameTh": null, "nameEn": "Vegetarian Food", "cat": ["food"], "province": "cr"}}, {"type": "Feature", "geometry": {"type": "Point", "coordinates": [99.8306248, 19.9014994]}, "properties": {"id": "cr-osm-node-4556487389", "name": "Vegetarian Restaurant", "nameTh": null, "nameEn": "Boonsita", "cat": ["food"], "province": "cr"}}, {"type": "Feature", "geometry": {"type": "Point", "coordinates": [100.0850725, 20.2758108]}, "properties": {"id": "cr-osm-node-4796439021", "name": "Vegetarian place", "nameTh": null, "nameEn": "Vegetarian place", "cat": ["food"], "province": "cr"}}, {"type": "Feature", "geometry": {"type": "Point", "coordinates": [100.0496887, 20.2618139]}, "properties": {"id": "cr-osm-way-983611738", "name": "Viang Yonok", "nameTh": null, "nameEn": "Viang Yonok", "cat": ["food"], "province": "cr"}}, {"type": "Feature", "geometry": {"type": "Point", "coordinates": [100.0500557, 20.2616078]}, "properties": {"id": "cr-osm-way-983611746", "name": "Viang Yonok", "nameTh": null, "nameEn": "Viang Yonok", "cat": ["food"], "province": "cr"}}, {"type": "Feature", "geometry": {"type": "Point", "coordinates": [100.4057979, 20.2667261]}, "properties": {"id": "cr-osm-node-5466599822", "name": "Vietnamese Noodle", "nameTh": null, "nameEn": "Vietnamese Noodle", "cat": ["food"], "province": "cr"}}, {"type": "Feature", "geometry": {"type": "Point", "coordinates": [99.8338413, 19.9032274]}, "properties": {"id": "cr-osm-node-4690179492", "name": "Vietnamese food", "nameTh": null, "nameEn": "Vietnamese food", "cat": ["food"], "province": "cr"}}, {"type": "Feature", "geometry": {"type": "Point", "coordinates": [100.388272, 20.3045667]}, "properties": {"id": "cr-osm-node-10721637138", "name": "View Khong", "nameTh": null, "nameEn": "View Khong", "cat": ["food"], "province": "cr"}}, {"type": "Feature", "geometry": {"type": "Point", "coordinates": [99.8207404, 19.9005004]}, "properties": {"id": "cr-osm-node-6635204711", "name": "Vivien", "nameTh": null, "nameEn": "Vivien", "cat": ["food"], "province": "cr"}}, {"type": "Feature", "geometry": {"type": "Point", "coordinates": [99.680007, 19.8147183]}, "properties": {"id": "cr-osm-node-5224050821", "name": "Wake Cup", "nameTh": null, "nameEn": "Wake Cup", "cat": ["food"], "province": "cr"}}, {"type": "Feature", "geometry": {"type": "Point", "coordinates": [99.8553499, 20.152987]}, "properties": {"id": "cr-osm-node-2148570065", "name": "Warm Club", "nameTh": null, "nameEn": "Warm Club", "cat": ["food"], "province": "cr"}}, {"type": "Feature", "geometry": {"type": "Point", "coordinates": [99.6201436, 20.1569337]}, "properties": {"id": "cr-osm-node-6426974786", "name": "Watchara Maesalong", "nameTh": null, "nameEn": "Watchara Maesalong", "cat": ["food"], "province": "cr"}}, {"type": "Feature", "geometry": {"type": "Point", "coordinates": [99.8305828, 19.9085158]}, "properties": {"id": "cr-osm-way-961802247", "name": "What Cat Cafe", "nameTh": null, "nameEn": "What Cat Cafe", "cat": ["food"], "province": "cr"}}, {"type": "Feature", "geometry": {"type": "Point", "coordinates": [99.8630686, 19.9939488]}, "properties": {"id": "cr-osm-node-6108968718", "name": "Wijittra", "nameTh": null, "nameEn": "Wijittra", "cat": ["food"], "province": "cr"}}, {"type": "Feature", "geometry": {"type": "Point", "coordinates": [99.8403462, 19.9183043]}, "properties": {"id": "cr-osm-way-298357691", "name": "Wine Casa", "nameTh": null, "nameEn": "Wine Casa", "cat": ["food"], "province": "cr"}}, {"type": "Feature", "geometry": {"type": "Point", "coordinates": [99.8304302, 19.9014764]}, "properties": {"id": "cr-osm-node-6204637085", "name": "Wynn Coffee Shop", "nameTh": null, "nameEn": "Wynn Coffee Shop", "cat": ["food"], "province": "cr"}}, {"type": "Feature", "geometry": {"type": "Point", "coordinates": [99.6261204, 20.1654805]}, "properties": {"id": "cr-osm-node-4520375490", "name": "Xin Zhi Dai Bakery", "nameTh": null, "nameEn": "Xin Zhi Dai Bakery", "cat": ["food"], "province": "cr"}}, {"type": "Feature", "geometry": {"type": "Point", "coordinates": [99.8832243, 20.4411935]}, "properties": {"id": "cr-osm-node-7153718285", "name": "Y.G Restaurant", "nameTh": null, "nameEn": "Y.G Restaurant", "cat": ["food"], "province": "cr"}}, {"type": "Feature", "geometry": {"type": "Point", "coordinates": [99.6228475, 20.1636773]}, "properties": {"id": "cr-osm-node-6290979685", "name": "Yang Ming Vegetarian Restaurant", "nameTh": null, "nameEn": "Yang Ming Vegetarian Restaurant", "cat": ["food"], "province": "cr"}}, {"type": "Feature", "geometry": {"type": "Point", "coordinates": [99.8383608, 19.900033]}, "properties": {"id": "cr-osm-node-14038470991", "name": "Yannin Bakery House", "nameTh": "ญาณิน เบเกอรี่ เฮ้าส์", "nameEn": "Yannin Bakery House", "cat": ["food"], "province": "cr"}}, {"type": "Feature", "geometry": {"type": "Point", "coordinates": [99.7828531, 19.8750443]}, "properties": {"id": "cr-osm-node-5338160370", "name": "Yayo Coffee & Bed", "nameTh": null, "nameEn": "Yayo Coffee & Bed", "cat": ["food"], "province": "cr"}}, {"type": "Feature", "geometry": {"type": "Point", "coordinates": [99.8319723, 19.9065669]}, "properties": {"id": "cr-osm-node-4130584206", "name": "Yellow Black", "nameTh": null, "nameEn": "Yellow Black", "cat": ["food"], "province": "cr"}}, {"type": "Feature", "geometry": {"type": "Point", "coordinates": [99.831154, 19.90701]}, "properties": {"id": "cr-osm-node-13261753744", "name": "Yellow Truck Coffee", "nameTh": null, "nameEn": "Yellow Truck Coffee", "cat": ["food"], "province": "cr"}}, {"type": "Feature", "geometry": {"type": "Point", "coordinates": [99.8279061, 19.9063835]}, "properties": {"id": "cr-osm-node-8930769996", "name": "Yen Yen", "nameTh": null, "nameEn": "Yen Yen", "cat": ["food"], "province": "cr"}}, {"type": "Feature", "geometry": {"type": "Point", "coordinates": [99.6489756, 20.1624519]}, "properties": {"id": "cr-osm-node-5229745321", "name": "Yoddoi Coffee & Tea", "nameTh": null, "nameEn": "Yoddoi Coffee & Tea", "cat": ["food"], "province": "cr"}}, {"type": "Feature", "geometry": {"type": "Point", "coordinates": [99.8307792, 19.9068381]}, "properties": {"id": "cr-osm-way-963169297", "name": "Yoddoi Coffee & Tea", "nameTh": "ยอดดอยกาแฟและชา", "nameEn": "Yoddoi Coffee & Tea", "cat": ["food"], "province": "cr"}}, {"type": "Feature", "geometry": {"type": "Point", "coordinates": [100.0684597, 19.6123046]}, "properties": {"id": "cr-osm-node-5183185225", "name": "Yodya-yee Coffee", "nameTh": null, "nameEn": "Yodya-yee Coffee", "cat": ["food"], "province": "cr"}}, {"type": "Feature", "geometry": {"type": "Point", "coordinates": [100.4053593, 20.2709764]}, "properties": {"id": "cr-osm-node-4516996189", "name": "Yolo International restaurant and bar", "nameTh": null, "nameEn": "Yolo International restaurant and bar", "cat": ["food"], "province": "cr"}}, {"type": "Feature", "geometry": {"type": "Point", "coordinates": [99.8021204, 19.887287]}, "properties": {"id": "cr-osm-node-4652615988", "name": "Zoomkungten Nonpueng", "nameTh": null, "nameEn": "Zoomkungten Nonpueng", "cat": ["food"], "province": "cr"}}, {"type": "Feature", "geometry": {"type": "Point", "coordinates": [100.0293017, 20.3744361]}, "properties": {"id": "cr-osm-node-6550787886", "name": "beautiful and good view cafe", "nameTh": null, "nameEn": "beautiful and good view cafe", "cat": ["food"], "province": "cr"}}, {"type": "Feature", "geometry": {"type": "Point", "coordinates": [99.7824909, 19.9127256]}, "properties": {"id": "cr-osm-node-9830633217", "name": "cafe", "nameTh": null, "nameEn": "cafe", "cat": ["food"], "province": "cr"}}, {"type": "Feature", "geometry": {"type": "Point", "coordinates": [99.7328877, 19.6686406]}, "properties": {"id": "cr-osm-node-6631610602", "name": "coffee", "nameTh": null, "nameEn": "coffee", "cat": ["food"], "province": "cr"}}, {"type": "Feature", "geometry": {"type": "Point", "coordinates": [99.8313345, 20.0374176]}, "properties": {"id": "cr-osm-node-11041552867", "name": "eden Cafe", "nameTh": null, "nameEn": "eden Cafe", "cat": ["food"], "province": "cr"}}, {"type": "Feature", "geometry": {"type": "Point", "coordinates": [100.0821307, 20.350145]}, "properties": {"id": "cr-osm-node-6632676287", "name": "food court", "nameTh": null, "nameEn": "food court", "cat": ["food"], "province": "cr"}}, {"type": "Feature", "geometry": {"type": "Point", "coordinates": [99.7238656, 19.746771]}, "properties": {"id": "cr-osm-node-6631514624", "name": "food market", "nameTh": null, "nameEn": "food market", "cat": ["food"], "province": "cr"}}, {"type": "Feature", "geometry": {"type": "Point", "coordinates": [99.8331175, 19.9056549]}, "properties": {"id": "cr-osm-node-6548999285", "name": "local food", "nameTh": null, "nameEn": "local food", "cat": ["food"], "province": "cr"}}, {"type": "Feature", "geometry": {"type": "Point", "coordinates": [99.8341475, 19.9439177]}, "properties": {"id": "cr-osm-node-7694781986", "name": "locus Native food lab", "nameTh": null, "nameEn": "locus Native food lab", "cat": ["food"], "province": "cr"}}, {"type": "Feature", "geometry": {"type": "Point", "coordinates": [100.0853569, 20.2741195]}, "properties": {"id": "cr-osm-node-5401620121", "name": "night and morning market", "nameTh": null, "nameEn": "night and morning market", "cat": ["food"], "province": "cr"}}, {"type": "Feature", "geometry": {"type": "Point", "coordinates": [99.8334089, 19.9051583]}, "properties": {"id": "cr-osm-node-6633383691", "name": "night coffee", "nameTh": null, "nameEn": "night coffee", "cat": ["food"], "province": "cr"}}, {"type": "Feature", "geometry": {"type": "Point", "coordinates": [99.6755374, 19.8075453]}, "properties": {"id": "cr-osm-node-7931705724", "name": "silpasa café", "nameTh": null, "nameEn": "silpasa café", "cat": ["food"], "province": "cr"}}, {"type": "Feature", "geometry": {"type": "Point", "coordinates": [99.739559, 19.642564]}, "properties": {"id": "cr-osm-node-6631610010", "name": "small food market", "nameTh": null, "nameEn": "small food market", "cat": ["food"], "province": "cr"}}, {"type": "Feature", "geometry": {"type": "Point", "coordinates": [99.8362026, 19.9088254]}, "properties": {"id": "cr-osm-node-11632530370", "name": "soofa@mailto.plus", "nameTh": "ปั่น ปันรัก", "nameEn": "Pun Pun Rank Cafe", "cat": ["food"], "province": "cr"}}, {"type": "Feature", "geometry": {"type": "Point", "coordinates": [100.0888492, 20.2934569]}, "properties": {"id": "cr-osm-node-6632634602", "name": "tok tok", "nameTh": null, "nameEn": "tok tok", "cat": ["food"], "province": "cr"}}, {"type": "Feature", "geometry": {"type": "Point", "coordinates": [99.8364106, 19.9159173]}, "properties": {"id": "cr-osm-way-1085854776", "name": "กมล หมูเด้ง", "nameTh": "กมล หมูเด้ง", "nameEn": "Kamol Moo Deng", "cat": ["food"], "province": "cr"}}, {"type": "Feature", "geometry": {"type": "Point", "coordinates": [99.8841662, 20.4381963]}, "properties": {"id": "cr-osm-node-3726038746", "name": "กรีนเฮ้าส์", "nameTh": "กรีนเฮ้าส์", "nameEn": "Green House", "cat": ["food"], "province": "cr"}}, {"type": "Feature", "geometry": {"type": "Point", "coordinates": [99.8099217, 19.9048814]}, "properties": {"id": "cr-osm-node-13088652944", "name": "กวางตุ้ง", "nameTh": "กวางตุ้ง", "nameEn": "Kwangtung", "cat": ["food"], "province": "cr"}}, {"type": "Feature", "geometry": {"type": "Point", "coordinates": [99.8249166, 19.8983675]}, "properties": {"id": "cr-osm-node-8922379214", "name": "กั๊ดจัง คาเร", "nameTh": "กั๊ดจัง คาเร", "nameEn": null, "cat": ["food"], "province": "cr"}}, {"type": "Feature", "geometry": {"type": "Point", "coordinates": [99.8193769, 19.9012985]}, "properties": {"id": "cr-osm-node-12434785194", "name": "กาแฟประทับจิต", "nameTh": "กาแฟประทับจิต", "nameEn": null, "cat": ["food"], "province": "cr"}}, {"type": "Feature", "geometry": {"type": "Point", "coordinates": [99.8230646, 19.9070547]}, "properties": {"id": "cr-osm-way-960685114", "name": "กาแฟพันธ์ไทย", "nameTh": "กาแฟพันธ์ไทย", "nameEn": "Panthai Coffee", "cat": ["food"], "province": "cr"}}, {"type": "Feature", "geometry": {"type": "Point", "coordinates": [99.8297601, 19.8996968]}, "properties": {"id": "cr-osm-way-1075277176", "name": "กาแฟมวลชน", "nameTh": "กาแฟมวลชน", "nameEn": "Mannchon Cafe", "cat": ["food"], "province": "cr"}}, {"type": "Feature", "geometry": {"type": "Point", "coordinates": [99.8299235, 19.906774]}, "properties": {"id": "cr-osm-node-5581495722", "name": "กาแฟรถเหลือง ไข่กระทะ", "nameTh": "กาแฟรถเหลือง ไข่กระทะ", "nameEn": null, "cat": ["food"], "province": "cr"}}, {"type": "Feature", "geometry": {"type": "Point", "coordinates": [99.8480881, 20.1438756]}, "properties": {"id": "cr-osm-node-2148634161", "name": "กาแฟสด", "nameTh": "กาแฟสด", "nameEn": null, "cat": ["food"], "province": "cr"}}, {"type": "Feature", "geometry": {"type": "Point", "coordinates": [99.5745189, 20.2210216]}, "properties": {"id": "cr-osm-node-5492912721", "name": "กาแฟห้วยหมาก", "nameTh": "กาแฟห้วยหมาก", "nameEn": null, "cat": ["food"], "province": "cr"}}, {"type": "Feature", "geometry": {"type": "Point", "coordinates": [99.7415148, 19.5549882]}, "properties": {"id": "cr-osm-node-4472048666", "name": "กาแฟโบรเณ", "nameTh": "กาแฟโบรเณ", "nameEn": "Cafe Brownie", "cat": ["food"], "province": "cr"}}, {"type": "Feature", "geometry": {"type": "Point", "coordinates": [99.8347001, 19.9041859]}, "properties": {"id": "cr-osm-way-968343206", "name": "กิ่งกาญจน์", "nameTh": "กิ่งกาญจน์", "nameEn": "Kingkan Ginggarn", "cat": ["food"], "province": "cr"}}, {"type": "Feature", "geometry": {"type": "Point", "coordinates": [99.8253234, 19.902357]}, "properties": {"id": "cr-osm-node-9134235590", "name": "กิ๋นลำ ยำฟอร์ยู", "nameTh": "กิ๋นลำ ยำฟอร์ยู", "nameEn": "Gin Lam Yum For You", "cat": ["food"], "province": "cr"}}, {"type": "Feature", "geometry": {"type": "Point", "coordinates": [99.8288546, 19.9042784]}, "properties": {"id": "cr-osm-way-959733040", "name": "กู โรตี", "nameTh": "กู โรตี", "nameEn": "Gu Roti", "cat": ["food"], "province": "cr"}}, {"type": "Feature", "geometry": {"type": "Point", "coordinates": [99.8116093, 20.1267227]}, "properties": {"id": "cr-osm-node-2147432635", "name": "ก๋วยเตี๊ยวเรืออยุธยา", "nameTh": "ก๋วยเตี๊ยวเรืออยุธยา", "nameEn": null, "cat": ["food"], "province": "cr"}}, {"type": "Feature", "geometry": {"type": "Point", "coordinates": [99.8491412, 20.1443652]}, "properties": {"id": "cr-osm-node-2148634162", "name": "ก๋วยเตี๋ยว", "nameTh": "ก๋วยเตี๋ยว", "nameEn": null, "cat": ["food"], "province": "cr"}}, {"type": "Feature", "geometry": {"type": "Point", "coordinates": [99.8605314, 20.1349758]}, "properties": {"id": "cr-osm-node-2148609276", "name": "ก๋วยเตี๋ยว กะละมัง", "nameTh": "ก๋วยเตี๋ยว กะละมัง", "nameEn": null, "cat": ["food"], "province": "cr"}}, {"type": "Feature", "geometry": {"type": "Point", "coordinates": [99.8387524, 19.9156498]}, "properties": {"id": "cr-osm-node-9956681349", "name": "ก๋วยเตี๋ยว ป้าอร", "nameTh": "ก๋วยเตี๋ยว ป้าอร", "nameEn": "Pa Orn's Noodle", "cat": ["food"], "province": "cr"}}, {"type": "Feature", "geometry": {"type": "Point", "coordinates": [99.740947, 19.55065]}, "properties": {"id": "cr-osm-node-3840319440", "name": "ก๋วยเตี๋ยว พานโอชา", "nameTh": "ก๋วยเตี๋ยว พานโอชา", "nameEn": null, "cat": ["food"], "province": "cr"}}, {"type": "Feature", "geometry": {"type": "Point", "coordinates": [99.8402818, 19.9167667]}, "properties": {"id": "cr-osm-node-10223255212", "name": "ก๋วยเตี๋ยว ในฝัน", "nameTh": "ก๋วยเตี๋ยว ในฝัน", "nameEn": "Naifan Noodle", "cat": ["food"], "province": "cr"}}, {"type": "Feature", "geometry": {"type": "Point", "coordinates": [99.8165264, 19.9245792]}, "properties": {"id": "cr-osm-node-4537064789", "name": "ก๋วยเตี๋ยวกากหมูสูตรโบราณ", "nameTh": "ก๋วยเตี๋ยวกากหมูสูตรโบราณ", "nameEn": null, "cat": ["food"], "province": "cr"}}, {"type": "Feature", "geometry": {"type": "Point", "coordinates": [99.8382438, 19.9110867]}, "properties": {"id": "cr-osm-node-9131881434", "name": "ก๋วยเตี๋ยวต้มยำสุโขทัย", "nameTh": "ก๋วยเตี๋ยวต้มยำสุโขทัย", "nameEn": "Sukhothai Tom Yum Noodles", "cat": ["food"], "province": "cr"}}, {"type": "Feature", "geometry": {"type": "Point", "coordinates": [99.7955098, 20.1169433]}, "properties": {"id": "cr-osm-node-2148615668", "name": "ก๋วยเตี๋ยวทานตะวัน", "nameTh": "ก๋วยเตี๋ยวทานตะวัน", "nameEn": null, "cat": ["food"], "province": "cr"}}, {"type": "Feature", "geometry": {"type": "Point", "coordinates": [99.7818737, 20.1139234]}, "properties": {"id": "cr-osm-node-2148615671", "name": "ก๋วยเตี๋ยวน่องไก่ตุ๋น อาหารตามสั่ง", "nameTh": "ก๋วยเตี๋ยวน่องไก่ตุ๋น อาหารตามสั่ง", "nameEn": null, "cat": ["food"], "province": "cr"}}, {"type": "Feature", "geometry": {"type": "Point", "coordinates": [99.8448843, 19.9148038]}, "properties": {"id": "cr-osm-node-6351563585", "name": "ก๋วยเตี๋ยวปลาชาพ่อขุนหมื่นลี้", "nameTh": "ก๋วยเตี๋ยวปลาชาพ่อขุนหมื่นลี้", "nameEn": null, "cat": ["food"], "province": "cr"}}, {"type": "Feature", "geometry": {"type": "Point", "coordinates": [100.2020188, 19.6934697]}, "properties": {"id": "cr-osm-node-4220779591", "name": "ก๋วยเตี๋ยวป้ากอย", "nameTh": "ก๋วยเตี๋ยวป้ากอย", "nameEn": null, "cat": ["food"], "province": "cr"}}, {"type": "Feature", "geometry": {"type": "Point", "coordinates": [99.8218478, 19.9011758]}, "properties": {"id": "cr-osm-node-6085458185", "name": "ก๋วยเตี๋ยวรสดีเด็ด", "nameTh": "ก๋วยเตี๋ยวรสดีเด็ด", "nameEn": "Rod Dee Ded beef noodle soup", "cat": ["food"], "province": "cr"}}, {"type": "Feature", "geometry": {"type": "Point", "coordinates": [99.8528357, 20.144881]}, "properties": {"id": "cr-osm-node-2148548743", "name": "ก๋วยเตี๋ยวลำปาง", "nameTh": "ก๋วยเตี๋ยวลำปาง", "nameEn": null, "cat": ["food"], "province": "cr"}}, {"type": "Feature", "geometry": {"type": "Point", "coordinates": [99.500271, 19.820357]}, "properties": {"id": "cr-osm-node-5353951721", "name": "ก๋วยเตี๋ยวอาหารตามสั่ง", "nameTh": "ก๋วยเตี๋ยวอาหารตามสั่ง", "nameEn": "local Thai food", "cat": ["food"], "province": "cr"}}, {"type": "Feature", "geometry": {"type": "Point", "coordinates": [99.8026674, 19.8822522]}, "properties": {"id": "cr-osm-node-13724825735", "name": "ก๋วยเตี๋ยวเนื้อตุ๋น", "nameTh": "ก๋วยเตี๋ยวเนื้อตุ๋น", "nameEn": null, "cat": ["food"], "province": "cr"}}, {"type": "Feature", "geometry": {"type": "Point", "coordinates": [99.8447274, 19.9356914]}, "properties": {"id": "cr-osm-node-2148831301", "name": "ก๋วยเตี๋ยวเนื้อหมู อันเจริญ", "nameTh": "ก๋วยเตี๋ยวเนื้อหมู อันเจริญ", "nameEn": null, "cat": ["food"], "province": "cr"}}, {"type": "Feature", "geometry": {"type": "Point", "coordinates": [99.8307378, 19.8847527]}, "properties": {"id": "cr-osm-node-9104729404", "name": "ก๋วยเตี๋ยวเรือ ๑๓ เหรียญ", "nameTh": "ก๋วยเตี๋ยวเรือ ๑๓ เหรียญ", "nameEn": null, "cat": ["food"], "province": "cr"}}, {"type": "Feature", "geometry": {"type": "Point", "coordinates": [99.8589098, 19.9288983]}, "properties": {"id": "cr-osm-node-5864643598", "name": "ก๋วยเตี๋ยวเรือป่าแดงริมกก", "nameTh": "ก๋วยเตี๋ยวเรือป่าแดงริมกก", "nameEn": null, "cat": ["food"], "province": "cr"}}, {"type": "Feature", "geometry": {"type": "Point", "coordinates": [99.8623371, 20.132608]}, "properties": {"id": "cr-osm-node-2148609267", "name": "ก๋วยเตี๋ยวเรือรันจวน", "nameTh": "ก๋วยเตี๋ยวเรือรันจวน", "nameEn": null, "cat": ["food"], "province": "cr"}}, {"type": "Feature", "geometry": {"type": "Point", "coordinates": [99.9447408, 20.2213295]}, "properties": {"id": "cr-osm-node-6484265985", "name": "ก๋วยเตี๋ยวเรือวันละหม้อ", "nameTh": "ก๋วยเตี๋ยวเรือวันละหม้อ", "nameEn": "Wan la more noodles", "cat": ["food"], "province": "cr"}}, {"type": "Feature", "geometry": {"type": "Point", "coordinates": [99.8213216, 19.9075329]}, "properties": {"id": "cr-osm-way-960684997", "name": "ก๋วยเตี๋ยวไก่ตุ๋น ชามยักษ์", "nameTh": "Cham Yak Braised Chicken Noodles", "nameEn": null, "cat": ["food"], "province": "cr"}}, {"type": "Feature", "geometry": {"type": "Point", "coordinates": [99.8549383, 20.1449541]}, "properties": {"id": "cr-osm-way-204877235", "name": "ก๋วยเตี๋ยวไก่ตุ๋นมะระ", "nameTh": "ก๋วยเตี๋ยวไก่ตุ๋นมะระ", "nameEn": null, "cat": ["food"], "province": "cr"}}, {"type": "Feature", "geometry": {"type": "Point", "coordinates": [99.8300134, 19.9014262]}, "properties": {"id": "cr-osm-node-9223231635", "name": "ก๋วยเตี๋ยวไก่มะระ ข้างโรงบาล", "nameTh": "ก๋วยเตี๋ยวไก่มะระ ข้างโรงบาล", "nameEn": "Bitter gourd chicken noodles", "cat": ["food"], "province": "cr"}}, {"type": "Feature", "geometry": {"type": "Point", "coordinates": [99.8576322, 20.14934]}, "properties": {"id": "cr-osm-node-2150597982", "name": "ขาหมูแสนคำ (หน้าศาลเจ้าแม่จัน)", "nameTh": "ขาหมูแสนคำ (หน้าศาลเจ้าแม่จัน)", "nameEn": null, "cat": ["food"], "province": "cr"}}, {"type": "Feature", "geometry": {"type": "Point", "coordinates": [99.8311307, 19.9056763]}, "properties": {"id": "cr-osm-node-4504116382", "name": "ข้าวซอยพอใจ", "nameTh": "ข้าวซอยพอใจ", "nameEn": "Khao Soi Phor Jai", "cat": ["food"], "province": "cr"}}, {"type": "Feature", "geometry": {"type": "Point", "coordinates": [99.8235888, 19.9015618]}, "properties": {"id": "cr-osm-node-11465595969", "name": "ข้าวซอยรอบเกาะ", "nameTh": "ข้าวซอยรอบเกาะ", "nameEn": "KhaoSoi RopKoh", "cat": ["food"], "province": "cr"}}, {"type": "Feature", "geometry": {"type": "Point", "coordinates": [99.828305, 19.9127383]}, "properties": {"id": "cr-osm-way-558685261", "name": "ข้าวซอยวิจิตตรา", "nameTh": "ข้าวซอยวิจิตตรา", "nameEn": "Wijitra Khaosoi", "cat": ["food"], "province": "cr"}}, {"type": "Feature", "geometry": {"type": "Point", "coordinates": [99.8599229, 20.1551431]}, "properties": {"id": "cr-osm-node-2148643520", "name": "ข้าวซอยอนงค์", "nameTh": "ข้าวซอยอนงค์", "nameEn": null, "cat": ["food"], "province": "cr"}}, {"type": "Feature", "geometry": {"type": "Point", "coordinates": [99.8266141, 19.9082512]}, "properties": {"id": "cr-osm-way-960771454", "name": "ข้าวซอยแม่พิน", "nameTh": "ข้าวซอยแม่พิน", "nameEn": "Mae Pin Khao Soi", "cat": ["food"], "province": "cr"}}, {"type": "Feature", "geometry": {"type": "Point", "coordinates": [99.8257746, 19.9078161]}, "properties": {"id": "cr-osm-way-653531284", "name": "ข้าวต้มนายหนุ่ม", "nameTh": "ข้าวต้มนายหนุ่ม", "nameEn": "Nai Noom", "cat": ["food"], "province": "cr"}}, {"type": "Feature", "geometry": {"type": "Point", "coordinates": [99.8281474, 19.9021044]}, "properties": {"id": "cr-osm-node-8963043354", "name": "ข้าวต้มปลา 164", "nameTh": "ข้าวต้มปลา 164", "nameEn": "Khao Tom Pla 164", "cat": ["food"], "province": "cr"}}, {"type": "Feature", "geometry": {"type": "Point", "coordinates": [99.8223897, 19.9072017]}, "properties": {"id": "cr-osm-way-960685070", "name": "ข้าวมันไก่ ลุงเชียร", "nameTh": "ข้าวมันไก่ ลุงเชียร", "nameEn": "Lung Chean Chicken Rice", "cat": ["food"], "province": "cr"}}, {"type": "Feature", "geometry": {"type": "Point", "coordinates": [99.8253925, 19.9077393]}, "properties": {"id": "cr-osm-way-960771468", "name": "ข้าวมันไก่ เลิศลักษณ์", "nameTh": "ข้าวมันไก่ เลิศลักษณ์", "nameEn": "Lerd Lak", "cat": ["food"], "province": "cr"}}, {"type": "Feature", "geometry": {"type": "Point", "coordinates": [99.8307717, 19.9073043]}, "properties": {"id": "cr-osm-way-960935005", "name": "ข้าวมันไก่จักรพรรดิ", "nameTh": "ข้าวมันไก่จักรพรรดิ", "nameEn": "Chakrapad Chicken Rice", "cat": ["food"], "province": "cr"}}, {"type": "Feature", "geometry": {"type": "Point", "coordinates": [99.8187651, 19.9054242]}, "properties": {"id": "cr-osm-way-1019881350", "name": "ข้าวราดแกงปักษ์ใต้", "nameTh": "ข้าวราดแกงปักษ์ใต้", "nameEn": "Southern Curry Rice", "cat": ["food"], "province": "cr"}}, {"type": "Feature", "geometry": {"type": "Point", "coordinates": [99.8847682, 20.3335798]}, "properties": {"id": "cr-osm-node-4530647918", "name": "ข้าวส้มข้าวสวย", "nameTh": "ข้าวส้มข้าวสวย", "nameEn": "Khao Som Khaosuai", "cat": ["food"], "province": "cr"}}, {"type": "Feature", "geometry": {"type": "Point", "coordinates": [99.8300034, 19.9014619]}, "properties": {"id": "cr-osm-node-9223231636", "name": "ข้าวแกง ครัวพี่น้อย", "nameTh": "ข้าวแกง ครัวพี่น้อย", "nameEn": "Pi Noi's Kitchen Rice and Curry", "cat": ["food"], "province": "cr"}}, {"type": "Feature", "geometry": {"type": "Point", "coordinates": [99.8565601, 20.1895115]}, "properties": {"id": "cr-osm-node-2172201686", "name": "ข้าวแกงเมืองเพชร", "nameTh": "ข้าวแกงเมืองเพชร", "nameEn": null, "cat": ["food"], "province": "cr"}}, {"type": "Feature", "geometry": {"type": "Point", "coordinates": [99.8190284, 19.9050615]}, "properties": {"id": "cr-osm-node-9121752693", "name": "ครัวครูนุ้ย", "nameTh": "ครัวครูนุ้ย", "nameEn": "Kru Nui's Kitchen", "cat": ["food"], "province": "cr"}}, {"type": "Feature", "geometry": {"type": "Point", "coordinates": [99.7936012, 19.9068174]}, "properties": {"id": "cr-osm-node-13180119312", "name": "ครัวคุณยาย ก๋วยเตี๋ยว อาหารตามสั่ง", "nameTh": "ครัวคุณยาย ก๋วยเตี๋ยว อาหารตามสั่ง", "nameEn": null, "cat": ["food"], "province": "cr"}}, {"type": "Feature", "geometry": {"type": "Point", "coordinates": [99.8659659, 20.2802955]}, "properties": {"id": "cr-osm-node-14069543376", "name": "ครัวต้นไผ่ กินข้าว นั่งชิล ครบทุกมื้อ ณ ห้วยไคร้", "nameTh": "ครัวต้นไผ่ กินข้าว นั่งชิล ครบทุกมื้อ ณ ห้วยไคร้", "nameEn": null, "cat": ["food"], "province": "cr"}}, {"type": "Feature", "geometry": {"type": "Point", "coordinates": [99.8445351, 19.9270837]}, "properties": {"id": "cr-osm-node-2151125549", "name": "ครัวต้นไม้", "nameTh": "ครัวต้นไม้", "nameEn": "Khrua Tonmai", "cat": ["food"], "province": "cr"}}, {"type": "Feature", "geometry": {"type": "Point", "coordinates": [99.8365107, 19.9152307]}, "properties": {"id": "cr-osm-node-9956681121", "name": "ครัวนารีลักษณ์", "nameTh": "ครัวนารีลักษณ์", "nameEn": "Nareeluck Kitchen", "cat": ["food"], "province": "cr"}}, {"type": "Feature", "geometry": {"type": "Point", "coordinates": [99.8438625, 20.1364352]}, "properties": {"id": "cr-osm-node-2148568014", "name": "ครัวน้องแนน", "nameTh": "ครัวน้องแนน", "nameEn": null, "cat": ["food"], "province": "cr"}}, {"type": "Feature", "geometry": {"type": "Point", "coordinates": [99.8832746, 20.3239778]}, "properties": {"id": "cr-osm-way-548682226", "name": "ครัวบ้านคุณยาย", "nameTh": "ครัวบ้านคุณยาย", "nameEn": null, "cat": ["food"], "province": "cr"}}, {"type": "Feature", "geometry": {"type": "Point", "coordinates": [99.8303893, 19.9072175]}, "properties": {"id": "cr-osm-way-960935001", "name": "ครัวบ้านฉัน", "nameTh": "ครัวบ้านฉัน", "nameEn": "Krua Baan Chan", "cat": ["food"], "province": "cr"}}, {"type": "Feature", "geometry": {"type": "Point", "coordinates": [99.8325622, 19.9188254]}, "properties": {"id": "cr-osm-way-1123234637", "name": "ครัวมหาชัย", "nameTh": "ครัวมหาชัย", "nameEn": null, "cat": ["food"], "province": "cr"}}, {"type": "Feature", "geometry": {"type": "Point", "coordinates": [99.8525186, 20.1719018]}, "properties": {"id": "cr-osm-node-2081794236", "name": "ครัวยายรูญ", "nameTh": "ครัวยายรูญ", "nameEn": "Krua Yai Roon", "cat": ["food"], "province": "cr"}}, {"type": "Feature", "geometry": {"type": "Point", "coordinates": [99.841821, 19.9341917]}, "properties": {"id": "cr-osm-node-8932931825", "name": "ครัวลุงวัฒน์", "nameTh": "ครัวลุงวัฒน์", "nameEn": null, "cat": ["food"], "province": "cr"}}, {"type": "Feature", "geometry": {"type": "Point", "coordinates": [99.5117858, 19.2912349]}, "properties": {"id": "cr-osm-node-4517923869", "name": "ครัวลูกสาว", "nameTh": "ครัวลูกสาว", "nameEn": "Luksao Kitchen", "cat": ["food"], "province": "cr"}}, {"type": "Feature", "geometry": {"type": "Point", "coordinates": [99.8510984, 19.9562573]}, "properties": {"id": "cr-osm-node-4525379869", "name": "ครัวศิลปิน", "nameTh": "ครัวศิลปิน", "nameEn": "Krua Silapin", "cat": ["food"], "province": "cr"}}, {"type": "Feature", "geometry": {"type": "Point", "coordinates": [99.7660329, 19.8385384]}, "properties": {"id": "cr-osm-node-8637049219", "name": "ครัวหอมใหญ่ :: Hom Yai Cuisine", "nameTh": "ครัวหอมใหญ่ :: Hom Yai Cuisine", "nameEn": null, "cat": ["food"], "province": "cr"}}, {"type": "Feature", "geometry": {"type": "Point", "coordinates": [99.560852, 19.8066884]}, "properties": {"id": "cr-osm-node-6631610608", "name": "ครัวอาข่าดอยช้าง", "nameTh": "ครัวอาข่าดอยช้าง", "nameEn": null, "cat": ["food"], "province": "cr"}}, {"type": "Feature", "geometry": {"type": "Point", "coordinates": [99.8154736, 19.9033203]}, "properties": {"id": "cr-osm-node-9166342525", "name": "ครัวเจ้าเอ๋", "nameTh": "ครัวเจ้าเอ๋", "nameEn": "Jao Aye Kitchen", "cat": ["food"], "province": "cr"}}, {"type": "Feature", "geometry": {"type": "Point", "coordinates": [99.8211466, 19.9063893]}, "properties": {"id": "cr-osm-way-960685169", "name": "ครัวเมืองสิงห์ ข้าวราดแกง", "nameTh": "ครัวเมืองสิงห์ ข้าวราดแกง", "nameEn": "Meang Singha Kitchen", "cat": ["food"], "province": "cr"}}, {"type": "Feature", "geometry": {"type": "Point", "coordinates": [99.5585511, 19.8052605]}, "properties": {"id": "cr-osm-node-3323363663", "name": "ครัวโจ้ดอยช้าง", "nameTh": "ครัวโจ้ดอยช้าง", "nameEn": "kuawjo doichang", "cat": ["food"], "province": "cr"}}, {"type": "Feature", "geometry": {"type": "Point", "coordinates": [99.8210217, 19.9063466]}, "properties": {"id": "cr-osm-way-960685172", "name": "ครึกครื้นเบเกอรี่", "nameTh": "ครึกครื้นเบเกอรี่", "nameEn": "Krug Kerun Bakery", "cat": ["food"], "province": "cr"}}, {"type": "Feature", "geometry": {"type": "Point", "coordinates": [99.8339947, 19.9041912]}, "properties": {"id": "cr-osm-way-968332803", "name": "คอนเนคท์ คาเฟ่", "nameTh": "คอนเนคท์ คาเฟ่", "nameEn": "Connect Cafe", "cat": ["food"], "province": "cr"}}, {"type": "Feature", "geometry": {"type": "Point", "coordinates": [99.8277437, 19.9081031]}, "properties": {"id": "cr-osm-way-960771508", "name": "คอฟฟี่พรินเซส", "nameTh": "คอฟฟี่พรินเซส", "nameEn": "Coffe Princess", "cat": ["food"], "province": "cr"}}, {"type": "Feature", "geometry": {"type": "Point", "coordinates": [99.8653457, 20.1621329]}, "properties": {"id": "cr-osm-node-2148609264", "name": "คอหมูย่างนมสด", "nameTh": "คอหมูย่างนมสด", "nameEn": null, "cat": ["food"], "province": "cr"}}, {"type": "Feature", "geometry": {"type": "Point", "coordinates": [99.8549323, 19.9297795]}, "properties": {"id": "cr-osm-node-11475932637", "name": "คาเฟ่ อเมซอน", "nameTh": "คาเฟ่ อเมซอน", "nameEn": "Café Amazon", "cat": ["food"], "province": "cr"}}, {"type": "Feature", "geometry": {"type": "Point", "coordinates": [99.8290256, 19.8749742]}, "properties": {"id": "cr-osm-node-1295675148", "name": "คาเฟ่ อเมซอน", "nameTh": "คาเฟ่ อเมซอน", "nameEn": "Café Amazon", "cat": ["food"], "province": "cr"}}, {"type": "Feature", "geometry": {"type": "Point", "coordinates": [100.0336742, 19.9912572]}, "properties": {"id": "cr-osm-node-13568706687", "name": "คาเฟ่ อเมซอน", "nameTh": "คาเฟ่ อเมซอน", "nameEn": "Café Amazon", "cat": ["food"], "province": "cr"}}, {"type": "Feature", "geometry": {"type": "Point", "coordinates": [100.1536753, 19.690468]}, "properties": {"id": "cr-osm-node-3149135731", "name": "คาเฟ่ อเมซอน", "nameTh": "คาเฟ่ อเมซอน", "nameEn": "Café Amazon", "cat": ["food"], "province": "cr"}}, {"type": "Feature", "geometry": {"type": "Point", "coordinates": [99.8601585, 20.2676067]}, "properties": {"id": "cr-osm-node-3218711088", "name": "คาเฟ่ อเมซอน", "nameTh": "คาเฟ่ อเมซอน", "nameEn": "Café Amazon", "cat": ["food"], "province": "cr"}}, {"type": "Feature", "geometry": {"type": "Point", "coordinates": [100.3781336, 20.0373162]}, "properties": {"id": "cr-osm-node-5005082100", "name": "คาเฟ่ อเมซอน", "nameTh": "คาเฟ่ อเมซอน", "nameEn": "Café Amazon", "cat": ["food"], "province": "cr"}}, {"type": "Feature", "geometry": {"type": "Point", "coordinates": [100.5047214, 20.1039917]}, "properties": {"id": "cr-osm-node-5358725222", "name": "คาเฟ่ อเมซอน", "nameTh": "คาเฟ่ อเมซอน", "nameEn": "Café Amazon", "cat": ["food"], "province": "cr"}}, {"type": "Feature", "geometry": {"type": "Point", "coordinates": [99.5319861, 19.6480363]}, "properties": {"id": "cr-osm-node-5397821305", "name": "คาเฟ่ อเมซอน", "nameTh": "คาเฟ่ อเมซอน", "nameEn": "Café Amazon", "cat": ["food"], "province": "cr"}}, {"type": "Feature", "geometry": {"type": "Point", "coordinates": [99.8755671, 20.0337491]}, "properties": {"id": "cr-osm-node-6039288924", "name": "คาเฟ่ อเมซอน", "nameTh": "คาเฟ่ อเมซอน", "nameEn": "Café Amazon", "cat": ["food"], "province": "cr"}}, {"type": "Feature", "geometry": {"type": "Point", "coordinates": [99.5150489, 19.6193085]}, "properties": {"id": "cr-osm-node-7079176685", "name": "คาเฟ่ อเมซอน", "nameTh": "คาเฟ่ อเมซอน", "nameEn": "Café Amazon", "cat": ["food"], "province": "cr"}}, {"type": "Feature", "geometry": {"type": "Point", "coordinates": [99.509556, 19.337486]}, "properties": {"id": "cr-osm-node-7257657611", "name": "คาเฟ่ อเมซอน", "nameTh": "คาเฟ่ อเมซอน", "nameEn": "Café Amazon", "cat": ["food"], "province": "cr"}}, {"type": "Feature", "geometry": {"type": "Point", "coordinates": [99.5143525, 19.1928435]}, "properties": {"id": "cr-osm-way-1012165004", "name": "คาเฟ่ อเมซอน", "nameTh": "คาเฟ่ อเมซอน", "nameEn": "Café Amazon", "cat": ["food"], "province": "cr"}}, {"type": "Feature", "geometry": {"type": "Point", "coordinates": [99.7317765, 19.75239]}, "properties": {"id": "cr-osm-way-1013494816", "name": "คาเฟ่ อเมซอน", "nameTh": "คาเฟ่ อเมซอน", "nameEn": "Café Amazon", "cat": ["food"], "province": "cr"}}, {"type": "Feature", "geometry": {"type": "Point", "coordinates": [100.412176, 20.2434692]}, "properties": {"id": "cr-osm-way-1013618599", "name": "คาเฟ่ อเมซอน", "nameTh": "คาเฟ่ อเมซอน", "nameEn": "Café Amazon", "cat": ["food"], "province": "cr"}}, {"type": "Feature", "geometry": {"type": "Point", "coordinates": [99.8298571, 19.8997053]}, "properties": {"id": "cr-osm-way-1075277177", "name": "คาเฟ่ อเมซอน", "nameTh": "คาเฟ่ อเมซอน", "nameEn": "Café Amazon", "cat": ["food"], "province": "cr"}}, {"type": "Feature", "geometry": {"type": "Point", "coordinates": [99.7332359, 19.847391]}, "properties": {"id": "cr-osm-way-1157127036", "name": "คาเฟ่ อเมซอน", "nameTh": "คาเฟ่ อเมซอน", "nameEn": "Café Amazon", "cat": ["food"], "province": "cr"}}, {"type": "Feature", "geometry": {"type": "Point", "coordinates": [99.8412376, 19.9029696]}, "properties": {"id": "cr-osm-way-751053182", "name": "คาเฟ่ อเมซอน", "nameTh": "คาเฟ่ อเมซอน", "nameEn": "Café Amazon", "cat": ["food"], "province": "cr"}}, {"type": "Feature", "geometry": {"type": "Point", "coordinates": [99.8298621, 19.9067222]}, "properties": {"id": "cr-osm-way-963169302", "name": "คาเฟ่ อเมซอน", "nameTh": "คาเฟ่ อเมซอน", "nameEn": "Café Amazon", "cat": ["food"], "province": "cr"}}, {"type": "Feature", "geometry": {"type": "Point", "coordinates": [99.8373476, 19.9114509]}, "properties": {"id": "cr-osm-node-5316376421", "name": "คาเฟ่ป่า", "nameTh": "คาเฟ่ป่า", "nameEn": "forest cafe", "cat": ["food"], "province": "cr"}}, {"type": "Feature", "geometry": {"type": "Point", "coordinates": [99.8374027, 19.9169384]}, "properties": {"id": "cr-osm-way-1085854839", "name": "คุณโตเบเกอรี่", "nameTh": "คุณโตเบเกอรี่", "nameEn": "To's Bakery", "cat": ["food"], "province": "cr"}}, {"type": "Feature", "geometry": {"type": "Point", "coordinates": [100.0833008, 20.2738443]}, "properties": {"id": "cr-osm-node-5257232006", "name": "จัามหญง", "nameTh": "จัามหญง", "nameEn": null, "cat": ["food"], "province": "cr"}}, {"type": "Feature", "geometry": {"type": "Point", "coordinates": [100.0831827, 20.2742116]}, "properties": {"id": "cr-osm-node-5307655058", "name": "จามหญิง", "nameTh": "จามหญิง", "nameEn": "Cham Ying", "cat": ["food"], "province": "cr"}}, {"type": "Feature", "geometry": {"type": "Point", "coordinates": [99.8845772, 20.4280724]}, "properties": {"id": "cr-osm-node-6353594386", "name": "จิงจูยูนนาน", "nameTh": "จิงจูยูนนาน", "nameEn": null, "cat": ["food"], "province": "cr"}}, {"type": "Feature", "geometry": {"type": "Point", "coordinates": [99.884483, 20.4279577]}, "properties": {"id": "cr-osm-node-6353650687", "name": "จิงหลายซุ่นยูนนาน", "nameTh": "จิงหลายซุ่นยูนนาน", "nameEn": null, "cat": ["food"], "province": "cr"}}, {"type": "Feature", "geometry": {"type": "Point", "coordinates": [99.8140718, 19.903537]}, "properties": {"id": "cr-osm-node-9166322477", "name": "จิ๊บ จิ๊บ กาแฟ", "nameTh": "จิ๊บ จิ๊บ กาแฟ", "nameEn": "Jip Jip Coffee", "cat": ["food"], "province": "cr"}}, {"type": "Feature", "geometry": {"type": "Point", "coordinates": [99.8321781, 19.903311]}, "properties": {"id": "cr-osm-node-8955693296", "name": "จีบ Dimsum", "nameTh": "จีบ Dimsum", "nameEn": "Jeep Dimsum", "cat": ["food"], "province": "cr"}}, {"type": "Feature", "geometry": {"type": "Point", "coordinates": [99.663942, 20.2402699]}, "properties": {"id": "cr-osm-node-3770738481", "name": "ฉัน กับ เธอ", "nameTh": "ฉัน กับ เธอ", "nameEn": "I and You Cafe", "cat": ["food"], "province": "cr"}}, {"type": "Feature", "geometry": {"type": "Point", "coordinates": [99.8374034, 19.9269391]}, "properties": {"id": "cr-osm-node-11414647099", "name": "ฉ่ำ", "nameTh": "ฉ่ำ", "nameEn": null, "cat": ["food"], "province": "cr"}}, {"type": "Feature", "geometry": {"type": "Point", "coordinates": [99.8752489, 20.0655671]}, "properties": {"id": "cr-osm-node-2153747543", "name": "ชมวิว", "nameTh": "ชมวิว", "nameEn": "Chom View", "cat": ["food"], "province": "cr"}}, {"type": "Feature", "geometry": {"type": "Point", "coordinates": [99.8206787, 19.9035382]}, "properties": {"id": "cr-osm-node-9152413268", "name": "ชลดา ชานมไข่มุก", "nameTh": "ชลดา ชานมไข่มุก", "nameEn": "Chonlada Bubble Tea", "cat": ["food"], "province": "cr"}}, {"type": "Feature", "geometry": {"type": "Point", "coordinates": [99.827572, 19.8941177]}, "properties": {"id": "cr-osm-node-10294851199", "name": "ชายสี่", "nameTh": "ชายสี่", "nameEn": "Chai Xi", "cat": ["food"], "province": "cr"}}, {"type": "Feature", "geometry": {"type": "Point", "coordinates": [100.0877194, 20.3355244]}, "properties": {"id": "cr-osm-node-13318492401", "name": "ชิลดูวิว", "nameTh": "ชิลดูวิว", "nameEn": "Chill Do View restaurant", "cat": ["food"], "province": "cr"}}, {"type": "Feature", "geometry": {"type": "Point", "coordinates": [99.8313613, 19.9047902]}, "properties": {"id": "cr-osm-node-4601714799", "name": "ชีกกี้ ชิคเคน บาร์", "nameTh": "ชีกกี้ ชิคเคน บาร์", "nameEn": "Cheeky Chicken Bar", "cat": ["food"], "province": "cr"}}, {"type": "Feature", "geometry": {"type": "Point", "coordinates": [99.8452136, 19.9217377]}, "properties": {"id": "cr-osm-node-2294308420", "name": "ชีวิตธรรมดา", "nameTh": "ชีวิตธรรมดา", "nameEn": "Chivit Thamma Da Cafe", "cat": ["food"], "province": "cr"}}, {"type": "Feature", "geometry": {"type": "Point", "coordinates": [99.8315268, 19.9049387]}, "properties": {"id": "cr-osm-way-387048480", "name": "ชเวดดี้บาร์", "nameTh": "ชเวดดี้บาร์", "nameEn": "Shawaddy Bar & Restaurant", "cat": ["food"], "province": "cr"}}, {"type": "Feature", "geometry": {"type": "Point", "coordinates": [99.8301371, 19.9071479]}, "properties": {"id": "cr-osm-way-960934997", "name": "ซาลาเปา ไออุ่น", "nameTh": "ซาลาเปา ไออุ่น", "nameEn": null, "cat": ["food"], "province": "cr"}}, {"type": "Feature", "geometry": {"type": "Point", "coordinates": [99.8461544, 19.9136764]}, "properties": {"id": "cr-osm-way-553068808", "name": "ซาลีมา", "nameTh": "ซาลีมา", "nameEn": "Saleema Muslim Food", "cat": ["food"], "province": "cr"}}, {"type": "Feature", "geometry": {"type": "Point", "coordinates": [99.7887477, 20.1153293]}, "properties": {"id": "cr-osm-node-2148615700", "name": "ซาโลม กาแฟสด", "nameTh": "ซาโลม กาแฟสด", "nameEn": null, "cat": ["food"], "province": "cr"}}, {"type": "Feature", "geometry": {"type": "Point", "coordinates": [99.8225079, 19.9069482]}, "properties": {"id": "cr-osm-way-960685142", "name": "ซินช่าว เฟอหม้อไฟ", "nameTh": "ซินช่าว เฟอหม้อไฟ", "nameEn": "Xin chào Phở Hot Pot", "cat": ["food"], "province": "cr"}}, {"type": "Feature", "geometry": {"type": "Point", "coordinates": [99.5411676, 19.6561033]}, "properties": {"id": "cr-osm-node-4530944159", "name": "ซีเจ.เครื่องเขียน", "nameTh": "ซีเจ.เครื่องเขียน", "nameEn": null, "cat": ["food"], "province": "cr"}}, {"type": "Feature", "geometry": {"type": "Point", "coordinates": [99.8275649, 19.9080822]}, "properties": {"id": "cr-osm-way-960771499", "name": "ซีเปียวพาณิชย์", "nameTh": "ซีเปียวพาณิชย์", "nameEn": "Xibiao's", "cat": ["food"], "province": "cr"}}, {"type": "Feature", "geometry": {"type": "Point", "coordinates": [99.8314406, 19.9047966]}, "properties": {"id": "cr-osm-node-9424385523", "name": "ซูซูรัน", "nameTh": "ซูซูรัน", "nameEn": null, "cat": ["food"], "province": "cr"}}, {"type": "Feature", "geometry": {"type": "Point", "coordinates": [99.8311686, 19.8982915]}, "properties": {"id": "cr-osm-way-1074237699", "name": "ณ นายญ่า", "nameTh": "ณ นายญ่า", "nameEn": "Na Nai Ya", "cat": ["food"], "province": "cr"}}, {"type": "Feature", "geometry": {"type": "Point", "coordinates": [99.8312653, 19.9047714]}, "properties": {"id": "cr-osm-way-387049090", "name": "ดรากอนส์ เบรธ ดับเบิลยู", "nameTh": "ดรากอนส์ เบรธ ดับเบิลยู", "nameEn": "Dragons Breath W", "cat": ["food"], "province": "cr"}}, {"type": "Feature", "geometry": {"type": "Point", "coordinates": [99.8335871, 19.9092033]}, "properties": {"id": "cr-osm-way-960070519", "name": "ดอยช้างคาเฟ่ สวนตุง", "nameTh": "ดอยช้างคาเฟ่ สวนตุง", "nameEn": "Doi Chang Cafe Suan Tung", "cat": ["food"], "province": "cr"}}, {"type": "Feature", "geometry": {"type": "Point", "coordinates": [99.5586334, 19.8168488]}, "properties": {"id": "cr-osm-node-11128154060", "name": "ดอยช้างรีสอร์ท", "nameTh": "ดอยช้างรีสอร์ท", "nameEn": null, "cat": ["food"], "province": "cr"}}, {"type": "Feature", "geometry": {"type": "Point", "coordinates": [99.5585784, 19.8170794]}, "properties": {"id": "cr-osm-node-6631610023", "name": "ดอยช้างรีสอร์ท", "nameTh": "ดอยช้างรีสอร์ท", "nameEn": null, "cat": ["food"], "province": "cr"}}, {"type": "Feature", "geometry": {"type": "Point", "coordinates": [99.8505213, 19.9236466]}, "properties": {"id": "cr-osm-node-4555833893", "name": "ดามา คาเฟ่ เชียงราย", "nameTh": "ดามา คาเฟ่ เชียงราย", "nameEn": "DaMa Cafe Chingrai", "cat": ["food"], "province": "cr"}}, {"type": "Feature", "geometry": {"type": "Point", "coordinates": [99.8517555, 19.9225527]}, "properties": {"id": "cr-osm-way-1127661772", "name": "ดีล้านนา", "nameTh": "ดีล้านนา", "nameEn": "De Lanna", "cat": ["food"], "province": "cr"}}, {"type": "Feature", "geometry": {"type": "Point", "coordinates": [99.7747511, 20.2393608]}, "properties": {"id": "cr-osm-node-9452135618", "name": "ตน", "nameTh": "คนภูเขา", "nameEn": "The Hill Tribes", "cat": ["food"], "province": "cr"}}, {"type": "Feature", "geometry": {"type": "Point", "coordinates": [99.8485342, 20.1437839]}, "properties": {"id": "cr-osm-node-2148634166", "name": "ตูบคำ", "nameTh": "ตูบคำ", "nameEn": null, "cat": ["food"], "province": "cr"}}, {"type": "Feature", "geometry": {"type": "Point", "coordinates": [99.8619366, 20.1331818]}, "properties": {"id": "cr-osm-node-2148609277", "name": "ต้มเลือดหมู", "nameTh": "ต้มเลือดหมู", "nameEn": null, "cat": ["food"], "province": "cr"}}, {"type": "Feature", "geometry": {"type": "Point", "coordinates": [99.8588711, 19.97482]}, "properties": {"id": "cr-osm-node-9192152768", "name": "ถนนพหลโยธิน", "nameTh": "ถนนพหลโยธิน", "nameEn": null, "cat": ["food"], "province": "cr"}}, {"type": "Feature", "geometry": {"type": "Point", "coordinates": [99.8570017, 20.1494335]}, "properties": {"id": "cr-osm-node-2148640831", "name": "ทอฝน", "nameTh": "ทอฝน", "nameEn": null, "cat": ["food"], "province": "cr"}}, {"type": "Feature", "geometry": {"type": "Point", "coordinates": [99.8529102, 20.1455366]}, "properties": {"id": "cr-osm-node-2148546094", "name": "ทอฝัน บุฟเฟ่ หมูกระทะ", "nameTh": "ทอฝัน บุฟเฟ่ หมูกระทะ", "nameEn": null, "cat": ["food"], "province": "cr"}}, {"type": "Feature", "geometry": {"type": "Point", "coordinates": [99.8735976, 20.1121083]}, "properties": {"id": "cr-osm-node-2155121900", "name": "ทับทิมทอง", "nameTh": "ทับทิมทอง", "nameEn": null, "cat": ["food"], "province": "cr"}}, {"type": "Feature", "geometry": {"type": "Point", "coordinates": [99.8672409, 20.1239845]}, "properties": {"id": "cr-osm-node-2155183830", "name": "ทัศนาวิว กิ่วทัพยั้ง", "nameTh": "ทัศนาวิว กิ่วทัพยั้ง", "nameEn": null, "cat": ["food"], "province": "cr"}}, {"type": "Feature", "geometry": {"type": "Point", "coordinates": [99.7957377, 20.1169477]}, "properties": {"id": "cr-osm-node-2147413985", "name": "ทานตะวันคาราโอเกะ", "nameTh": "ทานตะวันคาราโอเกะ", "nameEn": null, "cat": ["food"], "province": "cr"}}, {"type": "Feature", "geometry": {"type": "Point", "coordinates": [99.8311953, 19.9051048]}, "properties": {"id": "cr-osm-way-387049087", "name": "ทูเกเธอร์บาร์", "nameTh": "ทูเกเธอร์บาร์", "nameEn": "2gether Bar", "cat": ["food"], "province": "cr"}}, {"type": "Feature", "geometry": {"type": "Point", "coordinates": [99.8302549, 19.9283954]}, "properties": {"id": "cr-osm-way-967420279", "name": "ท่าน้ำ ภูแล", "nameTh": "ท่าน้ำ ภูแล", "nameEn": null, "cat": ["food"], "province": "cr"}}, {"type": "Feature", "geometry": {"type": "Point", "coordinates": [99.508356, 19.5996815]}, "properties": {"id": "cr-osm-node-3947021848", "name": "ธ้านกาแฟใฉใล", "nameTh": "ธ้านกาแฟใฉใล", "nameEn": "Shailai Coffee", "cat": ["food"], "province": "cr"}}, {"type": "Feature", "geometry": {"type": "Point", "coordinates": [99.9549634, 19.9863743]}, "properties": {"id": "cr-osm-node-11438790386", "name": "นกน้อยกาแฟ", "nameTh": "นกน้อยกาแฟ", "nameEn": "Nok Nok Coffee", "cat": ["food"], "province": "cr"}}, {"type": "Feature", "geometry": {"type": "Point", "coordinates": [99.8269758, 19.9079863]}, "properties": {"id": "cr-osm-way-960771487", "name": "นครปฐม 2", "nameTh": "นครปฐม 2", "nameEn": "Nakhon Pathom 2", "cat": ["food"], "province": "cr"}}, {"type": "Feature", "geometry": {"type": "Point", "coordinates": [99.8522413, 20.1631659]}, "properties": {"id": "cr-osm-node-2147533496", "name": "นั่งม่วนกิ๋นลำ", "nameTh": "นั่งม่วนกิ๋นลำ", "nameEn": null, "cat": ["food"], "province": "cr"}}, {"type": "Feature", "geometry": {"type": "Point", "coordinates": [99.8306602, 19.9068563]}, "properties": {"id": "cr-osm-way-963169299", "name": "นายฮั่ง", "nameTh": "นายฮั่ง", "nameEn": "Nai Hang Noodle", "cat": ["food"], "province": "cr"}}, {"type": "Feature", "geometry": {"type": "Point", "coordinates": [99.8531284, 20.1459213]}, "properties": {"id": "cr-osm-node-2148617104", "name": "นำชัย ข้าวมันไก่", "nameTh": "นำชัย ข้าวมันไก่", "nameEn": null, "cat": ["food"], "province": "cr"}}, {"type": "Feature", "geometry": {"type": "Point", "coordinates": [99.8230395, 19.9015664]}, "properties": {"id": "cr-osm-node-4641471163", "name": "น้ำเงี้ยว ป้าสุข", "nameTh": "น้ำเงี้ยว ป้าสุข", "nameEn": "Nam Ngiao Pa Suk", "cat": ["food"], "province": "cr"}}, {"type": "Feature", "geometry": {"type": "Point", "coordinates": [99.8960087, 20.4260219]}, "properties": {"id": "cr-osm-node-12927404801", "name": "น้ำเงี้ยว ร่มไทร", "nameTh": "น้ำเงี้ยว ร่มไทร", "nameEn": "Nam Ngiao Rom Sai", "cat": ["food"], "province": "cr"}}, {"type": "Feature", "geometry": {"type": "Point", "coordinates": [99.858523, 19.956327]}, "properties": {"id": "cr-osm-node-11951217744", "name": "บะหมี่ 88", "nameTh": "บะหมี่ 88", "nameEn": null, "cat": ["food"], "province": "cr"}}, {"type": "Feature", "geometry": {"type": "Point", "coordinates": [99.8228332, 19.9057148]}, "properties": {"id": "cr-osm-way-973413237", "name": "บัวลอย ป้าหล้า", "nameTh": "บัวลอย ป้าหล้า", "nameEn": "Bua Loi Pa La", "cat": ["food"], "province": "cr"}}, {"type": "Feature", "geometry": {"type": "Point", "coordinates": [99.8679897, 20.0043958]}, "properties": {"id": "cr-osm-node-6632634295", "name": "บาลานซ์ บีน : Balanced Bean Chiangrai", "nameTh": "บาลานซ์ บีน : Balanced Bean Chiangrai", "nameEn": null, "cat": ["food"], "province": "cr"}}, {"type": "Feature", "geometry": {"type": "Point", "coordinates": [99.8679805, 20.0044104]}, "properties": {"id": "cr-osm-way-1389426325", "name": "บาลานซ์ บีน : Balanced Bean Chiangrai", "nameTh": "บาลานซ์ บีน : Balanced Bean Chiangrai", "nameEn": null, "cat": ["food"], "province": "cr"}}, {"type": "Feature", "geometry": {"type": "Point", "coordinates": [99.8275828, 19.9122792]}, "properties": {"id": "cr-osm-node-5436937745", "name": "บาลาบ", "nameTh": "บาลาบ", "nameEn": "Barrab", "cat": ["food"], "province": "cr"}}, {"type": "Feature", "geometry": {"type": "Point", "coordinates": [99.8317464, 19.9037501]}, "properties": {"id": "cr-osm-node-4942422322", "name": "บิ๊กบอนค่าเฟ่", "nameTh": "บิ๊กบอนค่าเฟ่", "nameEn": "Big bon café", "cat": ["food"], "province": "cr"}}, {"type": "Feature", "geometry": {"type": "Point", "coordinates": [99.8250655, 19.906715]}, "properties": {"id": "cr-osm-node-8440021025", "name": "บุหงา ตานี Cafe' & Bistro", "nameTh": "บุหงา ตานี Cafe' & Bistro", "nameEn": null, "cat": ["food"], "province": "cr"}}, {"type": "Feature", "geometry": {"type": "Point", "coordinates": [99.8338794, 19.9041938]}, "properties": {"id": "cr-osm-way-968332801", "name": "บ้านชีวิตใหม่เบเกอรี่", "nameTh": "บ้านชีวิตใหม่เบเกอรี่", "nameEn": "Baan Chivit Mai Bakery", "cat": ["food"], "province": "cr"}}, {"type": "Feature", "geometry": {"type": "Point", "coordinates": [99.8642398, 19.9753087]}, "properties": {"id": "cr-osm-node-10279458810", "name": "บ้านดุ่เมืองใหม่", "nameTh": "บ้านดุ่เมืองใหม่", "nameEn": "Joy Bakery", "cat": ["food"], "province": "cr"}}, {"type": "Feature", "geometry": {"type": "Point", "coordinates": [99.871372, 20.432755]}, "properties": {"id": "cr-osm-node-5260339002", "name": "บ้านวันวา ระเบียงดาว", "nameTh": "บ้านวันวา ระเบียงดาว", "nameEn": null, "cat": ["food"], "province": "cr"}}, {"type": "Feature", "geometry": {"type": "Point", "coordinates": [99.8714371, 20.4327818]}, "properties": {"id": "cr-osm-way-547710571", "name": "บ้านวันวา ระเบียงดาว", "nameTh": "บ้านวันวา ระเบียงดาว", "nameEn": null, "cat": ["food"], "province": "cr"}}, {"type": "Feature", "geometry": {"type": "Point", "coordinates": [100.03543, 19.9828148]}, "properties": {"id": "cr-osm-node-13011544302", "name": "บ้านสวนร้านมายเฟรนด์", "nameTh": "บ้านสวนร้านมายเฟรนด์", "nameEn": "My friend Restaurant", "cat": ["food"], "province": "cr"}}, {"type": "Feature", "geometry": {"type": "Point", "coordinates": [99.852496, 20.1450145]}, "properties": {"id": "cr-osm-node-2148550793", "name": "บ้านสะตอ", "nameTh": "บ้านสะตอ", "nameEn": null, "cat": ["food"], "province": "cr"}}, {"type": "Feature", "geometry": {"type": "Point", "coordinates": [99.8290211, 19.9082365]}, "properties": {"id": "cr-osm-way-960771526", "name": "บ้านเลิศรส", "nameTh": "บ้านเลิศรส", "nameEn": "Baan Lert Rot", "cat": ["food"], "province": "cr"}}, {"type": "Feature", "geometry": {"type": "Point", "coordinates": [99.7282298, 19.8565903]}, "properties": {"id": "cr-osm-way-1112289187", "name": "บ้านแดง", "nameTh": "บ้านแดง", "nameEn": "Red Barn", "cat": ["food"], "province": "cr"}}, {"type": "Feature", "geometry": {"type": "Point", "coordinates": [99.8291679, 19.9129129]}, "properties": {"id": "cr-osm-way-1067053313", "name": "บ้านแห่งความทรงจำโอเวอร์บรุ๊ค", "nameTh": "บ้านแห่งความทรงจำโอเวอร์บรุ๊ค", "nameEn": null, "cat": ["food"], "province": "cr"}}, {"type": "Feature", "geometry": {"type": "Point", "coordinates": [99.8272161, 19.9080296]}, "properties": {"id": "cr-osm-way-960771490", "name": "ปฐมเจ สาขาเชียงราย", "nameTh": "ปฐมเจ สาขาเชียงราย", "nameEn": "Phartom vegetarian vegan restaurant", "cat": ["food"], "province": "cr"}}, {"type": "Feature", "geometry": {"type": "Point", "coordinates": [99.8329124, 19.9138685]}, "properties": {"id": "cr-osm-way-967565989", "name": "ปลายฟ้าหมูกระทะหน้าแฟลตตำรวจ", "nameTh": "ปลายฟ้าหมูกระทะหน้าแฟลตตำรวจ", "nameEn": "Prayfa Mookata", "cat": ["food"], "province": "cr"}}, {"type": "Feature", "geometry": {"type": "Point", "coordinates": [99.8270581, 19.9082374]}, "properties": {"id": "cr-osm-node-2622028408", "name": "ปัง บ่...อ้าย", "nameTh": "ปัง บ่...อ้าย", "nameEn": null, "cat": ["food"], "province": "cr"}}, {"type": "Feature", "geometry": {"type": "Point", "coordinates": [99.8379917, 19.9141488]}, "properties": {"id": "cr-osm-node-9703077817", "name": "ปังปอนด์สเต็ก", "nameTh": "ปังปอนด์สเต็ก", "nameEn": "Pangpond Steakhouse", "cat": ["food"], "province": "cr"}}, {"type": "Feature", "geometry": {"type": "Point", "coordinates": [99.8396885, 19.9158739]}, "properties": {"id": "cr-osm-way-1117776720", "name": "ปันนา", "nameTh": "ปันนา", "nameEn": "Panna", "cat": ["food"], "province": "cr"}}, {"type": "Feature", "geometry": {"type": "Point", "coordinates": [99.8362132, 19.9088308]}, "properties": {"id": "cr-osm-node-11630807969", "name": "ปั่น ปันรักคาเฟ่", "nameTh": "ปั่น ปันรักคาเฟ่", "nameEn": "Pun Pun Rak Cafe", "cat": ["food"], "province": "cr"}}, {"type": "Feature", "geometry": {"type": "Point", "coordinates": [99.8561837, 20.1498291]}, "properties": {"id": "cr-osm-node-2148639727", "name": "ปั้นเปา", "nameTh": "ปั้นเปา", "nameEn": null, "cat": ["food"], "province": "cr"}}, {"type": "Feature", "geometry": {"type": "Point", "coordinates": [99.8200943, 19.9013578]}, "properties": {"id": "cr-osm-node-10137315376", "name": "ปาป้า ชาบู", "nameTh": "ปาป้า ชาบู", "nameEn": "Papa Shabu", "cat": ["food"], "province": "cr"}}, {"type": "Feature", "geometry": {"type": "Point", "coordinates": [99.8253358, 19.9022404]}, "properties": {"id": "cr-osm-node-9134235591", "name": "ปูอ่องอุ้ยหม่อน", "nameTh": "ปูอ่องอุ้ยหม่อน", "nameEn": "Ui Mon Crab", "cat": ["food"], "province": "cr"}}, {"type": "Feature", "geometry": {"type": "Point", "coordinates": [99.8562402, 20.146979]}, "properties": {"id": "cr-osm-node-12927410001", "name": "ป่าบง คาเฟ่", "nameTh": "ป่าบง คาเฟ่", "nameEn": "Pa Bong Cafe", "cat": ["food"], "province": "cr"}}, {"type": "Feature", "geometry": {"type": "Point", "coordinates": [99.8371951, 19.9154652]}, "properties": {"id": "cr-osm-node-6297199685", "name": "ป้าติ่ง", "nameTh": "ป้าติ่ง", "nameEn": "Pa Ting's", "cat": ["food"], "province": "cr"}}, {"type": "Feature", "geometry": {"type": "Point", "coordinates": [99.8339269, 19.91491]}, "properties": {"id": "cr-osm-way-965783881", "name": "ป้าแดง", "nameTh": "ป้าแดง", "nameEn": "Pa Daeng", "cat": ["food"], "province": "cr"}}, {"type": "Feature", "geometry": {"type": "Point", "coordinates": [99.8106251, 19.9450377]}, "properties": {"id": "cr-osm-node-13586193601", "name": "ผัดไทบ้านสวน", "nameTh": "ผัดไทบ้านสวน", "nameEn": null, "cat": ["food"], "province": "cr"}}, {"type": "Feature", "geometry": {"type": "Point", "coordinates": [99.856452, 20.1470056]}, "properties": {"id": "cr-osm-node-2148640833", "name": "ผัดไทยป้ากาบ", "nameTh": "ผัดไทยป้ากาบ", "nameEn": null, "cat": ["food"], "province": "cr"}}, {"type": "Feature", "geometry": {"type": "Point", "coordinates": [99.8317141, 19.9036338]}, "properties": {"id": "cr-osm-node-7170939886", "name": "ผัดไทยเจ็ดยอด", "nameTh": "ผัดไทยเจ็ดยอด", "nameEn": "Pad Thai Jed Yod", "cat": ["food"], "province": "cr"}}, {"type": "Feature", "geometry": {"type": "Point", "coordinates": [99.8557596, 19.9782435]}, "properties": {"id": "cr-osm-node-4530704338", "name": "พงษ์CR1", "nameTh": "พงษ์CR1", "nameEn": "Phong CR1", "cat": ["food"], "province": "cr"}}, {"type": "Feature", "geometry": {"type": "Point", "coordinates": [99.8095789, 20.1260956]}, "properties": {"id": "cr-osm-node-2147432639", "name": "พรเพชร ก๋วยเตี๋ยวน่องไก่ตุ๋น", "nameTh": "พรเพชร ก๋วยเตี๋ยวน่องไก่ตุ๋น", "nameEn": null, "cat": ["food"], "province": "cr"}}, {"type": "Feature", "geometry": {"type": "Point", "coordinates": [99.8188499, 19.904711]}, "properties": {"id": "cr-osm-node-9790527206", "name": "พฤกษา", "nameTh": "พฤกษา", "nameEn": "Pruksa", "cat": ["food"], "province": "cr"}}, {"type": "Feature", "geometry": {"type": "Point", "coordinates": [99.8731358, 20.1086189]}, "properties": {"id": "cr-osm-node-2081753906", "name": "พาราโบลา", "nameTh": "พาราโบลา", "nameEn": "Parabola", "cat": ["food"], "province": "cr"}}, {"type": "Feature", "geometry": {"type": "Point", "coordinates": [99.831228, 19.9049545]}, "properties": {"id": "cr-osm-way-387049081", "name": "พาราไดซ์บาร์", "nameTh": "พาราไดซ์บาร์", "nameEn": "Paradise Bar", "cat": ["food"], "province": "cr"}}, {"type": "Feature", "geometry": {"type": "Point", "coordinates": [99.8312716, 19.9047332]}, "properties": {"id": "cr-osm-way-387049085", "name": "พีซเฮาส์บาร์", "nameTh": "พีซเฮาส์บาร์", "nameEn": "Peace House Bar", "cat": ["food"], "province": "cr"}}, {"type": "Feature", "geometry": {"type": "Point", "coordinates": [99.833432, 19.8864139]}, "properties": {"id": "cr-osm-node-9119957392", "name": "ฟูจิ", "nameTh": "ฟูจิ", "nameEn": "Fuji Restaurant", "cat": ["food"], "province": "cr"}}, {"type": "Feature", "geometry": {"type": "Point", "coordinates": [99.837061, 19.9064263]}, "properties": {"id": "cr-osm-node-12886029150", "name": "ฟู่หมูย่างฮ่องกง", "nameTh": "ฟู่หมูย่างฮ่องกง", "nameEn": null, "cat": ["food"], "province": "cr"}}, {"type": "Feature", "geometry": {"type": "Point", "coordinates": [99.8754918, 19.9591367]}, "properties": {"id": "cr-osm-node-13580292501", "name": "ภพันร็", "nameTh": "ภพันร็", "nameEn": "Phuphan", "cat": ["food"], "province": "cr"}}, {"type": "Feature", "geometry": {"type": "Point", "coordinates": [99.8511966, 19.9222702]}, "properties": {"id": "cr-osm-way-1127661771", "name": "ภัตตาคารยูนนาน", "nameTh": "ภัตตาคารยูนนาน", "nameEn": "Yunnan Restaurant", "cat": ["food"], "province": "cr"}}, {"type": "Feature", "geometry": {"type": "Point", "coordinates": [99.6328007, 20.1653019]}, "properties": {"id": "cr-osm-way-322454920", "name": "ภัตตาคารวังพุดตาล", "nameTh": "ภัตตาคารวังพุดตาล", "nameEn": "WangPutTan Yunnanese Restaurant", "cat": ["food"], "province": "cr"}}, {"type": "Feature", "geometry": {"type": "Point", "coordinates": [99.847818, 20.3987793]}, "properties": {"id": "cr-osm-node-9451774317", "name": "ภู คุมะ", "nameTh": "ภู คุมะ", "nameEn": "Phukuma", "cat": ["food"], "province": "cr"}}, {"type": "Feature", "geometry": {"type": "Point", "coordinates": [99.8356833, 19.9058881]}, "properties": {"id": "cr-osm-node-10261957984", "name": "ภูเพียง", "nameTh": "ภูเพียง", "nameEn": "Phupiang", "cat": ["food"], "province": "cr"}}, {"type": "Feature", "geometry": {"type": "Point", "coordinates": [99.8328451, 19.911236]}, "properties": {"id": "cr-osm-way-963829086", "name": "มด ข้าวต้มพุ้ย 2", "nameTh": "มด ข้าวต้มพุ้ย 2", "nameEn": "Mod Khaotom Pui 2", "cat": ["food"], "province": "cr"}}, {"type": "Feature", "geometry": {"type": "Point", "coordinates": [99.8210044, 19.9066819]}, "properties": {"id": "cr-osm-way-960625765", "name": "มาตัง", "nameTh": "มาตัง", "nameEn": "Madang", "cat": ["food"], "province": "cr"}}, {"type": "Feature", "geometry": {"type": "Point", "coordinates": [99.8311882, 19.9051382]}, "properties": {"id": "cr-osm-way-387049086", "name": "มาลาบาร์", "nameTh": "มาลาบาร์", "nameEn": "Mala Bar", "cat": ["food"], "province": "cr"}}, {"type": "Feature", "geometry": {"type": "Point", "coordinates": [99.7715406, 20.1787857]}, "properties": {"id": "cr-osm-node-6024721909", "name": "ม่อนแสนใจ", "nameTh": "ม่อนแสนใจ", "nameEn": "Monsaenjai Coffee", "cat": ["food"], "province": "cr"}}, {"type": "Feature", "geometry": {"type": "Point", "coordinates": [99.8954014, 20.4332235]}, "properties": {"id": "cr-osm-node-8164174679", "name": "ยิ้มจิ้มจุ่ม By Yimsangharn'แม่สาย", "nameTh": "ยิ้มจิ้มจุ่ม By Yimsangharn'แม่สาย", "nameEn": null, "cat": ["food"], "province": "cr"}}, {"type": "Feature", "geometry": {"type": "Point", "coordinates": [99.8326299, 19.9151759]}, "properties": {"id": "cr-osm-way-1085370857", "name": "ย่างเยน by ชิน", "nameTh": "ย่างเยน by ชิน", "nameEn": "Yang Noei by Chin", "cat": ["food"], "province": "cr"}}, {"type": "Feature", "geometry": {"type": "Point", "coordinates": [99.8325343, 19.9015058]}, "properties": {"id": "cr-osm-node-9847662554", "name": "รสนม", "nameTh": "รสนม", "nameEn": "Ros Nom", "cat": ["food"], "province": "cr"}}, {"type": "Feature", "geometry": {"type": "Point", "coordinates": [99.822408, 20.0479809]}, "properties": {"id": "cr-osm-node-13697278300", "name": "ระเบียงเคียงน้ำ (ดอยลิไข่)", "nameTh": "ระเบียงเคียงน้ำ (ดอยลิไข่)", "nameEn": null, "cat": ["food"], "province": "cr"}}, {"type": "Feature", "geometry": {"type": "Point", "coordinates": [99.8289845, 19.9044999]}, "properties": {"id": "cr-osm-node-8930799434", "name": "รัก กะเพรา", "nameTh": "รัก กะเพรา", "nameEn": "Rak Kraprow", "cat": ["food"], "province": "cr"}}, {"type": "Feature", "geometry": {"type": "Point", "coordinates": [99.8253438, 19.9077621]}, "properties": {"id": "cr-osm-way-960771467", "name": "ราชวงศ์ลูกชิ้นปลา", "nameTh": "ราชวงศ์ลูกชิ้นปลา", "nameEn": "Ratchawong", "cat": ["food"], "province": "cr"}}, {"type": "Feature", "geometry": {"type": "Point", "coordinates": [99.8267503, 19.9079586]}, "properties": {"id": "cr-osm-way-960771482", "name": "ราดหน้า ธนาลัย", "nameTh": "ราดหน้า ธนาลัย", "nameEn": "Rad Nah Thanalai", "cat": ["food"], "province": "cr"}}, {"type": "Feature", "geometry": {"type": "Point", "coordinates": [99.8276633, 19.8996547]}, "properties": {"id": "cr-osm-node-8953891125", "name": "ราดหน้าสนามบิน", "nameTh": "ราดหน้าสนามบิน", "nameEn": "Radnah Sanumbin", "cat": ["food"], "province": "cr"}}, {"type": "Feature", "geometry": {"type": "Point", "coordinates": [99.8547907, 20.156475]}, "properties": {"id": "cr-osm-node-2147533497", "name": "ร่มโพธิ์ซีฟู๊ต", "nameTh": "ร่มโพธิ์ซีฟู๊ต", "nameEn": null, "cat": ["food"], "province": "cr"}}, {"type": "Feature", "geometry": {"type": "Point", "coordinates": [99.8855759, 20.4274593]}, "properties": {"id": "cr-osm-node-13154669401", "name": "ร้านกาแฟ BECAUSE COFFEE", "nameTh": "ร้านกาแฟ BECAUSE COFFEE", "nameEn": null, "cat": ["food"], "province": "cr"}}, {"type": "Feature", "geometry": {"type": "Point", "coordinates": [99.8553384, 20.1492766]}, "properties": {"id": "cr-osm-node-2148682483", "name": "ร้านกาแฟแม่จัน", "nameTh": "ร้านกาแฟแม่จัน", "nameEn": "Maechan Coffee", "cat": ["food"], "province": "cr"}}, {"type": "Feature", "geometry": {"type": "Point", "coordinates": [99.8843864, 20.4379676]}, "properties": {"id": "cr-osm-node-3727749988", "name": "ร้านกาแฟแม่สายน่าอยู่", "nameTh": "ร้านกาแฟแม่สายน่าอยู่", "nameEn": "Mae Sai Nayew Café", "cat": ["food"], "province": "cr"}}, {"type": "Feature", "geometry": {"type": "Point", "coordinates": [99.8547102, 20.1473591]}, "properties": {"id": "cr-osm-node-2148624710", "name": "ร้านก๋วยเตี๋ยว", "nameTh": "ร้านก๋วยเตี๋ยว", "nameEn": null, "cat": ["food"], "province": "cr"}}, {"type": "Feature", "geometry": {"type": "Point", "coordinates": [99.8557009, 20.1447]}, "properties": {"id": "cr-osm-way-204882153", "name": "ร้านก๋วยเตี๋ยวสูตรลับ", "nameTh": "ร้านก๋วยเตี๋ยวสูตรลับ", "nameEn": null, "cat": ["food"], "province": "cr"}}, {"type": "Feature", "geometry": {"type": "Point", "coordinates": [99.8400844, 19.9162766]}, "properties": {"id": "cr-osm-node-10223255167", "name": "ร้านขนมจีน", "nameTh": "ร้านขนมจีน", "nameEn": "Ran Khanom-Jean", "cat": ["food"], "province": "cr"}}, {"type": "Feature", "geometry": {"type": "Point", "coordinates": [99.8407704, 20.1337479]}, "properties": {"id": "cr-osm-node-2147424863", "name": "ร้านขนมจีน", "nameTh": "ร้านขนมจีน", "nameEn": null, "cat": ["food"], "province": "cr"}}, {"type": "Feature", "geometry": {"type": "Point", "coordinates": [99.7841619, 20.0938609]}, "properties": {"id": "cr-osm-node-2147459109", "name": "ร้านขายข้าวซอย", "nameTh": "ร้านขายข้าวซอย", "nameEn": null, "cat": ["food"], "province": "cr"}}, {"type": "Feature", "geometry": {"type": "Point", "coordinates": [99.8547024, 20.1471502]}, "properties": {"id": "cr-osm-node-2148639731", "name": "ร้านขายข้าวซอย", "nameTh": "ร้านขายข้าวซอย", "nameEn": "Ran Khai Khaosoi", "cat": ["food"], "province": "cr"}}, {"type": "Feature", "geometry": {"type": "Point", "coordinates": [99.7877863, 20.1150805]}, "properties": {"id": "cr-osm-node-2148615730", "name": "ร้านข้าวอาหาร", "nameTh": "ร้านข้าวอาหาร", "nameEn": null, "cat": ["food"], "province": "cr"}}, {"type": "Feature", "geometry": {"type": "Point", "coordinates": [99.8588668, 20.2820088]}, "properties": {"id": "cr-osm-node-6387064885", "name": "ร้านครัวฮืมเขื่อน", "nameTh": "ร้านครัวฮืมเขื่อน", "nameEn": "Krua Him Kuain Restaurant", "cat": ["food"], "province": "cr"}}, {"type": "Feature", "geometry": {"type": "Point", "coordinates": [99.8246277, 19.9007426]}, "properties": {"id": "cr-osm-way-1075480901", "name": "ร้านคุณยาย", "nameTh": "ร้านคุณยาย", "nameEn": "Kunyai's", "cat": ["food"], "province": "cr"}}, {"type": "Feature", "geometry": {"type": "Point", "coordinates": [99.8842997, 20.3977668]}, "properties": {"id": "cr-osm-node-4527145793", "name": "ร้านจันกะผัก", "nameTh": "ร้านจันกะผัก", "nameEn": "Chan Ka Phak", "cat": ["food"], "province": "cr"}}, {"type": "Feature", "geometry": {"type": "Point", "coordinates": [99.5055703, 19.3553521]}, "properties": {"id": "cr-osm-node-5227714323", "name": "ร้านจันทร์ฉาย", "nameTh": "ร้านจันทร์ฉาย", "nameEn": "ChanChay", "cat": ["food"], "province": "cr"}}, {"type": "Feature", "geometry": {"type": "Point", "coordinates": [99.6175406, 20.1477376]}, "properties": {"id": "cr-osm-node-4164466592", "name": "ร้านชาหงษ์ฉี", "nameTh": "ร้านชาหงษ์ฉี", "nameEn": null, "cat": ["food"], "province": "cr"}}, {"type": "Feature", "geometry": {"type": "Point", "coordinates": [99.8660666, 20.3250247]}, "properties": {"id": "cr-osm-node-5260239218", "name": "ร้านต้นโพธิ์", "nameTh": "ร้านต้นโพธิ์", "nameEn": null, "cat": ["food"], "province": "cr"}}, {"type": "Feature", "geometry": {"type": "Point", "coordinates": [99.5397183, 19.6557226]}, "properties": {"id": "cr-osm-node-13176378333", "name": "ร้านนับทอง ข้าวหมูกรอบหมูแดง ก๋วยเตี๋ยว", "nameTh": "ร้านนับทอง ข้าวหมูกรอบหมูแดง ก๋วยเตี๋ยว", "nameEn": null, "cat": ["food"], "province": "cr"}}, {"type": "Feature", "geometry": {"type": "Point", "coordinates": [99.993469, 20.3088992]}, "properties": {"id": "cr-osm-node-13685880056", "name": "ร้านนิคเมย์ทะเลสด สำนักงานนิคซาวด์", "nameTh": "ร้านนิคเมย์ทะเลสด สำนักงานนิคซาวด์", "nameEn": null, "cat": ["food"], "province": "cr"}}, {"type": "Feature", "geometry": {"type": "Point", "coordinates": [100.5088191, 20.1047533]}, "properties": {"id": "cr-osm-node-4563527890", "name": "ร้านน้ำ น๋มเส้น", "nameTh": "ร้านน้ำ น๋มเส้น", "nameEn": null, "cat": ["food"], "province": "cr"}}, {"type": "Feature", "geometry": {"type": "Point", "coordinates": [99.8210143, 19.9044054]}, "properties": {"id": "cr-osm-node-9209053688", "name": "ร้านน้ำตัวป.", "nameTh": "ร้านน้ำตัวป.", "nameEn": "Por Drink Shop", "cat": ["food"], "province": "cr"}}, {"type": "Feature", "geometry": {"type": "Point", "coordinates": [99.6280599, 20.165513]}, "properties": {"id": "cr-osm-node-361378509", "name": "ร้านบะหมี่ยูนนาน", "nameTh": "ร้านบะหมี่ยูนนาน", "nameEn": "Yunnan Noodle Shop", "cat": ["food"], "province": "cr"}}, {"type": "Feature", "geometry": {"type": "Point", "coordinates": [99.8557563, 20.1471844]}, "properties": {"id": "cr-osm-node-2148639733", "name": "ร้านบะหมี่เกี้ยว ปู หมูแดง", "nameTh": "ร้านบะหมี่เกี้ยว ปู หมูแดง", "nameEn": null, "cat": ["food"], "province": "cr"}}, {"type": "Feature", "geometry": {"type": "Point", "coordinates": [99.8770952, 20.4232259]}, "properties": {"id": "cr-osm-node-3733189687", "name": "ร้านบุญนำ", "nameTh": "ร้านบุญนำ", "nameEn": "Boon Nam Restaurant", "cat": ["food"], "province": "cr"}}, {"type": "Feature", "geometry": {"type": "Point", "coordinates": [100.5078268, 19.9348875]}, "properties": {"id": "cr-osm-node-619198717", "name": "ร้านบ้านดิน", "nameTh": "ร้านบ้านดิน", "nameEn": "Ban Dee Chinese Food", "cat": ["food"], "province": "cr"}}, {"type": "Feature", "geometry": {"type": "Point", "coordinates": [100.5072754, 19.9353701]}, "properties": {"id": "cr-osm-node-8148394402", "name": "ร้านยีกวง คอฟฟี่&เฮ้าส์", "nameTh": "ร้านยีกวง คอฟฟี่&เฮ้าส์", "nameEn": null, "cat": ["food"], "province": "cr"}}, {"type": "Feature", "geometry": {"type": "Point", "coordinates": [99.8299123, 19.9071424]}, "properties": {"id": "cr-osm-way-960934993", "name": "ร้านราชบุรี", "nameTh": "ร้านราชบุรี", "nameEn": "Ratchaburi", "cat": ["food"], "province": "cr"}}, {"type": "Feature", "geometry": {"type": "Point", "coordinates": [99.6639515, 20.2441987]}, "properties": {"id": "cr-osm-node-12944164901", "name": "ร้านลับอาหารตามสั่ง ส้มตำแซ่บนัว", "nameTh": "ร้านลับอาหารตามสั่ง ส้มตำแซ่บนัว", "nameEn": null, "cat": ["food"], "province": "cr"}}, {"type": "Feature", "geometry": {"type": "Point", "coordinates": [100.1339367, 19.6856976]}, "properties": {"id": "cr-osm-node-4220779590", "name": "ร้านลุงหนวด", "nameTh": "ร้านลุงหนวด", "nameEn": null, "cat": ["food"], "province": "cr"}}, {"type": "Feature", "geometry": {"type": "Point", "coordinates": [99.85827, 20.1505284]}, "properties": {"id": "cr-osm-node-2150598035", "name": "ร้านลุงเสริฐ หมูย่าง", "nameTh": "ร้านลุงเสริฐ หมูย่าง", "nameEn": null, "cat": ["food"], "province": "cr"}}, {"type": "Feature", "geometry": {"type": "Point", "coordinates": [99.8310756, 20.1334079]}, "properties": {"id": "cr-osm-node-2147540163", "name": "ร้านลุงแก้วลาบขม", "nameTh": "ร้านลุงแก้วลาบขม", "nameEn": null, "cat": ["food"], "province": "cr"}}, {"type": "Feature", "geometry": {"type": "Point", "coordinates": [99.7248699, 20.1114624]}, "properties": {"id": "cr-osm-node-2148624722", "name": "ร้านสะดวกซื้อ", "nameTh": "ร้านสะดวกซื้อ", "nameEn": null, "cat": ["food"], "province": "cr"}}, {"type": "Feature", "geometry": {"type": "Point", "coordinates": [99.8926115, 20.438892]}, "properties": {"id": "cr-osm-node-12960472301", "name": "ร้านสังคมนิยมกาแฟ", "nameTh": "ร้านสังคมนิยมกาแฟ", "nameEn": "Socialism Coffee Roasters", "cat": ["food"], "province": "cr"}}, {"type": "Feature", "geometry": {"type": "Point", "coordinates": [99.7914972, 20.1155439]}, "properties": {"id": "cr-osm-node-2148615733", "name": "ร้านส้มตำ ไก่อบถัง", "nameTh": "ร้านส้มตำ ไก่อบถัง", "nameEn": null, "cat": ["food"], "province": "cr"}}, {"type": "Feature", "geometry": {"type": "Point", "coordinates": [99.8632977, 20.1313442]}, "properties": {"id": "cr-osm-node-2148549137", "name": "ร้านอาหาร", "nameTh": "ร้านอาหาร", "nameEn": null, "cat": ["food"], "province": "cr"}}, {"type": "Feature", "geometry": {"type": "Point", "coordinates": [99.7687883, 20.109856]}, "properties": {"id": "cr-osm-node-2148615734", "name": "ร้านอาหาร", "nameTh": "ร้านอาหาร", "nameEn": null, "cat": ["food"], "province": "cr"}}, {"type": "Feature", "geometry": {"type": "Point", "coordinates": [99.8557691, 20.1472979]}, "properties": {"id": "cr-osm-node-2148639735", "name": "ร้านอาหาร", "nameTh": "ร้านอาหาร", "nameEn": null, "cat": ["food"], "province": "cr"}}, {"type": "Feature", "geometry": {"type": "Point", "coordinates": [99.6219379, 20.1579416]}, "properties": {"id": "cr-osm-node-5392225622", "name": "ร้านอาหาร", "nameTh": "ร้านอาหาร", "nameEn": "Mae Salong Restaurant", "cat": ["food"], "province": "cr"}}, {"type": "Feature", "geometry": {"type": "Point", "coordinates": [99.8616275, 20.1336379]}, "properties": {"id": "cr-osm-node-2148609270", "name": "ร้านอาหาร กาแฟสด", "nameTh": "ร้านอาหาร กาแฟสด", "nameEn": null, "cat": ["food"], "province": "cr"}}, {"type": "Feature", "geometry": {"type": "Point", "coordinates": [99.8551109, 20.1525833]}, "properties": {"id": "cr-osm-node-2148639734", "name": "ร้านอาหาร นันทิยา", "nameTh": "ร้านอาหาร นันทิยา", "nameEn": null, "cat": ["food"], "province": "cr"}}, {"type": "Feature", "geometry": {"type": "Point", "coordinates": [99.8638433, 20.1600647]}, "properties": {"id": "cr-osm-node-2148548329", "name": "ร้านอาหาร ลาบ ส้า ต้มขม", "nameTh": "ร้านอาหาร ลาบ ส้า ต้มขม", "nameEn": null, "cat": ["food"], "province": "cr"}}, {"type": "Feature", "geometry": {"type": "Point", "coordinates": [99.620362, 20.157152]}, "properties": {"id": "cr-osm-node-2151425589", "name": "ร้านอาหารจีน อิ่มโภชนา (เจ้าเก่า)", "nameTh": "ร้านอาหารจีน อิ่มโภชนา (เจ้าเก่า)", "nameEn": null, "cat": ["food"], "province": "cr"}}, {"type": "Feature", "geometry": {"type": "Point", "coordinates": [99.8601684, 20.1520022]}, "properties": {"id": "cr-osm-node-2150598036", "name": "ร้านอาหารตามสั่ง", "nameTh": "ร้านอาหารตามสั่ง", "nameEn": null, "cat": ["food"], "province": "cr"}}, {"type": "Feature", "geometry": {"type": "Point", "coordinates": [99.7432443, 20.1101391]}, "properties": {"id": "cr-osm-node-2147421081", "name": "ร้านอาหารริมเขื่อน", "nameTh": "ร้านอาหารริมเขื่อน", "nameEn": null, "cat": ["food"], "province": "cr"}}, {"type": "Feature", "geometry": {"type": "Point", "coordinates": [99.8231045, 19.9074661]}, "properties": {"id": "cr-osm-way-960685080", "name": "ร้านอาหารเจ", "nameTh": "ร้านอาหารเจ", "nameEn": "Vegetarian Food", "cat": ["food"], "province": "cr"}}, {"type": "Feature", "geometry": {"type": "Point", "coordinates": [99.8351133, 19.9054924]}, "properties": {"id": "cr-osm-node-2301371485", "name": "ร้านอาหารเจ โอเอซิส", "nameTh": "ร้านอาหารเจ โอเอซิส", "nameEn": "Oasis Vegetaurant", "cat": ["food"], "province": "cr"}}, {"type": "Feature", "geometry": {"type": "Point", "coordinates": [99.7886414, 20.1149841]}, "properties": {"id": "cr-osm-node-2148615735", "name": "ร้านอาหารแดงชวนชิม", "nameTh": "ร้านอาหารแดงชวนชิม", "nameEn": null, "cat": ["food"], "province": "cr"}}, {"type": "Feature", "geometry": {"type": "Point", "coordinates": [99.7250253, 20.1114613]}, "properties": {"id": "cr-osm-node-2148549631", "name": "ร้านอาหารแมกไม้", "nameTh": "ร้านอาหารแมกไม้", "nameEn": null, "cat": ["food"], "province": "cr"}}, {"type": "Feature", "geometry": {"type": "Point", "coordinates": [99.850527, 19.9221421]}, "properties": {"id": "cr-osm-way-1127661768", "name": "ร้านอาหาร​ หลู้ลำ", "nameTh": "ร้านหลู้ลำ", "nameEn": "Lu Lum", "cat": ["food"], "province": "cr"}}, {"type": "Feature", "geometry": {"type": "Point", "coordinates": [99.8623808, 20.2814588]}, "properties": {"id": "cr-osm-node-6387061888", "name": "ร้านฮักฮ่มำม้", "nameTh": "ร้านฮักฮ่มไม้", "nameEn": "Hug Hum Mai", "cat": ["food"], "province": "cr"}}, {"type": "Feature", "geometry": {"type": "Point", "coordinates": [99.7628114, 19.8248656]}, "properties": {"id": "cr-osm-node-4524199990", "name": "ร้านเจี๊ยบอาหารไทย", "nameTh": "ร้านเจี๊ยบอาหารไทย", "nameEn": null, "cat": ["food"], "province": "cr"}}, {"type": "Feature", "geometry": {"type": "Point", "coordinates": [99.8574836, 19.9784563]}, "properties": {"id": "cr-osm-node-11284298556", "name": "ร้านเต๋มปุ๋มหน้ามอ", "nameTh": "ร้านเต๋มปุ๋มหน้ามอ", "nameEn": null, "cat": ["food"], "province": "cr"}}, {"type": "Feature", "geometry": {"type": "Point", "coordinates": [99.8297236, 19.9071156]}, "properties": {"id": "cr-osm-way-960934990", "name": "ร้านเพชรบุรี", "nameTh": "ร้านเพชรบุรี", "nameEn": "Petchaburi", "cat": ["food"], "province": "cr"}}, {"type": "Feature", "geometry": {"type": "Point", "coordinates": [99.8226571, 19.9069424]}, "properties": {"id": "cr-osm-way-960685141", "name": "ร้านเมี่ยง", "nameTh": "ร้านเมี่ยง", "nameEn": "Meang", "cat": ["food"], "province": "cr"}}, {"type": "Feature", "geometry": {"type": "Point", "coordinates": [99.855137, 20.1429585]}, "properties": {"id": "cr-osm-way-204879778", "name": "ร้านเหล้า \"ริมทาง\"", "nameTh": "ร้านเหล้า \"ริมทาง\"", "nameEn": null, "cat": ["food"], "province": "cr"}}, {"type": "Feature", "geometry": {"type": "Point", "coordinates": [99.7587768, 19.8154229]}, "properties": {"id": "cr-osm-node-13616990501", "name": "ร้านโกนงค์3", "nameTh": "ร้านโกนงค์3", "nameEn": "Ko Nong", "cat": ["food"], "province": "cr"}}, {"type": "Feature", "geometry": {"type": "Point", "coordinates": [99.7878284, 20.1149567]}, "properties": {"id": "cr-osm-node-2148615736", "name": "ร้านไก่อบฟาง", "nameTh": "ร้านไก่อบฟาง", "nameEn": null, "cat": ["food"], "province": "cr"}}, {"type": "Feature", "geometry": {"type": "Point", "coordinates": [100.4385493, 19.8379009]}, "properties": {"id": "cr-osm-node-9448950317", "name": "ลักษณ์กาแฝสด", "nameTh": "ลักษณ์กาแฟสด", "nameEn": null, "cat": ["food"], "province": "cr"}}, {"type": "Feature", "geometry": {"type": "Point", "coordinates": [99.8344576, 19.9053724]}, "properties": {"id": "cr-osm-way-384837791", "name": "ลานอาหารไนท์บาร์ซา", "nameTh": "ลานอาหารไนท์บาร์ซา", "nameEn": "Night Bazaar Food Court", "cat": ["food"], "province": "cr"}}, {"type": "Feature", "geometry": {"type": "Point", "coordinates": [100.442581, 19.8456981]}, "properties": {"id": "cr-osm-node-6956280485", "name": "ลานเวทีการแสดงฅิลปวัฒนธรรม", "nameTh": "ลานเวทีการแสดงฅิลปวัฒนธรรม", "nameEn": "Stage show culture area", "cat": ["food"], "province": "cr"}}, {"type": "Feature", "geometry": {"type": "Point", "coordinates": [99.862261, 20.1326701]}, "properties": {"id": "cr-osm-node-2148609271", "name": "ลาบ ส้า ปงตอง", "nameTh": "ลาบ ส้า ปงตอง", "nameEn": null, "cat": ["food"], "province": "cr"}}, {"type": "Feature", "geometry": {"type": "Point", "coordinates": [99.8481639, 20.1435428]}, "properties": {"id": "cr-osm-node-2148634175", "name": "ลาบขม", "nameTh": "ลาบขม", "nameEn": null, "cat": ["food"], "province": "cr"}}, {"type": "Feature", "geometry": {"type": "Point", "coordinates": [99.8537242, 20.1531148]}, "properties": {"id": "cr-osm-way-204779862", "name": "ลาบครัวน้ำจัน", "nameTh": "ลาบครัวน้ำจัน", "nameEn": null, "cat": ["food"], "province": "cr"}}, {"type": "Feature", "geometry": {"type": "Point", "coordinates": [99.8218332, 19.9033378]}, "properties": {"id": "cr-osm-way-997641687", "name": "ลาบปลาดอยตอง", "nameTh": "ลาบปลาดอยตอง", "nameEn": "Lap Pla Doi Tong", "cat": ["food"], "province": "cr"}}, {"type": "Feature", "geometry": {"type": "Point", "coordinates": [99.8550995, 19.9175727]}, "properties": {"id": "cr-osm-node-2140653245", "name": "ลาบสนามกีฬา", "nameTh": "ลาบสนามกีฬา", "nameEn": "Lap Sanamkila", "cat": ["food"], "province": "cr"}}, {"type": "Feature", "geometry": {"type": "Point", "coordinates": [99.8939034, 20.0105898]}, "properties": {"id": "cr-osm-node-9195439434", "name": "ลาบเจียงฮาย คนมักลาบ สี่แยกแม่ข้าวต้ม", "nameTh": "ลาบเจียงฮาย คนมักลาบ สี่แยกแม่ข้าวต้ม", "nameEn": null, "cat": ["food"], "province": "cr"}}, {"type": "Feature", "geometry": {"type": "Point", "coordinates": [99.8237708, 19.9069206]}, "properties": {"id": "cr-osm-way-960685128", "name": "ลาราลี", "nameTh": "ลาราลี", "nameEn": "Baralee loft", "cat": ["food"], "province": "cr"}}, {"type": "Feature", "geometry": {"type": "Point", "coordinates": [99.8499884, 19.9215846]}, "properties": {"id": "cr-osm-way-1127661764", "name": "ลีลาวดี", "nameTh": "ร้านอาหารลีลาวดีเชียงราย", "nameEn": "Leelavadee", "cat": ["food"], "province": "cr"}}, {"type": "Feature", "geometry": {"type": "Point", "coordinates": [100.3199617, 20.1027526]}, "properties": {"id": "cr-osm-node-5296895821", "name": "ลุงหนาน", "nameTh": "ลุงหนาน", "nameEn": "Lung Nhan Restaurant", "cat": ["food"], "province": "cr"}}, {"type": "Feature", "geometry": {"type": "Point", "coordinates": [99.8303122, 19.9072]}, "properties": {"id": "cr-osm-way-960935000", "name": "วรรณภา", "nameTh": "วรรณภา", "nameEn": "Wannapa", "cat": ["food"], "province": "cr"}}, {"type": "Feature", "geometry": {"type": "Point", "coordinates": [99.8338576, 19.9089364]}, "properties": {"id": "cr-osm-way-960070518", "name": "วัวล้วนๆ ไม่มีความผสม", "nameTh": "วัวล้วนๆ ไม่มีความผสม", "nameEn": null, "cat": ["food"], "province": "cr"}}, {"type": "Feature", "geometry": {"type": "Point", "coordinates": [99.5127931, 19.2779461]}, "properties": {"id": "cr-osm-node-4530975507", "name": "วี คอฟฟี่", "nameTh": "วี คอฟฟี่", "nameEn": "Shine Muscat", "cat": ["food"], "province": "cr"}}, {"type": "Feature", "geometry": {"type": "Point", "coordinates": [99.8295078, 19.9070879]}, "properties": {"id": "cr-osm-way-960934987", "name": "ศรีตรัง", "nameTh": "ศรีตรัง", "nameEn": "Sri Tang", "cat": ["food"], "province": "cr"}}, {"type": "Feature", "geometry": {"type": "Point", "coordinates": [99.8248702, 20.3272849]}, "properties": {"id": "cr-osm-node-3218543999", "name": "ศาลาบูญตูงคำ", "nameTh": "ศาลาบูญตูงคำ", "nameEn": "Sala Bun Tung Kham", "cat": ["food"], "province": "cr"}}, {"type": "Feature", "geometry": {"type": "Point", "coordinates": [99.8307446, 19.8663928]}, "properties": {"id": "cr-osm-way-1103082272", "name": "ศูนย์อาหาร", "nameTh": "ศูนย์อาหาร", "nameEn": "Food Court", "cat": ["food"], "province": "cr"}}, {"type": "Feature", "geometry": {"type": "Point", "coordinates": [99.8770167, 19.931625]}, "properties": {"id": "cr-osm-way-1025284566", "name": "ศูนย์อาหาร ครัวน้ำอ้อย", "nameTh": "ศูนย์อาหาร ครัวน้ำอ้อย", "nameEn": "Nam-Oy Food & Drink Court", "cat": ["food"], "province": "cr"}}, {"type": "Feature", "geometry": {"type": "Point", "coordinates": [99.8222922, 19.9012676]}, "properties": {"id": "cr-osm-node-4648347234", "name": "สบันงาขันโตก", "nameTh": "สบันงาขันโตก", "nameEn": "Sabun-Nga Khantok", "cat": ["food"], "province": "cr"}}, {"type": "Feature", "geometry": {"type": "Point", "coordinates": [99.8311677, 19.9052389]}, "properties": {"id": "cr-osm-way-387049080", "name": "สยามคอนเนอร์บาร์", "nameTh": "สยามคอนเนอร์บาร์", "nameEn": "Siam Corner Restaurant", "cat": ["food"], "province": "cr"}}, {"type": "Feature", "geometry": {"type": "Point", "coordinates": [99.5820344, 19.6955797]}, "properties": {"id": "cr-osm-node-2089738054", "name": "สวนจริน รีสอร์ท", "nameTh": "สวนจริน รีสอร์ท", "nameEn": "Charin Restaurant", "cat": ["food"], "province": "cr"}}, {"type": "Feature", "geometry": {"type": "Point", "coordinates": [99.8794631, 20.3235857]}, "properties": {"id": "cr-osm-way-566778769", "name": "สวนอาหาร เคียงดอย คันทรี", "nameTh": "สวนอาหาร เคียงดอย คันทรี", "nameEn": null, "cat": ["food"], "province": "cr"}}, {"type": "Feature", "geometry": {"type": "Point", "coordinates": [100.087915, 20.2894357]}, "properties": {"id": "cr-osm-node-2327148022", "name": "สวนอาหาร เบียร์หวาน", "nameTh": "สวนอาหาร เบียร์หวาน", "nameEn": "Bia Wan", "cat": ["food"], "province": "cr"}}, {"type": "Feature", "geometry": {"type": "Point", "coordinates": [99.8295094, 19.9066584]}, "properties": {"id": "cr-osm-way-963169306", "name": "สหรส", "nameTh": "สหรส", "nameEn": "Saharos", "cat": ["food"], "province": "cr"}}, {"type": "Feature", "geometry": {"type": "Point", "coordinates": [99.8387481, 19.915765]}, "properties": {"id": "cr-osm-node-9956681347", "name": "สองนาง", "nameTh": "สองนาง", "nameEn": "Song Nang", "cat": ["food"], "province": "cr"}}, {"type": "Feature", "geometry": {"type": "Point", "coordinates": [99.8577392, 19.9087871]}, "properties": {"id": "cr-osm-node-9144488192", "name": "สะหลุงแดง", "nameTh": "สะหลุงแดง", "nameEn": "Salungdaeng", "cat": ["food"], "province": "cr"}}, {"type": "Feature", "geometry": {"type": "Point", "coordinates": [99.8208276, 19.9011521]}, "properties": {"id": "cr-osm-node-10556625509", "name": "สันโค้งน้อย", "nameTh": "สันโค้งน้อย", "nameEn": "San Khong Noi", "cat": ["food"], "province": "cr"}}, {"type": "Feature", "geometry": {"type": "Point", "coordinates": [99.835032, 19.9042121]}, "properties": {"id": "cr-osm-way-968343213", "name": "สารีนอาหารฮาลาล", "nameTh": "สารีนอาหารฮาลาล", "nameEn": "Sareeneen Food and Sweet Halal", "cat": ["food"], "province": "cr"}}, {"type": "Feature", "geometry": {"type": "Point", "coordinates": [99.5036713, 19.3608148]}, "properties": {"id": "cr-osm-node-4525816790", "name": "สำเริง", "nameTh": "สำเริง", "nameEn": null, "cat": ["food"], "province": "cr"}}, {"type": "Feature", "geometry": {"type": "Point", "coordinates": [99.845283, 19.9247766]}, "properties": {"id": "cr-osm-node-4420657409", "name": "สุดยอดเนื้อตุ๋น2016", "nameTh": "สุดยอดเนื้อตุ๋น2016", "nameEn": "Jane Beef 2016", "cat": ["food"], "province": "cr"}}, {"type": "Feature", "geometry": {"type": "Point", "coordinates": [99.8271287, 19.9080076]}, "properties": {"id": "cr-osm-way-960771489", "name": "สุโขทัย", "nameTh": "สุโขทัย", "nameEn": "Sukhothai", "cat": ["food"], "province": "cr"}}, {"type": "Feature", "geometry": {"type": "Point", "coordinates": [99.8379895, 19.9090779]}, "properties": {"id": "cr-osm-node-9097753203", "name": "สเต็กลุงหนวด", "nameTh": "สเต็กลุงหนวด", "nameEn": "Steak Lung Nhuad", "cat": ["food"], "province": "cr"}}, {"type": "Feature", "geometry": {"type": "Point", "coordinates": [99.8314985, 19.9050528]}, "properties": {"id": "cr-osm-way-387048477", "name": "สไมล์บาร์", "nameTh": "สไมล์บาร์", "nameEn": "Smile Bar", "cat": ["food"], "province": "cr"}}, {"type": "Feature", "geometry": {"type": "Point", "coordinates": [99.8414372, 19.9148831]}, "properties": {"id": "cr-osm-node-10223311629", "name": "ส้มตำ", "nameTh": "ส้มตำ", "nameEn": "Somtum", "cat": ["food"], "province": "cr"}}, {"type": "Feature", "geometry": {"type": "Point", "coordinates": [99.8419321, 19.8893785]}, "properties": {"id": "cr-osm-node-4830028824", "name": "ส้มตำ อินเตอร์", "nameTh": "ส้มตำ อินเตอร์", "nameEn": "Somtam inter", "cat": ["food"], "province": "cr"}}, {"type": "Feature", "geometry": {"type": "Point", "coordinates": [99.823738, 19.9016076]}, "properties": {"id": "cr-osm-node-9214471411", "name": "ส้มตำ โคลอมเบีย", "nameTh": "ส้มตำ โคลอมเบีย", "nameEn": "Colombia Somtam", "cat": ["food"], "province": "cr"}}, {"type": "Feature", "geometry": {"type": "Point", "coordinates": [99.8371266, 19.900768]}, "properties": {"id": "cr-osm-node-4627930691", "name": "ส้มตำติดปาก@เชียงราย", "nameTh": "ส้มตำติดปาก@เชียงราย", "nameEn": "Somtamtidpak@Chiangrai", "cat": ["food"], "province": "cr"}}, {"type": "Feature", "geometry": {"type": "Point", "coordinates": [99.8354992, 19.9146801]}, "properties": {"id": "cr-osm-node-9945335863", "name": "ส้มตำบึงกาฬ", "nameTh": "ส้มตำบึงกาฬ", "nameEn": "Somtum Bueng Kan", "cat": ["food"], "province": "cr"}}, {"type": "Feature", "geometry": {"type": "Point", "coordinates": [99.8176155, 19.9019658]}, "properties": {"id": "cr-osm-node-8947728129", "name": "ส้มตำป้าเบ๊อะ", "nameTh": "ส้มตำป้าเบ๊อะ", "nameEn": "Pa Boe Somtam", "cat": ["food"], "province": "cr"}}, {"type": "Feature", "geometry": {"type": "Point", "coordinates": [99.8552523, 19.9783257]}, "properties": {"id": "cr-osm-node-4530704339", "name": "ส้มตำหน้ามอ", "nameTh": "ส้มตำหน้ามอ", "nameEn": "Somtam Na Mo", "cat": ["food"], "province": "cr"}}, {"type": "Feature", "geometry": {"type": "Point", "coordinates": [99.8317619, 19.9033012]}, "properties": {"id": "cr-osm-node-9136808621", "name": "ส้มตำเจ็ดยอด", "nameTh": "ส้มตำเจ็ดยอด", "nameEn": "Somtam Jedyod", "cat": ["food"], "province": "cr"}}, {"type": "Feature", "geometry": {"type": "Point", "coordinates": [99.5143886, 19.1939488]}, "properties": {"id": "cr-osm-node-2123229912", "name": "ส้มปาก", "nameTh": "ส้มปาก", "nameEn": "Som Pak", "cat": ["food"], "province": "cr"}}, {"type": "Feature", "geometry": {"type": "Point", "coordinates": [99.8274771, 19.90806]}, "properties": {"id": "cr-osm-way-960771498", "name": "หนิง ผัดไทย", "nameTh": "หนิง ผัดไทย", "nameEn": "Ning Pad Thai", "cat": ["food"], "province": "cr"}}, {"type": "Feature", "geometry": {"type": "Point", "coordinates": [99.8294451, 19.9079756]}, "properties": {"id": "cr-osm-node-9688293017", "name": "หน้าสุเหร่า", "nameTh": "หน้าสุเหร่า", "nameEn": "Na Surao", "cat": ["food"], "province": "cr"}}, {"type": "Feature", "geometry": {"type": "Point", "coordinates": [99.829728, 19.8990183]}, "properties": {"id": "cr-osm-node-11893650113", "name": "หมีเพลิน MeehPloen Cafe", "nameTh": "หมีเพลิน MeehPloen Cafe", "nameEn": null, "cat": ["food"], "province": "cr"}}, {"type": "Feature", "geometry": {"type": "Point", "coordinates": [100.2387995, 19.8119018]}, "properties": {"id": "cr-osm-node-2318393412", "name": "หมูกะทะ วราภรณ์", "nameTh": "หมูกะทะ วราภรณ์", "nameEn": null, "cat": ["food"], "province": "cr"}}, {"type": "Feature", "geometry": {"type": "Point", "coordinates": [99.8189319, 19.9033504]}, "properties": {"id": "cr-osm-node-10099999779", "name": "หมูย่างอัมพวา", "nameTh": "หมูย่างอัมพวา", "nameEn": "Amphawa Grilled Pork Noodle", "cat": ["food"], "province": "cr"}}, {"type": "Feature", "geometry": {"type": "Point", "coordinates": [99.5092573, 19.6033802]}, "properties": {"id": "cr-osm-node-13040769261", "name": "หม่าล่าซ.8", "nameTh": "หม่าล่าซ.8", "nameEn": null, "cat": ["food"], "province": "cr"}}, {"type": "Feature", "geometry": {"type": "Point", "coordinates": [99.8543051, 19.978463]}, "properties": {"id": "cr-osm-node-4530704340", "name": "หอพักชาย สุขสถิตย์", "nameTh": "หอพักชาย สุขสถิตย์", "nameEn": null, "cat": ["food"], "province": "cr"}}, {"type": "Feature", "geometry": {"type": "Point", "coordinates": [99.8276864, 19.9064095]}, "properties": {"id": "cr-osm-node-9124114260", "name": "หอมจันทร์", "nameTh": "หอมจันทร์", "nameEn": "Homchan", "cat": ["food"], "province": "cr"}}, {"type": "Feature", "geometry": {"type": "Point", "coordinates": [99.5133094, 19.2494873]}, "properties": {"id": "cr-osm-node-5003030937", "name": "หอมด่วน", "nameTh": "หอมด่วน", "nameEn": "Hom Duan Coffee Cafe", "cat": ["food"], "province": "cr"}}, {"type": "Feature", "geometry": {"type": "Point", "coordinates": [99.8758216, 20.4249619]}, "properties": {"id": "cr-osm-node-3728754133", "name": "หอมปากหอมคอ", "nameTh": "หอมปากหอมคอ", "nameEn": null, "cat": ["food"], "province": "cr"}}, {"type": "Feature", "geometry": {"type": "Point", "coordinates": [99.5116352, 19.3168339]}, "properties": {"id": "cr-osm-node-2208234125", "name": "อดทน", "nameTh": "อดทน", "nameEn": "Auton", "cat": ["food"], "province": "cr"}}, {"type": "Feature", "geometry": {"type": "Point", "coordinates": [99.8316698, 19.9042]}, "properties": {"id": "cr-osm-way-387048481", "name": "อนุสรณ์เจ็ดยอด", "nameTh": "อนุสรณ์เจ็ดยอด", "nameEn": "Anusorn Jed Jod", "cat": ["food"], "province": "cr"}}, {"type": "Feature", "geometry": {"type": "Point", "coordinates": [99.8575097, 19.9774205]}, "properties": {"id": "cr-osm-node-4530704332", "name": "อมยิ้ม", "nameTh": "อมยิ้ม", "nameEn": "Omyim", "cat": ["food"], "province": "cr"}}, {"type": "Feature", "geometry": {"type": "Point", "coordinates": [99.8278681, 19.89912]}, "properties": {"id": "cr-osm-node-6282356485", "name": "ออมละไม", "nameTh": "ออมละไม", "nameEn": "Om La-Mai (homemade ice cream)", "cat": ["food"], "province": "cr"}}, {"type": "Feature", "geometry": {"type": "Point", "coordinates": [99.8840091, 20.4377141]}, "properties": {"id": "cr-osm-node-5237462321", "name": "อันเจริญ แม่สาย", "nameTh": "อันเจริญ แม่สาย", "nameEn": "An Charoen Mae Sai", "cat": ["food"], "province": "cr"}}, {"type": "Feature", "geometry": {"type": "Point", "coordinates": [99.5579377, 19.7749268]}, "properties": {"id": "cr-osm-node-10538600385", "name": "อาบู ข้าวฝืนริมดอย", "nameTh": "อาบู ข้าวฝืนริมดอย", "nameEn": null, "cat": ["food"], "province": "cr"}}, {"type": "Feature", "geometry": {"type": "Point", "coordinates": [99.8311789, 19.9051812]}, "properties": {"id": "cr-osm-way-387049088", "name": "อาร์แอนด์บี บาร์", "nameTh": "อาร์แอนด์บี บาร์", "nameEn": "R & B Bar", "cat": ["food"], "province": "cr"}}, {"type": "Feature", "geometry": {"type": "Point", "coordinates": [99.8531301, 20.1458256]}, "properties": {"id": "cr-osm-node-2148617334", "name": "อาหารตามสัง", "nameTh": "อาหารตามสัง", "nameEn": null, "cat": ["food"], "province": "cr"}}, {"type": "Feature", "geometry": {"type": "Point", "coordinates": [99.8209315, 19.9066593]}, "properties": {"id": "cr-osm-way-960625763", "name": "อาหารตามสั่ง ส้มตำ ไก่ย่าง", "nameTh": "อาหารตามสั่ง ส้มตำ ไก่ย่าง", "nameEn": "Somtam Kai Yang", "cat": ["food"], "province": "cr"}}, {"type": "Feature", "geometry": {"type": "Point", "coordinates": [99.7398913, 19.5515451]}, "properties": {"id": "cr-osm-node-5782374054", "name": "อาหารเจป้านาง", "nameTh": "อาหารเจป้านาง", "nameEn": "pa nang J food", "cat": ["food"], "province": "cr"}}, {"type": "Feature", "geometry": {"type": "Point", "coordinates": [99.8303687, 19.8985244]}, "properties": {"id": "cr-osm-way-1075277153", "name": "อาหารเหนือยายพิน", "nameTh": "อาหารเหนือยายพิน", "nameEn": "Grandma Pin's Northern Thai Food", "cat": ["food"], "province": "cr"}}, {"type": "Feature", "geometry": {"type": "Point", "coordinates": [99.8314697, 19.9051858]}, "properties": {"id": "cr-osm-way-387048484", "name": "อีซี่ บาร์", "nameTh": "อีซี่ บาร์", "nameEn": "Easy Bar", "cat": ["food"], "province": "cr"}}, {"type": "Feature", "geometry": {"type": "Point", "coordinates": [99.8314721, 19.9051853]}, "properties": {"id": "cr-osm-node-6123156473", "name": "อีซี่ เฮาส์", "nameTh": "อีซี่ เฮาส์", "nameEn": "Easy House", "cat": ["food"], "province": "cr"}}, {"type": "Feature", "geometry": {"type": "Point", "coordinates": [99.8254998, 19.9018395]}, "properties": {"id": "cr-osm-node-9863490668", "name": "อู๋โภชนา", "nameTh": "อู๋โภชนา", "nameEn": "Wu Phochana", "cat": ["food"], "province": "cr"}}, {"type": "Feature", "geometry": {"type": "Point", "coordinates": [99.503468, 19.3690911]}, "properties": {"id": "cr-osm-node-4518032970", "name": "อ้วนโภชนา", "nameTh": "อ้วนโภชนา", "nameEn": null, "cat": ["food"], "province": "cr"}}, {"type": "Feature", "geometry": {"type": "Point", "coordinates": [99.8332984, 19.8862676]}, "properties": {"id": "cr-osm-node-8946977328", "name": "ฮะจิบัง ราเมง", "nameTh": "ฮะจิบัง ราเมง", "nameEn": "Hachiban Ramen", "cat": ["food"], "province": "cr"}}, {"type": "Feature", "geometry": {"type": "Point", "coordinates": [99.8316367, 19.9073088]}, "properties": {"id": "cr-osm-way-963169269", "name": "ฮุยเม้ง", "nameTh": "ฮุยเม้ง", "nameEn": "Hiu Meng", "cat": ["food"], "province": "cr"}}, {"type": "Feature", "geometry": {"type": "Point", "coordinates": [99.5037046, 19.3643601]}, "properties": {"id": "cr-osm-node-4537064689", "name": "เกาเหลาเลือดหมู", "nameTh": "เกาเหลาเลือดหมู", "nameEn": "Kaw loau blood pig", "cat": ["food"], "province": "cr"}}, {"type": "Feature", "geometry": {"type": "Point", "coordinates": [99.8409977, 19.6522697]}, "properties": {"id": "cr-osm-node-8223464849", "name": "เก๊าเอง Café", "nameTh": "เก๊าเอง Café", "nameEn": null, "cat": ["food"], "province": "cr"}}, {"type": "Feature", "geometry": {"type": "Point", "coordinates": [99.8285947, 19.9046646]}, "properties": {"id": "cr-osm-node-10298531448", "name": "เครปมิว", "nameTh": "เครปมิว", "nameEn": "Mew Crêpe", "cat": ["food"], "province": "cr"}}, {"type": "Feature", "geometry": {"type": "Point", "coordinates": [99.5118571, 19.3153379]}, "properties": {"id": "cr-osm-node-2629906550", "name": "เค้กคุณหมอ", "nameTh": "เค้กคุณหมอ", "nameEn": "Cake Khun Mhor", "cat": ["food"], "province": "cr"}}, {"type": "Feature", "geometry": {"type": "Point", "coordinates": [99.8343591, 19.9041834]}, "properties": {"id": "cr-osm-way-968343200", "name": "เค้กไข่ไทยแลนด์", "nameTh": "เค้กไข่ไทยแลนด์", "nameEn": "Cakekai Thailand", "cat": ["food"], "province": "cr"}}, {"type": "Feature", "geometry": {"type": "Point", "coordinates": [99.8495636, 20.1479818]}, "properties": {"id": "cr-osm-node-2148616624", "name": "เจ ป้าพลอย", "nameTh": "เจ ป้าพลอย", "nameEn": null, "cat": ["food"], "province": "cr"}}, {"type": "Feature", "geometry": {"type": "Point", "coordinates": [99.818862, 20.1283472]}, "properties": {"id": "cr-osm-node-2147432634", "name": "เจนจิรา คาราโอเกะ", "nameTh": "เจนจิรา คาราโอเกะ", "nameEn": null, "cat": ["food"], "province": "cr"}}, {"type": "Feature", "geometry": {"type": "Point", "coordinates": [99.5050143, 19.3574413]}, "properties": {"id": "cr-osm-node-2136689557", "name": "เจือจันทร์โภชนา", "nameTh": "เจือจันทร์โภชนา", "nameEn": null, "cat": ["food"], "province": "cr"}}, {"type": "Feature", "geometry": {"type": "Point", "coordinates": [99.8624225, 19.9758996]}, "properties": {"id": "cr-osm-node-12422032176", "name": "เจ้าหมูชาบู Jaomooshabu", "nameTh": "เจ้าหมูชาบู Jaomooshabu", "nameEn": null, "cat": ["food"], "province": "cr"}}, {"type": "Feature", "geometry": {"type": "Point", "coordinates": [99.7936039, 19.9068464]}, "properties": {"id": "cr-osm-node-13180132664", "name": "เจ๊ติ๋ม ข้าวมันไก่ ข้าวขาหมู ชา กาแฟ", "nameTh": "เจ๊ติ๋ม ข้าวมันไก่ ข้าวขาหมู ชา กาแฟ", "nameEn": null, "cat": ["food"], "province": "cr"}}, {"type": "Feature", "geometry": {"type": "Point", "coordinates": [99.834648, 19.9041865]}, "properties": {"id": "cr-osm-way-968343205", "name": "เจ๊เฮียง", "nameTh": "เจ๊เฮียง", "nameEn": "Jay Hieng", "cat": ["food"], "province": "cr"}}, {"type": "Feature", "geometry": {"type": "Point", "coordinates": [99.8312729, 19.9069067]}, "properties": {"id": "cr-osm-way-963169292", "name": "เชียงรายรำลึก", "nameTh": "Chiang Rai Ram Rerk", "nameEn": null, "cat": ["food"], "province": "cr"}}, {"type": "Feature", "geometry": {"type": "Point", "coordinates": [99.8364456, 20.2076795]}, "properties": {"id": "cr-osm-node-6249254885", "name": "เชียงรายโค่ยฟาร์ม", "nameTh": "เชียงรายโค่ยฟาร์ม", "nameEn": "Chiang Rai Koi Farm", "cat": ["food"], "province": "cr"}}, {"type": "Feature", "geometry": {"type": "Point", "coordinates": [99.8299365, 19.9070443]}, "properties": {"id": "cr-osm-node-9207934124", "name": "เช็งซิมอี้", "nameTh": "เช็งซิมอี้", "nameEn": "Cheng Sim Ei", "cat": ["food"], "province": "cr"}}, {"type": "Feature", "geometry": {"type": "Point", "coordinates": [99.8312454, 19.9048704]}, "properties": {"id": "cr-osm-way-387049083", "name": "เดียร์เฟรนด์", "nameTh": "เดียร์เฟรนด์", "nameEn": "Dear Friend", "cat": ["food"], "province": "cr"}}, {"type": "Feature", "geometry": {"type": "Point", "coordinates": [99.8197809, 19.9057559]}, "properties": {"id": "cr-osm-way-960685201", "name": "เด่นห้า ฟ้าใส หมูกระทะ", "nameTh": "เด่นห้า ฟ้าใส หมูกระทะ", "nameEn": "Denha Fahsai", "cat": ["food"], "province": "cr"}}, {"type": "Feature", "geometry": {"type": "Point", "coordinates": [99.8307344, 19.8847967]}, "properties": {"id": "cr-osm-node-9104746651", "name": "เตี๋ยวเรือ ๑๓ เหรียญ", "nameTh": "เตี๋ยวเรือ ๑๓ เหรียญ", "nameEn": "Tiew Raeur 13 rian", "cat": ["food"], "province": "cr"}}, {"type": "Feature", "geometry": {"type": "Point", "coordinates": [99.8201363, 19.9062753]}, "properties": {"id": "cr-osm-way-960625747", "name": "เต็มอิ่มปลาเผา", "nameTh": "เต็มอิ่มปลาเผา", "nameEn": "Tem Aim Grilled Fish", "cat": ["food"], "province": "cr"}}, {"type": "Feature", "geometry": {"type": "Point", "coordinates": [99.8353598, 19.9071259]}, "properties": {"id": "cr-osm-node-8929779417", "name": "เต็มอิ่มเลิศรสข้าวมันไก่", "nameTh": "เต็มอิ่มเลิศรสข้าวมันไก่", "nameEn": "Dtem Im Lert Rot Chicken Rice", "cat": ["food"], "province": "cr"}}, {"type": "Feature", "geometry": {"type": "Point", "coordinates": [99.8296528, 19.9071057]}, "properties": {"id": "cr-osm-way-960934989", "name": "เนื้อวัวรสเยี่ยม", "nameTh": "เนื้อวัวรสเยี่ยม", "nameEn": "Rote Yiam Beef", "cat": ["food"], "province": "cr"}}, {"type": "Feature", "geometry": {"type": "Point", "coordinates": [99.8020104, 20.1237037]}, "properties": {"id": "cr-osm-node-2147432638", "name": "เบียร์สด 99 บาท", "nameTh": "เบียร์สด 99 บาท", "nameEn": null, "cat": ["food"], "province": "cr"}}, {"type": "Feature", "geometry": {"type": "Point", "coordinates": [99.8203473, 19.9073134]}, "properties": {"id": "cr-osm-node-12215375196", "name": "เบเชกู่", "nameTh": "เบเชกู่", "nameEn": null, "cat": ["food"], "province": "cr"}}, {"type": "Feature", "geometry": {"type": "Point", "coordinates": [99.5120801, 19.2863379]}, "properties": {"id": "cr-osm-way-776879402", "name": "เพลินนะ - เพลินนา", "nameTh": "เพลินนะ - เพลินนา", "nameEn": "Ploen-na Ploen-na", "cat": ["food"], "province": "cr"}}, {"type": "Feature", "geometry": {"type": "Point", "coordinates": [99.8804216, 20.4200796]}, "properties": {"id": "cr-osm-node-3726320431", "name": "เมล็ดชา", "nameTh": "เมล็ดชา", "nameEn": "Maletcha", "cat": ["food"], "province": "cr"}}, {"type": "Feature", "geometry": {"type": "Point", "coordinates": [99.8349396, 19.8893766]}, "properties": {"id": "cr-osm-node-6528045798", "name": "เยส อินดีด", "nameTh": "เยส อินดีด", "nameEn": "Yes Indeed", "cat": ["food"], "province": "cr"}}, {"type": "Feature", "geometry": {"type": "Point", "coordinates": [99.8492267, 19.9213277]}, "properties": {"id": "cr-osm-way-1127661760", "name": "เรือน นลิน", "nameTh": "เรือน นลิน", "nameEn": "Ruan Nalin", "cat": ["food"], "province": "cr"}}, {"type": "Feature", "geometry": {"type": "Point", "coordinates": [99.842287, 20.1368614]}, "properties": {"id": "cr-osm-node-2148568049", "name": "เรือนจันทร์บ้านเพลง", "nameTh": "เรือนจันทร์บ้านเพลง", "nameEn": null, "cat": ["food"], "province": "cr"}}, {"type": "Feature", "geometry": {"type": "Point", "coordinates": [99.7298658, 19.7505357]}, "properties": {"id": "cr-osm-node-2337514668", "name": "เรือนมูลหมูกะทะ", "nameTh": "เรือนมูลหมูกะทะ", "nameEn": null, "cat": ["food"], "province": "cr"}}, {"type": "Feature", "geometry": {"type": "Point", "coordinates": [99.824499, 19.9015731]}, "properties": {"id": "cr-osm-node-2449477285", "name": "เลอ เปอตี คาเฟ่", "nameTh": "เลอ เปอตี คาเฟ่", "nameEn": "Le Petit Café", "cat": ["food"], "province": "cr"}}, {"type": "Feature", "geometry": {"type": "Point", "coordinates": [99.8545937, 20.1569003]}, "properties": {"id": "cr-osm-node-13283042001", "name": "เล่านะแม่จัน", "nameTh": "เล่านะแม่จัน", "nameEn": null, "cat": ["food"], "province": "cr"}}, {"type": "Feature", "geometry": {"type": "Point", "coordinates": [99.830459, 19.8855697]}, "properties": {"id": "cr-osm-node-13086723011", "name": "เล้งจักรพรรดิ์ ข้าวมันไก่", "nameTh": "เล้งจักรพรรดิ์ ข้าวมันไก่", "nameEn": null, "cat": ["food"], "province": "cr"}}, {"type": "Feature", "geometry": {"type": "Point", "coordinates": [99.8152239, 19.9007725]}, "properties": {"id": "cr-osm-node-8953875584", "name": "เวียงหลวงหมูกระทะ", "nameTh": "เวียงหลวงหมูกระทะ", "nameEn": "Wiangluang Mookata", "cat": ["food"], "province": "cr"}}, {"type": "Feature", "geometry": {"type": "Point", "coordinates": [100.0869356, 20.2743636]}, "properties": {"id": "cr-osm-way-1232817679", "name": "เวียงเก่า", "nameTh": "เวียงเก่า", "nameEn": "Wiang Kao", "cat": ["food"], "province": "cr"}}, {"type": "Feature", "geometry": {"type": "Point", "coordinates": [99.8149795, 19.9309531]}, "properties": {"id": "cr-osm-node-12178492417", "name": "เสพอาหารอีสาน", "nameTh": "เสพอาหารอีสาน", "nameEn": null, "cat": ["food"], "province": "cr"}}, {"type": "Feature", "geometry": {"type": "Point", "coordinates": [99.8297918, 19.9071252]}, "properties": {"id": "cr-osm-way-960934991", "name": "เหล่าม่า เอ็กซ์เพรส", "nameTh": "เหล่าม่า เอ็กซ์เพรส", "nameEn": "Laoma Express", "cat": ["food"], "province": "cr"}}, {"type": "Feature", "geometry": {"type": "Point", "coordinates": [99.8610209, 20.13454]}, "properties": {"id": "cr-osm-node-2148609272", "name": "เฮือนจั๋นคำ", "nameTh": "เฮือนจั๋นคำ", "nameEn": null, "cat": ["food"], "province": "cr"}}, {"type": "Feature", "geometry": {"type": "Point", "coordinates": [99.867632, 20.0091489]}, "properties": {"id": "cr-osm-node-12599865455", "name": "เฮือนร่มสีทอง", "nameTh": "เฮือนร่มสีทอง", "nameEn": null, "cat": ["food"], "province": "cr"}}, {"type": "Feature", "geometry": {"type": "Point", "coordinates": [99.8381021, 19.9087508]}, "properties": {"id": "cr-osm-way-965582205", "name": "เฮือนอุ้ยแสนคำ", "nameTh": "เฮือนอุ้ยแสนคำ", "nameEn": "Hern Oui Sann Kham", "cat": ["food"], "province": "cr"}}, {"type": "Feature", "geometry": {"type": "Point", "coordinates": [99.6597213, 19.7843901]}, "properties": {"id": "cr-osm-node-3215532425", "name": "เฮือนฮิมน้ำ", "nameTh": "เฮือนฮิมน้ำ", "nameEn": "Huean Him Nam", "cat": ["food"], "province": "cr"}}, {"type": "Feature", "geometry": {"type": "Point", "coordinates": [99.8189637, 19.9032846]}, "properties": {"id": "cr-osm-node-10099999780", "name": "แซบ วัดเชฯ", "nameTh": "แซบ วัดเชฯ", "nameEn": "Sap Wat Che", "cat": ["food"], "province": "cr"}}, {"type": "Feature", "geometry": {"type": "Point", "coordinates": [99.8362947, 19.9050193]}, "properties": {"id": "cr-osm-node-9134211477", "name": "แม่ศรีไว ไส้กรอกอีสาน", "nameTh": "แม่ศรีไว ไส้กรอกอีสาน", "nameEn": "Mae Sri Wai's Isaan Sausage", "cat": ["food"], "province": "cr"}}, {"type": "Feature", "geometry": {"type": "Point", "coordinates": [99.8205779, 19.9025619]}, "properties": {"id": "cr-osm-way-998068499", "name": "แม่แก้วภา", "nameTh": "แม่แก้วภา", "nameEn": null, "cat": ["food"], "province": "cr"}}, {"type": "Feature", "geometry": {"type": "Point", "coordinates": [99.8211099, 19.9021876]}, "properties": {"id": "cr-osm-way-1061692950", "name": "แอน เบเกอรี่เฮ้าส์", "nameTh": "แอน เบเกอรี่เฮ้าส์", "nameEn": "Ann Bakery House", "cat": ["food"], "province": "cr"}}, {"type": "Feature", "geometry": {"type": "Point", "coordinates": [99.8349116, 19.9009618]}, "properties": {"id": "cr-osm-node-2622028415", "name": "โกฬด อาหารตามสั่ง", "nameTh": "โกฬด อาหารตามสั่ง", "nameEn": null, "cat": ["food"], "province": "cr"}}, {"type": "Feature", "geometry": {"type": "Point", "coordinates": [99.8142182, 19.9034851]}, "properties": {"id": "cr-osm-node-9166322480", "name": "โกฮ๊อก", "nameTh": "โกฮ๊อก", "nameEn": "Gohog", "cat": ["food"], "province": "cr"}}, {"type": "Feature", "geometry": {"type": "Point", "coordinates": [99.855726, 19.9777226]}, "properties": {"id": "cr-osm-node-4530704333", "name": "โกเฮง", "nameTh": "โกเฮง", "nameEn": "Ko Heng", "cat": ["food"], "province": "cr"}}, {"type": "Feature", "geometry": {"type": "Point", "coordinates": [99.8392414, 19.9124885]}, "properties": {"id": "cr-osm-node-10162506272", "name": "โจ๊กจั่นเจา", "nameTh": "โจ๊กจั่นเจา", "nameEn": null, "cat": ["food"], "province": "cr"}}, {"type": "Feature", "geometry": {"type": "Point", "coordinates": [99.8303649, 19.8848295]}, "properties": {"id": "cr-osm-node-5171371321", "name": "โตกตอง", "nameTh": "โตกตอง", "nameEn": "Tok Tong Restaurant", "cat": ["food"], "province": "cr"}}, {"type": "Feature", "geometry": {"type": "Point", "coordinates": [100.0918268, 19.8900664]}, "properties": {"id": "cr-osm-node-2292377630", "name": "โป่งคำ", "nameTh": "โป่งคำ", "nameEn": null, "cat": ["food"], "province": "cr"}}, {"type": "Feature", "geometry": {"type": "Point", "coordinates": [99.8134735, 20.1281111]}, "properties": {"id": "cr-osm-node-2147430772", "name": "โป่งปลาสด", "nameTh": "โป่งปลาสด", "nameEn": null, "cat": ["food"], "province": "cr"}}, {"type": "Feature", "geometry": {"type": "Point", "coordinates": [99.8300719, 19.9071726]}, "properties": {"id": "cr-osm-way-960934996", "name": "โฟร์สตาร์", "nameTh": "โฟร์สตาร์", "nameEn": "Four Stars", "cat": ["food"], "province": "cr"}}, {"type": "Feature", "geometry": {"type": "Point", "coordinates": [99.8521942, 19.927849]}, "properties": {"id": "cr-osm-node-8950257762", "name": "โรงอาหาร", "nameTh": "โรงอาหาร", "nameEn": "Food Center", "cat": ["food"], "province": "cr"}}, {"type": "Feature", "geometry": {"type": "Point", "coordinates": [99.9298368, 19.874898]}, "properties": {"id": "cr-osm-way-604179764", "name": "โรงอาหาร", "nameTh": "โรงอาหาร", "nameEn": null, "cat": ["food"], "province": "cr"}}, {"type": "Feature", "geometry": {"type": "Point", "coordinates": [99.8624543, 19.9289946]}, "properties": {"id": "cr-osm-way-764493739", "name": "โรงอาหาร", "nameTh": "โรงอาหาร", "nameEn": "Food Court", "cat": ["food"], "province": "cr"}}, {"type": "Feature", "geometry": {"type": "Point", "coordinates": [99.834338, 20.1374881]}, "properties": {"id": "cr-osm-node-2147540194", "name": "โรงเจ", "nameTh": "โรงเจ", "nameEn": null, "cat": ["food"], "province": "cr"}}, {"type": "Feature", "geometry": {"type": "Point", "coordinates": [99.84943, 19.9169814]}, "properties": {"id": "cr-osm-node-11409659187", "name": "โรตีป้าใหญ่", "nameTh": "โรตีป้าใหญ่", "nameEn": "Roti Pa Yai", "cat": ["food"], "province": "cr"}}, {"type": "Feature", "geometry": {"type": "Point", "coordinates": [99.8329365, 19.928852]}, "properties": {"id": "cr-osm-way-967419243", "name": "โอชิเน เชียงราย", "nameTh": "โอชิเน เชียงราย", "nameEn": "Oshine Chignarai", "cat": ["food"], "province": "cr"}}, {"type": "Feature", "geometry": {"type": "Point", "coordinates": [99.8376626, 19.8886837]}, "properties": {"id": "cr-osm-node-8946980124", "name": "โออิชิ ราเมง", "nameTh": "โออิชิ ราเมง", "nameEn": "Oishi Ramen", "cat": ["food"], "province": "cr"}}, {"type": "Feature", "geometry": {"type": "Point", "coordinates": [99.8579527, 19.9541627]}, "properties": {"id": "cr-osm-node-11475899624", "name": "ใจปัน", "nameTh": "ใจปัน", "nameEn": "Jaipan", "cat": ["food"], "province": "cr"}}, {"type": "Feature", "geometry": {"type": "Point", "coordinates": [99.7412376, 19.5226605]}, "properties": {"id": "cr-osm-node-4546328890", "name": "ใบไม้", "nameTh": "ใบไม้", "nameEn": "Baimai", "cat": ["food"], "province": "cr"}}, {"type": "Feature", "geometry": {"type": "Point", "coordinates": [99.8306809, 19.9027516]}, "properties": {"id": "cr-osm-node-9193149553", "name": "ไข่หอม ซอย 2", "nameTh": "ไข่หอม ซอย 2", "nameEn": "Kai Hom Soi 2", "cat": ["food"], "province": "cr"}}, {"type": "Feature", "geometry": {"type": "Point", "coordinates": [99.8402235, 19.9167076]}, "properties": {"id": "cr-osm-node-10223255213", "name": "ไทชง", "nameTh": "ไทชง", "nameEn": "Taichong", "cat": ["food"], "province": "cr"}}, {"type": "Feature", "geometry": {"type": "Point", "coordinates": [99.8342094, 19.9041892]}, "properties": {"id": "cr-osm-way-968332807", "name": "ไปป่า", "nameTh": "ไปป่า", "nameEn": "Paipaa", "cat": ["food"], "province": "cr"}}, {"type": "Feature", "geometry": {"type": "Point", "coordinates": [99.5836136, 20.255994]}, "properties": {"id": "cr-osm-node-12973228001", "name": "ไร่กาล่ะ - Kala Coffee", "nameTh": "ไร่กาล่ะ - Kala Coffee", "nameEn": "Kala Coffee", "cat": ["food"], "province": "cr"}}, {"type": "Feature", "geometry": {"type": "Point", "coordinates": [99.9949954, 20.2406601]}, "properties": {"id": "cr-osm-node-13011251201", "name": "ไร่ฮักตี้ใจ๋", "nameTh": "ไร่ฮักตี้ใจ๋", "nameEn": "Hug Tee Jai", "cat": ["food"], "province": "cr"}}, {"type": "Feature", "geometry": {"type": "Point", "coordinates": [99.6306786, 20.1650112]}, "properties": {"id": "cr-osm-node-2077399226", "name": "ไออุ่น", "nameTh": "ไออุ่น", "nameEn": "Ai Uoon", "cat": ["food"], "province": "cr"}}]}