{"type": "FeatureCollection", "features": [{"type": "Feature", "geometry": {"type": "Point", "coordinates": [99.87657, 20.04762]}, "properties": {"id": "cr-osm-node-11408890592", "name": "@smile Dental clinic", "nameTh": null, "nameEn": "@smile Dental clinic", "cat": ["medical"], "province": "cr", "slug": "smile-dental-clinic-11408890592", "rank": 1}}, {"type": "Feature", "geometry": {"type": "Point", "coordinates": [99.80991, 19.88288]}, "properties": {"id": "cr-dgth-fda-4270792148", "name": "AI PHARMA", "nameTh": null, "nameEn": "AI PHARMA", "cat": ["essentials", "medical"], "province": "cr", "slug": "ai-pharma-4270792148", "rank": 2}}, {"type": "Feature", "geometry": {"type": "Point", "coordinates": [100.29758, 19.91148]}, "properties": {"id": "cr-osm-node-7745889986", "name": "Acupuncture", "nameTh": null, "nameEn": "Acupuncture", "cat": ["medical"], "province": "cr", "slug": "acupuncture-7745889986", "rank": 1}}, {"type": "Feature", "geometry": {"type": "Point", "coordinates": [99.86349, 19.99276]}, "properties": {"id": "cr-osm-way-641234887", "name": "Bangkok Hospital", "nameTh": null, "nameEn": "Bangkok Hospital", "cat": ["medical"], "province": "cr", "slug": "bangkok-hospital-641234887", "rank": 1}}, {"type": "Feature", "geometry": {"type": "Point", "coordinates": [99.83321, 19.90462]}, "properties": {"id": "cr-osm-node-4725603491", "name": "Boots", "nameTh": null, "nameEn": "Boots Pharmacy", "cat": ["essentials", "medical"], "province": "cr", "slug": "boots-pharmacy-4725603491", "rank": 1}}, {"type": "Feature", "geometry": {"type": "Point", "coordinates": [99.83355, 19.90446]}, "properties": {"id": "cr-osm-node-10245740621", "name": "Chiangrai Modern Drug", "nameTh": null, "nameEn": "Chiangrai Modern Drug", "cat": ["essentials", "medical"], "province": "cr", "slug": "chiangrai-modern-drug-10245740621", "rank": 1}}, {"type": "Feature", "geometry": {"type": "Point", "coordinates": [99.83305, 19.90307]}, "properties": {"id": "cr-osm-node-2319108303", "name": "Dent Anjira", "nameTh": null, "nameEn": "Dent Anjira", "cat": ["medical"], "province": "cr", "slug": "dent-anjira-2319108303", "rank": 3}}, {"type": "Feature", "geometry": {"type": "Point", "coordinates": [99.50631, 19.35364]}, "properties": {"id": "cr-osm-node-4530975506", "name": "Dental Aquarium", "nameTh": null, "nameEn": "Dental Aquarium", "cat": ["medical"], "province": "cr", "slug": "dental-aquarium-4530975506", "rank": 1}}, {"type": "Feature", "geometry": {"type": "Point", "coordinates": [99.83425, 19.92229]}, "properties": {"id": "cr-osm-node-13930552401", "name": "Dental Land Chiang Rai", "nameTh": "ศูนย์ทันตกรรมเฉพาะทางเดนทัลแลนด์", "nameEn": "Dental Land Chiang Rai", "cat": ["medical"], "province": "cr", "slug": "dental-land-chiang-rai-13930552401", "rank": 4}}, {"type": "Feature", "geometry": {"type": "Point", "coordinates": [99.82907, 19.90664]}, "properties": {"id": "cr-osm-way-483844936", "name": "Fascino", "nameTh": "ฟาสซิโน", "nameEn": "Fascino", "cat": ["essentials", "medical"], "province": "cr", "slug": "fascino-483844936", "rank": 3}}, {"type": "Feature", "geometry": {"type": "Point", "coordinates": [99.8564, 19.96697]}, "properties": {"id": "cr-osm-node-14091542801", "name": "Fascino ร้านขายยา ฟาสซิโน สาขา บ้านดู่", "nameTh": "Fascino ร้านขายยา ฟาสซิโน สาขา บ้านดู่", "nameEn": null, "cat": ["essentials", "medical"], "province": "cr", "slug": "fascino-14091542801", "rank": 1}}, {"type": "Feature", "geometry": {"type": "Point", "coordinates": [100.36992, 19.82489]}, "properties": {"id": "cr-osm-way-760193829", "name": "Health Centre", "nameTh": null, "nameEn": "Health Centre", "cat": ["medical"], "province": "cr", "slug": "health-centre-760193829", "rank": 1}}, {"type": "Feature", "geometry": {"type": "Point", "coordinates": [99.75593, 20.205]}, "properties": {"id": "cr-osm-way-1115392896", "name": "Health Promoting Hospital", "nameTh": null, "nameEn": "Health Promoting Hospital", "cat": ["medical"], "province": "cr", "slug": "health-promoting-hospital-1115392896", "rank": 1}}, {"type": "Feature", "geometry": {"type": "Point", "coordinates": [99.86307, 19.97254]}, "properties": {"id": "cr-osm-node-11378852348", "name": "Jenjit Dental Clinic", "nameTh": null, "nameEn": "Jenjit Dental Clinic", "cat": ["medical"], "province": "cr", "slug": "jenjit-dental-clinic-11378852348", "rank": 3}}, {"type": "Feature", "geometry": {"type": "Point", "coordinates": [100.082, 20.35152]}, "properties": {"id": "cr-osm-node-4447384295", "name": "Khob khun drug store", "nameTh": null, "nameEn": "Khob khun drug store", "cat": ["essentials", "medical"], "province": "cr", "slug": "khob-khun-drug-store-4447384295", "rank": 1}}, {"type": "Feature", "geometry": {"type": "Point", "coordinates": [99.82921, 19.90664]}, "properties": {"id": "cr-osm-way-963169310", "name": "Kikkuya", "nameTh": "คิกขุญ่า", "nameEn": "Kikkuya", "cat": ["essentials", "medical"], "province": "cr", "slug": "kikkuya-963169310", "rank": 2}}, {"type": "Feature", "geometry": {"type": "Point", "coordinates": [99.8944, 20.04092]}, "properties": {"id": "cr-osm-way-485845405", "name": "Mae Fah Luang University Hospital", "nameTh": null, "nameEn": "Mae Fah Luang University Hospital", "cat": ["medical"], "province": "cr", "slug": "mae-fah-luang-university-hospital-485845405", "rank": 1}}, {"type": "Feature", "geometry": {"type": "Point", "coordinates": [100.08314, 20.34605]}, "properties": {"id": "cr-osm-node-2206759322", "name": "Mana Pharmacy", "nameTh": null, "nameEn": "Mana Pharmacy", "cat": ["essentials", "medical"], "province": "cr", "slug": "mana-pharmacy-2206759322", "rank": 1}}, {"type": "Feature", "geometry": {"type": "Point", "coordinates": [99.83149, 19.90688]}, "properties": {"id": "cr-osm-way-963169289", "name": "Nat Dentist Clinic", "nameTh": "คลินิกจัดฟันหมอแนท", "nameEn": "Nat Dentist Clinic", "cat": ["medical"], "province": "cr", "slug": "nat-dentist-clinic-963169289", "rank": 2}}, {"type": "Feature", "geometry": {"type": "Point", "coordinates": [99.82319, 19.89115]}, "properties": {"id": "cr-osm-node-3966280908", "name": "Pharmacy", "nameTh": null, "nameEn": "Pharmacy", "cat": ["essentials", "medical"], "province": "cr", "slug": "pharmacy-3966280908", "rank": 1}}, {"type": "Feature", "geometry": {"type": "Point", "coordinates": [100.40649, 20.26291]}, "properties": {"id": "cr-osm-node-7012892685", "name": "Pharmacy", "nameTh": null, "nameEn": "Pharmacy", "cat": ["essentials", "medical"], "province": "cr", "slug": "pharmacy-7012892685", "rank": 1}}, {"type": "Feature", "geometry": {"type": "Point", "coordinates": [100.19493, 19.68512]}, "properties": {"id": "cr-osm-node-7013432086", "name": "Pharmacy", "nameTh": null, "nameEn": "Pharmacy", "cat": ["essentials", "medical"], "province": "cr", "slug": "pharmacy-7013432086", "rank": 2}}, {"type": "Feature", "geometry": {"type": "Point", "coordinates": [99.82847, 19.90777]}, "properties": {"id": "cr-osm-way-960934981", "name": "Taweeporn Clinic", "nameTh": "ทวีพร คลินิก", "nameEn": "Taweeporn Clinic", "cat": ["medical"], "province": "cr", "slug": "taweeporn-clinic-960934981", "rank": 4}}, {"type": "Feature", "geometry": {"type": "Point", "coordinates": [99.83376, 19.88675]}, "properties": {"id": "cr-osm-node-8946977331", "name": "Watsons", "nameTh": null, "nameEn": "Watsons", "cat": ["essentials", "medical"], "province": "cr", "slug": "watsons-8946977331", "rank": 1}}, {"type": "Feature", "geometry": {"type": "Point", "coordinates": [100.05862, 20.01119]}, "properties": {"id": "cr-osm-way-1033387176", "name": "Wiang Ciang Rung Hospital", "nameTh": null, "nameEn": "Wiang Ciang Rung Hospital", "cat": ["medical"], "province": "cr", "slug": "wiang-ciang-rung-hospital-1033387176", "rank": 1}}, {"type": "Feature", "geometry": {"type": "Point", "coordinates": [99.80991, 19.88288]}, "properties": {"id": "cr-dgth-fda-3487320233", "name": "กระปุกยา", "nameTh": "กระปุกยา", "nameEn": null, "cat": ["essentials", "medical"], "province": "cr", "slug": "3487320233", "rank": 2}}, {"type": "Feature", "geometry": {"type": "Point", "coordinates": [99.82783, 19.90127]}, "properties": {"id": "cr-dgth-fda-0202384964", "name": "กิ่งก้อยเภสัช", "nameTh": "กิ่งก้อยเภสัช", "nameEn": null, "cat": ["essentials", "medical"], "province": "cr", "slug": "0202384964", "rank": 2}}, {"type": "Feature", "geometry": {"type": "Point", "coordinates": [99.85732, 19.96928]}, "properties": {"id": "cr-dgth-fda-3002239764", "name": "ขัติยะเภสัช", "nameTh": "ขัติยะเภสัช", "nameEn": null, "cat": ["essentials", "medical"], "province": "cr", "slug": "3002239764", "rank": 2}}, {"type": "Feature", "geometry": {"type": "Point", "coordinates": [99.74362, 20.18]}, "properties": {"id": "cr-dgth-fda-3581184128", "name": "คลังยา ฟาร์ม ฮัก", "nameTh": "คลังยา ฟาร์ม ฮัก", "nameEn": null, "cat": ["essentials", "medical"], "province": "cr", "slug": "3581184128", "rank": 2}}, {"type": "Feature", "geometry": {"type": "Point", "coordinates": [99.85732, 19.96928]}, "properties": {"id": "cr-dgth-fda-2428210799", "name": "คลังยา ฟาร์ม ฮัก สาขาบ้านดู่", "nameTh": "คลังยา ฟาร์ม ฮัก สาขาบ้านดู่", "nameEn": null, "cat": ["essentials", "medical"], "province": "cr", "slug": "2428210799", "rank": 2}}, {"type": "Feature", "geometry": {"type": "Point", "coordinates": [99.74362, 20.18]}, "properties": {"id": "cr-dgth-fda-2634287231", "name": "คลังยากอบเพชร", "nameTh": "คลังยากอบเพชร", "nameEn": null, "cat": ["essentials", "medical"], "province": "cr", "slug": "2634287231", "rank": 2}}, {"type": "Feature", "geometry": {"type": "Point", "coordinates": [99.88916, 20.44404]}, "properties": {"id": "cr-dgth-fda-3855181609", "name": "คลังยาชีวกะ", "nameTh": "คลังยาชีวกะ", "nameEn": null, "cat": ["essentials", "medical"], "province": "cr", "slug": "3855181609", "rank": 2}}, {"type": "Feature", "geometry": {"type": "Point", "coordinates": [99.76429, 19.58743]}, "properties": {"id": "cr-dgth-fda-1650931286", "name": "คลังยาบ้านเหล่า", "nameTh": "คลังยาบ้านเหล่า", "nameEn": null, "cat": ["essentials", "medical"], "province": "cr", "slug": "1650931286", "rank": 2}}, {"type": "Feature", "geometry": {"type": "Point", "coordinates": [99.82783, 19.90127]}, "properties": {"id": "cr-dgth-fda-2191632465", "name": "คลังยาศรีเกิด", "nameTh": "คลังยาศรีเกิด", "nameEn": null, "cat": ["essentials", "medical"], "province": "cr", "slug": "2191632465", "rank": 2}}, {"type": "Feature", "geometry": {"type": "Point", "coordinates": [99.88916, 20.44404]}, "properties": {"id": "cr-dgth-fda-2944391396", "name": "คลังยาสันทราย", "nameTh": "คลังยาสันทราย", "nameEn": null, "cat": ["essentials", "medical"], "province": "cr", "slug": "2944391396", "rank": 2}}, {"type": "Feature", "geometry": {"type": "Point", "coordinates": [100.09756, 20.26156]}, "properties": {"id": "cr-dgth-fda-3519900484", "name": "คลังยาเชียงแสน", "nameTh": "คลังยาเชียงแสน", "nameEn": null, "cat": ["essentials", "medical"], "province": "cr", "slug": "3519900484", "rank": 2}}, {"type": "Feature", "geometry": {"type": "Point", "coordinates": [99.82873, 19.90854]}, "properties": {"id": "cr-osm-way-960771417", "name": "คลินิก ฟ.ฟัน", "nameTh": "For Fann Dentist Clinic", "nameEn": null, "cat": ["medical"], "province": "cr", "slug": "960771417", "rank": 1}}, {"type": "Feature", "geometry": {"type": "Point", "coordinates": [99.83201, 19.89799]}, "properties": {"id": "cr-osm-node-9853500573", "name": "คลินิก ยิ้มแฉ่ง เจียงฮาย", "nameTh": "คลินิก ยิ้มแฉ่ง เจียงฮาย", "nameEn": "Yimchang Chiang Rai Clinic", "cat": ["medical"], "province": "cr", "slug": "yimchang-chiang-rai-clinic-9853500573", "rank": 2}}, {"type": "Feature", "geometry": {"type": "Point", "coordinates": [99.832, 19.89867]}, "properties": {"id": "cr-osm-way-1074237712", "name": "คลินิก แฮปปี้แฟมมิลี", "nameTh": "คลินิก แฮปปี้แฟมมิลี", "nameEn": "Happy Family Clinic", "cat": ["medical"], "province": "cr", "slug": "happy-family-clinic-1074237712", "rank": 3}}, {"type": "Feature", "geometry": {"type": "Point", "coordinates": [99.82467, 19.90765]}, "properties": {"id": "cr-osm-way-959733163", "name": "คลินิกผิวหนังแพทย์วิชช", "nameTh": "คลินิกผิวหนังแพทย์วิชช", "nameEn": "Dr. Vich Skin Clinic", "cat": ["medical"], "province": "cr", "slug": "dr-vich-skin-clinic-959733163", "rank": 2}}, {"type": "Feature", "geometry": {"type": "Point", "coordinates": [99.85732, 19.96928]}, "properties": {"id": "cr-dgth-fda-0962849300", "name": "คลินิกยา", "nameTh": "คลินิกยา", "nameEn": null, "cat": ["essentials", "medical"], "province": "cr", "slug": "0962849300", "rank": 2}}, {"type": "Feature", "geometry": {"type": "Point", "coordinates": [99.85608, 20.14904]}, "properties": {"id": "cr-osm-node-2148639719", "name": "คลีนิคทันตกรรมเลิฟลี่สไมล์", "nameTh": "คลีนิคทันตกรรมเลิฟลี่สไมล์", "nameEn": null, "cat": ["medical"], "province": "cr", "slug": "2148639719", "rank": 1}}, {"type": "Feature", "geometry": {"type": "Point", "coordinates": [99.76429, 19.58743]}, "properties": {"id": "cr-dgth-fda-1442896775", "name": "จ.เจริญเภสัช", "nameTh": "จ.เจริญเภสัช", "nameEn": null, "cat": ["essentials", "medical"], "province": "cr", "slug": "1442896775", "rank": 2}}, {"type": "Feature", "geometry": {"type": "Point", "coordinates": [99.80991, 19.88288]}, "properties": {"id": "cr-dgth-fda-0693503845", "name": "จินจิน เภสัช", "nameTh": "จินจิน เภสัช", "nameEn": null, "cat": ["essentials", "medical"], "province": "cr", "slug": "0693503845", "rank": 2}}, {"type": "Feature", "geometry": {"type": "Point", "coordinates": [99.82783, 19.90127]}, "properties": {"id": "cr-dgth-fda-3633426756", "name": "ชนัญญาเภสัช", "nameTh": "ชนัญญาเภสัช", "nameEn": null, "cat": ["essentials", "medical"], "province": "cr", "slug": "3633426756", "rank": 2}}, {"type": "Feature", "geometry": {"type": "Point", "coordinates": [99.74362, 20.18]}, "properties": {"id": "cr-dgth-fda-2964911296", "name": "ชลวีร์เภสัช", "nameTh": "ชลวีร์เภสัช", "nameEn": null, "cat": ["essentials", "medical"], "province": "cr", "slug": "2964911296", "rank": 2}}, {"type": "Feature", "geometry": {"type": "Point", "coordinates": [99.80991, 19.88288]}, "properties": {"id": "cr-dgth-fda-3919176805", "name": "ชีวา ฟาร์ม่า", "nameTh": "ชีวา ฟาร์ม่า", "nameEn": null, "cat": ["essentials", "medical"], "province": "cr", "slug": "3919176805", "rank": 2}}, {"type": "Feature", "geometry": {"type": "Point", "coordinates": [99.76429, 19.58743]}, "properties": {"id": "cr-dgth-fda-0559461100", "name": "ชูชาติเภสัช", "nameTh": "ชูชาติเภสัช", "nameEn": null, "cat": ["essentials", "medical"], "province": "cr", "slug": "0559461100", "rank": 2}}, {"type": "Feature", "geometry": {"type": "Point", "coordinates": [99.88916, 20.44404]}, "properties": {"id": "cr-dgth-fda-1137828186", "name": "ซินตงเซียมโอสถ", "nameTh": "ซินตงเซียมโอสถ", "nameEn": null, "cat": ["essentials", "medical"], "province": "cr", "slug": "1137828186", "rank": 2}}, {"type": "Feature", "geometry": {"type": "Point", "coordinates": [99.85732, 19.96928]}, "properties": {"id": "cr-dgth-fda-3564583903", "name": "ณ ลำปางฟาร์มาซี", "nameTh": "ณ ลำปางฟาร์มาซี", "nameEn": null, "cat": ["essentials", "medical"], "province": "cr", "slug": "3564583903", "rank": 2}}, {"type": "Feature", "geometry": {"type": "Point", "coordinates": [99.80991, 19.88288]}, "properties": {"id": "cr-dgth-fda-0760139860", "name": "ณกุลเภสัช", "nameTh": "ณกุลเภสัช", "nameEn": null, "cat": ["essentials", "medical"], "province": "cr", "slug": "0760139860", "rank": 2}}, {"type": "Feature", "geometry": {"type": "Point", "coordinates": [99.80991, 19.88288]}, "properties": {"id": "cr-dgth-fda-0487937716", "name": "ตงฮั้วโอสถ", "nameTh": "ตงฮั้วโอสถ", "nameEn": null, "cat": ["essentials", "medical"], "province": "cr", "slug": "0487937716", "rank": 2}}, {"type": "Feature", "geometry": {"type": "Point", "coordinates": [99.74362, 20.18]}, "properties": {"id": "cr-dgth-fda-1223281949", "name": "ทรรศนีย์โอสถ", "nameTh": "ทรรศนีย์โอสถ", "nameEn": null, "cat": ["essentials", "medical"], "province": "cr", "slug": "1223281949", "rank": 2}}, {"type": "Feature", "geometry": {"type": "Point", "coordinates": [99.82783, 19.90127]}, "properties": {"id": "cr-dgth-fda-3147140669", "name": "ทวีชัยเภสัช", "nameTh": "ทวีชัยเภสัช", "nameEn": null, "cat": ["essentials", "medical"], "province": "cr", "slug": "3147140669", "rank": 2}}, {"type": "Feature", "geometry": {"type": "Point", "coordinates": [99.83857, 19.90889]}, "properties": {"id": "cr-osm-node-8932619497", "name": "ทันตรักษ์คลินิค", "nameTh": "ทันตรักษ์คลินิค", "nameEn": "Tantarak Dental Clinic", "cat": ["medical"], "province": "cr", "slug": "tantarak-dental-clinic-8932619497", "rank": 2}}, {"type": "Feature", "geometry": {"type": "Point", "coordinates": [99.85618, 20.14895]}, "properties": {"id": "cr-osm-node-2148639724", "name": "ทำฟัน", "nameTh": "ทำฟัน", "nameEn": null, "cat": ["medical"], "province": "cr", "slug": "2148639724", "rank": 3}}, {"type": "Feature", "geometry": {"type": "Point", "coordinates": [99.85581, 20.14748]}, "properties": {"id": "cr-osm-node-2148640832", "name": "ทำฟัน", "nameTh": "ทำฟัน", "nameEn": null, "cat": ["medical"], "province": "cr", "slug": "2148640832", "rank": 1}}, {"type": "Feature", "geometry": {"type": "Point", "coordinates": [99.82805, 19.90845]}, "properties": {"id": "cr-osm-way-960771425", "name": "ทำฟัน", "nameTh": "ทำฟัน", "nameEn": "Tum Fann Dr.Sompong Dr.Somphorn", "cat": ["medical"], "province": "cr", "slug": "tum-fann-dr-sompong-dr-somphorn-960771425", "rank": 2}}, {"type": "Feature", "geometry": {"type": "Point", "coordinates": [99.85732, 19.96928]}, "properties": {"id": "cr-dgth-fda-0137951263", "name": "ธรรมชาติเภสัช", "nameTh": "ธรรมชาติเภสัช", "nameEn": null, "cat": ["essentials", "medical"], "province": "cr", "slug": "0137951263", "rank": 2}}, {"type": "Feature", "geometry": {"type": "Point", "coordinates": [99.7072, 19.8006]}, "properties": {"id": "cr-dgth-fda-3855537435", "name": "ธารทองเภสัช", "nameTh": "ธารทองเภสัช", "nameEn": null, "cat": ["essentials", "medical"], "province": "cr", "slug": "3855537435", "rank": 2}}, {"type": "Feature", "geometry": {"type": "Point", "coordinates": [99.80991, 19.88288]}, "properties": {"id": "cr-dgth-fda-0463439958", "name": "ธิติญาเภสัช", "nameTh": "ธิติญาเภสัช", "nameEn": null, "cat": ["essentials", "medical"], "province": "cr", "slug": "0463439958", "rank": 2}}, {"type": "Feature", "geometry": {"type": "Point", "coordinates": [99.74084, 19.55034]}, "properties": {"id": "cr-osm-node-3840319435", "name": "ธีรเวช", "nameTh": "ธีรเวช", "nameEn": null, "cat": ["essentials", "medical"], "province": "cr", "slug": "3840319435", "rank": 1}}, {"type": "Feature", "geometry": {"type": "Point", "coordinates": [99.50432, 19.20352]}, "properties": {"id": "cr-dgth-fda-3875250432", "name": "นกนท์โอสถ แม่ขะจาน", "nameTh": "นกนท์โอสถ แม่ขะจาน", "nameEn": null, "cat": ["essentials", "medical"], "province": "cr", "slug": "3875250432", "rank": 2}}, {"type": "Feature", "geometry": {"type": "Point", "coordinates": [100.19503, 19.68562]}, "properties": {"id": "cr-dgth-fda-1464416879", "name": "นครเทิงเภสัช", "nameTh": "นครเทิงเภสัช", "nameEn": null, "cat": ["essentials", "medical"], "province": "cr", "slug": "1464416879", "rank": 2}}, {"type": "Feature", "geometry": {"type": "Point", "coordinates": [100.40969, 20.23271]}, "properties": {"id": "cr-dgth-fda-2676353561", "name": "นครเทิงเภสัช สาขาเชียงของ", "nameTh": "นครเทิงเภสัช สาขาเชียงของ", "nameEn": null, "cat": ["essentials", "medical"], "province": "cr", "slug": "2676353561", "rank": 2}}, {"type": "Feature", "geometry": {"type": "Point", "coordinates": [99.74362, 20.18]}, "properties": {"id": "cr-dgth-fda-2365683598", "name": "นครเทิงเภสัช สาขาแม่จัน", "nameTh": "นครเทิงเภสัช สาขาแม่จัน", "nameEn": null, "cat": ["essentials", "medical"], "province": "cr", "slug": "2365683598", "rank": 2}}, {"type": "Feature", "geometry": {"type": "Point", "coordinates": [99.82783, 19.90127]}, "properties": {"id": "cr-dgth-fda-2609990855", "name": "นับยาฟาร์มาซี", "nameTh": "นับยาฟาร์มาซี", "nameEn": null, "cat": ["essentials", "medical"], "province": "cr", "slug": "2609990855", "rank": 2}}, {"type": "Feature", "geometry": {"type": "Point", "coordinates": [99.84024, 19.93774]}, "properties": {"id": "cr-dgth-fda-2371511327", "name": "บงกชเภสัช", "nameTh": "บงกชเภสัช", "nameEn": null, "cat": ["essentials", "medical"], "province": "cr", "slug": "2371511327", "rank": 2}}, {"type": "Feature", "geometry": {"type": "Point", "coordinates": [99.88916, 20.44404]}, "properties": {"id": "cr-dgth-fda-2806700252", "name": "บริษัท นานายาฟาร์มาซี จำกัด (สำนักงานใหญ่)", "nameTh": "บริษัท นานายาฟาร์มาซี จำกัด (สำนักงานใหญ่)", "nameEn": null, "cat": ["essentials", "medical"], "province": "cr", "slug": "2806700252", "rank": 2}}, {"type": "Feature", "geometry": {"type": "Point", "coordinates": [99.88916, 20.44404]}, "properties": {"id": "cr-dgth-fda-1895268200", "name": "บริษัท เจ ที แอล อินเตอร์เทรด จำกัด", "nameTh": "บริษัท เจ ที แอล อินเตอร์เทรด จำกัด", "nameEn": null, "cat": ["essentials", "medical"], "province": "cr", "slug": "1895268200", "rank": 2}}, {"type": "Feature", "geometry": {"type": "Point", "coordinates": [99.82783, 19.90127]}, "properties": {"id": "cr-dgth-fda-0988740854", "name": "บริษัท เชียงราย โมเดิร์น ดรัก จำกัด", "nameTh": "บริษัท เชียงราย โมเดิร์น ดรัก จำกัด", "nameEn": null, "cat": ["essentials", "medical"], "province": "cr", "slug": "0988740854", "rank": 2}}, {"type": "Feature", "geometry": {"type": "Point", "coordinates": [99.82783, 19.90127]}, "properties": {"id": "cr-dgth-fda-1532318301", "name": "บริษัท เพื่อนกัน ฟาร์มาซี จำกัด", "nameTh": "บริษัท เพื่อนกัน ฟาร์มาซี จำกัด", "nameEn": null, "cat": ["essentials", "medical"], "province": "cr", "slug": "1532318301", "rank": 2}}, {"type": "Feature", "geometry": {"type": "Point", "coordinates": [99.82783, 19.90127]}, "properties": {"id": "cr-dgth-fda-2539588845", "name": "บริษัท เอ็น.บี.ฟาร์ม่า จำกัด (สาขาที่ 00001)", "nameTh": "บริษัท เอ็น.บี.ฟาร์ม่า จำกัด (สาขาที่ 00001)", "nameEn": null, "cat": ["essentials", "medical"], "province": "cr", "slug": "00001-2539588845", "rank": 2}}, {"type": "Feature", "geometry": {"type": "Point", "coordinates": [99.82783, 19.90127]}, "properties": {"id": "cr-dgth-fda-1649529550", "name": "บริษัท แอมเวย์ (ประเทศไทย) จำกัด สาขาเชียงราย", "nameTh": "บริษัท แอมเวย์ (ประเทศไทย) จำกัด สาขาเชียงราย", "nameEn": null, "cat": ["essentials", "medical"], "province": "cr", "slug": "1649529550", "rank": 2}}, {"type": "Feature", "geometry": {"type": "Point", "coordinates": [99.80991, 19.88288]}, "properties": {"id": "cr-dgth-fda-0273643558", "name": "บีบี ฟาร์มาซี", "nameTh": "บีบี ฟาร์มาซี", "nameEn": null, "cat": ["essentials", "medical"], "province": "cr", "slug": "0273643558", "rank": 2}}, {"type": "Feature", "geometry": {"type": "Point", "coordinates": [99.82783, 19.90127]}, "properties": {"id": "cr-dgth-fda-0928582806", "name": "บู๊ทส์ สาขาเชียงราย", "nameTh": "บู๊ทส์ สาขาเชียงราย", "nameEn": null, "cat": ["essentials", "medical"], "province": "cr", "slug": "0928582806", "rank": 2}}, {"type": "Feature", "geometry": {"type": "Point", "coordinates": [99.80991, 19.88288]}, "properties": {"id": "cr-dgth-fda-4209871165", "name": "บู๊ทส์ เซ็นทรัลเชียงราย", "nameTh": "บู๊ทส์ เซ็นทรัลเชียงราย", "nameEn": null, "cat": ["essentials", "medical"], "province": "cr", "slug": "4209871165", "rank": 2}}, {"type": "Feature", "geometry": {"type": "Point", "coordinates": [99.82783, 19.90127]}, "properties": {"id": "cr-dgth-fda-4266729865", "name": "บ้านยา", "nameTh": "บ้านยา", "nameEn": null, "cat": ["essentials", "medical"], "province": "cr", "slug": "4266729865", "rank": 2}}, {"type": "Feature", "geometry": {"type": "Point", "coordinates": [99.74362, 20.18]}, "properties": {"id": "cr-dgth-fda-3428309392", "name": "บ้านยา ณ ทอง", "nameTh": "บ้านยา ณ ทอง", "nameEn": null, "cat": ["essentials", "medical"], "province": "cr", "slug": "3428309392", "rank": 2}}, {"type": "Feature", "geometry": {"type": "Point", "coordinates": [99.84024, 19.93774]}, "properties": {"id": "cr-dgth-fda-3277337348", "name": "บ้านยานรเศรษฐ์", "nameTh": "บ้านยานรเศรษฐ์", "nameEn": null, "cat": ["essentials", "medical"], "province": "cr", "slug": "3277337348", "rank": 2}}, {"type": "Feature", "geometry": {"type": "Point", "coordinates": [99.7072, 19.8006]}, "properties": {"id": "cr-dgth-fda-3654084252", "name": "บ้านยาป่าก่อดำ", "nameTh": "บ้านยาป่าก่อดำ", "nameEn": null, "cat": ["essentials", "medical"], "province": "cr", "slug": "3654084252", "rank": 2}}, {"type": "Feature", "geometry": {"type": "Point", "coordinates": [99.88135, 20.4231]}, "properties": {"id": "cr-dgth-fda-0488338671", "name": "บ้านยาผาแตก", "nameTh": "บ้านยาผาแตก", "nameEn": null, "cat": ["essentials", "medical"], "province": "cr", "slug": "0488338671", "rank": 2}}, {"type": "Feature", "geometry": {"type": "Point", "coordinates": [99.85732, 19.96928]}, "properties": {"id": "cr-dgth-fda-0326910966", "name": "บ้านยาฟาร์มาซี", "nameTh": "บ้านยาฟาร์มาซี", "nameEn": null, "cat": ["essentials", "medical"], "province": "cr", "slug": "0326910966", "rank": 2}}, {"type": "Feature", "geometry": {"type": "Point", "coordinates": [99.82783, 19.90127]}, "properties": {"id": "cr-dgth-fda-2976834855", "name": "บ้านยารักษ์คุณ", "nameTh": "บ้านยารักษ์คุณ", "nameEn": null, "cat": ["essentials", "medical"], "province": "cr", "slug": "2976834855", "rank": 2}}, {"type": "Feature", "geometry": {"type": "Point", "coordinates": [99.80991, 19.88288]}, "properties": {"id": "cr-dgth-fda-2891549650", "name": "บ้านยาศรีทรายมูล", "nameTh": "บ้านยาศรีทรายมูล", "nameEn": null, "cat": ["essentials", "medical"], "province": "cr", "slug": "2891549650", "rank": 2}}, {"type": "Feature", "geometry": {"type": "Point", "coordinates": [99.88239, 20.42425]}, "properties": {"id": "cr-dgth-fda-2560583088", "name": "บ้านยาสันถนน", "nameTh": "บ้านยาสันถนน", "nameEn": null, "cat": ["essentials", "medical"], "province": "cr", "slug": "2560583088", "rank": 2}}, {"type": "Feature", "geometry": {"type": "Point", "coordinates": [99.80991, 19.88288]}, "properties": {"id": "cr-dgth-fda-0353523695", "name": "บ้านยาสามใบเถา", "nameTh": "บ้านยาสามใบเถา", "nameEn": null, "cat": ["essentials", "medical"], "province": "cr", "slug": "0353523695", "rank": 2}}, {"type": "Feature", "geometry": {"type": "Point", "coordinates": [100.09756, 20.26156]}, "properties": {"id": "cr-dgth-fda-0010311629", "name": "บ้านยาสุตะวงค์", "nameTh": "บ้านยาสุตะวงค์", "nameEn": null, "cat": ["essentials", "medical"], "province": "cr", "slug": "0010311629", "rank": 2}}, {"type": "Feature", "geometry": {"type": "Point", "coordinates": [99.80991, 19.88288]}, "properties": {"id": "cr-dgth-fda-2301998788", "name": "บ้านยาหัวฝาย", "nameTh": "บ้านยาหัวฝาย", "nameEn": null, "cat": ["essentials", "medical"], "province": "cr", "slug": "2301998788", "rank": 2}}, {"type": "Feature", "geometry": {"type": "Point", "coordinates": [99.7072, 19.8006]}, "properties": {"id": "cr-dgth-fda-0037916175", "name": "บ้านยาอุ้มรัก", "nameTh": "บ้านยาอุ้มรัก", "nameEn": null, "cat": ["essentials", "medical"], "province": "cr", "slug": "0037916175", "rank": 2}}, {"type": "Feature", "geometry": {"type": "Point", "coordinates": [99.82783, 19.90127]}, "properties": {"id": "cr-dgth-fda-0467195514", "name": "บ้านยาเกษมราษฎร์", "nameTh": "บ้านยาเกษมราษฎร์", "nameEn": null, "cat": ["essentials", "medical"], "province": "cr", "slug": "0467195514", "rank": 2}}, {"type": "Feature", "geometry": {"type": "Point", "coordinates": [99.88916, 20.44404]}, "properties": {"id": "cr-dgth-fda-0345788464", "name": "บ้านยาเปี่ยมสุข", "nameTh": "บ้านยาเปี่ยมสุข", "nameEn": null, "cat": ["essentials", "medical"], "province": "cr", "slug": "0345788464", "rank": 2}}, {"type": "Feature", "geometry": {"type": "Point", "coordinates": [99.76429, 19.58743]}, "properties": {"id": "cr-dgth-fda-3701436612", "name": "บ้านยาแม่อ้อ", "nameTh": "บ้านยาแม่อ้อ", "nameEn": null, "cat": ["essentials", "medical"], "province": "cr", "slug": "3701436612", "rank": 2}}, {"type": "Feature", "geometry": {"type": "Point", "coordinates": [99.88916, 20.44404]}, "properties": {"id": "cr-dgth-fda-3656961602", "name": "บ้านยาใจรักเภสัช", "nameTh": "บ้านยาใจรักเภสัช", "nameEn": null, "cat": ["essentials", "medical"], "province": "cr", "slug": "3656961602", "rank": 2}}, {"type": "Feature", "geometry": {"type": "Point", "coordinates": [99.49297, 19.57909]}, "properties": {"id": "cr-dgth-fda-3182431770", "name": "บ้านรวมยา", "nameTh": "บ้านรวมยา", "nameEn": null, "cat": ["essentials", "medical"], "province": "cr", "slug": "3182431770", "rank": 2}}, {"type": "Feature", "geometry": {"type": "Point", "coordinates": [99.80991, 19.88288]}, "properties": {"id": "cr-dgth-fda-1038784949", "name": "บ้านรักษ์ยา", "nameTh": "บ้านรักษ์ยา", "nameEn": null, "cat": ["essentials", "medical"], "province": "cr", "slug": "1038784949", "rank": 2}}, {"type": "Feature", "geometry": {"type": "Point", "coordinates": [99.853, 20.14441]}, "properties": {"id": "cr-osm-node-2148571292", "name": "บ้านสมุนไพรกัลญา", "nameTh": "บ้านสมุนไพรกัลญา", "nameEn": null, "cat": ["essentials", "medical"], "province": "cr", "slug": "2148571292", "rank": 2}}, {"type": "Feature", "geometry": {"type": "Point", "coordinates": [99.80991, 19.88288]}, "properties": {"id": "cr-dgth-fda-2728230080", "name": "บ้านหมอสันโค้ง", "nameTh": "บ้านหมอสันโค้ง", "nameEn": null, "cat": ["essentials", "medical"], "province": "cr", "slug": "2728230080", "rank": 2}}, {"type": "Feature", "geometry": {"type": "Point", "coordinates": [99.76429, 19.58743]}, "properties": {"id": "cr-dgth-fda-2846808809", "name": "ป.คลังยา", "nameTh": "ป.คลังยา", "nameEn": null, "cat": ["essentials", "medical"], "province": "cr", "slug": "2846808809", "rank": 2}}, {"type": "Feature", "geometry": {"type": "Point", "coordinates": [99.82866, 19.90825]}, "properties": {"id": "cr-osm-way-960771520", "name": "ประจักรทันตแพทย์", "nameTh": "ประจักรทันตแพทย์", "nameEn": "Pra Jak Dentist", "cat": ["medical"], "province": "cr", "slug": "pra-jak-dentist-960771520", "rank": 2}}, {"type": "Feature", "geometry": {"type": "Point", "coordinates": [99.83405, 19.90419]}, "properties": {"id": "cr-osm-way-968332804", "name": "ประสบสุขสมุนไพร", "nameTh": "ประสบสุขสมุนไพร", "nameEn": "Prasopsuk Herbal", "cat": ["medical"], "province": "cr", "slug": "prasopsuk-herbal-968332804", "rank": 2}}, {"type": "Feature", "geometry": {"type": "Point", "coordinates": [99.85732, 19.96928]}, "properties": {"id": "cr-dgth-fda-0540329453", "name": "ปรารถนาดีเภสัช", "nameTh": "ปรารถนาดีเภสัช", "nameEn": null, "cat": ["essentials", "medical"], "province": "cr", "slug": "0540329453", "rank": 2}}, {"type": "Feature", "geometry": {"type": "Point", "coordinates": [100.40969, 20.23271]}, "properties": {"id": "cr-dgth-fda-0328994852", "name": "ปรีชาเภสัช", "nameTh": "ปรีชาเภสัช", "nameEn": null, "cat": ["essentials", "medical"], "province": "cr", "slug": "0328994852", "rank": 2}}, {"type": "Feature", "geometry": {"type": "Point", "coordinates": [99.82937, 19.90865]}, "properties": {"id": "cr-osm-way-959652665", "name": "ปันยาเภสัช", "nameTh": "ปันยาเภสัช", "nameEn": "Panya", "cat": ["essentials", "medical"], "province": "cr", "slug": "panya-959652665", "rank": 2}}, {"type": "Feature", "geometry": {"type": "Point", "coordinates": [99.88916, 20.44404]}, "properties": {"id": "cr-dgth-fda-2967296397", "name": "ปั๊มยา ฟาร์มา", "nameTh": "ปั๊มยา ฟาร์มา", "nameEn": null, "cat": ["essentials", "medical"], "province": "cr", "slug": "2967296397", "rank": 2}}, {"type": "Feature", "geometry": {"type": "Point", "coordinates": [99.80991, 19.88288]}, "properties": {"id": "cr-dgth-fda-2255430497", "name": "ปิยะบุญเภสัช", "nameTh": "ปิยะบุญเภสัช", "nameEn": null, "cat": ["essentials", "medical"], "province": "cr", "slug": "2255430497", "rank": 2}}, {"type": "Feature", "geometry": {"type": "Point", "coordinates": [99.50432, 19.20352]}, "properties": {"id": "cr-dgth-fda-3883599641", "name": "ปิ่นมณีเภสัช", "nameTh": "ปิ่นมณีเภสัช", "nameEn": null, "cat": ["essentials", "medical"], "province": "cr", "slug": "3883599641", "rank": 2}}, {"type": "Feature", "geometry": {"type": "Point", "coordinates": [99.80991, 19.88288]}, "properties": {"id": "cr-dgth-fda-3837951818", "name": "พ. เภสัช", "nameTh": "พ. เภสัช", "nameEn": null, "cat": ["essentials", "medical"], "province": "cr", "slug": "3837951818", "rank": 2}}, {"type": "Feature", "geometry": {"type": "Point", "coordinates": [99.88239, 20.42425]}, "properties": {"id": "cr-dgth-fda-0635871710", "name": "พญานาคเภสัช", "nameTh": "พญานาคเภสัช", "nameEn": null, "cat": ["essentials", "medical"], "province": "cr", "slug": "0635871710", "rank": 2}}, {"type": "Feature", "geometry": {"type": "Point", "coordinates": [99.88327, 20.44132]}, "properties": {"id": "cr-osm-node-13444489401", "name": "พรประภาเภสัช", "nameTh": "พรประภาเภสัช", "nameEn": "Pamphar Pharmacy", "cat": ["essentials", "medical"], "province": "cr", "slug": "pamphar-pharmacy-13444489401", "rank": 4}}, {"type": "Feature", "geometry": {"type": "Point", "coordinates": [99.76429, 19.58743]}, "properties": {"id": "cr-dgth-fda-0153387983", "name": "พัทธนาฟาร์มาซี", "nameTh": "พัทธนาฟาร์มาซี", "nameEn": null, "cat": ["essentials", "medical"], "province": "cr", "slug": "0153387983", "rank": 2}}, {"type": "Feature", "geometry": {"type": "Point", "coordinates": [99.76429, 19.58743]}, "properties": {"id": "cr-dgth-fda-0798594115", "name": "พานพบเภสัช", "nameTh": "พานพบเภสัช", "nameEn": null, "cat": ["essentials", "medical"], "province": "cr", "slug": "0798594115", "rank": 2}}, {"type": "Feature", "geometry": {"type": "Point", "coordinates": [99.76429, 19.58743]}, "properties": {"id": "cr-dgth-fda-0588221126", "name": "พานเภสัชกิจ", "nameTh": "พานเภสัชกิจ", "nameEn": null, "cat": ["essentials", "medical"], "province": "cr", "slug": "0588221126", "rank": 2}}, {"type": "Feature", "geometry": {"type": "Point", "coordinates": [99.80991, 19.88288]}, "properties": {"id": "cr-dgth-fda-3697627440", "name": "พิสิษฐ์เภสัช", "nameTh": "พิสิษฐ์เภสัช", "nameEn": null, "cat": ["essentials", "medical"], "province": "cr", "slug": "3697627440", "rank": 2}}, {"type": "Feature", "geometry": {"type": "Point", "coordinates": [99.50557, 19.36481]}, "properties": {"id": "cr-dgth-fda-2312866249", "name": "พีรญาเภสัช", "nameTh": "พีรญาเภสัช", "nameEn": null, "cat": ["essentials", "medical"], "province": "cr", "slug": "2312866249", "rank": 2}}, {"type": "Feature", "geometry": {"type": "Point", "coordinates": [99.80991, 19.88288]}, "properties": {"id": "cr-dgth-fda-2001631974", "name": "พีแอนด์เอฟ เซ็นทรัล เชียงราย", "nameTh": "พีแอนด์เอฟ เซ็นทรัล เชียงราย", "nameEn": null, "cat": ["essentials", "medical"], "province": "cr", "slug": "2001631974", "rank": 2}}, {"type": "Feature", "geometry": {"type": "Point", "coordinates": [99.82783, 19.90127]}, "properties": {"id": "cr-dgth-fda-2882647664", "name": "ฟาร์มา แคร์", "nameTh": "ฟาร์มา แคร์", "nameEn": null, "cat": ["essentials", "medical"], "province": "cr", "slug": "2882647664", "rank": 2}}, {"type": "Feature", "geometry": {"type": "Point", "coordinates": [99.85732, 19.96928]}, "properties": {"id": "cr-dgth-fda-2625991077", "name": "ฟาร์มาเซียร์", "nameTh": "ฟาร์มาเซียร์", "nameEn": null, "cat": ["essentials", "medical"], "province": "cr", "slug": "2625991077", "rank": 2}}, {"type": "Feature", "geometry": {"type": "Point", "coordinates": [99.85732, 19.96928]}, "properties": {"id": "cr-dgth-fda-2831620020", "name": "ฟาร์ม่าคอเนอร์ (pharma corner)", "nameTh": "ฟาร์ม่าคอเนอร์ (pharma corner)", "nameEn": null, "cat": ["essentials", "medical"], "province": "cr", "slug": "pharma-corner-2831620020", "rank": 2}}, {"type": "Feature", "geometry": {"type": "Point", "coordinates": [99.80991, 19.88288]}, "properties": {"id": "cr-dgth-fda-1190398921", "name": "ฟาสซิโน สาขาศูนย์ยาเชียงราย", "nameTh": "ฟาสซิโน สาขาศูนย์ยาเชียงราย", "nameEn": null, "cat": ["essentials", "medical"], "province": "cr", "slug": "1190398921", "rank": 2}}, {"type": "Feature", "geometry": {"type": "Point", "coordinates": [99.88916, 20.44404]}, "properties": {"id": "cr-dgth-fda-1628900635", "name": "ฟาสซิโน สาขาแม่สาย", "nameTh": "ฟาสซิโน สาขาแม่สาย", "nameEn": null, "cat": ["essentials", "medical"], "province": "cr", "slug": "1628900635", "rank": 2}}, {"type": "Feature", "geometry": {"type": "Point", "coordinates": [99.82783, 19.90127]}, "properties": {"id": "cr-dgth-fda-3417871420", "name": "ภาพันธ์ ฟาร์มาซี", "nameTh": "ภาพันธ์ ฟาร์มาซี", "nameEn": null, "cat": ["essentials", "medical"], "province": "cr", "slug": "3417871420", "rank": 2}}, {"type": "Feature", "geometry": {"type": "Point", "coordinates": [99.85732, 19.96928]}, "properties": {"id": "cr-dgth-fda-1514653099", "name": "ม.เภสัช", "nameTh": "ม.เภสัช", "nameEn": null, "cat": ["essentials", "medical"], "province": "cr", "slug": "1514653099", "rank": 2}}, {"type": "Feature", "geometry": {"type": "Point", "coordinates": [99.50557, 19.36481]}, "properties": {"id": "cr-dgth-fda-1160818046", "name": "มาลัยพร เภสัช", "nameTh": "มาลัยพร เภสัช", "nameEn": null, "cat": ["essentials", "medical"], "province": "cr", "slug": "1160818046", "rank": 2}}, {"type": "Feature", "geometry": {"type": "Point", "coordinates": [99.81265, 19.90008]}, "properties": {"id": "cr-osm-node-4525328034", "name": "มีทองเภสัช", "nameTh": "มีทองเภสัช", "nameEn": "Mi Thong Pharmacy", "cat": ["essentials", "medical"], "province": "cr", "slug": "mi-thong-pharmacy-4525328034", "rank": 2}}, {"type": "Feature", "geometry": {"type": "Point", "coordinates": [99.84024, 19.93774]}, "properties": {"id": "cr-dgth-fda-1951126258", "name": "มียาฟาร์มาซี", "nameTh": "มียาฟาร์มาซี", "nameEn": null, "cat": ["essentials", "medical"], "province": "cr", "slug": "1951126258", "rank": 2}}, {"type": "Feature", "geometry": {"type": "Point", "coordinates": [99.82783, 19.90127]}, "properties": {"id": "cr-dgth-fda-0842981552", "name": "มุมยาเอลิณ", "nameTh": "มุมยาเอลิณ", "nameEn": null, "cat": ["essentials", "medical"], "province": "cr", "slug": "0842981552", "rank": 2}}, {"type": "Feature", "geometry": {"type": "Point", "coordinates": [99.80991, 19.88288]}, "properties": {"id": "cr-curated-mplus-chiangrai", "name": "มูลนิธิเอ็มพลัส เชียงราย", "nameTh": "มูลนิธิเอ็มพลัส เชียงราย", "nameEn": "M Plus Foundation Chiang Rai", "cat": ["medical"], "province": "cr", "slug": "m-plus-foundation-chiang-rai-crcuratedmpluschiangrai", "rank": 6}}, {"type": "Feature", "geometry": {"type": "Point", "coordinates": [99.82783, 19.90127]}, "properties": {"id": "cr-dgth-fda-2825359984", "name": "ยารินดา", "nameTh": "ยารินดา", "nameEn": null, "cat": ["essentials", "medical"], "province": "cr", "slug": "2825359984", "rank": 2}}, {"type": "Feature", "geometry": {"type": "Point", "coordinates": [99.74362, 20.18]}, "properties": {"id": "cr-dgth-fda-0966310842", "name": "รวมยา", "nameTh": "รวมยา", "nameEn": null, "cat": ["essentials", "medical"], "province": "cr", "slug": "0966310842", "rank": 2}}, {"type": "Feature", "geometry": {"type": "Point", "coordinates": [99.76429, 19.58743]}, "properties": {"id": "cr-dgth-fda-1566469430", "name": "รวมยาพาน", "nameTh": "รวมยาพาน", "nameEn": null, "cat": ["essentials", "medical"], "province": "cr", "slug": "1566469430", "rank": 2}}, {"type": "Feature", "geometry": {"type": "Point", "coordinates": [99.85628, 20.14879]}, "properties": {"id": "cr-osm-node-2148640827", "name": "ระเบียงยา", "nameTh": "ระเบียงยา", "nameEn": null, "cat": ["essentials", "medical"], "province": "cr", "slug": "2148640827", "rank": 1}}, {"type": "Feature", "geometry": {"type": "Point", "coordinates": [99.74362, 20.18]}, "properties": {"id": "cr-dgth-fda-0929786444", "name": "ระเบียงยา บาย รัชชา", "nameTh": "ระเบียงยา บาย รัชชา", "nameEn": null, "cat": ["essentials", "medical"], "province": "cr", "slug": "0929786444", "rank": 2}}, {"type": "Feature", "geometry": {"type": "Point", "coordinates": [99.84024, 19.93774]}, "properties": {"id": "cr-dgth-fda-2890890659", "name": "รักษ์ยาเภสัช", "nameTh": "รักษ์ยาเภสัช", "nameEn": null, "cat": ["essentials", "medical"], "province": "cr", "slug": "2890890659", "rank": 2}}, {"type": "Feature", "geometry": {"type": "Point", "coordinates": [99.88916, 20.44404]}, "properties": {"id": "cr-dgth-fda-3808967091", "name": "ราฮิมฟาร์มาซี", "nameTh": "ราฮิมฟาร์มาซี", "nameEn": null, "cat": ["essentials", "medical"], "province": "cr", "slug": "3808967091", "rank": 2}}, {"type": "Feature", "geometry": {"type": "Point", "coordinates": [99.80991, 19.88288]}, "properties": {"id": "cr-dgth-fda-2643931358", "name": "รินดาเภสัช", "nameTh": "รินดาเภสัช", "nameEn": null, "cat": ["essentials", "medical"], "province": "cr", "slug": "2643931358", "rank": 2}}, {"type": "Feature", "geometry": {"type": "Point", "coordinates": [99.80991, 19.88288]}, "properties": {"id": "cr-dgth-fda-1192907749", "name": "ร้าน หมอยาเชียงราย สาขา กองช้าง", "nameTh": "ร้าน หมอยาเชียงราย สาขา กองช้าง", "nameEn": null, "cat": ["essentials", "medical"], "province": "cr", "slug": "1192907749", "rank": 2}}, {"type": "Feature", "geometry": {"type": "Point", "coordinates": [99.82783, 19.90127]}, "properties": {"id": "cr-dgth-fda-2356920595", "name": "ร้าน หมอยาเชียงราย สาขา กาดหลวงเชียงราย", "nameTh": "ร้าน หมอยาเชียงราย สาขา กาดหลวงเชียงราย", "nameEn": null, "cat": ["essentials", "medical"], "province": "cr", "slug": "2356920595", "rank": 2}}, {"type": "Feature", "geometry": {"type": "Point", "coordinates": [100.40969, 20.23271]}, "properties": {"id": "cr-dgth-fda-0350704529", "name": "ร้านขายยา ซิตรัสฟาร์มาซี สาขาเชียงของ", "nameTh": "ร้านขายยา ซิตรัสฟาร์มาซี สาขาเชียงของ", "nameEn": null, "cat": ["essentials", "medical"], "province": "cr", "slug": "0350704529", "rank": 2}}, {"type": "Feature", "geometry": {"type": "Point", "coordinates": [99.88281, 20.32387]}, "properties": {"id": "cr-osm-node-5260253643", "name": "ร้านขายยา พญานาคเภสัช", "nameTh": "ร้านขายยา พญานาคเภสัช", "nameEn": null, "cat": ["essentials", "medical"], "province": "cr", "slug": "5260253643", "rank": 2}}, {"type": "Feature", "geometry": {"type": "Point", "coordinates": [99.80991, 19.88288]}, "properties": {"id": "cr-dgth-fda-1125523121", "name": "ร้านขายยา ฟาร์มาแคร์พลัส (สาขา 5) ชั้น G", "nameTh": "ร้านขายยา ฟาร์มาแคร์พลัส (สาขา 5) ชั้น G", "nameEn": null, "cat": ["essentials", "medical"], "province": "cr", "slug": "5-g-1125523121", "rank": 2}}, {"type": "Feature", "geometry": {"type": "Point", "coordinates": [100.40969, 20.23271]}, "properties": {"id": "cr-dgth-fda-4244111519", "name": "ร้านขายยา โลตัส สาขาเชียงของ", "nameTh": "ร้านขายยา โลตัส สาขาเชียงของ", "nameEn": null, "cat": ["essentials", "medical"], "province": "cr", "slug": "4244111519", "rank": 2}}, {"type": "Feature", "geometry": {"type": "Point", "coordinates": [99.88135, 20.4231]}, "properties": {"id": "cr-dgth-fda-2023220274", "name": "ร้านขายยา โลตัส สาขาแม่สาย", "nameTh": "ร้านขายยา โลตัส สาขาแม่สาย", "nameEn": null, "cat": ["essentials", "medical"], "province": "cr", "slug": "2023220274", "rank": 2}}, {"type": "Feature", "geometry": {"type": "Point", "coordinates": [99.80991, 19.88288]}, "properties": {"id": "cr-dgth-fda-2450006165", "name": "ร้านขายยาเด่นห้า", "nameTh": "ร้านขายยาเด่นห้า", "nameEn": null, "cat": ["essentials", "medical"], "province": "cr", "slug": "2450006165", "rank": 2}}, {"type": "Feature", "geometry": {"type": "Point", "coordinates": [99.80991, 19.88288]}, "properties": {"id": "cr-dgth-fda-2062822620", "name": "ร้านขายยาเพรียว (Pure) สาขาเชียงราย", "nameTh": "ร้านขายยาเพรียว (Pure) สาขาเชียงราย", "nameEn": null, "cat": ["essentials", "medical"], "province": "cr", "slug": "pure-2062822620", "rank": 2}}, {"type": "Feature", "geometry": {"type": "Point", "coordinates": [99.85732, 19.96928]}, "properties": {"id": "cr-dgth-fda-1930925955", "name": "ร้านขายยาเพรียว (Pure) สาขาเชียงราย 2", "nameTh": "ร้านขายยาเพรียว (Pure) สาขาเชียงราย 2", "nameEn": null, "cat": ["essentials", "medical"], "province": "cr", "slug": "pure-2-1930925955", "rank": 2}}, {"type": "Feature", "geometry": {"type": "Point", "coordinates": [99.74362, 20.18]}, "properties": {"id": "cr-dgth-fda-1264320158", "name": "ร้านขายยาโลตัส สาขาแม่จัน", "nameTh": "ร้านขายยาโลตัส สาขาแม่จัน", "nameEn": null, "cat": ["essentials", "medical"], "province": "cr", "slug": "1264320158", "rank": 2}}, {"type": "Feature", "geometry": {"type": "Point", "coordinates": [99.7072, 19.8006]}, "properties": {"id": "cr-dgth-fda-0516378702", "name": "ร้านคัทลิยา", "nameTh": "ร้านคัทลิยา", "nameEn": null, "cat": ["essentials", "medical"], "province": "cr", "slug": "0516378702", "rank": 2}}, {"type": "Feature", "geometry": {"type": "Point", "coordinates": [99.88135, 20.4231]}, "properties": {"id": "cr-dgth-fda-3698943615", "name": "ร้านต้นแตงเภสัชกร", "nameTh": "ร้านต้นแตงเภสัชกร", "nameEn": null, "cat": ["essentials", "medical"], "province": "cr", "slug": "3698943615", "rank": 2}}, {"type": "Feature", "geometry": {"type": "Point", "coordinates": [99.82783, 19.90127]}, "properties": {"id": "cr-dgth-fda-4049242780", "name": "ร้านบ้านยาเภสัชกร", "nameTh": "ร้านบ้านยาเภสัชกร", "nameEn": null, "cat": ["essentials", "medical"], "province": "cr", "slug": "4049242780", "rank": 2}}, {"type": "Feature", "geometry": {"type": "Point", "coordinates": [99.80991, 19.88288]}, "properties": {"id": "cr-dgth-fda-1427905688", "name": "ร้านยา FN PHARMACY", "nameTh": "ร้านยา FN PHARMACY", "nameEn": null, "cat": ["essentials", "medical"], "province": "cr", "slug": "fn-pharmacy-1427905688", "rank": 2}}, {"type": "Feature", "geometry": {"type": "Point", "coordinates": [99.80991, 19.88288]}, "properties": {"id": "cr-dgth-fda-0682127211", "name": "ร้านยา ที แอนด์ เจ", "nameTh": "ร้านยา ที แอนด์ เจ", "nameEn": null, "cat": ["essentials", "medical"], "province": "cr", "slug": "0682127211", "rank": 2}}, {"type": "Feature", "geometry": {"type": "Point", "coordinates": [99.84024, 19.93774]}, "properties": {"id": "cr-dgth-fda-1361996586", "name": "ร้านยา พูนสุข เภสัช", "nameTh": "ร้านยา พูนสุข เภสัช", "nameEn": null, "cat": ["essentials", "medical"], "province": "cr", "slug": "1361996586", "rank": 2}}, {"type": "Feature", "geometry": {"type": "Point", "coordinates": [99.77325, 20.24948]}, "properties": {"id": "cr-dgth-fda-2482262559", "name": "ร้านยา ราฟาร์", "nameTh": "ร้านยา ราฟาร์", "nameEn": null, "cat": ["essentials", "medical"], "province": "cr", "slug": "2482262559", "rank": 2}}, {"type": "Feature", "geometry": {"type": "Point", "coordinates": [99.80991, 19.88288]}, "properties": {"id": "cr-dgth-fda-2241986088", "name": "ร้านยา วรันธร", "nameTh": "ร้านยา วรันธร", "nameEn": null, "cat": ["essentials", "medical"], "province": "cr", "slug": "2241986088", "rank": 2}}, {"type": "Feature", "geometry": {"type": "Point", "coordinates": [99.85732, 19.96928]}, "properties": {"id": "cr-dgth-fda-2666606726", "name": "ร้านยา เอ็กซ์ต้า พลัส สาขา ปางลาว", "nameTh": "ร้านยา เอ็กซ์ต้า พลัส สาขา ปางลาว", "nameEn": null, "cat": ["essentials", "medical"], "province": "cr", "slug": "2666606726", "rank": 2}}, {"type": "Feature", "geometry": {"type": "Point", "coordinates": [99.85732, 19.96928]}, "properties": {"id": "cr-dgth-fda-3925712890", "name": "ร้านยา เอ็กซ์ต้า พลัส สาขาหน้า ม.แม่ฟ้าหลวง", "nameTh": "ร้านยา เอ็กซ์ต้า พลัส สาขาหน้า ม.แม่ฟ้าหลวง", "nameEn": null, "cat": ["essentials", "medical"], "province": "cr", "slug": "3925712890", "rank": 2}}, {"type": "Feature", "geometry": {"type": "Point", "coordinates": [99.88916, 20.44404]}, "properties": {"id": "cr-dgth-fda-3037764224", "name": "ร้านยา เอ็กซ์ต้า พลัส สาขาหมู่บ้านปิยะพร แม่สาย", "nameTh": "ร้านยา เอ็กซ์ต้า พลัส สาขาหมู่บ้านปิยะพร แม่สาย", "nameEn": null, "cat": ["essentials", "medical"], "province": "cr", "slug": "3037764224", "rank": 2}}, {"type": "Feature", "geometry": {"type": "Point", "coordinates": [99.85732, 19.96928]}, "properties": {"id": "cr-dgth-fda-1997521105", "name": "ร้านยา แคปซูล", "nameTh": "ร้านยา แคปซูล", "nameEn": null, "cat": ["essentials", "medical"], "province": "cr", "slug": "1997521105", "rank": 2}}, {"type": "Feature", "geometry": {"type": "Point", "coordinates": [99.88916, 20.44404]}, "properties": {"id": "cr-dgth-fda-2177338166", "name": "ร้านยากาดน้อย", "nameTh": "ร้านยากาดน้อย", "nameEn": null, "cat": ["essentials", "medical"], "province": "cr", "slug": "2177338166", "rank": 2}}, {"type": "Feature", "geometry": {"type": "Point", "coordinates": [99.77325, 20.24948]}, "properties": {"id": "cr-dgth-fda-0114476361", "name": "ร้านยาตึกเขียว", "nameTh": "ร้านยาตึกเขียว", "nameEn": null, "cat": ["essentials", "medical"], "province": "cr", "slug": "0114476361", "rank": 2}}, {"type": "Feature", "geometry": {"type": "Point", "coordinates": [99.82783, 19.90127]}, "properties": {"id": "cr-dgth-fda-0644163966", "name": "ร้านยาทรงธรรม (สาขาตลาดประตูล้อ)", "nameTh": "ร้านยาทรงธรรม (สาขาตลาดประตูล้อ)", "nameEn": null, "cat": ["essentials", "medical"], "province": "cr", "slug": "0644163966", "rank": 2}}, {"type": "Feature", "geometry": {"type": "Point", "coordinates": [99.84024, 19.93774]}, "properties": {"id": "cr-dgth-fda-0004736857", "name": "ร้านยาปันสุข", "nameTh": "ร้านยาปันสุข", "nameEn": null, "cat": ["essentials", "medical"], "province": "cr", "slug": "0004736857", "rank": 2}}, {"type": "Feature", "geometry": {"type": "Point", "coordinates": [99.82783, 19.90127]}, "properties": {"id": "cr-dgth-fda-2850130918", "name": "ร้านยาฟาร์มาไดเร็ค", "nameTh": "ร้านยาฟาร์มาไดเร็ค", "nameEn": null, "cat": ["essentials", "medical"], "province": "cr", "slug": "2850130918", "rank": 2}}, {"type": "Feature", "geometry": {"type": "Point", "coordinates": [99.88135, 20.4231]}, "properties": {"id": "cr-dgth-fda-4124557136", "name": "ร้านยาฟาสซิโน สาขาข้างแมคโครแม่สาย", "nameTh": "ร้านยาฟาสซิโน สาขาข้างแมคโครแม่สาย", "nameEn": null, "cat": ["essentials", "medical"], "province": "cr", "slug": "4124557136", "rank": 2}}, {"type": "Feature", "geometry": {"type": "Point", "coordinates": [99.85732, 19.96928]}, "properties": {"id": "cr-dgth-fda-1597138199", "name": "ร้านยาฟาสซิโน สาขาบ้านดู่", "nameTh": "ร้านยาฟาสซิโน สาขาบ้านดู่", "nameEn": null, "cat": ["essentials", "medical"], "province": "cr", "slug": "1597138199", "rank": 2}}, {"type": "Feature", "geometry": {"type": "Point", "coordinates": [99.88135, 20.4231]}, "properties": {"id": "cr-dgth-fda-2526999251", "name": "ร้านยาฟาสซิโน สาขาหน้า รพ.ศรีบุรินทร์ แม่สาย", "nameTh": "ร้านยาฟาสซิโน สาขาหน้า รพ.ศรีบุรินทร์ แม่สาย", "nameEn": null, "cat": ["essentials", "medical"], "province": "cr", "slug": "2526999251", "rank": 2}}, {"type": "Feature", "geometry": {"type": "Point", "coordinates": [99.88916, 20.44404]}, "properties": {"id": "cr-dgth-fda-0711073077", "name": "ร้านยาฟาสซิโน สาขาหน้าด่านแม่สาย", "nameTh": "ร้านยาฟาสซิโน สาขาหน้าด่านแม่สาย", "nameEn": null, "cat": ["essentials", "medical"], "province": "cr", "slug": "0711073077", "rank": 2}}, {"type": "Feature", "geometry": {"type": "Point", "coordinates": [99.80991, 19.88288]}, "properties": {"id": "cr-dgth-fda-0419782091", "name": "ร้านยามาย ฟาร์มาซี", "nameTh": "ร้านยามาย ฟาร์มาซี", "nameEn": null, "cat": ["essentials", "medical"], "province": "cr", "slug": "0419782091", "rank": 2}}, {"type": "Feature", "geometry": {"type": "Point", "coordinates": [99.83134, 19.89752]}, "properties": {"id": "cr-osm-node-10682393305", "name": "ร้านยารักษ์สุขภาพ", "nameTh": "ร้านยารักษ์สุขภาพ", "nameEn": "Pharma Healthy Drug", "cat": ["essentials", "medical"], "province": "cr", "slug": "pharma-healthy-drug-10682393305", "rank": 2}}, {"type": "Feature", "geometry": {"type": "Point", "coordinates": [99.85732, 19.96928]}, "properties": {"id": "cr-dgth-fda-2097219000", "name": "ร้านยาหน้ามอ", "nameTh": "ร้านยาหน้ามอ", "nameEn": null, "cat": ["essentials", "medical"], "province": "cr", "slug": "2097219000", "rank": 2}}, {"type": "Feature", "geometry": {"type": "Point", "coordinates": [99.88916, 20.44404]}, "properties": {"id": "cr-dgth-fda-0502656931", "name": "ร้านยาออมทรัพย์", "nameTh": "ร้านยาออมทรัพย์", "nameEn": null, "cat": ["essentials", "medical"], "province": "cr", "slug": "0502656931", "rank": 2}}, {"type": "Feature", "geometry": {"type": "Point", "coordinates": [99.80991, 19.88288]}, "properties": {"id": "cr-dgth-fda-3754739724", "name": "ร้านยาอุดมลาภ", "nameTh": "ร้านยาอุดมลาภ", "nameEn": null, "cat": ["essentials", "medical"], "province": "cr", "slug": "3754739724", "rank": 2}}, {"type": "Feature", "geometry": {"type": "Point", "coordinates": [99.82783, 19.90127]}, "properties": {"id": "cr-dgth-fda-2903604279", "name": "ร้านยาเภสัชกร", "nameTh": "ร้านยาเภสัชกร", "nameEn": null, "cat": ["essentials", "medical"], "province": "cr", "slug": "2903604279", "rank": 2}}, {"type": "Feature", "geometry": {"type": "Point", "coordinates": [99.80991, 19.88288]}, "properties": {"id": "cr-dgth-fda-2782984424", "name": "ร้านยาเภสัชชุมชนป่ายางมน", "nameTh": "ร้านยาเภสัชชุมชนป่ายางมน", "nameEn": null, "cat": ["essentials", "medical"], "province": "cr", "slug": "2782984424", "rank": 2}}, {"type": "Feature", "geometry": {"type": "Point", "coordinates": [99.87394, 20.03628]}, "properties": {"id": "cr-dgth-fda-0953134036", "name": "ร้านยาเอ็กซ์ต้า พลัส สาขา ตลาดนางแล", "nameTh": "ร้านยาเอ็กซ์ต้า พลัส สาขา ตลาดนางแล", "nameEn": null, "cat": ["essentials", "medical"], "province": "cr", "slug": "0953134036", "rank": 2}}, {"type": "Feature", "geometry": {"type": "Point", "coordinates": [99.82783, 19.90127]}, "properties": {"id": "cr-dgth-fda-3293299864", "name": "ร้านยาเอ็กซ์ต้า พลัส สาขา ตลาดประตูล้อ", "nameTh": "ร้านยาเอ็กซ์ต้า พลัส สาขา ตลาดประตูล้อ", "nameEn": null, "cat": ["essentials", "medical"], "province": "cr", "slug": "3293299864", "rank": 2}}, {"type": "Feature", "geometry": {"type": "Point", "coordinates": [99.74362, 20.18]}, "properties": {"id": "cr-dgth-fda-0521878724", "name": "ร้านยาเอ็กซ์ต้า พลัส สาขาข้างรพ.แม่จัน", "nameTh": "ร้านยาเอ็กซ์ต้า พลัส สาขาข้างรพ.แม่จัน", "nameEn": null, "cat": ["essentials", "medical"], "province": "cr", "slug": "0521878724", "rank": 2}}, {"type": "Feature", "geometry": {"type": "Point", "coordinates": [99.04659, 18.78938]}, "properties": {"id": "cr-dgth-fda-3360626686", "name": "ร้านยาเอ็กซ์ต้า พลัส สาขาชุมชนสันกลาง", "nameTh": "ร้านยาเอ็กซ์ต้า พลัส สาขาชุมชนสันกลาง", "nameEn": null, "cat": ["essentials", "medical"], "province": "cr", "slug": "3360626686", "rank": 2}}, {"type": "Feature", "geometry": {"type": "Point", "coordinates": [99.84024, 19.93774]}, "properties": {"id": "cr-dgth-fda-1463984148", "name": "ร้านยาเอ็กซ์ต้า พลัส สาขาชุมชนห้วยปลากั้ง", "nameTh": "ร้านยาเอ็กซ์ต้า พลัส สาขาชุมชนห้วยปลากั้ง", "nameEn": null, "cat": ["essentials", "medical"], "province": "cr", "slug": "1463984148", "rank": 2}}, {"type": "Feature", "geometry": {"type": "Point", "coordinates": [99.7072, 19.8006]}, "properties": {"id": "cr-dgth-fda-3897580903", "name": "ร้านยาเอ็กซ์ต้า พลัส สาขาแยกแม่ลาว-แม่สรวย", "nameTh": "ร้านยาเอ็กซ์ต้า พลัส สาขาแยกแม่ลาว-แม่สรวย", "nameEn": null, "cat": ["essentials", "medical"], "province": "cr", "slug": "3897580903", "rank": 2}}, {"type": "Feature", "geometry": {"type": "Point", "coordinates": [99.88916, 20.44404]}, "properties": {"id": "cr-dgth-fda-0657716286", "name": "ร้านยาแสนสุข", "nameTh": "ร้านยาแสนสุข", "nameEn": null, "cat": ["essentials", "medical"], "province": "cr", "slug": "0657716286", "rank": 2}}, {"type": "Feature", "geometry": {"type": "Point", "coordinates": [99.76429, 19.58743]}, "properties": {"id": "cr-dgth-fda-4203693452", "name": "ร้านหมอยาพาน", "nameTh": "ร้านหมอยาพาน", "nameEn": null, "cat": ["essentials", "medical"], "province": "cr", "slug": "4203693452", "rank": 2}}, {"type": "Feature", "geometry": {"type": "Point", "coordinates": [99.82783, 19.90127]}, "properties": {"id": "cr-dgth-fda-0548588079", "name": "ร้านเชียงรายเภสัช", "nameTh": "ร้านเชียงรายเภสัช", "nameEn": null, "cat": ["essentials", "medical"], "province": "cr", "slug": "0548588079", "rank": 2}}, {"type": "Feature", "geometry": {"type": "Point", "coordinates": [99.80991, 19.88288]}, "properties": {"id": "cr-dgth-fda-2145257713", "name": "ลำพงษ์เภสัช", "nameTh": "ลำพงษ์เภสัช", "nameEn": null, "cat": ["essentials", "medical"], "province": "cr", "slug": "2145257713", "rank": 2}}, {"type": "Feature", "geometry": {"type": "Point", "coordinates": [99.50557, 19.36481]}, "properties": {"id": "cr-dgth-fda-0105761117", "name": "ล้านยา", "nameTh": "ล้านยา", "nameEn": null, "cat": ["essentials", "medical"], "province": "cr", "slug": "0105761117", "rank": 2}}, {"type": "Feature", "geometry": {"type": "Point", "coordinates": [99.80991, 19.88288]}, "properties": {"id": "cr-dgth-fda-2648888202", "name": "ล้านยาเภสัช", "nameTh": "ล้านยาเภสัช", "nameEn": null, "cat": ["essentials", "medical"], "province": "cr", "slug": "2648888202", "rank": 2}}, {"type": "Feature", "geometry": {"type": "Point", "coordinates": [99.82783, 19.90127]}, "properties": {"id": "cr-dgth-fda-1471213476", "name": "วัชระโอสถ", "nameTh": "วัชระโอสถ", "nameEn": null, "cat": ["essentials", "medical"], "province": "cr", "slug": "1471213476", "rank": 2}}, {"type": "Feature", "geometry": {"type": "Point", "coordinates": [99.85732, 19.96928]}, "properties": {"id": "cr-dgth-fda-0737253504", "name": "วัตสันฟาร์มาซี สาขา บิ๊กซี เชียงราย 2", "nameTh": "วัตสันฟาร์มาซี สาขา บิ๊กซี เชียงราย 2", "nameEn": null, "cat": ["essentials", "medical"], "province": "cr", "slug": "2-0737253504", "rank": 2}}, {"type": "Feature", "geometry": {"type": "Point", "coordinates": [99.82783, 19.90127]}, "properties": {"id": "cr-dgth-fda-2929453959", "name": "วัตสันฟาร์มาซี สาขา เชียงราย ไนท์บาร์ซาร์", "nameTh": "วัตสันฟาร์มาซี สาขา เชียงราย ไนท์บาร์ซาร์", "nameEn": null, "cat": ["essentials", "medical"], "province": "cr", "slug": "2929453959", "rank": 2}}, {"type": "Feature", "geometry": {"type": "Point", "coordinates": [99.88916, 20.44404]}, "properties": {"id": "cr-dgth-fda-0247173612", "name": "วัตสันฟาร์มาซี สาขา แม่สาย", "nameTh": "วัตสันฟาร์มาซี สาขา แม่สาย", "nameEn": null, "cat": ["essentials", "medical"], "province": "cr", "slug": "0247173612", "rank": 2}}, {"type": "Feature", "geometry": {"type": "Point", "coordinates": [99.82783, 19.90127]}, "properties": {"id": "cr-dgth-fda-1352546066", "name": "วัตสันฟาร์มาซี สาขากาดหลวง เชียงราย", "nameTh": "วัตสันฟาร์มาซี สาขากาดหลวง เชียงราย", "nameEn": null, "cat": ["essentials", "medical"], "province": "cr", "slug": "1352546066", "rank": 2}}, {"type": "Feature", "geometry": {"type": "Point", "coordinates": [99.80991, 19.88288]}, "properties": {"id": "cr-dgth-fda-1957372269", "name": "วัตสันฟาร์มาซี สาขาเซ็นทรัลพลาซ่าเชียงราย", "nameTh": "วัตสันฟาร์มาซี สาขาเซ็นทรัลพลาซ่าเชียงราย", "nameEn": null, "cat": ["essentials", "medical"], "province": "cr", "slug": "1957372269", "rank": 2}}, {"type": "Feature", "geometry": {"type": "Point", "coordinates": [99.80991, 19.88288]}, "properties": {"id": "cr-dgth-fda-3097316245", "name": "ศักดิ์ชัยเภสัช", "nameTh": "ศักดิ์ชัยเภสัช", "nameEn": null, "cat": ["essentials", "medical"], "province": "cr", "slug": "3097316245", "rank": 2}}, {"type": "Feature", "geometry": {"type": "Point", "coordinates": [99.82783, 19.90127]}, "properties": {"id": "cr-dgth-fda-3077276130", "name": "ศักดิ์ไทยเภสัช", "nameTh": "ศักดิ์ไทยเภสัช", "nameEn": null, "cat": ["essentials", "medical"], "province": "cr", "slug": "3077276130", "rank": 2}}, {"type": "Feature", "geometry": {"type": "Point", "coordinates": [99.87394, 20.03628]}, "properties": {"id": "cr-dgth-fda-1201734212", "name": "ศิราพิมพ์เภสัช", "nameTh": "ศิราพิมพ์เภสัช", "nameEn": null, "cat": ["essentials", "medical"], "province": "cr", "slug": "1201734212", "rank": 2}}, {"type": "Feature", "geometry": {"type": "Point", "coordinates": [99.82783, 19.90127]}, "properties": {"id": "cr-dgth-fda-4224371411", "name": "ศิริมงคลเภสัช", "nameTh": "ศิริมงคลเภสัช", "nameEn": null, "cat": ["essentials", "medical"], "province": "cr", "slug": "4224371411", "rank": 2}}, {"type": "Feature", "geometry": {"type": "Point", "coordinates": [99.80991, 19.88288]}, "properties": {"id": "cr-dgth-fda-2018843790", "name": "ศิริเภสัช", "nameTh": "ศิริเภสัช", "nameEn": null, "cat": ["essentials", "medical"], "province": "cr", "slug": "2018843790", "rank": 2}}, {"type": "Feature", "geometry": {"type": "Point", "coordinates": [99.83477, 19.90418]}, "properties": {"id": "cr-osm-way-968343208", "name": "ส. สุขภาพ", "nameTh": "ส. สุขภาพ", "nameEn": "S. Sukkaphab", "cat": ["medical"], "province": "cr", "slug": "s-sukkaphab-968343208", "rank": 2}}, {"type": "Feature", "geometry": {"type": "Point", "coordinates": [99.82783, 19.90127]}, "properties": {"id": "cr-dgth-fda-0564108327", "name": "สงวนไทยเภสัช", "nameTh": "สงวนไทยเภสัช", "nameEn": null, "cat": ["essentials", "medical"], "province": "cr", "slug": "0564108327", "rank": 2}}, {"type": "Feature", "geometry": {"type": "Point", "coordinates": [99.79773, 20.11862]}, "properties": {"id": "cr-osm-node-2147430789", "name": "สถานพยาบาลการแพทย์แผนไทย", "nameTh": "สถานพยาบาลการแพทย์แผนไทย", "nameEn": null, "cat": ["medical"], "province": "cr", "slug": "2147430789", "rank": 1}}, {"type": "Feature", "geometry": {"type": "Point", "coordinates": [99.80991, 19.88288]}, "properties": {"id": "cr-dgth-fda-1696904887", "name": "สนธญาเภสัช", "nameTh": "สนธญาเภสัช", "nameEn": null, "cat": ["essentials", "medical"], "province": "cr", "slug": "1696904887", "rank": 2}}, {"type": "Feature", "geometry": {"type": "Point", "coordinates": [99.88239, 20.42425]}, "properties": {"id": "cr-dgth-fda-3386127734", "name": "สนามโอสถ", "nameTh": "สนามโอสถ", "nameEn": null, "cat": ["essentials", "medical"], "province": "cr", "slug": "3386127734", "rank": 2}}, {"type": "Feature", "geometry": {"type": "Point", "coordinates": [100.40969, 20.23271]}, "properties": {"id": "cr-dgth-fda-0647839360", "name": "สบายดี ฟาร์มา", "nameTh": "สบายดี ฟาร์มา", "nameEn": null, "cat": ["essentials", "medical"], "province": "cr", "slug": "0647839360", "rank": 2}}, {"type": "Feature", "geometry": {"type": "Point", "coordinates": [99.85732, 19.96928]}, "properties": {"id": "cr-dgth-fda-2959001342", "name": "สมเกียรติเภสัช", "nameTh": "สมเกียรติเภสัช", "nameEn": null, "cat": ["essentials", "medical"], "province": "cr", "slug": "2959001342", "rank": 2}}, {"type": "Feature", "geometry": {"type": "Point", "coordinates": [99.80991, 19.88288]}, "properties": {"id": "cr-dgth-fda-3192523975", "name": "สะบายดีเภสัช", "nameTh": "สะบายดีเภสัช", "nameEn": null, "cat": ["essentials", "medical"], "province": "cr", "slug": "3192523975", "rank": 2}}, {"type": "Feature", "geometry": {"type": "Point", "coordinates": [99.87807, 20.03135]}, "properties": {"id": "cr-osm-node-9582550859", "name": "สำนักวิชาทันตแพทย์ศาสตร์", "nameTh": "สำนักวิชาทันตแพทย์ศาสตร์", "nameEn": null, "cat": ["medical"], "province": "cr", "slug": "9582550859", "rank": 1}}, {"type": "Feature", "geometry": {"type": "Point", "coordinates": [99.85732, 19.96928]}, "properties": {"id": "cr-dgth-fda-1829388790", "name": "สิรินพรเภสัช", "nameTh": "สิรินพรเภสัช", "nameEn": null, "cat": ["essentials", "medical"], "province": "cr", "slug": "1829388790", "rank": 2}}, {"type": "Feature", "geometry": {"type": "Point", "coordinates": [99.85732, 19.96928]}, "properties": {"id": "cr-dgth-fda-3364860344", "name": "สุภาพันธ์เภสัช", "nameTh": "สุภาพันธ์เภสัช", "nameEn": null, "cat": ["essentials", "medical"], "province": "cr", "slug": "3364860344", "rank": 2}}, {"type": "Feature", "geometry": {"type": "Point", "coordinates": [99.80991, 19.88288]}, "properties": {"id": "cr-dgth-fda-3002629078", "name": "สุวัฒน์ชัยเภสัช", "nameTh": "สุวัฒน์ชัยเภสัช", "nameEn": null, "cat": ["essentials", "medical"], "province": "cr", "slug": "3002629078", "rank": 2}}, {"type": "Feature", "geometry": {"type": "Point", "coordinates": [98.98088, 18.74611]}, "properties": {"id": "cr-dgth-fda-2180114542", "name": "สุวิมลเภสัช", "nameTh": "สุวิมลเภสัช", "nameEn": null, "cat": ["essentials", "medical"], "province": "cr", "slug": "2180114542", "rank": 2}}, {"type": "Feature", "geometry": {"type": "Point", "coordinates": [99.76429, 19.58743]}, "properties": {"id": "cr-dgth-fda-1227116197", "name": "หกแยกรวมยา", "nameTh": "หกแยกรวมยา", "nameEn": null, "cat": ["essentials", "medical"], "province": "cr", "slug": "1227116197", "rank": 2}}, {"type": "Feature", "geometry": {"type": "Point", "coordinates": [99.82783, 19.90127]}, "properties": {"id": "cr-dgth-fda-2471575506", "name": "หจก. ร้านยารักษ์สุขภาพ", "nameTh": "หจก. ร้านยารักษ์สุขภาพ", "nameEn": null, "cat": ["essentials", "medical"], "province": "cr", "slug": "2471575506", "rank": 2}}, {"type": "Feature", "geometry": {"type": "Point", "coordinates": [99.7072, 19.8006]}, "properties": {"id": "cr-dgth-fda-0754257906", "name": "หมอยา", "nameTh": "หมอยา", "nameEn": null, "cat": ["essentials", "medical"], "province": "cr", "slug": "0754257906", "rank": 2}}, {"type": "Feature", "geometry": {"type": "Point", "coordinates": [99.80991, 19.88288]}, "properties": {"id": "cr-dgth-fda-3993532415", "name": "หมอยาพลัส", "nameTh": "หมอยาพลัส", "nameEn": null, "cat": ["essentials", "medical"], "province": "cr", "slug": "3993532415", "rank": 2}}, {"type": "Feature", "geometry": {"type": "Point", "coordinates": [100.19503, 19.68562]}, "properties": {"id": "cr-dgth-fda-1569100836", "name": "หมอยาเมืองเทิง", "nameTh": "หมอยาเมืองเทิง", "nameEn": null, "cat": ["essentials", "medical"], "province": "cr", "slug": "1569100836", "rank": 2}}, {"type": "Feature", "geometry": {"type": "Point", "coordinates": [99.80991, 19.88288]}, "properties": {"id": "cr-dgth-fda-2207170229", "name": "หมั่นงานเภสัช", "nameTh": "หมั่นงานเภสัช", "nameEn": null, "cat": ["essentials", "medical"], "province": "cr", "slug": "2207170229", "rank": 2}}, {"type": "Feature", "geometry": {"type": "Point", "coordinates": [100.19503, 19.68562]}, "properties": {"id": "cr-dgth-fda-4033727556", "name": "หมู่เฮาฟาร์มาซี", "nameTh": "หมู่เฮาฟาร์มาซี", "nameEn": null, "cat": ["essentials", "medical"], "province": "cr", "slug": "4033727556", "rank": 2}}, {"type": "Feature", "geometry": {"type": "Point", "coordinates": [99.50557, 19.36481]}, "properties": {"id": "cr-dgth-fda-0724703422", "name": "หัวเวียงเภสัช", "nameTh": "หัวเวียงเภสัช", "nameEn": null, "cat": ["essentials", "medical"], "province": "cr", "slug": "0724703422", "rank": 2}}, {"type": "Feature", "geometry": {"type": "Point", "coordinates": [99.82783, 19.90127]}, "properties": {"id": "cr-dgth-fda-2823354294", "name": "ห้วยสักเภสัช", "nameTh": "ห้วยสักเภสัช", "nameEn": null, "cat": ["essentials", "medical"], "province": "cr", "slug": "2823354294", "rank": 2}}, {"type": "Feature", "geometry": {"type": "Point", "coordinates": [99.88135, 20.4231]}, "properties": {"id": "cr-dgth-fda-4172528239", "name": "ห้างหุ้นส่วนจำกัด ศรีวัฒนาฟาร์มาซี", "nameTh": "ห้างหุ้นส่วนจำกัด ศรีวัฒนาฟาร์มาซี", "nameEn": null, "cat": ["essentials", "medical"], "province": "cr", "slug": "4172528239", "rank": 2}}, {"type": "Feature", "geometry": {"type": "Point", "coordinates": [99.82783, 19.90127]}, "properties": {"id": "cr-dgth-fda-3470871062", "name": "ห้างหุ้นส่วนจำกัด เจริญเภสัช2017", "nameTh": "ห้างหุ้นส่วนจำกัด เจริญเภสัช2017", "nameEn": null, "cat": ["essentials", "medical"], "province": "cr", "slug": "2017-3470871062", "rank": 2}}, {"type": "Feature", "geometry": {"type": "Point", "coordinates": [99.74362, 20.18]}, "properties": {"id": "cr-dgth-fda-2769488250", "name": "ห้างหุ้นส่วนจำกัด เหรียญไทยฟาร์มาซี", "nameTh": "ห้างหุ้นส่วนจำกัด เหรียญไทยฟาร์มาซี", "nameEn": null, "cat": ["essentials", "medical"], "province": "cr", "slug": "2769488250", "rank": 2}}, {"type": "Feature", "geometry": {"type": "Point", "coordinates": [99.88135, 20.4231]}, "properties": {"id": "cr-dgth-fda-0683945626", "name": "ห้างหุ้นส่วนจำกัด ไอ.เอช.เค เทรดดิ้ง", "nameTh": "ห้างหุ้นส่วนจำกัด ไอ.เอช.เค เทรดดิ้ง", "nameEn": null, "cat": ["essentials", "medical"], "province": "cr", "slug": "0683945626", "rank": 2}}, {"type": "Feature", "geometry": {"type": "Point", "coordinates": [100.40969, 20.23271]}, "properties": {"id": "cr-dgth-fda-4100438628", "name": "ห้างหุ้นส่วนไทยโรจน์ฟาร์มาซี", "nameTh": "ห้างหุ้นส่วนไทยโรจน์ฟาร์มาซี", "nameEn": null, "cat": ["essentials", "medical"], "province": "cr", "slug": "4100438628", "rank": 2}}, {"type": "Feature", "geometry": {"type": "Point", "coordinates": [99.80991, 19.88288]}, "properties": {"id": "cr-dgth-fda-2483942832", "name": "อนันตยา", "nameTh": "อนันตยา", "nameEn": null, "cat": ["essentials", "medical"], "province": "cr", "slug": "2483942832", "rank": 2}}, {"type": "Feature", "geometry": {"type": "Point", "coordinates": [99.88135, 20.4231]}, "properties": {"id": "cr-dgth-fda-2885223758", "name": "อัลปาก้า ฟาร์มาซี", "nameTh": "อัลปาก้า ฟาร์มาซี", "nameEn": null, "cat": ["essentials", "medical"], "province": "cr", "slug": "2885223758", "rank": 2}}, {"type": "Feature", "geometry": {"type": "Point", "coordinates": [100.19503, 19.68562]}, "properties": {"id": "cr-dgth-fda-1067700957", "name": "อุ่ยอุทัย ฟาร์มา", "nameTh": "อุ่ยอุทัย ฟาร์มา", "nameEn": null, "cat": ["essentials", "medical"], "province": "cr", "slug": "1067700957", "rank": 2}}, {"type": "Feature", "geometry": {"type": "Point", "coordinates": [99.82783, 19.90127]}, "properties": {"id": "cr-dgth-fda-0515018624", "name": "ฮักยา", "nameTh": "ฮักยา", "nameEn": null, "cat": ["essentials", "medical"], "province": "cr", "slug": "0515018624", "rank": 2}}, {"type": "Feature", "geometry": {"type": "Point", "coordinates": [100.40969, 20.23271]}, "properties": {"id": "cr-dgth-fda-3047728815", "name": "เจริญปันยา", "nameTh": "เจริญปันยา", "nameEn": null, "cat": ["essentials", "medical"], "province": "cr", "slug": "3047728815", "rank": 2}}, {"type": "Feature", "geometry": {"type": "Point", "coordinates": [99.83394, 19.90419]}, "properties": {"id": "cr-osm-way-968332802", "name": "เชียงรายสมุนไพร", "nameTh": "เชียงรายสมุนไพร", "nameEn": "Chinagrai Herbal", "cat": ["medical"], "province": "cr", "slug": "chinagrai-herbal-968332802", "rank": 2}}, {"type": "Feature", "geometry": {"type": "Point", "coordinates": [100.09756, 20.26156]}, "properties": {"id": "cr-dgth-fda-4025437202", "name": "เชียงแสนเภสัช", "nameTh": "เชียงแสนเภสัช", "nameEn": null, "cat": ["essentials", "medical"], "province": "cr", "slug": "4025437202", "rank": 2}}, {"type": "Feature", "geometry": {"type": "Point", "coordinates": [99.85732, 19.96928]}, "properties": {"id": "cr-dgth-fda-3475388307", "name": "เซฟดรัก เซ็นเตอร์ สาขาบิ๊กซีเชียงราย 2", "nameTh": "เซฟดรัก เซ็นเตอร์ สาขาบิ๊กซีเชียงราย 2", "nameEn": null, "cat": ["essentials", "medical"], "province": "cr", "slug": "2-3475388307", "rank": 2}}, {"type": "Feature", "geometry": {"type": "Point", "coordinates": [99.76429, 19.58743]}, "properties": {"id": "cr-dgth-fda-1668242085", "name": "เนตรนภาเภสัช", "nameTh": "เนตรนภาเภสัช", "nameEn": null, "cat": ["essentials", "medical"], "province": "cr", "slug": "1668242085", "rank": 2}}, {"type": "Feature", "geometry": {"type": "Point", "coordinates": [99.82783, 19.90127]}, "properties": {"id": "cr-dgth-fda-1482498962", "name": "เพรียวฟาร์ม่า", "nameTh": "เพรียวฟาร์ม่า", "nameEn": null, "cat": ["essentials", "medical"], "province": "cr", "slug": "1482498962", "rank": 2}}, {"type": "Feature", "geometry": {"type": "Point", "coordinates": [99.85732, 19.96928]}, "properties": {"id": "cr-dgth-fda-0452282682", "name": "เพื่อนยานัธทวัฒน์", "nameTh": "เพื่อนยานัธทวัฒน์", "nameEn": null, "cat": ["essentials", "medical"], "province": "cr", "slug": "0452282682", "rank": 2}}, {"type": "Feature", "geometry": {"type": "Point", "coordinates": [99.80991, 19.88288]}, "properties": {"id": "cr-dgth-fda-2399700658", "name": "เภสัชชุมชนดอยเขาควาย", "nameTh": "เภสัชชุมชนดอยเขาควาย", "nameEn": null, "cat": ["essentials", "medical"], "province": "cr", "slug": "2399700658", "rank": 2}}, {"type": "Feature", "geometry": {"type": "Point", "coordinates": [98.98088, 18.74611]}, "properties": {"id": "cr-dgth-fda-3479035458", "name": "เภสัชใกล้บ้าน", "nameTh": "เภสัชใกล้บ้าน", "nameEn": null, "cat": ["essentials", "medical"], "province": "cr", "slug": "3479035458", "rank": 2}}, {"type": "Feature", "geometry": {"type": "Point", "coordinates": [99.76429, 19.58743]}, "properties": {"id": "cr-dgth-fda-4202811477", "name": "เมืองพานเภสัช", "nameTh": "เมืองพานเภสัช", "nameEn": null, "cat": ["essentials", "medical"], "province": "cr", "slug": "4202811477", "rank": 2}}, {"type": "Feature", "geometry": {"type": "Point", "coordinates": [99.82783, 19.90127]}, "properties": {"id": "cr-dgth-fda-4005228912", "name": "เยาวเรศเภสัช", "nameTh": "เยาวเรศเภสัช", "nameEn": null, "cat": ["essentials", "medical"], "province": "cr", "slug": "4005228912", "rank": 2}}, {"type": "Feature", "geometry": {"type": "Point", "coordinates": [99.80991, 19.88288]}, "properties": {"id": "cr-dgth-fda-3851706781", "name": "เรือนยาเภสัช", "nameTh": "เรือนยาเภสัช", "nameEn": null, "cat": ["essentials", "medical"], "province": "cr", "slug": "3851706781", "rank": 2}}, {"type": "Feature", "geometry": {"type": "Point", "coordinates": [99.85732, 19.96928]}, "properties": {"id": "cr-dgth-fda-2402232569", "name": "เล่าเรื่องยา", "nameTh": "เล่าเรื่องยา", "nameEn": null, "cat": ["essentials", "medical"], "province": "cr", "slug": "2402232569", "rank": 2}}, {"type": "Feature", "geometry": {"type": "Point", "coordinates": [99.85732, 19.96928]}, "properties": {"id": "cr-dgth-fda-0853346625", "name": "เล่าเรื่องยา สอง", "nameTh": "เล่าเรื่องยา สอง", "nameEn": null, "cat": ["essentials", "medical"], "province": "cr", "slug": "0853346625", "rank": 2}}, {"type": "Feature", "geometry": {"type": "Point", "coordinates": [99.84024, 19.93774]}, "properties": {"id": "cr-dgth-fda-0029870431", "name": "เล่าเรื่องยา สาม", "nameTh": "เล่าเรื่องยา สาม", "nameEn": null, "cat": ["essentials", "medical"], "province": "cr", "slug": "0029870431", "rank": 2}}, {"type": "Feature", "geometry": {"type": "Point", "coordinates": [100.09756, 20.26156]}, "properties": {"id": "cr-dgth-fda-3521494219", "name": "เวียงรัตน์เภสัช", "nameTh": "เวียงรัตน์เภสัช", "nameEn": null, "cat": ["essentials", "medical"], "province": "cr", "slug": "3521494219", "rank": 2}}, {"type": "Feature", "geometry": {"type": "Point", "coordinates": [99.88916, 20.44404]}, "properties": {"id": "cr-dgth-fda-0333783674", "name": "เหมืองแดงเภสัช", "nameTh": "เหมืองแดงเภสัช", "nameEn": null, "cat": ["essentials", "medical"], "province": "cr", "slug": "0333783674", "rank": 2}}, {"type": "Feature", "geometry": {"type": "Point", "coordinates": [99.74077, 19.55106]}, "properties": {"id": "cr-osm-node-3840319438", "name": "เหรียญไทยโอสถ", "nameTh": "เหรียญไทยโอสถ", "nameEn": null, "cat": ["essentials", "medical"], "province": "cr", "slug": "3840319438", "rank": 1}}, {"type": "Feature", "geometry": {"type": "Point", "coordinates": [99.80991, 19.88288]}, "properties": {"id": "cr-dgth-fda-1848769141", "name": "เอ็กซ์ต้า พลัส สาขา ชุมชนหัวฝาย", "nameTh": "เอ็กซ์ต้า พลัส สาขา ชุมชนหัวฝาย", "nameEn": null, "cat": ["essentials", "medical"], "province": "cr", "slug": "1848769141", "rank": 2}}, {"type": "Feature", "geometry": {"type": "Point", "coordinates": [99.82783, 19.90127]}, "properties": {"id": "cr-dgth-fda-0945433779", "name": "เอ็กซ์ต้า พลัส สาขา ตลาดล้านเมือง", "nameTh": "เอ็กซ์ต้า พลัส สาขา ตลาดล้านเมือง", "nameEn": null, "cat": ["essentials", "medical"], "province": "cr", "slug": "0945433779", "rank": 2}}, {"type": "Feature", "geometry": {"type": "Point", "coordinates": [99.85732, 19.96928]}, "properties": {"id": "cr-dgth-fda-0456960489", "name": "เอ็กซ์ต้า พลัส สาขา เชียงรายเมืองใหม่3", "nameTh": "เอ็กซ์ต้า พลัส สาขา เชียงรายเมืองใหม่3", "nameEn": null, "cat": ["essentials", "medical"], "province": "cr", "slug": "3-0456960489", "rank": 2}}, {"type": "Feature", "geometry": {"type": "Point", "coordinates": [99.84024, 19.93774]}, "properties": {"id": "cr-dgth-fda-3867810046", "name": "เฮือนยาสมอ", "nameTh": "เฮือนยาสมอ", "nameEn": null, "cat": ["essentials", "medical"], "province": "cr", "slug": "3867810046", "rank": 2}}, {"type": "Feature", "geometry": {"type": "Point", "coordinates": [99.74362, 20.18]}, "properties": {"id": "cr-dgth-fda-2242704409", "name": "เฮือนยาแม่จัน", "nameTh": "เฮือนยาแม่จัน", "nameEn": null, "cat": ["essentials", "medical"], "province": "cr", "slug": "2242704409", "rank": 2}}, {"type": "Feature", "geometry": {"type": "Point", "coordinates": [99.57014, 19.69121]}, "properties": {"id": "cr-dgth-fda-3858086431", "name": "แม่สรวยเภสัช", "nameTh": "แม่สรวยเภสัช", "nameEn": null, "cat": ["essentials", "medical"], "province": "cr", "slug": "3858086431", "rank": 2}}, {"type": "Feature", "geometry": {"type": "Point", "coordinates": [99.88916, 20.44404]}, "properties": {"id": "cr-dgth-fda-0946047702", "name": "แอนเภสัช", "nameTh": "แอนเภสัช", "nameEn": null, "cat": ["essentials", "medical"], "province": "cr", "slug": "0946047702", "rank": 2}}, {"type": "Feature", "geometry": {"type": "Point", "coordinates": [99.8136, 19.90457]}, "properties": {"id": "cr-osm-way-991657339", "name": "โรงบาลค่ายเม็งรายมหาราช", "nameTh": "โรงบาลค่ายเม็งรายมหาราช", "nameEn": "Fort Mengraimaharaj Hospital", "cat": ["medical"], "province": "cr", "slug": "fort-mengraimaharaj-hospital-991657339", "rank": 5}}, {"type": "Feature", "geometry": {"type": "Point", "coordinates": [100.41157, 20.23943]}, "properties": {"id": "cr-osm-way-283761802", "name": "โรงพยาบาล สมเด็จพระยุพราชเชียงของ", "nameTh": "โรงพยาบาล สมเด็จพระยุพราชเชียงของ", "nameEn": "Somdet Phra Yuphrarat Chiangkhong Hospital", "cat": ["medical"], "province": "cr", "slug": "somdet-phra-yuphrarat-chiangkhong-hospital-283761802", "rank": 2}}, {"type": "Feature", "geometry": {"type": "Point", "coordinates": [99.83029, 19.90077]}, "properties": {"id": "cr-osm-way-483841193", "name": "โรงพยาบาล เชียงรายประชานุเคราะห์", "nameTh": "โรงพยาบาล เชียงรายประชานุเคราะห์", "nameEn": "Chiangrai Prachanukroh Hospital", "cat": ["medical"], "province": "cr", "slug": "chiangrai-prachanukroh-hospital-483841193", "rank": 3}}, {"type": "Feature", "geometry": {"type": "Point", "coordinates": [100.29832, 19.91189]}, "properties": {"id": "cr-osm-node-2423444737", "name": "โรงพยาบาลขุนตาล", "nameTh": "โรงพยาบาลขุนตาล", "nameEn": "Khun Tan Hospital", "cat": ["medical"], "province": "cr", "slug": "khun-tan-hospital-2423444737", "rank": 2}}, {"type": "Feature", "geometry": {"type": "Point", "coordinates": [100.10963, 20.11749]}, "properties": {"id": "cr-moph-8899210200022", "name": "โรงพยาบาลดอยหลวง", "nameTh": "โรงพยาบาลดอยหลวง", "nameEn": null, "cat": ["medical"], "province": "cr", "slug": "8899210200022", "rank": 1}}, {"type": "Feature", "geometry": {"type": "Point", "coordinates": [99.99035, 19.5075]}, "properties": {"id": "cr-osm-way-548552723", "name": "โรงพยาบาลป่าแดด", "nameTh": "โรงพยาบาลป่าแดด", "nameEn": "Pa Daet Hospital", "cat": ["medical"], "province": "cr", "slug": "pa-daet-hospital-548552723", "rank": 2}}, {"type": "Feature", "geometry": {"type": "Point", "coordinates": [100.14586, 19.85054]}, "properties": {"id": "cr-osm-node-7856667790", "name": "โรงพยาบาลพญาเม็งราย", "nameTh": "โรงพยาบาลพญาเม็งราย", "nameEn": "Phaya Mengrai Hospital", "cat": ["medical"], "province": "cr", "slug": "phaya-mengrai-hospital-7856667790", "rank": 2}}, {"type": "Feature", "geometry": {"type": "Point", "coordinates": [99.74413, 19.52139]}, "properties": {"id": "cr-osm-way-1356386079", "name": "โรงพยาบาลพาน", "nameTh": "โรงพยาบาลพาน", "nameEn": "Phan hospital", "cat": ["medical"], "province": "cr", "slug": "phan-hospital-1356386079", "rank": 2}}, {"type": "Feature", "geometry": {"type": "Point", "coordinates": [99.80797, 19.94903]}, "properties": {"id": "cr-osm-way-1330359921", "name": "โรงพยาบาลวัดห้วยปลากั้งเพื่อสังคม", "nameTh": "โรงพยาบาลวัดห้วยปลากั้งเพื่อสังคม", "nameEn": "Wat Huay Pla Kang Hospital", "cat": ["medical"], "province": "cr", "slug": "wat-huay-pla-kang-hospital-1330359921", "rank": 2}}, {"type": "Feature", "geometry": {"type": "Point", "coordinates": [99.88015, 20.03087]}, "properties": {"id": "cr-osm-node-9582553929", "name": "โรงพยาบาลศูนย์การแพทย์\nมหาวิทยาลัยแม่ฟ้าหลวง", "nameTh": "โรงพยาบาลศูนย์การแพทย์\nมหาวิทยาลัยแม่ฟ้าหลวง", "nameEn": null, "cat": ["medical"], "province": "cr", "slug": "9582553929", "rank": 1}}, {"type": "Feature", "geometry": {"type": "Point", "coordinates": [99.90749, 19.86092]}, "properties": {"id": "cr-moph-8899210200021", "name": "โรงพยาบาลสมเด็จพระญาณสังวร", "nameTh": "โรงพยาบาลสมเด็จพระญาณสังวร", "nameEn": null, "cat": ["medical"], "province": "cr", "slug": "8899210200021", "rank": 1}}, {"type": "Feature", "geometry": {"type": "Point", "coordinates": [99.7867, 19.87663]}, "properties": {"id": "cr-osm-way-539335298", "name": "โรงพยาบาลส่งเสริมสุขภาพตำบล", "nameTh": "โรงพยาบาลส่งเสริมสุขภาพตำบล", "nameEn": "District Health Center", "cat": ["medical"], "province": "cr", "slug": "district-health-center-539335298", "rank": 2}}, {"type": "Feature", "geometry": {"type": "Point", "coordinates": [99.89096, 19.86711]}, "properties": {"id": "cr-osm-way-501089462", "name": "โรงพยาบาลส่งเสริมสุขภาพตำบล บ้านด้ายหนองหล่ม", "nameTh": "โรงพยาบาลส่งเสริมสุขภาพตำบล บ้านด้ายหนองหล่ม", "nameEn": "Ban Dai Nong Lom Health Promoting Hospital", "cat": ["medical"], "province": "cr", "slug": "ban-dai-nong-lom-health-promoting-hospital-501089462", "rank": 2}}, {"type": "Feature", "geometry": {"type": "Point", "coordinates": [100.37971, 20.03392]}, "properties": {"id": "cr-moph-8899210207709", "name": "โรงพยาบาลส่งเสริมสุขภาพตำบลครึ่ง", "nameTh": "โรงพยาบาลส่งเสริมสุขภาพตำบลครึ่ง", "nameEn": null, "cat": ["medical"], "province": "cr", "slug": "8899210207709", "rank": 1}}, {"type": "Feature", "geometry": {"type": "Point", "coordinates": [100.12411, 19.67954]}, "properties": {"id": "cr-moph-8899210207710", "name": "โรงพยาบาลส่งเสริมสุขภาพตำบลงิ้ว", "nameTh": "โรงพยาบาลส่งเสริมสุขภาพตำบลงิ้ว", "nameEn": null, "cat": ["medical"], "province": "cr", "slug": "8899210207710", "rank": 1}}, {"type": "Feature", "geometry": {"type": "Point", "coordinates": [99.90767, 20.19895]}, "properties": {"id": "cr-moph-8899210207711", "name": "โรงพยาบาลส่งเสริมสุขภาพตำบลจอมสวรรค์", "nameTh": "โรงพยาบาลส่งเสริมสุขภาพตำบลจอมสวรรค์", "nameEn": null, "cat": ["medical"], "province": "cr", "slug": "8899210207711", "rank": 1}}, {"type": "Feature", "geometry": {"type": "Point", "coordinates": [99.69199, 19.76829]}, "properties": {"id": "cr-moph-8899210207712", "name": "โรงพยาบาลส่งเสริมสุขภาพตำบลจอมหมอกแก้ว", "nameTh": "โรงพยาบาลส่งเสริมสุขภาพตำบลจอมหมอกแก้ว", "nameEn": null, "cat": ["medical"], "province": "cr", "slug": "8899210207712", "rank": 1}}, {"type": "Feature", "geometry": {"type": "Point", "coordinates": [99.97206, 20.24518]}, "properties": {"id": "cr-moph-8899210207713", "name": "โรงพยาบาลส่งเสริมสุขภาพตำบลจันจว้า", "nameTh": "โรงพยาบาลส่งเสริมสุขภาพตำบลจันจว้า", "nameEn": null, "cat": ["medical"], "province": "cr", "slug": "8899210207713", "rank": 1}}, {"type": "Feature", "geometry": {"type": "Point", "coordinates": [99.94984, 20.22498]}, "properties": {"id": "cr-moph-8899210207714", "name": "โรงพยาบาลส่งเสริมสุขภาพตำบลจันจว้าใต้", "nameTh": "โรงพยาบาลส่งเสริมสุขภาพตำบลจันจว้าใต้", "nameEn": null, "cat": ["medical"], "province": "cr", "slug": "8899210207714", "rank": 1}}, {"type": "Feature", "geometry": {"type": "Point", "coordinates": [99.99539, 20.05483]}, "properties": {"id": "cr-moph-8899210207719", "name": "โรงพยาบาลส่งเสริมสุขภาพตำบลดงมหาวัน", "nameTh": "โรงพยาบาลส่งเสริมสุขภาพตำบลดงมหาวัน", "nameEn": null, "cat": ["medical"], "province": "cr", "slug": "8899210207719", "rank": 1}}, {"type": "Feature", "geometry": {"type": "Point", "coordinates": [99.71618, 19.71991]}, "properties": {"id": "cr-moph-8899210207720", "name": "โรงพยาบาลส่งเสริมสุขภาพตำบลดงมะดะ", "nameTh": "โรงพยาบาลส่งเสริมสุขภาพตำบลดงมะดะ", "nameEn": null, "cat": ["medical"], "province": "cr", "slug": "8899210207720", "rank": 1}}, {"type": "Feature", "geometry": {"type": "Point", "coordinates": [100.02809, 19.82834]}, "properties": {"id": "cr-moph-8899210207721", "name": "โรงพยาบาลส่งเสริมสุขภาพตำบลดอนศิลา", "nameTh": "โรงพยาบาลส่งเสริมสุขภาพตำบลดอนศิลา", "nameEn": null, "cat": ["medical"], "province": "cr", "slug": "8899210207721", "rank": 1}}, {"type": "Feature", "geometry": {"type": "Point", "coordinates": [99.81805, 19.54321]}, "properties": {"id": "cr-moph-8899210207722", "name": "โรงพยาบาลส่งเสริมสุขภาพตำบลดอยงาม", "nameTh": "โรงพยาบาลส่งเสริมสุขภาพตำบลดอยงาม", "nameEn": null, "cat": ["medical"], "province": "cr", "slug": "8899210207722", "rank": 1}}, {"type": "Feature", "geometry": {"type": "Point", "coordinates": [99.92578, 19.68275]}, "properties": {"id": "cr-moph-8899210207723", "name": "โรงพยาบาลส่งเสริมสุขภาพตำบลดอยลาน", "nameTh": "โรงพยาบาลส่งเสริมสุขภาพตำบลดอยลาน", "nameEn": null, "cat": ["medical"], "province": "cr", "slug": "8899210207723", "rank": 1}}, {"type": "Feature", "geometry": {"type": "Point", "coordinates": [99.76256, 19.92014]}, "properties": {"id": "cr-moph-8899210207724", "name": "โรงพยาบาลส่งเสริมสุขภาพตำบลดอยฮาง", "nameTh": "โรงพยาบาลส่งเสริมสุขภาพตำบลดอยฮาง", "nameEn": null, "cat": ["medical"], "province": "cr", "slug": "8899210207724", "rank": 1}}, {"type": "Feature", "geometry": {"type": "Point", "coordinates": [100.29036, 19.72088]}, "properties": {"id": "cr-moph-8899210207725", "name": "โรงพยาบาลส่งเสริมสุขภาพตำบลตับเต่า", "nameTh": "โรงพยาบาลส่งเสริมสุขภาพตำบลตับเต่า", "nameEn": null, "cat": ["medical"], "province": "cr", "slug": "8899210207725", "rank": 1}}, {"type": "Feature", "geometry": {"type": "Point", "coordinates": [100.22661, 19.97335]}, "properties": {"id": "cr-moph-8899210207727", "name": "โรงพยาบาลส่งเสริมสุขภาพตำบลตาดควัน", "nameTh": "โรงพยาบาลส่งเสริมสุขภาพตำบลตาดควัน", "nameEn": null, "cat": ["medical"], "province": "cr", "slug": "8899210207727", "rank": 1}}, {"type": "Feature", "geometry": {"type": "Point", "coordinates": [100.23554, 19.8134]}, "properties": {"id": "cr-moph-8899210207726", "name": "โรงพยาบาลส่งเสริมสุขภาพตำบลต้า", "nameTh": "โรงพยาบาลส่งเสริมสุขภาพตำบลต้า", "nameEn": null, "cat": ["medical"], "province": "cr", "slug": "8899210207726", "rank": 1}}, {"type": "Feature", "geometry": {"type": "Point", "coordinates": [99.7387, 19.65065]}, "properties": {"id": "cr-moph-8899210207728", "name": "โรงพยาบาลส่งเสริมสุขภาพตำบลทรายขาว", "nameTh": "โรงพยาบาลส่งเสริมสุขภาพตำบลทรายขาว", "nameEn": null, "cat": ["medical"], "province": "cr", "slug": "8899210207728", "rank": 1}}, {"type": "Feature", "geometry": {"type": "Point", "coordinates": [99.82074, 19.48657]}, "properties": {"id": "cr-moph-8899210207731", "name": "โรงพยาบาลส่งเสริมสุขภาพตำบลทานตะวัน", "nameTh": "โรงพยาบาลส่งเสริมสุขภาพตำบลทานตะวัน", "nameEn": null, "cat": ["medical"], "province": "cr", "slug": "8899210207731", "rank": 1}}, {"type": "Feature", "geometry": {"type": "Point", "coordinates": [100.02052, 19.97169]}, "properties": {"id": "cr-moph-8899210207733", "name": "โรงพยาบาลส่งเสริมสุขภาพตำบลทุ่งก่อ", "nameTh": "โรงพยาบาลส่งเสริมสุขภาพตำบลทุ่งก่อ", "nameEn": null, "cat": ["medical"], "province": "cr", "slug": "8899210207733", "rank": 1}}, {"type": "Feature", "geometry": {"type": "Point", "coordinates": [99.47584, 19.49258]}, "properties": {"id": "cr-moph-8899210207729", "name": "โรงพยาบาลส่งเสริมสุขภาพตำบลท่าก๊อ", "nameTh": "โรงพยาบาลส่งเสริมสุขภาพตำบลท่าก๊อ", "nameEn": null, "cat": ["medical"], "province": "cr", "slug": "8899210207729", "rank": 1}}, {"type": "Feature", "geometry": {"type": "Point", "coordinates": [100.49338, 20.02737]}, "properties": {"id": "cr-moph-8899210207730", "name": "โรงพยาบาลส่งเสริมสุขภาพตำบลท่าข้าม", "nameTh": "โรงพยาบาลส่งเสริมสุขภาพตำบลท่าข้าม", "nameEn": null, "cat": ["medical"], "province": "cr", "slug": "8899210207730", "rank": 1}}, {"type": "Feature", "geometry": {"type": "Point", "coordinates": [99.8411, 19.85568]}, "properties": {"id": "cr-moph-8899210207732", "name": "โรงพยาบาลส่งเสริมสุขภาพตำบลท่าสาย", "nameTh": "โรงพยาบาลส่งเสริมสุขภาพตำบลท่าสาย", "nameEn": null, "cat": ["medical"], "province": "cr", "slug": "8899210207732", "rank": 1}}, {"type": "Feature", "geometry": {"type": "Point", "coordinates": [99.69518, 19.70905]}, "properties": {"id": "cr-moph-8899210207734", "name": "โรงพยาบาลส่งเสริมสุขภาพตำบลธารทอง", "nameTh": "โรงพยาบาลส่งเสริมสุขภาพตำบลธารทอง", "nameEn": null, "cat": ["medical"], "province": "cr", "slug": "8899210207734", "rank": 1}}, {"type": "Feature", "geometry": {"type": "Point", "coordinates": [99.75912, 19.81459]}, "properties": {"id": "cr-moph-8899210207735", "name": "โรงพยาบาลส่งเสริมสุขภาพตำบลบัวสลี", "nameTh": "โรงพยาบาลส่งเสริมสุขภาพตำบลบัวสลี", "nameEn": null, "cat": ["medical"], "province": "cr", "slug": "8899210207735", "rank": 1}}, {"type": "Feature", "geometry": {"type": "Point", "coordinates": [100.35062, 20.00974]}, "properties": {"id": "cr-moph-8899210209076", "name": "โรงพยาบาลส่งเสริมสุขภาพตำบลบุญเรือง", "nameTh": "โรงพยาบาลส่งเสริมสุขภาพตำบลบุญเรือง", "nameEn": null, "cat": ["medical"], "province": "cr", "slug": "8899210209076", "rank": 1}}, {"type": "Feature", "geometry": {"type": "Point", "coordinates": [100.13502, 19.96134]}, "properties": {"id": "cr-moph-8899210207737", "name": "โรงพยาบาลส่งเสริมสุขภาพตำบลบ้านขุนห้วยแม่เปา", "nameTh": "โรงพยาบาลส่งเสริมสุขภาพตำบลบ้านขุนห้วยแม่เปา", "nameEn": null, "cat": ["medical"], "province": "cr", "slug": "8899210207737", "rank": 1}}, {"type": "Feature", "geometry": {"type": "Point", "coordinates": [99.63697, 19.44553]}, "properties": {"id": "cr-moph-8899210207739", "name": "โรงพยาบาลส่งเสริมสุขภาพตำบลบ้านงิ้วเฒ่า", "nameTh": "โรงพยาบาลส่งเสริมสุขภาพตำบลบ้านงิ้วเฒ่า", "nameEn": null, "cat": ["medical"], "province": "cr", "slug": "8899210207739", "rank": 1}}, {"type": "Feature", "geometry": {"type": "Point", "coordinates": [99.53568, 20.03198]}, "properties": {"id": "cr-moph-8899210207740", "name": "โรงพยาบาลส่งเสริมสุขภาพตำบลบ้านจะคือ", "nameTh": "โรงพยาบาลส่งเสริมสุขภาพตำบลบ้านจะคือ", "nameEn": null, "cat": ["medical"], "province": "cr", "slug": "8899210207740", "rank": 1}}, {"type": "Feature", "geometry": {"type": "Point", "coordinates": [99.99873, 19.83488]}, "properties": {"id": "cr-moph-8899210207741", "name": "โรงพยาบาลส่งเสริมสุขภาพตำบลบ้านช่องลม", "nameTh": "โรงพยาบาลส่งเสริมสุขภาพตำบลบ้านช่องลม", "nameEn": null, "cat": ["medical"], "province": "cr", "slug": "8899210207741", "rank": 1}}, {"type": "Feature", "geometry": {"type": "Point", "coordinates": [100.27211, 20.01937]}, "properties": {"id": "cr-moph-8899210207742", "name": "โรงพยาบาลส่งเสริมสุขภาพตำบลบ้านซ้อเหนือ", "nameTh": "โรงพยาบาลส่งเสริมสุขภาพตำบลบ้านซ้อเหนือ", "nameEn": null, "cat": ["medical"], "province": "cr", "slug": "8899210207742", "rank": 1}}, {"type": "Feature", "geometry": {"type": "Point", "coordinates": [100.01964, 20.02421]}, "properties": {"id": "cr-moph-8899210207744", "name": "โรงพยาบาลส่งเสริมสุขภาพตำบลบ้านดงมหาวัน", "nameTh": "โรงพยาบาลส่งเสริมสุขภาพตำบลบ้านดงมหาวัน", "nameEn": null, "cat": ["medical"], "province": "cr", "slug": "8899210207744", "rank": 1}}, {"type": "Feature", "geometry": {"type": "Point", "coordinates": [100.05912, 19.9131]}, "properties": {"id": "cr-moph-8899210207745", "name": "โรงพยาบาลส่งเสริมสุขภาพตำบลบ้านดงมะตึ๋น", "nameTh": "โรงพยาบาลส่งเสริมสุขภาพตำบลบ้านดงมะตึ๋น", "nameEn": null, "cat": ["medical"], "province": "cr", "slug": "8899210207745", "rank": 1}}, {"type": "Feature", "geometry": {"type": "Point", "coordinates": [100.42439, 20.15146]}, "properties": {"id": "cr-moph-8899210207746", "name": "โรงพยาบาลส่งเสริมสุขภาพตำบลบ้านดงหลวง", "nameTh": "โรงพยาบาลส่งเสริมสุขภาพตำบลบ้านดงหลวง", "nameEn": null, "cat": ["medical"], "province": "cr", "slug": "8899210207746", "rank": 1}}, {"type": "Feature", "geometry": {"type": "Point", "coordinates": [99.81055, 19.77749]}, "properties": {"id": "cr-moph-8899210207743", "name": "โรงพยาบาลส่งเสริมสุขภาพตำบลบ้านดงเทพนิมิตร", "nameTh": "โรงพยาบาลส่งเสริมสุขภาพตำบลบ้านดงเทพนิมิตร", "nameEn": null, "cat": ["medical"], "province": "cr", "slug": "8899210207743", "rank": 1}}, {"type": "Feature", "geometry": {"type": "Point", "coordinates": [99.99131, 19.91723]}, "properties": {"id": "cr-moph-8899210207747", "name": "โรงพยาบาลส่งเสริมสุขภาพตำบลบ้านดอนแก้ว", "nameTh": "โรงพยาบาลส่งเสริมสุขภาพตำบลบ้านดอนแก้ว", "nameEn": null, "cat": ["medical"], "province": "cr", "slug": "8899210207747", "rank": 1}}, {"type": "Feature", "geometry": {"type": "Point", "coordinates": [100.26927, 19.70348]}, "properties": {"id": "cr-moph-8899210208981", "name": "โรงพยาบาลส่งเสริมสุขภาพตำบลบ้านดอนแยง", "nameTh": "โรงพยาบาลส่งเสริมสุขภาพตำบลบ้านดอนแยง", "nameEn": null, "cat": ["medical"], "province": "cr", "slug": "8899210208981", "rank": 1}}, {"type": "Feature", "geometry": {"type": "Point", "coordinates": [100.11035, 20.12742]}, "properties": {"id": "cr-moph-8899210208982", "name": "โรงพยาบาลส่งเสริมสุขภาพตำบลบ้านดอย", "nameTh": "โรงพยาบาลส่งเสริมสุขภาพตำบลบ้านดอย", "nameEn": null, "cat": ["medical"], "province": "cr", "slug": "8899210208982", "rank": 1}}, {"type": "Feature", "geometry": {"type": "Point", "coordinates": [99.56274, 19.81057]}, "properties": {"id": "cr-moph-8899210208983", "name": "โรงพยาบาลส่งเสริมสุขภาพตำบลบ้านดอยช้าง", "nameTh": "โรงพยาบาลส่งเสริมสุขภาพตำบลบ้านดอยช้าง", "nameEn": null, "cat": ["medical"], "province": "cr", "slug": "8899210208983", "rank": 1}}, {"type": "Feature", "geometry": {"type": "Point", "coordinates": [100.03294, 20.34894]}, "properties": {"id": "cr-moph-8899210208984", "name": "โรงพยาบาลส่งเสริมสุขภาพตำบลบ้านดอยสะโง้", "nameTh": "โรงพยาบาลส่งเสริมสุขภาพตำบลบ้านดอยสะโง้", "nameEn": null, "cat": ["medical"], "province": "cr", "slug": "8899210208984", "rank": 1}}, {"type": "Feature", "geometry": {"type": "Point", "coordinates": [99.85786, 19.97144]}, "properties": {"id": "cr-moph-8899210208987", "name": "โรงพยาบาลส่งเสริมสุขภาพตำบลบ้านดู่", "nameTh": "โรงพยาบาลส่งเสริมสุขภาพตำบลบ้านดู่", "nameEn": null, "cat": ["medical"], "province": "cr", "slug": "8899210208987", "rank": 1}}, {"type": "Feature", "geometry": {"type": "Point", "coordinates": [99.94419, 20.2938]}, "properties": {"id": "cr-moph-8899210208985", "name": "โรงพยาบาลส่งเสริมสุขภาพตำบลบ้านด้าย", "nameTh": "โรงพยาบาลส่งเสริมสุขภาพตำบลบ้านด้าย", "nameEn": null, "cat": ["medical"], "province": "cr", "slug": "8899210208985", "rank": 1}}, {"type": "Feature", "geometry": {"type": "Point", "coordinates": [99.89037, 19.86745]}, "properties": {"id": "cr-moph-8899210208986", "name": "โรงพยาบาลส่งเสริมสุขภาพตำบลบ้านด้ายหนองหล่ม", "nameTh": "โรงพยาบาลส่งเสริมสุขภาพตำบลบ้านด้ายหนองหล่ม", "nameEn": null, "cat": ["medical"], "province": "cr", "slug": "8899210208986", "rank": 1}}, {"type": "Feature", "geometry": {"type": "Point", "coordinates": [100.0987, 19.6993]}, "properties": {"id": "cr-moph-8899210208988", "name": "โรงพยาบาลส่งเสริมสุขภาพตำบลบ้านตุ้มเหนือ", "nameTh": "โรงพยาบาลส่งเสริมสุขภาพตำบลบ้านตุ้มเหนือ", "nameEn": null, "cat": ["medical"], "province": "cr", "slug": "8899210208988", "rank": 1}}, {"type": "Feature", "geometry": {"type": "Point", "coordinates": [99.88837, 20.33232]}, "properties": {"id": "cr-moph-8899210208989", "name": "โรงพยาบาลส่งเสริมสุขภาพตำบลบ้านถ้ำ", "nameTh": "โรงพยาบาลส่งเสริมสุขภาพตำบลบ้านถ้ำ", "nameEn": null, "cat": ["medical"], "province": "cr", "slug": "8899210208989", "rank": 1}}, {"type": "Feature", "geometry": {"type": "Point", "coordinates": [100.40335, 20.20941]}, "properties": {"id": "cr-moph-8899210208992", "name": "โรงพยาบาลส่งเสริมสุขภาพตำบลบ้านทุ่งงิ้ว", "nameTh": "โรงพยาบาลส่งเสริมสุขภาพตำบลบ้านทุ่งงิ้ว", "nameEn": null, "cat": ["medical"], "province": "cr", "slug": "8899210208992", "rank": 1}}, {"type": "Feature", "geometry": {"type": "Point", "coordinates": [99.49155, 19.75681]}, "properties": {"id": "cr-moph-8899210208993", "name": "โรงพยาบาลส่งเสริมสุขภาพตำบลบ้านทุ่งพร้าว", "nameTh": "โรงพยาบาลส่งเสริมสุขภาพตำบลบ้านทุ่งพร้าว", "nameEn": null, "cat": ["medical"], "province": "cr", "slug": "8899210208993", "rank": 1}}, {"type": "Feature", "geometry": {"type": "Point", "coordinates": [99.5386, 19.23105]}, "properties": {"id": "cr-moph-8899210208994", "name": "โรงพยาบาลส่งเสริมสุขภาพตำบลบ้านทุ่งม่าน", "nameTh": "โรงพยาบาลส่งเสริมสุขภาพตำบลบ้านทุ่งม่าน", "nameEn": null, "cat": ["medical"], "province": "cr", "slug": "8899210208994", "rank": 1}}, {"type": "Feature", "geometry": {"type": "Point", "coordinates": [100.42623, 20.19228]}, "properties": {"id": "cr-moph-8899210208995", "name": "โรงพยาบาลส่งเสริมสุขภาพตำบลบ้านทุ่งอ่าง ห", "nameTh": "โรงพยาบาลส่งเสริมสุขภาพตำบลบ้านทุ่งอ่าง ห", "nameEn": null, "cat": ["medical"], "province": "cr", "slug": "8899210208995", "rank": 1}}, {"type": "Feature", "geometry": {"type": "Point", "coordinates": [99.68805, 19.71986]}, "properties": {"id": "cr-moph-8899210208990", "name": "โรงพยาบาลส่งเสริมสุขภาพตำบลบ้านท่าสันกลาง", "nameTh": "โรงพยาบาลส่งเสริมสุขภาพตำบลบ้านท่าสันกลาง", "nameEn": null, "cat": ["medical"], "province": "cr", "slug": "8899210208990", "rank": 1}}, {"type": "Feature", "geometry": {"type": "Point", "coordinates": [99.8753, 20.0644]}, "properties": {"id": "cr-moph-8899210208991", "name": "โรงพยาบาลส่งเสริมสุขภาพตำบลบ้านท่าสุด", "nameTh": "โรงพยาบาลส่งเสริมสุขภาพตำบลบ้านท่าสุด", "nameEn": null, "cat": ["medical"], "province": "cr", "slug": "8899210208991", "rank": 1}}, {"type": "Feature", "geometry": {"type": "Point", "coordinates": [99.66437, 20.15255]}, "properties": {"id": "cr-moph-8899210208997", "name": "โรงพยาบาลส่งเสริมสุขภาพตำบลบ้านธาตุ", "nameTh": "โรงพยาบาลส่งเสริมสุขภาพตำบลบ้านธาตุ", "nameEn": null, "cat": ["medical"], "province": "cr", "slug": "8899210208997", "rank": 1}}, {"type": "Feature", "geometry": {"type": "Point", "coordinates": [99.86564, 19.99676]}, "properties": {"id": "cr-moph-8899210208998", "name": "โรงพยาบาลส่งเสริมสุขภาพตำบลบ้านนางแล", "nameTh": "โรงพยาบาลส่งเสริมสุขภาพตำบลบ้านนางแล", "nameEn": null, "cat": ["medical"], "province": "cr", "slug": "8899210208998", "rank": 1}}, {"type": "Feature", "geometry": {"type": "Point", "coordinates": [100.386, 20.20254]}, "properties": {"id": "cr-moph-8899210209000", "name": "โรงพยาบาลส่งเสริมสุขภาพตำบลบ้านน้ำม้า", "nameTh": "โรงพยาบาลส่งเสริมสุขภาพตำบลบ้านน้ำม้า", "nameEn": null, "cat": ["medical"], "province": "cr", "slug": "8899210209000", "rank": 1}}, {"type": "Feature", "geometry": {"type": "Point", "coordinates": [100.31307, 19.95801]}, "properties": {"id": "cr-moph-8899210208999", "name": "โรงพยาบาลส่งเสริมสุขภาพตำบลบ้านน้ำแพร่ ใต้", "nameTh": "โรงพยาบาลส่งเสริมสุขภาพตำบลบ้านน้ำแพร่ ใต้", "nameEn": null, "cat": ["medical"], "province": "cr", "slug": "8899210208999", "rank": 1}}, {"type": "Feature", "geometry": {"type": "Point", "coordinates": [99.61979, 19.89775]}, "properties": {"id": "cr-moph-8899210209002", "name": "โรงพยาบาลส่งเสริมสุขภาพตำบลบ้านปางขอน", "nameTh": "โรงพยาบาลส่งเสริมสุขภาพตำบลบ้านปางขอน", "nameEn": null, "cat": ["medical"], "province": "cr", "slug": "8899210209002", "rank": 1}}, {"type": "Feature", "geometry": {"type": "Point", "coordinates": [100.34056, 19.78893]}, "properties": {"id": "cr-moph-8899210209003", "name": "โรงพยาบาลส่งเสริมสุขภาพตำบลบ้านปางค่า", "nameTh": "โรงพยาบาลส่งเสริมสุขภาพตำบลบ้านปางค่า", "nameEn": null, "cat": ["medical"], "province": "cr", "slug": "8899210209003", "rank": 1}}, {"type": "Feature", "geometry": {"type": "Point", "coordinates": [99.33572, 19.12778]}, "properties": {"id": "cr-moph-8899210209004", "name": "โรงพยาบาลส่งเสริมสุขภาพตำบลบ้านปางมะกาด", "nameTh": "โรงพยาบาลส่งเสริมสุขภาพตำบลบ้านปางมะกาด", "nameEn": null, "cat": ["medical"], "province": "cr", "slug": "8899210209004", "rank": 1}}, {"type": "Feature", "geometry": {"type": "Point", "coordinates": [99.54824, 20.31936]}, "properties": {"id": "cr-moph-8899210209005", "name": "โรงพยาบาลส่งเสริมสุขภาพตำบลบ้านปางมะหัน", "nameTh": "โรงพยาบาลส่งเสริมสุขภาพตำบลบ้านปางมะหัน", "nameEn": null, "cat": ["medical"], "province": "cr", "slug": "8899210209005", "rank": 1}}, {"type": "Feature", "geometry": {"type": "Point", "coordinates": [99.66818, 19.84526]}, "properties": {"id": "cr-moph-8899210209006", "name": "โรงพยาบาลส่งเสริมสุขภาพตำบลบ้านปางริมกรณ์", "nameTh": "โรงพยาบาลส่งเสริมสุขภาพตำบลบ้านปางริมกรณ์", "nameEn": null, "cat": ["medical"], "province": "cr", "slug": "8899210209006", "rank": 1}}, {"type": "Feature", "geometry": {"type": "Point", "coordinates": [100.24684, 19.87475]}, "properties": {"id": "cr-moph-8899210209001", "name": "โรงพยาบาลส่งเสริมสุขภาพตำบลบ้านป่าข่า", "nameTh": "โรงพยาบาลส่งเสริมสุขภาพตำบลบ้านป่าข่า", "nameEn": null, "cat": ["medical"], "province": "cr", "slug": "8899210209001", "rank": 1}}, {"type": "Feature", "geometry": {"type": "Point", "coordinates": [100.13604, 20.05683]}, "properties": {"id": "cr-moph-8899210209007", "name": "โรงพยาบาลส่งเสริมสุขภาพตำบลบ้านป่าซางเหนือ", "nameTh": "โรงพยาบาลส่งเสริมสุขภาพตำบลบ้านป่าซางเหนือ", "nameEn": null, "cat": ["medical"], "province": "cr", "slug": "8899210209007", "rank": 1}}, {"type": "Feature", "geometry": {"type": "Point", "coordinates": [99.40931, 19.31099]}, "properties": {"id": "cr-moph-8899210209008", "name": "โรงพยาบาลส่งเสริมสุขภาพตำบลบ้านป่าตึง", "nameTh": "โรงพยาบาลส่งเสริมสุขภาพตำบลบ้านป่าตึง", "nameEn": null, "cat": ["medical"], "province": "cr", "slug": "8899210209008", "rank": 1}}, {"type": "Feature", "geometry": {"type": "Point", "coordinates": [99.78344, 19.63603]}, "properties": {"id": "cr-moph-8899210209009", "name": "โรงพยาบาลส่งเสริมสุขภาพตำบลบ้านป่าบง", "nameTh": "โรงพยาบาลส่งเสริมสุขภาพตำบลบ้านป่าบง", "nameEn": null, "cat": ["medical"], "province": "cr", "slug": "8899210209009", "rank": 1}}, {"type": "Feature", "geometry": {"type": "Point", "coordinates": [99.7647, 20.30267]}, "properties": {"id": "cr-moph-8899210209010", "name": "โรงพยาบาลส่งเสริมสุขภาพตำบลบ้านป่ายาง", "nameTh": "โรงพยาบาลส่งเสริมสุขภาพตำบลบ้านป่ายาง", "nameEn": null, "cat": ["medical"], "province": "cr", "slug": "8899210209010", "rank": 1}}, {"type": "Feature", "geometry": {"type": "Point", "coordinates": [100.50812, 19.93484]}, "properties": {"id": "cr-moph-8899210209016", "name": "โรงพยาบาลส่งเสริมสุขภาพตำบลบ้านผาตั้ง", "nameTh": "โรงพยาบาลส่งเสริมสุขภาพตำบลบ้านผาตั้ง", "nameEn": null, "cat": ["medical"], "province": "cr", "slug": "8899210209016", "rank": 1}}, {"type": "Feature", "geometry": {"type": "Point", "coordinates": [99.85193, 20.39906]}, "properties": {"id": "cr-moph-8899210209018", "name": "โรงพยาบาลส่งเสริมสุขภาพตำบลบ้านผาหมี", "nameTh": "โรงพยาบาลส่งเสริมสุขภาพตำบลบ้านผาหมี", "nameEn": null, "cat": ["medical"], "province": "cr", "slug": "8899210209018", "rank": 1}}, {"type": "Feature", "geometry": {"type": "Point", "coordinates": [99.83016, 20.3486]}, "properties": {"id": "cr-moph-8899210209019", "name": "โรงพยาบาลส่งเสริมสุขภาพตำบลบ้านผาฮี้", "nameTh": "โรงพยาบาลส่งเสริมสุขภาพตำบลบ้านผาฮี้", "nameEn": null, "cat": ["medical"], "province": "cr", "slug": "8899210209019", "rank": 1}}, {"type": "Feature", "geometry": {"type": "Point", "coordinates": [100.42243, 19.93239]}, "properties": {"id": "cr-moph-8899210209017", "name": "โรงพยาบาลส่งเสริมสุขภาพตำบลบ้านผาแล", "nameTh": "โรงพยาบาลส่งเสริมสุขภาพตำบลบ้านผาแล", "nameEn": null, "cat": ["medical"], "province": "cr", "slug": "8899210209017", "rank": 1}}, {"type": "Feature", "geometry": {"type": "Point", "coordinates": [99.61864, 20.32064]}, "properties": {"id": "cr-moph-8899210209020", "name": "โรงพยาบาลส่งเสริมสุขภาพตำบลบ้านพญาไพร", "nameTh": "โรงพยาบาลส่งเสริมสุขภาพตำบลบ้านพญาไพร", "nameEn": null, "cat": ["medical"], "province": "cr", "slug": "8899210209020", "rank": 1}}, {"type": "Feature", "geometry": {"type": "Point", "coordinates": [99.85627, 20.1885]}, "properties": {"id": "cr-moph-8899210209022", "name": "โรงพยาบาลส่งเสริมสุขภาพตำบลบ้านพระราชทาน", "nameTh": "โรงพยาบาลส่งเสริมสุขภาพตำบลบ้านพระราชทาน", "nameEn": null, "cat": ["medical"], "province": "cr", "slug": "8899210209022", "rank": 1}}, {"type": "Feature", "geometry": {"type": "Point", "coordinates": [100.23625, 19.79229]}, "properties": {"id": "cr-moph-8899210209021", "name": "โรงพยาบาลส่งเสริมสุขภาพตำบลบ้านพระเนตร", "nameTh": "โรงพยาบาลส่งเสริมสุขภาพตำบลบ้านพระเนตร", "nameEn": null, "cat": ["medical"], "province": "cr", "slug": "8899210209021", "rank": 1}}, {"type": "Feature", "geometry": {"type": "Point", "coordinates": [99.90433, 20.24259]}, "properties": {"id": "cr-moph-8899210209023", "name": "โรงพยาบาลส่งเสริมสุขภาพตำบลบ้านม่วงคำ", "nameTh": "โรงพยาบาลส่งเสริมสุขภาพตำบลบ้านม่วงคำ", "nameEn": null, "cat": ["medical"], "province": "cr", "slug": "8899210209023", "rank": 1}}, {"type": "Feature", "geometry": {"type": "Point", "coordinates": [99.7096, 19.9625]}, "properties": {"id": "cr-moph-8899210209033", "name": "โรงพยาบาลส่งเสริมสุขภาพตำบลบ้านรวมมิตร", "nameTh": "โรงพยาบาลส่งเสริมสุขภาพตำบลบ้านรวมมิตร", "nameEn": null, "cat": ["medical"], "province": "cr", "slug": "8899210209033", "rank": 1}}, {"type": "Feature", "geometry": {"type": "Point", "coordinates": [100.36987, 19.82492]}, "properties": {"id": "cr-moph-8899210209040", "name": "โรงพยาบาลส่งเสริมสุขภาพตำบลบ้านรักแผ่นดิน", "nameTh": "โรงพยาบาลส่งเสริมสุขภาพตำบลบ้านรักแผ่นดิน", "nameEn": null, "cat": ["medical"], "province": "cr", "slug": "8899210209040", "rank": 1}}, {"type": "Feature", "geometry": {"type": "Point", "coordinates": [100.45172, 19.86367]}, "properties": {"id": "cr-moph-8899210209032", "name": "โรงพยาบาลส่งเสริมสุขภาพตำบลบ้านร่มฟ้าทอง", "nameTh": "โรงพยาบาลส่งเสริมสุขภาพตำบลบ้านร่มฟ้าทอง", "nameEn": null, "cat": ["medical"], "province": "cr", "slug": "8899210209032", "rank": 1}}, {"type": "Feature", "geometry": {"type": "Point", "coordinates": [100.39989, 19.78498]}, "properties": {"id": "cr-moph-8899210209031", "name": "โรงพยาบาลส่งเสริมสุขภาพตำบลบ้านร่มโพธิ์ไทย", "nameTh": "โรงพยาบาลส่งเสริมสุขภาพตำบลบ้านร่มโพธิ์ไทย", "nameEn": null, "cat": ["medical"], "province": "cr", "slug": "8899210209031", "rank": 1}}, {"type": "Feature", "geometry": {"type": "Point", "coordinates": [99.77056, 19.46633]}, "properties": {"id": "cr-moph-8899210209034", "name": "โรงพยาบาลส่งเสริมสุขภาพตำบลบ้านร่องคต", "nameTh": "โรงพยาบาลส่งเสริมสุขภาพตำบลบ้านร่องคต", "nameEn": null, "cat": ["medical"], "province": "cr", "slug": "8899210209034", "rank": 1}}, {"type": "Feature", "geometry": {"type": "Point", "coordinates": [99.70164, 19.68176]}, "properties": {"id": "cr-moph-8899210209036", "name": "โรงพยาบาลส่งเสริมสุขภาพตำบลบ้านร่องธาร", "nameTh": "โรงพยาบาลส่งเสริมสุขภาพตำบลบ้านร่องธาร", "nameEn": null, "cat": ["medical"], "province": "cr", "slug": "8899210209036", "rank": 1}}, {"type": "Feature", "geometry": {"type": "Point", "coordinates": [99.99726, 19.92673]}, "properties": {"id": "cr-moph-8899210209037", "name": "โรงพยาบาลส่งเสริมสุขภาพตำบลบ้านร่องบัวทอง", "nameTh": "โรงพยาบาลส่งเสริมสุขภาพตำบลบ้านร่องบัวทอง", "nameEn": null, "cat": ["medical"], "province": "cr", "slug": "8899210209037", "rank": 1}}, {"type": "Feature", "geometry": {"type": "Point", "coordinates": [99.9666, 19.78451]}, "properties": {"id": "cr-moph-8899210209039", "name": "โรงพยาบาลส่งเสริมสุขภาพตำบลบ้านร่องปลาขาว", "nameTh": "โรงพยาบาลส่งเสริมสุขภาพตำบลบ้านร่องปลาขาว", "nameEn": null, "cat": ["medical"], "province": "cr", "slug": "8899210209039", "rank": 1}}, {"type": "Feature", "geometry": {"type": "Point", "coordinates": [99.92343, 19.72299]}, "properties": {"id": "cr-moph-8899210209038", "name": "โรงพยาบาลส่งเสริมสุขภาพตำบลบ้านร่องเบ้อ", "nameTh": "โรงพยาบาลส่งเสริมสุขภาพตำบลบ้านร่องเบ้อ", "nameEn": null, "cat": ["medical"], "province": "cr", "slug": "8899210209038", "rank": 1}}, {"type": "Feature", "geometry": {"type": "Point", "coordinates": [100.18881, 19.62006]}, "properties": {"id": "cr-moph-8899210209035", "name": "โรงพยาบาลส่งเสริมสุขภาพตำบลบ้านร่องแช่", "nameTh": "โรงพยาบาลส่งเสริมสุขภาพตำบลบ้านร่องแช่", "nameEn": null, "cat": ["medical"], "province": "cr", "slug": "8899210209035", "rank": 1}}, {"type": "Feature", "geometry": {"type": "Point", "coordinates": [99.49049, 19.92821]}, "properties": {"id": "cr-moph-8899210209046", "name": "โรงพยาบาลส่งเสริมสุขภาพตำบลบ้านวาวี", "nameTh": "โรงพยาบาลส่งเสริมสุขภาพตำบลบ้านวาวี", "nameEn": null, "cat": ["medical"], "province": "cr", "slug": "8899210209046", "rank": 1}}, {"type": "Feature", "geometry": {"type": "Point", "coordinates": [100.33174, 20.11753]}, "properties": {"id": "cr-moph-8899210209048", "name": "โรงพยาบาลส่งเสริมสุขภาพตำบลบ้านศรีวิไล", "nameTh": "โรงพยาบาลส่งเสริมสุขภาพตำบลบ้านศรีวิไล", "nameEn": null, "cat": ["medical"], "province": "cr", "slug": "8899210209048", "rank": 1}}, {"type": "Feature", "geometry": {"type": "Point", "coordinates": [100.20246, 19.89981]}, "properties": {"id": "cr-moph-8899210209049", "name": "โรงพยาบาลส่งเสริมสุขภาพตำบลบ้านศรีสะอาด", "nameTh": "โรงพยาบาลส่งเสริมสุขภาพตำบลบ้านศรีสะอาด", "nameEn": null, "cat": ["medical"], "province": "cr", "slug": "8899210209049", "rank": 1}}, {"type": "Feature", "geometry": {"type": "Point", "coordinates": [100.08233, 20.34962]}, "properties": {"id": "cr-moph-8899210209050", "name": "โรงพยาบาลส่งเสริมสุขภาพตำบลบ้านสบรวก", "nameTh": "โรงพยาบาลส่งเสริมสุขภาพตำบลบ้านสบรวก", "nameEn": null, "cat": ["medical"], "province": "cr", "slug": "8899210209050", "rank": 1}}, {"type": "Feature", "geometry": {"type": "Point", "coordinates": [100.30084, 20.38105]}, "properties": {"id": "cr-moph-8899210209051", "name": "โรงพยาบาลส่งเสริมสุขภาพตำบลบ้านสองพี่น้อง", "nameTh": "โรงพยาบาลส่งเสริมสุขภาพตำบลบ้านสองพี่น้อง", "nameEn": null, "cat": ["medical"], "province": "cr", "slug": "8899210209051", "rank": 1}}, {"type": "Feature", "geometry": {"type": "Point", "coordinates": [99.84448, 19.9384]}, "properties": {"id": "cr-moph-8899210209052", "name": "โรงพยาบาลส่งเสริมสุขภาพตำบลบ้านสันตาลเหลือง", "nameTh": "โรงพยาบาลส่งเสริมสุขภาพตำบลบ้านสันตาลเหลือง", "nameEn": null, "cat": ["medical"], "province": "cr", "slug": "8899210209052", "rank": 1}}, {"type": "Feature", "geometry": {"type": "Point", "coordinates": [99.62165, 20.15561]}, "properties": {"id": "cr-moph-8899210209053", "name": "โรงพยาบาลส่งเสริมสุขภาพตำบลบ้านสันติคีรี", "nameTh": "โรงพยาบาลส่งเสริมสุขภาพตำบลบ้านสันติคีรี", "nameEn": null, "cat": ["medical"], "province": "cr", "slug": "8899210209053", "rank": 1}}, {"type": "Feature", "geometry": {"type": "Point", "coordinates": [99.61168, 20.10251]}, "properties": {"id": "cr-moph-8899210209054", "name": "โรงพยาบาลส่งเสริมสุขภาพตำบลบ้านสันติสุข", "nameTh": "โรงพยาบาลส่งเสริมสุขภาพตำบลบ้านสันติสุข", "nameEn": null, "cat": ["medical"], "province": "cr", "slug": "8899210209054", "rank": 1}}, {"type": "Feature", "geometry": {"type": "Point", "coordinates": [99.95838, 20.30667]}, "properties": {"id": "cr-moph-8899210209055", "name": "โรงพยาบาลส่งเสริมสุขภาพตำบลบ้านสันสลี", "nameTh": "โรงพยาบาลส่งเสริมสุขภาพตำบลบ้านสันสลี", "nameEn": null, "cat": ["medical"], "province": "cr", "slug": "8899210209055", "rank": 1}}, {"type": "Feature", "geometry": {"type": "Point", "coordinates": [99.76668, 20.24265]}, "properties": {"id": "cr-moph-8899210209057", "name": "โรงพยาบาลส่งเสริมสุขภาพตำบลบ้านสามัคคีใหม่", "nameTh": "โรงพยาบาลส่งเสริมสุขภาพตำบลบ้านสามัคคีใหม่", "nameEn": null, "cat": ["medical"], "province": "cr", "slug": "8899210209057", "rank": 1}}, {"type": "Feature", "geometry": {"type": "Point", "coordinates": [99.70947, 20.16688]}, "properties": {"id": "cr-moph-8899210209056", "name": "โรงพยาบาลส่งเสริมสุขภาพตำบลบ้านสามแยก", "nameTh": "โรงพยาบาลส่งเสริมสุขภาพตำบลบ้านสามแยก", "nameEn": null, "cat": ["medical"], "province": "cr", "slug": "8899210209056", "rank": 1}}, {"type": "Feature", "geometry": {"type": "Point", "coordinates": [99.96078, 19.5642]}, "properties": {"id": "cr-moph-8899210209058", "name": "โรงพยาบาลส่งเสริมสุขภาพตำบลบ้านหล่ายร้อง", "nameTh": "โรงพยาบาลส่งเสริมสุขภาพตำบลบ้านหล่ายร้อง", "nameEn": null, "cat": ["medical"], "province": "cr", "slug": "8899210209058", "rank": 1}}, {"type": "Feature", "geometry": {"type": "Point", "coordinates": [99.78671, 19.87662]}, "properties": {"id": "cr-moph-8899210209070", "name": "โรงพยาบาลส่งเสริมสุขภาพตำบลบ้านหัวฝาย รอบเวียง", "nameTh": "โรงพยาบาลส่งเสริมสุขภาพตำบลบ้านหัวฝาย รอบเวียง", "nameEn": null, "cat": ["medical"], "province": "cr", "slug": "8899210209070", "rank": 1}}, {"type": "Feature", "geometry": {"type": "Point", "coordinates": [100.25397, 20.37091]}, "properties": {"id": "cr-moph-8899210209071", "name": "โรงพยาบาลส่งเสริมสุขภาพตำบลบ้านหาดบ้าย", "nameTh": "โรงพยาบาลส่งเสริมสุขภาพตำบลบ้านหาดบ้าย", "nameEn": null, "cat": ["medical"], "province": "cr", "slug": "8899210209071", "rank": 1}}, {"type": "Feature", "geometry": {"type": "Point", "coordinates": [100.12194, 19.76203]}, "properties": {"id": "cr-moph-8899210209059", "name": "โรงพยาบาลส่งเสริมสุขภาพตำบลบ้านห้วยก้าง", "nameTh": "โรงพยาบาลส่งเสริมสุขภาพตำบลบ้านห้วยก้าง", "nameEn": null, "cat": ["medical"], "province": "cr", "slug": "8899210209059", "rank": 1}}, {"type": "Feature", "geometry": {"type": "Point", "coordinates": [99.83015, 20.2713]}, "properties": {"id": "cr-moph-8899210209061", "name": "โรงพยาบาลส่งเสริมสุขภาพตำบลบ้านห้วยน้ำขุ่น อำเภอแม่ฟ้าหลวง", "nameTh": "โรงพยาบาลส่งเสริมสุขภาพตำบลบ้านห้วยน้ำขุ่น อำเภอแม่ฟ้าหลวง", "nameEn": null, "cat": ["medical"], "province": "cr", "slug": "8899210209061", "rank": 1}}, {"type": "Feature", "geometry": {"type": "Point", "coordinates": [99.33503, 19.50112]}, "properties": {"id": "cr-moph-8899210209062", "name": "โรงพยาบาลส่งเสริมสุขภาพตำบลบ้านห้วยน้ำขุ่น อำเภอแม่สรวย", "nameTh": "โรงพยาบาลส่งเสริมสุขภาพตำบลบ้านห้วยน้ำขุ่น อำเภอแม่สรวย", "nameEn": null, "cat": ["medical"], "province": "cr", "slug": "8899210209062", "rank": 1}}, {"type": "Feature", "geometry": {"type": "Point", "coordinates": [99.74248, 20.10696]}, "properties": {"id": "cr-moph-8899210209063", "name": "โรงพยาบาลส่งเสริมสุขภาพตำบลบ้านห้วยมะหินฝน", "nameTh": "โรงพยาบาลส่งเสริมสุขภาพตำบลบ้านห้วยมะหินฝน", "nameEn": null, "cat": ["medical"], "province": "cr", "slug": "8899210209063", "rank": 1}}, {"type": "Feature", "geometry": {"type": "Point", "coordinates": [99.6916, 20.22471]}, "properties": {"id": "cr-moph-8899210209064", "name": "โรงพยาบาลส่งเสริมสุขภาพตำบลบ้านห้วยมุ", "nameTh": "โรงพยาบาลส่งเสริมสุขภาพตำบลบ้านห้วยมุ", "nameEn": null, "cat": ["medical"], "province": "cr", "slug": "8899210209064", "rank": 1}}, {"type": "Feature", "geometry": {"type": "Point", "coordinates": [100.54148, 20.15183]}, "properties": {"id": "cr-moph-8899210209066", "name": "โรงพยาบาลส่งเสริมสุขภาพตำบลบ้านห้วยลึก", "nameTh": "โรงพยาบาลส่งเสริมสุขภาพตำบลบ้านห้วยลึก", "nameEn": null, "cat": ["medical"], "province": "cr", "slug": "8899210209066", "rank": 1}}, {"type": "Feature", "geometry": {"type": "Point", "coordinates": [99.65651, 19.79105]}, "properties": {"id": "cr-moph-8899210209067", "name": "โรงพยาบาลส่งเสริมสุขภาพตำบลบ้านห้วยส้านพลับพลา", "nameTh": "โรงพยาบาลส่งเสริมสุขภาพตำบลบ้านห้วยส้านพลับพลา", "nameEn": null, "cat": ["medical"], "province": "cr", "slug": "8899210209067", "rank": 1}}, {"type": "Feature", "geometry": {"type": "Point", "coordinates": [99.64863, 19.74407]}, "properties": {"id": "cr-moph-8899210209068", "name": "โรงพยาบาลส่งเสริมสุขภาพตำบลบ้านห้วยส้านยาว", "nameTh": "โรงพยาบาลส่งเสริมสุขภาพตำบลบ้านห้วยส้านยาว", "nameEn": null, "cat": ["medical"], "province": "cr", "slug": "8899210209068", "rank": 1}}, {"type": "Feature", "geometry": {"type": "Point", "coordinates": [100.44079, 19.88784]}, "properties": {"id": "cr-moph-8899210209069", "name": "โรงพยาบาลส่งเสริมสุขภาพตำบลบ้านห้วยหาน", "nameTh": "โรงพยาบาลส่งเสริมสุขภาพตำบลบ้านห้วยหาน", "nameEn": null, "cat": ["medical"], "province": "cr", "slug": "8899210209069", "rank": 1}}, {"type": "Feature", "geometry": {"type": "Point", "coordinates": [99.73039, 19.98459]}, "properties": {"id": "cr-moph-8899210209065", "name": "โรงพยาบาลส่งเสริมสุขภาพตำบลบ้านห้วยแม่ซ้าย", "nameTh": "โรงพยาบาลส่งเสริมสุขภาพตำบลบ้านห้วยแม่ซ้าย", "nameEn": null, "cat": ["medical"], "province": "cr", "slug": "8899210209065", "rank": 1}}, {"type": "Feature", "geometry": {"type": "Point", "coordinates": [99.50366, 19.81786]}, "properties": {"id": "cr-moph-8899210209060", "name": "โรงพยาบาลส่งเสริมสุขภาพตำบลบ้านห้วยไคร้", "nameTh": "โรงพยาบาลส่งเสริมสุขภาพตำบลบ้านห้วยไคร้", "nameEn": null, "cat": ["medical"], "province": "cr", "slug": "8899210209060", "rank": 1}}, {"type": "Feature", "geometry": {"type": "Point", "coordinates": [99.75588, 20.20489]}, "properties": {"id": "cr-moph-8899210209075", "name": "โรงพยาบาลส่งเสริมสุขภาพตำบลบ้านอาโย๊ะ", "nameTh": "โรงพยาบาลส่งเสริมสุขภาพตำบลบ้านอาโย๊ะ", "nameEn": null, "cat": ["medical"], "province": "cr", "slug": "8899210209075", "rank": 1}}, {"type": "Feature", "geometry": {"type": "Point", "coordinates": [100.0436, 19.56533]}, "properties": {"id": "cr-moph-8899210207736", "name": "โรงพยาบาลส่งเสริมสุขภาพตำบลบ้านเกี๋ยง", "nameTh": "โรงพยาบาลส่งเสริมสุขภาพตำบลบ้านเกี๋ยง", "nameEn": null, "cat": ["medical"], "province": "cr", "slug": "8899210207736", "rank": 1}}, {"type": "Feature", "geometry": {"type": "Point", "coordinates": [100.3536, 20.15166]}, "properties": {"id": "cr-moph-8899210207738", "name": "โรงพยาบาลส่งเสริมสุขภาพตำบลบ้านเขียะ", "nameTh": "โรงพยาบาลส่งเสริมสุขภาพตำบลบ้านเขียะ", "nameEn": null, "cat": ["medical"], "province": "cr", "slug": "8899210207738", "rank": 1}}, {"type": "Feature", "geometry": {"type": "Point", "coordinates": [99.65898, 20.2477]}, "properties": {"id": "cr-moph-8899210208996", "name": "โรงพยาบาลส่งเสริมสุขภาพตำบลบ้านเทอดไทย", "nameTh": "โรงพยาบาลส่งเสริมสุขภาพตำบลบ้านเทอดไทย", "nameEn": null, "cat": ["medical"], "province": "cr", "slug": "8899210208996", "rank": 1}}, {"type": "Feature", "geometry": {"type": "Point", "coordinates": [100.35424, 20.3606]}, "properties": {"id": "cr-moph-8899210209024", "name": "โรงพยาบาลส่งเสริมสุขภาพตำบลบ้านเมืองกาญจน์", "nameTh": "โรงพยาบาลส่งเสริมสุขภาพตำบลบ้านเมืองกาญจน์", "nameEn": null, "cat": ["medical"], "province": "cr", "slug": "8899210209024", "rank": 1}}, {"type": "Feature", "geometry": {"type": "Point", "coordinates": [99.68889, 20.10954]}, "properties": {"id": "cr-moph-8899210209042", "name": "โรงพยาบาลส่งเสริมสุขภาพตำบลบ้านเล่าฝู", "nameTh": "โรงพยาบาลส่งเสริมสุขภาพตำบลบ้านเล่าฝู", "nameEn": null, "cat": ["medical"], "province": "cr", "slug": "8899210209042", "rank": 1}}, {"type": "Feature", "geometry": {"type": "Point", "coordinates": [99.59224, 20.27711]}, "properties": {"id": "cr-moph-8899210209043", "name": "โรงพยาบาลส่งเสริมสุขภาพตำบลบ้านเล่าลิ่ว", "nameTh": "โรงพยาบาลส่งเสริมสุขภาพตำบลบ้านเล่าลิ่ว", "nameEn": null, "cat": ["medical"], "province": "cr", "slug": "8899210209043", "rank": 1}}, {"type": "Feature", "geometry": {"type": "Point", "coordinates": [100.02763, 20.37732]}, "properties": {"id": "cr-moph-8899210209047", "name": "โรงพยาบาลส่งเสริมสุขภาพตำบลบ้านเวียงแก้ว", "nameTh": "โรงพยาบาลส่งเสริมสุขภาพตำบลบ้านเวียงแก้ว", "nameEn": null, "cat": ["medical"], "province": "cr", "slug": "8899210209047", "rank": 1}}, {"type": "Feature", "geometry": {"type": "Point", "coordinates": [99.70714, 19.59159]}, "properties": {"id": "cr-moph-8899210209025", "name": "โรงพยาบาลส่งเสริมสุขภาพตำบลบ้านแม่คาวหลวง", "nameTh": "โรงพยาบาลส่งเสริมสุขภาพตำบลบ้านแม่คาวหลวง", "nameEn": null, "cat": ["medical"], "province": "cr", "slug": "8899210209025", "rank": 1}}, {"type": "Feature", "geometry": {"type": "Point", "coordinates": [100.01863, 20.3078]}, "properties": {"id": "cr-moph-8899210209026", "name": "โรงพยาบาลส่งเสริมสุขภาพตำบลบ้านแม่คำ", "nameTh": "โรงพยาบาลส่งเสริมสุขภาพตำบลบ้านแม่คำ", "nameEn": null, "cat": ["medical"], "province": "cr", "slug": "8899210209026", "rank": 1}}, {"type": "Feature", "geometry": {"type": "Point", "coordinates": [99.97671, 20.29095]}, "properties": {"id": "cr-moph-8899210209027", "name": "โรงพยาบาลส่งเสริมสุขภาพตำบลบ้านแม่คำน้ำลัด", "nameTh": "โรงพยาบาลส่งเสริมสุขภาพตำบลบ้านแม่คำน้ำลัด", "nameEn": null, "cat": ["medical"], "province": "cr", "slug": "8899210209027", "rank": 1}}, {"type": "Feature", "geometry": {"type": "Point", "coordinates": [100.16373, 20.10801]}, "properties": {"id": "cr-moph-8899210209028", "name": "โรงพยาบาลส่งเสริมสุขภาพตำบลบ้านแม่บง", "nameTh": "โรงพยาบาลส่งเสริมสุขภาพตำบลบ้านแม่บง", "nameEn": null, "cat": ["medical"], "province": "cr", "slug": "8899210209028", "rank": 1}}, {"type": "Feature", "geometry": {"type": "Point", "coordinates": [99.45191, 19.40972]}, "properties": {"id": "cr-moph-8899210209029", "name": "โรงพยาบาลส่งเสริมสุขภาพตำบลบ้านแม่ปูนล่าง", "nameTh": "โรงพยาบาลส่งเสริมสุขภาพตำบลบ้านแม่ปูนล่าง", "nameEn": null, "cat": ["medical"], "province": "cr", "slug": "8899210209029", "rank": 1}}, {"type": "Feature", "geometry": {"type": "Point", "coordinates": [100.22511, 20.18932]}, "properties": {"id": "cr-moph-8899210209030", "name": "โรงพยาบาลส่งเสริมสุขภาพตำบลบ้านแม่แอบ", "nameTh": "โรงพยาบาลส่งเสริมสุขภาพตำบลบ้านแม่แอบ", "nameEn": null, "cat": ["medical"], "province": "cr", "slug": "8899210209030", "rank": 1}}, {"type": "Feature", "geometry": {"type": "Point", "coordinates": [99.50204, 19.32048]}, "properties": {"id": "cr-moph-8899210209012", "name": "โรงพยาบาลส่งเสริมสุขภาพตำบลบ้านโป่ง", "nameTh": "โรงพยาบาลส่งเสริมสุขภาพตำบลบ้านโป่ง", "nameEn": null, "cat": ["medical"], "province": "cr", "slug": "8899210209012", "rank": 1}}, {"type": "Feature", "geometry": {"type": "Point", "coordinates": [99.8307, 19.97698]}, "properties": {"id": "cr-moph-8899210209013", "name": "โรงพยาบาลส่งเสริมสุขภาพตำบลบ้านโป่งพระบาท", "nameTh": "โรงพยาบาลส่งเสริมสุขภาพตำบลบ้านโป่งพระบาท", "nameEn": null, "cat": ["medical"], "province": "cr", "slug": "8899210209013", "rank": 1}}, {"type": "Feature", "geometry": {"type": "Point", "coordinates": [99.5967, 19.72071]}, "properties": {"id": "cr-moph-8899210209014", "name": "โรงพยาบาลส่งเสริมสุขภาพตำบลบ้านโป่งฟูเฟือง", "nameTh": "โรงพยาบาลส่งเสริมสุขภาพตำบลบ้านโป่งฟูเฟือง", "nameEn": null, "cat": ["medical"], "province": "cr", "slug": "8899210209014", "rank": 1}}, {"type": "Feature", "geometry": {"type": "Point", "coordinates": [99.71843, 19.79288]}, "properties": {"id": "cr-moph-8899210209015", "name": "โรงพยาบาลส่งเสริมสุขภาพตำบลบ้านโป่งมอญ", "nameTh": "โรงพยาบาลส่งเสริมสุขภาพตำบลบ้านโป่งมอญ", "nameEn": null, "cat": ["medical"], "province": "cr", "slug": "8899210209015", "rank": 1}}, {"type": "Feature", "geometry": {"type": "Point", "coordinates": [99.97317, 19.67811]}, "properties": {"id": "cr-moph-8899210209044", "name": "โรงพยาบาลส่งเสริมสุขภาพตำบลบ้านโล๊ะป่าตุ้ม", "nameTh": "โรงพยาบาลส่งเสริมสุขภาพตำบลบ้านโล๊ะป่าตุ้ม", "nameEn": null, "cat": ["medical"], "province": "cr", "slug": "8899210209044", "rank": 1}}, {"type": "Feature", "geometry": {"type": "Point", "coordinates": [99.97313, 20.092]}, "properties": {"id": "cr-moph-8899210209045", "name": "โรงพยาบาลส่งเสริมสุขภาพตำบลบ้านโล๊ะป่าห้า", "nameTh": "โรงพยาบาลส่งเสริมสุขภาพตำบลบ้านโล๊ะป่าห้า", "nameEn": null, "cat": ["medical"], "province": "cr", "slug": "8899210209045", "rank": 1}}, {"type": "Feature", "geometry": {"type": "Point", "coordinates": [100.31094, 20.09148]}, "properties": {"id": "cr-moph-8899210209072", "name": "โรงพยาบาลส่งเสริมสุขภาพตำบลบ้านใหม่ดอนแก้ว", "nameTh": "โรงพยาบาลส่งเสริมสุขภาพตำบลบ้านใหม่ดอนแก้ว", "nameEn": null, "cat": ["medical"], "province": "cr", "slug": "8899210209072", "rank": 1}}, {"type": "Feature", "geometry": {"type": "Point", "coordinates": [99.85865, 19.58037]}, "properties": {"id": "cr-moph-8899210209073", "name": "โรงพยาบาลส่งเสริมสุขภาพตำบลบ้านใหม่ท่าเรือ", "nameTh": "โรงพยาบาลส่งเสริมสุขภาพตำบลบ้านใหม่ท่าเรือ", "nameEn": null, "cat": ["medical"], "province": "cr", "slug": "8899210209073", "rank": 1}}, {"type": "Feature", "geometry": {"type": "Point", "coordinates": [99.82375, 20.18692]}, "properties": {"id": "cr-moph-8899210209074", "name": "โรงพยาบาลส่งเสริมสุขภาพตำบลบ้านใหม่พัฒนา", "nameTh": "โรงพยาบาลส่งเสริมสุขภาพตำบลบ้านใหม่พัฒนา", "nameEn": null, "cat": ["medical"], "province": "cr", "slug": "8899210209074", "rank": 1}}, {"type": "Feature", "geometry": {"type": "Point", "coordinates": [100.2458, 20.30088]}, "properties": {"id": "cr-moph-8899210209041", "name": "โรงพยาบาลส่งเสริมสุขภาพตำบลบ้านไร่", "nameTh": "โรงพยาบาลส่งเสริมสุขภาพตำบลบ้านไร่", "nameEn": null, "cat": ["medical"], "province": "cr", "slug": "8899210209041", "rank": 1}}, {"type": "Feature", "geometry": {"type": "Point", "coordinates": [100.06988, 20.10198]}, "properties": {"id": "cr-moph-8899210209077", "name": "โรงพยาบาลส่งเสริมสุขภาพตำบลปงน้อย", "nameTh": "โรงพยาบาลส่งเสริมสุขภาพตำบลปงน้อย", "nameEn": null, "cat": ["medical"], "province": "cr", "slug": "8899210209077", "rank": 1}}, {"type": "Feature", "geometry": {"type": "Point", "coordinates": [100.09109, 19.65213]}, "properties": {"id": "cr-moph-8899210209078", "name": "โรงพยาบาลส่งเสริมสุขภาพตำบลปล้อง", "nameTh": "โรงพยาบาลส่งเสริมสุขภาพตำบลปล้อง", "nameEn": null, "cat": ["medical"], "province": "cr", "slug": "8899210209078", "rank": 1}}, {"type": "Feature", "geometry": {"type": "Point", "coordinates": [100.48787, 20.01771]}, "properties": {"id": "cr-moph-8899210209079", "name": "โรงพยาบาลส่งเสริมสุขภาพตำบลปอ", "nameTh": "โรงพยาบาลส่งเสริมสุขภาพตำบลปอ", "nameEn": null, "cat": ["medical"], "province": "cr", "slug": "8899210209079", "rank": 1}}, {"type": "Feature", "geometry": {"type": "Point", "coordinates": [99.73795, 19.77219]}, "properties": {"id": "cr-moph-8899210209080", "name": "โรงพยาบาลส่งเสริมสุขภาพตำบลป่าก่อดำ", "nameTh": "โรงพยาบาลส่งเสริมสุขภาพตำบลป่าก่อดำ", "nameEn": null, "cat": ["medical"], "province": "cr", "slug": "8899210209080", "rank": 1}}, {"type": "Feature", "geometry": {"type": "Point", "coordinates": [99.51201, 19.29574]}, "properties": {"id": "cr-moph-8899210209081", "name": "โรงพยาบาลส่งเสริมสุขภาพตำบลป่างิ้ว", "nameTh": "โรงพยาบาลส่งเสริมสุขภาพตำบลป่างิ้ว", "nameEn": null, "cat": ["medical"], "province": "cr", "slug": "8899210209081", "rank": 1}}, {"type": "Feature", "geometry": {"type": "Point", "coordinates": [100.09626, 20.02376]}, "properties": {"id": "cr-moph-8899210209083", "name": "โรงพยาบาลส่งเสริมสุขภาพตำบลป่าซาง", "nameTh": "โรงพยาบาลส่งเสริมสุขภาพตำบลป่าซาง", "nameEn": null, "cat": ["medical"], "province": "cr", "slug": "8899210209083", "rank": 1}}, {"type": "Feature", "geometry": {"type": "Point", "coordinates": [100.26727, 19.84108]}, "properties": {"id": "cr-moph-8899210209086", "name": "โรงพยาบาลส่งเสริมสุขภาพตำบลป่าตาล", "nameTh": "โรงพยาบาลส่งเสริมสุขภาพตำบลป่าตาล", "nameEn": null, "cat": ["medical"], "province": "cr", "slug": "8899210209086", "rank": 1}}, {"type": "Feature", "geometry": {"type": "Point", "coordinates": [99.83634, 20.13336]}, "properties": {"id": "cr-moph-8899210209087", "name": "โรงพยาบาลส่งเสริมสุขภาพตำบลป่าตึง", "nameTh": "โรงพยาบาลส่งเสริมสุขภาพตำบลป่าตึง", "nameEn": null, "cat": ["medical"], "province": "cr", "slug": "8899210209087", "rank": 1}}, {"type": "Feature", "geometry": {"type": "Point", "coordinates": [99.98969, 20.26683]}, "properties": {"id": "cr-moph-8899210209088", "name": "โรงพยาบาลส่งเสริมสุขภาพตำบลป่าสัก", "nameTh": "โรงพยาบาลส่งเสริมสุขภาพตำบลป่าสัก", "nameEn": null, "cat": ["medical"], "province": "cr", "slug": "8899210209088", "rank": 1}}, {"type": "Feature", "geometry": {"type": "Point", "coordinates": [99.70782, 19.56669]}, "properties": {"id": "cr-moph-8899210209089", "name": "โรงพยาบาลส่งเสริมสุขภาพตำบลป่าหุ่ง", "nameTh": "โรงพยาบาลส่งเสริมสุขภาพตำบลป่าหุ่ง", "nameEn": null, "cat": ["medical"], "province": "cr", "slug": "8899210209089", "rank": 1}}, {"type": "Feature", "geometry": {"type": "Point", "coordinates": [99.76633, 19.84203]}, "properties": {"id": "cr-moph-8899210209090", "name": "โรงพยาบาลส่งเสริมสุขภาพตำบลป่าอ้อดอนชัย", "nameTh": "โรงพยาบาลส่งเสริมสุขภาพตำบลป่าอ้อดอนชัย", "nameEn": null, "cat": ["medical"], "province": "cr", "slug": "8899210209090", "rank": 1}}, {"type": "Feature", "geometry": {"type": "Point", "coordinates": [99.98979, 19.57237]}, "properties": {"id": "cr-moph-8899210209082", "name": "โรงพยาบาลส่งเสริมสุขภาพตำบลป่าแงะ", "nameTh": "โรงพยาบาลส่งเสริมสุขภาพตำบลป่าแงะ", "nameEn": null, "cat": ["medical"], "province": "cr", "slug": "8899210209082", "rank": 1}}, {"type": "Feature", "geometry": {"type": "Point", "coordinates": [99.99316, 19.49746]}, "properties": {"id": "cr-moph-8899210209084", "name": "โรงพยาบาลส่งเสริมสุขภาพตำบลป่าแดด อำเภอป่าแดด", "nameTh": "โรงพยาบาลส่งเสริมสุขภาพตำบลป่าแดด อำเภอป่าแดด", "nameEn": null, "cat": ["medical"], "province": "cr", "slug": "8899210209084", "rank": 1}}, {"type": "Feature", "geometry": {"type": "Point", "coordinates": [99.47942, 19.63431]}, "properties": {"id": "cr-moph-8899210209085", "name": "โรงพยาบาลส่งเสริมสุขภาพตำบลป่าแดด อำเภอแม่สรวย", "nameTh": "โรงพยาบาลส่งเสริมสุขภาพตำบลป่าแดด อำเภอแม่สรวย", "nameEn": null, "cat": ["medical"], "province": "cr", "slug": "8899210209085", "rank": 1}}, {"type": "Feature", "geometry": {"type": "Point", "coordinates": [100.04075, 19.85713]}, "properties": {"id": "cr-moph-8899210209094", "name": "โรงพยาบาลส่งเสริมสุขภาพตำบลผางาม", "nameTh": "โรงพยาบาลส่งเสริมสุขภาพตำบลผางาม", "nameEn": null, "cat": ["medical"], "province": "cr", "slug": "8899210209094", "rank": 1}}, {"type": "Feature", "geometry": {"type": "Point", "coordinates": [99.60347, 20.0233]}, "properties": {"id": "cr-moph-8899210209095", "name": "โรงพยาบาลส่งเสริมสุขภาพตำบลพนาสวรรค์", "nameTh": "โรงพยาบาลส่งเสริมสุขภาพตำบลพนาสวรรค์", "nameEn": null, "cat": ["medical"], "province": "cr", "slug": "8899210209095", "rank": 1}}, {"type": "Feature", "geometry": {"type": "Point", "coordinates": [100.40282, 20.10083]}, "properties": {"id": "cr-moph-8899210209096", "name": "โรงพยาบาลส่งเสริมสุขภาพตำบลม่วงชุม", "nameTh": "โรงพยาบาลส่งเสริมสุขภาพตำบลม่วงชุม", "nameEn": null, "cat": ["medical"], "province": "cr", "slug": "8899210209096", "rank": 1}}, {"type": "Feature", "geometry": {"type": "Point", "coordinates": [100.51298, 20.11119]}, "properties": {"id": "cr-moph-8899210209097", "name": "โรงพยาบาลส่งเสริมสุขภาพตำบลม่วงยาย", "nameTh": "โรงพยาบาลส่งเสริมสุขภาพตำบลม่วงยาย", "nameEn": null, "cat": ["medical"], "province": "cr", "slug": "8899210209097", "rank": 1}}, {"type": "Feature", "geometry": {"type": "Point", "coordinates": [100.51314, 20.11124]}, "properties": {"id": "cr-osm-way-297707197", "name": "โรงพยาบาลส่งเสริมสุขภาพตำบลม่วงยาย", "nameTh": "โรงพยาบาลส่งเสริมสุขภาพตำบลม่วงยาย", "nameEn": "Muang Yai Subdistrict Health Promotion Hospital", "cat": ["medical"], "province": "cr", "slug": "muang-yai-subdistrict-health-promotion-hospital-297707197", "rank": 2}}, {"type": "Feature", "geometry": {"type": "Point", "coordinates": [100.30901, 19.93639]}, "properties": {"id": "cr-moph-8899210210188", "name": "โรงพยาบาลส่งเสริมสุขภาพตำบลยางฮอม", "nameTh": "โรงพยาบาลส่งเสริมสุขภาพตำบลยางฮอม", "nameEn": null, "cat": ["medical"], "province": "cr", "slug": "8899210210188", "rank": 1}}, {"type": "Feature", "geometry": {"type": "Point", "coordinates": [99.7878, 19.90464]}, "properties": {"id": "cr-moph-8899210210190", "name": "โรงพยาบาลส่งเสริมสุขภาพตำบลรอบเวียง", "nameTh": "โรงพยาบาลส่งเสริมสุขภาพตำบลรอบเวียง", "nameEn": null, "cat": ["medical"], "province": "cr", "slug": "8899210210190", "rank": 1}}, {"type": "Feature", "geometry": {"type": "Point", "coordinates": [99.90864, 19.93758]}, "properties": {"id": "cr-moph-8899210210191", "name": "โรงพยาบาลส่งเสริมสุขภาพตำบลริมกก", "nameTh": "โรงพยาบาลส่งเสริมสุขภาพตำบลริมกก", "nameEn": null, "cat": ["medical"], "province": "cr", "slug": "8899210210191", "rank": 1}}, {"type": "Feature", "geometry": {"type": "Point", "coordinates": [99.83984, 20.21093]}, "properties": {"id": "cr-moph-8899210210198", "name": "โรงพยาบาลส่งเสริมสุขภาพตำบลศรีค้ำ", "nameTh": "โรงพยาบาลส่งเสริมสุขภาพตำบลศรีค้ำ", "nameEn": null, "cat": ["medical"], "province": "cr", "slug": "8899210210198", "rank": 1}}, {"type": "Feature", "geometry": {"type": "Point", "coordinates": [100.41136, 20.15072]}, "properties": {"id": "cr-moph-8899210210199", "name": "โรงพยาบาลส่งเสริมสุขภาพตำบลศรีดอนชัย", "nameTh": "โรงพยาบาลส่งเสริมสุขภาพตำบลศรีดอนชัย", "nameEn": null, "cat": ["medical"], "province": "cr", "slug": "8899210210199", "rank": 1}}, {"type": "Feature", "geometry": {"type": "Point", "coordinates": [99.99153, 20.30351]}, "properties": {"id": "cr-moph-8899210210201", "name": "โรงพยาบาลส่งเสริมสุขภาพตำบลศรีดอนมูล", "nameTh": "โรงพยาบาลส่งเสริมสุขภาพตำบลศรีดอนมูล", "nameEn": null, "cat": ["medical"], "province": "cr", "slug": "8899210210201", "rank": 1}}, {"type": "Feature", "geometry": {"type": "Point", "coordinates": [100.08351, 19.60888]}, "properties": {"id": "cr-moph-8899210210200", "name": "โรงพยาบาลส่งเสริมสุขภาพตำบลศรีดอนไชย", "nameTh": "โรงพยาบาลส่งเสริมสุขภาพตำบลศรีดอนไชย", "nameEn": null, "cat": ["medical"], "province": "cr", "slug": "8899210210200", "rank": 1}}, {"type": "Feature", "geometry": {"type": "Point", "coordinates": [99.47541, 19.59384]}, "properties": {"id": "cr-moph-8899210210202", "name": "โรงพยาบาลส่งเสริมสุขภาพตำบลศรีถ้อย", "nameTh": "โรงพยาบาลส่งเสริมสุขภาพตำบลศรีถ้อย", "nameEn": null, "cat": ["medical"], "province": "cr", "slug": "8899210210202", "rank": 1}}, {"type": "Feature", "geometry": {"type": "Point", "coordinates": [99.95757, 20.37285]}, "properties": {"id": "cr-moph-8899210210204", "name": "โรงพยาบาลส่งเสริมสุขภาพตำบลศรีเมืองชุม", "nameTh": "โรงพยาบาลส่งเสริมสุขภาพตำบลศรีเมืองชุม", "nameEn": null, "cat": ["medical"], "province": "cr", "slug": "8899210210204", "rank": 1}}, {"type": "Feature", "geometry": {"type": "Point", "coordinates": [99.96636, 19.44817]}, "properties": {"id": "cr-moph-8899210210203", "name": "โรงพยาบาลส่งเสริมสุขภาพตำบลศรีโพธิ์เงิน", "nameTh": "โรงพยาบาลส่งเสริมสุขภาพตำบลศรีโพธิ์เงิน", "nameEn": null, "cat": ["medical"], "province": "cr", "slug": "8899210210203", "rank": 1}}, {"type": "Feature", "geometry": {"type": "Point", "coordinates": [100.38421, 20.21531]}, "properties": {"id": "cr-moph-8899210210205", "name": "โรงพยาบาลส่งเสริมสุขภาพตำบลสถาน", "nameTh": "โรงพยาบาลส่งเสริมสุขภาพตำบลสถาน", "nameEn": null, "cat": ["medical"], "province": "cr", "slug": "8899210210205", "rank": 1}}, {"type": "Feature", "geometry": {"type": "Point", "coordinates": [99.73806, 19.59443]}, "properties": {"id": "cr-moph-8899210210206", "name": "โรงพยาบาลส่งเสริมสุขภาพตำบลสันกลาง", "nameTh": "โรงพยาบาลส่งเสริมสุขภาพตำบลสันกลาง", "nameEn": null, "cat": ["medical"], "province": "cr", "slug": "8899210210206", "rank": 1}}, {"type": "Feature", "geometry": {"type": "Point", "coordinates": [99.77623, 19.56995]}, "properties": {"id": "cr-moph-8899210210207", "name": "โรงพยาบาลส่งเสริมสุขภาพตำบลสันติสุข", "nameTh": "โรงพยาบาลส่งเสริมสุขภาพตำบลสันติสุข", "nameEn": null, "cat": ["medical"], "province": "cr", "slug": "8899210210207", "rank": 1}}, {"type": "Feature", "geometry": {"type": "Point", "coordinates": [99.81583, 19.85674]}, "properties": {"id": "cr-moph-8899210210208", "name": "โรงพยาบาลส่งเสริมสุขภาพตำบลสันทราย อำเภอเมืองเชียงราย", "nameTh": "โรงพยาบาลส่งเสริมสุขภาพตำบลสันทราย อำเภอเมืองเชียงราย", "nameEn": null, "cat": ["medical"], "province": "cr", "slug": "8899210210208", "rank": 1}}, {"type": "Feature", "geometry": {"type": "Point", "coordinates": [99.88675, 20.18307]}, "properties": {"id": "cr-moph-8899210210209", "name": "โรงพยาบาลส่งเสริมสุขภาพตำบลสันทราย อำเภอแม่จัน", "nameTh": "โรงพยาบาลส่งเสริมสุขภาพตำบลสันทราย อำเภอแม่จัน", "nameEn": null, "cat": ["medical"], "province": "cr", "slug": "8899210210209", "rank": 1}}, {"type": "Feature", "geometry": {"type": "Point", "coordinates": [100.17842, 19.75191]}, "properties": {"id": "cr-moph-8899210210210", "name": "โรงพยาบาลส่งเสริมสุขภาพตำบลสันทรายงาม", "nameTh": "โรงพยาบาลส่งเสริมสุขภาพตำบลสันทรายงาม", "nameEn": null, "cat": ["medical"], "province": "cr", "slug": "8899210210210", "rank": 1}}, {"type": "Feature", "geometry": {"type": "Point", "coordinates": [100.0063, 19.46079]}, "properties": {"id": "cr-moph-8899210210211", "name": "โรงพยาบาลส่งเสริมสุขภาพตำบลสันมะค่า", "nameTh": "โรงพยาบาลส่งเสริมสุขภาพตำบลสันมะค่า", "nameEn": null, "cat": ["medical"], "province": "cr", "slug": "8899210210211", "rank": 1}}, {"type": "Feature", "geometry": {"type": "Point", "coordinates": [99.84523, 19.61147]}, "properties": {"id": "cr-moph-8899210210212", "name": "โรงพยาบาลส่งเสริมสุขภาพตำบลสันมะเค็ด", "nameTh": "โรงพยาบาลส่งเสริมสุขภาพตำบลสันมะเค็ด", "nameEn": null, "cat": ["medical"], "province": "cr", "slug": "8899210210212", "rank": 1}}, {"type": "Feature", "geometry": {"type": "Point", "coordinates": [99.50458, 19.38493]}, "properties": {"id": "cr-moph-8899210210213", "name": "โรงพยาบาลส่งเสริมสุขภาพตำบลสันสลี", "nameTh": "โรงพยาบาลส่งเสริมสุขภาพตำบลสันสลี", "nameEn": null, "cat": ["medical"], "province": "cr", "slug": "8899210210213", "rank": 1}}, {"type": "Feature", "geometry": {"type": "Point", "coordinates": [100.262, 19.66887]}, "properties": {"id": "cr-moph-8899210210214", "name": "โรงพยาบาลส่งเสริมสุขภาพตำบลหงาว", "nameTh": "โรงพยาบาลส่งเสริมสุขภาพตำบลหงาว", "nameEn": null, "cat": ["medical"], "province": "cr", "slug": "8899210210214", "rank": 1}}, {"type": "Feature", "geometry": {"type": "Point", "coordinates": [100.13863, 20.20526]}, "properties": {"id": "cr-moph-8899210210215", "name": "โรงพยาบาลส่งเสริมสุขภาพตำบลหนองป่าก่อ", "nameTh": "โรงพยาบาลส่งเสริมสุขภาพตำบลหนองป่าก่อ", "nameEn": null, "cat": ["medical"], "province": "cr", "slug": "8899210210215", "rank": 1}}, {"type": "Feature", "geometry": {"type": "Point", "coordinates": [100.10957, 19.62631]}, "properties": {"id": "cr-moph-8899210210216", "name": "โรงพยาบาลส่งเสริมสุขภาพตำบลหนองแรด", "nameTh": "โรงพยาบาลส่งเสริมสุขภาพตำบลหนองแรด", "nameEn": null, "cat": ["medical"], "province": "cr", "slug": "8899210210216", "rank": 1}}, {"type": "Feature", "geometry": {"type": "Point", "coordinates": [100.50105, 20.12895]}, "properties": {"id": "cr-moph-8899210210217", "name": "โรงพยาบาลส่งเสริมสุขภาพตำบลหล่ายงาว", "nameTh": "โรงพยาบาลส่งเสริมสุขภาพตำบลหล่ายงาว", "nameEn": null, "cat": ["medical"], "province": "cr", "slug": "8899210210217", "rank": 1}}, {"type": "Feature", "geometry": {"type": "Point", "coordinates": [99.78644, 19.52409]}, "properties": {"id": "cr-moph-8899210210222", "name": "โรงพยาบาลส่งเสริมสุขภาพตำบลหัวง้ม", "nameTh": "โรงพยาบาลส่งเสริมสุขภาพตำบลหัวง้ม", "nameEn": null, "cat": ["medical"], "province": "cr", "slug": "8899210210222", "rank": 1}}, {"type": "Feature", "geometry": {"type": "Point", "coordinates": [99.51166, 19.97055]}, "properties": {"id": "cr-moph-8899210210219", "name": "โรงพยาบาลส่งเสริมสุขภาพตำบลห้วยชมภู", "nameTh": "โรงพยาบาลส่งเสริมสุขภาพตำบลห้วยชมภู", "nameEn": null, "cat": ["medical"], "province": "cr", "slug": "8899210210219", "rank": 1}}, {"type": "Feature", "geometry": {"type": "Point", "coordinates": [100.29513, 20.04643]}, "properties": {"id": "cr-moph-8899210210220", "name": "โรงพยาบาลส่งเสริมสุขภาพตำบลห้วยซ้อ", "nameTh": "โรงพยาบาลส่งเสริมสุขภาพตำบลห้วยซ้อ", "nameEn": null, "cat": ["medical"], "province": "cr", "slug": "8899210210220", "rank": 1}}, {"type": "Feature", "geometry": {"type": "Point", "coordinates": [99.91021, 19.77822]}, "properties": {"id": "cr-moph-8899210210221", "name": "โรงพยาบาลส่งเสริมสุขภาพตำบลห้วยสัก", "nameTh": "โรงพยาบาลส่งเสริมสุขภาพตำบลห้วยสัก", "nameEn": null, "cat": ["medical"], "province": "cr", "slug": "8899210210221", "rank": 1}}, {"type": "Feature", "geometry": {"type": "Point", "coordinates": [99.86428, 20.27707]}, "properties": {"id": "cr-moph-8899210210218", "name": "โรงพยาบาลส่งเสริมสุขภาพตำบลห้วยไคร้", "nameTh": "โรงพยาบาลส่งเสริมสุขภาพตำบลห้วยไคร้", "nameEn": null, "cat": ["medical"], "province": "cr", "slug": "8899210210218", "rank": 1}}, {"type": "Feature", "geometry": {"type": "Point", "coordinates": [99.98306, 20.42093]}, "properties": {"id": "cr-moph-8899210207708", "name": "โรงพยาบาลส่งเสริมสุขภาพตำบลเกาะช้าง", "nameTh": "โรงพยาบาลส่งเสริมสุขภาพตำบลเกาะช้าง", "nameEn": null, "cat": ["medical"], "province": "cr", "slug": "8899210207708", "rank": 1}}, {"type": "Feature", "geometry": {"type": "Point", "coordinates": [99.49351, 19.57422]}, "properties": {"id": "cr-moph-8899210207715", "name": "โรงพยาบาลส่งเสริมสุขภาพตำบลเจดีย์หลวง", "nameTh": "โรงพยาบาลส่งเสริมสุขภาพตำบลเจดีย์หลวง", "nameEn": null, "cat": ["medical"], "province": "cr", "slug": "8899210207715", "rank": 1}}, {"type": "Feature", "geometry": {"type": "Point", "coordinates": [99.75827, 19.606]}, "properties": {"id": "cr-moph-8899210207716", "name": "โรงพยาบาลส่งเสริมสุขภาพตำบลเจริญเมือง", "nameTh": "โรงพยาบาลส่งเสริมสุขภาพตำบลเจริญเมือง", "nameEn": null, "cat": ["medical"], "province": "cr", "slug": "8899210207716", "rank": 1}}, {"type": "Feature", "geometry": {"type": "Point", "coordinates": [99.9872, 19.60554]}, "properties": {"id": "cr-moph-8899210207717", "name": "โรงพยาบาลส่งเสริมสุขภาพตำบลเชียงเคี่ยน", "nameTh": "โรงพยาบาลส่งเสริมสุขภาพตำบลเชียงเคี่ยน", "nameEn": null, "cat": ["medical"], "province": "cr", "slug": "8899210207717", "rank": 1}}, {"type": "Feature", "geometry": {"type": "Point", "coordinates": [99.95728, 19.89476]}, "properties": {"id": "cr-moph-8899210210170", "name": "โรงพยาบาลส่งเสริมสุขภาพตำบลเมืองชุม", "nameTh": "โรงพยาบาลส่งเสริมสุขภาพตำบลเมืองชุม", "nameEn": null, "cat": ["medical"], "province": "cr", "slug": "8899210210170", "rank": 1}}, {"type": "Feature", "geometry": {"type": "Point", "coordinates": [99.74052, 19.55302]}, "properties": {"id": "cr-moph-8899210210171", "name": "โรงพยาบาลส่งเสริมสุขภาพตำบลเมืองพาน", "nameTh": "โรงพยาบาลส่งเสริมสุขภาพตำบลเมืองพาน", "nameEn": null, "cat": ["medical"], "province": "cr", "slug": "8899210210171", "rank": 1}}, {"type": "Feature", "geometry": {"type": "Point", "coordinates": [100.1562, 19.83935]}, "properties": {"id": "cr-moph-8899210209098", "name": "โรงพยาบาลส่งเสริมสุขภาพตำบลเม็งราย", "nameTh": "โรงพยาบาลส่งเสริมสุขภาพตำบลเม็งราย", "nameEn": null, "cat": ["medical"], "province": "cr", "slug": "8899210209098", "rank": 1}}, {"type": "Feature", "geometry": {"type": "Point", "coordinates": [100.08793, 20.27586]}, "properties": {"id": "cr-moph-8899210210193", "name": "โรงพยาบาลส่งเสริมสุขภาพตำบลเวียง", "nameTh": "โรงพยาบาลส่งเสริมสุขภาพตำบลเวียง", "nameEn": null, "cat": ["medical"], "province": "cr", "slug": "8899210210193", "rank": 1}}, {"type": "Feature", "geometry": {"type": "Point", "coordinates": [99.51552, 19.23769]}, "properties": {"id": "cr-moph-8899210210194", "name": "โรงพยาบาลส่งเสริมสุขภาพตำบลเวียงกาหลง", "nameTh": "โรงพยาบาลส่งเสริมสุขภาพตำบลเวียงกาหลง", "nameEn": null, "cat": ["medical"], "province": "cr", "slug": "8899210210194", "rank": 1}}, {"type": "Feature", "geometry": {"type": "Point", "coordinates": [99.9319, 19.88484]}, "properties": {"id": "cr-moph-8899210210195", "name": "โรงพยาบาลส่งเสริมสุขภาพตำบลเวียงชัย", "nameTh": "โรงพยาบาลส่งเสริมสุขภาพตำบลเวียงชัย", "nameEn": null, "cat": ["medical"], "province": "cr", "slug": "8899210210195", "rank": 1}}, {"type": "Feature", "geometry": {"type": "Point", "coordinates": [99.85385, 19.52541]}, "properties": {"id": "cr-moph-8899210210196", "name": "โรงพยาบาลส่งเสริมสุขภาพตำบลเวียงห้าว", "nameTh": "โรงพยาบาลส่งเสริมสุขภาพตำบลเวียงห้าว", "nameEn": null, "cat": ["medical"], "province": "cr", "slug": "8899210210196", "rank": 1}}, {"type": "Feature", "geometry": {"type": "Point", "coordinates": [99.93665, 19.91335]}, "properties": {"id": "cr-moph-8899210210197", "name": "โรงพยาบาลส่งเสริมสุขภาพตำบลเวียงเหนือ", "nameTh": "โรงพยาบาลส่งเสริมสุขภาพตำบลเวียงเหนือ", "nameEn": null, "cat": ["medical"], "province": "cr", "slug": "8899210210197", "rank": 1}}, {"type": "Feature", "geometry": {"type": "Point", "coordinates": [100.13843, 20.2212]}, "properties": {"id": "cr-moph-8899210207718", "name": "โรงพยาบาลส่งเสริมสุขภาพตำบลแซว", "nameTh": "โรงพยาบาลส่งเสริมสุขภาพตำบลแซว", "nameEn": null, "cat": ["medical"], "province": "cr", "slug": "8899210207718", "rank": 1}}, {"type": "Feature", "geometry": {"type": "Point", "coordinates": [99.70996, 19.83655]}, "properties": {"id": "cr-moph-8899210210172", "name": "โรงพยาบาลส่งเสริมสุขภาพตำบลแม่กรณ์", "nameTh": "โรงพยาบาลส่งเสริมสุขภาพตำบลแม่กรณ์", "nameEn": null, "cat": ["medical"], "province": "cr", "slug": "8899210210172", "rank": 1}}, {"type": "Feature", "geometry": {"type": "Point", "coordinates": [99.85665, 20.22937]}, "properties": {"id": "cr-moph-8899210210174", "name": "โรงพยาบาลส่งเสริมสุขภาพตำบลแม่คำ", "nameTh": "โรงพยาบาลส่งเสริมสุขภาพตำบลแม่คำ", "nameEn": null, "cat": ["medical"], "province": "cr", "slug": "8899210210174", "rank": 1}}, {"type": "Feature", "geometry": {"type": "Point", "coordinates": [100.25137, 19.93962]}, "properties": {"id": "cr-moph-8899210210178", "name": "โรงพยาบาลส่งเสริมสุขภาพตำบลแม่ต๋ำ", "nameTh": "โรงพยาบาลส่งเสริมสุขภาพตำบลแม่ต๋ำ", "nameEn": null, "cat": ["medical"], "province": "cr", "slug": "8899210210178", "rank": 1}}, {"type": "Feature", "geometry": {"type": "Point", "coordinates": [99.78382, 19.9529]}, "properties": {"id": "cr-moph-8899210210180", "name": "โรงพยาบาลส่งเสริมสุขภาพตำบลแม่ยาว", "nameTh": "โรงพยาบาลส่งเสริมสุขภาพตำบลแม่ยาว", "nameEn": null, "cat": ["medical"], "province": "cr", "slug": "8899210210180", "rank": 1}}, {"type": "Feature", "geometry": {"type": "Point", "coordinates": [100.06026, 19.59171]}, "properties": {"id": "cr-moph-8899210210183", "name": "โรงพยาบาลส่งเสริมสุขภาพตำบลแม่ลอย", "nameTh": "โรงพยาบาลส่งเสริมสุขภาพตำบลแม่ลอย", "nameEn": null, "cat": ["medical"], "province": "cr", "slug": "8899210210183", "rank": 1}}, {"type": "Feature", "geometry": {"type": "Point", "coordinates": [99.54236, 19.65627]}, "properties": {"id": "cr-moph-8899210210184", "name": "โรงพยาบาลส่งเสริมสุขภาพตำบลแม่สรวย", "nameTh": "โรงพยาบาลส่งเสริมสุขภาพตำบลแม่สรวย", "nameEn": null, "cat": ["medical"], "province": "cr", "slug": "8899210210184", "rank": 1}}, {"type": "Feature", "geometry": {"type": "Point", "coordinates": [99.91375, 20.44005]}, "properties": {"id": "cr-moph-8899210210185", "name": "โรงพยาบาลส่งเสริมสุขภาพตำบลแม่สาย", "nameTh": "โรงพยาบาลส่งเสริมสุขภาพตำบลแม่สาย", "nameEn": null, "cat": ["medical"], "province": "cr", "slug": "8899210210185", "rank": 1}}, {"type": "Feature", "geometry": {"type": "Point", "coordinates": [99.85139, 19.66084]}, "properties": {"id": "cr-moph-8899210210186", "name": "โรงพยาบาลส่งเสริมสุขภาพตำบลแม่อ้อ", "nameTh": "โรงพยาบาลส่งเสริมสุขภาพตำบลแม่อ้อ", "nameEn": null, "cat": ["medical"], "province": "cr", "slug": "8899210210186", "rank": 1}}, {"type": "Feature", "geometry": {"type": "Point", "coordinates": [100.21182, 20.30993]}, "properties": {"id": "cr-moph-8899210210175", "name": "โรงพยาบาลส่งเสริมสุขภาพตำบลแม่เงิน", "nameTh": "โรงพยาบาลส่งเสริมสุขภาพตำบลแม่เงิน", "nameEn": null, "cat": ["medical"], "province": "cr", "slug": "8899210210175", "rank": 1}}, {"type": "Feature", "geometry": {"type": "Point", "coordinates": [99.51537, 19.2031]}, "properties": {"id": "cr-moph-8899210210176", "name": "โรงพยาบาลส่งเสริมสุขภาพตำบลแม่เจดีย์", "nameTh": "โรงพยาบาลส่งเสริมสุขภาพตำบลแม่เจดีย์", "nameEn": null, "cat": ["medical"], "province": "cr", "slug": "8899210210176", "rank": 1}}, {"type": "Feature", "geometry": {"type": "Point", "coordinates": [99.49988, 19.15182]}, "properties": {"id": "cr-moph-8899210210177", "name": "โรงพยาบาลส่งเสริมสุขภาพตำบลแม่เจดีย์ใหม่", "nameTh": "โรงพยาบาลส่งเสริมสุขภาพตำบลแม่เจดีย์ใหม่", "nameEn": null, "cat": ["medical"], "province": "cr", "slug": "8899210210177", "rank": 1}}, {"type": "Feature", "geometry": {"type": "Point", "coordinates": [100.10813, 19.89401]}, "properties": {"id": "cr-moph-8899210210179", "name": "โรงพยาบาลส่งเสริมสุขภาพตำบลแม่เปา", "nameTh": "โรงพยาบาลส่งเสริมสุขภาพตำบลแม่เปา", "nameEn": null, "cat": ["medical"], "province": "cr", "slug": "8899210210179", "rank": 1}}, {"type": "Feature", "geometry": {"type": "Point", "coordinates": [99.75743, 19.45336]}, "properties": {"id": "cr-moph-8899210210181", "name": "โรงพยาบาลส่งเสริมสุขภาพตำบลแม่เย็น", "nameTh": "โรงพยาบาลส่งเสริมสุขภาพตำบลแม่เย็น", "nameEn": null, "cat": ["medical"], "province": "cr", "slug": "8899210210181", "rank": 1}}, {"type": "Feature", "geometry": {"type": "Point", "coordinates": [99.85574, 20.26423]}, "properties": {"id": "cr-moph-8899210210182", "name": "โรงพยาบาลส่งเสริมสุขภาพตำบลแม่ไร่", "nameTh": "โรงพยาบาลส่งเสริมสุขภาพตำบลแม่ไร่", "nameEn": null, "cat": ["medical"], "province": "cr", "slug": "8899210210182", "rank": 1}}, {"type": "Feature", "geometry": {"type": "Point", "coordinates": [99.88012, 20.31744]}, "properties": {"id": "cr-moph-8899210209091", "name": "โรงพยาบาลส่งเสริมสุขภาพตำบลโป่งงาม", "nameTh": "โรงพยาบาลส่งเสริมสุขภาพตำบลโป่งงาม", "nameEn": null, "cat": ["medical"], "province": "cr", "slug": "8899210209091", "rank": 1}}, {"type": "Feature", "geometry": {"type": "Point", "coordinates": [99.88488, 20.36692]}, "properties": {"id": "cr-moph-8899210209092", "name": "โรงพยาบาลส่งเสริมสุขภาพตำบลโป่งผา", "nameTh": "โรงพยาบาลส่งเสริมสุขภาพตำบลโป่งผา", "nameEn": null, "cat": ["medical"], "province": "cr", "slug": "8899210209092", "rank": 1}}, {"type": "Feature", "geometry": {"type": "Point", "coordinates": [99.67807, 19.80573]}, "properties": {"id": "cr-moph-8899210209093", "name": "โรงพยาบาลส่งเสริมสุขภาพตำบลโป่งแพร่", "nameTh": "โรงพยาบาลส่งเสริมสุขภาพตำบลโป่งแพร่", "nameEn": null, "cat": ["medical"], "province": "cr", "slug": "8899210209093", "rank": 1}}, {"type": "Feature", "geometry": {"type": "Point", "coordinates": [100.07005, 20.2522]}, "properties": {"id": "cr-moph-8899210210189", "name": "โรงพยาบาลส่งเสริมสุขภาพตำบลโยนก", "nameTh": "โรงพยาบาลส่งเสริมสุขภาพตำบลโยนก", "nameEn": null, "cat": ["medical"], "province": "cr", "slug": "8899210210189", "rank": 1}}, {"type": "Feature", "geometry": {"type": "Point", "coordinates": [99.95712, 19.49765]}, "properties": {"id": "cr-moph-8899210210192", "name": "โรงพยาบาลส่งเสริมสุขภาพตำบลโรงช้าง", "nameTh": "โรงพยาบาลส่งเสริมสุขภาพตำบลโรงช้าง", "nameEn": null, "cat": ["medical"], "province": "cr", "slug": "8899210210192", "rank": 1}}, {"type": "Feature", "geometry": {"type": "Point", "coordinates": [100.10946, 19.73558]}, "properties": {"id": "cr-moph-8899210210187", "name": "โรงพยาบาลส่งเสริมสุขภาพตำบลไม้ยา", "nameTh": "โรงพยาบาลส่งเสริมสุขภาพตำบลไม้ยา", "nameEn": null, "cat": ["medical"], "province": "cr", "slug": "8899210210187", "rank": 1}}, {"type": "Feature", "geometry": {"type": "Point", "coordinates": [99.89052, 20.25975]}, "properties": {"id": "cr-moph-8899210210223", "name": "โรงพยาบาลส่งเสริมสุขาพตำบลบ้านฮ่องแฮ่", "nameTh": "โรงพยาบาลส่งเสริมสุขาพตำบลบ้านฮ่องแฮ่", "nameEn": null, "cat": ["medical"], "province": "cr", "slug": "8899210210223", "rank": 1}}, {"type": "Feature", "geometry": {"type": "Point", "coordinates": [99.83556, 19.87793]}, "properties": {"id": "cr-osm-node-1741228095", "name": "โรงพยาบาลเกษมราษฎร์ ศรีบุรินทร์", "nameTh": "โรงพยาบาลเกษมราษฎร์ ศรีบุรินทร์", "nameEn": "Kasenrad Sriburin Hospital", "cat": ["medical"], "province": "cr", "slug": "kasenrad-sriburin-hospital-1741228095", "rank": 2}}, {"type": "Feature", "geometry": {"type": "Point", "coordinates": [99.83112, 19.89507]}, "properties": {"id": "cr-osm-node-6002648286", "name": "โรงพยาบาลเชียง รายอินเดอร์", "nameTh": "โรงพยาบาลเชียง รายอินเดอร์", "nameEn": "Chianglai Inter Hospital", "cat": ["medical"], "province": "cr", "slug": "chianglai-inter-hospital-6002648286", "rank": 2}}, {"type": "Feature", "geometry": {"type": "Point", "coordinates": [100.0772, 20.27174]}, "properties": {"id": "cr-osm-way-527539157", "name": "โรงพยาบาลเชียงแสน", "nameTh": "โรงพยาบาลเชียงแสน", "nameEn": "Chiang Saen Hospital", "cat": ["medical"], "province": "cr", "slug": "chiang-saen-hospital-527539157", "rank": 3}}, {"type": "Feature", "geometry": {"type": "Point", "coordinates": [100.17642, 19.68963]}, "properties": {"id": "cr-osm-way-760183807", "name": "โรงพยาบาลเทิง", "nameTh": "โรงพยาบาลเทิง", "nameEn": "Thoeng Hospital", "cat": ["medical"], "province": "cr", "slug": "thoeng-hospital-760183807", "rank": 2}}, {"type": "Feature", "geometry": {"type": "Point", "coordinates": [99.5109, 19.35238]}, "properties": {"id": "cr-osm-way-1013293666", "name": "โรงพยาบาลเวียงป่าเป้า", "nameTh": "โรงพยาบาลเวียงป่าเป้า", "nameEn": "Wiang Pa Pao Hospital", "cat": ["medical"], "province": "cr", "slug": "wiang-pa-pao-hospital-1013293666", "rank": 2}}, {"type": "Feature", "geometry": {"type": "Point", "coordinates": [100.05774, 20.01203]}, "properties": {"id": "cr-moph-8899210200020", "name": "โรงพยาบาลเวียงเชียงรุ้ง", "nameTh": "โรงพยาบาลเวียงเชียงรุ้ง", "nameEn": null, "cat": ["medical"], "province": "cr", "slug": "8899210200020", "rank": 1}}, {"type": "Feature", "geometry": {"type": "Point", "coordinates": [100.50715, 20.06927]}, "properties": {"id": "cr-osm-way-555852772", "name": "โรงพยาบาลเวียงแก่น", "nameTh": "โรงพยาบาลเวียงแก่น", "nameEn": null, "cat": ["medical"], "province": "cr", "slug": "555852772", "rank": 1}}, {"type": "Feature", "geometry": {"type": "Point", "coordinates": [99.85984, 20.13474]}, "properties": {"id": "cr-moph-8899210200006", "name": "โรงพยาบาลแม่จัน", "nameTh": "โรงพยาบาลแม่จัน", "nameEn": null, "cat": ["medical"], "province": "cr", "slug": "8899210200006", "rank": 1}}, {"type": "Feature", "geometry": {"type": "Point", "coordinates": [99.85893, 20.13388]}, "properties": {"id": "cr-osm-way-447735125", "name": "โรงพยาบาลแม่จัน", "nameTh": "โรงพยาบาลแม่จัน", "nameEn": "Mae Chan Hospital", "cat": ["medical"], "province": "cr", "slug": "mae-chan-hospital-447735125", "rank": 3}}, {"type": "Feature", "geometry": {"type": "Point", "coordinates": [99.651, 20.24955]}, "properties": {"id": "cr-osm-way-549948901", "name": "โรงพยาบาลแม่ฟ้าหลวง", "nameTh": "โรงพยาบาลแม่ฟ้าหลวง", "nameEn": "Mae Fa Luang Hospital", "cat": ["medical"], "province": "cr", "slug": "mae-fa-luang-hospital-549948901", "rank": 3}}, {"type": "Feature", "geometry": {"type": "Point", "coordinates": [99.73906, 19.76594]}, "properties": {"id": "cr-moph-8899210200017", "name": "โรงพยาบาลแม่ลาว", "nameTh": "โรงพยาบาลแม่ลาว", "nameEn": null, "cat": ["medical"], "province": "cr", "slug": "8899210200017", "rank": 1}}, {"type": "Feature", "geometry": {"type": "Point", "coordinates": [99.73963, 19.7665]}, "properties": {"id": "cr-osm-way-1461887865", "name": "โรงพยาบาลแม่ลาว", "nameTh": "โรงพยาบาลแม่ลาว", "nameEn": "Mae Lao Hospital", "cat": ["medical"], "province": "cr", "slug": "mae-lao-hospital-1461887865", "rank": 2}}, {"type": "Feature", "geometry": {"type": "Point", "coordinates": [99.52501, 19.64237]}, "properties": {"id": "cr-moph-8899210200018", "name": "โรงพยาบาลแม่สรวย", "nameTh": "โรงพยาบาลแม่สรวย", "nameEn": null, "cat": ["medical"], "province": "cr", "slug": "8899210200018", "rank": 1}}, {"type": "Feature", "geometry": {"type": "Point", "coordinates": [99.5254, 19.64171]}, "properties": {"id": "cr-osm-way-643046395", "name": "โรงพยาบาลแม่สรวย", "nameTh": "โรงพยาบาลแม่สรวย", "nameEn": "Mae Suai Hospital", "cat": ["medical"], "province": "cr", "slug": "mae-suai-hospital-643046395", "rank": 2}}, {"type": "Feature", "geometry": {"type": "Point", "coordinates": [99.87847, 20.42924]}, "properties": {"id": "cr-osm-way-371233866", "name": "โรงพยาบาลแม่สาย", "nameTh": "โรงพยาบาลแม่สาย", "nameEn": "Mae Sai Hospital", "cat": ["medical"], "province": "cr", "slug": "mae-sai-hospital-371233866", "rank": 3}}, {"type": "Feature", "geometry": {"type": "Point", "coordinates": [99.82908, 19.91192]}, "properties": {"id": "cr-osm-relation-7165835", "name": "โรงพยาบาลโอเวอร์บรุ๊ค", "nameTh": "โรงพยาบาลโอเวอร์บรุ๊ค", "nameEn": "Overbrook Hospital", "cat": ["medical"], "province": "cr", "slug": "overbrook-hospital-7165835", "rank": 4}}, {"type": "Feature", "geometry": {"type": "Point", "coordinates": [99.88916, 20.44404]}, "properties": {"id": "cr-dgth-fda-1973256614", "name": "ไชยปันยาเภสัช", "nameTh": "ไชยปันยาเภสัช", "nameEn": null, "cat": ["essentials", "medical"], "province": "cr", "slug": "1973256614", "rank": 2}}, {"type": "Feature", "geometry": {"type": "Point", "coordinates": [99.88916, 20.44404]}, "properties": {"id": "cr-dgth-fda-2300285359", "name": "ไทยจีนโอสถ", "nameTh": "ไทยจีนโอสถ", "nameEn": null, "cat": ["essentials", "medical"], "province": "cr", "slug": "2300285359", "rank": 2}}, {"type": "Feature", "geometry": {"type": "Point", "coordinates": [99.80991, 19.88288]}, "properties": {"id": "cr-dgth-fda-0558530501", "name": "ไทยเจริญสินเภสัช", "nameTh": "ไทยเจริญสินเภสัช", "nameEn": null, "cat": ["essentials", "medical"], "province": "cr", "slug": "0558530501", "rank": 2}}]}