{"type": "FeatureCollection", "features": [{"type": "Feature", "geometry": {"type": "Point", "coordinates": [99.8019, 19.84443]}, "properties": {"id": "cr-osm-node-2335948053", "name": "A.M.E.C. โรงเรียนอนุบาลเชียงราย", "nameTh": "A.M.E.C. โรงเรียนอนุบาลเชียงราย", "nameEn": "A.M.E.C. Anuban Muang-Chiangrai English Curriculum", "cat": ["school"], "province": "cr", "slug": "a-m-e-c-anuban-muang-chiangrai-english-curriculum-2335948053", "rank": 2}}, {"type": "Feature", "geometry": {"type": "Point", "coordinates": [100.40602, 20.25554]}, "properties": {"id": "cr-osm-node-4693754703", "name": "Anuban Chiang Khong School", "nameTh": null, "nameEn": "Anuban Chiang Khong School", "cat": ["school"], "province": "cr", "slug": "anuban-chiang-khong-school-4693754703", "rank": 1}}, {"type": "Feature", "geometry": {"type": "Point", "coordinates": [100.01112, 19.53504]}, "properties": {"id": "cr-osm-node-2041629515", "name": "Ban Mae Phung School", "nameTh": null, "nameEn": "Ban Mae Phung School", "cat": ["school"], "province": "cr", "slug": "ban-mae-phung-school-2041629515", "rank": 1}}, {"type": "Feature", "geometry": {"type": "Point", "coordinates": [100.25329, 19.84675]}, "properties": {"id": "cr-osm-node-8385792817", "name": "Ban Pa Tan Tai School", "nameTh": null, "nameEn": "Ban Pa Tan Tai School", "cat": ["school"], "province": "cr", "slug": "ban-pa-tan-tai-school-8385792817", "rank": 1}}, {"type": "Feature", "geometry": {"type": "Point", "coordinates": [100.13308, 20.07005]}, "properties": {"id": "cr-osm-way-1033389559", "name": "Ban Pasang School", "nameTh": null, "nameEn": "Ban Pasang School", "cat": ["school"], "province": "cr", "slug": "ban-pasang-school-1033389559", "rank": 1}}, {"type": "Feature", "geometry": {"type": "Point", "coordinates": [99.58923, 19.48861]}, "properties": {"id": "cr-osm-way-330742328", "name": "Ban Phangluang School", "nameTh": null, "nameEn": "Ban Phangluang School", "cat": ["school"], "province": "cr", "slug": "ban-phangluang-school-330742328", "rank": 1}}, {"type": "Feature", "geometry": {"type": "Point", "coordinates": [99.50122, 19.41962]}, "properties": {"id": "cr-osm-node-11345558669", "name": "Ban Pongnan school", "nameTh": null, "nameEn": "Ban Pongnan school", "cat": ["school"], "province": "cr", "slug": "ban-pongnan-school-11345558669", "rank": 1}}, {"type": "Feature", "geometry": {"type": "Point", "coordinates": [99.49259, 19.42807]}, "properties": {"id": "cr-osm-node-3997429216", "name": "Ban Pongnok School", "nameTh": null, "nameEn": "Ban Pongnok School", "cat": ["school"], "province": "cr", "slug": "ban-pongnok-school-3997429216", "rank": 1}}, {"type": "Feature", "geometry": {"type": "Point", "coordinates": [100.18591, 19.626]}, "properties": {"id": "cr-osm-way-1471888428", "name": "Ban Rong Chae School", "nameTh": null, "nameEn": "Ban Rong Chae School", "cat": ["school"], "province": "cr", "slug": "ban-rong-chae-school-1471888428", "rank": 1}}, {"type": "Feature", "geometry": {"type": "Point", "coordinates": [99.6617, 20.24157]}, "properties": {"id": "cr-osm-node-6351119887", "name": "Ban Thoet Thai School", "nameTh": null, "nameEn": "Ban Thoet Thai School", "cat": ["school"], "province": "cr", "slug": "ban-thoet-thai-school-6351119887", "rank": 1}}, {"type": "Feature", "geometry": {"type": "Point", "coordinates": [99.78721, 19.94825]}, "properties": {"id": "cr-osm-node-5372537121", "name": "Bedel Mission Center Chiangrai", "nameTh": null, "nameEn": "Bedel Mission Center Chiangrai", "cat": ["school"], "province": "cr", "slug": "bedel-mission-center-chiangrai-5372537121", "rank": 1}}, {"type": "Feature", "geometry": {"type": "Point", "coordinates": [100.51255, 19.93671]}, "properties": {"id": "cr-osm-way-714711262", "name": "Bunpotwittaya School", "nameTh": null, "nameEn": "Bunpotwittaya School", "cat": ["school"], "province": "cr", "slug": "bunpotwittaya-school-714711262", "rank": 1}}, {"type": "Feature", "geometry": {"type": "Point", "coordinates": [100.07742, 19.63502]}, "properties": {"id": "cr-osm-way-548642798", "name": "Chamhai Ban Lao School", "nameTh": null, "nameEn": "Chamhai Ban Lao School", "cat": ["school"], "province": "cr", "slug": "chamhai-ban-lao-school-548642798", "rank": 1}}, {"type": "Feature", "geometry": {"type": "Point", "coordinates": [99.83129, 19.94985]}, "properties": {"id": "cr-osm-way-1097702191", "name": "Chiang Rai International Christian School", "nameTh": "โรงเรียนคริสเตียนนานาชาติเชียงราย", "nameEn": "Chiang Rai International Christian School", "cat": ["school", "school-intl"], "province": "cr", "slug": "chiang-rai-international-christian-school-1097702191", "rank": 2}}, {"type": "Feature", "geometry": {"type": "Point", "coordinates": [100.07553, 20.27086]}, "properties": {"id": "cr-osm-node-5423953221", "name": "Chiang Saen Academy", "nameTh": null, "nameEn": "Chiang Saen Academy", "cat": ["school"], "province": "cr", "slug": "chiang-saen-academy-5423953221", "rank": 1}}, {"type": "Feature", "geometry": {"type": "Point", "coordinates": [100.07867, 20.28086]}, "properties": {"id": "cr-osm-node-2315755387", "name": "Chiang Saen Wit Haya Kom School", "nameTh": null, "nameEn": "Chiang Saen Wit Haya Kom School", "cat": ["school"], "province": "cr", "slug": "chiang-saen-wit-haya-kom-school-2315755387", "rank": 1}}, {"type": "Feature", "geometry": {"type": "Point", "coordinates": [99.54128, 19.87122]}, "properties": {"id": "cr-osm-way-429115736", "name": "Childs Dream Foundation", "nameTh": null, "nameEn": "Childs Dream Foundation", "cat": ["school"], "province": "cr", "slug": "childs-dream-foundation-429115736", "rank": 1}}, {"type": "Feature", "geometry": {"type": "Point", "coordinates": [99.86939, 20.32691]}, "properties": {"id": "cr-osm-way-551265918", "name": "Chinese School", "nameTh": null, "nameEn": "Chinese School", "cat": ["school"], "province": "cr", "slug": "chinese-school-551265918", "rank": 1}}, {"type": "Feature", "geometry": {"type": "Point", "coordinates": [99.85185, 20.39891]}, "properties": {"id": "cr-osm-node-3218696030", "name": "Choaporluang Uppatham 5 School", "nameTh": null, "nameEn": "Choaporluang Uppatham 5 School", "cat": ["school"], "province": "cr", "slug": "choaporluang-uppatham-5-school-3218696030", "rank": 1}}, {"type": "Feature", "geometry": {"type": "Point", "coordinates": [99.50565, 19.20779]}, "properties": {"id": "cr-osm-node-12292303440", "name": "Christian Education AID New Vision for Life School", "nameTh": null, "nameEn": "Christian Education AID New Vision for Life School", "cat": ["school"], "province": "cr", "slug": "christian-education-aid-new-vision-for-life-school-12292303440", "rank": 2}}, {"type": "Feature", "geometry": {"type": "Point", "coordinates": [100.40909, 20.25551]}, "properties": {"id": "cr-osm-node-4693772393", "name": "Com-maths", "nameTh": null, "nameEn": "Com-maths", "cat": ["school"], "province": "cr", "slug": "com-maths-4693772393", "rank": 1}}, {"type": "Feature", "geometry": {"type": "Point", "coordinates": [99.82627, 19.90785]}, "properties": {"id": "cr-osm-way-960771480", "name": "EnConcept", "nameTh": "เอ็นคอนเว็ปท์ กวดวิชา", "nameEn": "EnConcept", "cat": ["school"], "province": "cr", "slug": "enconcept-960771480", "rank": 2}}, {"type": "Feature", "geometry": {"type": "Point", "coordinates": [99.82775, 19.90844]}, "properties": {"id": "cr-osm-way-960771432", "name": "English For Kids", "nameTh": null, "nameEn": "English For Kids", "cat": ["school"], "province": "cr", "slug": "english-for-kids-960771432", "rank": 1}}, {"type": "Feature", "geometry": {"type": "Point", "coordinates": [99.72419, 19.4848]}, "properties": {"id": "cr-osm-node-4296802489", "name": "Fung tuen school ", "nameTh": null, "nameEn": "Fung tuen school", "cat": ["school"], "province": "cr", "slug": "fung-tuen-school-4296802489", "rank": 1}}, {"type": "Feature", "geometry": {"type": "Point", "coordinates": [99.4872, 19.93108]}, "properties": {"id": "cr-osm-node-2637647932", "name": "Khungfu Withayakom School", "nameTh": null, "nameEn": "Khungfu Withayakom School", "cat": ["school"], "province": "cr", "slug": "khungfu-withayakom-school-2637647932", "rank": 1}}, {"type": "Feature", "geometry": {"type": "Point", "coordinates": [99.82602, 19.90818]}, "properties": {"id": "cr-osm-way-960771457", "name": "Kumon", "nameTh": "คุมอง", "nameEn": "Kumon", "cat": ["school"], "province": "cr", "slug": "kumon-960771457", "rank": 2}}, {"type": "Feature", "geometry": {"type": "Point", "coordinates": [99.42751, 19.5435]}, "properties": {"id": "cr-osm-node-3997509950", "name": "Maephlakae School", "nameTh": null, "nameEn": "Maephlakae School", "cat": ["school"], "province": "cr", "slug": "maephlakae-school-3997509950", "rank": 1}}, {"type": "Feature", "geometry": {"type": "Point", "coordinates": [99.82663, 19.90453]}, "properties": {"id": "cr-osm-node-8931699084", "name": "Math Lab", "nameTh": null, "nameEn": "Math Lab", "cat": ["school"], "province": "cr", "slug": "math-lab-8931699084", "rank": 1}}, {"type": "Feature", "geometry": {"type": "Point", "coordinates": [99.82617, 19.90784]}, "properties": {"id": "cr-osm-way-624234323", "name": "OnDemand", "nameTh": "ออนดีมานด์ กวดวิชา", "nameEn": "OnDemand", "cat": ["school"], "province": "cr", "slug": "ondemand-624234323", "rank": 2}}, {"type": "Feature", "geometry": {"type": "Point", "coordinates": [99.51156, 19.34602]}, "properties": {"id": "cr-osm-node-4214872593", "name": "Pitakiatwittaya School ", "nameTh": null, "nameEn": "Pitakiatwittaya School", "cat": ["school"], "province": "cr", "slug": "pitakiatwittaya-school-4214872593", "rank": 1}}, {"type": "Feature", "geometry": {"type": "Point", "coordinates": [99.83504, 19.9173]}, "properties": {"id": "cr-osm-node-6635204788", "name": "Rak Piano Music school", "nameTh": null, "nameEn": "Rak Piano Music school", "cat": ["school"], "province": "cr", "slug": "rak-piano-music-school-6635204788", "rank": 1}}, {"type": "Feature", "geometry": {"type": "Point", "coordinates": [100.18129, 19.73022]}, "properties": {"id": "cr-osm-way-629526985", "name": "San Sai Ngam School", "nameTh": null, "nameEn": "San Sai Ngam School", "cat": ["school"], "province": "cr", "slug": "san-sai-ngam-school-629526985", "rank": 1}}, {"type": "Feature", "geometry": {"type": "Point", "coordinates": [99.74254, 19.56198]}, "properties": {"id": "cr-osm-node-4472048676", "name": "Sirimart Thevi School", "nameTh": null, "nameEn": "Sirimart Thevi School", "cat": ["school"], "province": "cr", "slug": "sirimart-thevi-school-4472048676", "rank": 1}}, {"type": "Feature", "geometry": {"type": "Point", "coordinates": [99.89194, 20.04919]}, "properties": {"id": "cr-osm-way-924525714", "name": "Sirindhorn Chinese Language and Culture Center", "nameTh": null, "nameEn": "Sirindhorn Chinese Language and Culture Center", "cat": ["school"], "province": "cr", "slug": "sirindhorn-chinese-language-and-culture-center-924525714", "rank": 2}}, {"type": "Feature", "geometry": {"type": "Point", "coordinates": [99.51713, 19.63181]}, "properties": {"id": "cr-osm-node-4588800591", "name": "Thai-korean christian education center", "nameTh": null, "nameEn": "Thai-korean christian education center", "cat": ["school"], "province": "cr", "slug": "thai-korean-christian-education-center-4588800591", "rank": 1}}, {"type": "Feature", "geometry": {"type": "Point", "coordinates": [99.8228, 19.90553]}, "properties": {"id": "cr-osm-way-973413239", "name": "The Classic", "nameTh": null, "nameEn": "The Classic", "cat": ["school"], "province": "cr", "slug": "the-classic-973413239", "rank": 2}}, {"type": "Feature", "geometry": {"type": "Point", "coordinates": [99.82407, 19.90784]}, "properties": {"id": "cr-osm-way-960685102", "name": "The Underdog Muay Thai Gym", "nameTh": "ดิ อันเดอร์ด็อก ยิมมวยไทย", "nameEn": "The Underdog Muay Thai Gym", "cat": ["muaythai", "school"], "province": "cr", "slug": "the-underdog-muay-thai-gym-960685102", "rank": 2}}, {"type": "Feature", "geometry": {"type": "Point", "coordinates": [99.83814, 19.91404]}, "properties": {"id": "cr-osm-node-9154107312", "name": "Uncle John House Language Insitute", "nameTh": null, "nameEn": "Uncle John House Language Insitute", "cat": ["school"], "province": "cr", "slug": "uncle-john-house-language-insitute-9154107312", "rank": 1}}, {"type": "Feature", "geometry": {"type": "Point", "coordinates": [99.86474, 20.33289]}, "properties": {"id": "cr-osm-way-544167670", "name": "Wat Tham Pla Wittayakhom School", "nameTh": "โรงเรียนวัดถ้ำปลาวิทยาคม", "nameEn": "Wat Tham Pla Wittayakhom School", "cat": ["school"], "province": "cr", "slug": "wat-tham-pla-wittayakhom-school-544167670", "rank": 2}}, {"type": "Feature", "geometry": {"type": "Point", "coordinates": [99.83081, 19.91308]}, "properties": {"id": "cr-osm-way-1109579389", "name": "YMCA เชียงราย", "nameTh": "YMCA เชียงราย", "nameEn": "YMCA Chiang Rai", "cat": ["school"], "province": "cr", "slug": "ymca-chiang-rai-1109579389", "rank": 2}}, {"type": "Feature", "geometry": {"type": "Point", "coordinates": [100.05982, 20.23452]}, "properties": {"id": "cr-osm-way-1230739722", "name": "Yonok Witthaya School", "nameTh": null, "nameEn": "Yonok Witthaya School", "cat": ["school"], "province": "cr", "slug": "yonok-witthaya-school-1230739722", "rank": 1}}, {"type": "Feature", "geometry": {"type": "Point", "coordinates": [99.80424, 20.12296]}, "properties": {"id": "cr-osm-node-2147432641", "name": "กศน. ตำบล", "nameTh": "กศน. ตำบล", "nameEn": null, "cat": ["school"], "province": "cr", "slug": "2147432641", "rank": 1}}, {"type": "Feature", "geometry": {"type": "Point", "coordinates": [99.85323, 20.14619]}, "properties": {"id": "cr-osm-node-2136825675", "name": "กศน.แม่จัน", "nameTh": "กศน.แม่จัน", "nameEn": null, "cat": ["school"], "province": "cr", "slug": "2136825675", "rank": 1}}, {"type": "Feature", "geometry": {"type": "Point", "coordinates": [99.82226, 19.90567]}, "properties": {"id": "cr-osm-way-973413230", "name": "กิฟท์เนอสเซอรี่", "nameTh": "กิฟท์เนอสเซอรี่", "nameEn": "Gift Nursery", "cat": ["school"], "province": "cr", "slug": "gift-nursery-973413230", "rank": 2}}, {"type": "Feature", "geometry": {"type": "Point", "coordinates": [99.62259, 20.10298]}, "properties": {"id": "cr-osm-node-5982602086", "name": "จีนยูนานกองพล93", "nameTh": "จีนยูนานกองพล93", "nameEn": null, "cat": ["school"], "province": "cr", "slug": "93-5982602086", "rank": 1}}, {"type": "Feature", "geometry": {"type": "Point", "coordinates": [99.81903, 19.90502]}, "properties": {"id": "cr-osm-node-9121752694", "name": "บ้านครูนุ้ย", "nameTh": "บ้านครูนุ้ย", "nameEn": "Baan Kru Nui", "cat": ["school"], "province": "cr", "slug": "baan-kru-nui-9121752694", "rank": 3}}, {"type": "Feature", "geometry": {"type": "Point", "coordinates": [99.82254, 19.90571]}, "properties": {"id": "cr-osm-way-973413235", "name": "บ้านคุณครูกรรณิการ์", "nameTh": "บ้านคุณครูกรรณิการ์", "nameEn": "Teacher Kannikar's house", "cat": ["school"], "province": "cr", "slug": "teacher-kannikar-s-house-973413235", "rank": 2}}, {"type": "Feature", "geometry": {"type": "Point", "coordinates": [99.83173, 19.89892]}, "properties": {"id": "cr-osm-way-1075277188", "name": "บ้านรักศิลป์", "nameTh": "บ้านรักศิลป์", "nameEn": "Banraksin", "cat": ["school"], "province": "cr", "slug": "banraksin-1075277188", "rank": 3}}, {"type": "Feature", "geometry": {"type": "Point", "coordinates": [99.67549, 19.80758]}, "properties": {"id": "cr-osm-node-7931685056", "name": "บ้านศิลป์ภาษา (bansilpasa) | 心梦圆", "nameTh": "บ้านศิลป์ภาษา (bansilpasa) | 心梦圆", "nameEn": null, "cat": ["school"], "province": "cr", "slug": "bansilpasa-7931685056", "rank": 3}}, {"type": "Feature", "geometry": {"type": "Point", "coordinates": [99.86747, 19.92539]}, "properties": {"id": "cr-osm-way-1014321707", "name": "มหาวิทยาลัยพะเยา วิทยาเขตเชียงราย", "nameTh": "มหาวิทยาลัยพะเยา วิทยาเขตเชียงราย", "nameEn": "University of Phayao (Chiang Rai Campus)", "cat": ["school"], "province": "cr", "slug": "university-of-phayao-chiang-rai-campus-1014321707", "rank": 3}}, {"type": "Feature", "geometry": {"type": "Point", "coordinates": [99.84854, 19.98458]}, "properties": {"id": "cr-osm-way-1024441024", "name": "มหาวิทยาลัยราชภัฏเชียงราย", "nameTh": "มหาวิทยาลัยราชภัฏเชียงราย", "nameEn": "Chiang Rai Rajabhat University", "cat": ["school"], "province": "cr", "slug": "chiang-rai-rajabhat-university-1024441024", "rank": 4}}, {"type": "Feature", "geometry": {"type": "Point", "coordinates": [99.87145, 19.92598]}, "properties": {"id": "cr-osm-way-1014321706", "name": "มหาวิทยาลัยรามคำแหง สาขาวิทยบริการเฉลิมพระเกียรติ จังหวัดเชียงราย", "nameTh": "มหาวิทยาลัยรามคำแหง สาขาวิทยบริการเฉลิมพระเกียรติ จังหวัดเชียงราย", "nameEn": "Ramkhamhaeng University Chiang Rai Campus", "cat": ["school"], "province": "cr", "slug": "ramkhamhaeng-university-chiang-rai-campus-1014321706", "rank": 3}}, {"type": "Feature", "geometry": {"type": "Point", "coordinates": [99.73404, 19.68489]}, "properties": {"id": "cr-osm-node-5782374055", "name": "มหาวิทยาลัยเทคโนโลยีราชมงคลล้านนา เชียงราย", "nameTh": "มหาวิทยาลัยเทคโนโลยีราชมงคลล้านนา เชียงราย", "nameEn": "Rajamangala University of Technology Lanna Chiangrai Campus", "cat": ["school"], "province": "cr", "slug": "rajamangala-university-of-technology-lanna-chiangrai-campus-5782374055", "rank": 3}}, {"type": "Feature", "geometry": {"type": "Point", "coordinates": [99.89567, 20.0502]}, "properties": {"id": "cr-osm-way-132084132", "name": "มหาวิทยาลัยแม่ฟ้าหลวง", "nameTh": "มหาวิทยาลัยแม่ฟ้าหลวง", "nameEn": "Mae Fah Luang University", "cat": ["school"], "province": "cr", "slug": "mae-fah-luang-university-132084132", "rank": 4}}, {"type": "Feature", "geometry": {"type": "Point", "coordinates": [99.83565, 19.91462]}, "properties": {"id": "cr-osm-way-1085370836", "name": "วงออเคสตราเยาวชนเชียงราย", "nameTh": "วงออเคสตราเยาวชนเชียงราย", "nameEn": "Chiang Rai Youth Orchestra", "cat": ["school"], "province": "cr", "slug": "chiang-rai-youth-orchestra-1085370836", "rank": 2}}, {"type": "Feature", "geometry": {"type": "Point", "coordinates": [99.8278, 19.90811]}, "properties": {"id": "cr-osm-way-960771509", "name": "วันทูวัน", "nameTh": "วันทูวัน", "nameEn": "One2One Math Tutoring", "cat": ["school"], "province": "cr", "slug": "one2one-math-tutoring-960771509", "rank": 2}}, {"type": "Feature", "geometry": {"type": "Point", "coordinates": [99.84787, 19.85066]}, "properties": {"id": "cr-osm-way-1245836872", "name": "วิทยาลัยการอาชีพเชียงราย", "nameTh": "วิทยาลัยการอาชีพเชียงราย", "nameEn": null, "cat": ["school"], "province": "cr", "slug": "1245836872", "rank": 1}}, {"type": "Feature", "geometry": {"type": "Point", "coordinates": [99.82772, 19.90393]}, "properties": {"id": "cr-osm-way-624811876", "name": "วิทยาลัยอาชีวศึกษาพณิชยการเชียงราย", "nameTh": "วิทยาลัยอาชีวศึกษาพณิชยการเชียงราย", "nameEn": "Chiang Rai Commercial Vocational College", "cat": ["school"], "province": "cr", "slug": "chiang-rai-commercial-vocational-college-624811876", "rank": 4}}, {"type": "Feature", "geometry": {"type": "Point", "coordinates": [99.83652, 19.90968]}, "properties": {"id": "cr-osm-way-643042743", "name": "วิทยาลัยอาชีวศึกษาเชียงราย", "nameTh": "วิทยาลัยอาชีวศึกษาเชียงราย", "nameEn": "Chiang Rai Vocational College", "cat": ["school"], "province": "cr", "slug": "chiang-rai-vocational-college-643042743", "rank": 2}}, {"type": "Feature", "geometry": {"type": "Point", "coordinates": [99.87003, 20.32569]}, "properties": {"id": "cr-osm-way-544166402", "name": "วิทยาลัยอาชีวศึกษาแม่สาย", "nameTh": "วิทยาลัยอาชีวศึกษาแม่สาย", "nameEn": null, "cat": ["school"], "province": "cr", "slug": "544166402", "rank": 1}}, {"type": "Feature", "geometry": {"type": "Point", "coordinates": [99.90072, 19.94478]}, "properties": {"id": "cr-osm-way-1118858207", "name": "วิทยาลัยเกษตรและเทคโนโลยีเชียงราย", "nameTh": "วิทยาลัยเกษตรและเทคโนโลยีเชียงราย", "nameEn": null, "cat": ["school"], "province": "cr", "slug": "1118858207", "rank": 1}}, {"type": "Feature", "geometry": {"type": "Point", "coordinates": [99.76681, 19.86221]}, "properties": {"id": "cr-osm-node-2140425777", "name": "วิทยาลัยเทคนิคกาญจนาภิเษกเชียงราย", "nameTh": "วิทยาลัยเทคนิคกาญจนาภิเษกเชียงราย", "nameEn": "Kanchanaphisek Chiang Rai Technical College", "cat": ["school"], "province": "cr", "slug": "kanchanaphisek-chiang-rai-technical-college-2140425777", "rank": 2}}, {"type": "Feature", "geometry": {"type": "Point", "coordinates": [99.82703, 19.90294]}, "properties": {"id": "cr-osm-way-992102964", "name": "วิทยาลัยเทคนิคเชียงราย", "nameTh": "วิทยาลัยเทคนิคเชียงราย", "nameEn": "Chiang Rai Technical College", "cat": ["school"], "province": "cr", "slug": "chiang-rai-technical-college-992102964", "rank": 4}}, {"type": "Feature", "geometry": {"type": "Point", "coordinates": [99.85335, 19.93844]}, "properties": {"id": "cr-osm-way-961275500", "name": "วิทยาลัยเทคโนโลยีอาชีวศึกษาเชียงราย", "nameTh": "วิทยาลัยเทคโนโลยีอาชีวศึกษาเชียงราย", "nameEn": "Chaingrai Technology and Vocational Collage", "cat": ["school"], "province": "cr", "slug": "chaingrai-technology-and-vocational-collage-961275500", "rank": 3}}, {"type": "Feature", "geometry": {"type": "Point", "coordinates": [99.3981, 19.51753]}, "properties": {"id": "cr-osm-node-10684915746", "name": "ศศช.บ้านทรายคำ", "nameTh": "ศศช.บ้านทรายคำ", "nameEn": null, "cat": ["school"], "province": "cr", "slug": "10684915746", "rank": 1}}, {"type": "Feature", "geometry": {"type": "Point", "coordinates": [99.50834, 19.3478]}, "properties": {"id": "cr-osm-way-1013293660", "name": "ศูนย์การศึกษานอกระบบ และการศึกษาตามอัธยาศัย", "nameTh": "ศูนย์การศึกษานอกระบบ และการศึกษาตามอัธยาศัย", "nameEn": "Non-formal education center", "cat": ["school"], "province": "cr", "slug": "non-formal-education-center-1013293660", "rank": 2}}, {"type": "Feature", "geometry": {"type": "Point", "coordinates": [99.87616, 20.41988]}, "properties": {"id": "cr-osm-way-375366268", "name": "ศูนย์การเรียนชุมชนป่ายางใหม่", "nameTh": "ศูนย์การเรียนชุมชนป่ายางใหม่", "nameEn": "Pa Yang Mai Community Learning Center", "cat": ["school"], "province": "cr", "slug": "pa-yang-mai-community-learning-center-375366268", "rank": 2}}, {"type": "Feature", "geometry": {"type": "Point", "coordinates": [99.83319, 19.90173]}, "properties": {"id": "cr-osm-way-1125998553", "name": "ศูนย์ฝึกขับขี่ปลอดภัย กรีนวิง", "nameTh": "ศูนย์ฝึกขับขี่ปลอดภัย กรีนวิง", "nameEn": "Green Wing Safety Driving Training Center", "cat": ["school"], "province": "cr", "slug": "green-wing-safety-driving-training-center-1125998553", "rank": 2}}, {"type": "Feature", "geometry": {"type": "Point", "coordinates": [99.87678, 20.41934]}, "properties": {"id": "cr-osm-way-375366265", "name": "ศูนย์พัฒนาการศึกษาเพื่อลูกหญิงและชุมชน", "nameTh": "ศูนย์พัฒนาการศึกษาเพื่อลูกหญิงและชุมชน", "nameEn": "Development and Education Programme for Daughters and Communities Centre in the Greater Mekong Subregion", "cat": ["school"], "province": "cr", "slug": "development-and-education-programme-for-daughters-and-commun-375366265", "rank": 4}}, {"type": "Feature", "geometry": {"type": "Point", "coordinates": [99.83227, 20.1826]}, "properties": {"id": "cr-osm-node-7038071686", "name": "ศูนย์พัฒนาเด็กเล็กตำบลป่าซาง", "nameTh": "ศูนย์พัฒนาเด็กเล็กตำบลป่าซาง", "nameEn": null, "cat": ["school"], "province": "cr", "slug": "7038071686", "rank": 1}}, {"type": "Feature", "geometry": {"type": "Point", "coordinates": [99.98533, 19.80644]}, "properties": {"id": "cr-osm-way-1233190527", "name": "ศูนย์พัฒนาเด็กเล็กบ้านจอเจริญ", "nameTh": "ศูนย์พัฒนาเด็กเล็กบ้านจอเจริญ", "nameEn": "Ban Cho Charoen Child Development Center", "cat": ["school"], "province": "cr", "slug": "ban-cho-charoen-child-development-center-1233190527", "rank": 2}}, {"type": "Feature", "geometry": {"type": "Point", "coordinates": [99.73879, 20.08699]}, "properties": {"id": "cr-osm-node-2147519411", "name": "ศูนย์พัฒนาเด็กเล็กบ้านจะพือ", "nameTh": "ศูนย์พัฒนาเด็กเล็กบ้านจะพือ", "nameEn": null, "cat": ["school"], "province": "cr", "slug": "2147519411", "rank": 1}}, {"type": "Feature", "geometry": {"type": "Point", "coordinates": [99.8323, 20.13448]}, "properties": {"id": "cr-osm-node-2147540174", "name": "ศูนย์พัฒนาเด็กเล็กบ้านป่าตึง หมู่7,8", "nameTh": "ศูนย์พัฒนาเด็กเล็กบ้านป่าตึง หมู่7,8", "nameEn": null, "cat": ["school"], "province": "cr", "slug": "7-8-2147540174", "rank": 1}}, {"type": "Feature", "geometry": {"type": "Point", "coordinates": [99.51755, 19.65568]}, "properties": {"id": "cr-osm-node-7550117386", "name": "ศูนย์พัฒนาเด็กเล็กบ้านป่าบง", "nameTh": "ศูนย์พัฒนาเด็กเล็กบ้านป่าบง", "nameEn": "Pa Bong nursery school", "cat": ["school"], "province": "cr", "slug": "pa-bong-nursery-school-7550117386", "rank": 2}}, {"type": "Feature", "geometry": {"type": "Point", "coordinates": [100.24975, 20.36518]}, "properties": {"id": "cr-osm-node-6403515698", "name": "ศูนย์พัฒนาเด็กเล็กบ้านหาดบ้าย", "nameTh": "ศูนย์พัฒนาเด็กเล็กบ้านหาดบ้าย", "nameEn": "Hadbai Nursery", "cat": ["school"], "province": "cr", "slug": "hadbai-nursery-6403515698", "rank": 2}}, {"type": "Feature", "geometry": {"type": "Point", "coordinates": [100.30971, 19.75526]}, "properties": {"id": "cr-osm-node-6422529787", "name": "ศูนย์พัฒนาเด็กเล็กบ้านโต้โก้", "nameTh": "ศูนย์พัฒนาเด็กเล็กบ้านโต้โก้", "nameEn": "Joko Nersery", "cat": ["school"], "province": "cr", "slug": "joko-nersery-6422529787", "rank": 2}}, {"type": "Feature", "geometry": {"type": "Point", "coordinates": [100.50868, 19.94342]}, "properties": {"id": "cr-osm-node-13865406801", "name": "ศูนย์พัฒนาเด็กเล็กผาตั้ง104", "nameTh": "ศูนย์พัฒนาเด็กเล็กผาตั้ง104", "nameEn": null, "cat": ["school"], "province": "cr", "slug": "104-13865406801", "rank": 1}}, {"type": "Feature", "geometry": {"type": "Point", "coordinates": [99.85637, 20.15161]}, "properties": {"id": "cr-osm-node-2148639741", "name": "ศูนย์พัฒนาเด็กเล็กเทศบาลตำบลแม่จัน", "nameTh": "ศูนย์พัฒนาเด็กเล็กเทศบาลตำบลแม่จัน", "nameEn": null, "cat": ["school"], "province": "cr", "slug": "2148639741", "rank": 1}}, {"type": "Feature", "geometry": {"type": "Point", "coordinates": [99.85667, 20.15204]}, "properties": {"id": "cr-osm-way-204338459", "name": "ศูนย์พัฒนาเด็กเล็กเทศบาลตำบลแม่จัน", "nameTh": "ศูนย์พัฒนาเด็กเล็กเทศบาลตำบลแม่จัน", "nameEn": null, "cat": ["school"], "province": "cr", "slug": "204338459", "rank": 1}}, {"type": "Feature", "geometry": {"type": "Point", "coordinates": [99.81405, 19.90356]}, "properties": {"id": "cr-osm-node-9166322476", "name": "สถานีดนตรีเชียงราย", "nameTh": "สถานีดนตรีเชียงราย", "nameEn": "Chiangrai Music Station", "cat": ["school"], "province": "cr", "slug": "chiangrai-music-station-9166322476", "rank": 3}}, {"type": "Feature", "geometry": {"type": "Point", "coordinates": [99.86875, 19.9289]}, "properties": {"id": "cr-osm-way-1023905220", "name": "สถาบันพัฒนาฝีมือแรงงาน 20 เชียงราย", "nameTh": "สถาบันพัฒนาฝีมือแรงงาน 20 เชียงราย", "nameEn": "Chiang Rai Provincial Skill Development Center", "cat": ["school"], "province": "cr", "slug": "chiang-rai-provincial-skill-development-center-1023905220", "rank": 4}}, {"type": "Feature", "geometry": {"type": "Point", "coordinates": [99.85615, 20.15186]}, "properties": {"id": "cr-osm-node-2148622838", "name": "สอนภาษาจีนกลาง", "nameTh": "สอนภาษาจีนกลาง", "nameEn": null, "cat": ["school"], "province": "cr", "slug": "2148622838", "rank": 1}}, {"type": "Feature", "geometry": {"type": "Point", "coordinates": [99.82114, 19.90343]}, "properties": {"id": "cr-osm-node-9209053639", "name": "สอนภาษาอังกฤษ", "nameTh": "สอนภาษาอังกฤษ", "nameEn": null, "cat": ["school"], "province": "cr", "slug": "9209053639", "rank": 2}}, {"type": "Feature", "geometry": {"type": "Point", "coordinates": [99.83324, 19.91403]}, "properties": {"id": "cr-osm-way-967565992", "name": "สุพรรณี เนอสเซอรี่", "nameTh": "สุพรรณี เนอสเซอรี่", "nameEn": "Supanee Nursery", "cat": ["school"], "province": "cr", "slug": "supanee-nursery-967565992", "rank": 2}}, {"type": "Feature", "geometry": {"type": "Point", "coordinates": [99.84494, 19.98282]}, "properties": {"id": "cr-osm-way-169801125", "name": "หอประชุมใหญ่", "nameTh": "หอประชุมใหญ่", "nameEn": null, "cat": ["school"], "province": "cr", "slug": "169801125", "rank": 1}}, {"type": "Feature", "geometry": {"type": "Point", "coordinates": [99.82602, 19.90582]}, "properties": {"id": "cr-osm-node-8931701767", "name": "ห้องกิฟเต็ดคอมพิวเตอร์", "nameTh": "ห้องกิฟเต็ดคอมพิวเตอร์", "nameEn": "Gifted Computer Room", "cat": ["school"], "province": "cr", "slug": "gifted-computer-room-8931701767", "rank": 2}}, {"type": "Feature", "geometry": {"type": "Point", "coordinates": [99.80455, 19.90695]}, "properties": {"id": "cr-osm-way-1126860976", "name": "อนุบาลฮ่องลี่", "nameTh": "อนุบาลฮ่องลี่", "nameEn": "Hong Lee Kindergarten", "cat": ["school"], "province": "cr", "slug": "hong-lee-kindergarten-1126860976", "rank": 2}}, {"type": "Feature", "geometry": {"type": "Point", "coordinates": [99.83238, 19.9012]}, "properties": {"id": "cr-osm-way-1073509621", "name": "เดอะ เบรน เชียงราย", "nameTh": "เดอะ เบรน เชียงราย", "nameEn": "The Brain Chiang Rai", "cat": ["school"], "province": "cr", "slug": "the-brain-chiang-rai-1073509621", "rank": 3}}, {"type": "Feature", "geometry": {"type": "Point", "coordinates": [99.82569, 19.90778]}, "properties": {"id": "cr-osm-way-960771472", "name": "เหล่าซือบิว รับสอนภาษาจีน", "nameTh": "เหล่าซือบิว รับสอนภาษาจีน", "nameEn": "Lao Shi Bew Chinese School", "cat": ["school"], "province": "cr", "slug": "lao-shi-bew-chinese-school-960771472", "rank": 2}}, {"type": "Feature", "geometry": {"type": "Point", "coordinates": [99.82052, 19.9065]}, "properties": {"id": "cr-osm-way-960625753", "name": "แสงจันทร์เนอสเซอรี่", "nameTh": "แสงจันทร์เนอสเซอรี่", "nameEn": "Seang Chan Nursery", "cat": ["school"], "province": "cr", "slug": "seang-chan-nursery-960625753", "rank": 2}}, {"type": "Feature", "geometry": {"type": "Point", "coordinates": [99.73996, 19.65075]}, "properties": {"id": "cr-osm-way-1230420613", "name": "โรงรียนป้าน โป่งแดง", "nameTh": "โรงรียนป้าน โป่งแดง", "nameEn": null, "cat": ["school"], "province": "cr", "slug": "1230420613", "rank": 1}}, {"type": "Feature", "geometry": {"type": "Point", "coordinates": [100.23952, 19.95598]}, "properties": {"id": "cr-osm-node-2830644200", "name": "โรงเรีนแม่ตํ๋าวิทยา", "nameTh": "โรงเรีนแม่ตํ๋าวิทยา", "nameEn": null, "cat": ["school"], "province": "cr", "slug": "2830644200", "rank": 1}}, {"type": "Feature", "geometry": {"type": "Point", "coordinates": [100.24079, 19.95641]}, "properties": {"id": "cr-osm-node-2831225005", "name": "โรงเรีนแม่ตํ๋าวิทยา", "nameTh": "โรงเรีนแม่ตํ๋าวิทยา", "nameEn": null, "cat": ["school"], "province": "cr", "slug": "2831225005", "rank": 1}}, {"type": "Feature", "geometry": {"type": "Point", "coordinates": [99.8479, 20.14772]}, "properties": {"id": "cr-osm-way-204790316", "name": "โรงเรีบยบ้านปงแม่จัน", "nameTh": "โรงเรีบยบ้านปงแม่จัน", "nameEn": null, "cat": ["school"], "province": "cr", "slug": "204790316", "rank": 1}}, {"type": "Feature", "geometry": {"type": "Point", "coordinates": [99.48908, 19.58632]}, "properties": {"id": "cr-osm-node-2138298558", "name": "โรงเรียน บ้านสันก้างปลา", "nameTh": "โรงเรียน บ้านสันก้างปลา", "nameEn": "Ban San Kangpla School", "cat": ["school"], "province": "cr", "slug": "ban-san-kangpla-school-2138298558", "rank": 2}}, {"type": "Feature", "geometry": {"type": "Point", "coordinates": [99.7797, 19.80562]}, "properties": {"id": "cr-osm-way-1118672299", "name": "โรงเรียน เชียงราย ปัญญานุกุล", "nameTh": "โรงเรียน เชียงราย ปัญญานุกุล", "nameEn": null, "cat": ["school"], "province": "cr", "slug": "1118672299", "rank": 1}}, {"type": "Feature", "geometry": {"type": "Point", "coordinates": [100.50848, 20.05856]}, "properties": {"id": "cr-obec-1057120578", "name": "โรงเรียนขุนขวากพิทยา", "nameTh": "โรงเรียนขุนขวากพิทยา", "nameEn": null, "cat": ["school"], "province": "cr", "slug": "1057120578", "rank": 3}}, {"type": "Feature", "geometry": {"type": "Point", "coordinates": [100.27452, 19.85919]}, "properties": {"id": "cr-obec-1057120731", "name": "โรงเรียนขุนตาลวิทยาคม", "nameTh": "โรงเรียนขุนตาลวิทยาคม", "nameEn": null, "cat": ["school"], "province": "cr", "slug": "1057120731", "rank": 3}}, {"type": "Feature", "geometry": {"type": "Point", "coordinates": [100.27392, 19.85727]}, "properties": {"id": "cr-osm-node-2423438620", "name": "โรงเรียนขุนตาลวิทยาคม", "nameTh": "โรงเรียนขุนตาลวิทยาคม", "nameEn": "Khun Tan Witthayakhom", "cat": ["school"], "province": "cr", "slug": "khun-tan-witthayakhom-2423438620", "rank": 2}}, {"type": "Feature", "geometry": {"type": "Point", "coordinates": [100.26169, 19.69701]}, "properties": {"id": "cr-osm-node-6424442786", "name": "โรงเรียนคุรุราษฎร์อำนวย(บ้านสันป่าบง)", "nameTh": "โรงเรียนคุรุราษฎร์อำนวย(บ้านสันป่าบง)", "nameEn": "Kuru Ratr Amnoy school", "cat": ["school"], "province": "cr", "slug": "kuru-ratr-amnoy-school-6424442786", "rank": 2}}, {"type": "Feature", "geometry": {"type": "Point", "coordinates": [99.93279, 20.19512]}, "properties": {"id": "cr-obec-1057120717", "name": "โรงเรียนจันจว้าวิทยาคม", "nameTh": "โรงเรียนจันจว้าวิทยาคม", "nameEn": null, "cat": ["school"], "province": "cr", "slug": "1057120717", "rank": 3}}, {"type": "Feature", "geometry": {"type": "Point", "coordinates": [99.95101, 20.21309]}, "properties": {"id": "cr-osm-way-1232990103", "name": "โรงเรียนจันจว้าวิทยาคม", "nameTh": "โรงเรียนจันจว้าวิทยาคม", "nameEn": "Janjawa Wittayakhom School", "cat": ["school"], "province": "cr", "slug": "janjawa-wittayakhom-school-1232990103", "rank": 2}}, {"type": "Feature", "geometry": {"type": "Point", "coordinates": [100.07734, 19.63551]}, "properties": {"id": "cr-obec-1057120184", "name": "โรงเรียนจำไฮบ้านเหล่า", "nameTh": "โรงเรียนจำไฮบ้านเหล่า", "nameEn": null, "cat": ["school"], "province": "cr", "slug": "1057120184", "rank": 3}}, {"type": "Feature", "geometry": {"type": "Point", "coordinates": [99.62472, 20.16158]}, "properties": {"id": "cr-osm-way-1456759802", "name": "โรงเรียนจีนซิงหัว;โรงเรียนจีนซิงห้ว", "nameTh": "โรงเรียนจีนซิงหัว", "nameEn": "Xinghua School", "cat": ["school"], "province": "cr", "slug": "xinghua-school-1456759802", "rank": 4}}, {"type": "Feature", "geometry": {"type": "Point", "coordinates": [99.58908, 20.10378]}, "properties": {"id": "cr-osm-node-6536378887", "name": "โรงเรียนจือผิง", "nameTh": "โรงเรียนจือผิง", "nameEn": null, "cat": ["school"], "province": "cr", "slug": "6536378887", "rank": 1}}, {"type": "Feature", "geometry": {"type": "Point", "coordinates": [99.5134, 19.35058]}, "properties": {"id": "cr-obec-1057120475", "name": "โรงเรียนชุมชนบ้านกู่(ป่าเป้าประชานุเคราะห์)", "nameTh": "โรงเรียนชุมชนบ้านกู่(ป่าเป้าประชานุเคราะห์)", "nameEn": null, "cat": ["school"], "province": "cr", "slug": "1057120475", "rank": 2}}, {"type": "Feature", "geometry": {"type": "Point", "coordinates": [100.2433, 19.81482]}, "properties": {"id": "cr-obec-1057120625", "name": "โรงเรียนชุมชนบ้านต้าตลาด", "nameTh": "โรงเรียนชุมชนบ้านต้าตลาด", "nameEn": null, "cat": ["school"], "province": "cr", "slug": "1057120625", "rank": 3}}, {"type": "Feature", "geometry": {"type": "Point", "coordinates": [99.65641, 19.47692]}, "properties": {"id": "cr-obec-1057120285", "name": "โรงเรียนชุมชนบ้านทุ่งป่าแดด", "nameTh": "โรงเรียนชุมชนบ้านทุ่งป่าแดด", "nameEn": null, "cat": ["school"], "province": "cr", "slug": "1057120285", "rank": 3}}, {"type": "Feature", "geometry": {"type": "Point", "coordinates": [99.73787, 19.76982]}, "properties": {"id": "cr-obec-1057120647", "name": "โรงเรียนชุมชนบ้านป่าก่อดำ", "nameTh": "โรงเรียนชุมชนบ้านป่าก่อดำ", "nameEn": null, "cat": ["school"], "province": "cr", "slug": "1057120647", "rank": 3}}, {"type": "Feature", "geometry": {"type": "Point", "coordinates": [99.73841, 19.76962]}, "properties": {"id": "cr-osm-way-1230420622", "name": "โรงเรียนชุมชนบ้านป่าก่อดำ", "nameTh": "โรงเรียนชุมชนบ้านป่าก่อดำ", "nameEn": "Ban Pa Ko Dam School", "cat": ["school"], "province": "cr", "slug": "ban-pa-ko-dam-school-1230420622", "rank": 2}}, {"type": "Feature", "geometry": {"type": "Point", "coordinates": [100.23103, 20.30568]}, "properties": {"id": "cr-obec-1057120159", "name": "โรงเรียนชุมชนบ้านป่าคาแม่เงิน", "nameTh": "โรงเรียนชุมชนบ้านป่าคาแม่เงิน", "nameEn": null, "cat": ["school"], "province": "cr", "slug": "1057120159", "rank": 3}}, {"type": "Feature", "geometry": {"type": "Point", "coordinates": [99.98865, 20.2694]}, "properties": {"id": "cr-obec-1057120155", "name": "โรงเรียนชุมชนบ้านป่าสักน้อย", "nameTh": "โรงเรียนชุมชนบ้านป่าสักน้อย", "nameEn": null, "cat": ["school"], "province": "cr", "slug": "1057120155", "rank": 3}}, {"type": "Feature", "geometry": {"type": "Point", "coordinates": [99.98926, 20.26915]}, "properties": {"id": "cr-osm-node-2212090162", "name": "โรงเรียนชุมชนบ้านป่าสักน้อย", "nameTh": "โรงเรียนชุมชนบ้านป่าสักน้อย", "nameEn": "Ban Pa Sak Noi School", "cat": ["school"], "province": "cr", "slug": "ban-pa-sak-noi-school-2212090162", "rank": 2}}, {"type": "Feature", "geometry": {"type": "Point", "coordinates": [100.41589, 20.14467]}, "properties": {"id": "cr-obec-1057120104", "name": "โรงเรียนชุมชนบ้านศรีดอนชัย", "nameTh": "โรงเรียนชุมชนบ้านศรีดอนชัย", "nameEn": null, "cat": ["school"], "province": "cr", "slug": "1057120104", "rank": 3}}, {"type": "Feature", "geometry": {"type": "Point", "coordinates": [100.41618, 20.14526]}, "properties": {"id": "cr-osm-way-276223523", "name": "โรงเรียนชุมชนบ้านศรีดอนชัย", "nameTh": "โรงเรียนชุมชนบ้านศรีดอนชัย", "nameEn": "Ban Si Don Chai School", "cat": ["school"], "province": "cr", "slug": "ban-si-don-chai-school-276223523", "rank": 2}}, {"type": "Feature", "geometry": {"type": "Point", "coordinates": [100.10943, 19.88878]}, "properties": {"id": "cr-obec-1057120546", "name": "โรงเรียนชุมชนบ้านสบเปา", "nameTh": "โรงเรียนชุมชนบ้านสบเปา", "nameEn": null, "cat": ["school"], "province": "cr", "slug": "1057120546", "rank": 3}}, {"type": "Feature", "geometry": {"type": "Point", "coordinates": [99.51365, 19.62313]}, "properties": {"id": "cr-obec-1057120383", "name": "โรงเรียนชุมชนบ้านสันจำปา", "nameTh": "โรงเรียนชุมชนบ้านสันจำปา", "nameEn": null, "cat": ["school"], "province": "cr", "slug": "1057120383", "rank": 3}}, {"type": "Feature", "geometry": {"type": "Point", "coordinates": [100.00834, 19.45483]}, "properties": {"id": "cr-obec-1057120234", "name": "โรงเรียนชุมชนบ้านสันมะค่า", "nameTh": "โรงเรียนชุมชนบ้านสันมะค่า", "nameEn": null, "cat": ["school"], "province": "cr", "slug": "1057120234", "rank": 3}}, {"type": "Feature", "geometry": {"type": "Point", "coordinates": [99.90833, 20.00792]}, "properties": {"id": "cr-obec-1057120046", "name": "โรงเรียนชุมชนบ้านแม่ข้าวต้มหลวง", "nameTh": "โรงเรียนชุมชนบ้านแม่ข้าวต้มหลวง", "nameEn": null, "cat": ["school"], "province": "cr", "slug": "1057120046", "rank": 3}}, {"type": "Feature", "geometry": {"type": "Point", "coordinates": [99.47034, 19.63632]}, "properties": {"id": "cr-obec-1057120389", "name": "โรงเรียนชุมชนบ้านโป่ง", "nameTh": "โรงเรียนชุมชนบ้านโป่ง", "nameEn": null, "cat": ["school"], "province": "cr", "slug": "1057120389", "rank": 3}}, {"type": "Feature", "geometry": {"type": "Point", "coordinates": [99.88665, 20.43959]}, "properties": {"id": "cr-obec-1057120433", "name": "โรงเรียนชุมชนบ้านไม้ลุงขน มิตรภาพที่ 169", "nameTh": "โรงเรียนชุมชนบ้านไม้ลุงขน มิตรภาพที่ 169", "nameEn": null, "cat": ["school"], "province": "cr", "slug": "169-1057120433", "rank": 3}}, {"type": "Feature", "geometry": {"type": "Point", "coordinates": [99.7073, 20.17985]}, "properties": {"id": "cr-obec-1057120609", "name": "โรงเรียนชุมชนศึกษา(บ้านแม่สะแลป)", "nameTh": "โรงเรียนชุมชนศึกษา(บ้านแม่สะแลป)", "nameEn": null, "cat": ["school"], "province": "cr", "slug": "1057120609", "rank": 2}}, {"type": "Feature", "geometry": {"type": "Point", "coordinates": [100.39983, 20.2126]}, "properties": {"id": "cr-obec-1057120099", "name": "โรงเรียนชุมชนสถาน(ราษฎร์ดรุณวิทย์)", "nameTh": "โรงเรียนชุมชนสถาน(ราษฎร์ดรุณวิทย์)", "nameEn": null, "cat": ["school"], "province": "cr", "slug": "1057120099", "rank": 3}}, {"type": "Feature", "geometry": {"type": "Point", "coordinates": [99.82816, 19.59658]}, "properties": {"id": "cr-obec-1057120307", "name": "โรงเรียนชุมชนสันมะเค็ด", "nameTh": "โรงเรียนชุมชนสันมะเค็ด", "nameEn": null, "cat": ["school"], "province": "cr", "slug": "1057120307", "rank": 3}}, {"type": "Feature", "geometry": {"type": "Point", "coordinates": [100.03983, 19.91555]}, "properties": {"id": "cr-obec-1057120537", "name": "โรงเรียนดงมะตื๋นเนินสยามวิทยา", "nameTh": "โรงเรียนดงมะตื๋นเนินสยามวิทยา", "nameEn": null, "cat": ["school"], "province": "cr", "slug": "1057120537", "rank": 3}}, {"type": "Feature", "geometry": {"type": "Point", "coordinates": [99.84745, 19.89688]}, "properties": {"id": "cr-osm-node-12692241256", "name": "โรงเรียนดนตรี ต้นมิวสิคคลาส สาขา 4 ศรีทรายมูล", "nameTh": "โรงเรียนดนตรี ต้นมิวสิคคลาส สาขา 4 ศรีทรายมูล", "nameEn": null, "cat": ["school"], "province": "cr", "slug": "4-12692241256", "rank": 2}}, {"type": "Feature", "geometry": {"type": "Point", "coordinates": [99.76214, 19.84759]}, "properties": {"id": "cr-obec-1057120699", "name": "โรงเรียนดอนชัยวิทยาคม", "nameTh": "โรงเรียนดอนชัยวิทยาคม", "nameEn": null, "cat": ["school"], "province": "cr", "slug": "1057120699", "rank": 3}}, {"type": "Feature", "geometry": {"type": "Point", "coordinates": [100.0386, 19.84359]}, "properties": {"id": "cr-obec-1057120704", "name": "โรงเรียนดอนศิลาผางามวิทยาคม", "nameTh": "โรงเรียนดอนศิลาผางามวิทยาคม", "nameEn": null, "cat": ["school"], "province": "cr", "slug": "1057120704", "rank": 3}}, {"type": "Feature", "geometry": {"type": "Point", "coordinates": [99.82028, 19.53303]}, "properties": {"id": "cr-obec-1057120714", "name": "โรงเรียนดอยงามวิทยาคม", "nameTh": "โรงเรียนดอยงามวิทยาคม", "nameEn": null, "cat": ["school"], "province": "cr", "slug": "1057120714", "rank": 3}}, {"type": "Feature", "geometry": {"type": "Point", "coordinates": [99.94665, 19.64519]}, "properties": {"id": "cr-obec-1057120085", "name": "โรงเรียนดอยลานพิทยา", "nameTh": "โรงเรียนดอยลานพิทยา", "nameEn": null, "cat": ["school"], "province": "cr", "slug": "1057120085", "rank": 3}}, {"type": "Feature", "geometry": {"type": "Point", "coordinates": [100.10251, 20.12211]}, "properties": {"id": "cr-obec-1057120736", "name": "โรงเรียนดอยหลวง รัชมังคลาภิเษก", "nameTh": "โรงเรียนดอยหลวง รัชมังคลาภิเษก", "nameEn": null, "cat": ["school"], "province": "cr", "slug": "1057120736", "rank": 3}}, {"type": "Feature", "geometry": {"type": "Point", "coordinates": [99.43376, 19.39869]}, "properties": {"id": "cr-obec-1057120479", "name": "โรงเรียนดอยเวียงผาพิทยา", "nameTh": "โรงเรียนดอยเวียงผาพิทยา", "nameEn": null, "cat": ["school"], "province": "cr", "slug": "1057120479", "rank": 3}}, {"type": "Feature", "geometry": {"type": "Point", "coordinates": [99.51169, 19.89925]}, "properties": {"id": "cr-obec-1057120431", "name": "โรงเรียนดอยเวียงวิทยา", "nameTh": "โรงเรียนดอยเวียงวิทยา", "nameEn": null, "cat": ["school"], "province": "cr", "slug": "1057120431", "rank": 3}}, {"type": "Feature", "geometry": {"type": "Point", "coordinates": [99.75919, 20.20745]}, "properties": {"id": "cr-obec-1057120611", "name": "โรงเรียนดอยแสนใจ(ตชด.อนุสรณ์)", "nameTh": "โรงเรียนดอยแสนใจ(ตชด.อนุสรณ์)", "nameEn": null, "cat": ["school"], "province": "cr", "slug": "1057120611", "rank": 3}}, {"type": "Feature", "geometry": {"type": "Point", "coordinates": [99.83406, 19.90995]}, "properties": {"id": "cr-obec-1057120695", "name": "โรงเรียนดำรงราษฎร์สงเคราะห์", "nameTh": "โรงเรียนดำรงราษฎร์สงเคราะห์", "nameEn": null, "cat": ["school"], "province": "cr", "slug": "1057120695", "rank": 3}}, {"type": "Feature", "geometry": {"type": "Point", "coordinates": [99.83413, 19.91008]}, "properties": {"id": "cr-osm-way-1043699974", "name": "โรงเรียนดำรงราษฎร์สงเคราะห์", "nameTh": "โรงเรียนดำรงราษฎร์สงเคราะห์", "nameEn": "Damrongratsongkroh School", "cat": ["school"], "province": "cr", "slug": "damrongratsongkroh-school-1043699974", "rank": 2}}, {"type": "Feature", "geometry": {"type": "Point", "coordinates": [99.56331, 20.29381]}, "properties": {"id": "cr-obec-1057120737", "name": "โรงเรียนตำรวจตระเวนชายแดน บ้านนาโต่ (วปรอ.344 อุปถัมภ์)", "nameTh": "โรงเรียนตำรวจตระเวนชายแดน บ้านนาโต่ (วปรอ.344 อุปถัมภ์)", "nameEn": null, "cat": ["school"], "province": "cr", "slug": "344-1057120737", "rank": 3}}, {"type": "Feature", "geometry": {"type": "Point", "coordinates": [99.73944, 20.26349]}, "properties": {"id": "cr-obec-1057120739", "name": "โรงเรียนตำรวจตระเวนชายแดนศรีสมวงศ์", "nameTh": "โรงเรียนตำรวจตระเวนชายแดนศรีสมวงศ์", "nameEn": null, "cat": ["school"], "province": "cr", "slug": "1057120739", "rank": 3}}, {"type": "Feature", "geometry": {"type": "Point", "coordinates": [99.64863, 20.25016]}, "properties": {"id": "cr-obec-1057120738", "name": "โรงเรียนตำรวจตะเวนชายแดน เจ้าพ่อหลวงอุปถัมภ์ 3 (ช่างกลปทุมวันอนุสรณ์ 4)", "nameTh": "โรงเรียนตำรวจตะเวนชายแดน เจ้าพ่อหลวงอุปถัมภ์ 3 (ช่างกลปทุมวันอนุสรณ์ 4)", "nameEn": null, "cat": ["school"], "province": "cr", "slug": "3-4-1057120738", "rank": 3}}, {"type": "Feature", "geometry": {"type": "Point", "coordinates": [99.67718, 20.24969]}, "properties": {"id": "cr-obec-1057120740", "name": "โรงเรียนตำรวจตะเวนชายแดนบำรุงที่ 87", "nameTh": "โรงเรียนตำรวจตะเวนชายแดนบำรุงที่ 87", "nameEn": null, "cat": ["school"], "province": "cr", "slug": "87-1057120740", "rank": 3}}, {"type": "Feature", "geometry": {"type": "Point", "coordinates": [99.82068, 19.48534]}, "properties": {"id": "cr-obec-1057120282", "name": "โรงเรียนทานตะวันวิทยา(ห้วยบง-ดงเจริญ)", "nameTh": "โรงเรียนทานตะวันวิทยา(ห้วยบง-ดงเจริญ)", "nameEn": null, "cat": ["school"], "province": "cr", "slug": "1057120282", "rank": 3}}, {"type": "Feature", "geometry": {"type": "Point", "coordinates": [99.51793, 19.39149]}, "properties": {"id": "cr-obec-1057120471", "name": "โรงเรียนทุ่งห้าราษฏร์สามัคคีวิทยา", "nameTh": "โรงเรียนทุ่งห้าราษฏร์สามัคคีวิทยา", "nameEn": null, "cat": ["school"], "province": "cr", "slug": "1057120471", "rank": 3}}, {"type": "Feature", "geometry": {"type": "Point", "coordinates": [99.47831, 19.48663]}, "properties": {"id": "cr-obec-1057120410", "name": "โรงเรียนท่าก๊อพลับพลาพิทยา", "nameTh": "โรงเรียนท่าก๊อพลับพลาพิทยา", "nameEn": null, "cat": ["school"], "province": "cr", "slug": "1057120410", "rank": 3}}, {"type": "Feature", "geometry": {"type": "Point", "coordinates": [99.47784, 19.4866]}, "properties": {"id": "cr-osm-node-11432336437", "name": "โรงเรียนท่าก๊อพลับพลาพิทยา", "nameTh": "โรงเรียนท่าก๊อพลับพลาพิทยา", "nameEn": "Tha Ko Phlapphla Phitthaya School", "cat": ["school"], "province": "cr", "slug": "tha-ko-phlapphla-phitthaya-school-11432336437", "rank": 2}}, {"type": "Feature", "geometry": {"type": "Point", "coordinates": [99.8832, 20.1435]}, "properties": {"id": "cr-obec-1057120322", "name": "โรงเรียนธรรมจาริกอุปถัมภ์ 1", "nameTh": "โรงเรียนธรรมจาริกอุปถัมภ์ 1", "nameEn": null, "cat": ["school"], "province": "cr", "slug": "1-1057120322", "rank": 3}}, {"type": "Feature", "geometry": {"type": "Point", "coordinates": [99.71838, 19.70761]}, "properties": {"id": "cr-obec-1057120239", "name": "โรงเรียนธารทองวิทยา(ป่ารวก)", "nameTh": "โรงเรียนธารทองวิทยา(ป่ารวก)", "nameEn": null, "cat": ["school"], "province": "cr", "slug": "1057120239", "rank": 3}}, {"type": "Feature", "geometry": {"type": "Point", "coordinates": [99.8466, 19.60967]}, "properties": {"id": "cr-obec-1057120712", "name": "โรงเรียนนครวิทยาคม", "nameTh": "โรงเรียนนครวิทยาคม", "nameEn": null, "cat": ["school"], "province": "cr", "slug": "1057120712", "rank": 3}}, {"type": "Feature", "geometry": {"type": "Point", "coordinates": [99.84191, 19.93137]}, "properties": {"id": "cr-osm-way-1097702190", "name": "โรงเรียนนานาชาติเชียงราย", "nameTh": "โรงเรียนนานาชาติเชียงราย", "nameEn": "Chiang Rai International School", "cat": ["school", "school-intl"], "province": "cr", "slug": "chiang-rai-international-school-1097702190", "rank": 2}}, {"type": "Feature", "geometry": {"type": "Point", "coordinates": [99.77112, 20.18121]}, "properties": {"id": "cr-obec-1057120338", "name": "โรงเรียนนิคมสร้างตนเองสงเคราะห์ชาวเขา", "nameTh": "โรงเรียนนิคมสร้างตนเองสงเคราะห์ชาวเขา", "nameEn": null, "cat": ["school"], "province": "cr", "slug": "1057120338", "rank": 3}}, {"type": "Feature", "geometry": {"type": "Point", "coordinates": [100.51253, 19.93678]}, "properties": {"id": "cr-obec-1057120587", "name": "โรงเรียนบรรพตวิทยา", "nameTh": "โรงเรียนบรรพตวิทยา", "nameEn": null, "cat": ["school"], "province": "cr", "slug": "1057120587", "rank": 3}}, {"type": "Feature", "geometry": {"type": "Point", "coordinates": [100.51119, 19.94701]}, "properties": {"id": "cr-osm-node-13865121201", "name": "โรงเรียนบรรพตวิทยา", "nameTh": "โรงเรียนบรรพตวิทยา", "nameEn": "Banpot Wittaya school", "cat": ["school"], "province": "cr", "slug": "banpot-wittaya-school-13865121201", "rank": 2}}, {"type": "Feature", "geometry": {"type": "Point", "coordinates": [99.82502, 19.90134]}, "properties": {"id": "cr-osm-way-1075480828", "name": "โรงเรียนบัณฑิตศึกษา", "nameTh": "โรงเรียนบัณฑิตศึกษา", "nameEn": "Bandit Sucks School", "cat": ["school"], "province": "cr", "slug": "bandit-sucks-school-1075480828", "rank": 3}}, {"type": "Feature", "geometry": {"type": "Point", "coordinates": [99.76017, 19.81628]}, "properties": {"id": "cr-obec-1057120650", "name": "โรงเรียนบัวสลีวิทยา", "nameTh": "โรงเรียนบัวสลีวิทยา", "nameEn": null, "cat": ["school"], "province": "cr", "slug": "1057120650", "rank": 3}}, {"type": "Feature", "geometry": {"type": "Point", "coordinates": [99.76053, 19.81545]}, "properties": {"id": "cr-osm-node-2138391905", "name": "โรงเรียนบัวสลีวิทยา", "nameTh": "โรงเรียนบัวสลีวิทยา", "nameEn": "Bua Sali Witthaya School", "cat": ["school"], "province": "cr", "slug": "bua-sali-witthaya-school-2138391905", "rank": 2}}, {"type": "Feature", "geometry": {"type": "Point", "coordinates": [100.33253, 19.99155]}, "properties": {"id": "cr-obec-1057120706", "name": "โรงเรียนบุญเรืองวิทยาคม", "nameTh": "โรงเรียนบุญเรืองวิทยาคม", "nameEn": null, "cat": ["school"], "province": "cr", "slug": "1057120706", "rank": 3}}, {"type": "Feature", "geometry": {"type": "Point", "coordinates": [100.33318, 19.99115]}, "properties": {"id": "cr-osm-node-2423455183", "name": "โรงเรียนบุญเรืองวิทยาคม", "nameTh": "โรงเรียนบุญเรืองวิทยาคม", "nameEn": "Bun Rueang Witthayakhom School", "cat": ["school"], "province": "cr", "slug": "bun-rueang-witthayakhom-school-2423455183", "rank": 2}}, {"type": "Feature", "geometry": {"type": "Point", "coordinates": [100.36686, 19.82279]}, "properties": {"id": "cr-osm-node-6420200787", "name": "โรงเรียนบเานรักแผ่นดิน", "nameTh": "โรงเรียนบเานรักแผ่นดิน", "nameEn": "Rak Phaen Din School", "cat": ["school"], "province": "cr", "slug": "rak-phaen-din-school-6420200787", "rank": 2}}, {"type": "Feature", "geometry": {"type": "Point", "coordinates": [99.58994, 19.99268]}, "properties": {"id": "cr-obec-1057120693", "name": "โรงเรียนบ้านกกน้อยวิทยา", "nameTh": "โรงเรียนบ้านกกน้อยวิทยา", "nameEn": null, "cat": ["school"], "province": "cr", "slug": "1057120693", "rank": 3}}, {"type": "Feature", "geometry": {"type": "Point", "coordinates": [100.10883, 19.90492]}, "properties": {"id": "cr-obec-1057120552", "name": "โรงเรียนบ้านกระแล", "nameTh": "โรงเรียนบ้านกระแล", "nameEn": null, "cat": ["school"], "province": "cr", "slug": "1057120552", "rank": 3}}, {"type": "Feature", "geometry": {"type": "Point", "coordinates": [100.14032, 19.93153]}, "properties": {"id": "cr-osm-node-2318279296", "name": "โรงเรียนบ้านกระแล", "nameTh": "โรงเรียนบ้านกระแล", "nameEn": "Ban Kra Lae School", "cat": ["school"], "province": "cr", "slug": "ban-kra-lae-school-2318279296", "rank": 2}}, {"type": "Feature", "geometry": {"type": "Point", "coordinates": [99.65615, 20.15665]}, "properties": {"id": "cr-obec-1057120614", "name": "โรงเรียนบ้านกลาง", "nameTh": "โรงเรียนบ้านกลาง", "nameEn": null, "cat": ["school"], "province": "cr", "slug": "1057120614", "rank": 3}}, {"type": "Feature", "geometry": {"type": "Point", "coordinates": [99.87287, 19.62771]}, "properties": {"id": "cr-obec-1057120310", "name": "โรงเรียนบ้านกล้วย", "nameTh": "โรงเรียนบ้านกล้วย", "nameEn": null, "cat": ["school"], "province": "cr", "slug": "1057120310", "rank": 3}}, {"type": "Feature", "geometry": {"type": "Point", "coordinates": [99.93891, 20.2075]}, "properties": {"id": "cr-obec-1057120357", "name": "โรงเรียนบ้านกิ่วพร้าว", "nameTh": "โรงเรียนบ้านกิ่วพร้าว", "nameEn": null, "cat": ["school"], "province": "cr", "slug": "1057120357", "rank": 3}}, {"type": "Feature", "geometry": {"type": "Point", "coordinates": [99.9894, 19.60728]}, "properties": {"id": "cr-osm-node-6429554088", "name": "โรงเรียนบ้านก้อ", "nameTh": "โรงเรียนบ้านก้อ", "nameEn": "Ban Kor School", "cat": ["school"], "province": "cr", "slug": "ban-kor-school-6429554088", "rank": 2}}, {"type": "Feature", "geometry": {"type": "Point", "coordinates": [99.98923, 19.60645]}, "properties": {"id": "cr-obec-1057120219", "name": "โรงเรียนบ้านก๊อ", "nameTh": "โรงเรียนบ้านก๊อ", "nameEn": null, "cat": ["school"], "province": "cr", "slug": "1057120219", "rank": 3}}, {"type": "Feature", "geometry": {"type": "Point", "coordinates": [100.08687, 19.70644]}, "properties": {"id": "cr-obec-1057120180", "name": "โรงเรียนบ้านขอนซุง", "nameTh": "โรงเรียนบ้านขอนซุง", "nameEn": null, "cat": ["school"], "province": "cr", "slug": "1057120180", "rank": 2}}, {"type": "Feature", "geometry": {"type": "Point", "coordinates": [99.84765, 19.94905]}, "properties": {"id": "cr-obec-1057120020", "name": "โรงเรียนบ้านขัวแคร่", "nameTh": "โรงเรียนบ้านขัวแคร่", "nameEn": null, "cat": ["school"], "province": "cr", "slug": "1057120020", "rank": 3}}, {"type": "Feature", "geometry": {"type": "Point", "coordinates": [99.84756, 19.94846]}, "properties": {"id": "cr-osm-way-1037162287", "name": "โรงเรียนบ้านขัวแคร่", "nameTh": "โรงเรียนบ้านขัวแคร่", "nameEn": "Ban Khua Khrae School", "cat": ["school"], "province": "cr", "slug": "ban-khua-khrae-school-1037162287", "rank": 2}}, {"type": "Feature", "geometry": {"type": "Point", "coordinates": [99.8022, 20.27398]}, "properties": {"id": "cr-obec-1057120593", "name": "โรงเรียนบ้านขาแหย่งพัฒนา", "nameTh": "โรงเรียนบ้านขาแหย่งพัฒนา", "nameEn": null, "cat": ["school"], "province": "cr", "slug": "1057120593", "rank": 3}}, {"type": "Feature", "geometry": {"type": "Point", "coordinates": [99.80244, 20.27383]}, "properties": {"id": "cr-osm-node-12917404701", "name": "โรงเรียนบ้านขาแหย่งพัฒนา", "nameTh": "โรงเรียนบ้านขาแหย่งพัฒนา", "nameEn": "Ban Kha Yaeng Phatthana School", "cat": ["school"], "province": "cr", "slug": "ban-kha-yaeng-phatthana-school-12917404701", "rank": 2}}, {"type": "Feature", "geometry": {"type": "Point", "coordinates": [99.92217, 20.19183]}, "properties": {"id": "cr-obec-1057120356", "name": "โรงเรียนบ้านขี้เหล็กดอยดินแดง", "nameTh": "โรงเรียนบ้านขี้เหล็กดอยดินแดง", "nameEn": null, "cat": ["school"], "province": "cr", "slug": "1057120356", "rank": 2}}, {"type": "Feature", "geometry": {"type": "Point", "coordinates": [99.37134, 19.08944]}, "properties": {"id": "cr-obec-1057120505", "name": "โรงเรียนบ้านขุนลาว", "nameTh": "โรงเรียนบ้านขุนลาว", "nameEn": null, "cat": ["school"], "province": "cr", "slug": "1057120505", "rank": 2}}, {"type": "Feature", "geometry": {"type": "Point", "coordinates": [99.45775, 19.87773]}, "properties": {"id": "cr-obec-1057120424", "name": "โรงเรียนบ้านขุนสรวย", "nameTh": "โรงเรียนบ้านขุนสรวย", "nameEn": null, "cat": ["school"], "province": "cr", "slug": "1057120424", "rank": 3}}, {"type": "Feature", "geometry": {"type": "Point", "coordinates": [100.29303, 19.72141]}, "properties": {"id": "cr-obec-1057120198", "name": "โรงเรียนบ้านขุนห้วยไคร้", "nameTh": "โรงเรียนบ้านขุนห้วยไคร้", "nameEn": null, "cat": ["school"], "province": "cr", "slug": "1057120198", "rank": 3}}, {"type": "Feature", "geometry": {"type": "Point", "coordinates": [100.20942, 20.16275]}, "properties": {"id": "cr-obec-1057120686", "name": "โรงเรียนบ้านขุนแม่บง ตชด.", "nameTh": "โรงเรียนบ้านขุนแม่บง ตชด.", "nameEn": null, "cat": ["school"], "province": "cr", "slug": "1057120686", "rank": 2}}, {"type": "Feature", "geometry": {"type": "Point", "coordinates": [100.37102, 20.03065]}, "properties": {"id": "cr-obec-1057120118", "name": "โรงเรียนบ้านครึ่ง", "nameTh": "โรงเรียนบ้านครึ่ง", "nameEn": null, "cat": ["school"], "province": "cr", "slug": "1057120118", "rank": 3}}, {"type": "Feature", "geometry": {"type": "Point", "coordinates": [100.37292, 20.02869]}, "properties": {"id": "cr-osm-node-2423467475", "name": "โรงเรียนบ้านครึ่ง", "nameTh": "โรงเรียนบ้านครึ่ง", "nameEn": "Ban Khrueng School", "cat": ["school"], "province": "cr", "slug": "ban-khrueng-school-2423467475", "rank": 2}}, {"type": "Feature", "geometry": {"type": "Point", "coordinates": [100.41459, 20.11396]}, "properties": {"id": "cr-obec-1057120119", "name": "โรงเรียนบ้านครึ่งใต้", "nameTh": "โรงเรียนบ้านครึ่งใต้", "nameEn": null, "cat": ["school"], "province": "cr", "slug": "1057120119", "rank": 3}}, {"type": "Feature", "geometry": {"type": "Point", "coordinates": [100.10604, 19.69218]}, "properties": {"id": "cr-obec-1057120177", "name": "โรงเรียนบ้านงิ้วป่าไผ่(ราษฎร์นุกูล)", "nameTh": "โรงเรียนบ้านงิ้วป่าไผ่(ราษฎร์นุกูล)", "nameEn": null, "cat": ["school"], "province": "cr", "slug": "1057120177", "rank": 3}}, {"type": "Feature", "geometry": {"type": "Point", "coordinates": [100.09617, 19.68379]}, "properties": {"id": "cr-obec-1057120176", "name": "โรงเรียนบ้านงิ้วใหม่", "nameTh": "โรงเรียนบ้านงิ้วใหม่", "nameEn": null, "cat": ["school"], "province": "cr", "slug": "1057120176", "rank": 3}}, {"type": "Feature", "geometry": {"type": "Point", "coordinates": [99.98678, 19.80812]}, "properties": {"id": "cr-obec-1057120526", "name": "โรงเรียนบ้านจอเจริญ", "nameTh": "โรงเรียนบ้านจอเจริญ", "nameEn": null, "cat": ["school"], "province": "cr", "slug": "1057120526", "rank": 3}}, {"type": "Feature", "geometry": {"type": "Point", "coordinates": [99.98687, 19.80824]}, "properties": {"id": "cr-osm-way-1233190515", "name": "โรงเรียนบ้านจอเจริญ", "nameTh": "โรงเรียนบ้านจอเจริญ", "nameEn": "Baan Cho Charoen School", "cat": ["school"], "province": "cr", "slug": "baan-cho-charoen-school-1233190515", "rank": 2}}, {"type": "Feature", "geometry": {"type": "Point", "coordinates": [99.53531, 20.03266]}, "properties": {"id": "cr-obec-1057120011", "name": "โรงเรียนบ้านจะคือ", "nameTh": "โรงเรียนบ้านจะคือ", "nameEn": null, "cat": ["school"], "province": "cr", "slug": "1057120011", "rank": 3}}, {"type": "Feature", "geometry": {"type": "Point", "coordinates": [99.70768, 20.29222]}, "properties": {"id": "cr-obec-1057120599", "name": "โรงเรียนบ้านจะตี", "nameTh": "โรงเรียนบ้านจะตี", "nameEn": null, "cat": ["school"], "province": "cr", "slug": "1057120599", "rank": 3}}, {"type": "Feature", "geometry": {"type": "Point", "coordinates": [99.8247, 19.56255]}, "properties": {"id": "cr-obec-1057120303", "name": "โรงเรียนบ้านจำคาวตอง", "nameTh": "โรงเรียนบ้านจำคาวตอง", "nameEn": null, "cat": ["school"], "province": "cr", "slug": "1057120303", "rank": 2}}, {"type": "Feature", "geometry": {"type": "Point", "coordinates": [99.92041, 19.6935]}, "properties": {"id": "cr-obec-1057120089", "name": "โรงเรียนบ้านจำบอน", "nameTh": "โรงเรียนบ้านจำบอน", "nameEn": null, "cat": ["school"], "province": "cr", "slug": "1057120089", "rank": 3}}, {"type": "Feature", "geometry": {"type": "Point", "coordinates": [99.81196, 19.61341]}, "properties": {"id": "cr-obec-1057120293", "name": "โรงเรียนบ้านจำผักกูด", "nameTh": "โรงเรียนบ้านจำผักกูด", "nameEn": null, "cat": ["school"], "province": "cr", "slug": "1057120293", "rank": 2}}, {"type": "Feature", "geometry": {"type": "Point", "coordinates": [99.88407, 20.36855]}, "properties": {"id": "cr-obec-1057120453", "name": "โรงเรียนบ้านจ้อง", "nameTh": "โรงเรียนบ้านจ้อง", "nameEn": null, "cat": ["school"], "province": "cr", "slug": "1057120453", "rank": 3}}, {"type": "Feature", "geometry": {"type": "Point", "coordinates": [99.88444, 20.36886]}, "properties": {"id": "cr-osm-way-395972246", "name": "โรงเรียนบ้านจ้อง", "nameTh": "โรงเรียนบ้านจ้อง", "nameEn": "Ban Chong School", "cat": ["school"], "province": "cr", "slug": "ban-chong-school-395972246", "rank": 3}}, {"type": "Feature", "geometry": {"type": "Point", "coordinates": [100.30705, 19.92423]}, "properties": {"id": "cr-obec-1057120632", "name": "โรงเรียนบ้านชมภู", "nameTh": "โรงเรียนบ้านชมภู", "nameEn": null, "cat": ["school"], "province": "cr", "slug": "1057120632", "rank": 3}}, {"type": "Feature", "geometry": {"type": "Point", "coordinates": [100.3076, 19.92502]}, "properties": {"id": "cr-osm-node-6947452788", "name": "โรงเรียนบ้านชมภู", "nameTh": "โรงเรียนบ้านชมภู", "nameEn": "Chompu village school", "cat": ["school"], "province": "cr", "slug": "chompu-village-school-6947452788", "rank": 2}}, {"type": "Feature", "geometry": {"type": "Point", "coordinates": [100.00774, 19.77084]}, "properties": {"id": "cr-obec-1057120524", "name": "โรงเรียนบ้านชัยพฤกษ์", "nameTh": "โรงเรียนบ้านชัยพฤกษ์", "nameEn": null, "cat": ["school"], "province": "cr", "slug": "1057120524", "rank": 3}}, {"type": "Feature", "geometry": {"type": "Point", "coordinates": [99.98046, 19.84537]}, "properties": {"id": "cr-obec-1057120525", "name": "โรงเรียนบ้านช่องลม", "nameTh": "โรงเรียนบ้านช่องลม", "nameEn": null, "cat": ["school"], "province": "cr", "slug": "1057120525", "rank": 3}}, {"type": "Feature", "geometry": {"type": "Point", "coordinates": [99.73149, 19.45579]}, "properties": {"id": "cr-obec-1057120278", "name": "โรงเรียนบ้านดง", "nameTh": "โรงเรียนบ้านดง", "nameEn": null, "cat": ["school"], "province": "cr", "slug": "1057120278", "rank": 2}}, {"type": "Feature", "geometry": {"type": "Point", "coordinates": [99.5395, 19.21752]}, "properties": {"id": "cr-obec-1057120497", "name": "โรงเรียนบ้านดงป่าส้านใหม่เจริญ", "nameTh": "โรงเรียนบ้านดงป่าส้านใหม่เจริญ", "nameEn": null, "cat": ["school"], "province": "cr", "slug": "1057120497", "rank": 3}}, {"type": "Feature", "geometry": {"type": "Point", "coordinates": [99.94914, 19.77061]}, "properties": {"id": "cr-obec-1057120077", "name": "โรงเรียนบ้านดงป่าเหมี้ยง", "nameTh": "โรงเรียนบ้านดงป่าเหมี้ยง", "nameEn": null, "cat": ["school"], "province": "cr", "slug": "1057120077", "rank": 3}}, {"type": "Feature", "geometry": {"type": "Point", "coordinates": [99.70034, 19.73519]}, "properties": {"id": "cr-obec-1057120634", "name": "โรงเรียนบ้านดงมะดะ", "nameTh": "โรงเรียนบ้านดงมะดะ", "nameEn": null, "cat": ["school"], "province": "cr", "slug": "1057120634", "rank": 3}}, {"type": "Feature", "geometry": {"type": "Point", "coordinates": [99.82334, 19.45707]}, "properties": {"id": "cr-obec-1057120283", "name": "โรงเรียนบ้านดงเวียง", "nameTh": "โรงเรียนบ้านดงเวียง", "nameEn": null, "cat": ["school"], "province": "cr", "slug": "1057120283", "rank": 2}}, {"type": "Feature", "geometry": {"type": "Point", "coordinates": [99.81164, 19.90164]}, "properties": {"id": "cr-osm-way-1083152687", "name": "โรงเรียนบ้านดนตรี", "nameTh": "โรงเรียนบ้านดนตรี", "nameEn": "Bann Dontree School", "cat": ["school"], "province": "cr", "slug": "bann-dontree-school-1083152687", "rank": 2}}, {"type": "Feature", "geometry": {"type": "Point", "coordinates": [100.02179, 19.82368]}, "properties": {"id": "cr-obec-1057120523", "name": "โรงเรียนบ้านดอน", "nameTh": "โรงเรียนบ้านดอน", "nameEn": null, "cat": ["school"], "province": "cr", "slug": "1057120523", "rank": 3}}, {"type": "Feature", "geometry": {"type": "Point", "coordinates": [100.18737, 20.12918]}, "properties": {"id": "cr-obec-1057120685", "name": "โรงเรียนบ้านดอนงาม", "nameTh": "โรงเรียนบ้านดอนงาม", "nameEn": null, "cat": ["school"], "province": "cr", "slug": "1057120685", "rank": 3}}, {"type": "Feature", "geometry": {"type": "Point", "coordinates": [100.09512, 19.67177]}, "properties": {"id": "cr-obec-1057120181", "name": "โรงเรียนบ้านดอนดินแดง", "nameTh": "โรงเรียนบ้านดอนดินแดง", "nameEn": null, "cat": ["school"], "province": "cr", "slug": "1057120181", "rank": 3}}, {"type": "Feature", "geometry": {"type": "Point", "coordinates": [100.44991, 20.22369]}, "properties": {"id": "cr-obec-1057120094", "name": "โรงเรียนบ้านดอนมหาวัน", "nameTh": "โรงเรียนบ้านดอนมหาวัน", "nameEn": null, "cat": ["school"], "province": "cr", "slug": "1057120094", "rank": 2}}, {"type": "Feature", "geometry": {"type": "Point", "coordinates": [99.4801, 19.63733]}, "properties": {"id": "cr-obec-1057120390", "name": "โรงเรียนบ้านดอนสลี", "nameTh": "โรงเรียนบ้านดอนสลี", "nameEn": null, "cat": ["school"], "province": "cr", "slug": "1057120390", "rank": 3}}, {"type": "Feature", "geometry": {"type": "Point", "coordinates": [100.27069, 19.70499]}, "properties": {"id": "cr-obec-1057120201", "name": "โรงเรียนบ้านดอนแยง", "nameTh": "โรงเรียนบ้านดอนแยง", "nameEn": null, "cat": ["school"], "province": "cr", "slug": "1057120201", "rank": 3}}, {"type": "Feature", "geometry": {"type": "Point", "coordinates": [100.2866, 19.66606]}, "properties": {"id": "cr-obec-1057120195", "name": "โรงเรียนบ้านดอนไชย", "nameTh": "โรงเรียนบ้านดอนไชย", "nameEn": null, "cat": ["school"], "province": "cr", "slug": "1057120195", "rank": 3}}, {"type": "Feature", "geometry": {"type": "Point", "coordinates": [100.1201, 20.13313]}, "properties": {"id": "cr-obec-1057120684", "name": "โรงเรียนบ้านดอย", "nameTh": "โรงเรียนบ้านดอย", "nameEn": null, "cat": ["school"], "province": "cr", "slug": "1057120684", "rank": 3}}, {"type": "Feature", "geometry": {"type": "Point", "coordinates": [100.00463, 19.80508]}, "properties": {"id": "cr-obec-1057120528", "name": "โรงเรียนบ้านดอยงาม", "nameTh": "โรงเรียนบ้านดอยงาม", "nameEn": null, "cat": ["school"], "province": "cr", "slug": "1057120528", "rank": 3}}, {"type": "Feature", "geometry": {"type": "Point", "coordinates": [100.06996, 20.25449]}, "properties": {"id": "cr-obec-1057120130", "name": "โรงเรียนบ้านดอยจัน", "nameTh": "โรงเรียนบ้านดอยจัน", "nameEn": null, "cat": ["school"], "province": "cr", "slug": "1057120130", "rank": 3}}, {"type": "Feature", "geometry": {"type": "Point", "coordinates": [99.55592, 19.81965]}, "properties": {"id": "cr-obec-1057120422", "name": "โรงเรียนบ้านดอยช้าง", "nameTh": "โรงเรียนบ้านดอยช้าง", "nameEn": null, "cat": ["school"], "province": "cr", "slug": "1057120422", "rank": 3}}, {"type": "Feature", "geometry": {"type": "Point", "coordinates": [100.03259, 20.34793]}, "properties": {"id": "cr-obec-1057120143", "name": "โรงเรียนบ้านดอยสะโง๊ะ", "nameTh": "โรงเรียนบ้านดอยสะโง๊ะ", "nameEn": null, "cat": ["school"], "province": "cr", "slug": "1057120143", "rank": 3}}, {"type": "Feature", "geometry": {"type": "Point", "coordinates": [99.76333, 19.92196]}, "properties": {"id": "cr-obec-1057120044", "name": "โรงเรียนบ้านดอยฮาง", "nameTh": "โรงเรียนบ้านดอยฮาง", "nameEn": null, "cat": ["school"], "province": "cr", "slug": "1057120044", "rank": 3}}, {"type": "Feature", "geometry": {"type": "Point", "coordinates": [99.49085, 19.54249]}, "properties": {"id": "cr-obec-1057120406", "name": "โรงเรียนบ้านดินดำ", "nameTh": "โรงเรียนบ้านดินดำ", "nameEn": null, "cat": ["school"], "province": "cr", "slug": "1057120406", "rank": 3}}, {"type": "Feature", "geometry": {"type": "Point", "coordinates": [99.49076, 19.54259]}, "properties": {"id": "cr-osm-way-1013618591", "name": "โรงเรียนบ้านดินดำ", "nameTh": "โรงเรียนบ้านดินดำ", "nameEn": "Ban Dindam School", "cat": ["school"], "province": "cr", "slug": "ban-dindam-school-1013618591", "rank": 2}}, {"type": "Feature", "geometry": {"type": "Point", "coordinates": [99.8529, 19.9643]}, "properties": {"id": "cr-osm-way-1037164475", "name": "โรงเรียนบ้านดู่ (สหราษฎร์พัฒนาคาร)", "nameTh": "โรงเรียนบ้านดู่ (สหราษฎร์พัฒนาคาร)", "nameEn": "Ban Du School", "cat": ["school"], "province": "cr", "slug": "ban-du-school-1037164475", "rank": 2}}, {"type": "Feature", "geometry": {"type": "Point", "coordinates": [99.85415, 19.96409]}, "properties": {"id": "cr-obec-1057120019", "name": "โรงเรียนบ้านดู่(สหราษฎร์พัฒนาคาร)", "nameTh": "โรงเรียนบ้านดู่(สหราษฎร์พัฒนาคาร)", "nameEn": null, "cat": ["school"], "province": "cr", "slug": "1057120019", "rank": 3}}, {"type": "Feature", "geometry": {"type": "Point", "coordinates": [99.94649, 20.29225]}, "properties": {"id": "cr-obec-1057120463", "name": "โรงเรียนบ้านด้ายเทพกาญจนาอุปถัมภ์", "nameTh": "โรงเรียนบ้านด้ายเทพกาญจนาอุปถัมภ์", "nameEn": null, "cat": ["school"], "province": "cr", "slug": "1057120463", "rank": 3}}, {"type": "Feature", "geometry": {"type": "Point", "coordinates": [100.4148, 20.11413]}, "properties": {"id": "cr-obec-1057120115", "name": "โรงเรียนบ้านตองม่วงชุม", "nameTh": "โรงเรียนบ้านตองม่วงชุม", "nameEn": null, "cat": ["school"], "province": "cr", "slug": "1057120115", "rank": 3}}, {"type": "Feature", "geometry": {"type": "Point", "coordinates": [100.41444, 20.11389]}, "properties": {"id": "cr-osm-node-2423480368", "name": "โรงเรียนบ้านตองม่วงชุม", "nameTh": "โรงเรียนบ้านตองม่วงชุม", "nameEn": "Ban Tong Muang Chum School", "cat": ["school"], "province": "cr", "slug": "ban-tong-muang-chum-school-2423480368", "rank": 2}}, {"type": "Feature", "geometry": {"type": "Point", "coordinates": [100.32223, 19.76747]}, "properties": {"id": "cr-obec-1057120200", "name": "โรงเรียนบ้านตีนเป็ด", "nameTh": "โรงเรียนบ้านตีนเป็ด", "nameEn": null, "cat": ["school"], "province": "cr", "slug": "1057120200", "rank": 2}}, {"type": "Feature", "geometry": {"type": "Point", "coordinates": [100.10014, 19.69868]}, "properties": {"id": "cr-obec-1057120178", "name": "โรงเรียนบ้านตุ้มเหนือ", "nameTh": "โรงเรียนบ้านตุ้มเหนือ", "nameEn": null, "cat": ["school"], "province": "cr", "slug": "1057120178", "rank": 3}}, {"type": "Feature", "geometry": {"type": "Point", "coordinates": [99.73338, 19.81472]}, "properties": {"id": "cr-obec-1057120652", "name": "โรงเรียนบ้านต้นง้าว", "nameTh": "โรงเรียนบ้านต้นง้าว", "nameEn": null, "cat": ["school"], "province": "cr", "slug": "1057120652", "rank": 3}}, {"type": "Feature", "geometry": {"type": "Point", "coordinates": [100.32381, 19.98042]}, "properties": {"id": "cr-obec-1057120113", "name": "โรงเรียนบ้านต้นปล้องแดนเมือง", "nameTh": "โรงเรียนบ้านต้นปล้องแดนเมือง", "nameEn": null, "cat": ["school"], "province": "cr", "slug": "1057120113", "rank": 3}}, {"type": "Feature", "geometry": {"type": "Point", "coordinates": [100.32432, 19.98012]}, "properties": {"id": "cr-osm-node-2423453130", "name": "โรงเรียนบ้านต้นปล้องแดนเมือง", "nameTh": "โรงเรียนบ้านต้นปล้องแดนเมือง", "nameEn": "Ban Ton Plong Daen Mueang School", "cat": ["school"], "province": "cr", "slug": "ban-ton-plong-daen-mueang-school-2423453130", "rank": 2}}, {"type": "Feature", "geometry": {"type": "Point", "coordinates": [99.75272, 19.79839]}, "properties": {"id": "cr-obec-1057120651", "name": "โรงเรียนบ้านต้นยาง", "nameTh": "โรงเรียนบ้านต้นยาง", "nameEn": null, "cat": ["school"], "province": "cr", "slug": "1057120651", "rank": 3}}, {"type": "Feature", "geometry": {"type": "Point", "coordinates": [99.75333, 19.79811]}, "properties": {"id": "cr-osm-node-2138390507", "name": "โรงเรียนบ้านต้นยาง", "nameTh": "โรงเรียนบ้านต้นยาง", "nameEn": "Ban Tonyang School", "cat": ["school"], "province": "cr", "slug": "ban-tonyang-school-2138390507", "rank": 2}}, {"type": "Feature", "geometry": {"type": "Point", "coordinates": [100.30109, 19.74315]}, "properties": {"id": "cr-obec-1057120199", "name": "โรงเรียนบ้านต้นเขืองโจ้โก้สามัคคี", "nameTh": "โรงเรียนบ้านต้นเขืองโจ้โก้สามัคคี", "nameEn": null, "cat": ["school"], "province": "cr", "slug": "1057120199", "rank": 3}}, {"type": "Feature", "geometry": {"type": "Point", "coordinates": [100.30103, 19.74283]}, "properties": {"id": "cr-osm-way-760190397", "name": "โรงเรียนบ้านต้นเขืองโจ้โก้สามัคคี", "nameTh": "โรงเรียนบ้านต้นเขืองโจ้โก้สามัคคี", "nameEn": "Ban Tonkuang Joko Samakee School", "cat": ["school"], "province": "cr", "slug": "ban-tonkuang-joko-samakee-school-760190397", "rank": 2}}, {"type": "Feature", "geometry": {"type": "Point", "coordinates": [100.22391, 19.8236]}, "properties": {"id": "cr-obec-1057120627", "name": "โรงเรียนบ้านต้านาล้อม", "nameTh": "โรงเรียนบ้านต้านาล้อม", "nameEn": null, "cat": ["school"], "province": "cr", "slug": "1057120627", "rank": 3}}, {"type": "Feature", "geometry": {"type": "Point", "coordinates": [100.23226, 19.81868]}, "properties": {"id": "cr-obec-1057120626", "name": "โรงเรียนบ้านต้าหลวง(ต้าประชานุกูล)", "nameTh": "โรงเรียนบ้านต้าหลวง(ต้าประชานุกูล)", "nameEn": null, "cat": ["school"], "province": "cr", "slug": "1057120626", "rank": 3}}, {"type": "Feature", "geometry": {"type": "Point", "coordinates": [99.68504, 19.61314]}, "properties": {"id": "cr-obec-1057120254", "name": "โรงเรียนบ้านถ้ำ", "nameTh": "โรงเรียนบ้านถ้ำ", "nameEn": null, "cat": ["school"], "province": "cr", "slug": "1057120254", "rank": 3}}, {"type": "Feature", "geometry": {"type": "Point", "coordinates": [99.88276, 20.3274]}, "properties": {"id": "cr-obec-1057120449", "name": "โรงเรียนบ้านถ้ำ", "nameTh": "โรงเรียนบ้านถ้ำ", "nameEn": null, "cat": ["school"], "province": "cr", "slug": "1057120449", "rank": 3}}, {"type": "Feature", "geometry": {"type": "Point", "coordinates": [99.88321, 20.32758]}, "properties": {"id": "cr-osm-way-544167935", "name": "โรงเรียนบ้านถ้ำ", "nameTh": "โรงเรียนบ้านถ้ำ", "nameEn": "Ban Tham School", "cat": ["school"], "province": "cr", "slug": "ban-tham-school-544167935", "rank": 2}}, {"type": "Feature", "geometry": {"type": "Point", "coordinates": [99.86517, 20.32761]}, "properties": {"id": "cr-osm-way-544167202", "name": "โรงเรียนบ้านถ้ำ ตชด", "nameTh": "โรงเรียนบ้านถ้ำ ตชด", "nameEn": null, "cat": ["school"], "province": "cr", "slug": "544167202", "rank": 1}}, {"type": "Feature", "geometry": {"type": "Point", "coordinates": [99.86652, 20.32788]}, "properties": {"id": "cr-obec-1057120451", "name": "โรงเรียนบ้านถ้ำ ตชด.", "nameTh": "โรงเรียนบ้านถ้ำ ตชด.", "nameEn": null, "cat": ["school"], "province": "cr", "slug": "1057120451", "rank": 3}}, {"type": "Feature", "geometry": {"type": "Point", "coordinates": [99.876, 20.32239]}, "properties": {"id": "cr-obec-1057120452", "name": "โรงเรียนบ้านถ้ำปลา", "nameTh": "โรงเรียนบ้านถ้ำปลา", "nameEn": null, "cat": ["school"], "province": "cr", "slug": "1057120452", "rank": 3}}, {"type": "Feature", "geometry": {"type": "Point", "coordinates": [99.87597, 20.32281]}, "properties": {"id": "cr-osm-way-544166623", "name": "โรงเรียนบ้านถ้ำปลา", "nameTh": "โรงเรียนบ้านถ้ำปลา", "nameEn": null, "cat": ["school"], "province": "cr", "slug": "544166623", "rank": 1}}, {"type": "Feature", "geometry": {"type": "Point", "coordinates": [99.9003, 20.07977]}, "properties": {"id": "cr-obec-1057120031", "name": "โรงเรียนบ้านถ้ำผาตอง", "nameTh": "โรงเรียนบ้านถ้ำผาตอง", "nameEn": null, "cat": ["school"], "province": "cr", "slug": "1057120031", "rank": 3}}, {"type": "Feature", "geometry": {"type": "Point", "coordinates": [100.45173, 19.95996]}, "properties": {"id": "cr-obec-1057120588", "name": "โรงเรียนบ้านทรายทอง", "nameTh": "โรงเรียนบ้านทรายทอง", "nameEn": null, "cat": ["school"], "province": "cr", "slug": "1057120588", "rank": 3}}, {"type": "Feature", "geometry": {"type": "Point", "coordinates": [100.06233, 20.20237]}, "properties": {"id": "cr-obec-1057120373", "name": "โรงเรียนบ้านทับกุมารทอง", "nameTh": "โรงเรียนบ้านทับกุมารทอง", "nameEn": null, "cat": ["school"], "province": "cr", "slug": "1057120373", "rank": 3}}, {"type": "Feature", "geometry": {"type": "Point", "coordinates": [100.12246, 20.121]}, "properties": {"id": "cr-obec-1057120683", "name": "โรงเรียนบ้านทุ่งกวาง", "nameTh": "โรงเรียนบ้านทุ่งกวาง", "nameEn": null, "cat": ["school"], "province": "cr", "slug": "1057120683", "rank": 3}}, {"type": "Feature", "geometry": {"type": "Point", "coordinates": [100.02448, 19.97857]}, "properties": {"id": "cr-obec-1057120653", "name": "โรงเรียนบ้านทุ่งก่อ(ใจประชานุเคราะห์)", "nameTh": "โรงเรียนบ้านทุ่งก่อ(ใจประชานุเคราะห์)", "nameEn": null, "cat": ["school"], "province": "cr", "slug": "1057120653", "rank": 3}}, {"type": "Feature", "geometry": {"type": "Point", "coordinates": [100.47082, 20.08359]}, "properties": {"id": "cr-obec-1057120574", "name": "โรงเรียนบ้านทุ่งคำ", "nameTh": "โรงเรียนบ้านทุ่งคำ", "nameEn": null, "cat": ["school"], "province": "cr", "slug": "1057120574", "rank": 2}}, {"type": "Feature", "geometry": {"type": "Point", "coordinates": [100.40257, 20.20952]}, "properties": {"id": "cr-osm-node-2423510184", "name": "โรงเรียนบ้านทุ่งงิ้ว", "nameTh": "โรงเรียนบ้านทุ่งงิ้ว", "nameEn": "Ban Thung Ngio School", "cat": ["school"], "province": "cr", "slug": "ban-thung-ngio-school-2423510184", "rank": 2}}, {"type": "Feature", "geometry": {"type": "Point", "coordinates": [100.40289, 20.20998]}, "properties": {"id": "cr-obec-1057120100", "name": "โรงเรียนบ้านทุ่งงิ้ว(ประชาสงเคราะห์2)", "nameTh": "โรงเรียนบ้านทุ่งงิ้ว(ประชาสงเคราะห์2)", "nameEn": null, "cat": ["school"], "province": "cr", "slug": "2-1057120100", "rank": 3}}, {"type": "Feature", "geometry": {"type": "Point", "coordinates": [100.42507, 20.15491]}, "properties": {"id": "cr-obec-1057120106", "name": "โรงเรียนบ้านทุ่งซางดงหลวง", "nameTh": "โรงเรียนบ้านทุ่งซางดงหลวง", "nameEn": null, "cat": ["school"], "province": "cr", "slug": "1057120106", "rank": 3}}, {"type": "Feature", "geometry": {"type": "Point", "coordinates": [100.42428, 20.15466]}, "properties": {"id": "cr-osm-node-6410917386", "name": "โรงเรียนบ้านทุ่งซางดงหลวง", "nameTh": "โรงเรียนบ้านทุ่งซางดงหลวง", "nameEn": "Tungsang Donguang School", "cat": ["school"], "province": "cr", "slug": "tungsang-donguang-school-6410917386", "rank": 2}}, {"type": "Feature", "geometry": {"type": "Point", "coordinates": [100.34135, 20.26375]}, "properties": {"id": "cr-obec-1057120093", "name": "โรงเรียนบ้านทุ่งนาน้อย", "nameTh": "โรงเรียนบ้านทุ่งนาน้อย", "nameEn": null, "cat": ["school"], "province": "cr", "slug": "1057120093", "rank": 2}}, {"type": "Feature", "geometry": {"type": "Point", "coordinates": [100.31154, 19.9541]}, "properties": {"id": "cr-obec-1057120631", "name": "โรงเรียนบ้านทุ่งน้ำแพร่ป่าบง", "nameTh": "โรงเรียนบ้านทุ่งน้ำแพร่ป่าบง", "nameEn": null, "cat": ["school"], "province": "cr", "slug": "1057120631", "rank": 3}}, {"type": "Feature", "geometry": {"type": "Point", "coordinates": [100.31172, 19.95396]}, "properties": {"id": "cr-osm-node-2423448690", "name": "โรงเรียนบ้านทุ่งน้ำแพร่ป่าบง", "nameTh": "โรงเรียนบ้านทุ่งน้ำแพร่ป่าบง", "nameEn": "Ban Thung Nam Phrae Pa Bong School", "cat": ["school"], "province": "cr", "slug": "ban-thung-nam-phrae-pa-bong-school-2423448690", "rank": 2}}, {"type": "Feature", "geometry": {"type": "Point", "coordinates": [99.49927, 19.75545]}, "properties": {"id": "cr-obec-1057120420", "name": "โรงเรียนบ้านทุ่งพร้าว (เพ็คกี้ฮิทค็อก)", "nameTh": "โรงเรียนบ้านทุ่งพร้าว (เพ็คกี้ฮิทค็อก)", "nameEn": null, "cat": ["school"], "province": "cr", "slug": "1057120420", "rank": 3}}, {"type": "Feature", "geometry": {"type": "Point", "coordinates": [100.04618, 20.23449]}, "properties": {"id": "cr-obec-1057120132", "name": "โรงเรียนบ้านทุ่งฟ้าฮ่าม", "nameTh": "โรงเรียนบ้านทุ่งฟ้าฮ่าม", "nameEn": null, "cat": ["school"], "province": "cr", "slug": "1057120132", "rank": 2}}, {"type": "Feature", "geometry": {"type": "Point", "coordinates": [99.54137, 19.23032]}, "properties": {"id": "cr-obec-1057120496", "name": "โรงเรียนบ้านทุ่งม่าน", "nameTh": "โรงเรียนบ้านทุ่งม่าน", "nameEn": null, "cat": ["school"], "province": "cr", "slug": "1057120496", "rank": 3}}, {"type": "Feature", "geometry": {"type": "Point", "coordinates": [100.0726, 19.90856]}, "properties": {"id": "cr-obec-1057120535", "name": "โรงเรียนบ้านทุ่งยั้งหัวฝายวิทยา", "nameTh": "โรงเรียนบ้านทุ่งยั้งหัวฝายวิทยา", "nameEn": null, "cat": ["school"], "province": "cr", "slug": "1057120535", "rank": 3}}, {"type": "Feature", "geometry": {"type": "Point", "coordinates": [99.43352, 19.18776]}, "properties": {"id": "cr-obec-1057120512", "name": "โรงเรียนบ้านทุ่งยาว", "nameTh": "โรงเรียนบ้านทุ่งยาว", "nameEn": null, "cat": ["school"], "province": "cr", "slug": "1057120512", "rank": 3}}, {"type": "Feature", "geometry": {"type": "Point", "coordinates": [99.77038, 19.97039]}, "properties": {"id": "cr-obec-1057120034", "name": "โรงเรียนบ้านทุ่งหลวง", "nameTh": "โรงเรียนบ้านทุ่งหลวง", "nameEn": null, "cat": ["school"], "province": "cr", "slug": "1057120034", "rank": 3}}, {"type": "Feature", "geometry": {"type": "Point", "coordinates": [99.77002, 19.97029]}, "properties": {"id": "cr-osm-node-7461717085", "name": "โรงเรียนบ้านทุ่งหลวง", "nameTh": "โรงเรียนบ้านทุ่งหลวง", "nameEn": "Ban Tung Luang school", "cat": ["school"], "province": "cr", "slug": "ban-tung-luang-school-7461717085", "rank": 2}}, {"type": "Feature", "geometry": {"type": "Point", "coordinates": [100.42803, 20.18843]}, "properties": {"id": "cr-obec-1057120102", "name": "โรงเรียนบ้านทุ่งอ่าง", "nameTh": "โรงเรียนบ้านทุ่งอ่าง", "nameEn": null, "cat": ["school"], "province": "cr", "slug": "1057120102", "rank": 3}}, {"type": "Feature", "geometry": {"type": "Point", "coordinates": [100.14082, 19.85045]}, "properties": {"id": "cr-obec-1057120544", "name": "โรงเรียนบ้านทุ่งเจ้า", "nameTh": "โรงเรียนบ้านทุ่งเจ้า", "nameEn": null, "cat": ["school"], "province": "cr", "slug": "1057120544", "rank": 3}}, {"type": "Feature", "geometry": {"type": "Point", "coordinates": [100.19857, 19.6808]}, "properties": {"id": "cr-obec-1057120167", "name": "โรงเรียนบ้านทุ่งโห้ง", "nameTh": "โรงเรียนบ้านทุ่งโห้ง", "nameEn": null, "cat": ["school"], "province": "cr", "slug": "1057120167", "rank": 3}}, {"type": "Feature", "geometry": {"type": "Point", "coordinates": [100.2323, 19.71883]}, "properties": {"id": "cr-osm-node-2423419063", "name": "โรงเรียนบ้านทุ่งโห้ง", "nameTh": "โรงเรียนบ้านทุ่งโห้ง", "nameEn": "Ban Thung Hong School", "cat": ["school"], "province": "cr", "slug": "ban-thung-hong-school-2423419063", "rank": 2}}, {"type": "Feature", "geometry": {"type": "Point", "coordinates": [100.48952, 20.03448]}, "properties": {"id": "cr-obec-1057120579", "name": "โรงเรียนบ้านท่าข้าม", "nameTh": "โรงเรียนบ้านท่าข้าม", "nameEn": null, "cat": ["school"], "province": "cr", "slug": "1057120579", "rank": 3}}, {"type": "Feature", "geometry": {"type": "Point", "coordinates": [100.04269, 20.15296]}, "properties": {"id": "cr-obec-1057120368", "name": "โรงเรียนบ้านท่าข้าวเปลือก", "nameTh": "โรงเรียนบ้านท่าข้าวเปลือก", "nameEn": null, "cat": ["school"], "province": "cr", "slug": "1057120368", "rank": 3}}, {"type": "Feature", "geometry": {"type": "Point", "coordinates": [99.68763, 19.76684]}, "properties": {"id": "cr-obec-1057120643", "name": "โรงเรียนบ้านท่ามะโอ", "nameTh": "โรงเรียนบ้านท่ามะโอ", "nameEn": null, "cat": ["school"], "province": "cr", "slug": "1057120643", "rank": 3}}, {"type": "Feature", "geometry": {"type": "Point", "coordinates": [99.83889, 19.85397]}, "properties": {"id": "cr-obec-1057120069", "name": "โรงเรียนบ้านท่าสาย", "nameTh": "โรงเรียนบ้านท่าสาย", "nameEn": null, "cat": ["school"], "province": "cr", "slug": "1057120069", "rank": 3}}, {"type": "Feature", "geometry": {"type": "Point", "coordinates": [100.2592, 20.2871]}, "properties": {"id": "cr-obec-1057120162", "name": "โรงเรียนบ้านธารทอง", "nameTh": "โรงเรียนบ้านธารทอง", "nameEn": null, "cat": ["school"], "province": "cr", "slug": "1057120162", "rank": 3}}, {"type": "Feature", "geometry": {"type": "Point", "coordinates": [99.86522, 19.99613]}, "properties": {"id": "cr-obec-1057120024", "name": "โรงเรียนบ้านนางแล", "nameTh": "โรงเรียนบ้านนางแล", "nameEn": null, "cat": ["school"], "province": "cr", "slug": "1057120024", "rank": 3}}, {"type": "Feature", "geometry": {"type": "Point", "coordinates": [99.86447, 19.99726]}, "properties": {"id": "cr-osm-way-641234924", "name": "โรงเรียนบ้านนางแล", "nameTh": "โรงเรียนบ้านนางแล", "nameEn": "Ban Nang Lae School", "cat": ["school"], "province": "cr", "slug": "ban-nang-lae-school-641234924", "rank": 2}}, {"type": "Feature", "geometry": {"type": "Point", "coordinates": [99.84684, 20.02783]}, "properties": {"id": "cr-obec-1057120027", "name": "โรงเรียนบ้านนางแลใน", "nameTh": "โรงเรียนบ้านนางแลใน", "nameEn": null, "cat": ["school"], "province": "cr", "slug": "1057120027", "rank": 3}}, {"type": "Feature", "geometry": {"type": "Point", "coordinates": [99.88583, 20.38701]}, "properties": {"id": "cr-obec-1057120444", "name": "โรงเรียนบ้านน้ำจำ", "nameTh": "โรงเรียนบ้านน้ำจำ", "nameEn": null, "cat": ["school"], "province": "cr", "slug": "1057120444", "rank": 3}}, {"type": "Feature", "geometry": {"type": "Point", "coordinates": [99.88556, 20.38688]}, "properties": {"id": "cr-osm-node-2193414929", "name": "โรงเรียนบ้านน้ำจำ", "nameTh": "โรงเรียนบ้านน้ำจำ", "nameEn": "Nam Cham School", "cat": ["school"], "province": "cr", "slug": "nam-cham-school-2193414929", "rank": 2}}, {"type": "Feature", "geometry": {"type": "Point", "coordinates": [100.0598, 19.98145]}, "properties": {"id": "cr-obec-1057120656", "name": "โรงเรียนบ้านน้ำตกพัฒนา(นพค.อุปถัมภ์)", "nameTh": "โรงเรียนบ้านน้ำตกพัฒนา(นพค.อุปถัมภ์)", "nameEn": null, "cat": ["school"], "province": "cr", "slug": "1057120656", "rank": 3}}, {"type": "Feature", "geometry": {"type": "Point", "coordinates": [100.37647, 20.19993]}, "properties": {"id": "cr-obec-1057120103", "name": "โรงเรียนบ้านน้ำม้า", "nameTh": "โรงเรียนบ้านน้ำม้า", "nameEn": null, "cat": ["school"], "province": "cr", "slug": "1057120103", "rank": 3}}, {"type": "Feature", "geometry": {"type": "Point", "coordinates": [99.81745, 19.92782]}, "properties": {"id": "cr-obec-1057120014", "name": "โรงเรียนบ้านน้ำลัด", "nameTh": "โรงเรียนบ้านน้ำลัด", "nameEn": null, "cat": ["school"], "province": "cr", "slug": "1057120014", "rank": 3}}, {"type": "Feature", "geometry": {"type": "Point", "coordinates": [99.81725, 19.92793]}, "properties": {"id": "cr-osm-way-971313087", "name": "โรงเรียนบ้านน้ำลัด", "nameTh": "โรงเรียนบ้านน้ำลัด", "nameEn": "Ban Nam Lad School", "cat": ["school"], "province": "cr", "slug": "ban-nam-lad-school-971313087", "rank": 2}}, {"type": "Feature", "geometry": {"type": "Point", "coordinates": [100.26893, 19.67565]}, "properties": {"id": "cr-obec-1057120192", "name": "โรงเรียนบ้านบุญนาค", "nameTh": "โรงเรียนบ้านบุญนาค", "nameEn": null, "cat": ["school"], "province": "cr", "slug": "1057120192", "rank": 3}}, {"type": "Feature", "geometry": {"type": "Point", "coordinates": [100.33838, 20.00556]}, "properties": {"id": "cr-obec-1057120112", "name": "โรงเรียนบ้านบุญเรือง", "nameTh": "โรงเรียนบ้านบุญเรือง", "nameEn": null, "cat": ["school"], "province": "cr", "slug": "1057120112", "rank": 3}}, {"type": "Feature", "geometry": {"type": "Point", "coordinates": [99.87446, 20.10024]}, "properties": {"id": "cr-obec-1057120032", "name": "โรงเรียนบ้านบ่อทอง", "nameTh": "โรงเรียนบ้านบ่อทอง", "nameEn": null, "cat": ["school"], "province": "cr", "slug": "1057120032", "rank": 3}}, {"type": "Feature", "geometry": {"type": "Point", "coordinates": [99.87497, 20.10066]}, "properties": {"id": "cr-osm-node-2153795652", "name": "โรงเรียนบ้านบ่อทอง", "nameTh": "โรงเรียนบ้านบ่อทอง", "nameEn": "Ban Bo Thong School", "cat": ["school"], "province": "cr", "slug": "ban-bo-thong-school-2153795652", "rank": 2}}, {"type": "Feature", "geometry": {"type": "Point", "coordinates": [100.22924, 19.93797]}, "properties": {"id": "cr-obec-1057120556", "name": "โรงเรียนบ้านบ่อแสง", "nameTh": "โรงเรียนบ้านบ่อแสง", "nameEn": null, "cat": ["school"], "province": "cr", "slug": "1057120556", "rank": 2}}, {"type": "Feature", "geometry": {"type": "Point", "coordinates": [100.21355, 20.30671]}, "properties": {"id": "cr-obec-1057120158", "name": "โรงเรียนบ้านปงของ(ธรรมราษฎร์นุกูล)", "nameTh": "โรงเรียนบ้านปงของ(ธรรมราษฎร์นุกูล)", "nameEn": null, "cat": ["school"], "province": "cr", "slug": "1057120158", "rank": 3}}, {"type": "Feature", "geometry": {"type": "Point", "coordinates": [100.00044, 20.0612]}, "properties": {"id": "cr-obec-1057120660", "name": "โรงเรียนบ้านปงเคียน", "nameTh": "โรงเรียนบ้านปงเคียน", "nameEn": null, "cat": ["school"], "province": "cr", "slug": "1057120660", "rank": 3}}, {"type": "Feature", "geometry": {"type": "Point", "coordinates": [100.09225, 19.65644]}, "properties": {"id": "cr-obec-1057120183", "name": "โรงเรียนบ้านปล้องตลาด", "nameTh": "โรงเรียนบ้านปล้องตลาด", "nameEn": null, "cat": ["school"], "province": "cr", "slug": "1057120183", "rank": 3}}, {"type": "Feature", "geometry": {"type": "Point", "coordinates": [100.09202, 19.65614]}, "properties": {"id": "cr-osm-way-548642794", "name": "โรงเรียนบ้านปล้องตลาด", "nameTh": "โรงเรียนบ้านปล้องตลาด", "nameEn": "Ban Plong Talat School", "cat": ["school"], "province": "cr", "slug": "ban-plong-talat-school-548642794", "rank": 2}}, {"type": "Feature", "geometry": {"type": "Point", "coordinates": [100.10807, 19.64209]}, "properties": {"id": "cr-obec-1057120186", "name": "โรงเรียนบ้านปล้องส้าน", "nameTh": "โรงเรียนบ้านปล้องส้าน", "nameEn": null, "cat": ["school"], "province": "cr", "slug": "1057120186", "rank": 2}}, {"type": "Feature", "geometry": {"type": "Point", "coordinates": [100.09599, 19.64801]}, "properties": {"id": "cr-obec-1057120185", "name": "โรงเรียนบ้านปล้องใต้", "nameTh": "โรงเรียนบ้านปล้องใต้", "nameEn": null, "cat": ["school"], "province": "cr", "slug": "1057120185", "rank": 2}}, {"type": "Feature", "geometry": {"type": "Point", "coordinates": [99.87705, 19.66533]}, "properties": {"id": "cr-obec-1057120301", "name": "โรงเรียนบ้านปอเรียง", "nameTh": "โรงเรียนบ้านปอเรียง", "nameEn": null, "cat": ["school"], "province": "cr", "slug": "1057120301", "rank": 3}}, {"type": "Feature", "geometry": {"type": "Point", "coordinates": [100.44781, 20.1888]}, "properties": {"id": "cr-obec-1057120110", "name": "โรงเรียนบ้านปากอิง", "nameTh": "โรงเรียนบ้านปากอิง", "nameEn": null, "cat": ["school"], "province": "cr", "slug": "1057120110", "rank": 3}}, {"type": "Feature", "geometry": {"type": "Point", "coordinates": [100.44877, 20.18949]}, "properties": {"id": "cr-osm-node-6411088986", "name": "โรงเรียนบ้านปากอิง", "nameTh": "โรงเรียนบ้านปากอิง", "nameEn": "Ban Pak Ing   School", "cat": ["school"], "province": "cr", "slug": "ban-pak-ing-school-6411088986", "rank": 2}}, {"type": "Feature", "geometry": {"type": "Point", "coordinates": [99.51514, 19.96283]}, "properties": {"id": "cr-obec-1057120418", "name": "โรงเรียนบ้านปางกิ่ว(ศุภสิทธิ์มหาคุณ)", "nameTh": "โรงเรียนบ้านปางกิ่ว(ศุภสิทธิ์มหาคุณ)", "nameEn": null, "cat": ["school"], "province": "cr", "slug": "1057120418", "rank": 3}}, {"type": "Feature", "geometry": {"type": "Point", "coordinates": [99.618, 19.89859]}, "properties": {"id": "cr-obec-1057120009", "name": "โรงเรียนบ้านปางขอน", "nameTh": "โรงเรียนบ้านปางขอน", "nameEn": null, "cat": ["school"], "province": "cr", "slug": "1057120009", "rank": 3}}, {"type": "Feature", "geometry": {"type": "Point", "coordinates": [99.70739, 19.8348]}, "properties": {"id": "cr-obec-1057120057", "name": "โรงเรียนบ้านปางคึก", "nameTh": "โรงเรียนบ้านปางคึก", "nameEn": null, "cat": ["school"], "province": "cr", "slug": "1057120057", "rank": 3}}, {"type": "Feature", "geometry": {"type": "Point", "coordinates": [99.70687, 19.83524]}, "properties": {"id": "cr-osm-way-552752874", "name": "โรงเรียนบ้านปางคึก", "nameTh": "โรงเรียนบ้านปางคึก", "nameEn": "Ban Pang Khuek School", "cat": ["school"], "province": "cr", "slug": "ban-pang-khuek-school-552752874", "rank": 2}}, {"type": "Feature", "geometry": {"type": "Point", "coordinates": [99.70711, 19.8351]}, "properties": {"id": "cr-osm-way-552752875", "name": "โรงเรียนบ้านปางคึก", "nameTh": "โรงเรียนบ้านปางคึก", "nameEn": "Ban Pangkhuk School", "cat": ["school"], "province": "cr", "slug": "ban-pangkhuk-school-552752875", "rank": 2}}, {"type": "Feature", "geometry": {"type": "Point", "coordinates": [100.40456, 19.88525]}, "properties": {"id": "cr-osm-node-6419895688", "name": "โรงเรียนบ้านปางปอ", "nameTh": "โรงเรียนบ้านปางปอ", "nameEn": "Pang Por School", "cat": ["school"], "province": "cr", "slug": "pang-por-school-6419895688", "rank": 2}}, {"type": "Feature", "geometry": {"type": "Point", "coordinates": [99.58136, 19.45454]}, "properties": {"id": "cr-obec-1057120478", "name": "โรงเรียนบ้านปางมะขามป้อม", "nameTh": "โรงเรียนบ้านปางมะขามป้อม", "nameEn": null, "cat": ["school"], "province": "cr", "slug": "1057120478", "rank": 2}}, {"type": "Feature", "geometry": {"type": "Point", "coordinates": [99.54582, 20.32607]}, "properties": {"id": "cr-obec-1057120602", "name": "โรงเรียนบ้านปางมะหัน", "nameTh": "โรงเรียนบ้านปางมะหัน", "nameEn": null, "cat": ["school"], "province": "cr", "slug": "1057120602", "rank": 3}}, {"type": "Feature", "geometry": {"type": "Point", "coordinates": [99.66801, 19.84733]}, "properties": {"id": "cr-obec-1057120054", "name": "โรงเรียนบ้านปางริมกรณ์", "nameTh": "โรงเรียนบ้านปางริมกรณ์", "nameEn": null, "cat": ["school"], "province": "cr", "slug": "1057120054", "rank": 3}}, {"type": "Feature", "geometry": {"type": "Point", "coordinates": [99.66779, 19.84756]}, "properties": {"id": "cr-osm-node-2139569189", "name": "โรงเรียนบ้านปางริมกรณ์", "nameTh": "โรงเรียนบ้านปางริมกรณ์", "nameEn": "Ban Pang Rim Kon School", "cat": ["school"], "province": "cr", "slug": "ban-pang-rim-kon-school-2139569189", "rank": 2}}, {"type": "Feature", "geometry": {"type": "Point", "coordinates": [99.94793, 20.04474]}, "properties": {"id": "cr-obec-1057120052", "name": "โรงเรียนบ้านปางลาว", "nameTh": "โรงเรียนบ้านปางลาว", "nameEn": null, "cat": ["school"], "province": "cr", "slug": "1057120052", "rank": 3}}, {"type": "Feature", "geometry": {"type": "Point", "coordinates": [99.70309, 20.10704]}, "properties": {"id": "cr-obec-1057120330", "name": "โรงเรียนบ้านปางสา", "nameTh": "โรงเรียนบ้านปางสา", "nameEn": null, "cat": ["school"], "province": "cr", "slug": "1057120330", "rank": 2}}, {"type": "Feature", "geometry": {"type": "Point", "coordinates": [99.55849, 19.49649]}, "properties": {"id": "cr-obec-1057120412", "name": "โรงเรียนบ้านปางหก", "nameTh": "โรงเรียนบ้านปางหก", "nameEn": null, "cat": ["school"], "province": "cr", "slug": "1057120412", "rank": 3}}, {"type": "Feature", "geometry": {"type": "Point", "coordinates": [100.01993, 20.28194]}, "properties": {"id": "cr-obec-1057120153", "name": "โรงเรียนบ้านปางหมอปวง(ชัยบานราษฎร์ศึกษา)", "nameTh": "โรงเรียนบ้านปางหมอปวง(ชัยบานราษฎร์ศึกษา)", "nameEn": null, "cat": ["school"], "province": "cr", "slug": "1057120153", "rank": 3}}, {"type": "Feature", "geometry": {"type": "Point", "coordinates": [99.58957, 19.48821]}, "properties": {"id": "cr-obec-1057120411", "name": "โรงเรียนบ้านปางหลวง", "nameTh": "โรงเรียนบ้านปางหลวง", "nameEn": null, "cat": ["school"], "province": "cr", "slug": "1057120411", "rank": 3}}, {"type": "Feature", "geometry": {"type": "Point", "coordinates": [99.49969, 19.14757]}, "properties": {"id": "cr-obec-1057120502", "name": "โรงเรียนบ้านปางอ่ายห้วยชมภู", "nameTh": "โรงเรียนบ้านปางอ่ายห้วยชมภู", "nameEn": null, "cat": ["school"], "province": "cr", "slug": "1057120502", "rank": 3}}, {"type": "Feature", "geometry": {"type": "Point", "coordinates": [99.56367, 19.61185]}, "properties": {"id": "cr-obec-1057120386", "name": "โรงเรียนบ้านปางอ้อย", "nameTh": "โรงเรียนบ้านปางอ้อย", "nameEn": null, "cat": ["school"], "province": "cr", "slug": "1057120386", "rank": 3}}, {"type": "Feature", "geometry": {"type": "Point", "coordinates": [99.6617, 19.51184]}, "properties": {"id": "cr-obec-1057120290", "name": "โรงเรียนบ้านปางเกาะทราย", "nameTh": "โรงเรียนบ้านปางเกาะทราย", "nameEn": null, "cat": ["school"], "province": "cr", "slug": "1057120290", "rank": 2}}, {"type": "Feature", "geometry": {"type": "Point", "coordinates": [100.24105, 19.67806]}, "properties": {"id": "cr-osm-node-2423331746", "name": "โรงเรียนบ้านปี๊", "nameTh": "โรงเรียนบ้านปี๊", "nameEn": "Ban Pi School", "cat": ["school"], "province": "cr", "slug": "ban-pi-school-2423331746", "rank": 2}}, {"type": "Feature", "geometry": {"type": "Point", "coordinates": [99.80358, 19.77146]}, "properties": {"id": "cr-obec-1057120064", "name": "โรงเรียนบ้านปุยคำ", "nameTh": "โรงเรียนบ้านปุยคำ", "nameEn": null, "cat": ["school"], "province": "cr", "slug": "1057120064", "rank": 3}}, {"type": "Feature", "geometry": {"type": "Point", "coordinates": [99.75387, 19.46715]}, "properties": {"id": "cr-osm-node-13261075101", "name": "โรงเรียนบ้านปูแกง", "nameTh": "โรงเรียนบ้านปูแกง", "nameEn": "Pukaeng school", "cat": ["school"], "province": "cr", "slug": "pukaeng-school-13261075101", "rank": 2}}, {"type": "Feature", "geometry": {"type": "Point", "coordinates": [99.85732, 20.25383]}, "properties": {"id": "cr-obec-1057120350", "name": "โรงเรียนบ้านป่ากว๋าว-ดอนชัย", "nameTh": "โรงเรียนบ้านป่ากว๋าว-ดอนชัย", "nameEn": null, "cat": ["school"], "province": "cr", "slug": "1057120350", "rank": 2}}, {"type": "Feature", "geometry": {"type": "Point", "coordinates": [99.85446, 20.24821]}, "properties": {"id": "cr-osm-node-2172458865", "name": "โรงเรียนบ้านป่ากว๋าว-ดอนชัย", "nameTh": "โรงเรียนบ้านป่ากว๋าว-ดอนชัย", "nameEn": "Ban Pa Kwao-Don Chai School", "cat": ["school"], "province": "cr", "slug": "ban-pa-kwao-don-chai-school-2172458865", "rank": 3}}, {"type": "Feature", "geometry": {"type": "Point", "coordinates": [99.9197, 19.78285]}, "properties": {"id": "cr-obec-1057120081", "name": "โรงเรียนบ้านป่าก๊อ", "nameTh": "โรงเรียนบ้านป่าก๊อ", "nameEn": null, "cat": ["school"], "province": "cr", "slug": "1057120081", "rank": 3}}, {"type": "Feature", "geometry": {"type": "Point", "coordinates": [99.49779, 19.23255]}, "properties": {"id": "cr-obec-1057120499", "name": "โรงเรียนบ้านป่าจั่น", "nameTh": "โรงเรียนบ้านป่าจั่น", "nameEn": null, "cat": ["school"], "province": "cr", "slug": "1057120499", "rank": 3}}, {"type": "Feature", "geometry": {"type": "Point", "coordinates": [100.22482, 19.90791]}, "properties": {"id": "cr-obec-1057120547", "name": "โรงเรียนบ้านป่าซาง", "nameTh": "โรงเรียนบ้านป่าซาง", "nameEn": null, "cat": ["school"], "province": "cr", "slug": "1057120547", "rank": 3}}, {"type": "Feature", "geometry": {"type": "Point", "coordinates": [100.13284, 20.0695]}, "properties": {"id": "cr-obec-1057120663", "name": "โรงเรียนบ้านป่าซาง", "nameTh": "โรงเรียนบ้านป่าซาง", "nameEn": null, "cat": ["school"], "province": "cr", "slug": "1057120663", "rank": 3}}, {"type": "Feature", "geometry": {"type": "Point", "coordinates": [99.85202, 20.17775]}, "properties": {"id": "cr-osm-node-2172180995", "name": "โรงเรียนบ้านป่าซาง", "nameTh": "โรงเรียนบ้านป่าซาง", "nameEn": "Ban Pa Sang School", "cat": ["school"], "province": "cr", "slug": "ban-pa-sang-school-2172180995", "rank": 2}}, {"type": "Feature", "geometry": {"type": "Point", "coordinates": [100.22452, 19.90854]}, "properties": {"id": "cr-osm-node-2828699203", "name": "โรงเรียนบ้านป่าซาง", "nameTh": "โรงเรียนบ้านป่าซาง", "nameEn": null, "cat": ["school"], "province": "cr", "slug": "2828699203", "rank": 1}}, {"type": "Feature", "geometry": {"type": "Point", "coordinates": [99.85263, 20.17718]}, "properties": {"id": "cr-obec-1057120340", "name": "โรงเรียนบ้านป่าซาง(ซางดรุณานุสาสน์)", "nameTh": "โรงเรียนบ้านป่าซาง(ซางดรุณานุสาสน์)", "nameEn": null, "cat": ["school"], "province": "cr", "slug": "1057120340", "rank": 3}}, {"type": "Feature", "geometry": {"type": "Point", "coordinates": [100.12373, 20.16007]}, "properties": {"id": "cr-obec-1057120679", "name": "โรงเรียนบ้านป่าซางงาม", "nameTh": "โรงเรียนบ้านป่าซางงาม", "nameEn": null, "cat": ["school"], "province": "cr", "slug": "1057120679", "rank": 3}}, {"type": "Feature", "geometry": {"type": "Point", "coordinates": [99.73279, 20.33313]}, "properties": {"id": "cr-obec-1057120594", "name": "โรงเรียนบ้านป่าซางนาเงิน", "nameTh": "โรงเรียนบ้านป่าซางนาเงิน", "nameEn": null, "cat": ["school"], "province": "cr", "slug": "1057120594", "rank": 3}}, {"type": "Feature", "geometry": {"type": "Point", "coordinates": [100.13955, 20.0605]}, "properties": {"id": "cr-obec-1057120667", "name": "โรงเรียนบ้านป่าซางเหนือ", "nameTh": "โรงเรียนบ้านป่าซางเหนือ", "nameEn": null, "cat": ["school"], "province": "cr", "slug": "1057120667", "rank": 3}}, {"type": "Feature", "geometry": {"type": "Point", "coordinates": [99.785, 19.60177]}, "properties": {"id": "cr-obec-1057120249", "name": "โรงเรียนบ้านป่าตึง", "nameTh": "โรงเรียนบ้านป่าตึง", "nameEn": null, "cat": ["school"], "province": "cr", "slug": "1057120249", "rank": 3}}, {"type": "Feature", "geometry": {"type": "Point", "coordinates": [99.40885, 19.30908]}, "properties": {"id": "cr-obec-1057120492", "name": "โรงเรียนบ้านป่าตึง", "nameTh": "โรงเรียนบ้านป่าตึง", "nameEn": null, "cat": ["school"], "province": "cr", "slug": "1057120492", "rank": 3}}, {"type": "Feature", "geometry": {"type": "Point", "coordinates": [99.83194, 20.13472]}, "properties": {"id": "cr-osm-node-2147540197", "name": "โรงเรียนบ้านป่าตึง", "nameTh": "โรงเรียนบ้านป่าตึง", "nameEn": "Ban Pa Tueng School", "cat": ["school"], "province": "cr", "slug": "ban-pa-tueng-school-2147540197", "rank": 2}}, {"type": "Feature", "geometry": {"type": "Point", "coordinates": [99.83198, 20.13481]}, "properties": {"id": "cr-obec-1057120323", "name": "โรงเรียนบ้านป่าตึง (วิทยประสาท)", "nameTh": "โรงเรียนบ้านป่าตึง (วิทยประสาท)", "nameEn": null, "cat": ["school"], "province": "cr", "slug": "1057120323", "rank": 3}}, {"type": "Feature", "geometry": {"type": "Point", "coordinates": [100.1056, 19.59199]}, "properties": {"id": "cr-obec-1057120214", "name": "โรงเรียนบ้านป่าตึงงาม", "nameTh": "โรงเรียนบ้านป่าตึงงาม", "nameEn": null, "cat": ["school"], "province": "cr", "slug": "1057120214", "rank": 3}}, {"type": "Feature", "geometry": {"type": "Point", "coordinates": [99.5096, 19.6079]}, "properties": {"id": "cr-obec-1057120396", "name": "โรงเรียนบ้านป่าตึงงาม", "nameTh": "โรงเรียนบ้านป่าตึงงาม", "nameEn": null, "cat": ["school"], "province": "cr", "slug": "1057120396", "rank": 3}}, {"type": "Feature", "geometry": {"type": "Point", "coordinates": [99.73546, 19.59536]}, "properties": {"id": "cr-obec-1057120252", "name": "โรงเรียนบ้านป่าต้าก", "nameTh": "โรงเรียนบ้านป่าต้าก", "nameEn": null, "cat": ["school"], "province": "cr", "slug": "1057120252", "rank": 3}}, {"type": "Feature", "geometry": {"type": "Point", "coordinates": [99.48497, 19.52825]}, "properties": {"id": "cr-obec-1057120408", "name": "โรงเรียนบ้านป่าถ่อน(วิทยาสมิทธิ์)", "nameTh": "โรงเรียนบ้านป่าถ่อน(วิทยาสมิทธิ์)", "nameEn": null, "cat": ["school"], "province": "cr", "slug": "1057120408", "rank": 3}}, {"type": "Feature", "geometry": {"type": "Point", "coordinates": [99.48535, 19.52794]}, "properties": {"id": "cr-osm-node-2136791995", "name": "โรงเรียนบ้านป่าถ่อนวิทยาสมิทธิ์", "nameTh": "โรงเรียนบ้านป่าถ่อนวิทยาสมิทธิ์", "nameEn": "Ban Pa Thon School", "cat": ["school"], "province": "cr", "slug": "ban-pa-thon-school-2136791995", "rank": 2}}, {"type": "Feature", "geometry": {"type": "Point", "coordinates": [99.78493, 19.63641]}, "properties": {"id": "cr-obec-1057120250", "name": "โรงเรียนบ้านป่าบง", "nameTh": "โรงเรียนบ้านป่าบง", "nameEn": null, "cat": ["school"], "province": "cr", "slug": "1057120250", "rank": 3}}, {"type": "Feature", "geometry": {"type": "Point", "coordinates": [100.03748, 19.85437]}, "properties": {"id": "cr-obec-1057120538", "name": "โรงเรียนบ้านป่าบง", "nameTh": "โรงเรียนบ้านป่าบง", "nameEn": null, "cat": ["school"], "province": "cr", "slug": "1057120538", "rank": 3}}, {"type": "Feature", "geometry": {"type": "Point", "coordinates": [99.95611, 20.23019]}, "properties": {"id": "cr-obec-1057120364", "name": "โรงเรียนบ้านป่าบง(หล้าราษฎร์วิทยา)", "nameTh": "โรงเรียนบ้านป่าบง(หล้าราษฎร์วิทยา)", "nameEn": null, "cat": ["school"], "province": "cr", "slug": "1057120364", "rank": 3}}, {"type": "Feature", "geometry": {"type": "Point", "coordinates": [99.54193, 19.65882]}, "properties": {"id": "cr-obec-1057120380", "name": "โรงเรียนบ้านป่าบงท้าวแก่นจันทน์", "nameTh": "โรงเรียนบ้านป่าบงท้าวแก่นจันทน์", "nameEn": null, "cat": ["school"], "province": "cr", "slug": "1057120380", "rank": 3}}, {"type": "Feature", "geometry": {"type": "Point", "coordinates": [99.84763, 20.14789]}, "properties": {"id": "cr-obec-1057120324", "name": "โรงเรียนบ้านป่าบงแม่จัน", "nameTh": "โรงเรียนบ้านป่าบงแม่จัน", "nameEn": null, "cat": ["school"], "province": "cr", "slug": "1057120324", "rank": 3}}, {"type": "Feature", "geometry": {"type": "Point", "coordinates": [100.24228, 19.9271]}, "properties": {"id": "cr-obec-1057120557", "name": "โรงเรียนบ้านป่าม่วง", "nameTh": "โรงเรียนบ้านป่าม่วง", "nameEn": null, "cat": ["school"], "province": "cr", "slug": "1057120557", "rank": 3}}, {"type": "Feature", "geometry": {"type": "Point", "coordinates": [99.89069, 20.42329]}, "properties": {"id": "cr-obec-1057120466", "name": "โรงเรียนบ้านป่ายาง", "nameTh": "โรงเรียนบ้านป่ายาง", "nameEn": null, "cat": ["school"], "province": "cr", "slug": "1057120466", "rank": 3}}, {"type": "Feature", "geometry": {"type": "Point", "coordinates": [99.89088, 20.42363]}, "properties": {"id": "cr-osm-way-373241355", "name": "โรงเรียนบ้านป่ายาง", "nameTh": "โรงเรียนบ้านป่ายาง", "nameEn": "Ban Payang School", "cat": ["school"], "province": "cr", "slug": "ban-payang-school-373241355", "rank": 2}}, {"type": "Feature", "geometry": {"type": "Point", "coordinates": [99.88022, 19.91313]}, "properties": {"id": "cr-obec-1057120006", "name": "โรงเรียนบ้านป่ายางมน", "nameTh": "โรงเรียนบ้านป่ายางมน", "nameEn": null, "cat": ["school"], "province": "cr", "slug": "1057120006", "rank": 3}}, {"type": "Feature", "geometry": {"type": "Point", "coordinates": [99.95269, 19.98539]}, "properties": {"id": "cr-obec-1057120018", "name": "โรงเรียนบ้านป่ายางหลวง", "nameTh": "โรงเรียนบ้านป่ายางหลวง", "nameEn": null, "cat": ["school"], "province": "cr", "slug": "1057120018", "rank": 3}}, {"type": "Feature", "geometry": {"type": "Point", "coordinates": [100.083, 19.58811]}, "properties": {"id": "cr-obec-1057120211", "name": "โรงเรียนบ้านป่ารวก", "nameTh": "โรงเรียนบ้านป่ารวก", "nameEn": null, "cat": ["school"], "province": "cr", "slug": "1057120211", "rank": 3}}, {"type": "Feature", "geometry": {"type": "Point", "coordinates": [99.87356, 20.03306]}, "properties": {"id": "cr-osm-node-2153682452", "name": "โรงเรียนบ้านป่ารวก", "nameTh": "โรงเรียนบ้านป่ารวก", "nameEn": "Ban Pa Ruak School", "cat": ["school"], "province": "cr", "slug": "ban-pa-ruak-school-2153682452", "rank": 2}}, {"type": "Feature", "geometry": {"type": "Point", "coordinates": [99.87417, 20.03342]}, "properties": {"id": "cr-obec-1057120028", "name": "โรงเรียนบ้านป่ารวก(คุรุราษฎร์สงเคราะห์)", "nameTh": "โรงเรียนบ้านป่ารวก(คุรุราษฎร์สงเคราะห์)", "nameEn": null, "cat": ["school"], "province": "cr", "slug": "1057120028", "rank": 3}}, {"type": "Feature", "geometry": {"type": "Point", "coordinates": [100.0659, 20.08765]}, "properties": {"id": "cr-obec-1057120670", "name": "โรงเรียนบ้านป่าลัน", "nameTh": "โรงเรียนบ้านป่าลัน", "nameEn": null, "cat": ["school"], "province": "cr", "slug": "1057120670", "rank": 3}}, {"type": "Feature", "geometry": {"type": "Point", "coordinates": [99.75671, 19.45323]}, "properties": {"id": "cr-obec-1057120276", "name": "โรงเรียนบ้านป่าสัก", "nameTh": "โรงเรียนบ้านป่าสัก", "nameEn": null, "cat": ["school"], "province": "cr", "slug": "1057120276", "rank": 3}}, {"type": "Feature", "geometry": {"type": "Point", "coordinates": [99.51864, 19.30024]}, "properties": {"id": "cr-obec-1057120484", "name": "โรงเรียนบ้านป่าสัก", "nameTh": "โรงเรียนบ้านป่าสัก", "nameEn": null, "cat": ["school"], "province": "cr", "slug": "1057120484", "rank": 3}}, {"type": "Feature", "geometry": {"type": "Point", "coordinates": [99.86817, 19.97342]}, "properties": {"id": "cr-obec-1057120021", "name": "โรงเรียนบ้านป่าสักไก่", "nameTh": "โรงเรียนบ้านป่าสักไก่", "nameEn": null, "cat": ["school"], "province": "cr", "slug": "1057120021", "rank": 3}}, {"type": "Feature", "geometry": {"type": "Point", "coordinates": [99.72145, 19.55268]}, "properties": {"id": "cr-obec-1057120266", "name": "โรงเรียนบ้านป่าส้าน", "nameTh": "โรงเรียนบ้านป่าส้าน", "nameEn": null, "cat": ["school"], "province": "cr", "slug": "1057120266", "rank": 3}}, {"type": "Feature", "geometry": {"type": "Point", "coordinates": [99.70898, 19.55749]}, "properties": {"id": "cr-obec-1057120286", "name": "โรงเรียนบ้านป่าหัดป่าแขม", "nameTh": "โรงเรียนบ้านป่าหัดป่าแขม", "nameEn": null, "cat": ["school"], "province": "cr", "slug": "1057120286", "rank": 3}}, {"type": "Feature", "geometry": {"type": "Point", "coordinates": [99.75497, 19.84364]}, "properties": {"id": "cr-obec-1057120062", "name": "โรงเรียนบ้านป่าอ้อดอนชัย", "nameTh": "โรงเรียนบ้านป่าอ้อดอนชัย", "nameEn": null, "cat": ["school"], "province": "cr", "slug": "1057120062", "rank": 3}}, {"type": "Feature", "geometry": {"type": "Point", "coordinates": [99.8384, 20.24025]}, "properties": {"id": "cr-obec-1057120347", "name": "โรงเรียนบ้านป่าเปา-ป่าซางน้อย", "nameTh": "โรงเรียนบ้านป่าเปา-ป่าซางน้อย", "nameEn": null, "cat": ["school"], "province": "cr", "slug": "1057120347", "rank": 3}}, {"type": "Feature", "geometry": {"type": "Point", "coordinates": [99.61401, 19.59846]}, "properties": {"id": "cr-obec-1057120387", "name": "โรงเรียนบ้านป่าเมี่ยงแม่พริก", "nameTh": "โรงเรียนบ้านป่าเมี่ยงแม่พริก", "nameEn": null, "cat": ["school"], "province": "cr", "slug": "1057120387", "rank": 3}}, {"type": "Feature", "geometry": {"type": "Point", "coordinates": [99.88648, 20.4123]}, "properties": {"id": "cr-obec-1057120467", "name": "โรงเรียนบ้านป่าเหมือด", "nameTh": "โรงเรียนบ้านป่าเหมือด", "nameEn": null, "cat": ["school"], "province": "cr", "slug": "1057120467", "rank": 3}}, {"type": "Feature", "geometry": {"type": "Point", "coordinates": [99.88677, 20.41242]}, "properties": {"id": "cr-osm-way-373173963", "name": "โรงเรียนบ้านป่าเหมือด", "nameTh": "โรงเรียนบ้านป่าเหมือด", "nameEn": "Pa Mueat School", "cat": ["school"], "province": "cr", "slug": "pa-mueat-school-373173963", "rank": 2}}, {"type": "Feature", "geometry": {"type": "Point", "coordinates": [99.50088, 19.21745]}, "properties": {"id": "cr-obec-1057120511", "name": "โรงเรียนบ้านป่าแงะ อำเภอเวียงป่าเป้า", "nameTh": "โรงเรียนบ้านป่าแงะ อำเภอเวียงป่าเป้า", "nameEn": null, "cat": ["school"], "province": "cr", "slug": "1057120511", "rank": 3}}, {"type": "Feature", "geometry": {"type": "Point", "coordinates": [99.95094, 20.44173]}, "properties": {"id": "cr-obec-1057120436", "name": "โรงเรียนบ้านป่าแดง", "nameTh": "โรงเรียนบ้านป่าแดง", "nameEn": null, "cat": ["school"], "province": "cr", "slug": "1057120436", "rank": 3}}, {"type": "Feature", "geometry": {"type": "Point", "coordinates": [99.88131, 19.58172]}, "properties": {"id": "cr-obec-1057120312", "name": "โรงเรียนบ้านป่าแดงงาม", "nameTh": "โรงเรียนบ้านป่าแดงงาม", "nameEn": null, "cat": ["school"], "province": "cr", "slug": "1057120312", "rank": 3}}, {"type": "Feature", "geometry": {"type": "Point", "coordinates": [100.31354, 19.93548]}, "properties": {"id": "cr-obec-1057120633", "name": "โรงเรียนบ้านป่าแดงห้วยหลวง", "nameTh": "โรงเรียนบ้านป่าแดงห้วยหลวง", "nameEn": null, "cat": ["school"], "province": "cr", "slug": "1057120633", "rank": 3}}, {"type": "Feature", "geometry": {"type": "Point", "coordinates": [99.49216, 19.64246]}, "properties": {"id": "cr-obec-1057120388", "name": "โรงเรียนบ้านป่าแดด(เวทยาสมิทธิ์)", "nameTh": "โรงเรียนบ้านป่าแดด(เวทยาสมิทธิ์)", "nameEn": null, "cat": ["school"], "province": "cr", "slug": "1057120388", "rank": 3}}, {"type": "Feature", "geometry": {"type": "Point", "coordinates": [99.90067, 20.35749]}, "properties": {"id": "cr-obec-1057120446", "name": "โรงเรียนบ้านป่าแฝ-หนองอ้อ-สันทรายมูล", "nameTh": "โรงเรียนบ้านป่าแฝ-หนองอ้อ-สันทรายมูล", "nameEn": null, "cat": ["school"], "province": "cr", "slug": "1057120446", "rank": 3}}, {"type": "Feature", "geometry": {"type": "Point", "coordinates": [99.91583, 19.8048]}, "properties": {"id": "cr-obec-1057120078", "name": "โรงเรียนบ้านป่าแหย่ง", "nameTh": "โรงเรียนบ้านป่าแหย่ง", "nameEn": null, "cat": ["school"], "province": "cr", "slug": "1057120078", "rank": 3}}, {"type": "Feature", "geometry": {"type": "Point", "coordinates": [100.2813, 20.19557]}, "properties": {"id": "cr-osm-way-1233206054", "name": "โรงเรียนบ้านป่าไร่หลวงวิทยา", "nameTh": "โรงเรียนบ้านป่าไร่หลวงวิทยา", "nameEn": null, "cat": ["school"], "province": "cr", "slug": "1233206054", "rank": 1}}, {"type": "Feature", "geometry": {"type": "Point", "coordinates": [100.28128, 20.19573]}, "properties": {"id": "cr-obec-1057120152", "name": "โรงเรียนบ้านป่าไร่หลวงวิทยา(ตชด.ช่างกลปทุมวันอนุสรณ์ 9)", "nameTh": "โรงเรียนบ้านป่าไร่หลวงวิทยา(ตชด.ช่างกลปทุมวันอนุสรณ์ 9)", "nameEn": null, "cat": ["school"], "province": "cr", "slug": "9-1057120152", "rank": 3}}, {"type": "Feature", "geometry": {"type": "Point", "coordinates": [99.65973, 20.3002]}, "properties": {"id": "cr-obec-1057120606", "name": "โรงเรียนบ้านผาจี", "nameTh": "โรงเรียนบ้านผาจี", "nameEn": null, "cat": ["school"], "province": "cr", "slug": "1057120606", "rank": 3}}, {"type": "Feature", "geometry": {"type": "Point", "coordinates": [99.68792, 19.72897]}, "properties": {"id": "cr-obec-1057120636", "name": "โรงเรียนบ้านผาบ่อง(คุรุราษฎร์สามัคคี)", "nameTh": "โรงเรียนบ้านผาบ่อง(คุรุราษฎร์สามัคคี)", "nameEn": null, "cat": ["school"], "province": "cr", "slug": "1057120636", "rank": 3}}, {"type": "Feature", "geometry": {"type": "Point", "coordinates": [99.56894, 19.93345]}, "properties": {"id": "cr-obec-1057120010", "name": "โรงเรียนบ้านผาลั้ง", "nameTh": "โรงเรียนบ้านผาลั้ง", "nameEn": null, "cat": ["school"], "province": "cr", "slug": "1057120010", "rank": 3}}, {"type": "Feature", "geometry": {"type": "Point", "coordinates": [99.813, 20.34242]}, "properties": {"id": "cr-obec-1057120469", "name": "โรงเรียนบ้านผาฮี้", "nameTh": "โรงเรียนบ้านผาฮี้", "nameEn": null, "cat": ["school"], "province": "cr", "slug": "1057120469", "rank": 3}}, {"type": "Feature", "geometry": {"type": "Point", "coordinates": [99.831, 20.3483]}, "properties": {"id": "cr-osm-way-373744725", "name": "โรงเรียนบ้านผาฮี้", "nameTh": "โรงเรียนบ้านผาฮี้", "nameEn": "Ban Pha Hi School", "cat": ["school"], "province": "cr", "slug": "ban-pha-hi-school-373744725", "rank": 2}}, {"type": "Feature", "geometry": {"type": "Point", "coordinates": [99.74358, 20.17143]}, "properties": {"id": "cr-obec-1057120610", "name": "โรงเรียนบ้านผาเดื่อ", "nameTh": "โรงเรียนบ้านผาเดื่อ", "nameEn": null, "cat": ["school"], "province": "cr", "slug": "1057120610", "rank": 3}}, {"type": "Feature", "geometry": {"type": "Point", "coordinates": [99.69397, 19.9575]}, "properties": {"id": "cr-obec-1057120040", "name": "โรงเรียนบ้านผาเสริฐ", "nameTh": "โรงเรียนบ้านผาเสริฐ", "nameEn": null, "cat": ["school"], "province": "cr", "slug": "1057120040", "rank": 3}}, {"type": "Feature", "geometry": {"type": "Point", "coordinates": [99.54134, 19.87071]}, "properties": {"id": "cr-obec-1057120430", "name": "โรงเรียนบ้านผาแดงหลวง", "nameTh": "โรงเรียนบ้านผาแดงหลวง", "nameEn": null, "cat": ["school"], "province": "cr", "slug": "1057120430", "rank": 2}}, {"type": "Feature", "geometry": {"type": "Point", "coordinates": [100.45656, 19.91648]}, "properties": {"id": "cr-obec-1057120581", "name": "โรงเรียนบ้านผาแล", "nameTh": "โรงเรียนบ้านผาแล", "nameEn": null, "cat": ["school"], "province": "cr", "slug": "1057120581", "rank": 3}}, {"type": "Feature", "geometry": {"type": "Point", "coordinates": [99.72443, 19.48443]}, "properties": {"id": "cr-obec-1057120271", "name": "โรงเรียนบ้านฝั่งตื้น", "nameTh": "โรงเรียนบ้านฝั่งตื้น", "nameEn": null, "cat": ["school"], "province": "cr", "slug": "1057120271", "rank": 3}}, {"type": "Feature", "geometry": {"type": "Point", "coordinates": [100.33663, 19.86855]}, "properties": {"id": "cr-obec-1057120630", "name": "โรงเรียนบ้านพญาพิภักดิ์", "nameTh": "โรงเรียนบ้านพญาพิภักดิ์", "nameEn": null, "cat": ["school"], "province": "cr", "slug": "1057120630", "rank": 2}}, {"type": "Feature", "geometry": {"type": "Point", "coordinates": [99.61925, 20.3217]}, "properties": {"id": "cr-obec-1057120596", "name": "โรงเรียนบ้านพญาไพร", "nameTh": "โรงเรียนบ้านพญาไพร", "nameEn": null, "cat": ["school"], "province": "cr", "slug": "1057120596", "rank": 3}}, {"type": "Feature", "geometry": {"type": "Point", "coordinates": [99.61726, 20.14416]}, "properties": {"id": "cr-obec-1057120615", "name": "โรงเรียนบ้านพนาสวรรค์", "nameTh": "โรงเรียนบ้านพนาสวรรค์", "nameEn": null, "cat": ["school"], "province": "cr", "slug": "1057120615", "rank": 3}}, {"type": "Feature", "geometry": {"type": "Point", "coordinates": [99.69519, 20.22855]}, "properties": {"id": "cr-obec-1057120608", "name": "โรงเรียนบ้านมนตรีวิทยา", "nameTh": "โรงเรียนบ้านมนตรีวิทยา", "nameEn": null, "cat": ["school"], "province": "cr", "slug": "1057120608", "rank": 3}}, {"type": "Feature", "geometry": {"type": "Point", "coordinates": [99.46156, 19.93962]}, "properties": {"id": "cr-obec-1057120415", "name": "โรงเรียนบ้านมังกาล่า", "nameTh": "โรงเรียนบ้านมังกาล่า", "nameEn": null, "cat": ["school"], "province": "cr", "slug": "1057120415", "rank": 3}}, {"type": "Feature", "geometry": {"type": "Point", "coordinates": [99.71915, 19.49045]}, "properties": {"id": "cr-obec-1057120269", "name": "โรงเรียนบ้านม่วงคำ", "nameTh": "โรงเรียนบ้านม่วงคำ", "nameEn": null, "cat": ["school"], "province": "cr", "slug": "1057120269", "rank": 2}}, {"type": "Feature", "geometry": {"type": "Point", "coordinates": [99.97932, 20.41878]}, "properties": {"id": "cr-obec-1057120438", "name": "โรงเรียนบ้านม่วงคำ", "nameTh": "โรงเรียนบ้านม่วงคำ", "nameEn": null, "cat": ["school"], "province": "cr", "slug": "1057120438", "rank": 2}}, {"type": "Feature", "geometry": {"type": "Point", "coordinates": [99.74727, 19.50303]}, "properties": {"id": "cr-osm-node-7179402926", "name": "โรงเรียนบ้านม่วงคำ", "nameTh": "โรงเรียนบ้านม่วงคำ", "nameEn": "Moungkam school", "cat": ["school"], "province": "cr", "slug": "moungkam-school-7179402926", "rank": 2}}, {"type": "Feature", "geometry": {"type": "Point", "coordinates": [100.51704, 20.10627]}, "properties": {"id": "cr-obec-1057120568", "name": "โรงเรียนบ้านม่วงยาย", "nameTh": "โรงเรียนบ้านม่วงยาย", "nameEn": null, "cat": ["school"], "province": "cr", "slug": "1057120568", "rank": 3}}, {"type": "Feature", "geometry": {"type": "Point", "coordinates": [100.51769, 20.10579]}, "properties": {"id": "cr-osm-way-297707198", "name": "โรงเรียนบ้านม่วงยาย", "nameTh": "โรงเรียนบ้านม่วงยาย", "nameEn": "Ban Muangyai Elementary School", "cat": ["school"], "province": "cr", "slug": "ban-muangyai-elementary-school-297707198", "rank": 2}}, {"type": "Feature", "geometry": {"type": "Point", "coordinates": [100.1085, 19.61613]}, "properties": {"id": "cr-obec-1057120188", "name": "โรงเรียนบ้านม่อนป่ายาง", "nameTh": "โรงเรียนบ้านม่อนป่ายาง", "nameEn": null, "cat": ["school"], "province": "cr", "slug": "1057120188", "rank": 3}}, {"type": "Feature", "geometry": {"type": "Point", "coordinates": [99.71277, 19.95932]}, "properties": {"id": "cr-obec-1057120039", "name": "โรงเรียนบ้านรวมมิตร", "nameTh": "โรงเรียนบ้านรวมมิตร", "nameEn": null, "cat": ["school"], "province": "cr", "slug": "1057120039", "rank": 3}}, {"type": "Feature", "geometry": {"type": "Point", "coordinates": [99.71223, 19.9598]}, "properties": {"id": "cr-osm-node-7473428386", "name": "โรงเรียนบ้านรวมมิตร", "nameTh": "โรงเรียนบ้านรวมมิตร", "nameEn": "Ban Ruammit school", "cat": ["school"], "province": "cr", "slug": "ban-ruammit-school-7473428386", "rank": 2}}, {"type": "Feature", "geometry": {"type": "Point", "coordinates": [99.86918, 19.96427]}, "properties": {"id": "cr-obec-1057120045", "name": "โรงเรียนบ้านรวมมิตรสาขาห้องเรียนบ้านจะต๋อเบอ", "nameTh": "โรงเรียนบ้านรวมมิตรสาขาห้องเรียนบ้านจะต๋อเบอ", "nameEn": null, "cat": ["school"], "province": "cr", "slug": "1057120045", "rank": 3}}, {"type": "Feature", "geometry": {"type": "Point", "coordinates": [99.59614, 20.11868]}, "properties": {"id": "cr-obec-1057120332", "name": "โรงเรียนบ้านรวมใจ", "nameTh": "โรงเรียนบ้านรวมใจ", "nameEn": null, "cat": ["school"], "province": "cr", "slug": "1057120332", "rank": 3}}, {"type": "Feature", "geometry": {"type": "Point", "coordinates": [100.35474, 19.80114]}, "properties": {"id": "cr-osm-node-6420360587", "name": "โรงเรียนบ้านรักถิ่นไทย", "nameTh": "โรงเรียนบ้านรักถิ่นไทย", "nameEn": "Rak Thin Thai School", "cat": ["school"], "province": "cr", "slug": "rak-thin-thai-school-6420360587", "rank": 2}}, {"type": "Feature", "geometry": {"type": "Point", "coordinates": [100.3662, 19.82322]}, "properties": {"id": "cr-obec-1057120208", "name": "โรงเรียนบ้านรักแผ่นดิน", "nameTh": "โรงเรียนบ้านรักแผ่นดิน", "nameEn": null, "cat": ["school"], "province": "cr", "slug": "1057120208", "rank": 3}}, {"type": "Feature", "geometry": {"type": "Point", "coordinates": [100.4005, 19.86568]}, "properties": {"id": "cr-obec-1057120210", "name": "โรงเรียนบ้านราษฎร์ภักดี", "nameTh": "โรงเรียนบ้านราษฎร์ภักดี", "nameEn": null, "cat": ["school"], "province": "cr", "slug": "1057120210", "rank": 3}}, {"type": "Feature", "geometry": {"type": "Point", "coordinates": [100.39913, 19.86839]}, "properties": {"id": "cr-osm-node-6419902987", "name": "โรงเรียนบ้านราษฎร์ภักดี", "nameTh": "โรงเรียนบ้านราษฎร์ภักดี", "nameEn": "Ratr Pakdee School", "cat": ["school"], "province": "cr", "slug": "ratr-pakdee-school-6419902987", "rank": 2}}, {"type": "Feature", "geometry": {"type": "Point", "coordinates": [99.77726, 19.82619]}, "properties": {"id": "cr-obec-1057120061", "name": "โรงเรียนบ้านริมลาว", "nameTh": "โรงเรียนบ้านริมลาว", "nameEn": null, "cat": ["school"], "province": "cr", "slug": "1057120061", "rank": 3}}, {"type": "Feature", "geometry": {"type": "Point", "coordinates": [99.89866, 20.24188]}, "properties": {"id": "cr-obec-1057120346", "name": "โรงเรียนบ้านร่องก๊อ-ม่วงคำ", "nameTh": "โรงเรียนบ้านร่องก๊อ-ม่วงคำ", "nameEn": null, "cat": ["school"], "province": "cr", "slug": "1057120346", "rank": 3}}, {"type": "Feature", "geometry": {"type": "Point", "coordinates": [100.26109, 19.86954]}, "properties": {"id": "cr-obec-1057120620", "name": "โรงเรียนบ้านร่องขุ่นป่าข่า(สุทธานุสรณ์)", "nameTh": "โรงเรียนบ้านร่องขุ่นป่าข่า(สุทธานุสรณ์)", "nameEn": null, "cat": ["school"], "province": "cr", "slug": "1057120620", "rank": 2}}, {"type": "Feature", "geometry": {"type": "Point", "coordinates": [99.76826, 19.46812]}, "properties": {"id": "cr-obec-1057120281", "name": "โรงเรียนบ้านร่องคตสันปูเลย", "nameTh": "โรงเรียนบ้านร่องคตสันปูเลย", "nameEn": null, "cat": ["school"], "province": "cr", "slug": "1057120281", "rank": 3}}, {"type": "Feature", "geometry": {"type": "Point", "coordinates": [99.9669, 19.78272]}, "properties": {"id": "cr-obec-1057120080", "name": "โรงเรียนบ้านร่องปลาขาว", "nameTh": "โรงเรียนบ้านร่องปลาขาว", "nameEn": null, "cat": ["school"], "province": "cr", "slug": "1057120080", "rank": 3}}, {"type": "Feature", "geometry": {"type": "Point", "coordinates": [100.01248, 20.01134]}, "properties": {"id": "cr-obec-1057120661", "name": "โรงเรียนบ้านร่องหวาย", "nameTh": "โรงเรียนบ้านร่องหวาย", "nameEn": null, "cat": ["school"], "province": "cr", "slug": "1057120661", "rank": 3}}, {"type": "Feature", "geometry": {"type": "Point", "coordinates": [100.07461, 19.90731]}, "properties": {"id": "cr-obec-1057120536", "name": "โรงเรียนบ้านร่องห้า", "nameTh": "โรงเรียนบ้านร่องห้า", "nameEn": null, "cat": ["school"], "province": "cr", "slug": "1057120536", "rank": 3}}, {"type": "Feature", "geometry": {"type": "Point", "coordinates": [99.91621, 19.75407]}, "properties": {"id": "cr-obec-1057120075", "name": "โรงเรียนบ้านร่องเผียว", "nameTh": "โรงเรียนบ้านร่องเผียว", "nameEn": null, "cat": ["school"], "province": "cr", "slug": "1057120075", "rank": 3}}, {"type": "Feature", "geometry": {"type": "Point", "coordinates": [100.18583, 19.62619]}, "properties": {"id": "cr-obec-1057120166", "name": "โรงเรียนบ้านร่องแช่", "nameTh": "โรงเรียนบ้านร่องแช่", "nameEn": null, "cat": ["school"], "province": "cr", "slug": "1057120166", "rank": 3}}, {"type": "Feature", "geometry": {"type": "Point", "coordinates": [99.50761, 19.59861]}, "properties": {"id": "cr-obec-1057120397", "name": "โรงเรียนบ้านร้องบง", "nameTh": "โรงเรียนบ้านร้องบง", "nameEn": null, "cat": ["school"], "province": "cr", "slug": "1057120397", "rank": 3}}, {"type": "Feature", "geometry": {"type": "Point", "coordinates": [99.50582, 19.59884]}, "properties": {"id": "cr-osm-node-2138326064", "name": "โรงเรียนบ้านร้องบง", "nameTh": "โรงเรียนบ้านร้องบง", "nameEn": "Ban Rong Bong School", "cat": ["school"], "province": "cr", "slug": "ban-rong-bong-school-2138326064", "rank": 2}}, {"type": "Feature", "geometry": {"type": "Point", "coordinates": [99.52077, 19.31938]}, "properties": {"id": "cr-obec-1057120482", "name": "โรงเรียนบ้านลังกา", "nameTh": "โรงเรียนบ้านลังกา", "nameEn": null, "cat": ["school"], "province": "cr", "slug": "1057120482", "rank": 3}}, {"type": "Feature", "geometry": {"type": "Point", "coordinates": [100.42519, 20.13805]}, "properties": {"id": "cr-obec-1057120105", "name": "โรงเรียนบ้านลุงท่าเจริญ", "nameTh": "โรงเรียนบ้านลุงท่าเจริญ", "nameEn": null, "cat": ["school"], "province": "cr", "slug": "1057120105", "rank": 2}}, {"type": "Feature", "geometry": {"type": "Point", "coordinates": [100.42479, 20.13761]}, "properties": {"id": "cr-osm-node-6410755585", "name": "โรงเรียนบ้านลุงท่าเจริญ", "nameTh": "โรงเรียนบ้านลุงท่าเจริญ", "nameEn": "Ban Lung Tacharoen School", "cat": ["school"], "province": "cr", "slug": "ban-lung-tacharoen-school-6410755585", "rank": 2}}, {"type": "Feature", "geometry": {"type": "Point", "coordinates": [100.04726, 19.4489]}, "properties": {"id": "cr-obec-1057120236", "name": "โรงเรียนบ้านวังวิทยา", "nameTh": "โรงเรียนบ้านวังวิทยา", "nameEn": null, "cat": ["school"], "province": "cr", "slug": "1057120236", "rank": 3}}, {"type": "Feature", "geometry": {"type": "Point", "coordinates": [99.48689, 19.93253]}, "properties": {"id": "cr-obec-1057120414", "name": "โรงเรียนบ้านวาวี", "nameTh": "โรงเรียนบ้านวาวี", "nameEn": null, "cat": ["school"], "province": "cr", "slug": "1057120414", "rank": 3}}, {"type": "Feature", "geometry": {"type": "Point", "coordinates": [100.14307, 20.21816]}, "properties": {"id": "cr-obec-1057120151", "name": "โรงเรียนบ้านศรีกองงาม", "nameTh": "โรงเรียนบ้านศรีกองงาม", "nameEn": null, "cat": ["school"], "province": "cr", "slug": "1057120151", "rank": 3}}, {"type": "Feature", "geometry": {"type": "Point", "coordinates": [99.98995, 20.30872]}, "properties": {"id": "cr-obec-1057120141", "name": "โรงเรียนบ้านศรีดอนมูล", "nameTh": "โรงเรียนบ้านศรีดอนมูล", "nameEn": null, "cat": ["school"], "province": "cr", "slug": "1057120141", "rank": 3}}, {"type": "Feature", "geometry": {"type": "Point", "coordinates": [99.96813, 20.4343]}, "properties": {"id": "cr-obec-1057120437", "name": "โรงเรียนบ้านศรีป่าแดง", "nameTh": "โรงเรียนบ้านศรีป่าแดง", "nameEn": null, "cat": ["school"], "province": "cr", "slug": "1057120437", "rank": 3}}, {"type": "Feature", "geometry": {"type": "Point", "coordinates": [100.38141, 20.04572]}, "properties": {"id": "cr-obec-1057120116", "name": "โรงเรียนบ้านศรีลานนา", "nameTh": "โรงเรียนบ้านศรีลานนา", "nameEn": null, "cat": ["school"], "province": "cr", "slug": "1057120116", "rank": 3}}, {"type": "Feature", "geometry": {"type": "Point", "coordinates": [99.90328, 19.85787]}, "properties": {"id": "cr-obec-1057120517", "name": "โรงเรียนบ้านศรีเวียง", "nameTh": "โรงเรียนบ้านศรีเวียง", "nameEn": null, "cat": ["school"], "province": "cr", "slug": "1057120517", "rank": 3}}, {"type": "Feature", "geometry": {"type": "Point", "coordinates": [99.69467, 19.57237]}, "properties": {"id": "cr-obec-1057120289", "name": "โรงเรียนบ้านศาลา", "nameTh": "โรงเรียนบ้านศาลา", "nameEn": null, "cat": ["school"], "province": "cr", "slug": "1057120289", "rank": 2}}, {"type": "Feature", "geometry": {"type": "Point", "coordinates": [100.10574, 20.24553]}, "properties": {"id": "cr-obec-1057120129", "name": "โรงเรียนบ้านสบคำ", "nameTh": "โรงเรียนบ้านสบคำ", "nameEn": null, "cat": ["school"], "province": "cr", "slug": "1057120129", "rank": 3}}, {"type": "Feature", "geometry": {"type": "Point", "coordinates": [100.08146, 20.347]}, "properties": {"id": "cr-obec-1057120126", "name": "โรงเรียนบ้านสบรวก", "nameTh": "โรงเรียนบ้านสบรวก", "nameEn": null, "cat": ["school"], "province": "cr", "slug": "1057120126", "rank": 3}}, {"type": "Feature", "geometry": {"type": "Point", "coordinates": [100.08198, 20.34716]}, "properties": {"id": "cr-osm-node-13320406702", "name": "โรงเรียนบ้านสบรวก", "nameTh": "โรงเรียนบ้านสบรวก", "nameEn": "Sob Ruak school", "cat": ["school"], "province": "cr", "slug": "sob-ruak-school-13320406702", "rank": 2}}, {"type": "Feature", "geometry": {"type": "Point", "coordinates": [99.95724, 19.81925]}, "properties": {"id": "cr-obec-1057120529", "name": "โรงเรียนบ้านสมานมิตร", "nameTh": "โรงเรียนบ้านสมานมิตร", "nameEn": null, "cat": ["school"], "province": "cr", "slug": "1057120529", "rank": 3}}, {"type": "Feature", "geometry": {"type": "Point", "coordinates": [100.1724, 20.28748]}, "properties": {"id": "cr-obec-1057120147", "name": "โรงเรียนบ้านสวนดอกท่าขันทองสามัคคี", "nameTh": "โรงเรียนบ้านสวนดอกท่าขันทองสามัคคี", "nameEn": null, "cat": ["school"], "province": "cr", "slug": "1057120147", "rank": 2}}, {"type": "Feature", "geometry": {"type": "Point", "coordinates": [100.30944, 20.37798]}, "properties": {"id": "cr-obec-1057120098", "name": "โรงเรียนบ้านสองพี่น้อง", "nameTh": "โรงเรียนบ้านสองพี่น้อง", "nameEn": null, "cat": ["school"], "province": "cr", "slug": "1057120098", "rank": 3}}, {"type": "Feature", "geometry": {"type": "Point", "coordinates": [100.32168, 20.39543]}, "properties": {"id": "cr-osm-node-6405415385", "name": "โรงเรียนบ้านสองพี่น้อง", "nameTh": "โรงเรียนบ้านสองพี่น้อง", "nameEn": "Songpeenong School", "cat": ["school"], "province": "cr", "slug": "songpeenong-school-6405415385", "rank": 2}}, {"type": "Feature", "geometry": {"type": "Point", "coordinates": [100.00115, 19.49435]}, "properties": {"id": "cr-obec-1057120222", "name": "โรงเรียนบ้านสักพัฒนา", "nameTh": "โรงเรียนบ้านสักพัฒนา", "nameEn": null, "cat": ["school"], "province": "cr", "slug": "1057120222", "rank": 3}}, {"type": "Feature", "geometry": {"type": "Point", "coordinates": [99.52077, 19.31938]}, "properties": {"id": "cr-obec-1057120481", "name": "โรงเรียนบ้านสัน", "nameTh": "โรงเรียนบ้านสัน", "nameEn": null, "cat": ["school"], "province": "cr", "slug": "1057120481", "rank": 3}}, {"type": "Feature", "geometry": {"type": "Point", "coordinates": [99.7647, 19.83017]}, "properties": {"id": "cr-obec-1057120065", "name": "โรงเรียนบ้านสันกลาง", "nameTh": "โรงเรียนบ้านสันกลาง", "nameEn": null, "cat": ["school"], "province": "cr", "slug": "1057120065", "rank": 3}}, {"type": "Feature", "geometry": {"type": "Point", "coordinates": [99.7642, 19.82968]}, "properties": {"id": "cr-osm-node-4524206389", "name": "โรงเรียนบ้านสันกลาง", "nameTh": "โรงเรียนบ้านสันกลาง", "nameEn": null, "cat": ["school"], "province": "cr", "slug": "4524206389", "rank": 1}}, {"type": "Feature", "geometry": {"type": "Point", "coordinates": [99.54549, 19.66709]}, "properties": {"id": "cr-obec-1057120376", "name": "โรงเรียนบ้านสันกลาง (ราษฎร์พัฒนา)", "nameTh": "โรงเรียนบ้านสันกลาง (ราษฎร์พัฒนา)", "nameEn": null, "cat": ["school"], "province": "cr", "slug": "1057120376", "rank": 3}}, {"type": "Feature", "geometry": {"type": "Point", "coordinates": [99.85435, 20.259]}, "properties": {"id": "cr-obec-1057120348", "name": "โรงเรียนบ้านสันกอง", "nameTh": "โรงเรียนบ้านสันกอง", "nameEn": null, "cat": ["school"], "province": "cr", "slug": "1057120348", "rank": 3}}, {"type": "Feature", "geometry": {"type": "Point", "coordinates": [99.85489, 20.25881]}, "properties": {"id": "cr-osm-node-2172498516", "name": "โรงเรียนบ้านสันกอง", "nameTh": "โรงเรียนบ้านสันกอง", "nameEn": "Ban San Kong School", "cat": ["school"], "province": "cr", "slug": "ban-san-kong-school-2172498516", "rank": 2}}, {"type": "Feature", "geometry": {"type": "Point", "coordinates": [99.48931, 19.5866]}, "properties": {"id": "cr-obec-1057120400", "name": "โรงเรียนบ้านสันก้างปลา", "nameTh": "โรงเรียนบ้านสันก้างปลา", "nameEn": null, "cat": ["school"], "province": "cr", "slug": "1057120400", "rank": 3}}, {"type": "Feature", "geometry": {"type": "Point", "coordinates": [99.96298, 19.59798]}, "properties": {"id": "cr-obec-1057120218", "name": "โรงเรียนบ้านสันชุม(สหราษฎร์บำรุง)", "nameTh": "โรงเรียนบ้านสันชุม(สหราษฎร์บำรุง)", "nameEn": null, "cat": ["school"], "province": "cr", "slug": "1057120218", "rank": 2}}, {"type": "Feature", "geometry": {"type": "Point", "coordinates": [99.62453, 20.15809]}, "properties": {"id": "cr-obec-1057120612", "name": "โรงเรียนบ้านสันติคีรี", "nameTh": "โรงเรียนบ้านสันติคีรี", "nameEn": null, "cat": ["school"], "province": "cr", "slug": "1057120612", "rank": 3}}, {"type": "Feature", "geometry": {"type": "Point", "coordinates": [99.62318, 20.15846]}, "properties": {"id": "cr-osm-way-1206337874", "name": "โรงเรียนบ้านสันติคีรี ดอยแม่สลอง", "nameTh": "โรงเรียนบ้านสันติคีรี ดอยแม่สลอง", "nameEn": "Ban Santi Khiri Doi Mae Salong School", "cat": ["school"], "province": "cr", "slug": "ban-santi-khiri-doi-mae-salong-school-1206337874", "rank": 2}}, {"type": "Feature", "geometry": {"type": "Point", "coordinates": [99.74522, 19.57595]}, "properties": {"id": "cr-obec-1057120258", "name": "โรงเรียนบ้านสันติวัน", "nameTh": "โรงเรียนบ้านสันติวัน", "nameEn": null, "cat": ["school"], "province": "cr", "slug": "1057120258", "rank": 3}}, {"type": "Feature", "geometry": {"type": "Point", "coordinates": [99.58741, 20.10291]}, "properties": {"id": "cr-obec-1057120331", "name": "โรงเรียนบ้านสันติสุข", "nameTh": "โรงเรียนบ้านสันติสุข", "nameEn": null, "cat": ["school"], "province": "cr", "slug": "1057120331", "rank": 3}}, {"type": "Feature", "geometry": {"type": "Point", "coordinates": [99.58795, 20.10343]}, "properties": {"id": "cr-osm-node-6536248985", "name": "โรงเรียนบ้านสันติสุข", "nameTh": "โรงเรียนบ้านสันติสุข", "nameEn": "Ban Santisuk school", "cat": ["school"], "province": "cr", "slug": "ban-santisuk-school-6536248985", "rank": 2}}, {"type": "Feature", "geometry": {"type": "Point", "coordinates": [99.87849, 19.98355]}, "properties": {"id": "cr-obec-1057120025", "name": "โรงเรียนบ้านสันต้นขาม", "nameTh": "โรงเรียนบ้านสันต้นขาม", "nameEn": null, "cat": ["school"], "province": "cr", "slug": "1057120025", "rank": 3}}, {"type": "Feature", "geometry": {"type": "Point", "coordinates": [99.85022, 19.62028]}, "properties": {"id": "cr-obec-1057120309", "name": "โรงเรียนบ้านสันต้นดู่", "nameTh": "โรงเรียนบ้านสันต้นดู่", "nameEn": null, "cat": ["school"], "province": "cr", "slug": "1057120309", "rank": 2}}, {"type": "Feature", "geometry": {"type": "Point", "coordinates": [99.73845, 19.4925]}, "properties": {"id": "cr-obec-1057120270", "name": "โรงเรียนบ้านสันต้นผึ้ง", "nameTh": "โรงเรียนบ้านสันต้นผึ้ง", "nameEn": null, "cat": ["school"], "province": "cr", "slug": "1057120270", "rank": 2}}, {"type": "Feature", "geometry": {"type": "Point", "coordinates": [100.23989, 20.34011]}, "properties": {"id": "cr-obec-1057120163", "name": "โรงเรียนบ้านสันต้นเปา", "nameTh": "โรงเรียนบ้านสันต้นเปา", "nameEn": null, "cat": ["school"], "province": "cr", "slug": "1057120163", "rank": 3}}, {"type": "Feature", "geometry": {"type": "Point", "coordinates": [99.73441, 19.46349]}, "properties": {"id": "cr-obec-1057120279", "name": "โรงเรียนบ้านสันต้นแหน", "nameTh": "โรงเรียนบ้านสันต้นแหน", "nameEn": null, "cat": ["school"], "province": "cr", "slug": "1057120279", "rank": 2}}, {"type": "Feature", "geometry": {"type": "Point", "coordinates": [99.95276, 20.38269]}, "properties": {"id": "cr-obec-1057120454", "name": "โรงเรียนบ้านสันถนน", "nameTh": "โรงเรียนบ้านสันถนน", "nameEn": null, "cat": ["school"], "province": "cr", "slug": "1057120454", "rank": 3}}, {"type": "Feature", "geometry": {"type": "Point", "coordinates": [99.95282, 20.38245]}, "properties": {"id": "cr-osm-node-2207472330", "name": "โรงเรียนบ้านสันถนน", "nameTh": "โรงเรียนบ้านสันถนน", "nameEn": "Ban San Thanon School", "cat": ["school"], "province": "cr", "slug": "ban-san-thanon-school-2207472330", "rank": 2}}, {"type": "Feature", "geometry": {"type": "Point", "coordinates": [99.91122, 20.43898]}, "properties": {"id": "cr-obec-1057120434", "name": "โรงเรียนบ้านสันทราย", "nameTh": "โรงเรียนบ้านสันทราย", "nameEn": null, "cat": ["school"], "province": "cr", "slug": "1057120434", "rank": 3}}, {"type": "Feature", "geometry": {"type": "Point", "coordinates": [99.87999, 20.34743]}, "properties": {"id": "cr-obec-1057120447", "name": "โรงเรียนบ้านสันทราย(ราษฎร์สามัคคี)", "nameTh": "โรงเรียนบ้านสันทราย(ราษฎร์สามัคคี)", "nameEn": null, "cat": ["school"], "province": "cr", "slug": "1057120447", "rank": 3}}, {"type": "Feature", "geometry": {"type": "Point", "coordinates": [100.17432, 19.74387]}, "properties": {"id": "cr-obec-1057120170", "name": "โรงเรียนบ้านสันทรายมูล", "nameTh": "โรงเรียนบ้านสันทรายมูล", "nameEn": null, "cat": ["school"], "province": "cr", "slug": "1057120170", "rank": 2}}, {"type": "Feature", "geometry": {"type": "Point", "coordinates": [100.09827, 20.21482]}, "properties": {"id": "cr-obec-1057120133", "name": "โรงเรียนบ้านสันธาตุ", "nameTh": "โรงเรียนบ้านสันธาตุ", "nameEn": null, "cat": ["school"], "province": "cr", "slug": "1057120133", "rank": 3}}, {"type": "Feature", "geometry": {"type": "Point", "coordinates": [99.96721, 20.3667]}, "properties": {"id": "cr-osm-node-2207495991", "name": "โรงเรียนบ้านสันธาตุ", "nameTh": "โรงเรียนบ้านสันธาตุ", "nameEn": "Ban San That School", "cat": ["school"], "province": "cr", "slug": "ban-san-that-school-2207495991", "rank": 2}}, {"type": "Feature", "geometry": {"type": "Point", "coordinates": [100.00593, 20.3916]}, "properties": {"id": "cr-obec-1057120440", "name": "โรงเรียนบ้านสันนา", "nameTh": "โรงเรียนบ้านสันนา", "nameEn": null, "cat": ["school"], "province": "cr", "slug": "1057120440", "rank": 3}}, {"type": "Feature", "geometry": {"type": "Point", "coordinates": [99.95514, 20.40548]}, "properties": {"id": "cr-obec-1057120441", "name": "โรงเรียนบ้านสันบุญเรือง", "nameTh": "โรงเรียนบ้านสันบุญเรือง", "nameEn": null, "cat": ["school"], "province": "cr", "slug": "1057120441", "rank": 3}}, {"type": "Feature", "geometry": {"type": "Point", "coordinates": [99.77161, 19.50737]}, "properties": {"id": "cr-obec-1057120267", "name": "โรงเรียนบ้านสันผักแค", "nameTh": "โรงเรียนบ้านสันผักแค", "nameEn": null, "cat": ["school"], "province": "cr", "slug": "1057120267", "rank": 3}}, {"type": "Feature", "geometry": {"type": "Point", "coordinates": [99.92396, 20.43923]}, "properties": {"id": "cr-obec-1057120435", "name": "โรงเรียนบ้านสันมะนะ", "nameTh": "โรงเรียนบ้านสันมะนะ", "nameEn": null, "cat": ["school"], "province": "cr", "slug": "1057120435", "rank": 2}}, {"type": "Feature", "geometry": {"type": "Point", "coordinates": [99.52499, 19.25297]}, "properties": {"id": "cr-obec-1057120495", "name": "โรงเรียนบ้านสันมะเค็ดสันขี้เหล็กหัวฝายพัฒนา", "nameTh": "โรงเรียนบ้านสันมะเค็ดสันขี้เหล็กหัวฝายพัฒนา", "nameEn": null, "cat": ["school"], "province": "cr", "slug": "1057120495", "rank": 3}}, {"type": "Feature", "geometry": {"type": "Point", "coordinates": [99.8629, 20.2712]}, "properties": {"id": "cr-obec-1057120459", "name": "โรงเรียนบ้านสันยาว สันลิดไม้", "nameTh": "โรงเรียนบ้านสันยาว สันลิดไม้", "nameEn": null, "cat": ["school"], "province": "cr", "slug": "1057120459", "rank": 3}}, {"type": "Feature", "geometry": {"type": "Point", "coordinates": [99.50865, 19.38372]}, "properties": {"id": "cr-obec-1057120472", "name": "โรงเรียนบ้านสันสลี", "nameTh": "โรงเรียนบ้านสันสลี", "nameEn": null, "cat": ["school"], "province": "cr", "slug": "1057120472", "rank": 3}}, {"type": "Feature", "geometry": {"type": "Point", "coordinates": [99.9686, 20.40958]}, "properties": {"id": "cr-obec-1057120442", "name": "โรงเรียนบ้านสันหลวง", "nameTh": "โรงเรียนบ้านสันหลวง", "nameEn": null, "cat": ["school"], "province": "cr", "slug": "1057120442", "rank": 3}}, {"type": "Feature", "geometry": {"type": "Point", "coordinates": [100.14354, 19.85151]}, "properties": {"id": "cr-obec-1057120553", "name": "โรงเรียนบ้านสันหลวงสามัคคี", "nameTh": "โรงเรียนบ้านสันหลวงสามัคคี", "nameEn": null, "cat": ["school"], "province": "cr", "slug": "1057120553", "rank": 2}}, {"type": "Feature", "geometry": {"type": "Point", "coordinates": [99.84968, 20.16731]}, "properties": {"id": "cr-obec-1057120325", "name": "โรงเรียนบ้านสันโค้ง", "nameTh": "โรงเรียนบ้านสันโค้ง", "nameEn": null, "cat": ["school"], "province": "cr", "slug": "1057120325", "rank": 3}}, {"type": "Feature", "geometry": {"type": "Point", "coordinates": [99.92571, 20.37142]}, "properties": {"id": "cr-obec-1057120457", "name": "โรงเรียนบ้านสันโค้ง", "nameTh": "โรงเรียนบ้านสันโค้ง", "nameEn": null, "cat": ["school"], "province": "cr", "slug": "1057120457", "rank": 3}}, {"type": "Feature", "geometry": {"type": "Point", "coordinates": [99.8274, 19.90031]}, "properties": {"id": "cr-obec-1057120001", "name": "โรงเรียนบ้านสันโค้ง (เชียงรายจรูญราษฎร์)", "nameTh": "โรงเรียนบ้านสันโค้ง (เชียงรายจรูญราษฎร์)", "nameEn": null, "cat": ["school"], "province": "cr", "slug": "1057120001", "rank": 3}}, {"type": "Feature", "geometry": {"type": "Point", "coordinates": [99.82676, 19.90086]}, "properties": {"id": "cr-osm-way-551524403", "name": "โรงเรียนบ้านสันโค้ง (เชียงรายจรูญราษฎร์)", "nameTh": "โรงเรียนบ้านสันโค้ง (เชียงรายจรูญราษฎร์)", "nameEn": "Bansankhong (Chiangrai Jaroonrat) School", "cat": ["school"], "province": "cr", "slug": "bansankhong-chiangrai-jaroonrat-school-551524403", "rank": 4}}, {"type": "Feature", "geometry": {"type": "Point", "coordinates": [99.83252, 19.57394]}, "properties": {"id": "cr-obec-1057120302", "name": "โรงเรียนบ้านสิบสอง", "nameTh": "โรงเรียนบ้านสิบสอง", "nameEn": null, "cat": ["school"], "province": "cr", "slug": "1057120302", "rank": 3}}, {"type": "Feature", "geometry": {"type": "Point", "coordinates": [100.35983, 20.01824]}, "properties": {"id": "cr-obec-1057120114", "name": "โรงเรียนบ้านส้าน", "nameTh": "โรงเรียนบ้านส้าน", "nameEn": null, "cat": ["school"], "province": "cr", "slug": "1057120114", "rank": 3}}, {"type": "Feature", "geometry": {"type": "Point", "coordinates": [100.36013, 20.01805]}, "properties": {"id": "cr-osm-node-13290066801", "name": "โรงเรียนบ้านส้าน", "nameTh": "โรงเรียนบ้านส้าน", "nameEn": "Baan San school", "cat": ["school"], "province": "cr", "slug": "baan-san-school-13290066801", "rank": 2}}, {"type": "Feature", "geometry": {"type": "Point", "coordinates": [100.34899, 20.00783]}, "properties": {"id": "cr-osm-node-2423462681", "name": "โรงเรียนบ้านหก", "nameTh": "โรงเรียนบ้านหก", "nameEn": "Ban Hok School", "cat": ["school"], "province": "cr", "slug": "ban-hok-school-2423462681", "rank": 2}}, {"type": "Feature", "geometry": {"type": "Point", "coordinates": [99.9311, 20.21012]}, "properties": {"id": "cr-osm-node-2212121939", "name": "โรงเรียนบ้านหนองครก", "nameTh": "โรงเรียนบ้านหนองครก", "nameEn": "Ban Nong Khrok School", "cat": ["school"], "province": "cr", "slug": "ban-nong-khrok-school-2212121939", "rank": 2}}, {"type": "Feature", "geometry": {"type": "Point", "coordinates": [100.17617, 19.78518]}, "properties": {"id": "cr-obec-1057120172", "name": "โรงเรียนบ้านหนองบัว", "nameTh": "โรงเรียนบ้านหนองบัว", "nameEn": null, "cat": ["school"], "province": "cr", "slug": "1057120172", "rank": 2}}, {"type": "Feature", "geometry": {"type": "Point", "coordinates": [99.73486, 19.5486]}, "properties": {"id": "cr-obec-1057120265", "name": "โรงเรียนบ้านหนองบัว", "nameTh": "โรงเรียนบ้านหนองบัว", "nameEn": null, "cat": ["school"], "province": "cr", "slug": "1057120265", "rank": 3}}, {"type": "Feature", "geometry": {"type": "Point", "coordinates": [100.17398, 19.88947]}, "properties": {"id": "cr-obec-1057120550", "name": "โรงเรียนบ้านหนองบัวคำ", "nameTh": "โรงเรียนบ้านหนองบัวคำ", "nameEn": null, "cat": ["school"], "province": "cr", "slug": "1057120550", "rank": 3}}, {"type": "Feature", "geometry": {"type": "Point", "coordinates": [100.01351, 19.85161]}, "properties": {"id": "cr-obec-1057120539", "name": "โรงเรียนบ้านหนองบัวผาบ่ม", "nameTh": "โรงเรียนบ้านหนองบัวผาบ่ม", "nameEn": null, "cat": ["school"], "province": "cr", "slug": "1057120539", "rank": 3}}, {"type": "Feature", "geometry": {"type": "Point", "coordinates": [99.92796, 20.01444]}, "properties": {"id": "cr-obec-1057120048", "name": "โรงเรียนบ้านหนองบัวแดง", "nameTh": "โรงเรียนบ้านหนองบัวแดง", "nameEn": null, "cat": ["school"], "province": "cr", "slug": "1057120048", "rank": 3}}, {"type": "Feature", "geometry": {"type": "Point", "coordinates": [99.92793, 20.01518]}, "properties": {"id": "cr-osm-way-1232977050", "name": "โรงเรียนบ้านหนองบัวแดง", "nameTh": "โรงเรียนบ้านหนองบัวแดง", "nameEn": "Ban Nong Bua Daeng School", "cat": ["school"], "province": "cr", "slug": "ban-nong-bua-daeng-school-1232977050", "rank": 2}}, {"type": "Feature", "geometry": {"type": "Point", "coordinates": [100.11475, 20.17206]}, "properties": {"id": "cr-obec-1057120676", "name": "โรงเรียนบ้านหนองป่าก่อ", "nameTh": "โรงเรียนบ้านหนองป่าก่อ", "nameEn": null, "cat": ["school"], "province": "cr", "slug": "1057120676", "rank": 3}}, {"type": "Feature", "geometry": {"type": "Point", "coordinates": [100.11519, 20.17247]}, "properties": {"id": "cr-osm-way-1232826837", "name": "โรงเรียนบ้านหนองป่าก่อ", "nameTh": "โรงเรียนบ้านหนองป่าก่อ", "nameEn": null, "cat": ["school"], "province": "cr", "slug": "1232826837", "rank": 1}}, {"type": "Feature", "geometry": {"type": "Point", "coordinates": [99.61875, 19.70915]}, "properties": {"id": "cr-obec-1057120379", "name": "โรงเรียนบ้านหนองผำ", "nameTh": "โรงเรียนบ้านหนองผำ", "nameEn": null, "cat": ["school"], "province": "cr", "slug": "1057120379", "rank": 3}}, {"type": "Feature", "geometry": {"type": "Point", "coordinates": [99.52026, 19.34361]}, "properties": {"id": "cr-obec-1057120476", "name": "โรงเรียนบ้านหนองยาว", "nameTh": "โรงเรียนบ้านหนองยาว", "nameEn": null, "cat": ["school"], "province": "cr", "slug": "1057120476", "rank": 3}}, {"type": "Feature", "geometry": {"type": "Point", "coordinates": [99.76543, 19.85586]}, "properties": {"id": "cr-obec-1057120067", "name": "โรงเรียนบ้านหนองหม้อ", "nameTh": "โรงเรียนบ้านหนองหม้อ", "nameEn": null, "cat": ["school"], "province": "cr", "slug": "1057120067", "rank": 3}}, {"type": "Feature", "geometry": {"type": "Point", "coordinates": [99.69219, 19.75413]}, "properties": {"id": "cr-obec-1057120638", "name": "โรงเรียนบ้านหนองเก้าห้อง", "nameTh": "โรงเรียนบ้านหนองเก้าห้อง", "nameEn": null, "cat": ["school"], "province": "cr", "slug": "1057120638", "rank": 3}}, {"type": "Feature", "geometry": {"type": "Point", "coordinates": [100.4186, 19.90396]}, "properties": {"id": "cr-obec-1057120589", "name": "โรงเรียนบ้านหนองเตา", "nameTh": "โรงเรียนบ้านหนองเตา", "nameEn": null, "cat": ["school"], "province": "cr", "slug": "1057120589", "rank": 3}}, {"type": "Feature", "geometry": {"type": "Point", "coordinates": [100.15035, 19.79872]}, "properties": {"id": "cr-obec-1057120541", "name": "โรงเรียนบ้านหนองเสา", "nameTh": "โรงเรียนบ้านหนองเสา", "nameEn": null, "cat": ["school"], "province": "cr", "slug": "1057120541", "rank": 2}}, {"type": "Feature", "geometry": {"type": "Point", "coordinates": [99.88321, 20.1435]}, "properties": {"id": "cr-obec-1057120321", "name": "โรงเรียนบ้านหนองแว่น", "nameTh": "โรงเรียนบ้านหนองแว่น", "nameEn": null, "cat": ["school"], "province": "cr", "slug": "1057120321", "rank": 3}}, {"type": "Feature", "geometry": {"type": "Point", "coordinates": [99.83384, 20.22246]}, "properties": {"id": "cr-obec-1057120343", "name": "โรงเรียนบ้านหนองแหย่ง", "nameTh": "โรงเรียนบ้านหนองแหย่ง", "nameEn": null, "cat": ["school"], "province": "cr", "slug": "1057120343", "rank": 3}}, {"type": "Feature", "geometry": {"type": "Point", "coordinates": [99.51098, 19.27561]}, "properties": {"id": "cr-osm-node-2126918291", "name": "โรงเรียนบ้านหม้อ", "nameTh": "โรงเรียนบ้านหม้อ", "nameEn": "Ban Mo School", "cat": ["school"], "province": "cr", "slug": "ban-mo-school-2126918291", "rank": 2}}, {"type": "Feature", "geometry": {"type": "Point", "coordinates": [100.3815, 20.04565]}, "properties": {"id": "cr-obec-1057120117", "name": "โรงเรียนบ้านหลวง", "nameTh": "โรงเรียนบ้านหลวง", "nameEn": null, "cat": ["school"], "province": "cr", "slug": "1057120117", "rank": 3}}, {"type": "Feature", "geometry": {"type": "Point", "coordinates": [100.38259, 20.04615]}, "properties": {"id": "cr-osm-way-511764298", "name": "โรงเรียนบ้านหลวง", "nameTh": "โรงเรียนบ้านหลวง", "nameEn": "Ban Luang School", "cat": ["school"], "province": "cr", "slug": "ban-luang-school-511764298", "rank": 4}}, {"type": "Feature", "geometry": {"type": "Point", "coordinates": [100.50987, 20.09005]}, "properties": {"id": "cr-obec-1057120571", "name": "โรงเรียนบ้านหลู้", "nameTh": "โรงเรียนบ้านหลู้", "nameEn": null, "cat": ["school"], "province": "cr", "slug": "1057120571", "rank": 3}}, {"type": "Feature", "geometry": {"type": "Point", "coordinates": [100.33495, 20.12668]}, "properties": {"id": "cr-obec-1057120108", "name": "โรงเรียนบ้านหวาย", "nameTh": "โรงเรียนบ้านหวาย", "nameEn": null, "cat": ["school"], "province": "cr", "slug": "1057120108", "rank": 3}}, {"type": "Feature", "geometry": {"type": "Point", "coordinates": [100.3348, 20.12705]}, "properties": {"id": "cr-osm-way-736401209", "name": "โรงเรียนบ้านหวาย", "nameTh": "โรงเรียนบ้านหวาย", "nameEn": null, "cat": ["school"], "province": "cr", "slug": "736401209", "rank": 1}}, {"type": "Feature", "geometry": {"type": "Point", "coordinates": [99.93561, 19.78444]}, "properties": {"id": "cr-obec-1057120082", "name": "โรงเรียนบ้านหัวดง", "nameTh": "โรงเรียนบ้านหัวดง", "nameEn": null, "cat": ["school"], "province": "cr", "slug": "1057120082", "rank": 3}}, {"type": "Feature", "geometry": {"type": "Point", "coordinates": [99.87778, 19.83795]}, "properties": {"id": "cr-obec-1057120070", "name": "โรงเรียนบ้านหัวดอย", "nameTh": "โรงเรียนบ้านหัวดอย", "nameEn": null, "cat": ["school"], "province": "cr", "slug": "1057120070", "rank": 3}}, {"type": "Feature", "geometry": {"type": "Point", "coordinates": [99.87861, 19.83832]}, "properties": {"id": "cr-osm-node-13269612201", "name": "โรงเรียนบ้านหัวดอย", "nameTh": "โรงเรียนบ้านหัวดอย", "nameEn": "Hua Doi school", "cat": ["school"], "province": "cr", "slug": "hua-doi-school-13269612201", "rank": 2}}, {"type": "Feature", "geometry": {"type": "Point", "coordinates": [99.46589, 19.64177]}, "properties": {"id": "cr-obec-1057120391", "name": "โรงเรียนบ้านหัวฝาย", "nameTh": "โรงเรียนบ้านหัวฝาย", "nameEn": null, "cat": ["school"], "province": "cr", "slug": "1057120391", "rank": 3}}, {"type": "Feature", "geometry": {"type": "Point", "coordinates": [100.4037, 20.27239]}, "properties": {"id": "cr-obec-1057120090", "name": "โรงเรียนบ้านหัวเวียง(โกศัลย์วิทย์)", "nameTh": "โรงเรียนบ้านหัวเวียง(โกศัลย์วิทย์)", "nameEn": null, "cat": ["school"], "province": "cr", "slug": "1057120090", "rank": 2}}, {"type": "Feature", "geometry": {"type": "Point", "coordinates": [99.52995, 19.84766]}, "properties": {"id": "cr-obec-1057120429", "name": "โรงเรียนบ้านห้วยกล้า", "nameTh": "โรงเรียนบ้านห้วยกล้า", "nameEn": null, "cat": ["school"], "province": "cr", "slug": "1057120429", "rank": 3}}, {"type": "Feature", "geometry": {"type": "Point", "coordinates": [100.12015, 19.75626]}, "properties": {"id": "cr-obec-1057120566", "name": "โรงเรียนบ้านห้วยก้าง'รัฐประชาสงเคราะห์'", "nameTh": "โรงเรียนบ้านห้วยก้าง'รัฐประชาสงเคราะห์'", "nameEn": null, "cat": ["school"], "province": "cr", "slug": "1057120566", "rank": 3}}, {"type": "Feature", "geometry": {"type": "Point", "coordinates": [99.76177, 19.98521]}, "properties": {"id": "cr-obec-1057120036", "name": "โรงเรียนบ้านห้วยขม", "nameTh": "โรงเรียนบ้านห้วยขม", "nameEn": null, "cat": ["school"], "province": "cr", "slug": "1057120036", "rank": 3}}, {"type": "Feature", "geometry": {"type": "Point", "coordinates": [99.51805, 19.78022]}, "properties": {"id": "cr-obec-1057120425", "name": "โรงเรียนบ้านห้วยขี้เหล็ก", "nameTh": "โรงเรียนบ้านห้วยขี้เหล็ก", "nameEn": null, "cat": ["school"], "province": "cr", "slug": "1057120425", "rank": 3}}, {"type": "Feature", "geometry": {"type": "Point", "coordinates": [100.10819, 20.03085]}, "properties": {"id": "cr-obec-1057120666", "name": "โรงเรียนบ้านห้วยขี้เหล็ก", "nameTh": "โรงเรียนบ้านห้วยขี้เหล็ก", "nameEn": null, "cat": ["school"], "province": "cr", "slug": "1057120666", "rank": 3}}, {"type": "Feature", "geometry": {"type": "Point", "coordinates": [100.44118, 19.86717]}, "properties": {"id": "cr-obec-1057120584", "name": "โรงเรียนบ้านห้วยคุ", "nameTh": "โรงเรียนบ้านห้วยคุ", "nameEn": null, "cat": ["school"], "province": "cr", "slug": "1057120584", "rank": 3}}, {"type": "Feature", "geometry": {"type": "Point", "coordinates": [99.51362, 19.96891]}, "properties": {"id": "cr-obec-1057120005", "name": "โรงเรียนบ้านห้วยชมภู", "nameTh": "โรงเรียนบ้านห้วยชมภู", "nameEn": null, "cat": ["school"], "province": "cr", "slug": "1057120005", "rank": 3}}, {"type": "Feature", "geometry": {"type": "Point", "coordinates": [100.29433, 20.04497]}, "properties": {"id": "cr-obec-1057120122", "name": "โรงเรียนบ้านห้วยซ้อ", "nameTh": "โรงเรียนบ้านห้วยซ้อ", "nameEn": null, "cat": ["school"], "province": "cr", "slug": "1057120122", "rank": 3}}, {"type": "Feature", "geometry": {"type": "Point", "coordinates": [100.10679, 19.70321]}, "properties": {"id": "cr-obec-1057120179", "name": "โรงเรียนบ้านห้วยตุ้ม(ตุ้มใต้ตระการคุณ)", "nameTh": "โรงเรียนบ้านห้วยตุ้ม(ตุ้มใต้ตระการคุณ)", "nameEn": null, "cat": ["school"], "province": "cr", "slug": "1057120179", "rank": 2}}, {"type": "Feature", "geometry": {"type": "Point", "coordinates": [99.82959, 19.79657]}, "properties": {"id": "cr-obec-1057120063", "name": "โรงเรียนบ้านห้วยทราย", "nameTh": "โรงเรียนบ้านห้วยทราย", "nameEn": null, "cat": ["school"], "province": "cr", "slug": "1057120063", "rank": 3}}, {"type": "Feature", "geometry": {"type": "Point", "coordinates": [99.75458, 19.93671]}, "properties": {"id": "cr-obec-1057120038", "name": "โรงเรียนบ้านห้วยทรายขาว", "nameTh": "โรงเรียนบ้านห้วยทรายขาว", "nameEn": null, "cat": ["school"], "province": "cr", "slug": "1057120038", "rank": 3}}, {"type": "Feature", "geometry": {"type": "Point", "coordinates": [99.97479, 20.25026]}, "properties": {"id": "cr-obec-1057120365", "name": "โรงเรียนบ้านห้วยน้ำราก(ไตรราษฎร์บำรุง)", "nameTh": "โรงเรียนบ้านห้วยน้ำราก(ไตรราษฎร์บำรุง)", "nameEn": null, "cat": ["school"], "province": "cr", "slug": "1057120365", "rank": 3}}, {"type": "Feature", "geometry": {"type": "Point", "coordinates": [99.50449, 19.83936]}, "properties": {"id": "cr-obec-1057120427", "name": "โรงเรียนบ้านห้วยน้ำเย็น", "nameTh": "โรงเรียนบ้านห้วยน้ำเย็น", "nameEn": null, "cat": ["school"], "province": "cr", "slug": "1057120427", "rank": 3}}, {"type": "Feature", "geometry": {"type": "Point", "coordinates": [99.67421, 20.23119]}, "properties": {"id": "cr-obec-1057120607", "name": "โรงเรียนบ้านห้วยผึ้ง", "nameTh": "โรงเรียนบ้านห้วยผึ้ง", "nameEn": null, "cat": ["school"], "province": "cr", "slug": "1057120607", "rank": 3}}, {"type": "Feature", "geometry": {"type": "Point", "coordinates": [99.49951, 19.7743]}, "properties": {"id": "cr-obec-1057120423", "name": "โรงเรียนบ้านห้วยมะซาง", "nameTh": "โรงเรียนบ้านห้วยมะซาง", "nameEn": null, "cat": ["school"], "province": "cr", "slug": "1057120423", "rank": 3}}, {"type": "Feature", "geometry": {"type": "Point", "coordinates": [99.73468, 20.10812]}, "properties": {"id": "cr-obec-1057120329", "name": "โรงเรียนบ้านห้วยมะหินฝน", "nameTh": "โรงเรียนบ้านห้วยมะหินฝน", "nameEn": null, "cat": ["school"], "province": "cr", "slug": "1057120329", "rank": 3}}, {"type": "Feature", "geometry": {"type": "Point", "coordinates": [99.73467, 20.10842]}, "properties": {"id": "cr-osm-node-2148624727", "name": "โรงเรียนบ้านห้วยมะหินฝน", "nameTh": "โรงเรียนบ้านห้วยมะหินฝน", "nameEn": "Ban Huai Mahin Fon School", "cat": ["school"], "province": "cr", "slug": "ban-huai-mahin-fon-school-2148624727", "rank": 2}}, {"type": "Feature", "geometry": {"type": "Point", "coordinates": [99.41828, 19.64688]}, "properties": {"id": "cr-obec-1057120394", "name": "โรงเรียนบ้านห้วยมะแกง", "nameTh": "โรงเรียนบ้านห้วยมะแกง", "nameEn": null, "cat": ["school"], "province": "cr", "slug": "1057120394", "rank": 3}}, {"type": "Feature", "geometry": {"type": "Point", "coordinates": [99.45755, 19.09194]}, "properties": {"id": "cr-obec-1057120507", "name": "โรงเรียนบ้านห้วยม่วง", "nameTh": "โรงเรียนบ้านห้วยม่วง", "nameEn": null, "cat": ["school"], "province": "cr", "slug": "1057120507", "rank": 3}}, {"type": "Feature", "geometry": {"type": "Point", "coordinates": [99.45748, 19.09184]}, "properties": {"id": "cr-osm-way-321823854", "name": "โรงเรียนบ้านห้วยม่วง", "nameTh": "โรงเรียนบ้านห้วยม่วง", "nameEn": "Ban Huai Muang School", "cat": ["school"], "province": "cr", "slug": "ban-huai-muang-school-321823854", "rank": 2}}, {"type": "Feature", "geometry": {"type": "Point", "coordinates": [100.54079, 20.15389]}, "properties": {"id": "cr-obec-1057120573", "name": "โรงเรียนบ้านห้วยลึก", "nameTh": "โรงเรียนบ้านห้วยลึก", "nameEn": null, "cat": ["school"], "province": "cr", "slug": "1057120573", "rank": 3}}, {"type": "Feature", "geometry": {"type": "Point", "coordinates": [99.37546, 19.72207]}, "properties": {"id": "cr-obec-1057120395", "name": "โรงเรียนบ้านห้วยสะลักวิทยา", "nameTh": "โรงเรียนบ้านห้วยสะลักวิทยา", "nameEn": null, "cat": ["school"], "province": "cr", "slug": "1057120395", "rank": 3}}, {"type": "Feature", "geometry": {"type": "Point", "coordinates": [100.27755, 19.88411]}, "properties": {"id": "cr-obec-1057120628", "name": "โรงเรียนบ้านห้วยสัก(ประชานุกูล)", "nameTh": "โรงเรียนบ้านห้วยสัก(ประชานุกูล)", "nameEn": null, "cat": ["school"], "province": "cr", "slug": "1057120628", "rank": 3}}, {"type": "Feature", "geometry": {"type": "Point", "coordinates": [99.65935, 19.7853]}, "properties": {"id": "cr-obec-1057120646", "name": "โรงเรียนบ้านห้วยส้านพลับพลา", "nameTh": "โรงเรียนบ้านห้วยส้านพลับพลา", "nameEn": null, "cat": ["school"], "province": "cr", "slug": "1057120646", "rank": 3}}, {"type": "Feature", "geometry": {"type": "Point", "coordinates": [99.61552, 20.21463]}, "properties": {"id": "cr-obec-1057120604", "name": "โรงเรียนบ้านห้วยหก", "nameTh": "โรงเรียนบ้านห้วยหก", "nameEn": null, "cat": ["school"], "province": "cr", "slug": "1057120604", "rank": 3}}, {"type": "Feature", "geometry": {"type": "Point", "coordinates": [99.40205, 19.72422]}, "properties": {"id": "cr-obec-1057120392", "name": "โรงเรียนบ้านห้วยหญ้าไซ", "nameTh": "โรงเรียนบ้านห้วยหญ้าไซ", "nameEn": null, "cat": ["school"], "province": "cr", "slug": "1057120392", "rank": 3}}, {"type": "Feature", "geometry": {"type": "Point", "coordinates": [99.49387, 19.56444]}, "properties": {"id": "cr-obec-1057120399", "name": "โรงเรียนบ้านห้วยหมอเฒ่า", "nameTh": "โรงเรียนบ้านห้วยหมอเฒ่า", "nameEn": null, "cat": ["school"], "province": "cr", "slug": "1057120399", "rank": 3}}, {"type": "Feature", "geometry": {"type": "Point", "coordinates": [99.4947, 19.56448]}, "properties": {"id": "cr-osm-node-2138168360", "name": "โรงเรียนบ้านห้วยหมอเฒ่า", "nameTh": "โรงเรียนบ้านห้วยหมอเฒ่า", "nameEn": "Ban Huai Mothao School", "cat": ["school"], "province": "cr", "slug": "ban-huai-mothao-school-2138168360", "rank": 2}}, {"type": "Feature", "geometry": {"type": "Point", "coordinates": [100.10068, 20.04854]}, "properties": {"id": "cr-obec-1057120664", "name": "โรงเรียนบ้านห้วยหมากเอียก", "nameTh": "โรงเรียนบ้านห้วยหมากเอียก", "nameEn": null, "cat": ["school"], "province": "cr", "slug": "1057120664", "rank": 3}}, {"type": "Feature", "geometry": {"type": "Point", "coordinates": [99.58152, 20.25211]}, "properties": {"id": "cr-obec-1057120605", "name": "โรงเรียนบ้านห้วยหยวกป่าโซ", "nameTh": "โรงเรียนบ้านห้วยหยวกป่าโซ", "nameEn": null, "cat": ["school"], "province": "cr", "slug": "1057120605", "rank": 3}}, {"type": "Feature", "geometry": {"type": "Point", "coordinates": [100.4415, 19.88896]}, "properties": {"id": "cr-obec-1057120582", "name": "โรงเรียนบ้านห้วยหาน", "nameTh": "โรงเรียนบ้านห้วยหาน", "nameEn": null, "cat": ["school"], "province": "cr", "slug": "1057120582", "rank": 3}}, {"type": "Feature", "geometry": {"type": "Point", "coordinates": [99.40835, 19.30894]}, "properties": {"id": "cr-obec-1057120493", "name": "โรงเรียนบ้านห้วยหินลาดใน", "nameTh": "โรงเรียนบ้านห้วยหินลาดใน", "nameEn": null, "cat": ["school"], "province": "cr", "slug": "1057120493", "rank": 3}}, {"type": "Feature", "geometry": {"type": "Point", "coordinates": [100.26564, 19.87122]}, "properties": {"id": "cr-obec-1057120621", "name": "โรงเรียนบ้านห้วยห้อม'ราษฏร์สามัคคี'", "nameTh": "โรงเรียนบ้านห้วยห้อม'ราษฏร์สามัคคี'", "nameEn": null, "cat": ["school"], "province": "cr", "slug": "1057120621", "rank": 3}}, {"type": "Feature", "geometry": {"type": "Point", "coordinates": [100.09593, 20.01915]}, "properties": {"id": "cr-obec-1057120665", "name": "โรงเรียนบ้านห้วยห้างป่าสา", "nameTh": "โรงเรียนบ้านห้วยห้างป่าสา", "nameEn": null, "cat": ["school"], "province": "cr", "slug": "1057120665", "rank": 3}}, {"type": "Feature", "geometry": {"type": "Point", "coordinates": [99.64972, 20.26824]}, "properties": {"id": "cr-obec-1057120603", "name": "โรงเรียนบ้านห้วยอื้น", "nameTh": "โรงเรียนบ้านห้วยอื้น", "nameEn": null, "cat": ["school"], "province": "cr", "slug": "1057120603", "rank": 3}}, {"type": "Feature", "geometry": {"type": "Point", "coordinates": [100.08376, 20.28877]}, "properties": {"id": "cr-obec-1057120128", "name": "โรงเรียนบ้านห้วยเกี๋ยง", "nameTh": "โรงเรียนบ้านห้วยเกี๋ยง", "nameEn": null, "cat": ["school"], "province": "cr", "slug": "1057120128", "rank": 3}}, {"type": "Feature", "geometry": {"type": "Point", "coordinates": [100.3859, 20.2974]}, "properties": {"id": "cr-obec-1057120095", "name": "โรงเรียนบ้านห้วยเม็ง(ประสาทวิทย์)", "nameTh": "โรงเรียนบ้านห้วยเม็ง(ประสาทวิทย์)", "nameEn": null, "cat": ["school"], "province": "cr", "slug": "1057120095", "rank": 3}}, {"type": "Feature", "geometry": {"type": "Point", "coordinates": [100.48026, 20.18126]}, "properties": {"id": "cr-obec-1057120575", "name": "โรงเรียนบ้านห้วยเอียน", "nameTh": "โรงเรียนบ้านห้วยเอียน", "nameEn": null, "cat": ["school"], "province": "cr", "slug": "1057120575", "rank": 2}}, {"type": "Feature", "geometry": {"type": "Point", "coordinates": [99.45462, 19.59356]}, "properties": {"id": "cr-obec-1057120402", "name": "โรงเรียนบ้านห้วยเฮี้ย", "nameTh": "โรงเรียนบ้านห้วยเฮี้ย", "nameEn": null, "cat": ["school"], "province": "cr", "slug": "1057120402", "rank": 3}}, {"type": "Feature", "geometry": {"type": "Point", "coordinates": [99.72994, 19.98647]}, "properties": {"id": "cr-obec-1057120037", "name": "โรงเรียนบ้านห้วยแม่ซ้าย", "nameTh": "โรงเรียนบ้านห้วยแม่ซ้าย", "nameEn": null, "cat": ["school"], "province": "cr", "slug": "1057120037", "rank": 3}}, {"type": "Feature", "geometry": {"type": "Point", "coordinates": [99.7298, 19.9865]}, "properties": {"id": "cr-osm-node-3997535492", "name": "โรงเรียนบ้านห้วยแม่ซ้าย", "nameTh": "โรงเรียนบ้านห้วยแม่ซ้าย", "nameEn": "Ban Huaymaesai School", "cat": ["school"], "province": "cr", "slug": "ban-huaymaesai-school-3997535492", "rank": 2}}, {"type": "Feature", "geometry": {"type": "Point", "coordinates": [99.62252, 19.91939]}, "properties": {"id": "cr-obec-1057120055", "name": "โรงเรียนบ้านห้วยแม่เลี่ยม", "nameTh": "โรงเรียนบ้านห้วยแม่เลี่ยม", "nameEn": null, "cat": ["school"], "province": "cr", "slug": "1057120055", "rank": 3}}, {"type": "Feature", "geometry": {"type": "Point", "coordinates": [99.4382, 19.13048]}, "properties": {"id": "cr-obec-1057120506", "name": "โรงเรียนบ้านห้วยโป่ง", "nameTh": "โรงเรียนบ้านห้วยโป่ง", "nameEn": null, "cat": ["school"], "province": "cr", "slug": "1057120506", "rank": 3}}, {"type": "Feature", "geometry": {"type": "Point", "coordinates": [100.22812, 19.77654]}, "properties": {"id": "cr-obec-1057120622", "name": "โรงเรียนบ้านห้วยโป่ง", "nameTh": "โรงเรียนบ้านห้วยโป่ง", "nameEn": null, "cat": ["school"], "province": "cr", "slug": "1057120622", "rank": 3}}, {"type": "Feature", "geometry": {"type": "Point", "coordinates": [100.23233, 19.75115]}, "properties": {"id": "cr-obec-1057120168", "name": "โรงเรียนบ้านห้วยไคร้", "nameTh": "โรงเรียนบ้านห้วยไคร้", "nameEn": null, "cat": ["school"], "province": "cr", "slug": "1057120168", "rank": 3}}, {"type": "Feature", "geometry": {"type": "Point", "coordinates": [99.49933, 19.81753]}, "properties": {"id": "cr-obec-1057120426", "name": "โรงเรียนบ้านห้วยไคร้", "nameTh": "โรงเรียนบ้านห้วยไคร้", "nameEn": null, "cat": ["school"], "province": "cr", "slug": "1057120426", "rank": 3}}, {"type": "Feature", "geometry": {"type": "Point", "coordinates": [99.86178, 20.27652]}, "properties": {"id": "cr-obec-1057120458", "name": "โรงเรียนบ้านห้วยไคร้", "nameTh": "โรงเรียนบ้านห้วยไคร้", "nameEn": null, "cat": ["school"], "province": "cr", "slug": "1057120458", "rank": 3}}, {"type": "Feature", "geometry": {"type": "Point", "coordinates": [99.86178, 20.27615]}, "properties": {"id": "cr-osm-node-2174005761", "name": "โรงเรียนบ้านห้วยไคร้", "nameTh": "โรงเรียนบ้านห้วยไคร้", "nameEn": "Huai Khrai School", "cat": ["school"], "province": "cr", "slug": "huai-khrai-school-2174005761", "rank": 2}}, {"type": "Feature", "geometry": {"type": "Point", "coordinates": [100.23183, 19.75102]}, "properties": {"id": "cr-osm-node-2423422371", "name": "โรงเรียนบ้านห้วยไคร้", "nameTh": "โรงเรียนบ้านห้วยไคร้", "nameEn": "Ban Huaykrai School", "cat": ["school"], "province": "cr", "slug": "ban-huaykrai-school-2423422371", "rank": 2}}, {"type": "Feature", "geometry": {"type": "Point", "coordinates": [100.07394, 20.10635]}, "properties": {"id": "cr-obec-1057120671", "name": "โรงเรียนบ้านห้วยไร่", "nameTh": "โรงเรียนบ้านห้วยไร่", "nameEn": null, "cat": ["school"], "province": "cr", "slug": "1057120671", "rank": 3}}, {"type": "Feature", "geometry": {"type": "Point", "coordinates": [99.82866, 20.27031]}, "properties": {"id": "cr-obec-1057120591", "name": "โรงเรียนบ้านห้วยไร่สามัคคี", "nameTh": "โรงเรียนบ้านห้วยไร่สามัคคี", "nameEn": null, "cat": ["school"], "province": "cr", "slug": "1057120591", "rank": 3}}, {"type": "Feature", "geometry": {"type": "Point", "coordinates": [99.88905, 20.26084]}, "properties": {"id": "cr-obec-1057120460", "name": "โรงเรียนบ้านฮ่องแฮ่", "nameTh": "โรงเรียนบ้านฮ่องแฮ่", "nameEn": null, "cat": ["school"], "province": "cr", "slug": "1057120460", "rank": 3}}, {"type": "Feature", "geometry": {"type": "Point", "coordinates": [99.49905, 19.2907]}, "properties": {"id": "cr-obec-1057120485", "name": "โรงเรียนบ้านฮ่างต่ำ", "nameTh": "โรงเรียนบ้านฮ่างต่ำ", "nameEn": null, "cat": ["school"], "province": "cr", "slug": "1057120485", "rank": 2}}, {"type": "Feature", "geometry": {"type": "Point", "coordinates": [100.30482, 20.07047]}, "properties": {"id": "cr-obec-1057120121", "name": "โรงเรียนบ้านเกี๋ยง", "nameTh": "โรงเรียนบ้านเกี๋ยง", "nameEn": null, "cat": ["school"], "province": "cr", "slug": "1057120121", "rank": 3}}, {"type": "Feature", "geometry": {"type": "Point", "coordinates": [100.04721, 19.57805]}, "properties": {"id": "cr-obec-1057120213", "name": "โรงเรียนบ้านเกี๋ยง(คุรุราษฎร์วิทยา)", "nameTh": "โรงเรียนบ้านเกี๋ยง(คุรุราษฎร์วิทยา)", "nameEn": null, "cat": ["school"], "province": "cr", "slug": "1057120213", "rank": 3}}, {"type": "Feature", "geometry": {"type": "Point", "coordinates": [100.04115, 19.56704]}, "properties": {"id": "cr-obec-1057120216", "name": "โรงเรียนบ้านเกี๋ยงใต้", "nameTh": "โรงเรียนบ้านเกี๋ยงใต้", "nameEn": null, "cat": ["school"], "province": "cr", "slug": "1057120216", "rank": 3}}, {"type": "Feature", "geometry": {"type": "Point", "coordinates": [100.352, 20.14898]}, "properties": {"id": "cr-obec-1057120107", "name": "โรงเรียนบ้านเขียะ", "nameTh": "โรงเรียนบ้านเขียะ", "nameEn": null, "cat": ["school"], "province": "cr", "slug": "1057120107", "rank": 3}}, {"type": "Feature", "geometry": {"type": "Point", "coordinates": [99.77736, 19.60582]}, "properties": {"id": "cr-obec-1057120248", "name": "โรงเรียนบ้านเจริญเมือง", "nameTh": "โรงเรียนบ้านเจริญเมือง", "nameEn": null, "cat": ["school"], "province": "cr", "slug": "1057120248", "rank": 3}}, {"type": "Feature", "geometry": {"type": "Point", "coordinates": [100.39193, 20.20068]}, "properties": {"id": "cr-obec-1057120101", "name": "โรงเรียนบ้านเชียงคาน (ราษฎร์ประสานมิตร)", "nameTh": "โรงเรียนบ้านเชียงคาน (ราษฎร์ประสานมิตร)", "nameEn": null, "cat": ["school"], "province": "cr", "slug": "1057120101", "rank": 3}}, {"type": "Feature", "geometry": {"type": "Point", "coordinates": [99.99658, 19.61575]}, "properties": {"id": "cr-obec-1057120217", "name": "โรงเรียนบ้านเชียงเคี่ยน(คณาราษฎร์บำรุง)", "nameTh": "โรงเรียนบ้านเชียงเคี่ยน(คณาราษฎร์บำรุง)", "nameEn": null, "cat": ["school"], "province": "cr", "slug": "1057120217", "rank": 3}}, {"type": "Feature", "geometry": {"type": "Point", "coordinates": [99.50217, 19.37345]}, "properties": {"id": "cr-obec-1057120473", "name": "โรงเรียนบ้านเด่นศาลา", "nameTh": "โรงเรียนบ้านเด่นศาลา", "nameEn": null, "cat": ["school"], "province": "cr", "slug": "1057120473", "rank": 3}}, {"type": "Feature", "geometry": {"type": "Point", "coordinates": [99.50172, 19.37367]}, "properties": {"id": "cr-osm-node-2136711247", "name": "โรงเรียนบ้านเด่นศาลา", "nameTh": "โรงเรียนบ้านเด่นศาลา", "nameEn": "Ban Den Sala School", "cat": ["school"], "province": "cr", "slug": "ban-den-sala-school-2136711247", "rank": 2}}, {"type": "Feature", "geometry": {"type": "Point", "coordinates": [99.66224, 20.2415]}, "properties": {"id": "cr-obec-1057120595", "name": "โรงเรียนบ้านเทอดไทย", "nameTh": "โรงเรียนบ้านเทอดไทย", "nameEn": null, "cat": ["school"], "province": "cr", "slug": "1057120595", "rank": 3}}, {"type": "Feature", "geometry": {"type": "Point", "coordinates": [100.35434, 20.365]}, "properties": {"id": "cr-obec-1057120097", "name": "โรงเรียนบ้านเมืองกาญจน์", "nameTh": "โรงเรียนบ้านเมืองกาญจน์", "nameEn": null, "cat": ["school"], "province": "cr", "slug": "1057120097", "rank": 3}}, {"type": "Feature", "geometry": {"type": "Point", "coordinates": [100.35458, 20.36467]}, "properties": {"id": "cr-osm-node-6406114885", "name": "โรงเรียนบ้านเมืองกาญจน์", "nameTh": "โรงเรียนบ้านเมืองกาญจน์", "nameEn": "Ban Muangkarn School", "cat": ["school"], "province": "cr", "slug": "ban-muangkarn-school-6406114885", "rank": 2}}, {"type": "Feature", "geometry": {"type": "Point", "coordinates": [99.95104, 19.8925]}, "properties": {"id": "cr-obec-1057120519", "name": "โรงเรียนบ้านเมืองชุม", "nameTh": "โรงเรียนบ้านเมืองชุม", "nameEn": null, "cat": ["school"], "province": "cr", "slug": "1057120519", "rank": 3}}, {"type": "Feature", "geometry": {"type": "Point", "coordinates": [99.4681, 19.06811]}, "properties": {"id": "cr-obec-1057120504", "name": "โรงเรียนบ้านเมืองน้อย(นิมมานเหมินทานุสรณ์)", "nameTh": "โรงเรียนบ้านเมืองน้อย(นิมมานเหมินทานุสรณ์)", "nameEn": null, "cat": ["school"], "province": "cr", "slug": "1057120504", "rank": 3}}, {"type": "Feature", "geometry": {"type": "Point", "coordinates": [99.49912, 19.95969]}, "properties": {"id": "cr-obec-1057120417", "name": "โรงเรียนบ้านเลาลี", "nameTh": "โรงเรียนบ้านเลาลี", "nameEn": null, "cat": ["school"], "province": "cr", "slug": "1057120417", "rank": 3}}, {"type": "Feature", "geometry": {"type": "Point", "coordinates": [99.94948, 20.10025]}, "properties": {"id": "cr-obec-1057120050", "name": "โรงเรียนบ้านเวียงกลาง", "nameTh": "โรงเรียนบ้านเวียงกลาง", "nameEn": null, "cat": ["school"], "province": "cr", "slug": "1057120050", "rank": 3}}, {"type": "Feature", "geometry": {"type": "Point", "coordinates": [99.94394, 19.96125]}, "properties": {"id": "cr-obec-1057120016", "name": "โรงเรียนบ้านเวียงกือนา", "nameTh": "โรงเรียนบ้านเวียงกือนา", "nameEn": null, "cat": ["school"], "province": "cr", "slug": "1057120016", "rank": 3}}, {"type": "Feature", "geometry": {"type": "Point", "coordinates": [99.92534, 19.88389]}, "properties": {"id": "cr-obec-1057120514", "name": "โรงเรียนบ้านเวียงชัย", "nameTh": "โรงเรียนบ้านเวียงชัย", "nameEn": null, "cat": ["school"], "province": "cr", "slug": "1057120514", "rank": 3}}, {"type": "Feature", "geometry": {"type": "Point", "coordinates": [99.92547, 19.88414]}, "properties": {"id": "cr-osm-way-500412805", "name": "โรงเรียนบ้านเวียงชัย", "nameTh": "โรงเรียนบ้านเวียงชัย", "nameEn": "Ban Wiang Chai School", "cat": ["school"], "province": "cr", "slug": "ban-wiang-chai-school-500412805", "rank": 2}}, {"type": "Feature", "geometry": {"type": "Point", "coordinates": [99.88001, 20.43339]}, "properties": {"id": "cr-obec-1057120465", "name": "โรงเรียนบ้านเวียงพาน", "nameTh": "โรงเรียนบ้านเวียงพาน", "nameEn": null, "cat": ["school"], "province": "cr", "slug": "1057120465", "rank": 3}}, {"type": "Feature", "geometry": {"type": "Point", "coordinates": [100.29864, 20.11037]}, "properties": {"id": "cr-obec-1057120123", "name": "โรงเรียนบ้านเวียงหมอก", "nameTh": "โรงเรียนบ้านเวียงหมอก", "nameEn": null, "cat": ["school"], "province": "cr", "slug": "1057120123", "rank": 3}}, {"type": "Feature", "geometry": {"type": "Point", "coordinates": [100.22803, 19.88238]}, "properties": {"id": "cr-obec-1057120549", "name": "โรงเรียนบ้านเวียงหวาย", "nameTh": "โรงเรียนบ้านเวียงหวาย", "nameEn": null, "cat": ["school"], "province": "cr", "slug": "1057120549", "rank": 2}}, {"type": "Feature", "geometry": {"type": "Point", "coordinates": [100.22829, 19.88272]}, "properties": {"id": "cr-osm-node-2828560708", "name": "โรงเรียนบ้านเวียงหวาย", "nameTh": "โรงเรียนบ้านเวียงหวาย", "nameEn": null, "cat": ["school"], "province": "cr", "slug": "2828560708", "rank": 1}}, {"type": "Feature", "geometry": {"type": "Point", "coordinates": [99.94641, 19.94039]}, "properties": {"id": "cr-obec-1057120531", "name": "โรงเรียนบ้านเวียงเดิม", "nameTh": "โรงเรียนบ้านเวียงเดิม", "nameEn": null, "cat": ["school"], "province": "cr", "slug": "1057120531", "rank": 3}}, {"type": "Feature", "geometry": {"type": "Point", "coordinates": [100.02751, 20.37804]}, "properties": {"id": "cr-obec-1057120135", "name": "โรงเรียนบ้านเวียงแก้ว", "nameTh": "โรงเรียนบ้านเวียงแก้ว", "nameEn": null, "cat": ["school"], "province": "cr", "slug": "1057120135", "rank": 2}}, {"type": "Feature", "geometry": {"type": "Point", "coordinates": [100.02773, 20.37788]}, "properties": {"id": "cr-osm-node-13323496101", "name": "โรงเรียนบ้านเวียงแก้ว", "nameTh": "โรงเรียนบ้านเวียงแก้ว", "nameEn": "Viang Kaew school", "cat": ["school"], "province": "cr", "slug": "viang-kaew-school-13323496101", "rank": 2}}, {"type": "Feature", "geometry": {"type": "Point", "coordinates": [99.78973, 19.57388]}, "properties": {"id": "cr-obec-1057120261", "name": "โรงเรียนบ้านเหมืองง่า", "nameTh": "โรงเรียนบ้านเหมืองง่า", "nameEn": null, "cat": ["school"], "province": "cr", "slug": "1057120261", "rank": 3}}, {"type": "Feature", "geometry": {"type": "Point", "coordinates": [99.89395, 20.43743]}, "properties": {"id": "cr-obec-1057120432", "name": "โรงเรียนบ้านเหมืองแดง", "nameTh": "โรงเรียนบ้านเหมืองแดง", "nameEn": null, "cat": ["school"], "province": "cr", "slug": "1057120432", "rank": 3}}, {"type": "Feature", "geometry": {"type": "Point", "coordinates": [99.89377, 20.43739]}, "properties": {"id": "cr-osm-way-371233879", "name": "โรงเรียนบ้านเหมืองแดง", "nameTh": "โรงเรียนบ้านเหมืองแดง", "nameEn": "Ban Muang Daeng School", "cat": ["school"], "province": "cr", "slug": "ban-muang-daeng-school-371233879", "rank": 2}}, {"type": "Feature", "geometry": {"type": "Point", "coordinates": [99.94425, 20.42677]}, "properties": {"id": "cr-obec-1057120443", "name": "โรงเรียนบ้านเหมืองแดงน้อย", "nameTh": "โรงเรียนบ้านเหมืองแดงน้อย", "nameEn": null, "cat": ["school"], "province": "cr", "slug": "1057120443", "rank": 3}}, {"type": "Feature", "geometry": {"type": "Point", "coordinates": [100.29481, 20.04842]}, "properties": {"id": "cr-obec-1057120120", "name": "โรงเรียนบ้านแก่นวิทยา", "nameTh": "โรงเรียนบ้านแก่นวิทยา", "nameEn": null, "cat": ["school"], "province": "cr", "slug": "1057120120", "rank": 3}}, {"type": "Feature", "geometry": {"type": "Point", "coordinates": [100.50875, 20.14682]}, "properties": {"id": "cr-obec-1057120569", "name": "โรงเรียนบ้านแจมป๋อง", "nameTh": "โรงเรียนบ้านแจมป๋อง", "nameEn": null, "cat": ["school"], "province": "cr", "slug": "1057120569", "rank": 3}}, {"type": "Feature", "geometry": {"type": "Point", "coordinates": [100.22464, 20.28816]}, "properties": {"id": "cr-obec-1057120720", "name": "โรงเรียนบ้านแซววิทยาคม", "nameTh": "โรงเรียนบ้านแซววิทยาคม", "nameEn": null, "cat": ["school"], "province": "cr", "slug": "1057120720", "rank": 3}}, {"type": "Feature", "geometry": {"type": "Point", "coordinates": [100.37599, 19.84255]}, "properties": {"id": "cr-obec-1057120209", "name": "โรงเรียนบ้านแผ่นดินทอง", "nameTh": "โรงเรียนบ้านแผ่นดินทอง", "nameEn": null, "cat": ["school"], "province": "cr", "slug": "1057120209", "rank": 3}}, {"type": "Feature", "geometry": {"type": "Point", "coordinates": [99.73886, 19.85046]}, "properties": {"id": "cr-obec-1057120053", "name": "โรงเรียนบ้านแม่กรณ์", "nameTh": "โรงเรียนบ้านแม่กรณ์", "nameEn": null, "cat": ["school"], "province": "cr", "slug": "1057120053", "rank": 3}}, {"type": "Feature", "geometry": {"type": "Point", "coordinates": [99.73897, 19.84997]}, "properties": {"id": "cr-osm-way-643045525", "name": "โรงเรียนบ้านแม่กรณ์", "nameTh": "โรงเรียนบ้านแม่กรณ์", "nameEn": "Ban Maekorn School", "cat": ["school"], "province": "cr", "slug": "ban-maekorn-school-643045525", "rank": 2}}, {"type": "Feature", "geometry": {"type": "Point", "coordinates": [99.87537, 20.07116]}, "properties": {"id": "cr-obec-1057120030", "name": "โรงเรียนบ้านแม่ข้าวต้มท่าสุด", "nameTh": "โรงเรียนบ้านแม่ข้าวต้มท่าสุด", "nameEn": null, "cat": ["school"], "province": "cr", "slug": "1057120030", "rank": 3}}, {"type": "Feature", "geometry": {"type": "Point", "coordinates": [99.87483, 20.07126]}, "properties": {"id": "cr-osm-way-373429873", "name": "โรงเรียนบ้านแม่ข้าวต้มท่าสุด", "nameTh": "โรงเรียนบ้านแม่ข้าวต้มท่าสุด", "nameEn": "Ban Mae Khao Tom Tha Sut School", "cat": ["school"], "province": "cr", "slug": "ban-mae-khao-tom-tha-sut-school-373429873", "rank": 2}}, {"type": "Feature", "geometry": {"type": "Point", "coordinates": [99.70384, 19.58962]}, "properties": {"id": "cr-obec-1057120255", "name": "โรงเรียนบ้านแม่คาวหลวง", "nameTh": "โรงเรียนบ้านแม่คาวหลวง", "nameEn": null, "cat": ["school"], "province": "cr", "slug": "1057120255", "rank": 3}}, {"type": "Feature", "geometry": {"type": "Point", "coordinates": [100.2356, 20.29787]}, "properties": {"id": "cr-obec-1057120160", "name": "โรงเรียนบ้านแม่คำ", "nameTh": "โรงเรียนบ้านแม่คำ", "nameEn": null, "cat": ["school"], "province": "cr", "slug": "1057120160", "rank": 3}}, {"type": "Feature", "geometry": {"type": "Point", "coordinates": [100.00935, 20.30365]}, "properties": {"id": "cr-obec-1057120156", "name": "โรงเรียนบ้านแม่คำ(ธรรมาประชาสรรค์)", "nameTh": "โรงเรียนบ้านแม่คำ(ธรรมาประชาสรรค์)", "nameEn": null, "cat": ["school"], "province": "cr", "slug": "1057120156", "rank": 3}}, {"type": "Feature", "geometry": {"type": "Point", "coordinates": [99.85585, 20.23087]}, "properties": {"id": "cr-obec-1057120342", "name": "โรงเรียนบ้านแม่คำ(ประชานุเคราะห์)", "nameTh": "โรงเรียนบ้านแม่คำ(ประชานุเคราะห์)", "nameEn": null, "cat": ["school"], "province": "cr", "slug": "1057120342", "rank": 3}}, {"type": "Feature", "geometry": {"type": "Point", "coordinates": [99.85547, 20.23097]}, "properties": {"id": "cr-osm-way-373412095", "name": "โรงเรียนบ้านแม่คำ(ประชานุเคราะห์)", "nameTh": "โรงเรียนบ้านแม่คำ(ประชานุเคราะห์)", "nameEn": "Ban Mae Kham School", "cat": ["school"], "province": "cr", "slug": "ban-mae-kham-school-373412095", "rank": 2}}, {"type": "Feature", "geometry": {"type": "Point", "coordinates": [99.91095, 20.23999]}, "properties": {"id": "cr-obec-1057120360", "name": "โรงเรียนบ้านแม่คำฝั่งหมิ่น", "nameTh": "โรงเรียนบ้านแม่คำฝั่งหมิ่น", "nameEn": null, "cat": ["school"], "province": "cr", "slug": "1057120360", "rank": 3}}, {"type": "Feature", "geometry": {"type": "Point", "coordinates": [99.85816, 20.164]}, "properties": {"id": "cr-obec-1057120341", "name": "โรงเรียนบ้านแม่คี-หนองอ้อ", "nameTh": "โรงเรียนบ้านแม่คี-หนองอ้อ", "nameEn": null, "cat": ["school"], "province": "cr", "slug": "1057120341", "rank": 3}}, {"type": "Feature", "geometry": {"type": "Point", "coordinates": [99.85427, 20.14648]}, "properties": {"id": "cr-obec-1057120319", "name": "โรงเรียนบ้านแม่จัน(เชียงแสนประชานุสาสน์)", "nameTh": "โรงเรียนบ้านแม่จัน(เชียงแสนประชานุสาสน์)", "nameEn": null, "cat": ["school"], "province": "cr", "slug": "1057120319", "rank": 3}}, {"type": "Feature", "geometry": {"type": "Point", "coordinates": [99.43263, 19.70513]}, "properties": {"id": "cr-obec-1057120393", "name": "โรงเรียนบ้านแม่ตาช้าง", "nameTh": "โรงเรียนบ้านแม่ตาช้าง", "nameEn": null, "cat": ["school"], "province": "cr", "slug": "1057120393", "rank": 2}}, {"type": "Feature", "geometry": {"type": "Point", "coordinates": [99.57514, 19.54301]}, "properties": {"id": "cr-obec-1057120404", "name": "โรงเรียนบ้านแม่ตาแมว", "nameTh": "โรงเรียนบ้านแม่ตาแมว", "nameEn": null, "cat": ["school"], "province": "cr", "slug": "1057120404", "rank": 3}}, {"type": "Feature", "geometry": {"type": "Point", "coordinates": [99.47556, 19.49658]}, "properties": {"id": "cr-obec-1057120409", "name": "โรงเรียนบ้านแม่ต๋ำ", "nameTh": "โรงเรียนบ้านแม่ต๋ำ", "nameEn": null, "cat": ["school"], "province": "cr", "slug": "1057120409", "rank": 3}}, {"type": "Feature", "geometry": {"type": "Point", "coordinates": [99.47554, 19.49634]}, "properties": {"id": "cr-osm-node-2136784816", "name": "โรงเรียนบ้านแม่ต๋ำ", "nameTh": "โรงเรียนบ้านแม่ต๋ำ", "nameEn": "Maetam School", "cat": ["school"], "province": "cr", "slug": "maetam-school-2136784816", "rank": 2}}, {"type": "Feature", "geometry": {"type": "Point", "coordinates": [100.25115, 19.94445]}, "properties": {"id": "cr-obec-1057120555", "name": "โรงเรียนบ้านแม่ต๋ำกลาง", "nameTh": "โรงเรียนบ้านแม่ต๋ำกลาง", "nameEn": null, "cat": ["school"], "province": "cr", "slug": "1057120555", "rank": 3}}, {"type": "Feature", "geometry": {"type": "Point", "coordinates": [99.33514, 19.39012]}, "properties": {"id": "cr-obec-1057120490", "name": "โรงเรียนบ้านแม่ปูนหลวง", "nameTh": "โรงเรียนบ้านแม่ปูนหลวง", "nameEn": null, "cat": ["school"], "province": "cr", "slug": "1057120490", "rank": 3}}, {"type": "Feature", "geometry": {"type": "Point", "coordinates": [99.70563, 19.77942]}, "properties": {"id": "cr-obec-1057120649", "name": "โรงเรียนบ้านแม่ผง", "nameTh": "โรงเรียนบ้านแม่ผง", "nameEn": null, "cat": ["school"], "province": "cr", "slug": "1057120649", "rank": 3}}, {"type": "Feature", "geometry": {"type": "Point", "coordinates": [99.42478, 19.54077]}, "properties": {"id": "cr-obec-1057120407", "name": "โรงเรียนบ้านแม่ผักแหละ", "nameTh": "โรงเรียนบ้านแม่ผักแหละ", "nameEn": null, "cat": ["school"], "province": "cr", "slug": "1057120407", "rank": 3}}, {"type": "Feature", "geometry": {"type": "Point", "coordinates": [99.51842, 19.63893]}, "properties": {"id": "cr-osm-node-2138340668", "name": "โรงเรียนบ้านแม่พริก", "nameTh": "โรงเรียนบ้านแม่พริก", "nameEn": "Ban Mae Phrik School", "cat": ["school"], "province": "cr", "slug": "ban-mae-phrik-school-2138340668", "rank": 2}}, {"type": "Feature", "geometry": {"type": "Point", "coordinates": [99.51858, 19.63833]}, "properties": {"id": "cr-obec-1057120382", "name": "โรงเรียนบ้านแม่พริก(เมืองยศพิทยานุกุล)", "nameTh": "โรงเรียนบ้านแม่พริก(เมืองยศพิทยานุกุล)", "nameEn": null, "cat": ["school"], "province": "cr", "slug": "1057120382", "rank": 3}}, {"type": "Feature", "geometry": {"type": "Point", "coordinates": [100.01138, 19.53453]}, "properties": {"id": "cr-obec-1057120223", "name": "โรงเรียนบ้านแม่พุง", "nameTh": "โรงเรียนบ้านแม่พุง", "nameEn": null, "cat": ["school"], "province": "cr", "slug": "1057120223", "rank": 3}}, {"type": "Feature", "geometry": {"type": "Point", "coordinates": [100.06308, 19.59197]}, "properties": {"id": "cr-obec-1057120215", "name": "โรงเรียนบ้านแม่ลอยไร่", "nameTh": "โรงเรียนบ้านแม่ลอยไร่", "nameEn": null, "cat": ["school"], "province": "cr", "slug": "1057120215", "rank": 3}}, {"type": "Feature", "geometry": {"type": "Point", "coordinates": [100.01172, 20.16906]}, "properties": {"id": "cr-obec-1057120372", "name": "โรงเรียนบ้านแม่ลากเนินทอง", "nameTh": "โรงเรียนบ้านแม่ลากเนินทอง", "nameEn": null, "cat": ["school"], "province": "cr", "slug": "1057120372", "rank": 3}}, {"type": "Feature", "geometry": {"type": "Point", "coordinates": [99.79929, 20.20282]}, "properties": {"id": "cr-obec-1057120333", "name": "โรงเรียนบ้านแม่สลองใน", "nameTh": "โรงเรียนบ้านแม่สลองใน", "nameEn": null, "cat": ["school"], "province": "cr", "slug": "1057120333", "rank": 3}}, {"type": "Feature", "geometry": {"type": "Point", "coordinates": [99.63406, 20.32762]}, "properties": {"id": "cr-obec-1057120597", "name": "โรงเรียนบ้านแม่หม้อ", "nameTh": "โรงเรียนบ้านแม่หม้อ", "nameEn": null, "cat": ["school"], "province": "cr", "slug": "1057120597", "rank": 2}}, {"type": "Feature", "geometry": {"type": "Point", "coordinates": [99.97937, 20.16065]}, "properties": {"id": "cr-osm-way-1015836213", "name": "โรงเรียนบ้านแม่หะป่าไร่", "nameTh": "โรงเรียนบ้านแม่หะป่าไร่", "nameEn": "Ban Mae Ha Rai School", "cat": ["school"], "province": "cr", "slug": "ban-mae-ha-rai-school-1015836213", "rank": 2}}, {"type": "Feature", "geometry": {"type": "Point", "coordinates": [99.97943, 20.16067]}, "properties": {"id": "cr-obec-1057120369", "name": "โรงเรียนบ้านแม่หะป่าไร่ศรียางชุม", "nameTh": "โรงเรียนบ้านแม่หะป่าไร่ศรียางชุม", "nameEn": null, "cat": ["school"], "province": "cr", "slug": "1057120369", "rank": 3}}, {"type": "Feature", "geometry": {"type": "Point", "coordinates": [99.86258, 19.68803]}, "properties": {"id": "cr-obec-1057120300", "name": "โรงเรียนบ้านแม่อ้อ", "nameTh": "โรงเรียนบ้านแม่อ้อ", "nameEn": null, "cat": ["school"], "province": "cr", "slug": "1057120300", "rank": 3}}, {"type": "Feature", "geometry": {"type": "Point", "coordinates": [99.86246, 19.68854]}, "properties": {"id": "cr-osm-way-760080773", "name": "โรงเรียนบ้านแม่อ้อ", "nameTh": "โรงเรียนบ้านแม่อ้อ", "nameEn": "Ban Mae Ao School", "cat": ["school"], "province": "cr", "slug": "ban-mae-ao-school-760080773", "rank": 2}}, {"type": "Feature", "geometry": {"type": "Point", "coordinates": [99.85843, 19.67269]}, "properties": {"id": "cr-obec-1057120299", "name": "โรงเรียนบ้านแม่อ้อนอก", "nameTh": "โรงเรียนบ้านแม่อ้อนอก", "nameEn": null, "cat": ["school"], "province": "cr", "slug": "1057120299", "rank": 3}}, {"type": "Feature", "geometry": {"type": "Point", "coordinates": [99.50488, 19.18179]}, "properties": {"id": "cr-obec-1057120500", "name": "โรงเรียนบ้านแม่เจดีย์", "nameTh": "โรงเรียนบ้านแม่เจดีย์", "nameEn": null, "cat": ["school"], "province": "cr", "slug": "1057120500", "rank": 3}}, {"type": "Feature", "geometry": {"type": "Point", "coordinates": [99.50471, 19.18176]}, "properties": {"id": "cr-osm-way-551176159", "name": "โรงเรียนบ้านแม่เจดีย์", "nameTh": "โรงเรียนบ้านแม่เจดีย์", "nameEn": "Ban Mae Chedi School", "cat": ["school"], "province": "cr", "slug": "ban-mae-chedi-school-551176159", "rank": 2}}, {"type": "Feature", "geometry": {"type": "Point", "coordinates": [99.59778, 20.14044]}, "properties": {"id": "cr-obec-1057120617", "name": "โรงเรียนบ้านแม่เต๋อ", "nameTh": "โรงเรียนบ้านแม่เต๋อ", "nameEn": null, "cat": ["school"], "province": "cr", "slug": "1057120617", "rank": 2}}, {"type": "Feature", "geometry": {"type": "Point", "coordinates": [100.10864, 19.90763]}, "properties": {"id": "cr-obec-1057120545", "name": "โรงเรียนบ้านแม่เปา", "nameTh": "โรงเรียนบ้านแม่เปา", "nameEn": null, "cat": ["school"], "province": "cr", "slug": "1057120545", "rank": 3}}, {"type": "Feature", "geometry": {"type": "Point", "coordinates": [100.10882, 19.90765]}, "properties": {"id": "cr-osm-node-2318190257", "name": "โรงเรียนบ้านแม่เปา", "nameTh": "โรงเรียนบ้านแม่เปา", "nameEn": null, "cat": ["school"], "province": "cr", "slug": "2318190257", "rank": 1}}, {"type": "Feature", "geometry": {"type": "Point", "coordinates": [99.83802, 19.6507]}, "properties": {"id": "cr-obec-1057120295", "name": "โรงเรียนบ้านแม่แก้วเด่นชัย", "nameTh": "โรงเรียนบ้านแม่แก้วเด่นชัย", "nameEn": null, "cat": ["school"], "province": "cr", "slug": "1057120295", "rank": 3}}, {"type": "Feature", "geometry": {"type": "Point", "coordinates": [99.83582, 19.66139]}, "properties": {"id": "cr-obec-1057120296", "name": "โรงเรียนบ้านแม่แก้วเหนือ", "nameTh": "โรงเรียนบ้านแม่แก้วเหนือ", "nameEn": null, "cat": ["school"], "province": "cr", "slug": "1057120296", "rank": 3}}, {"type": "Feature", "geometry": {"type": "Point", "coordinates": [99.86055, 19.6493]}, "properties": {"id": "cr-obec-1057120298", "name": "โรงเรียนบ้านแม่แก้วใต้", "nameTh": "โรงเรียนบ้านแม่แก้วใต้", "nameEn": null, "cat": ["school"], "province": "cr", "slug": "1057120298", "rank": 2}}, {"type": "Feature", "geometry": {"type": "Point", "coordinates": [99.99117, 20.10906]}, "properties": {"id": "cr-obec-1057120370", "name": "โรงเรียนบ้านแม่แพง", "nameTh": "โรงเรียนบ้านแม่แพง", "nameEn": null, "cat": ["school"], "province": "cr", "slug": "1057120370", "rank": 3}}, {"type": "Feature", "geometry": {"type": "Point", "coordinates": [99.45512, 19.95611]}, "properties": {"id": "cr-obec-1057120419", "name": "โรงเรียนบ้านแม่โมงเย้า", "nameTh": "โรงเรียนบ้านแม่โมงเย้า", "nameEn": null, "cat": ["school"], "province": "cr", "slug": "1057120419", "rank": 3}}, {"type": "Feature", "geometry": {"type": "Point", "coordinates": [99.5244, 19.73064]}, "properties": {"id": "cr-obec-1057120421", "name": "โรงเรียนบ้านแสนเจริญ", "nameTh": "โรงเรียนบ้านแสนเจริญ", "nameEn": null, "cat": ["school"], "province": "cr", "slug": "1057120421", "rank": 3}}, {"type": "Feature", "geometry": {"type": "Point", "coordinates": [99.88749, 20.16254]}, "properties": {"id": "cr-obec-1057120353", "name": "โรงเรียนบ้านแหลว-นาล้อม", "nameTh": "โรงเรียนบ้านแหลว-นาล้อม", "nameEn": null, "cat": ["school"], "province": "cr", "slug": "1057120353", "rank": 3}}, {"type": "Feature", "geometry": {"type": "Point", "coordinates": [99.97179, 19.49639]}, "properties": {"id": "cr-obec-1057120225", "name": "โรงเรียนบ้านโป่ง", "nameTh": "โรงเรียนบ้านโป่ง", "nameEn": null, "cat": ["school"], "province": "cr", "slug": "1057120225", "rank": 3}}, {"type": "Feature", "geometry": {"type": "Point", "coordinates": [99.88146, 20.31267]}, "properties": {"id": "cr-obec-1057120450", "name": "โรงเรียนบ้านโป่ง", "nameTh": "โรงเรียนบ้านโป่ง", "nameEn": null, "cat": ["school"], "province": "cr", "slug": "1057120450", "rank": 3}}, {"type": "Feature", "geometry": {"type": "Point", "coordinates": [100.066, 20.01454]}, "properties": {"id": "cr-obec-1057120658", "name": "โรงเรียนบ้านโป่ง", "nameTh": "โรงเรียนบ้านโป่ง", "nameEn": null, "cat": ["school"], "province": "cr", "slug": "1057120658", "rank": 3}}, {"type": "Feature", "geometry": {"type": "Point", "coordinates": [99.8813, 20.31303]}, "properties": {"id": "cr-osm-node-2174067529", "name": "โรงเรียนบ้านโป่ง", "nameTh": "โรงเรียนบ้านโป่ง", "nameEn": "Ban Pong School", "cat": ["school"], "province": "cr", "slug": "ban-pong-school-2174067529", "rank": 2}}, {"type": "Feature", "geometry": {"type": "Point", "coordinates": [99.94808, 19.64845]}, "properties": {"id": "cr-obec-1057120084", "name": "โรงเรียนบ้านโป่งช้าง", "nameTh": "โรงเรียนบ้านโป่งช้าง", "nameEn": null, "cat": ["school"], "province": "cr", "slug": "1057120084", "rank": 3}}, {"type": "Feature", "geometry": {"type": "Point", "coordinates": [99.49268, 19.42804]}, "properties": {"id": "cr-obec-1057120480", "name": "โรงเรียนบ้านโป่งนก", "nameTh": "โรงเรียนบ้านโป่งนก", "nameEn": null, "cat": ["school"], "province": "cr", "slug": "1057120480", "rank": 3}}, {"type": "Feature", "geometry": {"type": "Point", "coordinates": [99.72241, 19.94791]}, "properties": {"id": "cr-obec-1057120042", "name": "โรงเรียนบ้านโป่งนาคำ", "nameTh": "โรงเรียนบ้านโป่งนาคำ", "nameEn": null, "cat": ["school"], "province": "cr", "slug": "1057120042", "rank": 3}}, {"type": "Feature", "geometry": {"type": "Point", "coordinates": [99.82179, 19.99966]}, "properties": {"id": "cr-obec-1057120023", "name": "โรงเรียนบ้านโป่งน้ำตก", "nameTh": "โรงเรียนบ้านโป่งน้ำตก", "nameEn": null, "cat": ["school"], "province": "cr", "slug": "1057120023", "rank": 3}}, {"type": "Feature", "geometry": {"type": "Point", "coordinates": [99.68942, 19.93684]}, "properties": {"id": "cr-obec-1057120060", "name": "โรงเรียนบ้านโป่งน้ำร้อน", "nameTh": "โรงเรียนบ้านโป่งน้ำร้อน", "nameEn": null, "cat": ["school"], "province": "cr", "slug": "1057120060", "rank": 3}}, {"type": "Feature", "geometry": {"type": "Point", "coordinates": [99.79355, 20.11687]}, "properties": {"id": "cr-obec-1057120326", "name": "โรงเรียนบ้านโป่งน้ำร้อน", "nameTh": "โรงเรียนบ้านโป่งน้ำร้อน", "nameEn": null, "cat": ["school"], "province": "cr", "slug": "1057120326", "rank": 3}}, {"type": "Feature", "geometry": {"type": "Point", "coordinates": [99.68647, 19.93272]}, "properties": {"id": "cr-osm-way-642864326", "name": "โรงเรียนบ้านโป่งน้ำร้อน", "nameTh": "โรงเรียนบ้านโป่งน้ำร้อน", "nameEn": "Ban Pongnamron School", "cat": ["school"], "province": "cr", "slug": "ban-pongnamron-school-642864326", "rank": 2}}, {"type": "Feature", "geometry": {"type": "Point", "coordinates": [99.54097, 19.6585]}, "properties": {"id": "cr-obec-1057120377", "name": "โรงเรียนบ้านโป่งปูเฟือง", "nameTh": "โรงเรียนบ้านโป่งปูเฟือง", "nameEn": null, "cat": ["school"], "province": "cr", "slug": "1057120377", "rank": 3}}, {"type": "Feature", "geometry": {"type": "Point", "coordinates": [99.58949, 19.71029]}, "properties": {"id": "cr-osm-node-2138363590", "name": "โรงเรียนบ้านโป่งปูเฟือง", "nameTh": "โรงเรียนบ้านโป่งปูเฟือง", "nameEn": "Ban Pong Pu Fueang School", "cat": ["school"], "province": "cr", "slug": "ban-pong-pu-fueang-school-2138363590", "rank": 2}}, {"type": "Feature", "geometry": {"type": "Point", "coordinates": [99.8465, 19.98345]}, "properties": {"id": "cr-obec-1057120022", "name": "โรงเรียนบ้านโป่งพระบาท", "nameTh": "โรงเรียนบ้านโป่งพระบาท", "nameEn": null, "cat": ["school"], "province": "cr", "slug": "1057120022", "rank": 3}}, {"type": "Feature", "geometry": {"type": "Point", "coordinates": [99.71967, 19.79555]}, "properties": {"id": "cr-obec-1057120648", "name": "โรงเรียนบ้านโป่งมอญ", "nameTh": "โรงเรียนบ้านโป่งมอญ", "nameEn": null, "cat": ["school"], "province": "cr", "slug": "1057120648", "rank": 3}}, {"type": "Feature", "geometry": {"type": "Point", "coordinates": [99.90319, 19.79904]}, "properties": {"id": "cr-obec-1057120079", "name": "โรงเรียนบ้านโป่งฮึ้ง", "nameTh": "โรงเรียนบ้านโป่งฮึ้ง", "nameEn": null, "cat": ["school"], "province": "cr", "slug": "1057120079", "rank": 3}}, {"type": "Feature", "geometry": {"type": "Point", "coordinates": [99.92189, 19.69111]}, "properties": {"id": "cr-obec-1057120083", "name": "โรงเรียนบ้านโป่งเกลือ", "nameTh": "โรงเรียนบ้านโป่งเกลือ", "nameEn": null, "cat": ["school"], "province": "cr", "slug": "1057120083", "rank": 3}}, {"type": "Feature", "geometry": {"type": "Point", "coordinates": [99.50101, 19.31905]}, "properties": {"id": "cr-obec-1057120483", "name": "โรงเรียนบ้านโป่งเทวี", "nameTh": "โรงเรียนบ้านโป่งเทวี", "nameEn": null, "cat": ["school"], "province": "cr", "slug": "1057120483", "rank": 3}}, {"type": "Feature", "geometry": {"type": "Point", "coordinates": [99.50145, 19.41979]}, "properties": {"id": "cr-obec-1057120470", "name": "โรงเรียนบ้านโป่งเหนือ", "nameTh": "โรงเรียนบ้านโป่งเหนือ", "nameEn": null, "cat": ["school"], "province": "cr", "slug": "1057120470", "rank": 3}}, {"type": "Feature", "geometry": {"type": "Point", "coordinates": [99.73933, 19.65063]}, "properties": {"id": "cr-obec-1057120245", "name": "โรงเรียนบ้านโป่งแดง", "nameTh": "โรงเรียนบ้านโป่งแดง", "nameEn": null, "cat": ["school"], "province": "cr", "slug": "1057120245", "rank": 3}}, {"type": "Feature", "geometry": {"type": "Point", "coordinates": [99.96587, 19.66398]}, "properties": {"id": "cr-obec-1057120086", "name": "โรงเรียนบ้านโล๊ะป่าตุ้ม", "nameTh": "โรงเรียนบ้านโล๊ะป่าตุ้ม", "nameEn": null, "cat": ["school"], "province": "cr", "slug": "1057120086", "rank": 3}}, {"type": "Feature", "geometry": {"type": "Point", "coordinates": [99.971, 20.08927]}, "properties": {"id": "cr-obec-1057120049", "name": "โรงเรียนบ้านโล๊ะป่าห้า", "nameTh": "โรงเรียนบ้านโล๊ะป่าห้า", "nameEn": null, "cat": ["school"], "province": "cr", "slug": "1057120049", "rank": 3}}, {"type": "Feature", "geometry": {"type": "Point", "coordinates": [100.49389, 20.02711]}, "properties": {"id": "cr-obec-1057120577", "name": "โรงเรียนบ้านโล๊ะวังผา", "nameTh": "โรงเรียนบ้านโล๊ะวังผา", "nameEn": null, "cat": ["school"], "province": "cr", "slug": "1057120577", "rank": 3}}, {"type": "Feature", "geometry": {"type": "Point", "coordinates": [99.51336, 19.1702]}, "properties": {"id": "cr-obec-1057120501", "name": "โรงเรียนบ้านโฮ่ง", "nameTh": "โรงเรียนบ้านโฮ่ง", "nameEn": null, "cat": ["school"], "province": "cr", "slug": "1057120501", "rank": 3}}, {"type": "Feature", "geometry": {"type": "Point", "coordinates": [100.20999, 19.67855]}, "properties": {"id": "cr-obec-1057120165", "name": "โรงเรียนบ้านใหม่", "nameTh": "โรงเรียนบ้านใหม่", "nameEn": null, "cat": ["school"], "province": "cr", "slug": "1057120165", "rank": 3}}, {"type": "Feature", "geometry": {"type": "Point", "coordinates": [100.21001, 19.67893]}, "properties": {"id": "cr-osm-node-2423373431", "name": "โรงเรียนบ้านใหม่", "nameTh": "โรงเรียนบ้านใหม่", "nameEn": "Ban Mai School", "cat": ["school"], "province": "cr", "slug": "ban-mai-school-2423373431", "rank": 2}}, {"type": "Feature", "geometry": {"type": "Point", "coordinates": [99.80833, 19.5811]}, "properties": {"id": "cr-obec-1057120306", "name": "โรงเรียนบ้านใหม่ท่าต้นเกี๋ยง", "nameTh": "โรงเรียนบ้านใหม่ท่าต้นเกี๋ยง", "nameEn": null, "cat": ["school"], "province": "cr", "slug": "1057120306", "rank": 3}}, {"type": "Feature", "geometry": {"type": "Point", "coordinates": [99.95269, 19.55378]}, "properties": {"id": "cr-obec-1057120230", "name": "โรงเรียนบ้านใหม่พัฒนา", "nameTh": "โรงเรียนบ้านใหม่พัฒนา", "nameEn": null, "cat": ["school"], "province": "cr", "slug": "1057120230", "rank": 2}}, {"type": "Feature", "geometry": {"type": "Point", "coordinates": [100.13747, 20.19905]}, "properties": {"id": "cr-obec-1057120678", "name": "โรงเรียนบ้านใหม่พัฒนา", "nameTh": "โรงเรียนบ้านใหม่พัฒนา", "nameEn": null, "cat": ["school"], "province": "cr", "slug": "1057120678", "rank": 3}}, {"type": "Feature", "geometry": {"type": "Point", "coordinates": [99.64454, 20.17189]}, "properties": {"id": "cr-obec-1057120613", "name": "โรงเรียนบ้านใหม่สันติ", "nameTh": "โรงเรียนบ้านใหม่สันติ", "nameEn": null, "cat": ["school"], "province": "cr", "slug": "1057120613", "rank": 3}}, {"type": "Feature", "geometry": {"type": "Point", "coordinates": [99.8244, 20.18561]}, "properties": {"id": "cr-obec-1057120339", "name": "โรงเรียนบ้านใหม่สามัคคี", "nameTh": "โรงเรียนบ้านใหม่สามัคคี", "nameEn": null, "cat": ["school"], "province": "cr", "slug": "1057120339", "rank": 3}}, {"type": "Feature", "geometry": {"type": "Point", "coordinates": [100.16846, 19.99597]}, "properties": {"id": "cr-obec-1057120560", "name": "โรงเรียนบ้านใหม่สุขสันต์", "nameTh": "โรงเรียนบ้านใหม่สุขสันต์", "nameEn": null, "cat": ["school"], "province": "cr", "slug": "1057120560", "rank": 3}}, {"type": "Feature", "geometry": {"type": "Point", "coordinates": [99.42866, 19.57807]}, "properties": {"id": "cr-obec-1057120403", "name": "โรงเรียนบ้านใหม่แม่ยางมิ้น", "nameTh": "โรงเรียนบ้านใหม่แม่ยางมิ้น", "nameEn": null, "cat": ["school"], "province": "cr", "slug": "1057120403", "rank": 3}}, {"type": "Feature", "geometry": {"type": "Point", "coordinates": [100.23676, 19.97116]}, "properties": {"id": "cr-obec-1057120558", "name": "โรงเรียนบ้านใหม่โชคชัย", "nameTh": "โรงเรียนบ้านใหม่โชคชัย", "nameEn": null, "cat": ["school"], "province": "cr", "slug": "1057120558", "rank": 3}}, {"type": "Feature", "geometry": {"type": "Point", "coordinates": [100.52574, 20.07524]}, "properties": {"id": "cr-obec-1057120572", "name": "โรงเรียนบ้านไทยสมบูรณ์", "nameTh": "โรงเรียนบ้านไทยสมบูรณ์", "nameEn": null, "cat": ["school"], "province": "cr", "slug": "1057120572", "rank": 3}}, {"type": "Feature", "geometry": {"type": "Point", "coordinates": [100.04742, 20.12341]}, "properties": {"id": "cr-obec-1057120674", "name": "โรงเรียนบ้านไทรทอง", "nameTh": "โรงเรียนบ้านไทรทอง", "nameEn": null, "cat": ["school"], "province": "cr", "slug": "1057120674", "rank": 3}}, {"type": "Feature", "geometry": {"type": "Point", "coordinates": [100.10924, 19.73283]}, "properties": {"id": "cr-obec-1057120563", "name": "โรงเรียนบ้านไม้ยามิตรภาพที่168", "nameTh": "โรงเรียนบ้านไม้ยามิตรภาพที่168", "nameEn": null, "cat": ["school"], "province": "cr", "slug": "168-1057120563", "rank": 3}}, {"type": "Feature", "geometry": {"type": "Point", "coordinates": [100.2592, 20.2871]}, "properties": {"id": "cr-obec-1057120161", "name": "โรงเรียนบ้านไร่", "nameTh": "โรงเรียนบ้านไร่", "nameEn": null, "cat": ["school"], "province": "cr", "slug": "1057120161", "rank": 3}}, {"type": "Feature", "geometry": {"type": "Point", "coordinates": [99.76973, 20.11277]}, "properties": {"id": "cr-obec-1057120328", "name": "โรงเรียนประชารัฐพัฒนา", "nameTh": "โรงเรียนประชารัฐพัฒนา", "nameEn": null, "cat": ["school"], "province": "cr", "slug": "1057120328", "rank": 3}}, {"type": "Feature", "geometry": {"type": "Point", "coordinates": [99.76963, 20.11274]}, "properties": {"id": "cr-osm-node-2148615755", "name": "โรงเรียนประชารัฐพัฒนา", "nameTh": "โรงเรียนประชารัฐพัฒนา", "nameEn": null, "cat": ["school"], "province": "cr", "slug": "2148615755", "rank": 1}}, {"type": "Feature", "geometry": {"type": "Point", "coordinates": [99.85592, 20.22264]}, "properties": {"id": "cr-osm-node-6556739485", "name": "โรงเรียนปริยัคิวัดแม่คำวิทยา", "nameTh": "โรงเรียนปริยัคิวัดแม่คำวิทยา", "nameEn": null, "cat": ["school"], "province": "cr", "slug": "6556739485", "rank": 1}}, {"type": "Feature", "geometry": {"type": "Point", "coordinates": [100.09902, 19.66509]}, "properties": {"id": "cr-obec-1057120709", "name": "โรงเรียนปล้องวิทยาคม", "nameTh": "โรงเรียนปล้องวิทยาคม", "nameEn": null, "cat": ["school"], "province": "cr", "slug": "1057120709", "rank": 3}}, {"type": "Feature", "geometry": {"type": "Point", "coordinates": [100.48972, 20.01737]}, "properties": {"id": "cr-obec-1057120576", "name": "โรงเรียนปอวิทยา", "nameTh": "โรงเรียนปอวิทยา", "nameEn": null, "cat": ["school"], "province": "cr", "slug": "1057120576", "rank": 3}}, {"type": "Feature", "geometry": {"type": "Point", "coordinates": [100.48719, 20.01914]}, "properties": {"id": "cr-osm-node-6418673785", "name": "โรงเรียนปอวิทยา", "nameTh": "โรงเรียนปอวิทยา", "nameEn": "Por wittaya School", "cat": ["school"], "province": "cr", "slug": "por-wittaya-school-6418673785", "rank": 2}}, {"type": "Feature", "geometry": {"type": "Point", "coordinates": [99.33678, 19.12818]}, "properties": {"id": "cr-obec-1057120513", "name": "โรงเรียนปางมะกาดวิทยา", "nameTh": "โรงเรียนปางมะกาดวิทยา", "nameEn": null, "cat": ["school"], "province": "cr", "slug": "1057120513", "rank": 3}}, {"type": "Feature", "geometry": {"type": "Point", "coordinates": [100.46694, 19.98747]}, "properties": {"id": "cr-obec-1057120580", "name": "โรงเรียนปางหัดสหศาสตร์", "nameTh": "โรงเรียนปางหัดสหศาสตร์", "nameEn": null, "cat": ["school"], "province": "cr", "slug": "1057120580", "rank": 3}}, {"type": "Feature", "geometry": {"type": "Point", "coordinates": [100.46682, 19.98781]}, "properties": {"id": "cr-osm-node-6418673787", "name": "โรงเรียนปางหัดสหศาสตร์", "nameTh": "โรงเรียนปางหัดสหศาสตร์", "nameEn": "Panghud Sahasart School", "cat": ["school"], "province": "cr", "slug": "panghud-sahasart-school-6418673787", "rank": 2}}, {"type": "Feature", "geometry": {"type": "Point", "coordinates": [99.83257, 19.92386]}, "properties": {"id": "cr-osm-way-1233757594", "name": "โรงเรียนปิติศึกษา", "nameTh": "โรงเรียนปิติศึกษา", "nameEn": "Pitisuksa School", "cat": ["school"], "province": "cr", "slug": "pitisuksa-school-1233757594", "rank": 2}}, {"type": "Feature", "geometry": {"type": "Point", "coordinates": [99.75414, 19.46663]}, "properties": {"id": "cr-obec-1057120275", "name": "โรงเรียนปูแกง(อินทราราษฎร์อุปถัมภ์)", "nameTh": "โรงเรียนปูแกง(อินทราราษฎร์อุปถัมภ์)", "nameEn": null, "cat": ["school"], "province": "cr", "slug": "1057120275", "rank": 3}}, {"type": "Feature", "geometry": {"type": "Point", "coordinates": [99.51131, 19.29634]}, "properties": {"id": "cr-obec-1057120488", "name": "โรงเรียนป่างิ้ววิทยา", "nameTh": "โรงเรียนป่างิ้ววิทยา", "nameEn": null, "cat": ["school"], "province": "cr", "slug": "1057120488", "rank": 3}}, {"type": "Feature", "geometry": {"type": "Point", "coordinates": [99.51135, 19.29668]}, "properties": {"id": "cr-osm-node-2128208859", "name": "โรงเรียนป่างิ้ววิทยา", "nameTh": "โรงเรียนป่างิ้ววิทยา", "nameEn": "Pa Ngio School", "cat": ["school"], "province": "cr", "slug": "pa-ngio-school-2128208859", "rank": 2}}, {"type": "Feature", "geometry": {"type": "Point", "coordinates": [99.50988, 19.60632]}, "properties": {"id": "cr-osm-node-2138306717", "name": "โรงเรียนป่าตึงงาม", "nameTh": "โรงเรียนป่าตึงงาม", "nameEn": "Pa Tueng Ngam School", "cat": ["school"], "province": "cr", "slug": "pa-tueng-ngam-school-2138306717", "rank": 2}}, {"type": "Feature", "geometry": {"type": "Point", "coordinates": [100.16973, 20.23094]}, "properties": {"id": "cr-obec-1057120145", "name": "โรงเรียนป่าตึงพิทยานุกูล", "nameTh": "โรงเรียนป่าตึงพิทยานุกูล", "nameEn": null, "cat": ["school"], "province": "cr", "slug": "1057120145", "rank": 3}}, {"type": "Feature", "geometry": {"type": "Point", "coordinates": [100.16939, 20.23092]}, "properties": {"id": "cr-osm-way-1233206060", "name": "โรงเรียนป่าตึงพิทยานุกูล", "nameTh": "โรงเรียนป่าตึงพิทยานุกูล", "nameEn": "Patuengphittayanukun School", "cat": ["school"], "province": "cr", "slug": "patuengphittayanukun-school-1233206060", "rank": 3}}, {"type": "Feature", "geometry": {"type": "Point", "coordinates": [99.96983, 19.55559]}, "properties": {"id": "cr-obec-1057120228", "name": "โรงเรียนป่าแงะวิทยา", "nameTh": "โรงเรียนป่าแงะวิทยา", "nameEn": null, "cat": ["school"], "province": "cr", "slug": "1057120228", "rank": 3}}, {"type": "Feature", "geometry": {"type": "Point", "coordinates": [99.77335, 19.53498]}, "properties": {"id": "cr-obec-1057120313", "name": "โรงเรียนป่าแดงวิทยา", "nameTh": "โรงเรียนป่าแดงวิทยา", "nameEn": null, "cat": ["school"], "province": "cr", "slug": "1057120313", "rank": 3}}, {"type": "Feature", "geometry": {"type": "Point", "coordinates": [100.3129, 19.93587]}, "properties": {"id": "cr-osm-node-2423447888", "name": "โรงเรียนป่าแดงห้วยหลวง", "nameTh": "โรงเรียนป่าแดงห้วยหลวง", "nameEn": "Padaeng Huai Luang School", "cat": ["school"], "province": "cr", "slug": "padaeng-huai-luang-school-2423447888", "rank": 2}}, {"type": "Feature", "geometry": {"type": "Point", "coordinates": [99.99792, 19.50686]}, "properties": {"id": "cr-obec-1057120715", "name": "โรงเรียนป่าแดดวิทยาคม", "nameTh": "โรงเรียนป่าแดดวิทยาคม", "nameEn": null, "cat": ["school"], "province": "cr", "slug": "1057120715", "rank": 3}}, {"type": "Feature", "geometry": {"type": "Point", "coordinates": [99.60668, 20.01945]}, "properties": {"id": "cr-obec-1057120041", "name": "โรงเรียนผาขวางวิทยา", "nameTh": "โรงเรียนผาขวางวิทยา", "nameEn": null, "cat": ["school"], "province": "cr", "slug": "1057120041", "rank": 3}}, {"type": "Feature", "geometry": {"type": "Point", "coordinates": [99.60415, 20.02127]}, "properties": {"id": "cr-osm-node-7477545485", "name": "โรงเรียนผาขวางวิทยา", "nameTh": "โรงเรียนผาขวางวิทยา", "nameEn": "Pha Kwang Wittaya school", "cat": ["school"], "province": "cr", "slug": "pha-kwang-wittaya-school-7477545485", "rank": 2}}, {"type": "Feature", "geometry": {"type": "Point", "coordinates": [99.6573, 19.9753]}, "properties": {"id": "cr-obec-1057120692", "name": "โรงเรียนผาขวางวิทยาสาขาบ้านแคววัวดำ", "nameTh": "โรงเรียนผาขวางวิทยาสาขาบ้านแคววัวดำ", "nameEn": null, "cat": ["school"], "province": "cr", "slug": "1057120692", "rank": 3}}, {"type": "Feature", "geometry": {"type": "Point", "coordinates": [100.04253, 20.15564]}, "properties": {"id": "cr-obec-1057120672", "name": "โรงเรียนผ่านศึกสงเคราะห์ ๑", "nameTh": "โรงเรียนผ่านศึกสงเคราะห์ ๑", "nameEn": null, "cat": ["school"], "province": "cr", "slug": "1057120672", "rank": 3}}, {"type": "Feature", "geometry": {"type": "Point", "coordinates": [100.0639, 20.17393]}, "properties": {"id": "cr-obec-1057120374", "name": "โรงเรียนผ่านศึกสงเคราะห์ ๒", "nameTh": "โรงเรียนผ่านศึกสงเคราะห์ ๒", "nameEn": null, "cat": ["school"], "province": "cr", "slug": "1057120374", "rank": 3}}, {"type": "Feature", "geometry": {"type": "Point", "coordinates": [100.15713, 19.84994]}, "properties": {"id": "cr-obec-1057120727", "name": "โรงเรียนพญาเม็งราย", "nameTh": "โรงเรียนพญาเม็งราย", "nameEn": null, "cat": ["school"], "province": "cr", "slug": "1057120727", "rank": 3}}, {"type": "Feature", "geometry": {"type": "Point", "coordinates": [99.60508, 20.31984]}, "properties": {"id": "cr-obec-1057120598", "name": "โรงเรียนพญาไพรไตรมิตร", "nameTh": "โรงเรียนพญาไพรไตรมิตร", "nameEn": null, "cat": ["school"], "province": "cr", "slug": "1057120598", "rank": 2}}, {"type": "Feature", "geometry": {"type": "Point", "coordinates": [100.40561, 20.23684]}, "properties": {"id": "cr-osm-node-6410755485", "name": "โรงเรียนพระกุมารเยซูเชียงของ", "nameTh": "โรงเรียนพระกุมารเยซูเชียงของ", "nameEn": "Infant Jesus Chiangkhong School", "cat": ["school"], "province": "cr", "slug": "infant-jesus-chiangkhong-school-6410755485", "rank": 2}}, {"type": "Feature", "geometry": {"type": "Point", "coordinates": [99.74149, 19.55582]}, "properties": {"id": "cr-obec-1057120256", "name": "โรงเรียนพานพสกสวัสดิ์", "nameTh": "โรงเรียนพานพสกสวัสดิ์", "nameEn": null, "cat": ["school"], "province": "cr", "slug": "1057120256", "rank": 3}}, {"type": "Feature", "geometry": {"type": "Point", "coordinates": [99.74181, 19.5346]}, "properties": {"id": "cr-obec-1057120710", "name": "โรงเรียนพานพิทยาคม", "nameTh": "โรงเรียนพานพิทยาคม", "nameEn": null, "cat": ["school"], "province": "cr", "slug": "1057120710", "rank": 3}}, {"type": "Feature", "geometry": {"type": "Point", "coordinates": [99.74227, 19.53419]}, "properties": {"id": "cr-osm-node-13264044801", "name": "โรงเรียนพานพิทยาคม", "nameTh": "โรงเรียนพานพิทยาคม", "nameEn": "Phanpittayakom school", "cat": ["school"], "province": "cr", "slug": "phanpittayakom-school-13264044801", "rank": 2}}, {"type": "Feature", "geometry": {"type": "Point", "coordinates": [99.7449, 19.5771]}, "properties": {"id": "cr-obec-1057120711", "name": "โรงเรียนพานพิเศษพิทยา", "nameTh": "โรงเรียนพานพิเศษพิทยา", "nameEn": null, "cat": ["school"], "province": "cr", "slug": "1057120711", "rank": 3}}, {"type": "Feature", "geometry": {"type": "Point", "coordinates": [99.74361, 19.57784]}, "properties": {"id": "cr-osm-node-13264219501", "name": "โรงเรียนพานพิเศษพิทยา", "nameTh": "โรงเรียนพานพิเศษพิทยา", "nameEn": "Phan Piset Pittaya school", "cat": ["school"], "province": "cr", "slug": "phan-piset-pittaya-school-13264219501", "rank": 2}}, {"type": "Feature", "geometry": {"type": "Point", "coordinates": [99.86019, 20.2717]}, "properties": {"id": "cr-osm-node-7358917985", "name": "โรงเรียนมานิตวิทยา", "nameTh": "โรงเรียนมานิตวิทยา", "nameEn": "Manit Wittaya school", "cat": ["school"], "province": "cr", "slug": "manit-wittaya-school-7358917985", "rank": 2}}, {"type": "Feature", "geometry": {"type": "Point", "coordinates": [99.83412, 19.92794]}, "properties": {"id": "cr-osm-way-967419266", "name": "โรงเรียนมารีย์รักษ์", "nameTh": "โรงเรียนมารีย์รักษ์ เชียงราย", "nameEn": "Mareeruk School", "cat": ["school"], "province": "cr", "slug": "mareeruk-school-967419266", "rank": 3}}, {"type": "Feature", "geometry": {"type": "Point", "coordinates": [100.2993, 19.91303]}, "properties": {"id": "cr-obec-1057120732", "name": "โรงเรียนยางฮอมวิทยาคม", "nameTh": "โรงเรียนยางฮอมวิทยาคม", "nameEn": null, "cat": ["school"], "province": "cr", "slug": "1057120732", "rank": 3}}, {"type": "Feature", "geometry": {"type": "Point", "coordinates": [100.29836, 19.91293]}, "properties": {"id": "cr-osm-node-2831546101", "name": "โรงเรียนยางฮอมวิทยาคม", "nameTh": "โรงเรียนยางฮอมวิทยาคม", "nameEn": "Yang Hom Wittayakhom School", "cat": ["school"], "province": "cr", "slug": "yang-hom-wittayakhom-school-2831546101", "rank": 2}}, {"type": "Feature", "geometry": {"type": "Point", "coordinates": [99.5935, 20.27658]}, "properties": {"id": "cr-obec-1057120600", "name": "โรงเรียนรัฐราษฎร์วิทยา", "nameTh": "โรงเรียนรัฐราษฎร์วิทยา", "nameEn": null, "cat": ["school"], "province": "cr", "slug": "1057120600", "rank": 3}}, {"type": "Feature", "geometry": {"type": "Point", "coordinates": [100.08611, 20.27487]}, "properties": {"id": "cr-osm-way-1232817676", "name": "โรงเรียนราชประชานุเคราะห์ 15", "nameTh": "โรงเรียนราชประชานุเคราะห์ 15", "nameEn": "Rajaprajanugroh 15 School", "cat": ["school"], "province": "cr", "slug": "rajaprajanugroh-15-school-1232817676", "rank": 3}}, {"type": "Feature", "geometry": {"type": "Point", "coordinates": [100.08637, 20.27517]}, "properties": {"id": "cr-obec-1057120125", "name": "โรงเรียนราชประชานุเคราะห์ 15(เวียงเก่าแสนภูวิทยาประสาท)", "nameTh": "โรงเรียนราชประชานุเคราะห์ 15(เวียงเก่าแสนภูวิทยาประสาท)", "nameEn": null, "cat": ["school"], "province": "cr", "slug": "15-1057120125", "rank": 3}}, {"type": "Feature", "geometry": {"type": "Point", "coordinates": [99.6831, 20.13207]}, "properties": {"id": "cr-obec-1057120616", "name": "โรงเรียนราษฎร์พัฒนา", "nameTh": "โรงเรียนราษฎร์พัฒนา", "nameEn": null, "cat": ["school"], "province": "cr", "slug": "1057120616", "rank": 3}}, {"type": "Feature", "geometry": {"type": "Point", "coordinates": [99.6279, 19.40562]}, "properties": {"id": "cr-obec-1057120292", "name": "โรงเรียนริมวัง ๒", "nameTh": "โรงเรียนริมวัง ๒", "nameEn": null, "cat": ["school"], "province": "cr", "slug": "1057120292", "rank": 3}}, {"type": "Feature", "geometry": {"type": "Point", "coordinates": [99.63609, 19.44455]}, "properties": {"id": "cr-obec-1057120291", "name": "โรงเรียนริมวัง๑", "nameTh": "โรงเรียนริมวัง๑", "nameEn": null, "cat": ["school"], "province": "cr", "slug": "1057120291", "rank": 2}}, {"type": "Feature", "geometry": {"type": "Point", "coordinates": [100.25281, 20.36828]}, "properties": {"id": "cr-obec-1057120096", "name": "โรงเรียนริมโขงวิทยา", "nameTh": "โรงเรียนริมโขงวิทยา", "nameEn": null, "cat": ["school"], "province": "cr", "slug": "1057120096", "rank": 3}}, {"type": "Feature", "geometry": {"type": "Point", "coordinates": [99.69836, 19.68096]}, "properties": {"id": "cr-obec-1057120242", "name": "โรงเรียนร่องธารวิทยา", "nameTh": "โรงเรียนร่องธารวิทยา", "nameEn": null, "cat": ["school"], "province": "cr", "slug": "1057120242", "rank": 3}}, {"type": "Feature", "geometry": {"type": "Point", "coordinates": [99.9229, 19.72304]}, "properties": {"id": "cr-obec-1057120076", "name": "โรงเรียนร่องเบ้อวิทยา", "nameTh": "โรงเรียนร่องเบ้อวิทยา", "nameEn": null, "cat": ["school"], "province": "cr", "slug": "1057120076", "rank": 3}}, {"type": "Feature", "geometry": {"type": "Point", "coordinates": [99.9281, 19.67527]}, "properties": {"id": "cr-osm-node-6919499085", "name": "โรงเรียนร้าง", "nameTh": "โรงเรียนร้าง", "nameEn": "emty school", "cat": ["school"], "province": "cr", "slug": "emty-school-6919499085", "rank": 2}}, {"type": "Feature", "geometry": {"type": "Point", "coordinates": [99.98591, 19.80692]}, "properties": {"id": "cr-osm-way-1233190528", "name": "โรงเรียนวัดจอเจริญสุขุมวาท", "nameTh": "โรงเรียนวัดจอเจริญสุขุมวาท", "nameEn": "Wat Cho Charoen Sukhumwat School", "cat": ["school"], "province": "cr", "slug": "wat-cho-charoen-sukhumwat-school-1233190528", "rank": 2}}, {"type": "Feature", "geometry": {"type": "Point", "coordinates": [99.86482, 20.333]}, "properties": {"id": "cr-obec-1057120722", "name": "โรงเรียนวัดถ้ำปลาวิทยาคม", "nameTh": "โรงเรียนวัดถ้ำปลาวิทยาคม", "nameEn": null, "cat": ["school"], "province": "cr", "slug": "1057120722", "rank": 3}}, {"type": "Feature", "geometry": {"type": "Point", "coordinates": [100.1839, 19.68914]}, "properties": {"id": "cr-obec-1057120169", "name": "โรงเรียนวัดพระเกิดคงคาราม", "nameTh": "โรงเรียนวัดพระเกิดคงคาราม", "nameEn": null, "cat": ["school"], "province": "cr", "slug": "1057120169", "rank": 3}}, {"type": "Feature", "geometry": {"type": "Point", "coordinates": [99.51765, 19.20471]}, "properties": {"id": "cr-osm-way-1459699558", "name": "โรงเรียนวัดหนองบัววิทยา", "nameTh": "โรงเรียนวัดหนองบัววิทยา", "nameEn": "Wat Nong Bua School", "cat": ["school"], "province": "cr", "slug": "wat-nong-bua-school-1459699558", "rank": 2}}, {"type": "Feature", "geometry": {"type": "Point", "coordinates": [99.48037, 19.91267]}, "properties": {"id": "cr-obec-1057120724", "name": "โรงเรียนวาวีวิทยาคม", "nameTh": "โรงเรียนวาวีวิทยาคม", "nameEn": null, "cat": ["school"], "province": "cr", "slug": "1057120724", "rank": 3}}, {"type": "Feature", "geometry": {"type": "Point", "coordinates": [99.48014, 19.91217]}, "properties": {"id": "cr-osm-way-257903463", "name": "โรงเรียนวาวีวิทยาศม", "nameTh": "โรงเรียนวาวีวิทยาศม", "nameEn": null, "cat": ["school"], "province": "cr", "slug": "257903463", "rank": 1}}, {"type": "Feature", "geometry": {"type": "Point", "coordinates": [99.88279, 19.92216]}, "properties": {"id": "cr-obec-1057120700", "name": "โรงเรียนวิทยาศาสตร์จุฬาภรณราชวิทยาลัย เชียงราย", "nameTh": "โรงเรียนวิทยาศาสตร์จุฬาภรณราชวิทยาลัย เชียงราย", "nameEn": null, "cat": ["school"], "province": "cr", "slug": "1057120700", "rank": 3}}, {"type": "Feature", "geometry": {"type": "Point", "coordinates": [99.88403, 19.91955]}, "properties": {"id": "cr-osm-way-316042457", "name": "โรงเรียนวิทยาศาสตร์จุฬาภรณราชวิทยาลัย เชียงราย", "nameTh": "โรงเรียนวิทยาศาสตร์จุฬาภรณราชวิทยาลัย เชียงราย", "nameEn": "Princess Chulabhorn Science High School Chiang Rai", "cat": ["school"], "province": "cr", "slug": "princess-chulabhorn-science-high-school-chiang-rai-316042457", "rank": 3}}, {"type": "Feature", "geometry": {"type": "Point", "coordinates": [100.08672, 19.61282]}, "properties": {"id": "cr-obec-1057120212", "name": "โรงเรียนศรีดอนไชยวิทยา", "nameTh": "โรงเรียนศรีดอนไชยวิทยา", "nameEn": null, "cat": ["school"], "province": "cr", "slug": "1057120212", "rank": 3}}, {"type": "Feature", "geometry": {"type": "Point", "coordinates": [99.47681, 19.60401]}, "properties": {"id": "cr-obec-1057120401", "name": "โรงเรียนศรีถ้อยสุนทรราษฎร์วิทยา", "nameTh": "โรงเรียนศรีถ้อยสุนทรราษฎร์วิทยา", "nameEn": null, "cat": ["school"], "province": "cr", "slug": "1057120401", "rank": 3}}, {"type": "Feature", "geometry": {"type": "Point", "coordinates": [100.39609, 20.07269]}, "properties": {"id": "cr-osm-node-2423477010", "name": "โรงเรียนศรีลานนา", "nameTh": "โรงเรียนศรีลานนา", "nameEn": "Silanna School", "cat": ["school"], "province": "cr", "slug": "silanna-school-2423477010", "rank": 2}}, {"type": "Feature", "geometry": {"type": "Point", "coordinates": [100.14214, 19.68775]}, "properties": {"id": "cr-osm-node-6427364587", "name": "โรงเรียนศรีสว่าง", "nameTh": "โรงเรียนศรีสว่าง", "nameEn": "Sri Swang School", "cat": ["school"], "province": "cr", "slug": "sri-swang-school-6427364587", "rank": 2}}, {"type": "Feature", "geometry": {"type": "Point", "coordinates": [99.96864, 19.44326]}, "properties": {"id": "cr-obec-1057120235", "name": "โรงเรียนศรีโพธิ์เงินวิทยา", "nameTh": "โรงเรียนศรีโพธิ์เงินวิทยา", "nameEn": null, "cat": ["school"], "province": "cr", "slug": "1057120235", "rank": 2}}, {"type": "Feature", "geometry": {"type": "Point", "coordinates": [99.85624, 20.142]}, "properties": {"id": "cr-obec-1057120718", "name": "โรงเรียนศึกษาสงเคราะห์แม่จัน", "nameTh": "โรงเรียนศึกษาสงเคราะห์แม่จัน", "nameEn": null, "cat": ["school"], "province": "cr", "slug": "1057120718", "rank": 3}}, {"type": "Feature", "geometry": {"type": "Point", "coordinates": [99.85605, 20.14222]}, "properties": {"id": "cr-osm-node-2135817264", "name": "โรงเรียนศึกษาสงเคราะห์แม่จัน", "nameTh": "โรงเรียนศึกษาสงเคราะห์แม่จัน", "nameEn": "Mae Chan School", "cat": ["school"], "province": "cr", "slug": "mae-chan-school-2135817264", "rank": 2}}, {"type": "Feature", "geometry": {"type": "Point", "coordinates": [99.83224, 20.18264]}, "properties": {"id": "cr-osm-node-7179402930", "name": "โรงเรียนศูนย์พัฒนาเด็กเล็กตำบลป่าซาง", "nameTh": "โรงเรียนศูนย์พัฒนาเด็กเล็กตำบลป่าซาง", "nameEn": null, "cat": ["school"], "province": "cr", "slug": "7179402930", "rank": 1}}, {"type": "Feature", "geometry": {"type": "Point", "coordinates": [100.48398, 20.02301]}, "properties": {"id": "cr-obec-1057120742", "name": "โรงเรียนสมถวิลจินตมัยบ้านห้วยแล้ง(ต.ช.ด.อนุสรณ์)", "nameTh": "โรงเรียนสมถวิลจินตมัยบ้านห้วยแล้ง(ต.ช.ด.อนุสรณ์)", "nameEn": null, "cat": ["school"], "province": "cr", "slug": "1057120742", "rank": 2}}, {"type": "Feature", "geometry": {"type": "Point", "coordinates": [99.98888, 20.36527]}, "properties": {"id": "cr-osm-node-13325258501", "name": "โรงเรียนสอนคนตาบอดแม่สาย", "nameTh": "โรงเรียนสอนคนตาบอดแม่สาย", "nameEn": null, "cat": ["school"], "province": "cr", "slug": "13325258501", "rank": 1}}, {"type": "Feature", "geometry": {"type": "Point", "coordinates": [99.73569, 20.10913]}, "properties": {"id": "cr-osm-node-2148549638", "name": "โรงเรียนสอนภาษาจีน", "nameTh": "โรงเรียนสอนภาษาจีน", "nameEn": null, "cat": ["school"], "province": "cr", "slug": "2148549638", "rank": 1}}, {"type": "Feature", "geometry": {"type": "Point", "coordinates": [100.14195, 19.68768]}, "properties": {"id": "cr-obec-1057120175", "name": "โรงเรียนสักสันเชียงใหม่วิทยาคม", "nameTh": "โรงเรียนสักสันเชียงใหม่วิทยาคม", "nameEn": null, "cat": ["school"], "province": "cr", "slug": "1057120175", "rank": 3}}, {"type": "Feature", "geometry": {"type": "Point", "coordinates": [99.72622, 19.59611]}, "properties": {"id": "cr-obec-1057120253", "name": "โรงเรียนสันกลางวิทยา", "nameTh": "โรงเรียนสันกลางวิทยา", "nameEn": null, "cat": ["school"], "province": "cr", "slug": "1057120253", "rank": 2}}, {"type": "Feature", "geometry": {"type": "Point", "coordinates": [99.85853, 19.97454]}, "properties": {"id": "cr-obec-1057120733", "name": "โรงเรียนสันติคีรีวิทยาคม", "nameTh": "โรงเรียนสันติคีรีวิทยาคม", "nameEn": null, "cat": ["school"], "province": "cr", "slug": "1057120733", "rank": 3}}, {"type": "Feature", "geometry": {"type": "Point", "coordinates": [99.8442, 19.91356]}, "properties": {"id": "cr-osm-node-4530908635", "name": "โรงเรียนสันติวิทยา", "nameTh": "โรงเรียนสันติวิทยา", "nameEn": "Santi Vithaya School", "cat": ["school"], "province": "cr", "slug": "santi-vithaya-school-4530908635", "rank": 2}}, {"type": "Feature", "geometry": {"type": "Point", "coordinates": [99.8907, 20.18803]}, "properties": {"id": "cr-osm-node-2334809122", "name": "โรงเรียนสันทราย", "nameTh": "โรงเรียนสันทราย", "nameEn": "San Sai School", "cat": ["school"], "province": "cr", "slug": "san-sai-school-2334809122", "rank": 2}}, {"type": "Feature", "geometry": {"type": "Point", "coordinates": [99.89058, 20.18818]}, "properties": {"id": "cr-obec-1057120351", "name": "โรงเรียนสันทราย(พรหมณีวิทยา)", "nameTh": "โรงเรียนสันทราย(พรหมณีวิทยา)", "nameEn": null, "cat": ["school"], "province": "cr", "slug": "1057120351", "rank": 3}}, {"type": "Feature", "geometry": {"type": "Point", "coordinates": [100.18119, 19.73027]}, "properties": {"id": "cr-obec-1057120171", "name": "โรงเรียนสันทรายงามวิทยา", "nameTh": "โรงเรียนสันทรายงามวิทยา", "nameEn": null, "cat": ["school"], "province": "cr", "slug": "1057120171", "rank": 3}}, {"type": "Feature", "geometry": {"type": "Point", "coordinates": [100.18102, 19.72958]}, "properties": {"id": "cr-osm-way-1121463878", "name": "โรงเรียนสันทรายวิทยา", "nameTh": "โรงเรียนสันทรายวิทยา", "nameEn": null, "cat": ["school"], "province": "cr", "slug": "1121463878", "rank": 1}}, {"type": "Feature", "geometry": {"type": "Point", "coordinates": [99.83807, 20.21027]}, "properties": {"id": "cr-obec-1057120335", "name": "โรงเรียนสันสลีหลวง-สันนายาว", "nameTh": "โรงเรียนสันสลีหลวง-สันนายาว", "nameEn": null, "cat": ["school"], "province": "cr", "slug": "1057120335", "rank": 3}}, {"type": "Feature", "geometry": {"type": "Point", "coordinates": [100.16104, 19.83823]}, "properties": {"id": "cr-obec-1057120543", "name": "โรงเรียนสันสะลีกวิทยา", "nameTh": "โรงเรียนสันสะลีกวิทยา", "nameEn": null, "cat": ["school"], "province": "cr", "slug": "1057120543", "rank": 3}}, {"type": "Feature", "geometry": {"type": "Point", "coordinates": [99.81604, 19.53998]}, "properties": {"id": "cr-obec-1057120304", "name": "โรงเรียนสันหนองควาย", "nameTh": "โรงเรียนสันหนองควาย", "nameEn": null, "cat": ["school"], "province": "cr", "slug": "1057120304", "rank": 2}}, {"type": "Feature", "geometry": {"type": "Point", "coordinates": [99.52117, 20.33862]}, "properties": {"id": "cr-obec-1057120601", "name": "โรงเรียนสามัคคีพัฒนา", "nameTh": "โรงเรียนสามัคคีพัฒนา", "nameEn": null, "cat": ["school"], "province": "cr", "slug": "1057120601", "rank": 3}}, {"type": "Feature", "geometry": {"type": "Point", "coordinates": [99.8258, 19.9059]}, "properties": {"id": "cr-obec-1057120694", "name": "โรงเรียนสามัคคีวิทยาคม", "nameTh": "โรงเรียนสามัคคีวิทยาคม", "nameEn": null, "cat": ["school"], "province": "cr", "slug": "1057120694", "rank": 3}}, {"type": "Feature", "geometry": {"type": "Point", "coordinates": [99.82672, 19.90529]}, "properties": {"id": "cr-osm-way-623837097", "name": "โรงเรียนสามัคคีวิทยาคม", "nameTh": "โรงเรียนสามัคคีวิทยาคม", "nameEn": "Samakkhi Witthayakhom School", "cat": ["school"], "province": "cr", "slug": "samakkhi-witthayakhom-school-623837097", "rank": 4}}, {"type": "Feature", "geometry": {"type": "Point", "coordinates": [99.78342, 19.87729]}, "properties": {"id": "cr-obec-1057120701", "name": "โรงเรียนสามัคคีวิทยาคม 2", "nameTh": "โรงเรียนสามัคคีวิทยาคม 2", "nameEn": null, "cat": ["school"], "province": "cr", "slug": "2-1057120701", "rank": 3}}, {"type": "Feature", "geometry": {"type": "Point", "coordinates": [99.78358, 19.87681]}, "properties": {"id": "cr-osm-node-2140486918", "name": "โรงเรียนสามัคคีวิทยาคม๒", "nameTh": "โรงเรียนสามัคคีวิทยาคม๒", "nameEn": "Samakkhi Witthayakhom Song School", "cat": ["school"], "province": "cr", "slug": "samakkhi-witthayakhom-song-school-2140486918", "rank": 2}}, {"type": "Feature", "geometry": {"type": "Point", "coordinates": [100.11217, 19.62203]}, "properties": {"id": "cr-obec-1057120187", "name": "โรงเรียนหนองแรดวิทยา", "nameTh": "โรงเรียนหนองแรดวิทยา", "nameEn": null, "cat": ["school"], "province": "cr", "slug": "1057120187", "rank": 3}}, {"type": "Feature", "geometry": {"type": "Point", "coordinates": [100.12571, 19.76374]}, "properties": {"id": "cr-obec-1057120567", "name": "โรงเรียนห้วยก้างราษฎร์วิทยา", "nameTh": "โรงเรียนห้วยก้างราษฎร์วิทยา", "nameEn": null, "cat": ["school"], "province": "cr", "slug": "1057120567", "rank": 3}}, {"type": "Feature", "geometry": {"type": "Point", "coordinates": [100.30923, 20.08021]}, "properties": {"id": "cr-obec-1057120707", "name": "โรงเรียนห้วยซ้อวิทยาคม รัชมังคลาภิเษก", "nameTh": "โรงเรียนห้วยซ้อวิทยาคม รัชมังคลาภิเษก", "nameEn": null, "cat": ["school"], "province": "cr", "slug": "1057120707", "rank": 3}}, {"type": "Feature", "geometry": {"type": "Point", "coordinates": [99.32634, 19.49772]}, "properties": {"id": "cr-obec-1057120413", "name": "โรงเรียนห้วยน้ำขุ่นวิทยา", "nameTh": "โรงเรียนห้วยน้ำขุ่นวิทยา", "nameEn": null, "cat": ["school"], "province": "cr", "slug": "1057120413", "rank": 3}}, {"type": "Feature", "geometry": {"type": "Point", "coordinates": [99.97616, 20.2494]}, "properties": {"id": "cr-osm-node-2212094938", "name": "โรงเรียนห้วยน้ำราก", "nameTh": "โรงเรียนห้วยน้ำราก", "nameEn": "Huai Nam Rak School", "cat": ["school"], "province": "cr", "slug": "huai-nam-rak-school-2212094938", "rank": 2}}, {"type": "Feature", "geometry": {"type": "Point", "coordinates": [99.87609, 20.04649]}, "properties": {"id": "cr-obec-1057120029", "name": "โรงเรียนห้วยพลูพิทยา", "nameTh": "โรงเรียนห้วยพลูพิทยา", "nameEn": null, "cat": ["school"], "province": "cr", "slug": "1057120029", "rank": 3}}, {"type": "Feature", "geometry": {"type": "Point", "coordinates": [99.87536, 20.0464]}, "properties": {"id": "cr-osm-node-2153721835", "name": "โรงเรียนห้วยพลูพิทยา", "nameTh": "โรงเรียนห้วยพลูพิทยา", "nameEn": "Huai Phlu School", "cat": ["school"], "province": "cr", "slug": "huai-phlu-school-2153721835", "rank": 2}}, {"type": "Feature", "geometry": {"type": "Point", "coordinates": [99.9098, 19.76807]}, "properties": {"id": "cr-obec-1057120697", "name": "โรงเรียนห้วยสักวิทยาคม", "nameTh": "โรงเรียนห้วยสักวิทยาคม", "nameEn": null, "cat": ["school"], "province": "cr", "slug": "1057120697", "rank": 3}}, {"type": "Feature", "geometry": {"type": "Point", "coordinates": [99.64888, 19.74473]}, "properties": {"id": "cr-obec-1057120637", "name": "โรงเรียนห้วยส้านยาววิทยา", "nameTh": "โรงเรียนห้วยส้านยาววิทยา", "nameEn": null, "cat": ["school"], "province": "cr", "slug": "1057120637", "rank": 2}}, {"type": "Feature", "geometry": {"type": "Point", "coordinates": [99.64848, 19.74506]}, "properties": {"id": "cr-osm-node-2138372001", "name": "โรงเรียนห้วยส้านยาววิทยา", "nameTh": "โรงเรียนห้วยส้านยาววิทยา", "nameEn": "Huai San Yao School", "cat": ["school"], "province": "cr", "slug": "huai-san-yao-school-2138372001", "rank": 2}}, {"type": "Feature", "geometry": {"type": "Point", "coordinates": [99.95333, 20.06323]}, "properties": {"id": "cr-obec-1057120047", "name": "โรงเรียนห้วยเจริญวิทยา", "nameTh": "โรงเรียนห้วยเจริญวิทยา", "nameEn": null, "cat": ["school"], "province": "cr", "slug": "1057120047", "rank": 3}}, {"type": "Feature", "geometry": {"type": "Point", "coordinates": [99.85656, 19.91624]}, "properties": {"id": "cr-osm-way-1043694573", "name": "โรงเรียนองค์การบริหารส่วนจังหวัดเชียงราย", "nameTh": "โรงเรียนองค์การบริหารส่วนจังหวัดเชียงราย", "nameEn": "Chiang Rai Provincial Administration Organization School", "cat": ["school"], "province": "cr", "slug": "chiang-rai-provincial-administration-organization-school-1043694573", "rank": 2}}, {"type": "Feature", "geometry": {"type": "Point", "coordinates": [100.26925, 19.84456]}, "properties": {"id": "cr-osm-way-555869247", "name": "โรงเรียนอนุบาลขุนตาล", "nameTh": "โรงเรียนอนุบาลขุนตาล", "nameEn": "Khun Tan Kindergarten", "cat": ["school"], "province": "cr", "slug": "khun-tan-kindergarten-555869247", "rank": 2}}, {"type": "Feature", "geometry": {"type": "Point", "coordinates": [100.26944, 19.84447]}, "properties": {"id": "cr-obec-1057120618", "name": "โรงเรียนอนุบาลขุนตาล(ป่าตาลเจดีย์)", "nameTh": "โรงเรียนอนุบาลขุนตาล(ป่าตาลเจดีย์)", "nameEn": null, "cat": ["school"], "province": "cr", "slug": "1057120618", "rank": 3}}, {"type": "Feature", "geometry": {"type": "Point", "coordinates": [99.90265, 20.1951]}, "properties": {"id": "cr-osm-node-2334801647", "name": "โรงเรียนอนุบาลจอมสวรรค์", "nameTh": "โรงเรียนอนุบาลจอมสวรรค์", "nameEn": "Chom Sawan Kindergarten", "cat": ["school"], "province": "cr", "slug": "chom-sawan-kindergarten-2334801647", "rank": 2}}, {"type": "Feature", "geometry": {"type": "Point", "coordinates": [99.9029, 20.195]}, "properties": {"id": "cr-obec-1057120354", "name": "โรงเรียนอนุบาลจอมสวรรค์(บ้านบ่อก๊าง)", "nameTh": "โรงเรียนอนุบาลจอมสวรรค์(บ้านบ่อก๊าง)", "nameEn": null, "cat": ["school"], "province": "cr", "slug": "1057120354", "rank": 3}}, {"type": "Feature", "geometry": {"type": "Point", "coordinates": [99.73376, 19.75738]}, "properties": {"id": "cr-obec-1057120641", "name": "โรงเรียนอนุบาลจอมหมอกแก้ว", "nameTh": "โรงเรียนอนุบาลจอมหมอกแก้ว", "nameEn": null, "cat": ["school"], "province": "cr", "slug": "1057120641", "rank": 3}}, {"type": "Feature", "geometry": {"type": "Point", "coordinates": [99.73451, 19.75698]}, "properties": {"id": "cr-osm-node-2138383233", "name": "โรงเรียนอนุบาลจอมหมอกแก้ว", "nameTh": "โรงเรียนอนุบาลจอมหมอกแก้ว", "nameEn": "Chom Mok Kaeo Kindergarten", "cat": ["school"], "province": "cr", "slug": "chom-mok-kaeo-kindergarten-2138383233", "rank": 2}}, {"type": "Feature", "geometry": {"type": "Point", "coordinates": [100.02181, 20.02201]}, "properties": {"id": "cr-obec-1057120659", "name": "โรงเรียนอนุบาลดงมหาวัน", "nameTh": "โรงเรียนอนุบาลดงมหาวัน", "nameEn": null, "cat": ["school"], "province": "cr", "slug": "1057120659", "rank": 3}}, {"type": "Feature", "geometry": {"type": "Point", "coordinates": [100.09388, 20.11206]}, "properties": {"id": "cr-obec-1057120669", "name": "โรงเรียนอนุบาลดอยหลวง", "nameTh": "โรงเรียนอนุบาลดอยหลวง", "nameEn": null, "cat": ["school"], "province": "cr", "slug": "1057120669", "rank": 3}}, {"type": "Feature", "geometry": {"type": "Point", "coordinates": [100.29071, 19.72152]}, "properties": {"id": "cr-obec-1057120197", "name": "โรงเรียนอนุบาลตับเต่า(ไคร้สามัคคีวิทยา)", "nameTh": "โรงเรียนอนุบาลตับเต่า(ไคร้สามัคคีวิทยา)", "nameEn": null, "cat": ["school"], "province": "cr", "slug": "1057120197", "rank": 3}}, {"type": "Feature", "geometry": {"type": "Point", "coordinates": [100.22015, 19.97633]}, "properties": {"id": "cr-obec-1057120559", "name": "โรงเรียนอนุบาลตาดควัน", "nameTh": "โรงเรียนอนุบาลตาดควัน", "nameEn": null, "cat": ["school"], "province": "cr", "slug": "1057120559", "rank": 3}}, {"type": "Feature", "geometry": {"type": "Point", "coordinates": [100.38401, 20.25863]}, "properties": {"id": "cr-obec-1057120092", "name": "โรงเรียนอนุบาลทุ่งทรายพัฒนา", "nameTh": "โรงเรียนอนุบาลทุ่งทรายพัฒนา", "nameEn": null, "cat": ["school"], "province": "cr", "slug": "1057120092", "rank": 2}}, {"type": "Feature", "geometry": {"type": "Point", "coordinates": [99.87035, 20.00338]}, "properties": {"id": "cr-obec-1057120026", "name": "โรงเรียนอนุบาลนางแล(บ้านทุ่ง)", "nameTh": "โรงเรียนอนุบาลนางแล(บ้านทุ่ง)", "nameEn": null, "cat": ["school"], "province": "cr", "slug": "1057120026", "rank": 3}}, {"type": "Feature", "geometry": {"type": "Point", "coordinates": [100.23075, 19.7856]}, "properties": {"id": "cr-osm-node-2423426993", "name": "โรงเรียนอนุบาลบ้านพระเนตร", "nameTh": "โรงเรียนอนุบาลบ้านพระเนตร", "nameEn": "Ban Phranet Kindergarten", "cat": ["school"], "province": "cr", "slug": "ban-phranet-kindergarten-2423426993", "rank": 2}}, {"type": "Feature", "geometry": {"type": "Point", "coordinates": [100.23085, 19.78461]}, "properties": {"id": "cr-obec-1057120623", "name": "โรงเรียนอนุบาลบ้านพระเนตร(แก้วสุวรรณประสิทธิ์)", "nameTh": "โรงเรียนอนุบาลบ้านพระเนตร(แก้วสุวรรณประสิทธิ์)", "nameEn": null, "cat": ["school"], "province": "cr", "slug": "1057120623", "rank": 3}}, {"type": "Feature", "geometry": {"type": "Point", "coordinates": [99.51583, 19.22736]}, "properties": {"id": "cr-osm-node-2128207167", "name": "โรงเรียนอนุบาลบ้านรักเด็ก", "nameTh": "โรงเรียนอนุบาลบ้านรักเด็ก", "nameEn": "Ban Rak Dek Kindergarten", "cat": ["school"], "province": "cr", "slug": "ban-rak-dek-kindergarten-2128207167", "rank": 2}}, {"type": "Feature", "geometry": {"type": "Point", "coordinates": [99.74014, 19.54835]}, "properties": {"id": "cr-obec-1057120264", "name": "โรงเรียนอนุบาลพาน(ป่ากว๋าวมิตรภาพที่ ๖๘)", "nameTh": "โรงเรียนอนุบาลพาน(ป่ากว๋าวมิตรภาพที่ ๖๘)", "nameEn": null, "cat": ["school"], "province": "cr", "slug": "1057120264", "rank": 3}}, {"type": "Feature", "geometry": {"type": "Point", "coordinates": [99.85946, 20.27322]}, "properties": {"id": "cr-osm-node-7358917586", "name": "โรงเรียนอนุบาลมานิตวิทยา", "nameTh": "โรงเรียนอนุบาลมานิตวิทยา", "nameEn": "Anuban Manit Wittaya school", "cat": ["school"], "province": "cr", "slug": "anuban-manit-wittaya-school-7358917586", "rank": 2}}, {"type": "Feature", "geometry": {"type": "Point", "coordinates": [100.2974, 19.90881]}, "properties": {"id": "cr-obec-1057120629", "name": "โรงเรียนอนุบาลยางฮอม", "nameTh": "โรงเรียนอนุบาลยางฮอม", "nameEn": null, "cat": ["school"], "province": "cr", "slug": "1057120629", "rank": 3}}, {"type": "Feature", "geometry": {"type": "Point", "coordinates": [100.297, 19.90848]}, "properties": {"id": "cr-osm-node-2423443262", "name": "โรงเรียนอนุบาลยางฮอม", "nameTh": "โรงเรียนอนุบาลยางฮอม", "nameEn": "Yang Hom Kindergarten", "cat": ["school"], "province": "cr", "slug": "yang-hom-kindergarten-2423443262", "rank": 2}}, {"type": "Feature", "geometry": {"type": "Point", "coordinates": [100.29733, 19.9085]}, "properties": {"id": "cr-osm-way-1126713332", "name": "โรงเรียนอนุบาลยางฮอม", "nameTh": "โรงเรียนอนุบาลยางฮอม", "nameEn": "Anuban Yang Hom School", "cat": ["school"], "province": "cr", "slug": "anuban-yang-hom-school-1126713332", "rank": 3}}, {"type": "Feature", "geometry": {"type": "Point", "coordinates": [99.85395, 20.15174]}, "properties": {"id": "cr-osm-node-2136825668", "name": "โรงเรียนอนุบาลลูกรัก", "nameTh": "โรงเรียนอนุบาลลูกรัก", "nameEn": "Luk Rak Kindergarten", "cat": ["school"], "province": "cr", "slug": "luk-rak-kindergarten-2136825668", "rank": 2}}, {"type": "Feature", "geometry": {"type": "Point", "coordinates": [99.85689, 20.20833]}, "properties": {"id": "cr-obec-1057120336", "name": "โรงเรียนอนุบาลศรีค้ำ", "nameTh": "โรงเรียนอนุบาลศรีค้ำ", "nameEn": null, "cat": ["school"], "province": "cr", "slug": "1057120336", "rank": 3}}, {"type": "Feature", "geometry": {"type": "Point", "coordinates": [99.85731, 20.20863]}, "properties": {"id": "cr-osm-node-2172228215", "name": "โรงเรียนอนุบาลศรีค้ำ", "nameTh": "โรงเรียนอนุบาลศรีค้ำ", "nameEn": "Si Kham Kindergarten", "cat": ["school"], "province": "cr", "slug": "si-kham-kindergarten-2172228215", "rank": 2}}, {"type": "Feature", "geometry": {"type": "Point", "coordinates": [99.93262, 19.88264]}, "properties": {"id": "cr-osm-node-4914732641", "name": "โรงเรียนอนุบาลศุภลักษณ์", "nameTh": "โรงเรียนอนุบาลศุภลักษณ์", "nameEn": "Supalak Kindergarten", "cat": ["school"], "province": "cr", "slug": "supalak-kindergarten-4914732641", "rank": 2}}, {"type": "Feature", "geometry": {"type": "Point", "coordinates": [99.85777, 20.21279]}, "properties": {"id": "cr-osm-node-2172382579", "name": "โรงเรียนอนุบาลสุชาดา", "nameTh": "โรงเรียนอนุบาลสุชาดา", "nameEn": "Suchada Kindergarten", "cat": ["school"], "province": "cr", "slug": "suchada-kindergarten-2172382579", "rank": 2}}, {"type": "Feature", "geometry": {"type": "Point", "coordinates": [99.79591, 19.88156]}, "properties": {"id": "cr-obec-1057120003", "name": "โรงเรียนอนุบาลหัวฝาย", "nameTh": "โรงเรียนอนุบาลหัวฝาย", "nameEn": null, "cat": ["school"], "province": "cr", "slug": "1057120003", "rank": 3}}, {"type": "Feature", "geometry": {"type": "Point", "coordinates": [99.79585, 19.8814]}, "properties": {"id": "cr-osm-node-2140496174", "name": "โรงเรียนอนุบาลหัวฝาย", "nameTh": "โรงเรียนอนุบาลหัวฝาย", "nameEn": "Hua Fai Kindergarten", "cat": ["school"], "province": "cr", "slug": "hua-fai-kindergarten-2140496174", "rank": 2}}, {"type": "Feature", "geometry": {"type": "Point", "coordinates": [99.91002, 19.78007]}, "properties": {"id": "cr-obec-1057120074", "name": "โรงเรียนอนุบาลห้วยสัก", "nameTh": "โรงเรียนอนุบาลห้วยสัก", "nameEn": null, "cat": ["school"], "province": "cr", "slug": "1057120074", "rank": 3}}, {"type": "Feature", "geometry": {"type": "Point", "coordinates": [99.81208, 20.12638]}, "properties": {"id": "cr-osm-node-2147479970", "name": "โรงเรียนอนุบาลองค์การบริหารส่วนตำบลป่าตึง", "nameTh": "โรงเรียนอนุบาลองค์การบริหารส่วนตำบลป่าตึง", "nameEn": null, "cat": ["school"], "province": "cr", "slug": "2147479970", "rank": 1}}, {"type": "Feature", "geometry": {"type": "Point", "coordinates": [99.85349, 20.14347]}, "properties": {"id": "cr-osm-node-2134858069", "name": "โรงเรียนอนุบาลอำพร", "nameTh": "โรงเรียนอนุบาลอำพร", "nameEn": "Am Phon Kindergarten", "cat": ["school"], "province": "cr", "slug": "am-phon-kindergarten-2134858069", "rank": 2}}, {"type": "Feature", "geometry": {"type": "Point", "coordinates": [99.8046, 19.90714]}, "properties": {"id": "cr-obec-1057120004", "name": "โรงเรียนอนุบาลฮ่องลี่(ค่ายเม็งรายมหาราชอุปถัมภ์)", "nameTh": "โรงเรียนอนุบาลฮ่องลี่(ค่ายเม็งรายมหาราชอุปถัมภ์)", "nameEn": null, "cat": ["school"], "province": "cr", "slug": "1057120004", "rank": 3}}, {"type": "Feature", "geometry": {"type": "Point", "coordinates": [100.40518, 20.2557]}, "properties": {"id": "cr-obec-1057120091", "name": "โรงเรียนอนุบาลเชียงของ", "nameTh": "โรงเรียนอนุบาลเชียงของ", "nameEn": null, "cat": ["school"], "province": "cr", "slug": "1057120091", "rank": 3}}, {"type": "Feature", "geometry": {"type": "Point", "coordinates": [99.83146, 19.91043]}, "properties": {"id": "cr-obec-1057120002", "name": "โรงเรียนอนุบาลเชียงราย", "nameTh": "โรงเรียนอนุบาลเชียงราย", "nameEn": null, "cat": ["school"], "province": "cr", "slug": "1057120002", "rank": 3}}, {"type": "Feature", "geometry": {"type": "Point", "coordinates": [99.83173, 19.9104]}, "properties": {"id": "cr-osm-way-967034890", "name": "โรงเรียนอนุบาลเชียงราย", "nameTh": "โรงเรียนอนุบาลเชียงราย", "nameEn": "Anuban Chiang Rai School", "cat": ["school"], "province": "cr", "slug": "anuban-chiang-rai-school-967034890", "rank": 3}}, {"type": "Feature", "geometry": {"type": "Point", "coordinates": [99.84647, 19.93559]}, "properties": {"id": "cr-osm-way-1022604700", "name": "โรงเรียนอนุบาลเชียงราย (สันต้นเปา)", "nameTh": "โรงเรียนอนุบาลเชียงราย (สันต้นเปา)", "nameEn": "Anuban Chiangrai School (San Ton Pao)", "cat": ["school"], "province": "cr", "slug": "anuban-chiangrai-school-san-ton-pao-1022604700", "rank": 3}}, {"type": "Feature", "geometry": {"type": "Point", "coordinates": [99.81668, 19.85624]}, "properties": {"id": "cr-osm-way-1108105254", "name": "โรงเรียนอนุบาลเมืองเชียงราย (สันทรายราษฎร์ดรุณานุเคราะห์)", "nameTh": "โรงเรียนอนุบาลเมืองเชียงราย (สันทรายราษฎร์ดรุณานุเคราะห์)", "nameEn": "Anuban Muaeng Chiang Rai School (Sansai R.)", "cat": ["school"], "province": "cr", "slug": "anuban-muaeng-chiang-rai-school-sansai-r-1108105254", "rank": 4}}, {"type": "Feature", "geometry": {"type": "Point", "coordinates": [99.81647, 19.85589]}, "properties": {"id": "cr-obec-1057120068", "name": "โรงเรียนอนุบาลเมืองเชียงราย(สันทรายราษฎร์ดรุณานุเคราะห์)", "nameTh": "โรงเรียนอนุบาลเมืองเชียงราย(สันทรายราษฎร์ดรุณานุเคราะห์)", "nameEn": null, "cat": ["school"], "province": "cr", "slug": "1057120068", "rank": 3}}, {"type": "Feature", "geometry": {"type": "Point", "coordinates": [99.89437, 19.87882]}, "properties": {"id": "cr-obec-1057120515", "name": "โรงเรียนอนุบาลเวียงชัย", "nameTh": "โรงเรียนอนุบาลเวียงชัย", "nameEn": null, "cat": ["school"], "province": "cr", "slug": "1057120515", "rank": 3}}, {"type": "Feature", "geometry": {"type": "Point", "coordinates": [99.89468, 19.87855]}, "properties": {"id": "cr-osm-way-501089490", "name": "โรงเรียนอนุบาลเวียงชัย", "nameTh": "โรงเรียนอนุบาลเวียงชัย", "nameEn": "Wiang Chai Elementary School", "cat": ["school"], "province": "cr", "slug": "wiang-chai-elementary-school-501089490", "rank": 2}}, {"type": "Feature", "geometry": {"type": "Point", "coordinates": [99.50787, 19.36014]}, "properties": {"id": "cr-obec-1057120474", "name": "โรงเรียนอนุบาลเวียงป่าเป้า", "nameTh": "โรงเรียนอนุบาลเวียงป่าเป้า", "nameEn": null, "cat": ["school"], "province": "cr", "slug": "1057120474", "rank": 3}}, {"type": "Feature", "geometry": {"type": "Point", "coordinates": [100.03824, 19.99842]}, "properties": {"id": "cr-obec-1057120654", "name": "โรงเรียนอนุบาลเวียงเชียงรุ้ง", "nameTh": "โรงเรียนอนุบาลเวียงเชียงรุ้ง", "nameEn": null, "cat": ["school"], "province": "cr", "slug": "1057120654", "rank": 3}}, {"type": "Feature", "geometry": {"type": "Point", "coordinates": [100.5008, 20.10445]}, "properties": {"id": "cr-obec-1057120570", "name": "โรงเรียนอนุบาลเวียงแก่น", "nameTh": "โรงเรียนอนุบาลเวียงแก่น", "nameEn": null, "cat": ["school"], "province": "cr", "slug": "1057120570", "rank": 3}}, {"type": "Feature", "geometry": {"type": "Point", "coordinates": [100.50102, 20.10416]}, "properties": {"id": "cr-osm-way-297707202", "name": "โรงเรียนอนุบาลเวียงแก่น", "nameTh": "โรงเรียนอนุบาลเวียงแก่น", "nameEn": null, "cat": ["school"], "province": "cr", "slug": "297707202", "rank": 1}}, {"type": "Feature", "geometry": {"type": "Point", "coordinates": [99.51836, 19.20265]}, "properties": {"id": "cr-obec-1057120510", "name": "โรงเรียนอนุบาลแม่ขะจาน", "nameTh": "โรงเรียนอนุบาลแม่ขะจาน", "nameEn": null, "cat": ["school"], "province": "cr", "slug": "1057120510", "rank": 3}}, {"type": "Feature", "geometry": {"type": "Point", "coordinates": [99.81474, 20.29882]}, "properties": {"id": "cr-obec-1057120592", "name": "โรงเรียนอนุบาลแม่ฟ้าหลวง", "nameTh": "โรงเรียนอนุบาลแม่ฟ้าหลวง", "nameEn": null, "cat": ["school"], "province": "cr", "slug": "1057120592", "rank": 3}}, {"type": "Feature", "geometry": {"type": "Point", "coordinates": [99.71645, 19.71892]}, "properties": {"id": "cr-obec-1057120635", "name": "โรงเรียนอนุบาลแม่ลาว", "nameTh": "โรงเรียนอนุบาลแม่ลาว", "nameEn": null, "cat": ["school"], "province": "cr", "slug": "1057120635", "rank": 3}}, {"type": "Feature", "geometry": {"type": "Point", "coordinates": [99.54187, 19.65528]}, "properties": {"id": "cr-obec-1057120375", "name": "โรงเรียนอนุบาลแม่สรวย", "nameTh": "โรงเรียนอนุบาลแม่สรวย", "nameEn": null, "cat": ["school"], "province": "cr", "slug": "1057120375", "rank": 3}}, {"type": "Feature", "geometry": {"type": "Point", "coordinates": [99.54167, 19.65592]}, "properties": {"id": "cr-osm-node-7547790385", "name": "โรงเรียนอนุบาลแม่สรวย", "nameTh": "โรงเรียนอนุบาลแม่สรวย", "nameEn": "Mae Suai Anuban school", "cat": ["school"], "province": "cr", "slug": "mae-suai-anuban-school-7547790385", "rank": 2}}, {"type": "Feature", "geometry": {"type": "Point", "coordinates": [99.88139, 20.43533]}, "properties": {"id": "cr-osm-way-372005086", "name": "โรงเรียนอนุบาลแม่สาย", "nameTh": "โรงเรียนอนุบาลแม่สาย", "nameEn": "Mae Sai Kindergarten", "cat": ["school"], "province": "cr", "slug": "mae-sai-kindergarten-372005086", "rank": 2}}, {"type": "Feature", "geometry": {"type": "Point", "coordinates": [99.88169, 20.43498]}, "properties": {"id": "cr-obec-1057120464", "name": "โรงเรียนอนุบาลแม่สาย(สายศิลปศาสตร์)", "nameTh": "โรงเรียนอนุบาลแม่สาย(สายศิลปศาสตร์)", "nameEn": null, "cat": ["school"], "province": "cr", "slug": "1057120464", "rank": 3}}, {"type": "Feature", "geometry": {"type": "Point", "coordinates": [100.16088, 20.10642]}, "properties": {"id": "cr-obec-1057120681", "name": "โรงเรียนอนุบาลโชคชัย(บ้านแม่เลียบแม่บง)", "nameTh": "โรงเรียนอนุบาลโชคชัย(บ้านแม่เลียบแม่บง)", "nameEn": null, "cat": ["school"], "province": "cr", "slug": "1057120681", "rank": 3}}, {"type": "Feature", "geometry": {"type": "Point", "coordinates": [99.48898, 19.58648]}, "properties": {"id": "cr-obec-1057120398", "name": "โรงเรียนเจดีย์หลวงพิทยา", "nameTh": "โรงเรียนเจดีย์หลวงพิทยา", "nameEn": null, "cat": ["school"], "province": "cr", "slug": "1057120398", "rank": 3}}, {"type": "Feature", "geometry": {"type": "Point", "coordinates": [99.49418, 19.58092]}, "properties": {"id": "cr-osm-node-2138180260", "name": "โรงเรียนเจดีย์หลวงพิทยา", "nameTh": "โรงเรียนเจดีย์หลวงพิทยา", "nameEn": "Chedi Luang Phitthaya School", "cat": ["school"], "province": "cr", "slug": "chedi-luang-phitthaya-school-2138180260", "rank": 2}}, {"type": "Feature", "geometry": {"type": "Point", "coordinates": [99.74825, 19.60644]}, "properties": {"id": "cr-obec-1057120247", "name": "โรงเรียนเจริญเมืองวิทยา", "nameTh": "โรงเรียนเจริญเมืองวิทยา", "nameEn": null, "cat": ["school"], "province": "cr", "slug": "1057120247", "rank": 3}}, {"type": "Feature", "geometry": {"type": "Point", "coordinates": [99.74921, 19.60726]}, "properties": {"id": "cr-osm-node-13264268601", "name": "โรงเรียนเจริญเมืองวิทยา", "nameTh": "โรงเรียนเจริญเมืองวิทยา", "nameEn": "Charoenmoung Wittaya school", "cat": ["school"], "province": "cr", "slug": "charoenmoung-wittaya-school-13264268601", "rank": 2}}, {"type": "Feature", "geometry": {"type": "Point", "coordinates": [99.85181, 20.39882]}, "properties": {"id": "cr-obec-1057120468", "name": "โรงเรียนเจ้าพ่อหลวงอุปถัมภ์ ๕", "nameTh": "โรงเรียนเจ้าพ่อหลวงอุปถัมภ์ ๕", "nameEn": null, "cat": ["school"], "province": "cr", "slug": "1057120468", "rank": 3}}, {"type": "Feature", "geometry": {"type": "Point", "coordinates": [100.40928, 20.2369]}, "properties": {"id": "cr-obec-1057120705", "name": "โรงเรียนเชียงของวิทยาคม", "nameTh": "โรงเรียนเชียงของวิทยาคม", "nameEn": null, "cat": ["school"], "province": "cr", "slug": "1057120705", "rank": 3}}, {"type": "Feature", "geometry": {"type": "Point", "coordinates": [100.41249, 20.24489]}, "properties": {"id": "cr-osm-node-2423522137", "name": "โรงเรียนเชียงของวิทยาคม", "nameTh": "โรงเรียนเชียงของวิทยาคม", "nameEn": "Chiang Khong Witthayakhom", "cat": ["school"], "province": "cr", "slug": "chiang-khong-witthayakhom-2423522137", "rank": 2}}, {"type": "Feature", "geometry": {"type": "Point", "coordinates": [99.7809, 19.808]}, "properties": {"id": "cr-obec-1057120702", "name": "โรงเรียนเชียงรายปัญญานุกูล", "nameTh": "โรงเรียนเชียงรายปัญญานุกูล", "nameEn": null, "cat": ["school"], "province": "cr", "slug": "1057120702", "rank": 3}}, {"type": "Feature", "geometry": {"type": "Point", "coordinates": [99.82729, 19.90992]}, "properties": {"id": "cr-osm-relation-15585246", "name": "โรงเรียนเชียงรายวิทยาคม", "nameTh": "โรงเรียนเชียงรายวิทยาคม", "nameEn": "Chiang Rai Witthayakhom School", "cat": ["school"], "province": "cr", "slug": "chiang-rai-witthayakhom-school-15585246", "rank": 3}}, {"type": "Feature", "geometry": {"type": "Point", "coordinates": [99.8548, 20.14557]}, "properties": {"id": "cr-osm-node-2134857690", "name": "โรงเรียนเชียงแสนประชานุศาสตร์", "nameTh": "โรงเรียนเชียงแสนประชานุศาสตร์", "nameEn": null, "cat": ["school"], "province": "cr", "slug": "2134857690", "rank": 1}}, {"type": "Feature", "geometry": {"type": "Point", "coordinates": [99.85491, 20.14602]}, "properties": {"id": "cr-osm-way-204194597", "name": "โรงเรียนเชียงแสนประชานุศาสตร์ (โรงเรียนบ้านแม่จัน)", "nameTh": "โรงเรียนเชียงแสนประชานุศาสตร์ (โรงเรียนบ้านแม่จัน)", "nameEn": null, "cat": ["school"], "province": "cr", "slug": "204194597", "rank": 1}}, {"type": "Feature", "geometry": {"type": "Point", "coordinates": [100.0753, 20.27584]}, "properties": {"id": "cr-obec-1057120719", "name": "โรงเรียนเชียงแสนวิทยาคม", "nameTh": "โรงเรียนเชียงแสนวิทยาคม", "nameEn": null, "cat": ["school"], "province": "cr", "slug": "1057120719", "rank": 3}}, {"type": "Feature", "geometry": {"type": "Point", "coordinates": [99.85069, 19.89671]}, "properties": {"id": "cr-obec-1057120698", "name": "โรงเรียนเตรียมอุดมศึกษาพัฒนาการ เชียงราย", "nameTh": "โรงเรียนเตรียมอุดมศึกษาพัฒนาการ เชียงราย", "nameEn": null, "cat": ["school"], "province": "cr", "slug": "1057120698", "rank": 3}}, {"type": "Feature", "geometry": {"type": "Point", "coordinates": [99.85165, 19.8991]}, "properties": {"id": "cr-osm-way-1103996779", "name": "โรงเรียนเตรียมอุดมศึกษาพัฒนาการ เชียงราย", "nameTh": "โรงเรียนเตรียมอุดมศึกษาพัฒนาการ เชียงราย", "nameEn": "Chiang Rai Triam Udom Suksa Pattanakarn School", "cat": ["school"], "province": "cr", "slug": "chiang-rai-triam-udom-suksa-pattanakarn-school-1103996779", "rank": 4}}, {"type": "Feature", "geometry": {"type": "Point", "coordinates": [99.81709, 19.90143]}, "properties": {"id": "cr-osm-way-1043700629", "name": "โรงเรียนเทศบาล 5 เด่นห้า", "nameTh": "โรงเรียนเทศบาล 5 เด่นห้า", "nameEn": "Chiangrai Municipality School 5", "cat": ["school"], "province": "cr", "slug": "chiangrai-municipality-school-5-1043700629", "rank": 2}}, {"type": "Feature", "geometry": {"type": "Point", "coordinates": [99.86392, 19.92744]}, "properties": {"id": "cr-osm-relation-13779275", "name": "โรงเรียนเทศบาล 6 นครเชียงราย", "nameTh": "โรงเรียนเทศบาล 6 นครเชียงราย", "nameEn": "Chiang Rai Municipality School 6", "cat": ["school"], "province": "cr", "slug": "chiang-rai-municipality-school-6-13779275", "rank": 4}}, {"type": "Feature", "geometry": {"type": "Point", "coordinates": [99.85204, 19.92796]}, "properties": {"id": "cr-osm-way-550986950", "name": "โรงเรียนเทศบาล 7 ฝั่งหมิ่น", "nameTh": "โรงเรียนเทศบาล 7 ฝั่งหมิ่น", "nameEn": "Chiang Rai Municipal School 7 (Fangmin)", "cat": ["school"], "province": "cr", "slug": "chiang-rai-municipal-school-7-fangmin-550986950", "rank": 3}}, {"type": "Feature", "geometry": {"type": "Point", "coordinates": [99.83629, 19.92915]}, "properties": {"id": "cr-osm-way-967419284", "name": "โรงเรียนเทศบาล 8 บ้านใหม่", "nameTh": "โรงเรียนเทศบาล 8 บ้านใหม่", "nameEn": "Chiang Rai Municipality School 8 (Banmai)", "cat": ["school"], "province": "cr", "slug": "chiang-rai-municipality-school-8-banmai-967419284", "rank": 2}}, {"type": "Feature", "geometry": {"type": "Point", "coordinates": [99.83893, 19.90575]}, "properties": {"id": "cr-osm-way-1000088089", "name": "โรงเรียนเทศบาล ๑ ศรีเกิด", "nameTh": "โรงเรียนเทศบาล ๑ ศรีเกิด", "nameEn": "Chiang Rai Municipality School 1 Sirkerd", "cat": ["school"], "province": "cr", "slug": "chiang-rai-municipality-school-1-sirkerd-1000088089", "rank": 4}}, {"type": "Feature", "geometry": {"type": "Point", "coordinates": [99.84416, 19.90693]}, "properties": {"id": "cr-osm-way-1000188135", "name": "โรงเรียนเทศบาล ๒ หนองบัว", "nameTh": "โรงเรียนเทศบาล ๒ หนองบัว", "nameEn": "Chiang Rai Municipal School 2 Nong Bua", "cat": ["school"], "province": "cr", "slug": "chiang-rai-municipal-school-2-nong-bua-1000188135", "rank": 4}}, {"type": "Feature", "geometry": {"type": "Point", "coordinates": [99.83992, 19.89485]}, "properties": {"id": "cr-osm-node-9232315504", "name": "โรงเรียนเทศบาล ๓ ศรีทรายมูล", "nameTh": "โรงเรียนเทศบาล ๓ ศรีทรายมูล", "nameEn": null, "cat": ["school"], "province": "cr", "slug": "9232315504", "rank": 1}}, {"type": "Feature", "geometry": {"type": "Point", "coordinates": [99.82886, 19.88577]}, "properties": {"id": "cr-osm-way-1000190724", "name": "โรงเรียนเทศบาล ๔ สันป่าก่อ", "nameTh": "โรงเรียนเทศบาล ๔ สันป่าก่อ", "nameEn": "Chiang Rai Municipality School 4 San Pa Kao", "cat": ["school"], "province": "cr", "slug": "chiang-rai-municipality-school-4-san-pa-kao-1000190724", "rank": 3}}, {"type": "Feature", "geometry": {"type": "Point", "coordinates": [100.2015, 19.68592]}, "properties": {"id": "cr-obec-1057120708", "name": "โรงเรียนเทิงวิทยาคม", "nameTh": "โรงเรียนเทิงวิทยาคม", "nameEn": null, "cat": ["school"], "province": "cr", "slug": "1057120708", "rank": 3}}, {"type": "Feature", "geometry": {"type": "Point", "coordinates": [100.20021, 19.68504]}, "properties": {"id": "cr-osm-node-6424442787", "name": "โรงเรียนเทิงวิทยาคม", "nameTh": "โรงเรียนเทิงวิทยาคม", "nameEn": "Thoeng Vittayakom School", "cat": ["school"], "province": "cr", "slug": "thoeng-vittayakom-school-6424442787", "rank": 2}}, {"type": "Feature", "geometry": {"type": "Point", "coordinates": [100.36049, 19.80994]}, "properties": {"id": "cr-obec-1057120691", "name": "โรงเรียนเพียงหลวง  16 สาขาห้องเรียนบ้านร่มโพธิ์ทอง", "nameTh": "โรงเรียนเพียงหลวง  16 สาขาห้องเรียนบ้านร่มโพธิ์ทอง", "nameEn": null, "cat": ["school"], "province": "cr", "slug": "16-1057120691", "rank": 3}}, {"type": "Feature", "geometry": {"type": "Point", "coordinates": [100.40393, 19.78412]}, "properties": {"id": "cr-obec-1057120204", "name": "โรงเรียนเพียงหลวง 16", "nameTh": "โรงเรียนเพียงหลวง 16", "nameEn": null, "cat": ["school"], "province": "cr", "slug": "16-1057120204", "rank": 3}}, {"type": "Feature", "geometry": {"type": "Point", "coordinates": [100.2928, 19.79249]}, "properties": {"id": "cr-obec-1057120205", "name": "โรงเรียนเพียงหลวง 16 สาขาบ้านขุนต้า", "nameTh": "โรงเรียนเพียงหลวง 16 สาขาบ้านขุนต้า", "nameEn": null, "cat": ["school"], "province": "cr", "slug": "16-1057120205", "rank": 2}}, {"type": "Feature", "geometry": {"type": "Point", "coordinates": [100.39306, 19.74732]}, "properties": {"id": "cr-obec-1057120207", "name": "โรงเรียนเพียงหลวง 16 สาขาห้องเรียนบ้านพิทักษ์ไทย", "nameTh": "โรงเรียนเพียงหลวง 16 สาขาห้องเรียนบ้านพิทักษ์ไทย", "nameEn": null, "cat": ["school"], "province": "cr", "slug": "16-1057120207", "rank": 3}}, {"type": "Feature", "geometry": {"type": "Point", "coordinates": [100.40963, 19.79421]}, "properties": {"id": "cr-obec-1057120206", "name": "โรงเรียนเพียงหลวง 16 สาขาห้องเรียนบ้านร่มฟ้าไทย", "nameTh": "โรงเรียนเพียงหลวง 16 สาขาห้องเรียนบ้านร่มฟ้าไทย", "nameEn": null, "cat": ["school"], "province": "cr", "slug": "16-1057120206", "rank": 2}}, {"type": "Feature", "geometry": {"type": "Point", "coordinates": [100.38001, 19.75648]}, "properties": {"id": "cr-obec-1057120741", "name": "โรงเรียนเพียงหลวง 16 สาขาห้องเรียนบ้านเล่าตาขาว", "nameTh": "โรงเรียนเพียงหลวง 16 สาขาห้องเรียนบ้านเล่าตาขาว", "nameEn": null, "cat": ["school"], "province": "cr", "slug": "16-1057120741", "rank": 2}}, {"type": "Feature", "geometry": {"type": "Point", "coordinates": [100.39316, 19.74751]}, "properties": {"id": "cr-osm-node-6958968985", "name": "โรงเรียนเพียงหลวง 16 ห้องเรียนบ้านพิทักษ์ไทย", "nameTh": "โรงเรียนเพียงหลวง 16 ห้องเรียนบ้านพิทักษ์ไทย", "nameEn": "Piang Luang school , Pitakthai class room", "cat": ["school"], "province": "cr", "slug": "piang-luang-school-pitakthai-class-room-6958968985", "rank": 2}}, {"type": "Feature", "geometry": {"type": "Point", "coordinates": [99.87142, 20.0001]}, "properties": {"id": "cr-obec-1057120696", "name": "โรงเรียนเม็งรายมหาราชวิทยาคม", "nameTh": "โรงเรียนเม็งรายมหาราชวิทยาคม", "nameEn": null, "cat": ["school"], "province": "cr", "slug": "1057120696", "rank": 3}}, {"type": "Feature", "geometry": {"type": "Point", "coordinates": [99.49983, 19.59014]}, "properties": {"id": "cr-osm-node-2138310648", "name": "โรงเรียนเรืองปัญญา", "nameTh": "โรงเรียนเรืองปัญญา", "nameEn": "Rueang Panya School", "cat": ["school"], "province": "cr", "slug": "rueang-panya-school-2138310648", "rank": 2}}, {"type": "Feature", "geometry": {"type": "Point", "coordinates": [99.51331, 19.24164]}, "properties": {"id": "cr-obec-1057120498", "name": "โรงเรียนเวียงกาหลงวิทยา", "nameTh": "โรงเรียนเวียงกาหลงวิทยา", "nameEn": null, "cat": ["school"], "province": "cr", "slug": "1057120498", "rank": 2}}, {"type": "Feature", "geometry": {"type": "Point", "coordinates": [99.51281, 19.24123]}, "properties": {"id": "cr-osm-node-2126898513", "name": "โรงเรียนเวียงกาหลงวิทยา", "nameTh": "โรงเรียนเวียงกาหลงวิทยา", "nameEn": "Wiang Kalong School", "cat": ["school"], "province": "cr", "slug": "wiang-kalong-school-2126898513", "rank": 2}}, {"type": "Feature", "geometry": {"type": "Point", "coordinates": [99.93024, 19.87509]}, "properties": {"id": "cr-obec-1057120703", "name": "โรงเรียนเวียงชัยวิทยาคม", "nameTh": "โรงเรียนเวียงชัยวิทยาคม", "nameEn": null, "cat": ["school"], "province": "cr", "slug": "1057120703", "rank": 3}}, {"type": "Feature", "geometry": {"type": "Point", "coordinates": [99.93023, 19.87549]}, "properties": {"id": "cr-osm-way-310438684", "name": "โรงเรียนเวียงชัยวิทยาคม", "nameTh": "โรงเรียนเวียงชัยวิทยาคม", "nameEn": null, "cat": ["school"], "province": "cr", "slug": "310438684", "rank": 1}}, {"type": "Feature", "geometry": {"type": "Point", "coordinates": [99.51063, 19.36692]}, "properties": {"id": "cr-obec-1057120726", "name": "โรงเรียนเวียงป่าเป้าวิทยาคม", "nameTh": "โรงเรียนเวียงป่าเป้าวิทยาคม", "nameEn": null, "cat": ["school"], "province": "cr", "slug": "1057120726", "rank": 3}}, {"type": "Feature", "geometry": {"type": "Point", "coordinates": [99.35827, 19.6288]}, "properties": {"id": "cr-obec-1057120405", "name": "โรงเรียนเวียงผาวิทยา", "nameTh": "โรงเรียนเวียงผาวิทยา", "nameEn": null, "cat": ["school"], "province": "cr", "slug": "1057120405", "rank": 3}}, {"type": "Feature", "geometry": {"type": "Point", "coordinates": [99.85361, 19.52056]}, "properties": {"id": "cr-obec-1057120316", "name": "โรงเรียนเวียงห้าววิทยา", "nameTh": "โรงเรียนเวียงห้าววิทยา", "nameEn": null, "cat": ["school"], "province": "cr", "slug": "1057120316", "rank": 2}}, {"type": "Feature", "geometry": {"type": "Point", "coordinates": [100.00458, 19.95523]}, "properties": {"id": "cr-obec-1057120655", "name": "โรงเรียนเวียงเชียงรุ้งวิทยา", "nameTh": "โรงเรียนเวียงเชียงรุ้งวิทยา", "nameEn": null, "cat": ["school"], "province": "cr", "slug": "1057120655", "rank": 3}}, {"type": "Feature", "geometry": {"type": "Point", "coordinates": [100.03753, 20.00562]}, "properties": {"id": "cr-obec-1057120735", "name": "โรงเรียนเวียงเชียงรุ้งวิทยาคม", "nameTh": "โรงเรียนเวียงเชียงรุ้งวิทยาคม", "nameEn": null, "cat": ["school"], "province": "cr", "slug": "1057120735", "rank": 3}}, {"type": "Feature", "geometry": {"type": "Point", "coordinates": [100.19096, 19.68765]}, "properties": {"id": "cr-obec-1057120164", "name": "โรงเรียนเวียงเทิง(เทิงทำนุประชา)", "nameTh": "โรงเรียนเวียงเทิง(เทิงทำนุประชา)", "nameEn": null, "cat": ["school"], "province": "cr", "slug": "1057120164", "rank": 3}}, {"type": "Feature", "geometry": {"type": "Point", "coordinates": [100.19126, 19.68743]}, "properties": {"id": "cr-osm-way-760188669", "name": "โรงเรียนเวียงเทิง(เทิงทำนุประชา)", "nameTh": "โรงเรียนเวียงเทิง(เทิงทำนุประชา)", "nameEn": "Wiang Thoeng School", "cat": ["school"], "province": "cr", "slug": "wiang-thoeng-school-760188669", "rank": 2}}, {"type": "Feature", "geometry": {"type": "Point", "coordinates": [100.49788, 20.1041]}, "properties": {"id": "cr-obec-1057120730", "name": "โรงเรียนเวียงแก่นวิทยาคม", "nameTh": "โรงเรียนเวียงแก่นวิทยาคม", "nameEn": null, "cat": ["school"], "province": "cr", "slug": "1057120730", "rank": 3}}, {"type": "Feature", "geometry": {"type": "Point", "coordinates": [100.49868, 20.10442]}, "properties": {"id": "cr-osm-way-297707203", "name": "โรงเรียนเวียงแก่นวิทยาคม", "nameTh": "โรงเรียนเวียงแก่นวิทยาคม", "nameEn": null, "cat": ["school"], "province": "cr", "slug": "297707203", "rank": 1}}, {"type": "Feature", "geometry": {"type": "Point", "coordinates": [99.98844, 19.91436]}, "properties": {"id": "cr-obec-1057120520", "name": "โรงเรียนเวียงแก้ววิทยา", "nameTh": "โรงเรียนเวียงแก้ววิทยา", "nameEn": null, "cat": ["school"], "province": "cr", "slug": "1057120520", "rank": 3}}, {"type": "Feature", "geometry": {"type": "Point", "coordinates": [99.85469, 20.16932]}, "properties": {"id": "cr-obec-1057120716", "name": "โรงเรียนแม่จันวิทยาคม", "nameTh": "โรงเรียนแม่จันวิทยาคม", "nameEn": null, "cat": ["school"], "province": "cr", "slug": "1057120716", "rank": 3}}, {"type": "Feature", "geometry": {"type": "Point", "coordinates": [99.85461, 20.16952]}, "properties": {"id": "cr-osm-node-2146681192", "name": "โรงเรียนแม่จันวิทยาคม", "nameTh": "โรงเรียนแม่จันวิทยาคม", "nameEn": "Mae Chan School", "cat": ["school"], "province": "cr", "slug": "mae-chan-school-2146681192", "rank": 2}}, {"type": "Feature", "geometry": {"type": "Point", "coordinates": [99.5593, 19.46717]}, "properties": {"id": "cr-obec-1057120477", "name": "โรงเรียนแม่ตะละวิทยา", "nameTh": "โรงเรียนแม่ตะละวิทยา", "nameEn": null, "cat": ["school"], "province": "cr", "slug": "1057120477", "rank": 3}}, {"type": "Feature", "geometry": {"type": "Point", "coordinates": [100.24003, 19.95781]}, "properties": {"id": "cr-obec-1057120729", "name": "โรงเรียนแม่ต๋ำตาดควันวิทยาคม", "nameTh": "โรงเรียนแม่ต๋ำตาดควันวิทยาคม", "nameEn": null, "cat": ["school"], "province": "cr", "slug": "1057120729", "rank": 3}}, {"type": "Feature", "geometry": {"type": "Point", "coordinates": [99.60823, 19.86195]}, "properties": {"id": "cr-obec-1057120059", "name": "โรงเรียนแม่มอญวิทยา", "nameTh": "โรงเรียนแม่มอญวิทยา", "nameEn": null, "cat": ["school"], "province": "cr", "slug": "1057120059", "rank": 3}}, {"type": "Feature", "geometry": {"type": "Point", "coordinates": [99.78398, 19.95066]}, "properties": {"id": "cr-obec-1057120033", "name": "โรงเรียนแม่ยาววิทยา", "nameTh": "โรงเรียนแม่ยาววิทยา", "nameEn": null, "cat": ["school"], "province": "cr", "slug": "1057120033", "rank": 3}}, {"type": "Feature", "geometry": {"type": "Point", "coordinates": [99.78444, 19.95055]}, "properties": {"id": "cr-osm-way-383267459", "name": "โรงเรียนแม่ยาววิทยา", "nameTh": "โรงเรียนแม่ยาววิทยา", "nameEn": null, "cat": ["school"], "province": "cr", "slug": "383267459", "rank": 1}}, {"type": "Feature", "geometry": {"type": "Point", "coordinates": [99.70389, 19.74239]}, "properties": {"id": "cr-obec-1057120734", "name": "โรงเรียนแม่ลาววิทยาคม", "nameTh": "โรงเรียนแม่ลาววิทยาคม", "nameEn": null, "cat": ["school"], "province": "cr", "slug": "1057120734", "rank": 3}}, {"type": "Feature", "geometry": {"type": "Point", "coordinates": [99.7045, 19.74299]}, "properties": {"id": "cr-osm-node-2138380121", "name": "โรงเรียนแม่ลาววิทยาคม", "nameTh": "โรงเรียนแม่ลาววิทยาคม", "nameEn": "Maelaowittayakom School", "cat": ["school"], "province": "cr", "slug": "maelaowittayakom-school-2138380121", "rank": 2}}, {"type": "Feature", "geometry": {"type": "Point", "coordinates": [99.70443, 19.7432]}, "properties": {"id": "cr-osm-way-1126004389", "name": "โรงเรียนแม่ลาววิทยาคม", "nameTh": "โรงเรียนแม่ลาววิทยาคม", "nameEn": null, "cat": ["school"], "province": "cr", "slug": "1126004389", "rank": 1}}, {"type": "Feature", "geometry": {"type": "Point", "coordinates": [99.52728, 19.65895]}, "properties": {"id": "cr-obec-1057120723", "name": "โรงเรียนแม่สรวยวิทยาคม", "nameTh": "โรงเรียนแม่สรวยวิทยาคม", "nameEn": null, "cat": ["school"], "province": "cr", "slug": "1057120723", "rank": 3}}, {"type": "Feature", "geometry": {"type": "Point", "coordinates": [99.52741, 19.65947]}, "properties": {"id": "cr-osm-node-7550117387", "name": "โรงเรียนแม่สรวยวิทยาคม", "nameTh": "โรงเรียนแม่สรวยวิทยาคม", "nameEn": "Mae Suai Wittayakom school", "cat": ["school"], "province": "cr", "slug": "mae-suai-wittayakom-school-7550117387", "rank": 2}}, {"type": "Feature", "geometry": {"type": "Point", "coordinates": [99.8805, 20.42979]}, "properties": {"id": "cr-obec-1057120721", "name": "โรงเรียนแม่สายประสิทธิ์ศาสตร์", "nameTh": "โรงเรียนแม่สายประสิทธิ์ศาสตร์", "nameEn": null, "cat": ["school"], "province": "cr", "slug": "1057120721", "rank": 3}}, {"type": "Feature", "geometry": {"type": "Point", "coordinates": [99.88146, 20.4297]}, "properties": {"id": "cr-osm-way-371215803", "name": "โรงเรียนแม่สายประสิทธิ์ศาสตร์", "nameTh": "โรงเรียนแม่สายประสิทธิ์ศาสตร์", "nameEn": "Mae Sai Prasitsart School", "cat": ["school"], "province": "cr", "slug": "mae-sai-prasitsart-school-371215803", "rank": 3}}, {"type": "Feature", "geometry": {"type": "Point", "coordinates": [100.13458, 19.96354]}, "properties": {"id": "cr-osm-way-223132045", "name": "โรงเรียนแม่หลวงอุปถัมภไทยคีรี", "nameTh": "โรงเรียนแม่หลวงอุปถัมภไทยคีรี", "nameEn": null, "cat": ["school"], "province": "cr", "slug": "223132045", "rank": 1}}, {"type": "Feature", "geometry": {"type": "Point", "coordinates": [100.1343, 19.96403]}, "properties": {"id": "cr-obec-1057120551", "name": "โรงเรียนแม่หลวงอุปถัมภ์ไทยคีรี", "nameTh": "โรงเรียนแม่หลวงอุปถัมภ์ไทยคีรี", "nameEn": null, "cat": ["school"], "province": "cr", "slug": "1057120551", "rank": 2}}, {"type": "Feature", "geometry": {"type": "Point", "coordinates": [99.85257, 19.66103]}, "properties": {"id": "cr-obec-1057120297", "name": "โรงเรียนแม่อ้อประชารัฐ", "nameTh": "โรงเรียนแม่อ้อประชารัฐ", "nameEn": null, "cat": ["school"], "province": "cr", "slug": "1057120297", "rank": 3}}, {"type": "Feature", "geometry": {"type": "Point", "coordinates": [99.84993, 19.67737]}, "properties": {"id": "cr-obec-1057120713", "name": "โรงเรียนแม่อ้อวิทยาคม", "nameTh": "โรงเรียนแม่อ้อวิทยาคม", "nameEn": null, "cat": ["school"], "province": "cr", "slug": "1057120713", "rank": 3}}, {"type": "Feature", "geometry": {"type": "Point", "coordinates": [99.84992, 19.67675]}, "properties": {"id": "cr-osm-way-863313491", "name": "โรงเรียนแม่อ้อวิทยาคม", "nameTh": "โรงเรียนแม่อ้อวิทยาคม", "nameEn": "Mae Ao Wittayakhom School", "cat": ["school"], "province": "cr", "slug": "mae-ao-wittayakhom-school-863313491", "rank": 2}}, {"type": "Feature", "geometry": {"type": "Point", "coordinates": [99.5058, 19.20127]}, "properties": {"id": "cr-obec-1057120725", "name": "โรงเรียนแม่เจดีย์วิทยาคม", "nameTh": "โรงเรียนแม่เจดีย์วิทยาคม", "nameEn": null, "cat": ["school"], "province": "cr", "slug": "1057120725", "rank": 3}}, {"type": "Feature", "geometry": {"type": "Point", "coordinates": [100.22154, 20.1918]}, "properties": {"id": "cr-obec-1057120150", "name": "โรงเรียนแม่แอบวิทยาคม", "nameTh": "โรงเรียนแม่แอบวิทยาคม", "nameEn": null, "cat": ["school"], "province": "cr", "slug": "1057120150", "rank": 3}}, {"type": "Feature", "geometry": {"type": "Point", "coordinates": [99.93498, 19.87984]}, "properties": {"id": "cr-osm-way-500984584", "name": "โรงเรียนโปลิเทคนิคเชียงราย", "nameTh": "โรงเรียนโปลิเทคนิคเชียงราย", "nameEn": "Polytechnic Chiang Rai", "cat": ["school"], "province": "cr", "slug": "polytechnic-chiang-rai-500984584", "rank": 2}}, {"type": "Feature", "geometry": {"type": "Point", "coordinates": [99.46591, 19.88032]}, "properties": {"id": "cr-obec-1057120416", "name": "โรงเรียนโป่งกลางน้ำประชาสรรค์", "nameTh": "โรงเรียนโป่งกลางน้ำประชาสรรค์", "nameEn": null, "cat": ["school"], "province": "cr", "slug": "1057120416", "rank": 2}}, {"type": "Feature", "geometry": {"type": "Point", "coordinates": [99.82775, 19.63743]}, "properties": {"id": "cr-obec-1057120294", "name": "โรงเรียนโป่งทะลายใหม่เจริญ", "nameTh": "โรงเรียนโป่งทะลายใหม่เจริญ", "nameEn": null, "cat": ["school"], "province": "cr", "slug": "1057120294", "rank": 3}}, {"type": "Feature", "geometry": {"type": "Point", "coordinates": [99.79851, 20.12061]}, "properties": {"id": "cr-osm-node-2147430794", "name": "โรงเรียนโป่งน้ำร้อน", "nameTh": "โรงเรียนโป่งน้ำร้อน", "nameEn": null, "cat": ["school"], "province": "cr", "slug": "2147430794", "rank": 1}}, {"type": "Feature", "geometry": {"type": "Point", "coordinates": [99.47782, 19.12151]}, "properties": {"id": "cr-obec-1057120503", "name": "โรงเรียนโป่งน้ำร้อนวิทยา", "nameTh": "โรงเรียนโป่งน้ำร้อนวิทยา", "nameEn": null, "cat": ["school"], "province": "cr", "slug": "1057120503", "rank": 3}}, {"type": "Feature", "geometry": {"type": "Point", "coordinates": [99.47729, 19.12153]}, "properties": {"id": "cr-osm-way-251477356", "name": "โรงเรียนโป่งน้ำร้อนวิทยา", "nameTh": "โรงเรียนโป่งน้ำร้อนวิทยา", "nameEn": "Pongnamron School", "cat": ["school"], "province": "cr", "slug": "pongnamron-school-251477356", "rank": 2}}, {"type": "Feature", "geometry": {"type": "Point", "coordinates": [99.67683, 19.8067]}, "properties": {"id": "cr-obec-1057120645", "name": "โรงเรียนโป่งแพร่วิทยา", "nameTh": "โรงเรียนโป่งแพร่วิทยา", "nameEn": null, "cat": ["school"], "province": "cr", "slug": "1057120645", "rank": 3}}, {"type": "Feature", "geometry": {"type": "Point", "coordinates": [99.67684, 19.80666]}, "properties": {"id": "cr-osm-node-6631514660", "name": "โรงเรียนโป่งแพร่วิทยา", "nameTh": "โรงเรียนโป่งแพร่วิทยา", "nameEn": null, "cat": ["school"], "province": "cr", "slug": "6631514660", "rank": 1}}, {"type": "Feature", "geometry": {"type": "Point", "coordinates": [100.0599, 20.23486]}, "properties": {"id": "cr-obec-1057120131", "name": "โรงเรียนโยนกวิทยา", "nameTh": "โรงเรียนโยนกวิทยา", "nameEn": null, "cat": ["school"], "province": "cr", "slug": "1057120131", "rank": 3}}, {"type": "Feature", "geometry": {"type": "Point", "coordinates": [99.95661, 19.49919]}, "properties": {"id": "cr-obec-1057120224", "name": "โรงเรียนโรงช้างวิทยา", "nameTh": "โรงเรียนโรงช้างวิทยา", "nameEn": null, "cat": ["school"], "province": "cr", "slug": "1057120224", "rank": 3}}, {"type": "Feature", "geometry": {"type": "Point", "coordinates": [100.38281, 19.87801]}, "properties": {"id": "cr-obec-1057120586", "name": "โรงเรียนไตรมิตรวิทยา", "nameTh": "โรงเรียนไตรมิตรวิทยา", "nameEn": null, "cat": ["school"], "province": "cr", "slug": "1057120586", "rank": 3}}, {"type": "Feature", "geometry": {"type": "Point", "coordinates": [99.52583, 19.19997]}, "properties": {"id": "cr-obec-1057120509", "name": "โรงเรียนไทยรัฐวิทยา 32(บ้านสาขันหอม)", "nameTh": "โรงเรียนไทยรัฐวิทยา 32(บ้านสาขันหอม)", "nameEn": null, "cat": ["school"], "province": "cr", "slug": "32-1057120509", "rank": 3}}, {"type": "Feature", "geometry": {"type": "Point", "coordinates": [99.94885, 20.22588]}, "properties": {"id": "cr-obec-1057120358", "name": "โรงเรียนไทยรัฐวิทยา ๘๖ (บ้านป่าสักหลวง)", "nameTh": "โรงเรียนไทยรัฐวิทยา ๘๖ (บ้านป่าสักหลวง)", "nameEn": null, "cat": ["school"], "province": "cr", "slug": "1057120358", "rank": 3}}, {"type": "Feature", "geometry": {"type": "Point", "coordinates": [99.9486, 20.22544]}, "properties": {"id": "cr-osm-node-2212111471", "name": "โรงเรียนไทยรัฐวิทยา86", "nameTh": "โรงเรียนไทยรัฐวิทยา86", "nameEn": "Thai Rat Witthaya School", "cat": ["school"], "province": "cr", "slug": "thai-rat-witthaya-school-2212111471", "rank": 2}}, {"type": "Feature", "geometry": {"type": "Point", "coordinates": [100.12214, 19.75303]}, "properties": {"id": "cr-obec-1057120728", "name": "โรงเรียนไม้ยาวิทยาคม", "nameTh": "โรงเรียนไม้ยาวิทยาคม", "nameEn": null, "cat": ["school"], "province": "cr", "slug": "1057120728", "rank": 3}}, {"type": "Feature", "geometry": {"type": "Point", "coordinates": [99.62304, 20.10291]}, "properties": {"id": "cr-osm-node-6536421987", "name": "โรงเรียนไอยุ", "nameTh": "โรงเรียนไอยุ", "nameEn": "Aiyo schhol", "cat": ["school"], "province": "cr", "slug": "aiyo-schhol-6536421987", "rank": 2}}, {"type": "Feature", "geometry": {"type": "Point", "coordinates": [99.87721, 20.41941]}, "properties": {"id": "cr-osm-way-375366267", "name": "โฮงเฮียนเกิ่งวันบ้านผาแตก", "nameTh": "โฮงเฮียนเกิ่งวันบ้านผาแตก", "nameEn": "Phatak Half Day School", "cat": ["school"], "province": "cr", "slug": "phatak-half-day-school-375366267", "rank": 2}}, {"type": "Feature", "geometry": {"type": "Point", "coordinates": [99.46991, 20.36548]}, "properties": {"id": "cr-osm-node-4184957190", "name": "泰光小學", "nameTh": null, "nameEn": "Tai Kwong Primary School", "cat": ["school"], "province": "cr", "slug": "tai-kwong-primary-school-4184957190", "rank": 1}}]}