{"type": "FeatureCollection", "features": [{"type": "Feature", "geometry": {"type": "Point", "coordinates": [100.05101, 20.26912]}, "properties": {"id": "cr-osm-node-1093815375", "name": "Ban Ku Tao Temple", "nameTh": null, "nameEn": "Ban Ku Tao Temple", "cat": ["wat"], "province": "cr", "slug": "ban-ku-tao-temple-1093815375", "rank": 1}}, {"type": "Feature", "geometry": {"type": "Point", "coordinates": [99.86481, 20.4269]}, "properties": {"id": "cr-osm-way-1119105461", "name": "Big stupa", "nameTh": null, "nameEn": "Big stupa", "cat": ["wat"], "province": "cr", "slug": "big-stupa-1119105461", "rank": 1}}, {"type": "Feature", "geometry": {"type": "Point", "coordinates": [100.04343, 20.31956]}, "properties": {"id": "cr-osm-node-14002218518", "name": "CMC", "nameTh": null, "nameEn": "CMC", "cat": ["wat"], "province": "cr", "slug": "cmc-14002218518", "rank": 1}}, {"type": "Feature", "geometry": {"type": "Point", "coordinates": [100.03562, 20.28076]}, "properties": {"id": "cr-osm-way-1230432524", "name": "Doi Si Kaeo Temple", "nameTh": null, "nameEn": "Doi Si Kaeo Temple", "cat": ["wat"], "province": "cr", "slug": "doi-si-kaeo-temple-1230432524", "rank": 1}}, {"type": "Feature", "geometry": {"type": "Point", "coordinates": [99.76274, 19.82284]}, "properties": {"id": "cr-osm-node-6633037988", "name": "Ganesha Exhibition Hall", "nameTh": null, "nameEn": "Ganesha Exhibition Hall", "cat": ["wat"], "province": "cr", "slug": "ganesha-exhibition-hall-6633037988", "rank": 1}}, {"type": "Feature", "geometry": {"type": "Point", "coordinates": [99.89658, 20.04148]}, "properties": {"id": "cr-osm-way-93562986", "name": "Lan Tong", "nameTh": null, "nameEn": "Lan Tong", "cat": ["wat"], "province": "cr", "slug": "lan-tong-93562986", "rank": 1}}, {"type": "Feature", "geometry": {"type": "Point", "coordinates": [100.4068, 20.26429]}, "properties": {"id": "cr-osm-relation-10473140", "name": "Luang Chai Sathan", "nameTh": null, "nameEn": "Luang Chai Sathan", "cat": ["wat"], "province": "cr", "slug": "luang-chai-sathan-10473140", "rank": 1}}, {"type": "Feature", "geometry": {"type": "Point", "coordinates": [100.40691, 20.26423]}, "properties": {"id": "cr-osm-way-543650874", "name": "Luang Chai Sathan", "nameTh": null, "nameEn": "Luang Chai Sathan", "cat": ["wat"], "province": "cr", "slug": "luang-chai-sathan-543650874", "rank": 1}}, {"type": "Feature", "geometry": {"type": "Point", "coordinates": [99.62107, 20.15024]}, "properties": {"id": "cr-osm-node-2795726306", "name": "Sri Maha Pho Pagoda", "nameTh": null, "nameEn": "Sri Maha Pho Pagoda", "cat": ["wat"], "province": "cr", "slug": "sri-maha-pho-pagoda-2795726306", "rank": 1}}, {"type": "Feature", "geometry": {"type": "Point", "coordinates": [99.99834, 19.51095]}, "properties": {"id": "cr-osm-way-402084119", "name": "Stupa", "nameTh": null, "nameEn": "Stupa", "cat": ["wat"], "province": "cr", "slug": "stupa-402084119", "rank": 1}}, {"type": "Feature", "geometry": {"type": "Point", "coordinates": [100.00538, 19.47264]}, "properties": {"id": "cr-osm-way-402084137", "name": "Stupa", "nameTh": null, "nameEn": "Stupa", "cat": ["wat"], "province": "cr", "slug": "stupa-402084137", "rank": 1}}, {"type": "Feature", "geometry": {"type": "Point", "coordinates": [99.71612, 19.71627]}, "properties": {"id": "cr-osm-node-6631514622", "name": "Temple", "nameTh": null, "nameEn": "Temple", "cat": ["wat"], "province": "cr", "slug": "temple-6631514622", "rank": 1}}, {"type": "Feature", "geometry": {"type": "Point", "coordinates": [99.88887, 20.16338]}, "properties": {"id": "cr-osm-way-1015832659", "name": "Wat Ban Laeo", "nameTh": null, "nameEn": "Wat Ban Laeo", "cat": ["wat"], "province": "cr", "slug": "wat-ban-laeo-1015832659", "rank": 1}}, {"type": "Feature", "geometry": {"type": "Point", "coordinates": [100.40497, 20.27241]}, "properties": {"id": "cr-osm-way-758297044", "name": "Wat Hau Vieng", "nameTh": null, "nameEn": "Wat Hau Vieng", "cat": ["wat"], "province": "cr", "slug": "wat-hau-vieng-758297044", "rank": 1}}, {"type": "Feature", "geometry": {"type": "Point", "coordinates": [99.32863, 19.50092]}, "properties": {"id": "cr-osm-node-3529547962", "name": "Wat Huai Nam Khun", "nameTh": null, "nameEn": "Wat Huai Nam Khun", "cat": ["wat"], "province": "cr", "slug": "wat-huai-nam-khun-3529547962", "rank": 1}}, {"type": "Feature", "geometry": {"type": "Point", "coordinates": [100.01474, 20.28016]}, "properties": {"id": "cr-osm-node-11343074369", "name": "Wat Pang Wo Puang", "nameTh": null, "nameEn": "Wat Pang Wo Puang", "cat": ["wat"], "province": "cr", "slug": "wat-pang-wo-puang-11343074369", "rank": 1}}, {"type": "Feature", "geometry": {"type": "Point", "coordinates": [100.08804, 20.27774]}, "properties": {"id": "cr-osm-node-2212067430", "name": "Wat Pha Khao Pan", "nameTh": null, "nameEn": "Wat Pha Khao Pan", "cat": ["wat"], "province": "cr", "slug": "wat-pha-khao-pan-2212067430", "rank": 2}}, {"type": "Feature", "geometry": {"type": "Point", "coordinates": [100.08229, 20.27386]}, "properties": {"id": "cr-osm-node-2326555919", "name": "Wat Phra Buat", "nameTh": null, "nameEn": "Wat Phra Buat", "cat": ["wat"], "province": "cr", "slug": "wat-phra-buat-2326555919", "rank": 2}}, {"type": "Feature", "geometry": {"type": "Point", "coordinates": [100.08405, 20.27484]}, "properties": {"id": "cr-osm-way-527542325", "name": "Wat Phra Chao Lan Thong", "nameTh": null, "nameEn": "Wat Phra Chao Lan Thong", "cat": ["wat"], "province": "cr", "slug": "wat-phra-chao-lan-thong-527542325", "rank": 2}}, {"type": "Feature", "geometry": {"type": "Point", "coordinates": [100.18756, 19.69182]}, "properties": {"id": "cr-osm-way-1381555098", "name": "Wat Phra Kerd Kongkaram", "nameTh": null, "nameEn": "Wat Phra Kerd Kongkaram", "cat": ["wat"], "province": "cr", "slug": "wat-phra-kerd-kongkaram-1381555098", "rank": 1}}, {"type": "Feature", "geometry": {"type": "Point", "coordinates": [100.10809, 20.24451]}, "properties": {"id": "cr-osm-node-2876250409", "name": "Wat Phra That Pha Ngao", "nameTh": null, "nameEn": "Wat Phra That Pha Ngao", "cat": ["wat"], "province": "cr", "slug": "wat-phra-that-pha-ngao-2876250409", "rank": 1}}, {"type": "Feature", "geometry": {"type": "Point", "coordinates": [99.85154, 20.05086]}, "properties": {"id": "cr-osm-node-9796242918", "name": "Wat Phra That Pluthong Thamwararam", "nameTh": null, "nameEn": "Wat Phra That Pluthong Thamwararam", "cat": ["wat"], "province": "cr", "slug": "wat-phra-that-pluthong-thamwararam-9796242918", "rank": 1}}, {"type": "Feature", "geometry": {"type": "Point", "coordinates": [99.82586, 20.32761]}, "properties": {"id": "cr-osm-way-222735521", "name": "Wat Phrathat Doi Tung", "nameTh": null, "nameEn": "Wat Phrathat Doi Tung", "cat": ["wat"], "province": "cr", "slug": "wat-phrathat-doi-tung-222735521", "rank": 1}}, {"type": "Feature", "geometry": {"type": "Point", "coordinates": [99.60594, 20.11595]}, "properties": {"id": "cr-osm-node-2795726391", "name": "Wat Phrathat Thanchai", "nameTh": null, "nameEn": "Wat Phrathat Thanchai", "cat": ["wat"], "province": "cr", "slug": "wat-phrathat-thanchai-2795726391", "rank": 1}}, {"type": "Feature", "geometry": {"type": "Point", "coordinates": [100.08786, 20.2713]}, "properties": {"id": "cr-osm-node-2326558992", "name": "Wat Pong Sanuk", "nameTh": null, "nameEn": "Wat Pong Sanuk", "cat": ["wat"], "province": "cr", "slug": "wat-pong-sanuk-2326558992", "rank": 2}}, {"type": "Feature", "geometry": {"type": "Point", "coordinates": [99.49824, 19.18379]}, "properties": {"id": "cr-osm-way-346686210", "name": "Wat Prathat Maejedi", "nameTh": null, "nameEn": "Wat Prathat Maejedi", "cat": ["wat"], "province": "cr", "slug": "wat-prathat-maejedi-346686210", "rank": 1}}, {"type": "Feature", "geometry": {"type": "Point", "coordinates": [99.95545, 20.06044]}, "properties": {"id": "cr-osm-way-1380454917", "name": "Wat Thung Tom", "nameTh": null, "nameEn": "Wat Thung Tom", "cat": ["wat"], "province": "cr", "slug": "wat-thung-tom-1380454917", "rank": 1}}, {"type": "Feature", "geometry": {"type": "Point", "coordinates": [99.91134, 20.18415]}, "properties": {"id": "cr-osm-node-4527010748", "name": "What Doi To", "nameTh": null, "nameEn": "What Doi To", "cat": ["wat"], "province": "cr", "slug": "what-doi-to-4527010748", "rank": 1}}, {"type": "Feature", "geometry": {"type": "Point", "coordinates": [99.79513, 19.91968]}, "properties": {"id": "cr-osm-node-6180471085", "name": "cave with buddha", "nameTh": null, "nameEn": "cave with buddha", "cat": ["wat"], "province": "cr", "slug": "cave-with-buddha-6180471085", "rank": 1}}, {"type": "Feature", "geometry": {"type": "Point", "coordinates": [100.31969, 19.97063]}, "properties": {"id": "cr-osm-node-6984011485", "name": "คริสตจักรร่มเกล้าขุนตาล", "nameTh": "คริสตจักรร่มเกล้าขุนตาล", "nameEn": "Romklao Khuntan christian church", "cat": ["wat"], "province": "cr", "slug": "romklao-khuntan-christian-church-6984011485", "rank": 2}}, {"type": "Feature", "geometry": {"type": "Point", "coordinates": [99.832, 20.32532]}, "properties": {"id": "cr-osm-way-547707431", "name": "พระธาตุดอยตุง", "nameTh": "พระธาตุดอยตุง", "nameEn": "Phra That Doi Tung", "cat": ["wat"], "province": "cr", "slug": "phra-that-doi-tung-547707431", "rank": 2}}, {"type": "Feature", "geometry": {"type": "Point", "coordinates": [100.08148, 20.3524]}, "properties": {"id": "cr-osm-node-361391190", "name": "พระธาตุดอยภูเข้า (ปูเข้า)", "nameTh": "พระธาตุดอยภูเข้า (ปูเข้า)", "nameEn": "Phra That Doi Phu Khao (Pu Khao)", "cat": ["wat"], "province": "cr", "slug": "phra-that-doi-phu-khao-pu-khao-361391190", "rank": 2}}, {"type": "Feature", "geometry": {"type": "Point", "coordinates": [100.45707, 20.19578]}, "properties": {"id": "cr-osm-way-547153877", "name": "พระธาตุดอยแม่ย่าม่อน", "nameTh": "พระธาตุดอยแม่ย่าม่อน", "nameEn": null, "cat": ["wat"], "province": "cr", "slug": "547153877", "rank": 1}}, {"type": "Feature", "geometry": {"type": "Point", "coordinates": [99.833, 20.32427]}, "properties": {"id": "cr-osm-way-222735500", "name": "พระธาตุน้อยดอยตุง", "nameTh": "พระธาตุน้อยดอยตุง", "nameEn": "Phra That Doi Tung", "cat": ["wat"], "province": "cr", "slug": "phra-that-doi-tung-222735500", "rank": 3}}, {"type": "Feature", "geometry": {"type": "Point", "coordinates": [99.81158, 19.93036]}, "properties": {"id": "cr-osm-node-4125248307", "name": "พระธาตุวังซาง", "nameTh": "พระธาตุวังซาง", "nameEn": "Phrathat Wangsang", "cat": ["wat"], "province": "cr", "slug": "phrathat-wangsang-4125248307", "rank": 2}}, {"type": "Feature", "geometry": {"type": "Point", "coordinates": [99.85428, 20.04081]}, "properties": {"id": "cr-osm-node-3997578209", "name": "พระธาตุศรีโยนนกรัตนมงคล", "nameTh": "พระธาตุศรีโยนนกรัตนมงคล", "nameEn": null, "cat": ["wat"], "province": "cr", "slug": "3997578209", "rank": 1}}, {"type": "Feature", "geometry": {"type": "Point", "coordinates": [99.58916, 19.7074]}, "properties": {"id": "cr-osm-node-7512848386", "name": "พระธาตุโป่งปูเฟือง", "nameTh": "พระธาตุโป่งปูเฟือง", "nameEn": "Phra That Pong Pu Fuang pagoda", "cat": ["wat"], "province": "cr", "slug": "phra-that-pong-pu-fuang-pagoda-7512848386", "rank": 2}}, {"type": "Feature", "geometry": {"type": "Point", "coordinates": [99.62285, 20.16942]}, "properties": {"id": "cr-osm-way-1456759169", "name": "พระบรมธาตุเจดีย์", "nameTh": "พระบรมธาตุเจดีย์", "nameEn": "Phra Boromathat Chedi", "cat": ["wat"], "province": "cr", "slug": "phra-boromathat-chedi-1456759169", "rank": 2}}, {"type": "Feature", "geometry": {"type": "Point", "coordinates": [100.08306, 20.35237]}, "properties": {"id": "cr-osm-node-361391554", "name": "พระประธาน", "nameTh": "พระประธาน", "nameEn": "Biggest Buddha", "cat": ["wat"], "province": "cr", "slug": "biggest-buddha-361391554", "rank": 2}}, {"type": "Feature", "geometry": {"type": "Point", "coordinates": [99.9501, 19.8171]}, "properties": {"id": "cr-osm-node-11442253825", "name": "พระเจ้าทันใจ", "nameTh": "พระเจ้าทันใจ", "nameEn": null, "cat": ["wat"], "province": "cr", "slug": "11442253825", "rank": 1}}, {"type": "Feature", "geometry": {"type": "Point", "coordinates": [99.70575, 19.8376]}, "properties": {"id": "cr-osm-node-2139542405", "name": "วัด ฝั่งหมิ่น", "nameTh": "วัด ฝั่งหมิ่น", "nameEn": "What Fang Min", "cat": ["wat"], "province": "cr", "slug": "what-fang-min-2139542405", "rank": 2}}, {"type": "Feature", "geometry": {"type": "Point", "coordinates": [100.3753, 20.10727]}, "properties": {"id": "cr-onab-03571302002", "name": "วัดกลาง", "nameTh": "วัดกลาง", "nameEn": null, "cat": ["wat"], "province": "cr", "slug": "03571302002", "rank": 1}}, {"type": "Feature", "geometry": {"type": "Point", "coordinates": [99.51802, 19.20263]}, "properties": {"id": "cr-osm-node-2123257435", "name": "วัดกลาง", "nameTh": "วัดกลาง", "nameEn": "Wat Klang", "cat": ["wat"], "province": "cr", "slug": "wat-klang-2123257435", "rank": 2}}, {"type": "Feature", "geometry": {"type": "Point", "coordinates": [99.92625, 19.87621]}, "properties": {"id": "cr-osm-way-501699875", "name": "วัดกลางเวียง", "nameTh": "วัดกลางเวียง", "nameEn": "Klang Wiang Temple", "cat": ["wat"], "province": "cr", "slug": "klang-wiang-temple-501699875", "rank": 2}}, {"type": "Feature", "geometry": {"type": "Point", "coordinates": [99.76429, 19.58743]}, "properties": {"id": "cr-onab-03570501014", "name": "วัดกล้วยทรายงาม", "nameTh": "วัดกล้วยทรายงาม", "nameEn": null, "cat": ["wat"], "province": "cr", "slug": "03570501014", "rank": 1}}, {"type": "Feature", "geometry": {"type": "Point", "coordinates": [99.76429, 19.58743]}, "properties": {"id": "cr-onab-03570501001", "name": "วัดกว๋าวโท้ง", "nameTh": "วัดกว๋าวโท้ง", "nameEn": null, "cat": ["wat"], "province": "cr", "slug": "03570501001", "rank": 1}}, {"type": "Feature", "geometry": {"type": "Point", "coordinates": [99.66149, 20.24774]}, "properties": {"id": "cr-osm-way-549948905", "name": "วัดกาคำ", "nameTh": "วัดกาคำ", "nameEn": "Wat Phrathat Kha Kham", "cat": ["wat"], "province": "cr", "slug": "wat-phrathat-kha-kham-549948905", "rank": 2}}, {"type": "Feature", "geometry": {"type": "Point", "coordinates": [99.85629, 20.15054]}, "properties": {"id": "cr-osm-way-203683640", "name": "วัดกาสา", "nameTh": "วัดกาสา", "nameEn": "Wat Ka Sa", "cat": ["wat"], "province": "cr", "slug": "wat-ka-sa-203683640", "rank": 2}}, {"type": "Feature", "geometry": {"type": "Point", "coordinates": [99.7072, 19.8006]}, "properties": {"id": "cr-onab-03570503008", "name": "วัดกำพร้าวัวทอง", "nameTh": "วัดกำพร้าวัวทอง", "nameEn": null, "cat": ["wat"], "province": "cr", "slug": "03570503008", "rank": 1}}, {"type": "Feature", "geometry": {"type": "Point", "coordinates": [99.85732, 19.96928]}, "properties": {"id": "cr-onab-03570121004", "name": "วัดกู่ประสาท", "nameTh": "วัดกู่ประสาท", "nameEn": null, "cat": ["wat"], "province": "cr", "slug": "03570121004", "rank": 1}}, {"type": "Feature", "geometry": {"type": "Point", "coordinates": [99.76429, 19.58743]}, "properties": {"id": "cr-onab-03570506004", "name": "วัดกู่สูง", "nameTh": "วัดกู่สูง", "nameEn": null, "cat": ["wat"], "province": "cr", "slug": "03570506004", "rank": 1}}, {"type": "Feature", "geometry": {"type": "Point", "coordinates": [100.07273, 20.29545]}, "properties": {"id": "cr-onab-03570806005", "name": "วัดกู่เต้า", "nameTh": "วัดกู่เต้า", "nameEn": null, "cat": ["wat"], "province": "cr", "slug": "03570806005", "rank": 1}}, {"type": "Feature", "geometry": {"type": "Point", "coordinates": [99.76429, 19.58743]}, "properties": {"id": "cr-onab-03570502010", "name": "วัดกู่แก้ว", "nameTh": "วัดกู่แก้ว", "nameEn": null, "cat": ["wat"], "province": "cr", "slug": "03570502010", "rank": 1}}, {"type": "Feature", "geometry": {"type": "Point", "coordinates": [99.50432, 19.20352]}, "properties": {"id": "cr-onab-67257110001", "name": "วัดกู่แก้ว", "nameTh": "วัดกู่แก้ว", "nameEn": null, "cat": ["wat"], "province": "cr", "slug": "67257110001", "rank": 1}}, {"type": "Feature", "geometry": {"type": "Point", "coordinates": [100.3753, 20.10727]}, "properties": {"id": "cr-onab-03571304001", "name": "วัดขวากเหนือ", "nameTh": "วัดขวากเหนือ", "nameEn": null, "cat": ["wat"], "province": "cr", "slug": "03571304001", "rank": 1}}, {"type": "Feature", "geometry": {"type": "Point", "coordinates": [100.3753, 20.10727]}, "properties": {"id": "cr-onab-03571304002", "name": "วัดขวากใต้", "nameTh": "วัดขวากใต้", "nameEn": null, "cat": ["wat"], "province": "cr", "slug": "03571304002", "rank": 1}}, {"type": "Feature", "geometry": {"type": "Point", "coordinates": [99.85049, 19.95518]}, "properties": {"id": "cr-osm-way-584176181", "name": "วัดขัวแคร่", "nameTh": "วัดขัวแคร่", "nameEn": "Wat Khua Khrae", "cat": ["wat"], "province": "cr", "slug": "wat-khua-khrae-584176181", "rank": 3}}, {"type": "Feature", "geometry": {"type": "Point", "coordinates": [99.74362, 20.18]}, "properties": {"id": "cr-onab-03570711006", "name": "วัดคงคาราม", "nameTh": "วัดคงคาราม", "nameEn": null, "cat": ["wat"], "province": "cr", "slug": "03570711006", "rank": 1}}, {"type": "Feature", "geometry": {"type": "Point", "coordinates": [100.40969, 20.23271]}, "properties": {"id": "cr-onab-03570303001", "name": "วัดครึ่งเหนือ", "nameTh": "วัดครึ่งเหนือ", "nameEn": null, "cat": ["wat"], "province": "cr", "slug": "03570303001", "rank": 1}}, {"type": "Feature", "geometry": {"type": "Point", "coordinates": [100.40969, 20.23271]}, "properties": {"id": "cr-onab-03570303004", "name": "วัดครึ่งใต้", "nameTh": "วัดครึ่งใต้", "nameEn": null, "cat": ["wat"], "province": "cr", "slug": "03570303004", "rank": 1}}, {"type": "Feature", "geometry": {"type": "Point", "coordinates": [99.80991, 19.88288]}, "properties": {"id": "cr-onab-03570102006", "name": "วัดคีรีชัย", "nameTh": "วัดคีรีชัย", "nameEn": null, "cat": ["wat"], "province": "cr", "slug": "03570102006", "rank": 1}}, {"type": "Feature", "geometry": {"type": "Point", "coordinates": [99.50605, 19.70424]}, "properties": {"id": "cr-onab-03571003006", "name": "วัดคีรีท่าสุด", "nameTh": "วัดคีรีท่าสุด", "nameEn": null, "cat": ["wat"], "province": "cr", "slug": "03571003006", "rank": 1}}, {"type": "Feature", "geometry": {"type": "Point", "coordinates": [99.76429, 19.58743]}, "properties": {"id": "cr-onab-03570508011", "name": "วัดคีรีธรรมาราม", "nameTh": "วัดคีรีธรรมาราม", "nameEn": null, "cat": ["wat"], "province": "cr", "slug": "03570508011", "rank": 1}}, {"type": "Feature", "geometry": {"type": "Point", "coordinates": [99.83569, 20.17682]}, "properties": {"id": "cr-osm-node-4527119253", "name": "วัดคีรีพัธยา", "nameTh": "วัดคีรีพัธยา", "nameEn": "Watkeereepathaya Temple", "cat": ["wat"], "province": "cr", "slug": "watkeereepathaya-temple-4527119253", "rank": 2}}, {"type": "Feature", "geometry": {"type": "Point", "coordinates": [99.76429, 19.58743]}, "properties": {"id": "cr-onab-03570507005", "name": "วัดคีรีมงคล", "nameTh": "วัดคีรีมงคล", "nameEn": null, "cat": ["wat"], "province": "cr", "slug": "03570507005", "rank": 1}}, {"type": "Feature", "geometry": {"type": "Point", "coordinates": [99.4853, 19.46924]}, "properties": {"id": "cr-osm-node-2136775762", "name": "วัดคีรีรัตนมงคล (ม)", "nameTh": "วัดคีรีรัตนมงคล (ม)", "nameEn": "Wat Khiri Rattana Mongkhon", "cat": ["wat"], "province": "cr", "slug": "wat-khiri-rattana-mongkhon-2136775762", "rank": 2}}, {"type": "Feature", "geometry": {"type": "Point", "coordinates": [99.50605, 19.70424]}, "properties": {"id": "cr-onab-67157100001", "name": "วัดคีรีรัตน์มงคล", "nameTh": "วัดคีรีรัตน์มงคล", "nameEn": null, "cat": ["wat"], "province": "cr", "slug": "67157100001", "rank": 1}}, {"type": "Feature", "geometry": {"type": "Point", "coordinates": [99.76429, 19.58743]}, "properties": {"id": "cr-onab-03570508008", "name": "วัดงิ้วเฒ่า", "nameTh": "วัดงิ้วเฒ่า", "nameEn": null, "cat": ["wat"], "province": "cr", "slug": "03570508008", "rank": 1}}, {"type": "Feature", "geometry": {"type": "Point", "coordinates": [100.07273, 20.29545]}, "properties": {"id": "cr-onab-03570804008", "name": "วัดงิ้วแก้วพัฒนา", "nameTh": "วัดงิ้วแก้วพัฒนา", "nameEn": null, "cat": ["wat"], "province": "cr", "slug": "03570804008", "rank": 1}}, {"type": "Feature", "geometry": {"type": "Point", "coordinates": [99.74362, 20.18]}, "properties": {"id": "cr-onab-03570701011", "name": "วัดจอป่าคา", "nameTh": "วัดจอป่าคา", "nameEn": null, "cat": ["wat"], "province": "cr", "slug": "03570701011", "rank": 1}}, {"type": "Feature", "geometry": {"type": "Point", "coordinates": [99.85732, 19.96928]}, "properties": {"id": "cr-onab-03570106007", "name": "วัดจอมคีรี", "nameTh": "วัดจอมคีรี", "nameEn": null, "cat": ["wat"], "province": "cr", "slug": "03570106007", "rank": 1}}, {"type": "Feature", "geometry": {"type": "Point", "coordinates": [99.83396, 20.18647]}, "properties": {"id": "cr-onab-03570704008", "name": "วัดจอมคีรีพัทธญา", "nameTh": "วัดจอมคีรีพัทธญา", "nameEn": null, "cat": ["wat"], "province": "cr", "slug": "03570704008", "rank": 1}}, {"type": "Feature", "geometry": {"type": "Point", "coordinates": [99.74362, 20.18]}, "properties": {"id": "cr-onab-03570705007", "name": "วัดจอมจันทร์", "nameTh": "วัดจอมจันทร์", "nameEn": null, "cat": ["wat"], "province": "cr", "slug": "03570705007", "rank": 1}}, {"type": "Feature", "geometry": {"type": "Point", "coordinates": [99.98527, 19.8072]}, "properties": {"id": "cr-osm-way-1233190520", "name": "วัดจอเจริญสุขุมวาส", "nameTh": "วัดจอเจริญสุขุมวาส", "nameEn": "Wat Cho Charoen Sukhumwat", "cat": ["wat"], "province": "cr", "slug": "wat-cho-charoen-sukhumwat-1233190520", "rank": 2}}, {"type": "Feature", "geometry": {"type": "Point", "coordinates": [99.74362, 20.18]}, "properties": {"id": "cr-onab-03570705008", "name": "วัดจันตาโลก(ชัยมงคล)", "nameTh": "วัดจันตาโลก(ชัยมงคล)", "nameEn": null, "cat": ["wat"], "province": "cr", "slug": "03570705008", "rank": 1}}, {"type": "Feature", "geometry": {"type": "Point", "coordinates": [99.74362, 20.18]}, "properties": {"id": "cr-onab-03570708009", "name": "วัดจันทราราม", "nameTh": "วัดจันทราราม", "nameEn": null, "cat": ["wat"], "province": "cr", "slug": "03570708009", "rank": 1}}, {"type": "Feature", "geometry": {"type": "Point", "coordinates": [99.76429, 19.58743]}, "properties": {"id": "cr-onab-03570505002", "name": "วัดจำคาวตอง", "nameTh": "วัดจำคาวตอง", "nameEn": null, "cat": ["wat"], "province": "cr", "slug": "03570505002", "rank": 1}}, {"type": "Feature", "geometry": {"type": "Point", "coordinates": [99.82783, 19.90127]}, "properties": {"id": "cr-onab-03570115005", "name": "วัดจำบอน", "nameTh": "วัดจำบอน", "nameEn": null, "cat": ["wat"], "province": "cr", "slug": "03570115005", "rank": 1}}, {"type": "Feature", "geometry": {"type": "Point", "coordinates": [100.40969, 20.23271]}, "properties": {"id": "cr-onab-03570301011", "name": "วัดจำปา", "nameTh": "วัดจำปา", "nameEn": null, "cat": ["wat"], "province": "cr", "slug": "03570301011", "rank": 1}}, {"type": "Feature", "geometry": {"type": "Point", "coordinates": [99.76429, 19.58743]}, "properties": {"id": "cr-onab-03570502003", "name": "วัดจำผักกูด", "nameTh": "วัดจำผักกูด", "nameEn": null, "cat": ["wat"], "province": "cr", "slug": "03570502003", "rank": 1}}, {"type": "Feature", "geometry": {"type": "Point", "coordinates": [100.30283, 19.92655]}, "properties": {"id": "cr-osm-way-548919694", "name": "วัดชมภู", "nameTh": "วัดชมภู", "nameEn": "Wat Chom Phu", "cat": ["wat"], "province": "cr", "slug": "wat-chom-phu-548919694", "rank": 2}}, {"type": "Feature", "geometry": {"type": "Point", "coordinates": [99.76429, 19.58743]}, "properties": {"id": "cr-onab-03570513012", "name": "วัดชัยมงคล", "nameTh": "วัดชัยมงคล", "nameEn": null, "cat": ["wat"], "province": "cr", "slug": "03570513012", "rank": 1}}, {"type": "Feature", "geometry": {"type": "Point", "coordinates": [99.83396, 20.18647]}, "properties": {"id": "cr-onab-03571703003", "name": "วัดชัยมงคล", "nameTh": "วัดชัยมงคล", "nameEn": null, "cat": ["wat"], "province": "cr", "slug": "03571703003", "rank": 1}}, {"type": "Feature", "geometry": {"type": "Point", "coordinates": [99.87383, 20.17303]}, "properties": {"id": "cr-osm-node-2334819336", "name": "วัดชัยมงคล", "nameTh": "วัดชัยมงคล", "nameEn": "Wat Chai Mongkhon", "cat": ["wat"], "province": "cr", "slug": "wat-chai-mongkhon-2334819336", "rank": 2}}, {"type": "Feature", "geometry": {"type": "Point", "coordinates": [100.19503, 19.68562]}, "properties": {"id": "cr-onab-03570401004", "name": "วัดช้างค้ำ", "nameTh": "วัดช้างค้ำ", "nameEn": null, "cat": ["wat"], "province": "cr", "slug": "03570401004", "rank": 1}}, {"type": "Feature", "geometry": {"type": "Point", "coordinates": [100.33542, 19.99264]}, "properties": {"id": "cr-onab-03570304003", "name": "วัดซาววา", "nameTh": "วัดซาววา", "nameEn": null, "cat": ["wat"], "province": "cr", "slug": "03570304003", "rank": 1}}, {"type": "Feature", "geometry": {"type": "Point", "coordinates": [99.76429, 19.58743]}, "properties": {"id": "cr-onab-03570515002", "name": "วัดดงก้อม", "nameTh": "วัดดงก้อม", "nameEn": null, "cat": ["wat"], "province": "cr", "slug": "03570515002", "rank": 1}}, {"type": "Feature", "geometry": {"type": "Point", "coordinates": [99.7072, 19.8006]}, "properties": {"id": "cr-onab-03570503003", "name": "วัดดงขนุน", "nameTh": "วัดดงขนุน", "nameEn": null, "cat": ["wat"], "province": "cr", "slug": "03570503003", "rank": 1}}, {"type": "Feature", "geometry": {"type": "Point", "coordinates": [99.76429, 19.58743]}, "properties": {"id": "cr-onab-03570502008", "name": "วัดดงชัย", "nameTh": "วัดดงชัย", "nameEn": null, "cat": ["wat"], "province": "cr", "slug": "03570502008", "rank": 1}}, {"type": "Feature", "geometry": {"type": "Point", "coordinates": [99.76429, 19.58743]}, "properties": {"id": "cr-onab-03570507004", "name": "วัดดงตะเคียน", "nameTh": "วัดดงตะเคียน", "nameEn": null, "cat": ["wat"], "province": "cr", "slug": "03570507004", "rank": 1}}, {"type": "Feature", "geometry": {"type": "Point", "coordinates": [99.82783, 19.90127]}, "properties": {"id": "cr-onab-03570113008", "name": "วัดดงป่าเหมี้ยง", "nameTh": "วัดดงป่าเหมี้ยง", "nameEn": null, "cat": ["wat"], "province": "cr", "slug": "03570113008", "rank": 1}}, {"type": "Feature", "geometry": {"type": "Point", "coordinates": [99.76429, 19.58743]}, "properties": {"id": "cr-onab-03570506006", "name": "วัดดงมะคอแลน", "nameTh": "วัดดงมะคอแลน", "nameEn": null, "cat": ["wat"], "province": "cr", "slug": "03570506006", "rank": 1}}, {"type": "Feature", "geometry": {"type": "Point", "coordinates": [99.69906, 19.73441]}, "properties": {"id": "cr-osm-way-486091457", "name": "วัดดงมะดะ", "nameTh": "วัดดงมะดะ", "nameEn": "Wat Dong Ma Da", "cat": ["wat"], "province": "cr", "slug": "wat-dong-ma-da-486091457", "rank": 2}}, {"type": "Feature", "geometry": {"type": "Point", "coordinates": [99.77325, 20.24948]}, "properties": {"id": "cr-onab-03570710003", "name": "วัดดงมะตืน", "nameTh": "วัดดงมะตืน", "nameEn": null, "cat": ["wat"], "province": "cr", "slug": "03570710003", "rank": 1}}, {"type": "Feature", "geometry": {"type": "Point", "coordinates": [99.82783, 19.90127]}, "properties": {"id": "cr-onab-03570113015", "name": "วัดดงมะผาง", "nameTh": "วัดดงมะผาง", "nameEn": null, "cat": ["wat"], "province": "cr", "slug": "03570113015", "rank": 1}}, {"type": "Feature", "geometry": {"type": "Point", "coordinates": [99.7072, 19.8006]}, "properties": {"id": "cr-onab-03571602001", "name": "วัดดงมะเฟือง", "nameTh": "วัดดงมะเฟือง", "nameEn": null, "cat": ["wat"], "province": "cr", "slug": "03571602001", "rank": 1}}, {"type": "Feature", "geometry": {"type": "Point", "coordinates": [99.88239, 20.42425]}, "properties": {"id": "cr-onab-03570909007", "name": "วัดดงม่วงคำ", "nameTh": "วัดดงม่วงคำ", "nameEn": null, "cat": ["wat"], "province": "cr", "slug": "03570909007", "rank": 1}}, {"type": "Feature", "geometry": {"type": "Point", "coordinates": [99.80991, 19.88288]}, "properties": {"id": "cr-onab-03570102013", "name": "วัดดงหนองเป็ด", "nameTh": "วัดดงหนองเป็ด", "nameEn": null, "cat": ["wat"], "province": "cr", "slug": "03570102013", "rank": 1}}, {"type": "Feature", "geometry": {"type": "Point", "coordinates": [100.42508, 20.15147]}, "properties": {"id": "cr-osm-way-547154799", "name": "วัดดงหลวง", "nameTh": "วัดดงหลวง", "nameEn": "Wat Don Luang", "cat": ["wat"], "province": "cr", "slug": "wat-don-luang-547154799", "rank": 2}}, {"type": "Feature", "geometry": {"type": "Point", "coordinates": [99.76429, 19.58743]}, "properties": {"id": "cr-onab-03570506005", "name": "วัดดงเจริญ", "nameTh": "วัดดงเจริญ", "nameEn": null, "cat": ["wat"], "province": "cr", "slug": "03570506005", "rank": 1}}, {"type": "Feature", "geometry": {"type": "Point", "coordinates": [99.04659, 18.78938]}, "properties": {"id": "cr-onab-03570511007", "name": "วัดดวงดี", "nameTh": "วัดดวงดี", "nameEn": null, "cat": ["wat"], "province": "cr", "slug": "03570511007", "rank": 1}}, {"type": "Feature", "geometry": {"type": "Point", "coordinates": [100.3753, 20.10727]}, "properties": {"id": "cr-onab-03571302001", "name": "วัดดอน", "nameTh": "วัดดอน", "nameEn": null, "cat": ["wat"], "province": "cr", "slug": "03571302001", "rank": 1}}, {"type": "Feature", "geometry": {"type": "Point", "coordinates": [99.74362, 20.18]}, "properties": {"id": "cr-onab-03571801004", "name": "วัดดอนงาม", "nameTh": "วัดดอนงาม", "nameEn": null, "cat": ["wat"], "province": "cr", "slug": "03571801004", "rank": 1}}, {"type": "Feature", "geometry": {"type": "Point", "coordinates": [99.7072, 19.8006]}, "properties": {"id": "cr-onab-03571602002", "name": "วัดดอนจั่น", "nameTh": "วัดดอนจั่น", "nameEn": null, "cat": ["wat"], "province": "cr", "slug": "03571602002", "rank": 1}}, {"type": "Feature", "geometry": {"type": "Point", "coordinates": [99.76429, 19.58743]}, "properties": {"id": "cr-onab-03570513013", "name": "วัดดอนตัน", "nameTh": "วัดดอนตัน", "nameEn": null, "cat": ["wat"], "province": "cr", "slug": "03570513013", "rank": 1}}, {"type": "Feature", "geometry": {"type": "Point", "coordinates": [100.40969, 20.23271]}, "properties": {"id": "cr-onab-03570310003", "name": "วัดดอนที่", "nameTh": "วัดดอนที่", "nameEn": null, "cat": ["wat"], "province": "cr", "slug": "03570310003", "rank": 1}}, {"type": "Feature", "geometry": {"type": "Point", "coordinates": [100.40969, 20.23271]}, "properties": {"id": "cr-onab-03570301010", "name": "วัดดอนมหาวัน", "nameTh": "วัดดอนมหาวัน", "nameEn": null, "cat": ["wat"], "province": "cr", "slug": "03570301010", "rank": 1}}, {"type": "Feature", "geometry": {"type": "Point", "coordinates": [99.85483, 20.24756]}, "properties": {"id": "cr-osm-node-2172382585", "name": "วัดดอนมูล", "nameTh": "วัดดอนมูล", "nameEn": "Wat Don Mun", "cat": ["wat"], "province": "cr", "slug": "wat-don-mun-2172382585", "rank": 2}}, {"type": "Feature", "geometry": {"type": "Point", "coordinates": [99.82783, 19.90127]}, "properties": {"id": "cr-onab-03570115009", "name": "วัดดอนเจริญ", "nameTh": "วัดดอนเจริญ", "nameEn": null, "cat": ["wat"], "province": "cr", "slug": "03570115009", "rank": 1}}, {"type": "Feature", "geometry": {"type": "Point", "coordinates": [99.82783, 19.90127]}, "properties": {"id": "cr-onab-03570115001", "name": "วัดดอนเรือง", "nameTh": "วัดดอนเรือง", "nameEn": null, "cat": ["wat"], "province": "cr", "slug": "03570115001", "rank": 1}}, {"type": "Feature", "geometry": {"type": "Point", "coordinates": [100.40969, 20.23271]}, "properties": {"id": "cr-onab-03570305006", "name": "วัดดอนแก้ว", "nameTh": "วัดดอนแก้ว", "nameEn": null, "cat": ["wat"], "province": "cr", "slug": "03570305006", "rank": 1}}, {"type": "Feature", "geometry": {"type": "Point", "coordinates": [100.07785, 19.63572]}, "properties": {"id": "cr-osm-way-548642796", "name": "วัดดอนแท่น", "nameTh": "วัดดอนแท่น", "nameEn": "Wat Don Thaen", "cat": ["wat"], "province": "cr", "slug": "wat-don-thaen-548642796", "rank": 2}}, {"type": "Feature", "geometry": {"type": "Point", "coordinates": [99.49388, 19.28465]}, "properties": {"id": "cr-osm-node-1379841226", "name": "วัดดอย", "nameTh": "วัดดอย", "nameEn": null, "cat": ["wat"], "province": "cr", "slug": "1379841226", "rank": 1}}, {"type": "Feature", "geometry": {"type": "Point", "coordinates": [99.83396, 20.18647]}, "properties": {"id": "cr-onab-03571703005", "name": "วัดดอยกู่", "nameTh": "วัดดอยกู่", "nameEn": null, "cat": ["wat"], "province": "cr", "slug": "03571703005", "rank": 1}}, {"type": "Feature", "geometry": {"type": "Point", "coordinates": [100.07273, 20.29545]}, "properties": {"id": "cr-onab-03570806007", "name": "วัดดอยงาม", "nameTh": "วัดดอยงาม", "nameEn": null, "cat": ["wat"], "province": "cr", "slug": "03570806007", "rank": 1}}, {"type": "Feature", "geometry": {"type": "Point", "coordinates": [99.74362, 20.18]}, "properties": {"id": "cr-onab-03571801002", "name": "วัดดอยงาม", "nameTh": "วัดดอยงาม", "nameEn": null, "cat": ["wat"], "province": "cr", "slug": "03571801002", "rank": 1}}, {"type": "Feature", "geometry": {"type": "Point", "coordinates": [99.82502, 19.91251]}, "properties": {"id": "cr-osm-way-487642343", "name": "วัดดอยงำเมือง", "nameTh": "วัดดอยงำเมือง", "nameEn": "Wat Ngam Muang", "cat": ["wat"], "province": "cr", "slug": "wat-ngam-muang-487642343", "rank": 3}}, {"type": "Feature", "geometry": {"type": "Point", "coordinates": [100.07273, 20.29545]}, "properties": {"id": "cr-onab-03570806006", "name": "วัดดอยจัน", "nameTh": "วัดดอยจัน", "nameEn": null, "cat": ["wat"], "province": "cr", "slug": "03570806006", "rank": 1}}, {"type": "Feature", "geometry": {"type": "Point", "coordinates": [100.02285, 20.28556]}, "properties": {"id": "cr-osm-node-2327229543", "name": "วัดดอยจำปี", "nameTh": "วัดดอยจำปี", "nameEn": "Wat Doi Champi", "cat": ["wat"], "province": "cr", "slug": "wat-doi-champi-2327229543", "rank": 2}}, {"type": "Feature", "geometry": {"type": "Point", "coordinates": [99.50605, 19.70424]}, "properties": {"id": "cr-onab-03571004002", "name": "วัดดอยจ้อง", "nameTh": "วัดดอยจ้อง", "nameEn": null, "cat": ["wat"], "province": "cr", "slug": "03571004002", "rank": 1}}, {"type": "Feature", "geometry": {"type": "Point", "coordinates": [99.82783, 19.90127]}, "properties": {"id": "cr-onab-03571605007", "name": "วัดดอยชมภู", "nameTh": "วัดดอยชมภู", "nameEn": null, "cat": ["wat"], "province": "cr", "slug": "03571605007", "rank": 1}}, {"type": "Feature", "geometry": {"type": "Point", "coordinates": [99.74362, 20.18]}, "properties": {"id": "cr-onab-03570705002", "name": "วัดดอยต่อ", "nameTh": "วัดดอยต่อ", "nameEn": null, "cat": ["wat"], "province": "cr", "slug": "03570705002", "rank": 1}}, {"type": "Feature", "geometry": {"type": "Point", "coordinates": [99.82783, 19.90127]}, "properties": {"id": "cr-onab-03570101001", "name": "วัดดอยทอง", "nameTh": "วัดดอยทอง", "nameEn": null, "cat": ["wat"], "province": "cr", "slug": "03570101001", "rank": 1}}, {"type": "Feature", "geometry": {"type": "Point", "coordinates": [99.82447, 19.88455]}, "properties": {"id": "cr-osm-node-2539789786", "name": "วัดดอยพระบาท", "nameTh": "วัดดอยพระบาท", "nameEn": "Wat Doi Phrabat", "cat": ["wat"], "province": "cr", "slug": "wat-doi-phrabat-2539789786", "rank": 3}}, {"type": "Feature", "geometry": {"type": "Point", "coordinates": [100.01832, 20.28408]}, "properties": {"id": "cr-onab-03570802013", "name": "วัดดอยศรีแก้ว", "nameTh": "วัดดอยศรีแก้ว", "nameEn": null, "cat": ["wat"], "province": "cr", "slug": "03570802013", "rank": 1}}, {"type": "Feature", "geometry": {"type": "Point", "coordinates": [99.82783, 19.90127]}, "properties": {"id": "cr-onab-03570115013", "name": "วัดดอยสมบูรณ์", "nameTh": "วัดดอยสมบูรณ์", "nameEn": null, "cat": ["wat"], "province": "cr", "slug": "03570115013", "rank": 1}}, {"type": "Feature", "geometry": {"type": "Point", "coordinates": [99.82783, 19.90127]}, "properties": {"id": "cr-onab-03570120001", "name": "วัดดอยฮางใน", "nameTh": "วัดดอยฮางใน", "nameEn": null, "cat": ["wat"], "province": "cr", "slug": "03570120001", "rank": 1}}, {"type": "Feature", "geometry": {"type": "Point", "coordinates": [99.82783, 19.90127]}, "properties": {"id": "cr-onab-03570120003", "name": "วัดดอยฮางใหม่", "nameTh": "วัดดอยฮางใหม่", "nameEn": null, "cat": ["wat"], "province": "cr", "slug": "03570120003", "rank": 1}}, {"type": "Feature", "geometry": {"type": "Point", "coordinates": [99.80991, 19.88288]}, "properties": {"id": "cr-onab-03570102001", "name": "วัดดอยเขาควาย", "nameTh": "วัดดอยเขาควาย", "nameEn": null, "cat": ["wat"], "province": "cr", "slug": "03570102001", "rank": 1}}, {"type": "Feature", "geometry": {"type": "Point", "coordinates": [99.81741, 20.18663]}, "properties": {"id": "cr-osm-node-4781018423", "name": "วัดดอยเทพนิมิต", "nameTh": "วัดดอยเทพนิมิต", "nameEn": "Watdoitepnimit", "cat": ["wat"], "province": "cr", "slug": "watdoitepnimit-4781018423", "rank": 3}}, {"type": "Feature", "geometry": {"type": "Point", "coordinates": [99.50605, 19.70424]}, "properties": {"id": "cr-onab-03571005010", "name": "วัดดินดำ", "nameTh": "วัดดินดำ", "nameEn": null, "cat": ["wat"], "province": "cr", "slug": "03571005010", "rank": 1}}, {"type": "Feature", "geometry": {"type": "Point", "coordinates": [100.41789, 20.11723]}, "properties": {"id": "cr-osm-node-2423482602", "name": "วัดตอง", "nameTh": "วัดตอง", "nameEn": "Wat Tong", "cat": ["wat"], "province": "cr", "slug": "wat-tong-2423482602", "rank": 2}}, {"type": "Feature", "geometry": {"type": "Point", "coordinates": [99.82783, 19.90127]}, "properties": {"id": "cr-onab-03570113001", "name": "วัดต้นก๊อ", "nameTh": "วัดต้นก๊อ", "nameEn": null, "cat": ["wat"], "province": "cr", "slug": "03570113001", "rank": 1}}, {"type": "Feature", "geometry": {"type": "Point", "coordinates": [99.7072, 19.8006]}, "properties": {"id": "cr-onab-03571603001", "name": "วัดต้นง้าว", "nameTh": "วัดต้นง้าว", "nameEn": null, "cat": ["wat"], "province": "cr", "slug": "03571603001", "rank": 1}}, {"type": "Feature", "geometry": {"type": "Point", "coordinates": [100.33542, 19.99264]}, "properties": {"id": "cr-onab-03570304006", "name": "วัดต้นปล้อง", "nameTh": "วัดต้นปล้อง", "nameEn": null, "cat": ["wat"], "province": "cr", "slug": "03570304006", "rank": 1}}, {"type": "Feature", "geometry": {"type": "Point", "coordinates": [98.98088, 18.74611]}, "properties": {"id": "cr-onab-03570601008", "name": "วัดต้นมื่น", "nameTh": "วัดต้นมื่น", "nameEn": null, "cat": ["wat"], "province": "cr", "slug": "03570601008", "rank": 1}}, {"type": "Feature", "geometry": {"type": "Point", "coordinates": [99.83396, 20.18647]}, "properties": {"id": "cr-onab-03570704010", "name": "วัดถ้ำจตุมหาพรหมมงคลเทพมุนี", "nameTh": "วัดถ้ำจตุมหาพรหมมงคลเทพมุนี", "nameEn": null, "cat": ["wat"], "province": "cr", "slug": "03570704010", "rank": 1}}, {"type": "Feature", "geometry": {"type": "Point", "coordinates": [99.80327, 19.92543]}, "properties": {"id": "cr-osm-node-1445535116", "name": "วัดถ้ำตุ๊ปู", "nameTh": "วัดถ้ำตุ๊ปู", "nameEn": "Wat Tham Tu Pu", "cat": ["wat"], "province": "cr", "slug": "wat-tham-tu-pu-1445535116", "rank": 2}}, {"type": "Feature", "geometry": {"type": "Point", "coordinates": [99.8637, 20.32978]}, "properties": {"id": "cr-osm-relation-6666702", "name": "วัดถ้ำปลา", "nameTh": "วัดถ้ำปลา", "nameEn": "Wat Than Pla", "cat": ["wat"], "province": "cr", "slug": "wat-than-pla-6666702", "rank": 3}}, {"type": "Feature", "geometry": {"type": "Point", "coordinates": [99.88239, 20.42425]}, "properties": {"id": "cr-onab-03570909012", "name": "วัดถ้ำปุ่ม", "nameTh": "วัดถ้ำปุ่ม", "nameEn": null, "cat": ["wat"], "province": "cr", "slug": "03570909012", "rank": 1}}, {"type": "Feature", "geometry": {"type": "Point", "coordinates": [99.80688, 20.22696]}, "properties": {"id": "cr-osm-node-3840465325", "name": "วัดถ้ำป่าอาชาทอง", "nameTh": "วัดถ้ำป่าอาชาทอง", "nameEn": "Wat Tham Pa Acha Thong", "cat": ["wat"], "province": "cr", "slug": "wat-tham-pa-acha-thong-3840465325", "rank": 2}}, {"type": "Feature", "geometry": {"type": "Point", "coordinates": [99.87336, 20.44181]}, "properties": {"id": "cr-osm-way-369030754", "name": "วัดถ้ำผาจม", "nameTh": "วัดถ้ำผาจม", "nameEn": "Tham Pha Chom Temple", "cat": ["wat"], "province": "cr", "slug": "tham-pha-chom-temple-369030754", "rank": 2}}, {"type": "Feature", "geometry": {"type": "Point", "coordinates": [99.78886, 19.91763]}, "properties": {"id": "cr-osm-node-3939947273", "name": "วัดถ้ำพระ", "nameTh": "วัดถ้ำพระ", "nameEn": "Wat Tham Phra", "cat": ["wat"], "province": "cr", "slug": "wat-tham-phra-3939947273", "rank": 3}}, {"type": "Feature", "geometry": {"type": "Point", "coordinates": [99.7072, 19.8006]}, "properties": {"id": "cr-onab-03570503009", "name": "วัดถ้ำพระบำเพ็ญบุญ", "nameTh": "วัดถ้ำพระบำเพ็ญบุญ", "nameEn": null, "cat": ["wat"], "province": "cr", "slug": "03570503009", "rank": 1}}, {"type": "Feature", "geometry": {"type": "Point", "coordinates": [99.88239, 20.42425]}, "properties": {"id": "cr-onab-03570909003", "name": "วัดถ้ำเสาหิน", "nameTh": "วัดถ้ำเสาหิน", "nameEn": null, "cat": ["wat"], "province": "cr", "slug": "03570909003", "rank": 1}}, {"type": "Feature", "geometry": {"type": "Point", "coordinates": [99.86652, 20.32587]}, "properties": {"id": "cr-osm-way-544166249", "name": "วัดถ้ำเสาหินพญานาค", "nameTh": "วัดถ้ำเสาหินพญานาค", "nameEn": "Wat Tham Sao Hin Payanak", "cat": ["wat"], "province": "cr", "slug": "wat-tham-sao-hin-payanak-544166249", "rank": 2}}, {"type": "Feature", "geometry": {"type": "Point", "coordinates": [99.76429, 19.58743]}, "properties": {"id": "cr-onab-03570510002", "name": "วัดทรายขาว", "nameTh": "วัดทรายขาว", "nameEn": null, "cat": ["wat"], "province": "cr", "slug": "03570510002", "rank": 1}}, {"type": "Feature", "geometry": {"type": "Point", "coordinates": [99.85732, 19.96928]}, "properties": {"id": "cr-onab-03570106003", "name": "วัดทรายขาว(ห้วยทรายขาว)", "nameTh": "วัดทรายขาว(ห้วยทรายขาว)", "nameEn": null, "cat": ["wat"], "province": "cr", "slug": "03570106003", "rank": 1}}, {"type": "Feature", "geometry": {"type": "Point", "coordinates": [99.76429, 19.58743]}, "properties": {"id": "cr-onab-03570513010", "name": "วัดทรายมูล", "nameTh": "วัดทรายมูล", "nameEn": null, "cat": ["wat"], "province": "cr", "slug": "03570513010", "rank": 1}}, {"type": "Feature", "geometry": {"type": "Point", "coordinates": [99.7072, 19.8006]}, "properties": {"id": "cr-onab-03571604001", "name": "วัดทรายมูล", "nameTh": "วัดทรายมูล", "nameEn": null, "cat": ["wat"], "province": "cr", "slug": "03571604001", "rank": 1}}, {"type": "Feature", "geometry": {"type": "Point", "coordinates": [99.84453, 20.13437]}, "properties": {"id": "cr-osm-node-2148568038", "name": "วัดทรายมูล", "nameTh": "วัดทรายมูล", "nameEn": null, "cat": ["wat"], "province": "cr", "slug": "2148568038", "rank": 1}}, {"type": "Feature", "geometry": {"type": "Point", "coordinates": [99.76429, 19.58743]}, "properties": {"id": "cr-onab-03570501004", "name": "วัดทันใจ", "nameTh": "วัดทันใจ", "nameEn": null, "cat": ["wat"], "province": "cr", "slug": "03570501004", "rank": 1}}, {"type": "Feature", "geometry": {"type": "Point", "coordinates": [99.74362, 20.18]}, "properties": {"id": "cr-onab-03570706004", "name": "วัดทัพกุมารทอง", "nameTh": "วัดทัพกุมารทอง", "nameEn": null, "cat": ["wat"], "province": "cr", "slug": "03570706004", "rank": 1}}, {"type": "Feature", "geometry": {"type": "Point", "coordinates": [99.04659, 18.78938]}, "properties": {"id": "cr-onab-03570511009", "name": "วัดทาดง", "nameTh": "วัดทาดง", "nameEn": null, "cat": ["wat"], "province": "cr", "slug": "03570511009", "rank": 1}}, {"type": "Feature", "geometry": {"type": "Point", "coordinates": [99.74362, 20.18]}, "properties": {"id": "cr-onab-03570701002", "name": "วัดทาสา(กาสา)", "nameTh": "วัดทาสา(กาสา)", "nameEn": null, "cat": ["wat"], "province": "cr", "slug": "03570701002", "rank": 1}}, {"type": "Feature", "geometry": {"type": "Point", "coordinates": [99.74362, 20.18]}, "properties": {"id": "cr-onab-03571801006", "name": "วัดทุ่งกวาง", "nameTh": "วัดทุ่งกวาง", "nameEn": null, "cat": ["wat"], "province": "cr", "slug": "03571801006", "rank": 1}}, {"type": "Feature", "geometry": {"type": "Point", "coordinates": [100.40969, 20.23271]}, "properties": {"id": "cr-onab-03570302002", "name": "วัดทุ่งงิ้ว", "nameTh": "วัดทุ่งงิ้ว", "nameEn": null, "cat": ["wat"], "province": "cr", "slug": "03570302002", "rank": 1}}, {"type": "Feature", "geometry": {"type": "Point", "coordinates": [100.40969, 20.23271]}, "properties": {"id": "cr-onab-03570301008", "name": "วัดทุ่งดุก", "nameTh": "วัดทุ่งดุก", "nameEn": null, "cat": ["wat"], "province": "cr", "slug": "03570301008", "rank": 1}}, {"type": "Feature", "geometry": {"type": "Point", "coordinates": [99.75309, 20.11054]}, "properties": {"id": "cr-osm-node-2148604093", "name": "วัดทุ่งต่าง", "nameTh": "วัดทุ่งต่าง", "nameEn": null, "cat": ["wat"], "province": "cr", "slug": "2148604093", "rank": 1}}, {"type": "Feature", "geometry": {"type": "Point", "coordinates": [100.40969, 20.23271]}, "properties": {"id": "cr-onab-03570301009", "name": "วัดทุ่งทราย", "nameTh": "วัดทุ่งทราย", "nameEn": null, "cat": ["wat"], "province": "cr", "slug": "03570301009", "rank": 1}}, {"type": "Feature", "geometry": {"type": "Point", "coordinates": [100.3753, 20.10727]}, "properties": {"id": "cr-onab-03571303005", "name": "วัดทุ่งทราย", "nameTh": "วัดทุ่งทราย", "nameEn": null, "cat": ["wat"], "province": "cr", "slug": "03571303005", "rank": 1}}, {"type": "Feature", "geometry": {"type": "Point", "coordinates": [99.74362, 20.18]}, "properties": {"id": "cr-onab-64157180001", "name": "วัดทุ่งนาคำ", "nameTh": "วัดทุ่งนาคำ", "nameEn": null, "cat": ["wat"], "province": "cr", "slug": "64157180001", "rank": 1}}, {"type": "Feature", "geometry": {"type": "Point", "coordinates": [99.83396, 20.18647]}, "properties": {"id": "cr-onab-03571703001", "name": "วัดทุ่งปุมเป้ง", "nameTh": "วัดทุ่งปุมเป้ง", "nameEn": null, "cat": ["wat"], "province": "cr", "slug": "03571703001", "rank": 1}}, {"type": "Feature", "geometry": {"type": "Point", "coordinates": [99.76429, 19.58743]}, "properties": {"id": "cr-onab-03570509008", "name": "วัดทุ่งพร้าว", "nameTh": "วัดทุ่งพร้าว", "nameEn": null, "cat": ["wat"], "province": "cr", "slug": "03570509008", "rank": 1}}, {"type": "Feature", "geometry": {"type": "Point", "coordinates": [99.50605, 19.70424]}, "properties": {"id": "cr-onab-03571003005", "name": "วัดทุ่งฟ้าผ่า", "nameTh": "วัดทุ่งฟ้าผ่า", "nameEn": null, "cat": ["wat"], "province": "cr", "slug": "03571003005", "rank": 1}}, {"type": "Feature", "geometry": {"type": "Point", "coordinates": [100.07273, 20.29545]}, "properties": {"id": "cr-onab-03570806008", "name": "วัดทุ่งฟ้าฮ่าม", "nameTh": "วัดทุ่งฟ้าฮ่าม", "nameEn": null, "cat": ["wat"], "province": "cr", "slug": "03570806008", "rank": 1}}, {"type": "Feature", "geometry": {"type": "Point", "coordinates": [99.76429, 19.58743]}, "properties": {"id": "cr-onab-03570508007", "name": "วัดทุ่งมะฝาง", "nameTh": "วัดทุ่งมะฝาง", "nameEn": null, "cat": ["wat"], "province": "cr", "slug": "03570508007", "rank": 1}}, {"type": "Feature", "geometry": {"type": "Point", "coordinates": [99.50605, 19.70424]}, "properties": {"id": "cr-onab-03571004005", "name": "วัดทุ่งยาว", "nameTh": "วัดทุ่งยาว", "nameEn": null, "cat": ["wat"], "province": "cr", "slug": "03571004005", "rank": 1}}, {"type": "Feature", "geometry": {"type": "Point", "coordinates": [99.88239, 20.42425]}, "properties": {"id": "cr-onab-03570905005", "name": "วัดทุ่งศาลา", "nameTh": "วัดทุ่งศาลา", "nameEn": null, "cat": ["wat"], "province": "cr", "slug": "03570905005", "rank": 1}}, {"type": "Feature", "geometry": {"type": "Point", "coordinates": [99.76429, 19.58743]}, "properties": {"id": "cr-onab-03570515001", "name": "วัดทุ่งสามเหลี่ยม", "nameTh": "วัดทุ่งสามเหลี่ยม", "nameEn": null, "cat": ["wat"], "province": "cr", "slug": "03570515001", "rank": 1}}, {"type": "Feature", "geometry": {"type": "Point", "coordinates": [99.50956, 19.27691]}, "properties": {"id": "cr-osm-node-2126924250", "name": "วัดทุ่งหลวง", "nameTh": "วัดทุ่งหลวง", "nameEn": "Wat Thung Luang", "cat": ["wat"], "province": "cr", "slug": "wat-thung-luang-2126924250", "rank": 2}}, {"type": "Feature", "geometry": {"type": "Point", "coordinates": [99.76399, 19.97493]}, "properties": {"id": "cr-osm-node-7462081485", "name": "วัดทุ่งหลวง", "nameTh": "วัดทุ่งหลวง", "nameEn": "Wat Tung Luang temple", "cat": ["wat"], "province": "cr", "slug": "wat-tung-luang-temple-7462081485", "rank": 2}}, {"type": "Feature", "geometry": {"type": "Point", "coordinates": [100.40969, 20.23271]}, "properties": {"id": "cr-onab-03570302006", "name": "วัดทุ่งอ่าง", "nameTh": "วัดทุ่งอ่าง", "nameEn": null, "cat": ["wat"], "province": "cr", "slug": "03570302006", "rank": 1}}, {"type": "Feature", "geometry": {"type": "Point", "coordinates": [99.88239, 20.42425]}, "properties": {"id": "cr-onab-03570905003", "name": "วัดทุ่งเจริญ", "nameTh": "วัดทุ่งเจริญ", "nameEn": null, "cat": ["wat"], "province": "cr", "slug": "03570905003", "rank": 1}}, {"type": "Feature", "geometry": {"type": "Point", "coordinates": [100.19503, 19.68562]}, "properties": {"id": "cr-onab-03570401006", "name": "วัดทุ่งโห้ง", "nameTh": "วัดทุ่งโห้ง", "nameEn": null, "cat": ["wat"], "province": "cr", "slug": "03570401006", "rank": 1}}, {"type": "Feature", "geometry": {"type": "Point", "coordinates": [99.7072, 19.8006]}, "properties": {"id": "cr-onab-03571602005", "name": "วัดทุ่งโห้ง", "nameTh": "วัดทุ่งโห้ง", "nameEn": null, "cat": ["wat"], "province": "cr", "slug": "03571602005", "rank": 1}}, {"type": "Feature", "geometry": {"type": "Point", "coordinates": [99.50605, 19.70424]}, "properties": {"id": "cr-onab-62157100001", "name": "วัดท่าก๊อศรีโฮ่งสุทธาราม", "nameTh": "วัดท่าก๊อศรีโฮ่งสุทธาราม", "nameEn": null, "cat": ["wat"], "province": "cr", "slug": "62157100001", "rank": 1}}, {"type": "Feature", "geometry": {"type": "Point", "coordinates": [100.3753, 20.10727]}, "properties": {"id": "cr-onab-03571303001", "name": "วัดท่าข้าม", "nameTh": "วัดท่าข้าม", "nameEn": null, "cat": ["wat"], "province": "cr", "slug": "03571303001", "rank": 1}}, {"type": "Feature", "geometry": {"type": "Point", "coordinates": [100.3753, 20.10727]}, "properties": {"id": "cr-onab-03571304003", "name": "วัดท่าข้าม", "nameTh": "วัดท่าข้าม", "nameEn": null, "cat": ["wat"], "province": "cr", "slug": "03571304003", "rank": 1}}, {"type": "Feature", "geometry": {"type": "Point", "coordinates": [100.27685, 19.65344]}, "properties": {"id": "cr-osm-node-2423293688", "name": "วัดท่าข้าม", "nameTh": "วัดท่าข้าม", "nameEn": "Wat Tha Kham", "cat": ["wat"], "province": "cr", "slug": "wat-tha-kham-2423293688", "rank": 2}}, {"type": "Feature", "geometry": {"type": "Point", "coordinates": [99.74362, 20.18]}, "properties": {"id": "cr-onab-03570706008", "name": "วัดท่าข้าวเปลือก", "nameTh": "วัดท่าข้าวเปลือก", "nameEn": null, "cat": ["wat"], "province": "cr", "slug": "03570706008", "rank": 1}}, {"type": "Feature", "geometry": {"type": "Point", "coordinates": [99.74362, 20.18]}, "properties": {"id": "cr-onab-03570706012", "name": "วัดท่าข้าวเปลือก", "nameTh": "วัดท่าข้าวเปลือก", "nameEn": null, "cat": ["wat"], "province": "cr", "slug": "03570706012", "rank": 1}}, {"type": "Feature", "geometry": {"type": "Point", "coordinates": [99.76429, 19.58743]}, "properties": {"id": "cr-onab-03570505006", "name": "วัดท่าดอกแก้ว", "nameTh": "วัดท่าดอกแก้ว", "nameEn": null, "cat": ["wat"], "province": "cr", "slug": "03570505006", "rank": 1}}, {"type": "Feature", "geometry": {"type": "Point", "coordinates": [99.7072, 19.8006]}, "properties": {"id": "cr-onab-03571602003", "name": "วัดท่าต้นตัน", "nameTh": "วัดท่าต้นตัน", "nameEn": null, "cat": ["wat"], "province": "cr", "slug": "03571602003", "rank": 1}}, {"type": "Feature", "geometry": {"type": "Point", "coordinates": [98.98088, 18.74611]}, "properties": {"id": "cr-onab-03570601004", "name": "วัดท่าน้ำ", "nameTh": "วัดท่าน้ำ", "nameEn": null, "cat": ["wat"], "province": "cr", "slug": "03570601004", "rank": 1}}, {"type": "Feature", "geometry": {"type": "Point", "coordinates": [99.7072, 19.8006]}, "properties": {"id": "cr-onab-03571602004", "name": "วัดท่ามะโอ", "nameTh": "วัดท่ามะโอ", "nameEn": null, "cat": ["wat"], "province": "cr", "slug": "03571602004", "rank": 1}}, {"type": "Feature", "geometry": {"type": "Point", "coordinates": [99.85848, 19.57993]}, "properties": {"id": "cr-osm-node-4471384960", "name": "วัดท่ารือ", "nameTh": "วัดท่ารือ", "nameEn": "Wat Tha Rue", "cat": ["wat"], "province": "cr", "slug": "wat-tha-rue-4471384960", "rank": 2}}, {"type": "Feature", "geometry": {"type": "Point", "coordinates": [99.76429, 19.58743]}, "properties": {"id": "cr-onab-03570510001", "name": "วัดท่าฮ่อ", "nameTh": "วัดท่าฮ่อ", "nameEn": null, "cat": ["wat"], "province": "cr", "slug": "03570510001", "rank": 1}}, {"type": "Feature", "geometry": {"type": "Point", "coordinates": [100.07273, 20.29545]}, "properties": {"id": "cr-onab-03570805009", "name": "วัดท่าเดื่อ", "nameTh": "วัดท่าเดื่อ", "nameEn": null, "cat": ["wat"], "province": "cr", "slug": "03570805009", "rank": 1}}, {"type": "Feature", "geometry": {"type": "Point", "coordinates": [99.76429, 19.58743]}, "properties": {"id": "cr-onab-03570513015", "name": "วัดท่าโพธิ์ทอง", "nameTh": "วัดท่าโพธิ์ทอง", "nameEn": null, "cat": ["wat"], "province": "cr", "slug": "03570513015", "rank": 1}}, {"type": "Feature", "geometry": {"type": "Point", "coordinates": [99.71522, 19.84356]}, "properties": {"id": "cr-osm-way-643002935", "name": "วัดท่าไคร้", "nameTh": "วัดท่าไคร้", "nameEn": "Wat Tha Krai", "cat": ["wat"], "province": "cr", "slug": "wat-tha-krai-643002935", "rank": 2}}, {"type": "Feature", "geometry": {"type": "Point", "coordinates": [98.98088, 18.74611]}, "properties": {"id": "cr-onab-03571002002", "name": "วัดท้าวแก่นจันทร์", "nameTh": "วัดท้าวแก่นจันทร์", "nameEn": null, "cat": ["wat"], "province": "cr", "slug": "03571002002", "rank": 1}}, {"type": "Feature", "geometry": {"type": "Point", "coordinates": [100.07273, 20.29545]}, "properties": {"id": "cr-onab-03570804007", "name": "วัดธรรมประสิทธิ์", "nameTh": "วัดธรรมประสิทธิ์", "nameEn": null, "cat": ["wat"], "province": "cr", "slug": "03570804007", "rank": 1}}, {"type": "Feature", "geometry": {"type": "Point", "coordinates": [99.91197, 20.07492]}, "properties": {"id": "cr-osm-node-4527010547", "name": "วัดธรรมราม", "nameTh": "วัดธรรมราม", "nameEn": "Wat Thamaram", "cat": ["wat"], "province": "cr", "slug": "wat-thamaram-4527010547", "rank": 2}}, {"type": "Feature", "geometry": {"type": "Point", "coordinates": [100.07273, 20.29545]}, "properties": {"id": "cr-onab-63157080001", "name": "วัดธารทอง", "nameTh": "วัดธารทอง", "nameEn": null, "cat": ["wat"], "province": "cr", "slug": "63157080001", "rank": 1}}, {"type": "Feature", "geometry": {"type": "Point", "coordinates": [99.76429, 19.58743]}, "properties": {"id": "cr-onab-03570509002", "name": "วัดนันทาราม", "nameTh": "วัดนันทาราม", "nameEn": null, "cat": ["wat"], "province": "cr", "slug": "03570509002", "rank": 1}}, {"type": "Feature", "geometry": {"type": "Point", "coordinates": [99.86495, 19.99658]}, "properties": {"id": "cr-osm-way-641234926", "name": "วัดนางแล", "nameTh": "วัดนางแล", "nameEn": "Wat Nang Lae", "cat": ["wat"], "province": "cr", "slug": "wat-nang-lae-641234926", "rank": 2}}, {"type": "Feature", "geometry": {"type": "Point", "coordinates": [99.87394, 20.03628]}, "properties": {"id": "cr-onab-03570104005", "name": "วัดนางแลใน", "nameTh": "วัดนางแลใน", "nameEn": null, "cat": ["wat"], "province": "cr", "slug": "03570104005", "rank": 1}}, {"type": "Feature", "geometry": {"type": "Point", "coordinates": [99.50557, 19.36481]}, "properties": {"id": "cr-onab-03571102008", "name": "วัดนาถกรณธรรม", "nameTh": "วัดนาถกรณธรรม", "nameEn": null, "cat": ["wat"], "province": "cr", "slug": "03571102008", "rank": 1}}, {"type": "Feature", "geometry": {"type": "Point", "coordinates": [99.88239, 20.42425]}, "properties": {"id": "cr-onab-03570904005", "name": "วัดนาปง", "nameTh": "วัดนาปง", "nameEn": null, "cat": ["wat"], "province": "cr", "slug": "03570904005", "rank": 1}}, {"type": "Feature", "geometry": {"type": "Point", "coordinates": [99.83396, 20.18647]}, "properties": {"id": "cr-onab-03571703012", "name": "วัดนาเจริญ", "nameTh": "วัดนาเจริญ", "nameEn": null, "cat": ["wat"], "province": "cr", "slug": "03571703012", "rank": 1}}, {"type": "Feature", "geometry": {"type": "Point", "coordinates": [99.69714, 19.75937]}, "properties": {"id": "cr-osm-way-1349665694", "name": "วัดนำล้อม", "nameTh": "วัดนำล้อม", "nameEn": "Wat Nam Lom", "cat": ["wat"], "province": "cr", "slug": "wat-nam-lom-1349665694", "rank": 2}}, {"type": "Feature", "geometry": {"type": "Point", "coordinates": [99.88661, 20.38667]}, "properties": {"id": "cr-osm-node-4527145792", "name": "วัดน้ำจำ", "nameTh": "วัดน้ำจำ", "nameEn": "Hnamjum Tenple", "cat": ["wat"], "province": "cr", "slug": "hnamjum-tenple-4527145792", "rank": 2}}, {"type": "Feature", "geometry": {"type": "Point", "coordinates": [100.40969, 20.23271]}, "properties": {"id": "cr-onab-03570302003", "name": "วัดน้ำม้า", "nameTh": "วัดน้ำม้า", "nameEn": null, "cat": ["wat"], "province": "cr", "slug": "03570302003", "rank": 1}}, {"type": "Feature", "geometry": {"type": "Point", "coordinates": [99.84024, 19.93774]}, "properties": {"id": "cr-onab-03570114006", "name": "วัดน้ำลัด", "nameTh": "วัดน้ำลัด", "nameEn": null, "cat": ["wat"], "province": "cr", "slug": "03570114006", "rank": 1}}, {"type": "Feature", "geometry": {"type": "Point", "coordinates": [99.81667, 19.92939]}, "properties": {"id": "cr-osm-node-4525342513", "name": "วัดน้ำลัดวังซาง", "nameTh": "วัดน้ำลัดวังซาง", "nameEn": "Wat Namlat Wang Sang", "cat": ["wat"], "province": "cr", "slug": "wat-namlat-wang-sang-4525342513", "rank": 3}}, {"type": "Feature", "geometry": {"type": "Point", "coordinates": [99.82783, 19.90127]}, "properties": {"id": "cr-onab-03570115012", "name": "วัดน้ำเย็น", "nameTh": "วัดน้ำเย็น", "nameEn": null, "cat": ["wat"], "province": "cr", "slug": "03570115012", "rank": 1}}, {"type": "Feature", "geometry": {"type": "Point", "coordinates": [99.78733, 19.52221]}, "properties": {"id": "cr-osm-node-4471410505", "name": "วัดบวกปลาค้าว", "nameTh": "วัดบวกปลาค้าว", "nameEn": "Wat Buak Pla Khao", "cat": ["wat"], "province": "cr", "slug": "wat-buak-pla-khao-4471410505", "rank": 2}}, {"type": "Feature", "geometry": {"type": "Point", "coordinates": [99.7072, 19.8006]}, "properties": {"id": "cr-onab-03571603002", "name": "วัดบัวสลี", "nameTh": "วัดบัวสลี", "nameEn": null, "cat": ["wat"], "province": "cr", "slug": "03571603002", "rank": 1}}, {"type": "Feature", "geometry": {"type": "Point", "coordinates": [99.76429, 19.58743]}, "properties": {"id": "cr-onab-64157050002", "name": "วัดบำรุงธรรม", "nameTh": "วัดบำรุงธรรม", "nameEn": null, "cat": ["wat"], "province": "cr", "slug": "64157050002", "rank": 1}}, {"type": "Feature", "geometry": {"type": "Point", "coordinates": [99.73932, 19.77563]}, "properties": {"id": "cr-osm-node-2138387029", "name": "วัดบุญเรือง", "nameTh": "วัดบุญเรือง", "nameEn": "Wat Bun Rueang", "cat": ["wat"], "province": "cr", "slug": "wat-bun-rueang-2138387029", "rank": 2}}, {"type": "Feature", "geometry": {"type": "Point", "coordinates": [100.33542, 19.99264]}, "properties": {"id": "cr-onab-03570304001", "name": "วัดบุญเรืองใต้", "nameTh": "วัดบุญเรืองใต้", "nameEn": null, "cat": ["wat"], "province": "cr", "slug": "03570304001", "rank": 1}}, {"type": "Feature", "geometry": {"type": "Point", "coordinates": [99.74362, 20.18]}, "properties": {"id": "cr-onab-03570713003", "name": "วัดบ่อก้าง", "nameTh": "วัดบ่อก้าง", "nameEn": null, "cat": ["wat"], "province": "cr", "slug": "03570713003", "rank": 1}}, {"type": "Feature", "geometry": {"type": "Point", "coordinates": [99.87126, 20.09972]}, "properties": {"id": "cr-osm-node-2153792573", "name": "วัดบ่อทอง", "nameTh": "วัดบ่อทอง", "nameEn": "Wat Bo Thong", "cat": ["wat"], "province": "cr", "slug": "wat-bo-thong-2153792573", "rank": 2}}, {"type": "Feature", "geometry": {"type": "Point", "coordinates": [99.74362, 20.18]}, "properties": {"id": "cr-onab-03570706013", "name": "วัดบ่อน้ำทิพย์", "nameTh": "วัดบ่อน้ำทิพย์", "nameEn": null, "cat": ["wat"], "province": "cr", "slug": "03570706013", "rank": 1}}, {"type": "Feature", "geometry": {"type": "Point", "coordinates": [99.76429, 19.58743]}, "properties": {"id": "cr-onab-03570501007", "name": "วัดบ้านกล้วย", "nameTh": "วัดบ้านกล้วย", "nameEn": null, "cat": ["wat"], "province": "cr", "slug": "03570501007", "rank": 1}}, {"type": "Feature", "geometry": {"type": "Point", "coordinates": [99.88083, 20.36746]}, "properties": {"id": "cr-osm-way-372608929", "name": "วัดบ้านจ้อง", "nameTh": "วัดบ้านจ้อง", "nameEn": "Wat Ban Chong", "cat": ["wat"], "province": "cr", "slug": "wat-ban-chong-372608929", "rank": 2}}, {"type": "Feature", "geometry": {"type": "Point", "coordinates": [99.74362, 20.18]}, "properties": {"id": "cr-onab-03571802001", "name": "วัดบ้านดอย", "nameTh": "วัดบ้านดอย", "nameEn": null, "cat": ["wat"], "province": "cr", "slug": "03571802001", "rank": 1}}, {"type": "Feature", "geometry": {"type": "Point", "coordinates": [99.85732, 19.96928]}, "properties": {"id": "cr-onab-03570103001", "name": "วัดบ้านดู่", "nameTh": "วัดบ้านดู่", "nameEn": null, "cat": ["wat"], "province": "cr", "slug": "03570103001", "rank": 1}}, {"type": "Feature", "geometry": {"type": "Point", "coordinates": [100.40969, 20.23271]}, "properties": {"id": "cr-onab-03570303005", "name": "วัดบ้านตอง", "nameTh": "วัดบ้านตอง", "nameEn": null, "cat": ["wat"], "province": "cr", "slug": "03570303005", "rank": 1}}, {"type": "Feature", "geometry": {"type": "Point", "coordinates": [99.88239, 20.42425]}, "properties": {"id": "cr-onab-03570909001", "name": "วัดบ้านถ้ำ", "nameTh": "วัดบ้านถ้ำ", "nameEn": null, "cat": ["wat"], "province": "cr", "slug": "03570909001", "rank": 1}}, {"type": "Feature", "geometry": {"type": "Point", "coordinates": [99.88372, 20.33068]}, "properties": {"id": "cr-osm-way-545628893", "name": "วัดบ้านถ้ำหลวง", "nameTh": "วัดบ้านถ้ำหลวง", "nameEn": "Wat Ban Tham Luang", "cat": ["wat"], "province": "cr", "slug": "wat-ban-tham-luang-545628893", "rank": 2}}, {"type": "Feature", "geometry": {"type": "Point", "coordinates": [100.07273, 20.29545]}, "properties": {"id": "cr-onab-03570803006", "name": "วัดบ้านทุ่ง", "nameTh": "วัดบ้านทุ่ง", "nameEn": null, "cat": ["wat"], "province": "cr", "slug": "03570803006", "rank": 1}}, {"type": "Feature", "geometry": {"type": "Point", "coordinates": [100.3753, 20.10727]}, "properties": {"id": "cr-onab-03571303004", "name": "วัดบ้านทุ่งคำ", "nameTh": "วัดบ้านทุ่งคำ", "nameEn": null, "cat": ["wat"], "province": "cr", "slug": "03571303004", "rank": 1}}, {"type": "Feature", "geometry": {"type": "Point", "coordinates": [100.40267, 20.21052]}, "properties": {"id": "cr-osm-node-2423518657", "name": "วัดบ้านทุ่งงิ้ว", "nameTh": "วัดบ้านทุ่งงิ้ว", "nameEn": "Thung ngio Temple", "cat": ["wat"], "province": "cr", "slug": "thung-ngio-temple-2423518657", "rank": 2}}, {"type": "Feature", "geometry": {"type": "Point", "coordinates": [99.77954, 19.95757]}, "properties": {"id": "cr-osm-node-7461716586", "name": "วัดบ้านท่าหลุก", "nameTh": "วัดบ้านท่าหลุก", "nameEn": "Wat Tha Look temple", "cat": ["wat"], "province": "cr", "slug": "wat-tha-look-temple-7461716586", "rank": 2}}, {"type": "Feature", "geometry": {"type": "Point", "coordinates": [100.42255, 20.13333]}, "properties": {"id": "cr-osm-node-2423488989", "name": "วัดบ้านท่าเจริญ", "nameTh": "วัดบ้านท่าเจริญ", "nameEn": "Tacharoen Temple", "cat": ["wat"], "province": "cr", "slug": "tacharoen-temple-2423488989", "rank": 2}}, {"type": "Feature", "geometry": {"type": "Point", "coordinates": [100.33861, 19.99995]}, "properties": {"id": "cr-osm-node-2088327624", "name": "วัดบ้านบุญเรืองเหนือ", "nameTh": "วัดบ้านบุญเรืองเหนือ", "nameEn": "Wat Ban Boonroungnuar temple", "cat": ["wat"], "province": "cr", "slug": "wat-ban-boonroungnuar-temple-2088327624", "rank": 2}}, {"type": "Feature", "geometry": {"type": "Point", "coordinates": [99.57014, 19.69121]}, "properties": {"id": "cr-onab-03571001004", "name": "วัดบ้านป่าบง", "nameTh": "วัดบ้านป่าบง", "nameEn": null, "cat": ["wat"], "province": "cr", "slug": "03571001004", "rank": 1}}, {"type": "Feature", "geometry": {"type": "Point", "coordinates": [100.29173, 20.39522]}, "properties": {"id": "cr-osm-node-6405412485", "name": "วัดบ้านผากุบ", "nameTh": "วัดบ้านผากุบ", "nameEn": "Pakhup Temple", "cat": ["wat"], "province": "cr", "slug": "pakhup-temple-6405412485", "rank": 2}}, {"type": "Feature", "geometry": {"type": "Point", "coordinates": [99.82783, 19.90127]}, "properties": {"id": "cr-onab-03570113012", "name": "วัดบ้านร้อง", "nameTh": "วัดบ้านร้อง", "nameEn": null, "cat": ["wat"], "province": "cr", "slug": "03570113012", "rank": 1}}, {"type": "Feature", "geometry": {"type": "Point", "coordinates": [99.88239, 20.42425]}, "properties": {"id": "cr-onab-03570903007", "name": "วัดบ้านร้อง", "nameTh": "วัดบ้านร้อง", "nameEn": null, "cat": ["wat"], "province": "cr", "slug": "03570903007", "rank": 1}}, {"type": "Feature", "geometry": {"type": "Point", "coordinates": [99.83175, 20.20423]}, "properties": {"id": "cr-osm-node-4527119256", "name": "วัดบ้านสันนายาว", "nameTh": "วัดบ้านสันนายาว", "nameEn": "Sannayao village temple", "cat": ["wat"], "province": "cr", "slug": "sannayao-village-temple-4527119256", "rank": 2}}, {"type": "Feature", "geometry": {"type": "Point", "coordinates": [99.74362, 20.18]}, "properties": {"id": "cr-onab-03570701006", "name": "วัดบ้านสันพัฒนา(บ้านสันมงคล)", "nameTh": "วัดบ้านสันพัฒนา(บ้านสันมงคล)", "nameEn": null, "cat": ["wat"], "province": "cr", "slug": "03570701006", "rank": 1}}, {"type": "Feature", "geometry": {"type": "Point", "coordinates": [99.50432, 19.20352]}, "properties": {"id": "cr-onab-03571106002", "name": "วัดบ้านสา", "nameTh": "วัดบ้านสา", "nameEn": null, "cat": ["wat"], "province": "cr", "slug": "03571106002", "rank": 1}}, {"type": "Feature", "geometry": {"type": "Point", "coordinates": [100.09871, 20.2001]}, "properties": {"id": "cr-osm-node-11436344838", "name": "วัดบ้านหนองกล้วย", "nameTh": "วัดบ้านหนองกล้วย", "nameEn": null, "cat": ["wat"], "province": "cr", "slug": "11436344838", "rank": 1}}, {"type": "Feature", "geometry": {"type": "Point", "coordinates": [99.82522, 20.21962]}, "properties": {"id": "cr-osm-node-6375494585", "name": "วัดบ้านเวียงสา", "nameTh": "วัดบ้านเวียงสา", "nameEn": "Wiangsa Temple", "cat": ["wat"], "province": "cr", "slug": "wiangsa-temple-6375494585", "rank": 2}}, {"type": "Feature", "geometry": {"type": "Point", "coordinates": [100.07273, 20.29545]}, "properties": {"id": "cr-onab-03570803002", "name": "วัดบ้านแซว", "nameTh": "วัดบ้านแซว", "nameEn": null, "cat": ["wat"], "province": "cr", "slug": "03570803002", "rank": 1}}, {"type": "Feature", "geometry": {"type": "Point", "coordinates": [99.86158, 19.68544]}, "properties": {"id": "cr-osm-way-760080779", "name": "วัดบ้านแม่อ้อใน", "nameTh": "วัดบ้านแม่อ้อใน", "nameEn": "Mae Ao Nai Temple", "cat": ["wat"], "province": "cr", "slug": "mae-ao-nai-temple-760080779", "rank": 3}}, {"type": "Feature", "geometry": {"type": "Point", "coordinates": [98.98088, 18.74611]}, "properties": {"id": "cr-onab-03571002007", "name": "วัดบ้านโป่ง", "nameTh": "วัดบ้านโป่ง", "nameEn": null, "cat": ["wat"], "province": "cr", "slug": "03571002007", "rank": 1}}, {"type": "Feature", "geometry": {"type": "Point", "coordinates": [99.74362, 20.18]}, "properties": {"id": "cr-onab-03570708003", "name": "วัดบ้านโป่งน้ำร้อน", "nameTh": "วัดบ้านโป่งน้ำร้อน", "nameEn": null, "cat": ["wat"], "province": "cr", "slug": "03570708003", "rank": 1}}, {"type": "Feature", "geometry": {"type": "Point", "coordinates": [99.50605, 19.70424]}, "properties": {"id": "cr-onab-03571003009", "name": "วัดบ้านโฮ่ง", "nameTh": "วัดบ้านโฮ่ง", "nameEn": null, "cat": ["wat"], "province": "cr", "slug": "03571003009", "rank": 1}}, {"type": "Feature", "geometry": {"type": "Point", "coordinates": [99.74362, 20.18]}, "properties": {"id": "cr-onab-03571803006", "name": "วัดบ้านใหม่พัฒนา", "nameTh": "วัดบ้านใหม่พัฒนา", "nameEn": null, "cat": ["wat"], "province": "cr", "slug": "03571803006", "rank": 1}}, {"type": "Feature", "geometry": {"type": "Point", "coordinates": [99.83396, 20.18647]}, "properties": {"id": "cr-onab-03570704009", "name": "วัดบ้านใหม่พัฒนา(ศิริพัฒนาราม)", "nameTh": "วัดบ้านใหม่พัฒนา(ศิริพัฒนาราม)", "nameEn": null, "cat": ["wat"], "province": "cr", "slug": "03570704009", "rank": 1}}, {"type": "Feature", "geometry": {"type": "Point", "coordinates": [100.07273, 20.29545]}, "properties": {"id": "cr-onab-03570805003", "name": "วัดปงของ", "nameTh": "วัดปงของ", "nameEn": null, "cat": ["wat"], "province": "cr", "slug": "03570805003", "rank": 1}}, {"type": "Feature", "geometry": {"type": "Point", "coordinates": [100.09046, 19.65654]}, "properties": {"id": "cr-osm-way-548642793", "name": "วัดปงสนุก", "nameTh": "วัดปงสนุก", "nameEn": "Wat Pong Sanuk", "cat": ["wat"], "province": "cr", "slug": "wat-pong-sanuk-548642793", "rank": 2}}, {"type": "Feature", "geometry": {"type": "Point", "coordinates": [99.87152, 20.10955]}, "properties": {"id": "cr-osm-node-2153795314", "name": "วัดปงอ้อ", "nameTh": "วัดปงอ้อ", "nameEn": "Wat Pong O", "cat": ["wat"], "province": "cr", "slug": "wat-pong-o-2153795314", "rank": 2}}, {"type": "Feature", "geometry": {"type": "Point", "coordinates": [99.87394, 20.03628]}, "properties": {"id": "cr-onab-03570104013", "name": "วัดปฐมพุทธาราม", "nameTh": "วัดปฐมพุทธาราม", "nameEn": null, "cat": ["wat"], "province": "cr", "slug": "03570104013", "rank": 1}}, {"type": "Feature", "geometry": {"type": "Point", "coordinates": [99.85732, 19.96928]}, "properties": {"id": "cr-onab-03570105008", "name": "วัดประชาร่วมมิตร", "nameTh": "วัดประชาร่วมมิตร", "nameEn": null, "cat": ["wat"], "province": "cr", "slug": "03570105008", "rank": 1}}, {"type": "Feature", "geometry": {"type": "Point", "coordinates": [99.76429, 19.58743]}, "properties": {"id": "cr-onab-03570502007", "name": "วัดปอเรียง", "nameTh": "วัดปอเรียง", "nameEn": null, "cat": ["wat"], "province": "cr", "slug": "03570502007", "rank": 1}}, {"type": "Feature", "geometry": {"type": "Point", "coordinates": [99.67708, 19.83906]}, "properties": {"id": "cr-osm-node-2139554545", "name": "วัดปางกอก", "nameTh": "วัดปางกอก", "nameEn": "Wat Pang Kok", "cat": ["wat"], "province": "cr", "slug": "wat-pang-kok-2139554545", "rank": 2}}, {"type": "Feature", "geometry": {"type": "Point", "coordinates": [99.50605, 19.70424]}, "properties": {"id": "cr-onab-03571003010", "name": "วัดปางซาง", "nameTh": "วัดปางซาง", "nameEn": null, "cat": ["wat"], "province": "cr", "slug": "03571003010", "rank": 1}}, {"type": "Feature", "geometry": {"type": "Point", "coordinates": [99.50605, 19.70424]}, "properties": {"id": "cr-onab-03571003004", "name": "วัดปางต้นผึ้ง", "nameTh": "วัดปางต้นผึ้ง", "nameEn": null, "cat": ["wat"], "province": "cr", "slug": "03571003004", "rank": 1}}, {"type": "Feature", "geometry": {"type": "Point", "coordinates": [100.3753, 20.10727]}, "properties": {"id": "cr-onab-03571302004", "name": "วัดปางปอ", "nameTh": "วัดปางปอ", "nameEn": null, "cat": ["wat"], "province": "cr", "slug": "03571302004", "rank": 1}}, {"type": "Feature", "geometry": {"type": "Point", "coordinates": [99.74362, 20.18]}, "properties": {"id": "cr-onab-03570708008", "name": "วัดปางผักฮี้", "nameTh": "วัดปางผักฮี้", "nameEn": null, "cat": ["wat"], "province": "cr", "slug": "03570708008", "rank": 1}}, {"type": "Feature", "geometry": {"type": "Point", "coordinates": [99.50432, 19.20352]}, "properties": {"id": "cr-onab-03571106009", "name": "วัดปางมะกาด", "nameTh": "วัดปางมะกาด", "nameEn": null, "cat": ["wat"], "province": "cr", "slug": "03571106009", "rank": 1}}, {"type": "Feature", "geometry": {"type": "Point", "coordinates": [99.84024, 19.93774]}, "properties": {"id": "cr-onab-03570114005", "name": "วัดปางม่วน", "nameTh": "วัดปางม่วน", "nameEn": null, "cat": ["wat"], "province": "cr", "slug": "03570114005", "rank": 1}}, {"type": "Feature", "geometry": {"type": "Point", "coordinates": [99.66859, 19.84747]}, "properties": {"id": "cr-osm-node-2139567394", "name": "วัดปางริมกรณ์", "nameTh": "วัดปางริมกรณ์", "nameEn": "Wat Pang Rim Kon", "cat": ["wat"], "province": "cr", "slug": "wat-pang-rim-kon-2139567394", "rank": 2}}, {"type": "Feature", "geometry": {"type": "Point", "coordinates": [99.85732, 19.96928]}, "properties": {"id": "cr-onab-03570103004", "name": "วัดปางลาว", "nameTh": "วัดปางลาว", "nameEn": null, "cat": ["wat"], "province": "cr", "slug": "03570103004", "rank": 1}}, {"type": "Feature", "geometry": {"type": "Point", "coordinates": [99.6999, 19.83452]}, "properties": {"id": "cr-osm-way-643045858", "name": "วัดปางสนุก", "nameTh": "วัดปางสนุก", "nameEn": "Wat Pang Sanook", "cat": ["wat"], "province": "cr", "slug": "wat-pang-sanook-643045858", "rank": 2}}, {"type": "Feature", "geometry": {"type": "Point", "coordinates": [100.3753, 20.10727]}, "properties": {"id": "cr-onab-03571302003", "name": "วัดปางหัด", "nameTh": "วัดปางหัด", "nameEn": null, "cat": ["wat"], "province": "cr", "slug": "03571302003", "rank": 1}}, {"type": "Feature", "geometry": {"type": "Point", "coordinates": [99.88239, 20.42425]}, "properties": {"id": "cr-onab-03570903008", "name": "วัดปางห้า", "nameTh": "วัดปางห้า", "nameEn": null, "cat": ["wat"], "province": "cr", "slug": "03570903008", "rank": 1}}, {"type": "Feature", "geometry": {"type": "Point", "coordinates": [99.49903, 19.15246]}, "properties": {"id": "cr-osm-node-1702530774", "name": "วัดปางอ่าย", "nameTh": "วัดปางอ่าย", "nameEn": "Wat Pang Ai", "cat": ["wat"], "province": "cr", "slug": "wat-pang-ai-1702530774", "rank": 2}}, {"type": "Feature", "geometry": {"type": "Point", "coordinates": [99.50605, 19.70424]}, "properties": {"id": "cr-onab-03571003008", "name": "วัดปางอ้อย", "nameTh": "วัดปางอ้อย", "nameEn": null, "cat": ["wat"], "province": "cr", "slug": "03571003008", "rank": 1}}, {"type": "Feature", "geometry": {"type": "Point", "coordinates": [99.76429, 19.58743]}, "properties": {"id": "cr-onab-03570508012", "name": "วัดปางเกาะทราย", "nameTh": "วัดปางเกาะทราย", "nameEn": null, "cat": ["wat"], "province": "cr", "slug": "03570508012", "rank": 1}}, {"type": "Feature", "geometry": {"type": "Point", "coordinates": [99.76429, 19.58743]}, "properties": {"id": "cr-onab-03570508003", "name": "วัดปิงเมือง", "nameTh": "วัดปิงเมือง", "nameEn": null, "cat": ["wat"], "province": "cr", "slug": "03570508003", "rank": 1}}, {"type": "Feature", "geometry": {"type": "Point", "coordinates": [99.88916, 20.44404]}, "properties": {"id": "cr-onab-03570901010", "name": "วัดปิยะพร", "nameTh": "วัดปิยะพร", "nameEn": null, "cat": ["wat"], "province": "cr", "slug": "03570901010", "rank": 1}}, {"type": "Feature", "geometry": {"type": "Point", "coordinates": [99.82783, 19.90127]}, "properties": {"id": "cr-onab-03570116007", "name": "วัดปุยคำ", "nameTh": "วัดปุยคำ", "nameEn": null, "cat": ["wat"], "province": "cr", "slug": "03570116007", "rank": 1}}, {"type": "Feature", "geometry": {"type": "Point", "coordinates": [99.82783, 19.90127]}, "properties": {"id": "cr-onab-03570107004", "name": "วัดป่ากล้วย", "nameTh": "วัดป่ากล้วย", "nameEn": null, "cat": ["wat"], "province": "cr", "slug": "03570107004", "rank": 1}}, {"type": "Feature", "geometry": {"type": "Point", "coordinates": [99.76429, 19.58743]}, "properties": {"id": "cr-onab-03570513011", "name": "วัดป่ากว๋าว", "nameTh": "วัดป่ากว๋าว", "nameEn": null, "cat": ["wat"], "province": "cr", "slug": "03570513011", "rank": 1}}, {"type": "Feature", "geometry": {"type": "Point", "coordinates": [99.76429, 19.58743]}, "properties": {"id": "cr-onab-03570506003", "name": "วัดป่าคา", "nameTh": "วัดป่าคา", "nameEn": null, "cat": ["wat"], "province": "cr", "slug": "03570506003", "rank": 1}}, {"type": "Feature", "geometry": {"type": "Point", "coordinates": [100.07273, 20.29545]}, "properties": {"id": "cr-onab-03570805002", "name": "วัดป่าคา", "nameTh": "วัดป่าคา", "nameEn": null, "cat": ["wat"], "province": "cr", "slug": "03570805002", "rank": 1}}, {"type": "Feature", "geometry": {"type": "Point", "coordinates": [99.51105, 19.29916]}, "properties": {"id": "cr-osm-node-11432552490", "name": "วัดป่างิ้ว", "nameTh": "วัดป่างิ้ว", "nameEn": "Wat Pa Ngio", "cat": ["wat"], "province": "cr", "slug": "wat-pa-ngio-11432552490", "rank": 2}}, {"type": "Feature", "geometry": {"type": "Point", "coordinates": [99.76429, 19.58743]}, "properties": {"id": "cr-onab-03570508016", "name": "วัดป่างิ้วบ่อสร้าง", "nameTh": "วัดป่างิ้วบ่อสร้าง", "nameEn": null, "cat": ["wat"], "province": "cr", "slug": "03570508016", "rank": 1}}, {"type": "Feature", "geometry": {"type": "Point", "coordinates": [99.74088, 19.55466]}, "properties": {"id": "cr-osm-node-4472048677", "name": "วัดป่าชาง", "nameTh": "วัดป่าชาง", "nameEn": "Wat Pa Chang", "cat": ["wat"], "province": "cr", "slug": "wat-pa-chang-4472048677", "rank": 2}}, {"type": "Feature", "geometry": {"type": "Point", "coordinates": [99.76429, 19.58743]}, "properties": {"id": "cr-onab-03570513005", "name": "วัดป่าซาง", "nameTh": "วัดป่าซาง", "nameEn": null, "cat": ["wat"], "province": "cr", "slug": "03570513005", "rank": 1}}, {"type": "Feature", "geometry": {"type": "Point", "coordinates": [99.8505, 20.17006]}, "properties": {"id": "cr-osm-node-2171582067", "name": "วัดป่าซาง", "nameTh": "วัดป่าซาง", "nameEn": "Wat Pasang Temple", "cat": ["wat"], "province": "cr", "slug": "wat-pasang-temple-2171582067", "rank": 2}}, {"type": "Feature", "geometry": {"type": "Point", "coordinates": [99.88239, 20.42425]}, "properties": {"id": "cr-onab-03570903002", "name": "วัดป่าซางงาม", "nameTh": "วัดป่าซางงาม", "nameEn": null, "cat": ["wat"], "province": "cr", "slug": "03570903002", "rank": 1}}, {"type": "Feature", "geometry": {"type": "Point", "coordinates": [99.74362, 20.18]}, "properties": {"id": "cr-onab-03571803011", "name": "วัดป่าซางงาม", "nameTh": "วัดป่าซางงาม", "nameEn": null, "cat": ["wat"], "province": "cr", "slug": "03571803011", "rank": 1}}, {"type": "Feature", "geometry": {"type": "Point", "coordinates": [99.83396, 20.18647]}, "properties": {"id": "cr-onab-03570205003", "name": "วัดป่าซางดอยแก้ว", "nameTh": "วัดป่าซางดอยแก้ว", "nameEn": null, "cat": ["wat"], "province": "cr", "slug": "03570205003", "rank": 1}}, {"type": "Feature", "geometry": {"type": "Point", "coordinates": [99.83396, 20.18647]}, "properties": {"id": "cr-onab-03570205001", "name": "วัดป่าซางบุนนาก", "nameTh": "วัดป่าซางบุนนาก", "nameEn": null, "cat": ["wat"], "province": "cr", "slug": "03570205001", "rank": 1}}, {"type": "Feature", "geometry": {"type": "Point", "coordinates": [99.83396, 20.18647]}, "properties": {"id": "cr-onab-03571703013", "name": "วัดป่าซางโพธิ์ทอง", "nameTh": "วัดป่าซางโพธิ์ทอง", "nameEn": null, "cat": ["wat"], "province": "cr", "slug": "03571703013", "rank": 1}}, {"type": "Feature", "geometry": {"type": "Point", "coordinates": [100.07273, 20.29545]}, "properties": {"id": "cr-onab-03570806011", "name": "วัดป่าญาณสัมปันโนอารยาราม", "nameTh": "วัดป่าญาณสัมปันโนอารยาราม", "nameEn": null, "cat": ["wat"], "province": "cr", "slug": "03570806011", "rank": 1}}, {"type": "Feature", "geometry": {"type": "Point", "coordinates": [99.76429, 19.58743]}, "properties": {"id": "cr-onab-03570507007", "name": "วัดป่าฐานตะเคียนทอง", "nameTh": "วัดป่าฐานตะเคียนทอง", "nameEn": null, "cat": ["wat"], "province": "cr", "slug": "03570507007", "rank": 1}}, {"type": "Feature", "geometry": {"type": "Point", "coordinates": [99.85732, 19.96928]}, "properties": {"id": "cr-onab-03570103010", "name": "วัดป่าดอยพระบาท", "nameTh": "วัดป่าดอยพระบาท", "nameEn": null, "cat": ["wat"], "province": "cr", "slug": "03570103010", "rank": 1}}, {"type": "Feature", "geometry": {"type": "Point", "coordinates": [99.83123, 20.13463]}, "properties": {"id": "cr-osm-way-657100916", "name": "วัดป่าตึง", "nameTh": "วัดป่าตึง", "nameEn": "Wat Pa Tueng", "cat": ["wat"], "province": "cr", "slug": "wat-pa-tueng-657100916", "rank": 2}}, {"type": "Feature", "geometry": {"type": "Point", "coordinates": [99.50793, 19.60753]}, "properties": {"id": "cr-osm-node-2138306718", "name": "วัดป่าตึงงาม", "nameTh": "วัดป่าตึงงาม", "nameEn": "Wat Pa Tueng Ngam", "cat": ["wat"], "province": "cr", "slug": "wat-pa-tueng-ngam-2138306718", "rank": 2}}, {"type": "Feature", "geometry": {"type": "Point", "coordinates": [100.07273, 20.29545]}, "properties": {"id": "cr-onab-03570804001", "name": "วัดป่าถ่อน", "nameTh": "วัดป่าถ่อน", "nameEn": null, "cat": ["wat"], "province": "cr", "slug": "03570804001", "rank": 1}}, {"type": "Feature", "geometry": {"type": "Point", "coordinates": [99.50605, 19.70424]}, "properties": {"id": "cr-onab-03571005001", "name": "วัดป่าถ่อน", "nameTh": "วัดป่าถ่อน", "nameEn": null, "cat": ["wat"], "province": "cr", "slug": "03571005001", "rank": 1}}, {"type": "Feature", "geometry": {"type": "Point", "coordinates": [99.48619, 19.53694]}, "properties": {"id": "cr-osm-node-2136792799", "name": "วัดป่าถ่อน(ม)", "nameTh": "วัดป่าถ่อน(ม)", "nameEn": "Wat Pa Thon", "cat": ["wat"], "province": "cr", "slug": "wat-pa-thon-2136792799", "rank": 2}}, {"type": "Feature", "geometry": {"type": "Point", "coordinates": [99.76429, 19.58743]}, "properties": {"id": "cr-onab-03570509009", "name": "วัดป่าถ่อนดอนแก้ว", "nameTh": "วัดป่าถ่อนดอนแก้ว", "nameEn": null, "cat": ["wat"], "province": "cr", "slug": "03570509009", "rank": 1}}, {"type": "Feature", "geometry": {"type": "Point", "coordinates": [99.85732, 19.96928]}, "properties": {"id": "cr-onab-66257010001", "name": "วัดป่าทรายมูลธรรมาราม", "nameTh": "วัดป่าทรายมูลธรรมาราม", "nameEn": null, "cat": ["wat"], "province": "cr", "slug": "66257010001", "rank": 1}}, {"type": "Feature", "geometry": {"type": "Point", "coordinates": [99.82783, 19.90127]}, "properties": {"id": "cr-onab-03570118009", "name": "วัดป่าธรรมประทีป", "nameTh": "วัดป่าธรรมประทีป", "nameEn": null, "cat": ["wat"], "province": "cr", "slug": "03570118009", "rank": 1}}, {"type": "Feature", "geometry": {"type": "Point", "coordinates": [99.74362, 20.18]}, "properties": {"id": "cr-onab-03570708002", "name": "วัดป่าบง", "nameTh": "วัดป่าบง", "nameEn": null, "cat": ["wat"], "province": "cr", "slug": "03570708002", "rank": 1}}, {"type": "Feature", "geometry": {"type": "Point", "coordinates": [99.76429, 19.58743]}, "properties": {"id": "cr-onab-03570508005", "name": "วัดป่าบงหลวง", "nameTh": "วัดป่าบงหลวง", "nameEn": null, "cat": ["wat"], "province": "cr", "slug": "03570508005", "rank": 1}}, {"type": "Feature", "geometry": {"type": "Point", "coordinates": [99.7072, 19.8006]}, "properties": {"id": "cr-onab-03571602008", "name": "วัดป่ามงคลธรรม", "nameTh": "วัดป่ามงคลธรรม", "nameEn": null, "cat": ["wat"], "province": "cr", "slug": "03571602008", "rank": 1}}, {"type": "Feature", "geometry": {"type": "Point", "coordinates": [99.85732, 19.96928]}, "properties": {"id": "cr-onab-03570105016", "name": "วัดป่ามหามงคล", "nameTh": "วัดป่ามหามงคล", "nameEn": null, "cat": ["wat"], "province": "cr", "slug": "03570105016", "rank": 1}}, {"type": "Feature", "geometry": {"type": "Point", "coordinates": [99.50434, 19.36372]}, "properties": {"id": "cr-osm-node-2136693462", "name": "วัดป่าม่วง", "nameTh": "วัดป่าม่วง", "nameEn": "Wat Pa Muang", "cat": ["wat"], "province": "cr", "slug": "wat-pa-muang-2136693462", "rank": 2}}, {"type": "Feature", "geometry": {"type": "Point", "coordinates": [99.76429, 19.58743]}, "properties": {"id": "cr-onab-03570507001", "name": "วัดป่ายาง", "nameTh": "วัดป่ายาง", "nameEn": null, "cat": ["wat"], "province": "cr", "slug": "03570507001", "rank": 1}}, {"type": "Feature", "geometry": {"type": "Point", "coordinates": [99.74362, 20.18]}, "properties": {"id": "cr-onab-03570711002", "name": "วัดป่ายาง", "nameTh": "วัดป่ายาง", "nameEn": null, "cat": ["wat"], "province": "cr", "slug": "03570711002", "rank": 1}}, {"type": "Feature", "geometry": {"type": "Point", "coordinates": [100.07273, 20.29545]}, "properties": {"id": "cr-onab-03570804012", "name": "วัดป่ายาง", "nameTh": "วัดป่ายาง", "nameEn": null, "cat": ["wat"], "province": "cr", "slug": "03570804012", "rank": 1}}, {"type": "Feature", "geometry": {"type": "Point", "coordinates": [99.88916, 20.44404]}, "properties": {"id": "cr-onab-03570901001", "name": "วัดป่ายาง", "nameTh": "วัดป่ายาง", "nameEn": null, "cat": ["wat"], "province": "cr", "slug": "03570901001", "rank": 1}}, {"type": "Feature", "geometry": {"type": "Point", "coordinates": [99.80991, 19.88288]}, "properties": {"id": "cr-onab-03570102004", "name": "วัดป่ายางมน", "nameTh": "วัดป่ายางมน", "nameEn": null, "cat": ["wat"], "province": "cr", "slug": "03570102004", "rank": 1}}, {"type": "Feature", "geometry": {"type": "Point", "coordinates": [100.07273, 20.29545]}, "properties": {"id": "cr-onab-03570805008", "name": "วัดป่ายางสบยาบ", "nameTh": "วัดป่ายางสบยาบ", "nameEn": null, "cat": ["wat"], "province": "cr", "slug": "03570805008", "rank": 1}}, {"type": "Feature", "geometry": {"type": "Point", "coordinates": [99.84024, 19.93774]}, "properties": {"id": "cr-onab-03570114003", "name": "วัดป่ายางหลวง", "nameTh": "วัดป่ายางหลวง", "nameEn": null, "cat": ["wat"], "province": "cr", "slug": "03570114003", "rank": 1}}, {"type": "Feature", "geometry": {"type": "Point", "coordinates": [99.87394, 20.03628]}, "properties": {"id": "cr-onab-03570104001", "name": "วัดป่ารวก", "nameTh": "วัดป่ารวก", "nameEn": null, "cat": ["wat"], "province": "cr", "slug": "03570104001", "rank": 1}}, {"type": "Feature", "geometry": {"type": "Point", "coordinates": [99.7072, 19.8006]}, "properties": {"id": "cr-onab-03570503002", "name": "วัดป่ารวก", "nameTh": "วัดป่ารวก", "nameEn": null, "cat": ["wat"], "province": "cr", "slug": "03570503002", "rank": 1}}, {"type": "Feature", "geometry": {"type": "Point", "coordinates": [99.7072, 19.8006]}, "properties": {"id": "cr-onab-03571601004", "name": "วัดป่ารวก", "nameTh": "วัดป่ารวก", "nameEn": null, "cat": ["wat"], "province": "cr", "slug": "03571601004", "rank": 1}}, {"type": "Feature", "geometry": {"type": "Point", "coordinates": [99.86956, 20.0228]}, "properties": {"id": "cr-osm-node-2153682451", "name": "วัดป่ารวก(ม.)", "nameTh": "วัดป่ารวก(ม.)", "nameEn": "Wat Pa Ruak", "cat": ["wat"], "province": "cr", "slug": "wat-pa-ruak-2153682451", "rank": 2}}, {"type": "Feature", "geometry": {"type": "Point", "coordinates": [99.50605, 19.70424]}, "properties": {"id": "cr-onab-03571005002", "name": "วัดป่าลัน", "nameTh": "วัดป่าลัน", "nameEn": null, "cat": ["wat"], "province": "cr", "slug": "03571005002", "rank": 1}}, {"type": "Feature", "geometry": {"type": "Point", "coordinates": [99.7072, 19.8006]}, "properties": {"id": "cr-onab-03571601015", "name": "วัดป่าลัน", "nameTh": "วัดป่าลัน", "nameEn": null, "cat": ["wat"], "province": "cr", "slug": "03571601015", "rank": 1}}, {"type": "Feature", "geometry": {"type": "Point", "coordinates": [99.74362, 20.18]}, "properties": {"id": "cr-onab-66157180001", "name": "วัดป่าลัน", "nameTh": "วัดป่าลัน", "nameEn": null, "cat": ["wat"], "province": "cr", "slug": "66157180001", "rank": 1}}, {"type": "Feature", "geometry": {"type": "Point", "coordinates": [99.74362, 20.18]}, "properties": {"id": "cr-onab-03571801014", "name": "วัดป่าศรีธาตุไทรทอง", "nameTh": "วัดป่าศรีธาตุไทรทอง", "nameEn": null, "cat": ["wat"], "province": "cr", "slug": "03571801014", "rank": 1}}, {"type": "Feature", "geometry": {"type": "Point", "coordinates": [98.98088, 18.74611]}, "properties": {"id": "cr-onab-03570601002", "name": "วัดป่าสัก", "nameTh": "วัดป่าสัก", "nameEn": null, "cat": ["wat"], "province": "cr", "slug": "03570601002", "rank": 1}}, {"type": "Feature", "geometry": {"type": "Point", "coordinates": [99.50605, 19.70424]}, "properties": {"id": "cr-onab-03571005004", "name": "วัดป่าสัก", "nameTh": "วัดป่าสัก", "nameEn": null, "cat": ["wat"], "province": "cr", "slug": "03571005004", "rank": 1}}, {"type": "Feature", "geometry": {"type": "Point", "coordinates": [99.98942, 20.27564]}, "properties": {"id": "cr-osm-node-2212554069", "name": "วัดป่าสักน้อย", "nameTh": "วัดป่าสักน้อย", "nameEn": "Wat Pa Sak Noi", "cat": ["wat"], "province": "cr", "slug": "wat-pa-sak-noi-2212554069", "rank": 2}}, {"type": "Feature", "geometry": {"type": "Point", "coordinates": [99.94628, 20.21984]}, "properties": {"id": "cr-osm-way-1230429450", "name": "วัดป่าสักหลวง", "nameTh": "วัดป่าสักหลวง", "nameEn": "Wat Pa Sak Luang", "cat": ["wat"], "province": "cr", "slug": "wat-pa-sak-luang-1230429450", "rank": 2}}, {"type": "Feature", "geometry": {"type": "Point", "coordinates": [100.09756, 20.26156]}, "properties": {"id": "cr-onab-03570801008", "name": "วัดป่าสักหางเวียง", "nameTh": "วัดป่าสักหางเวียง", "nameEn": null, "cat": ["wat"], "province": "cr", "slug": "03570801008", "rank": 1}}, {"type": "Feature", "geometry": {"type": "Point", "coordinates": [99.85732, 19.96928]}, "properties": {"id": "cr-onab-03570103009", "name": "วัดป่าหวายขุมเงิน", "nameTh": "วัดป่าหวายขุมเงิน", "nameEn": null, "cat": ["wat"], "province": "cr", "slug": "03570103009", "rank": 1}}, {"type": "Feature", "geometry": {"type": "Point", "coordinates": [99.76429, 19.58743]}, "properties": {"id": "cr-onab-03570508001", "name": "วัดป่าหัด", "nameTh": "วัดป่าหัด", "nameEn": null, "cat": ["wat"], "province": "cr", "slug": "03570508001", "rank": 1}}, {"type": "Feature", "geometry": {"type": "Point", "coordinates": [99.82783, 19.90127]}, "properties": {"id": "cr-onab-03570118005", "name": "วัดป่าหัวดอย", "nameTh": "วัดป่าหัวดอย", "nameEn": null, "cat": ["wat"], "province": "cr", "slug": "03570118005", "rank": 1}}, {"type": "Feature", "geometry": {"type": "Point", "coordinates": [99.76429, 19.58743]}, "properties": {"id": "cr-onab-03570508002", "name": "วัดป่าหุ่ง", "nameTh": "วัดป่าหุ่ง", "nameEn": null, "cat": ["wat"], "province": "cr", "slug": "03570508002", "rank": 1}}, {"type": "Feature", "geometry": {"type": "Point", "coordinates": [99.82783, 19.90127]}, "properties": {"id": "cr-onab-03570118010", "name": "วัดป่าห้วยบง", "nameTh": "วัดป่าห้วยบง", "nameEn": null, "cat": ["wat"], "province": "cr", "slug": "03570118010", "rank": 1}}, {"type": "Feature", "geometry": {"type": "Point", "coordinates": [99.83396, 20.18647]}, "properties": {"id": "cr-onab-03570704005", "name": "วัดป่าห้า", "nameTh": "วัดป่าห้า", "nameEn": null, "cat": ["wat"], "province": "cr", "slug": "03570704005", "rank": 1}}, {"type": "Feature", "geometry": {"type": "Point", "coordinates": [99.86801, 19.9861]}, "properties": {"id": "cr-osm-node-4527010409", "name": "วัดป่าห้า", "nameTh": "วัดป่าห้า", "nameEn": "Wat Pa Ha", "cat": ["wat"], "province": "cr", "slug": "wat-pa-ha-4527010409", "rank": 2}}, {"type": "Feature", "geometry": {"type": "Point", "coordinates": [99.85591, 20.18916]}, "properties": {"id": "cr-osm-node-2172199209", "name": "วัดป่าห้า(เบญจพัฒนมงคล)", "nameTh": "วัดป่าห้า(เบญจพัฒนมงคล)", "nameEn": "Wat Pa Ha", "cat": ["wat"], "province": "cr", "slug": "wat-pa-ha-2172199209", "rank": 2}}, {"type": "Feature", "geometry": {"type": "Point", "coordinates": [99.74362, 20.18]}, "properties": {"id": "cr-onab-03571801013", "name": "วัดป่าอรัญญวิเวก", "nameTh": "วัดป่าอรัญญวิเวก", "nameEn": null, "cat": ["wat"], "province": "cr", "slug": "03571801013", "rank": 1}}, {"type": "Feature", "geometry": {"type": "Point", "coordinates": [99.82783, 19.90127]}, "properties": {"id": "cr-onab-03570115016", "name": "วัดป่าอุดมมงคล", "nameTh": "วัดป่าอุดมมงคล", "nameEn": null, "cat": ["wat"], "province": "cr", "slug": "03570115016", "rank": 1}}, {"type": "Feature", "geometry": {"type": "Point", "coordinates": [99.85732, 19.96928]}, "properties": {"id": "cr-onab-03570103006", "name": "วัดป่าอ้อ", "nameTh": "วัดป่าอ้อ", "nameEn": null, "cat": ["wat"], "province": "cr", "slug": "03570103006", "rank": 1}}, {"type": "Feature", "geometry": {"type": "Point", "coordinates": [99.82783, 19.90127]}, "properties": {"id": "cr-onab-03570116002", "name": "วัดป่าอ้อ(ป่าอ้อดอนชัย)", "nameTh": "วัดป่าอ้อ(ป่าอ้อดอนชัย)", "nameEn": null, "cat": ["wat"], "province": "cr", "slug": "03570116002", "rank": 1}}, {"type": "Feature", "geometry": {"type": "Point", "coordinates": [99.87978, 20.01687]}, "properties": {"id": "cr-osm-node-9252013856", "name": "วัดป่าอ้อร่มเย็น", "nameTh": "วัดป่าอ้อร่มเย็น", "nameEn": "Wat Pa O Rom Yen", "cat": ["wat"], "province": "cr", "slug": "wat-pa-o-rom-yen-9252013856", "rank": 2}}, {"type": "Feature", "geometry": {"type": "Point", "coordinates": [99.82783, 19.90127]}, "properties": {"id": "cr-onab-03570115018", "name": "วัดป่าเก็ด", "nameTh": "วัดป่าเก็ด", "nameEn": null, "cat": ["wat"], "province": "cr", "slug": "03570115018", "rank": 1}}, {"type": "Feature", "geometry": {"type": "Point", "coordinates": [99.82783, 19.90127]}, "properties": {"id": "cr-onab-03570118008", "name": "วัดป่าเขื่อนแก้ว", "nameTh": "วัดป่าเขื่อนแก้ว", "nameEn": null, "cat": ["wat"], "province": "cr", "slug": "03570118008", "rank": 1}}, {"type": "Feature", "geometry": {"type": "Point", "coordinates": [100.33542, 19.99264]}, "properties": {"id": "cr-onab-03570304004", "name": "วัดป่าเคาะ", "nameTh": "วัดป่าเคาะ", "nameEn": null, "cat": ["wat"], "province": "cr", "slug": "03570304004", "rank": 1}}, {"type": "Feature", "geometry": {"type": "Point", "coordinates": [99.84014, 20.23653]}, "properties": {"id": "cr-osm-node-6375494586", "name": "วัดป่าเปา", "nameTh": "วัดป่าเปา", "nameEn": "Papao Temple", "cat": ["wat"], "province": "cr", "slug": "papao-temple-6375494586", "rank": 2}}, {"type": "Feature", "geometry": {"type": "Point", "coordinates": [99.83396, 20.18647]}, "properties": {"id": "cr-onab-03570704014", "name": "วัดป่าเหมี้ยง", "nameTh": "วัดป่าเหมี้ยง", "nameEn": null, "cat": ["wat"], "province": "cr", "slug": "03570704014", "rank": 1}}, {"type": "Feature", "geometry": {"type": "Point", "coordinates": [99.50605, 19.70424]}, "properties": {"id": "cr-onab-03571005005", "name": "วัดป่าเหมี้ยงแม่ก๊อหลวง", "nameTh": "วัดป่าเหมี้ยงแม่ก๊อหลวง", "nameEn": null, "cat": ["wat"], "province": "cr", "slug": "03571005005", "rank": 1}}, {"type": "Feature", "geometry": {"type": "Point", "coordinates": [99.88135, 20.4231]}, "properties": {"id": "cr-onab-03570906004", "name": "วัดป่าเหมือด", "nameTh": "วัดป่าเหมือด", "nameEn": null, "cat": ["wat"], "province": "cr", "slug": "03570906004", "rank": 1}}, {"type": "Feature", "geometry": {"type": "Point", "coordinates": [99.88135, 20.4231]}, "properties": {"id": "cr-onab-03570906011", "name": "วัดป่าเหมือดรุ่งเจริญ", "nameTh": "วัดป่าเหมือดรุ่งเจริญ", "nameEn": null, "cat": ["wat"], "province": "cr", "slug": "03570906011", "rank": 1}}, {"type": "Feature", "geometry": {"type": "Point", "coordinates": [99.76429, 19.58743]}, "properties": {"id": "cr-onab-03570508006", "name": "วัดป่าแขม", "nameTh": "วัดป่าแขม", "nameEn": null, "cat": ["wat"], "province": "cr", "slug": "03570508006", "rank": 1}}, {"type": "Feature", "geometry": {"type": "Point", "coordinates": [99.50432, 19.20352]}, "properties": {"id": "cr-onab-03571106007", "name": "วัดป่าแงะ", "nameTh": "วัดป่าแงะ", "nameEn": null, "cat": ["wat"], "province": "cr", "slug": "03571106007", "rank": 1}}, {"type": "Feature", "geometry": {"type": "Point", "coordinates": [99.7072, 19.8006]}, "properties": {"id": "cr-onab-03571602006", "name": "วัดป่าแดง", "nameTh": "วัดป่าแดง", "nameEn": null, "cat": ["wat"], "province": "cr", "slug": "03571602006", "rank": 1}}, {"type": "Feature", "geometry": {"type": "Point", "coordinates": [99.74362, 20.18]}, "properties": {"id": "cr-onab-03571801005", "name": "วัดป่าแดง", "nameTh": "วัดป่าแดง", "nameEn": null, "cat": ["wat"], "province": "cr", "slug": "03571801005", "rank": 1}}, {"type": "Feature", "geometry": {"type": "Point", "coordinates": [99.50774, 19.35684]}, "properties": {"id": "cr-osm-node-2136677526", "name": "วัดป่าแดง", "nameTh": "วัดป่าแดง", "nameEn": "Wat Padaeng", "cat": ["wat"], "province": "cr", "slug": "wat-padaeng-2136677526", "rank": 2}}, {"type": "Feature", "geometry": {"type": "Point", "coordinates": [100.31226, 19.9412]}, "properties": {"id": "cr-osm-way-548919703", "name": "วัดป่าแดง", "nameTh": "วัดป่าแดง", "nameEn": "Wat Padaeng", "cat": ["wat"], "province": "cr", "slug": "wat-padaeng-548919703", "rank": 2}}, {"type": "Feature", "geometry": {"type": "Point", "coordinates": [99.76429, 19.58743]}, "properties": {"id": "cr-onab-03570501011", "name": "วัดป่าแดงงาม", "nameTh": "วัดป่าแดงงาม", "nameEn": null, "cat": ["wat"], "province": "cr", "slug": "03570501011", "rank": 1}}, {"type": "Feature", "geometry": {"type": "Point", "coordinates": [99.88239, 20.42425]}, "properties": {"id": "cr-onab-03570903006", "name": "วัดป่าแดงน้อย", "nameTh": "วัดป่าแดงน้อย", "nameEn": null, "cat": ["wat"], "province": "cr", "slug": "03570903006", "rank": 1}}, {"type": "Feature", "geometry": {"type": "Point", "coordinates": [99.88239, 20.42425]}, "properties": {"id": "cr-onab-03570903001", "name": "วัดป่าแดงหลวง", "nameTh": "วัดป่าแดงหลวง", "nameEn": null, "cat": ["wat"], "province": "cr", "slug": "03570903001", "rank": 1}}, {"type": "Feature", "geometry": {"type": "Point", "coordinates": [99.76429, 19.58743]}, "properties": {"id": "cr-onab-03570508004", "name": "วัดป่าแดด", "nameTh": "วัดป่าแดด", "nameEn": null, "cat": ["wat"], "province": "cr", "slug": "03570508004", "rank": 1}}, {"type": "Feature", "geometry": {"type": "Point", "coordinates": [98.98088, 18.74611]}, "properties": {"id": "cr-onab-03571002001", "name": "วัดป่าแดด", "nameTh": "วัดป่าแดด", "nameEn": null, "cat": ["wat"], "province": "cr", "slug": "03571002001", "rank": 1}}, {"type": "Feature", "geometry": {"type": "Point", "coordinates": [100.01832, 20.28408]}, "properties": {"id": "cr-onab-03570802003", "name": "วัดป่าแดด ดอนแก้ว", "nameTh": "วัดป่าแดด ดอนแก้ว", "nameEn": null, "cat": ["wat"], "province": "cr", "slug": "03570802003", "rank": 1}}, {"type": "Feature", "geometry": {"type": "Point", "coordinates": [99.88239, 20.42425]}, "properties": {"id": "cr-onab-03570904004", "name": "วัดป่าแฝ", "nameTh": "วัดป่าแฝ", "nameEn": null, "cat": ["wat"], "province": "cr", "slug": "03570904004", "rank": 1}}, {"type": "Feature", "geometry": {"type": "Point", "coordinates": [99.74362, 20.18]}, "properties": {"id": "cr-onab-63257070002", "name": "วัดป่าแม่จันญานสัมปันโน", "nameTh": "วัดป่าแม่จันญานสัมปันโน", "nameEn": null, "cat": ["wat"], "province": "cr", "slug": "63257070002", "rank": 1}}, {"type": "Feature", "geometry": {"type": "Point", "coordinates": [99.7072, 19.8006]}, "properties": {"id": "cr-onab-66157160001", "name": "วัดป่าโคสิงคสาลวัน", "nameTh": "วัดป่าโคสิงคสาลวัน", "nameEn": null, "cat": ["wat"], "province": "cr", "slug": "66157160001", "rank": 1}}, {"type": "Feature", "geometry": {"type": "Point", "coordinates": [99.82783, 19.90127]}, "properties": {"id": "cr-onab-03570116009", "name": "วัดป่าไผ่", "nameTh": "วัดป่าไผ่", "nameEn": null, "cat": ["wat"], "province": "cr", "slug": "03570116009", "rank": 1}}, {"type": "Feature", "geometry": {"type": "Point", "coordinates": [99.76429, 19.58743]}, "properties": {"id": "cr-onab-03570513009", "name": "วัดป่าไผ่", "nameTh": "วัดป่าไผ่", "nameEn": null, "cat": ["wat"], "province": "cr", "slug": "03570513009", "rank": 1}}, {"type": "Feature", "geometry": {"type": "Point", "coordinates": [99.85732, 19.96928]}, "properties": {"id": "cr-onab-03570103008", "name": "วัดป่าไร่", "nameTh": "วัดป่าไร่", "nameEn": null, "cat": ["wat"], "province": "cr", "slug": "03570103008", "rank": 1}}, {"type": "Feature", "geometry": {"type": "Point", "coordinates": [100.40969, 20.23271]}, "properties": {"id": "cr-onab-03570310004", "name": "วัดผากุบ", "nameTh": "วัดผากุบ", "nameEn": null, "cat": ["wat"], "province": "cr", "slug": "03570310004", "rank": 1}}, {"type": "Feature", "geometry": {"type": "Point", "coordinates": [99.7072, 19.8006]}, "properties": {"id": "cr-onab-03571601005", "name": "วัดผาบ่อง", "nameTh": "วัดผาบ่อง", "nameEn": null, "cat": ["wat"], "province": "cr", "slug": "03571601005", "rank": 1}}, {"type": "Feature", "geometry": {"type": "Point", "coordinates": [99.76429, 19.58743]}, "properties": {"id": "cr-onab-03570508009", "name": "วัดผาวี", "nameTh": "วัดผาวี", "nameEn": null, "cat": ["wat"], "province": "cr", "slug": "03570508009", "rank": 1}}, {"type": "Feature", "geometry": {"type": "Point", "coordinates": [99.88916, 20.44404]}, "properties": {"id": "cr-onab-03570901003", "name": "วัดผาสุการาม", "nameTh": "วัดผาสุการาม", "nameEn": null, "cat": ["wat"], "province": "cr", "slug": "03570901003", "rank": 1}}, {"type": "Feature", "geometry": {"type": "Point", "coordinates": [99.76429, 19.58743]}, "properties": {"id": "cr-onab-03570501009", "name": "วัดผาเต่าคำ", "nameTh": "วัดผาเต่าคำ", "nameEn": null, "cat": ["wat"], "province": "cr", "slug": "03570501009", "rank": 1}}, {"type": "Feature", "geometry": {"type": "Point", "coordinates": [99.04659, 18.78938]}, "properties": {"id": "cr-onab-03570511002", "name": "วัดผาแดง", "nameTh": "วัดผาแดง", "nameEn": null, "cat": ["wat"], "province": "cr", "slug": "03570511002", "rank": 1}}, {"type": "Feature", "geometry": {"type": "Point", "coordinates": [99.86804, 20.42046]}, "properties": {"id": "cr-osm-way-376045443", "name": "วัดผาแตก", "nameTh": "วัดผาแตก", "nameEn": "Pha Teak Temple", "cat": ["wat"], "province": "cr", "slug": "pha-teak-temple-376045443", "rank": 2}}, {"type": "Feature", "geometry": {"type": "Point", "coordinates": [100.3753, 20.10727]}, "properties": {"id": "cr-onab-03571302005", "name": "วัดผาแล", "nameTh": "วัดผาแล", "nameEn": null, "cat": ["wat"], "province": "cr", "slug": "03571302005", "rank": 1}}, {"type": "Feature", "geometry": {"type": "Point", "coordinates": [99.85135, 19.92614]}, "properties": {"id": "cr-osm-way-967447589", "name": "วัดฝั่งหมิ่น", "nameTh": "วัดฝั่งหมิ่น", "nameEn": "Wat Fangmin", "cat": ["wat"], "province": "cr", "slug": "wat-fangmin-967447589", "rank": 2}}, {"type": "Feature", "geometry": {"type": "Point", "coordinates": [99.8797, 20.43549]}, "properties": {"id": "cr-osm-way-372704767", "name": "วัดพญาสี่ตวงคำ", "nameTh": "วัดพญาสี่ตวงคำ", "nameEn": "Wat Paya Si Tuang Kham", "cat": ["wat"], "province": "cr", "slug": "wat-paya-si-tuang-kham-372704767", "rank": 2}}, {"type": "Feature", "geometry": {"type": "Point", "coordinates": [99.85732, 19.96928]}, "properties": {"id": "cr-onab-03570106008", "name": "วัดพนาลัย", "nameTh": "วัดพนาลัย", "nameEn": null, "cat": ["wat"], "province": "cr", "slug": "03570106008", "rank": 1}}, {"type": "Feature", "geometry": {"type": "Point", "coordinates": [99.87996, 20.42643]}, "properties": {"id": "cr-osm-way-372716639", "name": "วัดพรหมวิหาร", "nameTh": "วัดพรหมวิหาร", "nameEn": "Wat Prom Wihan", "cat": ["wat"], "province": "cr", "slug": "wat-prom-wihan-372716639", "rank": 2}}, {"type": "Feature", "geometry": {"type": "Point", "coordinates": [99.83016, 19.95391]}, "properties": {"id": "cr-osm-way-711075295", "name": "วัดพระธาตุ จอมสัก", "nameTh": "วัดพระธาตุ จอมสัก", "nameEn": "Wat Pratad Jom Sak", "cat": ["wat"], "province": "cr", "slug": "wat-pratad-jom-sak-711075295", "rank": 2}}, {"type": "Feature", "geometry": {"type": "Point", "coordinates": [100.10883, 20.24433]}, "properties": {"id": "cr-osm-node-10542349151", "name": "วัดพระธาตุ ผาเงา", "nameTh": "วัดพระธาตุ ผาเงา", "nameEn": null, "cat": ["wat"], "province": "cr", "slug": "10542349151", "rank": 2}}, {"type": "Feature", "geometry": {"type": "Point", "coordinates": [99.53593, 19.67844]}, "properties": {"id": "cr-osm-node-3480040705", "name": "วัดพระธาตุ พระมหาเจดีย์", "nameTh": "วัดพระธาตุ พระมหาเจดีย์", "nameEn": "Wat Phra That Phra Maha Chedi", "cat": ["wat"], "province": "cr", "slug": "wat-phra-that-phra-maha-chedi-3480040705", "rank": 2}}, {"type": "Feature", "geometry": {"type": "Point", "coordinates": [99.77325, 20.24948]}, "properties": {"id": "cr-onab-03570703009", "name": "วัดพระธาตุกาคำ", "nameTh": "วัดพระธาตุกาคำ", "nameEn": null, "cat": ["wat"], "province": "cr", "slug": "03570703009", "rank": 1}}, {"type": "Feature", "geometry": {"type": "Point", "coordinates": [99.73004, 19.74717]}, "properties": {"id": "cr-osm-node-4530941174", "name": "วัดพระธาตุกู่แก้ว", "nameTh": "วัดพระธาตุกู่แก้ว", "nameEn": "Wat Phra That Ku Kaeo", "cat": ["wat"], "province": "cr", "slug": "wat-phra-that-ku-kaeo-4530941174", "rank": 2}}, {"type": "Feature", "geometry": {"type": "Point", "coordinates": [99.85732, 19.96928]}, "properties": {"id": "cr-onab-03570105017", "name": "วัดพระธาตุกู่แก้วดอยงาม", "nameTh": "วัดพระธาตุกู่แก้วดอยงาม", "nameEn": null, "cat": ["wat"], "province": "cr", "slug": "03570105017", "rank": 1}}, {"type": "Feature", "geometry": {"type": "Point", "coordinates": [100.19503, 19.68562]}, "properties": {"id": "cr-onab-03570401012", "name": "วัดพระธาตุขุนทอง", "nameTh": "วัดพระธาตุขุนทอง", "nameEn": null, "cat": ["wat"], "province": "cr", "slug": "03570401012", "rank": 1}}, {"type": "Feature", "geometry": {"type": "Point", "coordinates": [99.76429, 19.58743]}, "properties": {"id": "cr-onab-03570502011", "name": "วัดพระธาตุคือเวียง", "nameTh": "วัดพระธาตุคือเวียง", "nameEn": null, "cat": ["wat"], "province": "cr", "slug": "03570502011", "rank": 1}}, {"type": "Feature", "geometry": {"type": "Point", "coordinates": [99.82783, 19.90127]}, "properties": {"id": "cr-onab-03570118003", "name": "วัดพระธาตุคู่บุญ", "nameTh": "วัดพระธาตุคู่บุญ", "nameEn": null, "cat": ["wat"], "province": "cr", "slug": "03570118003", "rank": 1}}, {"type": "Feature", "geometry": {"type": "Point", "coordinates": [100.07412, 20.28614]}, "properties": {"id": "cr-osm-node-5245080414", "name": "วัดพระธาตุจอมกิตติ", "nameTh": "วัดพระธาตุจอมกิตติ", "nameEn": "Wat Phra That Chom Kitti", "cat": ["wat"], "province": "cr", "slug": "wat-phra-that-chom-kitti-5245080414", "rank": 3}}, {"type": "Feature", "geometry": {"type": "Point", "coordinates": [98.98088, 18.74611]}, "properties": {"id": "cr-onab-03570601009", "name": "วัดพระธาตุจอมคีรี", "nameTh": "วัดพระธาตุจอมคีรี", "nameEn": null, "cat": ["wat"], "province": "cr", "slug": "03570601009", "rank": 1}}, {"type": "Feature", "geometry": {"type": "Point", "coordinates": [100.18344, 19.6845]}, "properties": {"id": "cr-osm-way-1015382586", "name": "วัดพระธาตุจอมจ้อ", "nameTh": "วัดพระธาตุจอมจ้อ", "nameEn": null, "cat": ["wat"], "province": "cr", "slug": "1015382586", "rank": 1}}, {"type": "Feature", "geometry": {"type": "Point", "coordinates": [99.74362, 20.18]}, "properties": {"id": "cr-onab-03570711009", "name": "วัดพระธาตุจอมสักทอง", "nameTh": "วัดพระธาตุจอมสักทอง", "nameEn": null, "cat": ["wat"], "province": "cr", "slug": "03570711009", "rank": 1}}, {"type": "Feature", "geometry": {"type": "Point", "coordinates": [100.19503, 19.68562]}, "properties": {"id": "cr-onab-03570401014", "name": "วัดพระธาตุจอมหงส์", "nameTh": "วัดพระธาตุจอมหงส์", "nameEn": null, "cat": ["wat"], "province": "cr", "slug": "03570401014", "rank": 1}}, {"type": "Feature", "geometry": {"type": "Point", "coordinates": [99.7072, 19.8006]}, "properties": {"id": "cr-onab-03571602014", "name": "วัดพระธาตุจอมหมอกแก้ว", "nameTh": "วัดพระธาตุจอมหมอกแก้ว", "nameEn": null, "cat": ["wat"], "province": "cr", "slug": "03571602014", "rank": 1}}, {"type": "Feature", "geometry": {"type": "Point", "coordinates": [99.76429, 19.58743]}, "properties": {"id": "cr-onab-03570509013", "name": "วัดพระธาตุจอมแจ้ง", "nameTh": "วัดพระธาตุจอมแจ้ง", "nameEn": null, "cat": ["wat"], "province": "cr", "slug": "03570509013", "rank": 1}}, {"type": "Feature", "geometry": {"type": "Point", "coordinates": [99.57014, 19.69121]}, "properties": {"id": "cr-onab-03571001008", "name": "วัดพระธาตุจอมแจ้ง", "nameTh": "วัดพระธาตุจอมแจ้ง", "nameEn": null, "cat": ["wat"], "province": "cr", "slug": "03571001008", "rank": 1}}, {"type": "Feature", "geometry": {"type": "Point", "coordinates": [99.74149, 19.56886]}, "properties": {"id": "cr-osm-way-1417671849", "name": "วัดพระธาตุจอมแว่", "nameTh": "วัดพระธาตุจอมแว่", "nameEn": "Wat Phra That Chom Wae", "cat": ["wat"], "province": "cr", "slug": "wat-phra-that-chom-wae-1417671849", "rank": 3}}, {"type": "Feature", "geometry": {"type": "Point", "coordinates": [100.19503, 19.68562]}, "properties": {"id": "cr-onab-03570401018", "name": "วัดพระธาตุจอมใจ", "nameTh": "วัดพระธาตุจอมใจ", "nameEn": null, "cat": ["wat"], "province": "cr", "slug": "03570401018", "rank": 1}}, {"type": "Feature", "geometry": {"type": "Point", "coordinates": [99.50605, 19.70424]}, "properties": {"id": "cr-onab-03571005012", "name": "วัดพระธาตุชัยมงคล", "nameTh": "วัดพระธาตุชัยมงคล", "nameEn": null, "cat": ["wat"], "province": "cr", "slug": "03571005012", "rank": 1}}, {"type": "Feature", "geometry": {"type": "Point", "coordinates": [99.69645, 19.68489]}, "properties": {"id": "cr-osm-way-1013720356", "name": "วัดพระธาตุดงลาน", "nameTh": "วัดพระธาตุดงลาน", "nameEn": "Wat Phra That Dong Lan", "cat": ["wat"], "province": "cr", "slug": "wat-phra-that-dong-lan-1013720356", "rank": 2}}, {"type": "Feature", "geometry": {"type": "Point", "coordinates": [99.82783, 19.90127]}, "properties": {"id": "cr-onab-03570120005", "name": "วัดพระธาตุดอยกองข้าว", "nameTh": "วัดพระธาตุดอยกองข้าว", "nameEn": null, "cat": ["wat"], "province": "cr", "slug": "03570120005", "rank": 1}}, {"type": "Feature", "geometry": {"type": "Point", "coordinates": [99.88135, 20.4231]}, "properties": {"id": "cr-onab-64157090001", "name": "วัดพระธาตุดอยงาม", "nameTh": "วัดพระธาตุดอยงาม", "nameEn": null, "cat": ["wat"], "province": "cr", "slug": "64157090001", "rank": 1}}, {"type": "Feature", "geometry": {"type": "Point", "coordinates": [99.82277, 19.91572]}, "properties": {"id": "cr-osm-node-2622028410", "name": "วัดพระธาตุดอยจอมทอง", "nameTh": "วัดพระธาตุดอยจอมทอง", "nameEn": "Wat Phra That Doi Chom Thong", "cat": ["wat"], "province": "cr", "slug": "wat-phra-that-doi-chom-thong-2622028410", "rank": 3}}, {"type": "Feature", "geometry": {"type": "Point", "coordinates": [100.3753, 20.10727]}, "properties": {"id": "cr-onab-64157130001", "name": "วัดพระธาตุดอยสันกู่", "nameTh": "วัดพระธาตุดอยสันกู่", "nameEn": null, "cat": ["wat"], "province": "cr", "slug": "64157130001", "rank": 1}}, {"type": "Feature", "geometry": {"type": "Point", "coordinates": [99.82783, 19.90127]}, "properties": {"id": "cr-onab-03570120007", "name": "วัดพระธาตุดอยฮาง", "nameTh": "วัดพระธาตุดอยฮาง", "nameEn": null, "cat": ["wat"], "province": "cr", "slug": "03570120007", "rank": 1}}, {"type": "Feature", "geometry": {"type": "Point", "coordinates": [99.80973, 19.88115]}, "properties": {"id": "cr-osm-relation-19931461", "name": "วัดพระธาตุดอยเขาควายแก้ว", "nameTh": "วัดพระธาตุดอยเขาควายแก้ว", "nameEn": "Wat Phra That Doi Khao Khwai Kaeo", "cat": ["wat"], "province": "cr", "slug": "wat-phra-that-doi-khao-khwai-kaeo-19931461", "rank": 3}}, {"type": "Feature", "geometry": {"type": "Point", "coordinates": [99.87999, 20.44213]}, "properties": {"id": "cr-osm-way-1112440711", "name": "วัดพระธาตุดอยเวา", "nameTh": "วัดพระธาตุดอยเวา", "nameEn": "Wat Phra That Doi Wao", "cat": ["wat"], "province": "cr", "slug": "wat-phra-that-doi-wao-1112440711", "rank": 2}}, {"type": "Feature", "geometry": {"type": "Point", "coordinates": [99.87831, 20.44255]}, "properties": {"id": "cr-osm-way-544168721", "name": "วัดพระธาตุดอยเวา", "nameTh": "วัดพระธาตุดอยเวา", "nameEn": "Wat Phra That Doi Wao", "cat": ["wat"], "province": "cr", "slug": "wat-phra-that-doi-wao-544168721", "rank": 3}}, {"type": "Feature", "geometry": {"type": "Point", "coordinates": [100.07273, 20.29545]}, "properties": {"id": "cr-onab-66157080001", "name": "วัดพระธาตุดอยเวียงแก้ว", "nameTh": "วัดพระธาตุดอยเวียงแก้ว", "nameEn": null, "cat": ["wat"], "province": "cr", "slug": "66157080001", "rank": 1}}, {"type": "Feature", "geometry": {"type": "Point", "coordinates": [100.01896, 20.38808]}, "properties": {"id": "cr-osm-node-12278753413", "name": "วัดพระธาตุดอยเวียงแก้ว(ครูบาบุญชุ่ม)", "nameTh": "วัดพระธาตุดอยเวียงแก้ว(ครูบาบุญชุ่ม)", "nameEn": "Wat phra That Doi Qiang Kaew (Kruba Boonchum)", "cat": ["wat"], "province": "cr", "slug": "wat-phra-that-doi-qiang-kaew-kruba-boonchum-12278753413", "rank": 2}}, {"type": "Feature", "geometry": {"type": "Point", "coordinates": [100.45704, 20.19581]}, "properties": {"id": "cr-osm-node-5341286921", "name": "วัดพระธาตุดอยแม่ย่าม่อน", "nameTh": "วัดพระธาตุดอยแม่ย่าม่อน", "nameEn": "Pratad Doi Mae Ya Mon Temple", "cat": ["wat"], "province": "cr", "slug": "pratad-doi-mae-ya-mon-temple-5341286921", "rank": 2}}, {"type": "Feature", "geometry": {"type": "Point", "coordinates": [99.77325, 20.24948]}, "properties": {"id": "cr-onab-03571504002", "name": "วัดพระธาตุนางคอย", "nameTh": "วัดพระธาตุนางคอย", "nameEn": null, "cat": ["wat"], "province": "cr", "slug": "03571504002", "rank": 1}}, {"type": "Feature", "geometry": {"type": "Point", "coordinates": [99.82552, 20.32768]}, "properties": {"id": "cr-osm-way-547707053", "name": "วัดพระธาตุน้อยดอยตุง", "nameTh": "วัดพระธาตุน้อยดอยตุง", "nameEn": "Wat Phra That Doi Tung", "cat": ["wat"], "province": "cr", "slug": "wat-phra-that-doi-tung-547707053", "rank": 2}}, {"type": "Feature", "geometry": {"type": "Point", "coordinates": [99.04659, 18.78938]}, "properties": {"id": "cr-onab-03570511012", "name": "วัดพระธาตุน้ำต้อง", "nameTh": "วัดพระธาตุน้ำต้อง", "nameEn": null, "cat": ["wat"], "province": "cr", "slug": "03570511012", "rank": 1}}, {"type": "Feature", "geometry": {"type": "Point", "coordinates": [100.07273, 20.29545]}, "properties": {"id": "cr-onab-03570803010", "name": "วัดพระธาตุบรรพต", "nameTh": "วัดพระธาตุบรรพต", "nameEn": null, "cat": ["wat"], "province": "cr", "slug": "03570803010", "rank": 1}}, {"type": "Feature", "geometry": {"type": "Point", "coordinates": [99.76429, 19.58743]}, "properties": {"id": "cr-onab-03570510011", "name": "วัดพระธาตุบ่อน้ำติ๊บ", "nameTh": "วัดพระธาตุบ่อน้ำติ๊บ", "nameEn": null, "cat": ["wat"], "province": "cr", "slug": "03570510011", "rank": 1}}, {"type": "Feature", "geometry": {"type": "Point", "coordinates": [99.76429, 19.58743]}, "properties": {"id": "cr-onab-03570502015", "name": "วัดพระธาตุผาช้างมูบ", "nameTh": "วัดพระธาตุผาช้างมูบ", "nameEn": null, "cat": ["wat"], "province": "cr", "slug": "03570502015", "rank": 1}}, {"type": "Feature", "geometry": {"type": "Point", "coordinates": [100.10815, 20.2442]}, "properties": {"id": "cr-osm-way-1381549719", "name": "วัดพระธาตุผาเงา", "nameTh": "วัดพระธาตุผาเงา", "nameEn": "Wat Phra That Pha Ngao", "cat": ["wat"], "province": "cr", "slug": "wat-phra-that-pha-ngao-1381549719", "rank": 2}}, {"type": "Feature", "geometry": {"type": "Point", "coordinates": [100.09756, 20.26156]}, "properties": {"id": "cr-onab-03570801013", "name": "วัดพระธาตุภูเข้า", "nameTh": "วัดพระธาตุภูเข้า", "nameEn": null, "cat": ["wat"], "province": "cr", "slug": "03570801013", "rank": 1}}, {"type": "Feature", "geometry": {"type": "Point", "coordinates": [99.64521, 20.25024]}, "properties": {"id": "cr-osm-way-1533390860", "name": "วัดพระธาตุรัตนศรีเวียงชุม", "nameTh": "วัดพระธาตุรัตนศรีเวียงชุม", "nameEn": null, "cat": ["wat"], "province": "cr", "slug": "1533390860", "rank": 1}}, {"type": "Feature", "geometry": {"type": "Point", "coordinates": [100.07273, 20.29545]}, "properties": {"id": "cr-onab-03570803011", "name": "วัดพระธาตุวังซาง", "nameTh": "วัดพระธาตุวังซาง", "nameEn": null, "cat": ["wat"], "province": "cr", "slug": "03570803011", "rank": 1}}, {"type": "Feature", "geometry": {"type": "Point", "coordinates": [100.19503, 19.68562]}, "properties": {"id": "cr-onab-03570401009", "name": "วัดพระธาตุศรีมหาโพธิ์", "nameTh": "วัดพระธาตุศรีมหาโพธิ์", "nameEn": null, "cat": ["wat"], "province": "cr", "slug": "03570401009", "rank": 1}}, {"type": "Feature", "geometry": {"type": "Point", "coordinates": [100.01832, 20.28408]}, "properties": {"id": "cr-onab-03570802012", "name": "วัดพระธาตุศรีเวียงคำ", "nameTh": "วัดพระธาตุศรีเวียงคำ", "nameEn": null, "cat": ["wat"], "province": "cr", "slug": "03570802012", "rank": 1}}, {"type": "Feature", "geometry": {"type": "Point", "coordinates": [100.07273, 20.29545]}, "properties": {"id": "cr-onab-03570806010", "name": "วัดพระธาตุศรีโยนก", "nameTh": "วัดพระธาตุศรีโยนก", "nameEn": null, "cat": ["wat"], "province": "cr", "slug": "03570806010", "rank": 1}}, {"type": "Feature", "geometry": {"type": "Point", "coordinates": [99.82783, 19.90127]}, "properties": {"id": "cr-onab-03570115015", "name": "วัดพระธาตุสร้อยทอง", "nameTh": "วัดพระธาตุสร้อยทอง", "nameEn": null, "cat": ["wat"], "province": "cr", "slug": "03570115015", "rank": 1}}, {"type": "Feature", "geometry": {"type": "Point", "coordinates": [100.11843, 20.24531]}, "properties": {"id": "cr-osm-node-11442436442", "name": "วัดพระธาตุสองพี่น้อง", "nameTh": "วัดพระธาตุสองพี่น้อง", "nameEn": "Wat Phra That Song Phi Nong", "cat": ["wat"], "province": "cr", "slug": "wat-phra-that-song-phi-nong-11442436442", "rank": 3}}, {"type": "Feature", "geometry": {"type": "Point", "coordinates": [99.82783, 19.90127]}, "properties": {"id": "cr-onab-03570113018", "name": "วัดพระธาตุสันกู่", "nameTh": "วัดพระธาตุสันกู่", "nameEn": null, "cat": ["wat"], "province": "cr", "slug": "03570113018", "rank": 1}}, {"type": "Feature", "geometry": {"type": "Point", "coordinates": [99.74362, 20.18]}, "properties": {"id": "cr-onab-03571503002", "name": "วัดพระธาตุสันติธรรม", "nameTh": "วัดพระธาตุสันติธรรม", "nameEn": null, "cat": ["wat"], "province": "cr", "slug": "03571503002", "rank": 1}}, {"type": "Feature", "geometry": {"type": "Point", "coordinates": [99.48677, 19.47744]}, "properties": {"id": "cr-osm-way-558747343", "name": "วัดพระธาตุสันป่าเหียง", "nameTh": "วัดพระธาตุสันป่าเหียง", "nameEn": "Wat Phra That San Pa Hiang", "cat": ["wat"], "province": "cr", "slug": "wat-phra-that-san-pa-hiang-558747343", "rank": 2}}, {"type": "Feature", "geometry": {"type": "Point", "coordinates": [99.76429, 19.58743]}, "properties": {"id": "cr-onab-03570508014", "name": "วัดพระธาตุสามดวง", "nameTh": "วัดพระธาตุสามดวง", "nameEn": null, "cat": ["wat"], "province": "cr", "slug": "03570508014", "rank": 1}}, {"type": "Feature", "geometry": {"type": "Point", "coordinates": [99.7072, 19.8006]}, "properties": {"id": "cr-onab-03571604004", "name": "วัดพระธาตุหมอกมุงเมือง", "nameTh": "วัดพระธาตุหมอกมุงเมือง", "nameEn": null, "cat": ["wat"], "province": "cr", "slug": "03571604004", "rank": 1}}, {"type": "Feature", "geometry": {"type": "Point", "coordinates": [100.07273, 20.29545]}, "properties": {"id": "cr-onab-03570803009", "name": "วัดพระธาตุหัวกว๊าน", "nameTh": "วัดพระธาตุหัวกว๊าน", "nameEn": null, "cat": ["wat"], "province": "cr", "slug": "03570803009", "rank": 1}}, {"type": "Feature", "geometry": {"type": "Point", "coordinates": [99.82783, 19.90127]}, "properties": {"id": "cr-onab-03570118011", "name": "วัดพระธาตุเกาะแก้ว", "nameTh": "วัดพระธาตุเกาะแก้ว", "nameEn": null, "cat": ["wat"], "province": "cr", "slug": "03570118011", "rank": 1}}, {"type": "Feature", "geometry": {"type": "Point", "coordinates": [100.35632, 20.1509]}, "properties": {"id": "cr-osm-node-4797959824", "name": "วัดพระธาตุเจดีย์", "nameTh": "วัดพระธาตุเจดีย์", "nameEn": "Wat Phra That Chedi", "cat": ["wat"], "province": "cr", "slug": "wat-phra-that-chedi-4797959824", "rank": 2}}, {"type": "Feature", "geometry": {"type": "Point", "coordinates": [99.67284, 19.84327]}, "properties": {"id": "cr-onab-03570111009", "name": "วัดพระธาตุเจดีย์ทอง", "nameTh": "วัดพระธาตุเจดีย์ทอง", "nameEn": null, "cat": ["wat"], "province": "cr", "slug": "03570111009", "rank": 1}}, {"type": "Feature", "geometry": {"type": "Point", "coordinates": [100.07273, 20.29545]}, "properties": {"id": "cr-onab-03570805005", "name": "วัดพระธาตุแสนคำฟู", "nameTh": "วัดพระธาตุแสนคำฟู", "nameEn": null, "cat": ["wat"], "province": "cr", "slug": "03570805005", "rank": 1}}, {"type": "Feature", "geometry": {"type": "Point", "coordinates": [100.19395, 19.68615]}, "properties": {"id": "cr-osm-node-2423388608", "name": "วัดพระนาคแก้ว", "nameTh": "วัดพระนาคแก้ว", "nameEn": "Wat Phra Nak Kaeo", "cat": ["wat"], "province": "cr", "slug": "wat-phra-nak-kaeo-2423388608", "rank": 2}}, {"type": "Feature", "geometry": {"type": "Point", "coordinates": [99.80991, 19.88288]}, "properties": {"id": "cr-onab-03570102003", "name": "วัดพระบาทสนามบิน", "nameTh": "วัดพระบาทสนามบิน", "nameEn": null, "cat": ["wat"], "province": "cr", "slug": "03570102003", "rank": 1}}, {"type": "Feature", "geometry": {"type": "Point", "coordinates": [99.74362, 20.18]}, "properties": {"id": "cr-onab-03570706011", "name": "วัดพระพุทธบาทผาเรือ", "nameTh": "วัดพระพุทธบาทผาเรือ", "nameEn": null, "cat": ["wat"], "province": "cr", "slug": "03570706011", "rank": 1}}, {"type": "Feature", "geometry": {"type": "Point", "coordinates": [99.83056, 19.91153]}, "properties": {"id": "cr-osm-way-712045323", "name": "วัดพระสิงห์", "nameTh": "วัดพระสิงห์", "nameEn": "Wat Phra Sing", "cat": ["wat"], "province": "cr", "slug": "wat-phra-sing-712045323", "rank": 3}}, {"type": "Feature", "geometry": {"type": "Point", "coordinates": [99.76429, 19.58743]}, "properties": {"id": "cr-onab-03570509004", "name": "วัดพระหิน", "nameTh": "วัดพระหิน", "nameEn": null, "cat": ["wat"], "province": "cr", "slug": "03570509004", "rank": 1}}, {"type": "Feature", "geometry": {"type": "Point", "coordinates": [99.50605, 19.70424]}, "properties": {"id": "cr-onab-03571004004", "name": "วัดพระเจ้าทองทิพย์", "nameTh": "วัดพระเจ้าทองทิพย์", "nameEn": null, "cat": ["wat"], "province": "cr", "slug": "03571004004", "rank": 1}}, {"type": "Feature", "geometry": {"type": "Point", "coordinates": [99.49144, 19.20718]}, "properties": {"id": "cr-osm-node-1224687597", "name": "วัดพระเจ้าหลวง", "nameTh": "วัดพระเจ้าหลวง", "nameEn": "Wat Prachaoluang", "cat": ["wat"], "province": "cr", "slug": "wat-prachaoluang-1224687597", "rank": 2}}, {"type": "Feature", "geometry": {"type": "Point", "coordinates": [99.82702, 19.91166]}, "properties": {"id": "cr-osm-way-487642776", "name": "วัดพระแก้ว", "nameTh": "วัดพระแก้ว", "nameEn": "Wat Phra Kaew", "cat": ["wat"], "province": "cr", "slug": "wat-phra-kaew-487642776", "rank": 3}}, {"type": "Feature", "geometry": {"type": "Point", "coordinates": [100.40654, 20.26598]}, "properties": {"id": "cr-osm-way-543650872", "name": "วัดพระแก้ว", "nameTh": "วัดพระแก้ว", "nameEn": null, "cat": ["wat"], "province": "cr", "slug": "543650872", "rank": 2}}, {"type": "Feature", "geometry": {"type": "Point", "coordinates": [100.40652, 20.26611]}, "properties": {"id": "cr-osm-way-549450975", "name": "วัดพระแก้ว", "nameTh": "วัดพระแก้ว", "nameEn": "Wat Phra Kaeo", "cat": ["wat"], "province": "cr", "slug": "wat-phra-kaeo-549450975", "rank": 2}}, {"type": "Feature", "geometry": {"type": "Point", "coordinates": [100.40969, 20.23271]}, "properties": {"id": "cr-onab-03570303006", "name": "วัดพร้าวกุด", "nameTh": "วัดพร้าวกุด", "nameEn": null, "cat": ["wat"], "province": "cr", "slug": "03570303006", "rank": 1}}, {"type": "Feature", "geometry": {"type": "Point", "coordinates": [100.40665, 20.26044]}, "properties": {"id": "cr-osm-way-543650865", "name": "วัดพัฒนาตัวย่าง", "nameTh": "วัดพัฒนาตัวย่าง", "nameEn": "Wat Phatthana Tua Yang", "cat": ["wat"], "province": "cr", "slug": "wat-phatthana-tua-yang-543650865", "rank": 2}}, {"type": "Feature", "geometry": {"type": "Point", "coordinates": [99.04659, 18.78938]}, "properties": {"id": "cr-onab-03570511001", "name": "วัดพื้นเมือง", "nameTh": "วัดพื้นเมือง", "nameEn": null, "cat": ["wat"], "province": "cr", "slug": "03570511001", "rank": 1}}, {"type": "Feature", "geometry": {"type": "Point", "coordinates": [99.88135, 20.4231]}, "properties": {"id": "cr-onab-03570906010", "name": "วัดพุทธนเรศวร์วนาราม", "nameTh": "วัดพุทธนเรศวร์วนาราม", "nameEn": null, "cat": ["wat"], "province": "cr", "slug": "03570906010", "rank": 1}}, {"type": "Feature", "geometry": {"type": "Point", "coordinates": [99.82783, 19.90127]}, "properties": {"id": "cr-onab-03570120006", "name": "วัดพุทธอุทยาน", "nameTh": "วัดพุทธอุทยาน", "nameEn": null, "cat": ["wat"], "province": "cr", "slug": "03570120006", "rank": 1}}, {"type": "Feature", "geometry": {"type": "Point", "coordinates": [99.73704, 19.90631]}, "properties": {"id": "cr-osm-node-3517236502", "name": "วัดพุทธอุทยานดอยอินทรีย์", "nameTh": "วัดพุทธอุทยานดอยอินทรีย์", "nameEn": "Wat Phuttha Utthayan Doi Insi", "cat": ["wat"], "province": "cr", "slug": "wat-phuttha-utthayan-doi-insi-3517236502", "rank": 2}}, {"type": "Feature", "geometry": {"type": "Point", "coordinates": [99.82783, 19.90127]}, "properties": {"id": "cr-onab-67257010001", "name": "วัดภูทอกธรรมจริยา", "nameTh": "วัดภูทอกธรรมจริยา", "nameEn": null, "cat": ["wat"], "province": "cr", "slug": "67257010001", "rank": 1}}, {"type": "Feature", "geometry": {"type": "Point", "coordinates": [99.89318, 20.32682]}, "properties": {"id": "cr-osm-way-1428020845", "name": "วัดมงคลธรรมกายาราม", "nameTh": "วัดมงคลธรรมกายาราม", "nameEn": null, "cat": ["wat"], "province": "cr", "slug": "1428020845", "rank": 1}}, {"type": "Feature", "geometry": {"type": "Point", "coordinates": [99.89241, 20.32676]}, "properties": {"id": "cr-osm-way-1428020846", "name": "วัดมงคลธรรมกายาราม", "nameTh": "วัดมงคลธรรมกายาราม", "nameEn": null, "cat": ["wat"], "province": "cr", "slug": "1428020846", "rank": 1}}, {"type": "Feature", "geometry": {"type": "Point", "coordinates": [99.89321, 20.32593]}, "properties": {"id": "cr-osm-way-1428020847", "name": "วัดมงคลธรรมกายาราม", "nameTh": "วัดมงคลธรรมกายาราม", "nameEn": null, "cat": ["wat"], "province": "cr", "slug": "1428020847", "rank": 1}}, {"type": "Feature", "geometry": {"type": "Point", "coordinates": [99.8935, 20.32618]}, "properties": {"id": "cr-osm-way-1428020848", "name": "วัดมงคลธรรมกายาราม", "nameTh": "วัดมงคลธรรมกายาราม", "nameEn": null, "cat": ["wat"], "province": "cr", "slug": "1428020848", "rank": 1}}, {"type": "Feature", "geometry": {"type": "Point", "coordinates": [99.89353, 20.32575]}, "properties": {"id": "cr-osm-way-1428020849", "name": "วัดมงคลธรรมกายาราม", "nameTh": "วัดมงคลธรรมกายาราม", "nameEn": null, "cat": ["wat"], "province": "cr", "slug": "1428020849", "rank": 1}}, {"type": "Feature", "geometry": {"type": "Point", "coordinates": [99.89295, 20.32571]}, "properties": {"id": "cr-osm-way-1428020850", "name": "วัดมงคลธรรมกายาราม", "nameTh": "วัดมงคลธรรมกายาราม", "nameEn": null, "cat": ["wat"], "province": "cr", "slug": "1428020850", "rank": 1}}, {"type": "Feature", "geometry": {"type": "Point", "coordinates": [99.89042, 20.3249]}, "properties": {"id": "cr-osm-way-1428020851", "name": "วัดมงคลธรรมกายาราม", "nameTh": "วัดมงคลธรรมกายาราม", "nameEn": null, "cat": ["wat"], "province": "cr", "slug": "1428020851", "rank": 1}}, {"type": "Feature", "geometry": {"type": "Point", "coordinates": [99.89046, 20.32532]}, "properties": {"id": "cr-osm-way-1428020852", "name": "วัดมงคลธรรมกายาราม", "nameTh": "วัดมงคลธรรมกายาราม", "nameEn": null, "cat": ["wat"], "province": "cr", "slug": "1428020852", "rank": 1}}, {"type": "Feature", "geometry": {"type": "Point", "coordinates": [99.8905, 20.32549]}, "properties": {"id": "cr-osm-way-1428020853", "name": "วัดมงคลธรรมกายาราม", "nameTh": "วัดมงคลธรรมกายาราม", "nameEn": null, "cat": ["wat"], "province": "cr", "slug": "1428020853", "rank": 1}}, {"type": "Feature", "geometry": {"type": "Point", "coordinates": [99.89044, 20.32564]}, "properties": {"id": "cr-osm-way-1428020854", "name": "วัดมงคลธรรมกายาราม", "nameTh": "วัดมงคลธรรมกายาราม", "nameEn": null, "cat": ["wat"], "province": "cr", "slug": "1428020854", "rank": 1}}, {"type": "Feature", "geometry": {"type": "Point", "coordinates": [99.89045, 20.32585]}, "properties": {"id": "cr-osm-way-1428020855", "name": "วัดมงคลธรรมกายาราม", "nameTh": "วัดมงคลธรรมกายาราม", "nameEn": null, "cat": ["wat"], "province": "cr", "slug": "1428020855", "rank": 1}}, {"type": "Feature", "geometry": {"type": "Point", "coordinates": [99.89158, 20.32494]}, "properties": {"id": "cr-osm-way-1428020856", "name": "วัดมงคลธรรมกายาราม", "nameTh": "วัดมงคลธรรมกายาราม", "nameEn": null, "cat": ["wat"], "province": "cr", "slug": "1428020856", "rank": 1}}, {"type": "Feature", "geometry": {"type": "Point", "coordinates": [99.89203, 20.32525]}, "properties": {"id": "cr-osm-way-1428020857", "name": "วัดมงคลธรรมกายาราม", "nameTh": "วัดมงคลธรรมกายาราม", "nameEn": null, "cat": ["wat"], "province": "cr", "slug": "1428020857", "rank": 1}}, {"type": "Feature", "geometry": {"type": "Point", "coordinates": [99.89233, 20.32527]}, "properties": {"id": "cr-osm-way-1428020858", "name": "วัดมงคลธรรมกายาราม", "nameTh": "วัดมงคลธรรมกายาราม", "nameEn": null, "cat": ["wat"], "province": "cr", "slug": "1428020858", "rank": 1}}, {"type": "Feature", "geometry": {"type": "Point", "coordinates": [99.89217, 20.32497]}, "properties": {"id": "cr-osm-way-1428020859", "name": "วัดมงคลธรรมกายาราม", "nameTh": "วัดมงคลธรรมกายาราม", "nameEn": null, "cat": ["wat"], "province": "cr", "slug": "1428020859", "rank": 1}}, {"type": "Feature", "geometry": {"type": "Point", "coordinates": [99.89264, 20.32559]}, "properties": {"id": "cr-osm-way-1428020860", "name": "วัดมงคลธรรมกายาราม", "nameTh": "วัดมงคลธรรมกายาราม", "nameEn": null, "cat": ["wat"], "province": "cr", "slug": "1428020860", "rank": 1}}, {"type": "Feature", "geometry": {"type": "Point", "coordinates": [99.7072, 19.8006]}, "properties": {"id": "cr-onab-03571601011", "name": "วัดมงคลนิมิต", "nameTh": "วัดมงคลนิมิต", "nameEn": null, "cat": ["wat"], "province": "cr", "slug": "03571601011", "rank": 1}}, {"type": "Feature", "geometry": {"type": "Point", "coordinates": [99.94738, 20.38598]}, "properties": {"id": "cr-osm-node-2207485393", "name": "วัดมรรคาราม", "nameTh": "วัดมรรคาราม", "nameEn": "Wat Mankha Ram", "cat": ["wat"], "province": "cr", "slug": "wat-mankha-ram-2207485393", "rank": 2}}, {"type": "Feature", "geometry": {"type": "Point", "coordinates": [99.7353, 20.11048]}, "properties": {"id": "cr-osm-node-2148624725", "name": "วัดมะหินฝน", "nameTh": "วัดมะหินฝน", "nameEn": "Wat Huai Mahin Fon", "cat": ["wat"], "province": "cr", "slug": "wat-huai-mahin-fon-2148624725", "rank": 2}}, {"type": "Feature", "geometry": {"type": "Point", "coordinates": [99.82834, 19.90734]}, "properties": {"id": "cr-osm-way-387050904", "name": "วัดมิ่งเมือง", "nameTh": "วัดมิ่งเมือง", "nameEn": "Wat Ming Mueang", "cat": ["wat"], "province": "cr", "slug": "wat-ming-mueang-387050904", "rank": 3}}, {"type": "Feature", "geometry": {"type": "Point", "coordinates": [100.08223, 20.27426]}, "properties": {"id": "cr-osm-node-2326555960", "name": "วัดมุงเมือง", "nameTh": "วัดมุงเมือง", "nameEn": "Mung Mang Temple Ruin", "cat": ["sights", "wat"], "province": "cr", "slug": "mung-mang-temple-ruin-2326555960", "rank": 2}}, {"type": "Feature", "geometry": {"type": "Point", "coordinates": [99.82882, 19.90962]}, "properties": {"id": "cr-osm-way-959660479", "name": "วัดมุงเมือง", "nameTh": "วัดมุงเมือง", "nameEn": "Wat Mung Muang", "cat": ["wat"], "province": "cr", "slug": "wat-mung-muang-959660479", "rank": 3}}, {"type": "Feature", "geometry": {"type": "Point", "coordinates": [100.3753, 20.10727]}, "properties": {"id": "cr-onab-03571301001", "name": "วัดม่วง", "nameTh": "วัดม่วง", "nameEn": null, "cat": ["wat"], "province": "cr", "slug": "03571301001", "rank": 1}}, {"type": "Feature", "geometry": {"type": "Point", "coordinates": [99.87394, 20.03628]}, "properties": {"id": "cr-onab-03570104008", "name": "วัดม่วงคำ", "nameTh": "วัดม่วงคำ", "nameEn": null, "cat": ["wat"], "province": "cr", "slug": "03570104008", "rank": 1}}, {"type": "Feature", "geometry": {"type": "Point", "coordinates": [99.76429, 19.58743]}, "properties": {"id": "cr-onab-03570509001", "name": "วัดม่วงคำ", "nameTh": "วัดม่วงคำ", "nameEn": null, "cat": ["wat"], "province": "cr", "slug": "03570509001", "rank": 1}}, {"type": "Feature", "geometry": {"type": "Point", "coordinates": [99.77325, 20.24948]}, "properties": {"id": "cr-onab-03570703010", "name": "วัดม่วงคำ", "nameTh": "วัดม่วงคำ", "nameEn": null, "cat": ["wat"], "province": "cr", "slug": "03570703010", "rank": 1}}, {"type": "Feature", "geometry": {"type": "Point", "coordinates": [99.76429, 19.58743]}, "properties": {"id": "cr-onab-03570513007", "name": "วัดม่วงชุม", "nameTh": "วัดม่วงชุม", "nameEn": null, "cat": ["wat"], "province": "cr", "slug": "03570513007", "rank": 1}}, {"type": "Feature", "geometry": {"type": "Point", "coordinates": [100.404, 20.10235]}, "properties": {"id": "cr-osm-node-2423479535", "name": "วัดม่วงชุม", "nameTh": "วัดม่วงชุม", "nameEn": "Wat Muang Chum", "cat": ["wat"], "province": "cr", "slug": "wat-muang-chum-2423479535", "rank": 2}}, {"type": "Feature", "geometry": {"type": "Point", "coordinates": [99.88239, 20.42425]}, "properties": {"id": "cr-onab-03570903009", "name": "วัดม่วงทอง", "nameTh": "วัดม่วงทอง", "nameEn": null, "cat": ["wat"], "province": "cr", "slug": "03570903009", "rank": 1}}, {"type": "Feature", "geometry": {"type": "Point", "coordinates": [100.51439, 20.11099]}, "properties": {"id": "cr-osm-way-297707196", "name": "วัดม่วงแก้ว", "nameTh": "วัดม่วงแก้ว", "nameEn": "Muangkaew Temple", "cat": ["wat"], "province": "cr", "slug": "muangkaew-temple-297707196", "rank": 2}}, {"type": "Feature", "geometry": {"type": "Point", "coordinates": [99.76429, 19.58743]}, "properties": {"id": "cr-onab-03570502009", "name": "วัดม่อนป่าสัก", "nameTh": "วัดม่อนป่าสัก", "nameEn": null, "cat": ["wat"], "province": "cr", "slug": "03570502009", "rank": 1}}, {"type": "Feature", "geometry": {"type": "Point", "coordinates": [100.3753, 20.10727]}, "properties": {"id": "cr-onab-03571301002", "name": "วัดยาย", "nameTh": "วัดยาย", "nameEn": null, "cat": ["wat"], "province": "cr", "slug": "03571301002", "rank": 1}}, {"type": "Feature", "geometry": {"type": "Point", "coordinates": [99.89337, 19.87899]}, "properties": {"id": "cr-osm-way-501089485", "name": "วัดราษฎร์ชุมพล", "nameTh": "วัดราษฎร์ชุมพล", "nameEn": "Rat Chum Pon Temple", "cat": ["wat"], "province": "cr", "slug": "rat-chum-pon-temple-501089485", "rank": 2}}, {"type": "Feature", "geometry": {"type": "Point", "coordinates": [99.7072, 19.8006]}, "properties": {"id": "cr-onab-03570503007", "name": "วัดราษฎร์ดำรงค์", "nameTh": "วัดราษฎร์ดำรงค์", "nameEn": null, "cat": ["wat"], "province": "cr", "slug": "03570503007", "rank": 1}}, {"type": "Feature", "geometry": {"type": "Point", "coordinates": [99.85732, 19.96928]}, "properties": {"id": "cr-onab-03570105020", "name": "วัดราษฎร์นิมิต", "nameTh": "วัดราษฎร์นิมิต", "nameEn": null, "cat": ["wat"], "province": "cr", "slug": "03570105020", "rank": 1}}, {"type": "Feature", "geometry": {"type": "Point", "coordinates": [99.7072, 19.8006]}, "properties": {"id": "cr-onab-03570503004", "name": "วัดราษฎร์บำรุง", "nameTh": "วัดราษฎร์บำรุง", "nameEn": null, "cat": ["wat"], "province": "cr", "slug": "03570503004", "rank": 1}}, {"type": "Feature", "geometry": {"type": "Point", "coordinates": [99.74362, 20.18]}, "properties": {"id": "cr-onab-03571802004", "name": "วัดราษฎร์บำรุง", "nameTh": "วัดราษฎร์บำรุง", "nameEn": null, "cat": ["wat"], "province": "cr", "slug": "03571802004", "rank": 1}}, {"type": "Feature", "geometry": {"type": "Point", "coordinates": [99.77325, 20.24948]}, "properties": {"id": "cr-onab-03570703011", "name": "วัดราษฎร์บูรณะ", "nameTh": "วัดราษฎร์บูรณะ", "nameEn": null, "cat": ["wat"], "province": "cr", "slug": "03570703011", "rank": 1}}, {"type": "Feature", "geometry": {"type": "Point", "coordinates": [99.84394, 20.2438]}, "properties": {"id": "cr-osm-node-4527119259", "name": "วัดราษฏร์บูรณะ(ป่าซางน้อย)", "nameTh": "วัดราษฏร์บูรณะ(ป่าซางน้อย)", "nameEn": "Ratch Burana Temple(Pasangnoi Temple)", "cat": ["wat"], "province": "cr", "slug": "ratch-burana-temple-pasangnoi-temple-4527119259", "rank": 2}}, {"type": "Feature", "geometry": {"type": "Point", "coordinates": [99.85732, 19.96928]}, "properties": {"id": "cr-onab-03570106005", "name": "วัดริมกก", "nameTh": "วัดริมกก", "nameEn": null, "cat": ["wat"], "province": "cr", "slug": "03570106005", "rank": 1}}, {"type": "Feature", "geometry": {"type": "Point", "coordinates": [99.82783, 19.90127]}, "properties": {"id": "cr-onab-03570115008", "name": "วัดรุ่งเรือง", "nameTh": "วัดรุ่งเรือง", "nameEn": null, "cat": ["wat"], "province": "cr", "slug": "03570115008", "rank": 1}}, {"type": "Feature", "geometry": {"type": "Point", "coordinates": [99.51351, 19.28724]}, "properties": {"id": "cr-osm-way-1232475140", "name": "วัดร่องกู่", "nameTh": "วัดร่องกู่", "nameEn": "Wat Rong Ku", "cat": ["wat"], "province": "cr", "slug": "wat-rong-ku-1232475140", "rank": 2}}, {"type": "Feature", "geometry": {"type": "Point", "coordinates": [99.77325, 20.24948]}, "properties": {"id": "cr-onab-03570703001", "name": "วัดร่องก๊อ", "nameTh": "วัดร่องก๊อ", "nameEn": null, "cat": ["wat"], "province": "cr", "slug": "03570703001", "rank": 1}}, {"type": "Feature", "geometry": {"type": "Point", "coordinates": [99.82783, 19.90127]}, "properties": {"id": "cr-onab-03570116008", "name": "วัดร่องขุ่น", "nameTh": "วัดร่องขุ่น", "nameEn": null, "cat": ["wat"], "province": "cr", "slug": "03570116008", "rank": 1}}, {"type": "Feature", "geometry": {"type": "Point", "coordinates": [99.82783, 19.90127]}, "properties": {"id": "cr-onab-03570115017", "name": "วัดร่องดู่", "nameTh": "วัดร่องดู่", "nameEn": null, "cat": ["wat"], "province": "cr", "slug": "03570115017", "rank": 1}}, {"type": "Feature", "geometry": {"type": "Point", "coordinates": [99.70214, 19.682]}, "properties": {"id": "cr-osm-way-1013720358", "name": "วัดร่องธาร", "nameTh": "วัดร่องธาร", "nameEn": "Wat Rong Than", "cat": ["wat"], "province": "cr", "slug": "wat-rong-than-1013720358", "rank": 2}}, {"type": "Feature", "geometry": {"type": "Point", "coordinates": [100.07273, 20.29545]}, "properties": {"id": "cr-onab-03570806003", "name": "วัดร่องบง", "nameTh": "วัดร่องบง", "nameEn": null, "cat": ["wat"], "province": "cr", "slug": "03570806003", "rank": 1}}, {"type": "Feature", "geometry": {"type": "Point", "coordinates": [99.82783, 19.90127]}, "properties": {"id": "cr-onab-03570113011", "name": "วัดร่องปลาขาว", "nameTh": "วัดร่องปลาขาว", "nameEn": null, "cat": ["wat"], "province": "cr", "slug": "03570113011", "rank": 1}}, {"type": "Feature", "geometry": {"type": "Point", "coordinates": [100.19503, 19.68562]}, "properties": {"id": "cr-onab-03570401008", "name": "วัดร่องริว", "nameTh": "วัดร่องริว", "nameEn": null, "cat": ["wat"], "province": "cr", "slug": "03570401008", "rank": 1}}, {"type": "Feature", "geometry": {"type": "Point", "coordinates": [99.7072, 19.8006]}, "properties": {"id": "cr-onab-03571601006", "name": "วัดร่องศาลา", "nameTh": "วัดร่องศาลา", "nameEn": null, "cat": ["wat"], "province": "cr", "slug": "03571601006", "rank": 1}}, {"type": "Feature", "geometry": {"type": "Point", "coordinates": [99.7072, 19.8006]}, "properties": {"id": "cr-onab-03571601008", "name": "วัดร่องห้า", "nameTh": "วัดร่องห้า", "nameEn": null, "cat": ["wat"], "province": "cr", "slug": "03571601008", "rank": 1}}, {"type": "Feature", "geometry": {"type": "Point", "coordinates": [99.82783, 19.90127]}, "properties": {"id": "cr-onab-03570113006", "name": "วัดร่องเบ้อใน", "nameTh": "วัดร่องเบ้อใน", "nameEn": null, "cat": ["wat"], "province": "cr", "slug": "03570113006", "rank": 1}}, {"type": "Feature", "geometry": {"type": "Point", "coordinates": [99.82783, 19.90127]}, "properties": {"id": "cr-onab-03570113013", "name": "วัดร่องเผียว", "nameTh": "วัดร่องเผียว", "nameEn": null, "cat": ["wat"], "province": "cr", "slug": "03570113013", "rank": 1}}, {"type": "Feature", "geometry": {"type": "Point", "coordinates": [99.84176, 19.92336]}, "properties": {"id": "cr-osm-way-458258686", "name": "วัดร่องเสือเต้น", "nameTh": "วัดร่องเสือเต้น", "nameEn": "Wat Rong Suea Ten", "cat": ["wat"], "province": "cr", "slug": "wat-rong-suea-ten-458258686", "rank": 3}}, {"type": "Feature", "geometry": {"type": "Point", "coordinates": [99.49297, 19.57909]}, "properties": {"id": "cr-onab-03571007002", "name": "วัดร้องบง", "nameTh": "วัดร้องบง", "nameEn": null, "cat": ["wat"], "province": "cr", "slug": "03571007002", "rank": 1}}, {"type": "Feature", "geometry": {"type": "Point", "coordinates": [99.50482, 19.59898]}, "properties": {"id": "cr-osm-node-2138326067", "name": "วัดร้องบง(ม)", "nameTh": "วัดร้องบง(ม)", "nameEn": "Wat Rong Bong", "cat": ["wat"], "province": "cr", "slug": "wat-rong-bong-2138326067", "rank": 2}}, {"type": "Feature", "geometry": {"type": "Point", "coordinates": [99.76429, 19.58743]}, "properties": {"id": "cr-onab-03570513003", "name": "วัดร้องหลอด", "nameTh": "วัดร้องหลอด", "nameEn": null, "cat": ["wat"], "province": "cr", "slug": "03570513003", "rank": 1}}, {"type": "Feature", "geometry": {"type": "Point", "coordinates": [99.86547, 20.0076]}, "properties": {"id": "cr-osm-node-13172490327", "name": "วัดลำเปิง", "nameTh": "วัดลำเปิง", "nameEn": "Wat Lampoeng", "cat": ["wat"], "province": "cr", "slug": "wat-lampoeng-13172490327", "rank": 2}}, {"type": "Feature", "geometry": {"type": "Point", "coordinates": [99.80991, 19.88288]}, "properties": {"id": "cr-onab-03570102014", "name": "วัดวรกิจตาราม", "nameTh": "วัดวรกิจตาราม", "nameEn": null, "cat": ["wat"], "province": "cr", "slug": "03570102014", "rank": 1}}, {"type": "Feature", "geometry": {"type": "Point", "coordinates": [99.76429, 19.58743]}, "properties": {"id": "cr-onab-03570501006", "name": "วัดวังผาข้อน", "nameTh": "วัดวังผาข้อน", "nameEn": null, "cat": ["wat"], "province": "cr", "slug": "03570501006", "rank": 1}}, {"type": "Feature", "geometry": {"type": "Point", "coordinates": [100.09756, 20.26156]}, "properties": {"id": "cr-onab-03570801010", "name": "วัดวังลาว", "nameTh": "วัดวังลาว", "nameEn": null, "cat": ["wat"], "province": "cr", "slug": "03570801010", "rank": 1}}, {"type": "Feature", "geometry": {"type": "Point", "coordinates": [99.88135, 20.4231]}, "properties": {"id": "cr-onab-03570906008", "name": "วัดวิเชตร์มณี", "nameTh": "วัดวิเชตร์มณี", "nameEn": null, "cat": ["wat"], "province": "cr", "slug": "03570906008", "rank": 1}}, {"type": "Feature", "geometry": {"type": "Point", "coordinates": [99.50463, 19.36279]}, "properties": {"id": "cr-osm-node-11432552303", "name": "วัดศรีคำเวียง", "nameTh": "วัดศรีคำเวียง", "nameEn": "Wat Si Kham Wiang", "cat": ["wat"], "province": "cr", "slug": "wat-si-kham-wiang-11432552303", "rank": 2}}, {"type": "Feature", "geometry": {"type": "Point", "coordinates": [99.74362, 20.18]}, "properties": {"id": "cr-onab-03570711005", "name": "วัดศรีค้ำ", "nameTh": "วัดศรีค้ำ", "nameEn": null, "cat": ["wat"], "province": "cr", "slug": "03570711005", "rank": 1}}, {"type": "Feature", "geometry": {"type": "Point", "coordinates": [99.87581, 19.99247]}, "properties": {"id": "cr-osm-node-9218379948", "name": "วัดศรีจุม", "nameTh": "วัดศรีจุม", "nameEn": "Wat Si Chum", "cat": ["wat"], "province": "cr", "slug": "wat-si-chum-9218379948", "rank": 2}}, {"type": "Feature", "geometry": {"type": "Point", "coordinates": [99.77418, 19.82821]}, "properties": {"id": "cr-osm-way-1013480690", "name": "วัดศรีชม ริมลาว", "nameTh": "วัดศรีชม ริมลาว", "nameEn": "Wat Si Chom Rim Lao", "cat": ["wat"], "province": "cr", "slug": "wat-si-chom-rim-lao-1013480690", "rank": 2}}, {"type": "Feature", "geometry": {"type": "Point", "coordinates": [100.07273, 20.29545]}, "properties": {"id": "cr-onab-03570804004", "name": "วัดศรีชัยแม่มะ", "nameTh": "วัดศรีชัยแม่มะ", "nameEn": null, "cat": ["wat"], "province": "cr", "slug": "03570804004", "rank": 1}}, {"type": "Feature", "geometry": {"type": "Point", "coordinates": [99.04659, 18.78938]}, "properties": {"id": "cr-onab-03570511003", "name": "วัดศรีชุม", "nameTh": "วัดศรีชุม", "nameEn": null, "cat": ["wat"], "province": "cr", "slug": "03570511003", "rank": 1}}, {"type": "Feature", "geometry": {"type": "Point", "coordinates": [98.98088, 18.74611]}, "properties": {"id": "cr-onab-03570601001", "name": "วัดศรีชุมประชา", "nameTh": "วัดศรีชุมประชา", "nameEn": null, "cat": ["wat"], "province": "cr", "slug": "03570601001", "rank": 1}}, {"type": "Feature", "geometry": {"type": "Point", "coordinates": [99.82783, 19.90127]}, "properties": {"id": "cr-onab-03570113007", "name": "วัดศรีดงชัย", "nameTh": "วัดศรีดงชัย", "nameEn": null, "cat": ["wat"], "province": "cr", "slug": "03570113007", "rank": 1}}, {"type": "Feature", "geometry": {"type": "Point", "coordinates": [99.82783, 19.90127]}, "properties": {"id": "cr-onab-03570118001", "name": "วัดศรีดอนชัย", "nameTh": "วัดศรีดอนชัย", "nameEn": null, "cat": ["wat"], "province": "cr", "slug": "03570118001", "rank": 1}}, {"type": "Feature", "geometry": {"type": "Point", "coordinates": [100.40969, 20.23271]}, "properties": {"id": "cr-onab-03570301003", "name": "วัดศรีดอนชัย", "nameTh": "วัดศรีดอนชัย", "nameEn": null, "cat": ["wat"], "province": "cr", "slug": "03570301003", "rank": 1}}, {"type": "Feature", "geometry": {"type": "Point", "coordinates": [99.83396, 20.18647]}, "properties": {"id": "cr-onab-03571703004", "name": "วัดศรีดอนชัย", "nameTh": "วัดศรีดอนชัย", "nameEn": null, "cat": ["wat"], "province": "cr", "slug": "03571703004", "rank": 1}}, {"type": "Feature", "geometry": {"type": "Point", "coordinates": [99.49311, 19.13236]}, "properties": {"id": "cr-osm-node-1702530770", "name": "วัดศรีดอนชัย", "nameTh": "วัดศรีดอนชัย", "nameEn": "Wat Si Don Chai", "cat": ["wat"], "province": "cr", "slug": "wat-si-don-chai-1702530770", "rank": 2}}, {"type": "Feature", "geometry": {"type": "Point", "coordinates": [99.82783, 19.90127]}, "properties": {"id": "cr-onab-03570113009", "name": "วัดศรีดอนชุม", "nameTh": "วัดศรีดอนชุม", "nameEn": null, "cat": ["wat"], "province": "cr", "slug": "03570113009", "rank": 1}}, {"type": "Feature", "geometry": {"type": "Point", "coordinates": [100.40969, 20.23271]}, "properties": {"id": "cr-onab-03570302010", "name": "วัดศรีดอนมูล", "nameTh": "วัดศรีดอนมูล", "nameEn": null, "cat": ["wat"], "province": "cr", "slug": "03570302010", "rank": 1}}, {"type": "Feature", "geometry": {"type": "Point", "coordinates": [100.07273, 20.29545]}, "properties": {"id": "cr-onab-03570805006", "name": "วัดศรีดอนมูล", "nameTh": "วัดศรีดอนมูล", "nameEn": null, "cat": ["wat"], "province": "cr", "slug": "03570805006", "rank": 1}}, {"type": "Feature", "geometry": {"type": "Point", "coordinates": [98.98088, 18.74611]}, "properties": {"id": "cr-onab-03571002003", "name": "วัดศรีดอนมูล", "nameTh": "วัดศรีดอนมูล", "nameEn": null, "cat": ["wat"], "province": "cr", "slug": "03571002003", "rank": 1}}, {"type": "Feature", "geometry": {"type": "Point", "coordinates": [99.7072, 19.8006]}, "properties": {"id": "cr-onab-03571604005", "name": "วัดศรีดอนมูล", "nameTh": "วัดศรีดอนมูล", "nameEn": null, "cat": ["wat"], "province": "cr", "slug": "03571604005", "rank": 1}}, {"type": "Feature", "geometry": {"type": "Point", "coordinates": [99.50605, 19.70424]}, "properties": {"id": "cr-onab-03571004001", "name": "วัดศรีถ้อย", "nameTh": "วัดศรีถ้อย", "nameEn": null, "cat": ["wat"], "province": "cr", "slug": "03571004001", "rank": 1}}, {"type": "Feature", "geometry": {"type": "Point", "coordinates": [99.76429, 19.58743]}, "properties": {"id": "cr-onab-03570507006", "name": "วัดศรีทรายมูล", "nameTh": "วัดศรีทรายมูล", "nameEn": null, "cat": ["wat"], "province": "cr", "slug": "03570507006", "rank": 1}}, {"type": "Feature", "geometry": {"type": "Point", "coordinates": [99.84005, 19.89781]}, "properties": {"id": "cr-osm-way-376649472", "name": "วัดศรีทรายมูล", "nameTh": "วัดศรีทรายมูล", "nameEn": "Wat Si Sai Mun", "cat": ["wat"], "province": "cr", "slug": "wat-si-sai-mun-376649472", "rank": 3}}, {"type": "Feature", "geometry": {"type": "Point", "coordinates": [99.76429, 19.58743]}, "properties": {"id": "cr-onab-03570509012", "name": "วัดศรีนพรัตน์ดอยแก้ว", "nameTh": "วัดศรีนพรัตน์ดอยแก้ว", "nameEn": null, "cat": ["wat"], "province": "cr", "slug": "03570509012", "rank": 1}}, {"type": "Feature", "geometry": {"type": "Point", "coordinates": [99.74362, 20.18]}, "properties": {"id": "cr-onab-03570706014", "name": "วัดศรีบรรพต", "nameTh": "วัดศรีบรรพต", "nameEn": null, "cat": ["wat"], "province": "cr", "slug": "03570706014", "rank": 1}}, {"type": "Feature", "geometry": {"type": "Point", "coordinates": [99.97248, 20.3025]}, "properties": {"id": "cr-osm-node-6395095586", "name": "วัดศรีบุญยืน", "nameTh": "วัดศรีบุญยืน", "nameEn": "Seboonyuan Temple", "cat": ["wat"], "province": "cr", "slug": "seboonyuan-temple-6395095586", "rank": 3}}, {"type": "Feature", "geometry": {"type": "Point", "coordinates": [99.85849, 20.14911]}, "properties": {"id": "cr-osm-way-204338367", "name": "วัดศรีบุญเรือง", "nameTh": "วัดศรีบุญเรือง", "nameEn": "Wat Si Bun Rueang", "cat": ["wat"], "province": "cr", "slug": "wat-si-bun-rueang-204338367", "rank": 2}}, {"type": "Feature", "geometry": {"type": "Point", "coordinates": [99.83783, 19.91154]}, "properties": {"id": "cr-osm-way-960019854", "name": "วัดศรีบุญเรือง", "nameTh": "วัดศรีบุญเรือง", "nameEn": "Wat Sri Bun Rueang", "cat": ["wat"], "province": "cr", "slug": "wat-sri-bun-rueang-960019854", "rank": 3}}, {"type": "Feature", "geometry": {"type": "Point", "coordinates": [99.82783, 19.90127]}, "properties": {"id": "cr-onab-03570107005", "name": "วัดศรีปูคา", "nameTh": "วัดศรีปูคา", "nameEn": null, "cat": ["wat"], "province": "cr", "slug": "03570107005", "rank": 1}}, {"type": "Feature", "geometry": {"type": "Point", "coordinates": [99.82783, 19.90127]}, "properties": {"id": "cr-onab-03570113003", "name": "วัดศรีพิงชัย", "nameTh": "วัดศรีพิงชัย", "nameEn": null, "cat": ["wat"], "province": "cr", "slug": "03570113003", "rank": 1}}, {"type": "Feature", "geometry": {"type": "Point", "coordinates": [99.86395, 20.16094]}, "properties": {"id": "cr-osm-node-2148549125", "name": "วัดศรีมงคล", "nameTh": "วัดศรีมงคล", "nameEn": "Wat Si Mongkhon", "cat": ["wat"], "province": "cr", "slug": "wat-si-mongkhon-2148549125", "rank": 2}}, {"type": "Feature", "geometry": {"type": "Point", "coordinates": [99.75337, 19.79623]}, "properties": {"id": "cr-osm-node-2337430318", "name": "วัดศรียางชุม", "nameTh": "วัดศรียางชุม", "nameEn": "Wat Si Yang Chum", "cat": ["wat"], "province": "cr", "slug": "wat-si-yang-chum-2337430318", "rank": 2}}, {"type": "Feature", "geometry": {"type": "Point", "coordinates": [99.85456, 20.17541]}, "properties": {"id": "cr-osm-node-2172175853", "name": "วัดศรียางมูล", "nameTh": "วัดศรียางมูล", "nameEn": "Wat Si Yang Mun", "cat": ["wat"], "province": "cr", "slug": "wat-si-yang-mun-2172175853", "rank": 2}}, {"type": "Feature", "geometry": {"type": "Point", "coordinates": [99.46011, 19.11231]}, "properties": {"id": "cr-osm-way-672876432", "name": "วัดศรีรัตนมงคล(สบโป่ง)", "nameTh": "วัดศรีรัตนมงคล(สบโป่ง)", "nameEn": "Wat Si Rattana Mongkhon (Sop Pong)", "cat": ["wat"], "province": "cr", "slug": "wat-si-rattana-mongkhon-sop-pong-672876432", "rank": 2}}, {"type": "Feature", "geometry": {"type": "Point", "coordinates": [99.75669, 19.8132]}, "properties": {"id": "cr-osm-way-1493014289", "name": "วัดศรีวังมูล", "nameTh": "วัดศรีวังมูล", "nameEn": "Wat Sri Wang Moon", "cat": ["wat"], "province": "cr", "slug": "wat-sri-wang-moon-1493014289", "rank": 2}}, {"type": "Feature", "geometry": {"type": "Point", "coordinates": [100.40969, 20.23271]}, "properties": {"id": "cr-onab-03570305005", "name": "วัดศรีวิไล", "nameTh": "วัดศรีวิไล", "nameEn": null, "cat": ["wat"], "province": "cr", "slug": "03570305005", "rank": 1}}, {"type": "Feature", "geometry": {"type": "Point", "coordinates": [99.82783, 19.90127]}, "properties": {"id": "cr-onab-03570113005", "name": "วัดศรีศักดาราม", "nameTh": "วัดศรีศักดาราม", "nameEn": null, "cat": ["wat"], "province": "cr", "slug": "03570113005", "rank": 1}}, {"type": "Feature", "geometry": {"type": "Point", "coordinates": [99.74362, 20.18]}, "properties": {"id": "cr-onab-03571803012", "name": "วัดศรีสว่างวัฒนา", "nameTh": "วัดศรีสว่างวัฒนา", "nameEn": null, "cat": ["wat"], "province": "cr", "slug": "03571803012", "rank": 1}}, {"type": "Feature", "geometry": {"type": "Point", "coordinates": [99.50651, 19.36682]}, "properties": {"id": "cr-osm-node-2136677527", "name": "วัดศรีสุทธาวาส", "nameTh": "วัดศรีสุทธาวาส", "nameEn": "Wat Si Sutthawat", "cat": ["wat"], "province": "cr", "slug": "wat-si-sutthawat-2136677527", "rank": 2}}, {"type": "Feature", "geometry": {"type": "Point", "coordinates": [99.82783, 19.90127]}, "properties": {"id": "cr-onab-03570118004", "name": "วัดศรีสุพรรณ", "nameTh": "วัดศรีสุพรรณ", "nameEn": null, "cat": ["wat"], "province": "cr", "slug": "03570118004", "rank": 1}}, {"type": "Feature", "geometry": {"type": "Point", "coordinates": [99.50557, 19.36481]}, "properties": {"id": "cr-onab-03571102002", "name": "วัดศรีสุพรรณ", "nameTh": "วัดศรีสุพรรณ", "nameEn": null, "cat": ["wat"], "province": "cr", "slug": "03571102002", "rank": 1}}, {"type": "Feature", "geometry": {"type": "Point", "coordinates": [99.50417, 19.36101]}, "properties": {"id": "cr-osm-node-2136689558", "name": "วัดศรีสุพรรณ์ (ม)", "nameTh": "วัดศรีสุพรรณ์ (ม)", "nameEn": "Wat Si Suphan", "cat": ["wat"], "province": "cr", "slug": "wat-si-suphan-2136689558", "rank": 2}}, {"type": "Feature", "geometry": {"type": "Point", "coordinates": [99.76429, 19.58743]}, "properties": {"id": "cr-onab-03570504004", "name": "วัดศรีสุวรรณ", "nameTh": "วัดศรีสุวรรณ", "nameEn": null, "cat": ["wat"], "province": "cr", "slug": "03570504004", "rank": 1}}, {"type": "Feature", "geometry": {"type": "Point", "coordinates": [99.85732, 19.96928]}, "properties": {"id": "cr-onab-03570105004", "name": "วัดศรีส้มสุก", "nameTh": "วัดศรีส้มสุก", "nameEn": null, "cat": ["wat"], "province": "cr", "slug": "03570105004", "rank": 1}}, {"type": "Feature", "geometry": {"type": "Point", "coordinates": [99.83928, 19.90691]}, "properties": {"id": "cr-osm-way-256549557", "name": "วัดศรีเกิด", "nameTh": "วัดศรีเกิด", "nameEn": "Wat Si Koet", "cat": ["wat"], "province": "cr", "slug": "wat-si-koet-256549557", "rank": 3}}, {"type": "Feature", "geometry": {"type": "Point", "coordinates": [99.76429, 19.58743]}, "properties": {"id": "cr-onab-03570506002", "name": "วัดศรีเมืองมูล", "nameTh": "วัดศรีเมืองมูล", "nameEn": null, "cat": ["wat"], "province": "cr", "slug": "03570506002", "rank": 1}}, {"type": "Feature", "geometry": {"type": "Point", "coordinates": [99.77325, 20.24948]}, "properties": {"id": "cr-onab-03570703008", "name": "วัดศรีโคมคำ", "nameTh": "วัดศรีโคมคำ", "nameEn": null, "cat": ["wat"], "province": "cr", "slug": "03570703008", "rank": 1}}, {"type": "Feature", "geometry": {"type": "Point", "coordinates": [99.83396, 20.18647]}, "properties": {"id": "cr-onab-03571703002", "name": "วัดศิริมังคลาราม", "nameTh": "วัดศิริมังคลาราม", "nameEn": null, "cat": ["wat"], "province": "cr", "slug": "03571703002", "rank": 1}}, {"type": "Feature", "geometry": {"type": "Point", "coordinates": [100.40969, 20.23271]}, "properties": {"id": "cr-onab-03570302001", "name": "วัดสถาน", "nameTh": "วัดสถาน", "nameEn": null, "cat": ["wat"], "province": "cr", "slug": "03570302001", "rank": 1}}, {"type": "Feature", "geometry": {"type": "Point", "coordinates": [100.07273, 20.29545]}, "properties": {"id": "cr-onab-03570803004", "name": "วัดสบกก", "nameTh": "วัดสบกก", "nameEn": null, "cat": ["wat"], "province": "cr", "slug": "03570803004", "rank": 1}}, {"type": "Feature", "geometry": {"type": "Point", "coordinates": [98.98088, 18.74611]}, "properties": {"id": "cr-onab-03571002008", "name": "วัดสบก๊อ", "nameTh": "วัดสบก๊อ", "nameEn": null, "cat": ["wat"], "province": "cr", "slug": "03571002008", "rank": 1}}, {"type": "Feature", "geometry": {"type": "Point", "coordinates": [100.09756, 20.26156]}, "properties": {"id": "cr-onab-03570801009", "name": "วัดสบคำ", "nameTh": "วัดสบคำ", "nameEn": null, "cat": ["wat"], "province": "cr", "slug": "03570801009", "rank": 1}}, {"type": "Feature", "geometry": {"type": "Point", "coordinates": [100.09756, 20.26156]}, "properties": {"id": "cr-onab-03570801007", "name": "วัดสบรวก", "nameTh": "วัดสบรวก", "nameEn": null, "cat": ["wat"], "province": "cr", "slug": "03570801007", "rank": 1}}, {"type": "Feature", "geometry": {"type": "Point", "coordinates": [100.40969, 20.23271]}, "properties": {"id": "cr-onab-03570301005", "name": "วัดสบสม", "nameTh": "วัดสบสม", "nameEn": null, "cat": ["wat"], "province": "cr", "slug": "03570301005", "rank": 1}}, {"type": "Feature", "geometry": {"type": "Point", "coordinates": [100.10865, 19.89227]}, "properties": {"id": "cr-osm-way-278616379", "name": "วัดสบเปา", "nameTh": "วัดสบเปา", "nameEn": "Wat Sop Pao", "cat": ["wat"], "province": "cr", "slug": "wat-sop-pao-278616379", "rank": 2}}, {"type": "Feature", "geometry": {"type": "Point", "coordinates": [99.99935, 20.11163]}, "properties": {"id": "cr-osm-way-1380456063", "name": "วัดสบแพง", "nameTh": "วัดสบแพง", "nameEn": "Sospaeng", "cat": ["wat"], "province": "cr", "slug": "sospaeng-1380456063", "rank": 2}}, {"type": "Feature", "geometry": {"type": "Point", "coordinates": [99.79536, 19.8812]}, "properties": {"id": "cr-osm-node-2140486922", "name": "วัดสมิงแก้ว", "nameTh": "วัดสมิงแก้ว", "nameEn": "Wat Saming Kaeo", "cat": ["wat"], "province": "cr", "slug": "wat-saming-kaeo-2140486922", "rank": 2}}, {"type": "Feature", "geometry": {"type": "Point", "coordinates": [100.07273, 20.29545]}, "properties": {"id": "cr-onab-03570803005", "name": "วัดสวนดอก", "nameTh": "วัดสวนดอก", "nameEn": null, "cat": ["wat"], "province": "cr", "slug": "03570803005", "rank": 1}}, {"type": "Feature", "geometry": {"type": "Point", "coordinates": [99.72863, 19.8439]}, "properties": {"id": "cr-osm-node-2139500177", "name": "วัดสวนดอก", "nameTh": "วัดสวนดอก", "nameEn": "Wat Suan Dok", "cat": ["wat"], "province": "cr", "slug": "wat-suan-dok-2139500177", "rank": 2}}, {"type": "Feature", "geometry": {"type": "Point", "coordinates": [99.76429, 19.58743]}, "properties": {"id": "cr-onab-03570504005", "name": "วัดสว่างจันทร์", "nameTh": "วัดสว่างจันทร์", "nameEn": null, "cat": ["wat"], "province": "cr", "slug": "03570504005", "rank": 1}}, {"type": "Feature", "geometry": {"type": "Point", "coordinates": [99.7072, 19.8006]}, "properties": {"id": "cr-onab-03570503006", "name": "วัดสองแคว", "nameTh": "วัดสองแคว", "nameEn": null, "cat": ["wat"], "province": "cr", "slug": "03570503006", "rank": 1}}, {"type": "Feature", "geometry": {"type": "Point", "coordinates": [99.84228, 19.93327]}, "properties": {"id": "cr-osm-node-2148823053", "name": "วัดสักกวัน", "nameTh": "วัดสักกวัน", "nameEn": "Wat Sak Kawan", "cat": ["wat"], "province": "cr", "slug": "wat-sak-kawan-2148823053", "rank": 2}}, {"type": "Feature", "geometry": {"type": "Point", "coordinates": [99.85641, 20.26375]}, "properties": {"id": "cr-osm-node-2172382588", "name": "วัดสันกอง", "nameTh": "วัดสันกอง", "nameEn": "Wat San Kong", "cat": ["wat"], "province": "cr", "slug": "wat-san-kong-2172382588", "rank": 2}}, {"type": "Feature", "geometry": {"type": "Point", "coordinates": [99.76429, 19.58743]}, "properties": {"id": "cr-onab-03570504002", "name": "วัดสันกอตาล", "nameTh": "วัดสันกอตาล", "nameEn": null, "cat": ["wat"], "province": "cr", "slug": "03570504002", "rank": 1}}, {"type": "Feature", "geometry": {"type": "Point", "coordinates": [99.76429, 19.58743]}, "properties": {"id": "cr-onab-03570504001", "name": "วัดสันกอเหียง", "nameTh": "วัดสันกอเหียง", "nameEn": null, "cat": ["wat"], "province": "cr", "slug": "03570504001", "rank": 1}}, {"type": "Feature", "geometry": {"type": "Point", "coordinates": [99.84213, 19.57618]}, "properties": {"id": "cr-osm-node-4471384959", "name": "วัดสันกำแพง", "nameTh": "วัดสันกำแพง", "nameEn": "Wat San Kamphaeng", "cat": ["wat"], "province": "cr", "slug": "wat-san-kamphaeng-4471384959", "rank": 2}}, {"type": "Feature", "geometry": {"type": "Point", "coordinates": [99.50432, 19.20352]}, "properties": {"id": "cr-onab-03571106001", "name": "วัดสันกู่ทอง", "nameTh": "วัดสันกู่ทอง", "nameEn": null, "cat": ["wat"], "province": "cr", "slug": "03571106001", "rank": 1}}, {"type": "Feature", "geometry": {"type": "Point", "coordinates": [99.52836, 19.1862]}, "properties": {"id": "cr-osm-way-666389583", "name": "วัดสันกู่หอง", "nameTh": "วัดสันกู่หอง", "nameEn": "Wat San Ku Hong", "cat": ["wat"], "province": "cr", "slug": "wat-san-ku-hong-666389583", "rank": 2}}, {"type": "Feature", "geometry": {"type": "Point", "coordinates": [99.49297, 19.57909]}, "properties": {"id": "cr-onab-03571007005", "name": "วัดสันก้างปลา", "nameTh": "วัดสันก้างปลา", "nameEn": null, "cat": ["wat"], "province": "cr", "slug": "03571007005", "rank": 1}}, {"type": "Feature", "geometry": {"type": "Point", "coordinates": [99.76429, 19.58743]}, "properties": {"id": "cr-onab-03570509006", "name": "วัดสันขี้เม้า", "nameTh": "วัดสันขี้เม้า", "nameEn": null, "cat": ["wat"], "province": "cr", "slug": "03570509006", "rank": 1}}, {"type": "Feature", "geometry": {"type": "Point", "coordinates": [99.92692, 20.18831]}, "properties": {"id": "cr-osm-node-4527010751", "name": "วัดสันขี้เหล็ก", "nameTh": "วัดสันขี้เหล็ก", "nameEn": "Wat San Khilek", "cat": ["wat"], "province": "cr", "slug": "wat-san-khilek-4527010751", "rank": 2}}, {"type": "Feature", "geometry": {"type": "Point", "coordinates": [99.8555, 20.1838]}, "properties": {"id": "cr-osm-node-2172194014", "name": "วัดสันคือ", "nameTh": "วัดสันคือ", "nameEn": "Wat San Khue", "cat": ["wat"], "province": "cr", "slug": "wat-san-khue-2172194014", "rank": 2}}, {"type": "Feature", "geometry": {"type": "Point", "coordinates": [99.50605, 19.70424]}, "properties": {"id": "cr-onab-03571003003", "name": "วัดสันจำปา", "nameTh": "วัดสันจำปา", "nameEn": null, "cat": ["wat"], "province": "cr", "slug": "03571003003", "rank": 1}}, {"type": "Feature", "geometry": {"type": "Point", "coordinates": [99.76429, 19.58743]}, "properties": {"id": "cr-onab-03570505001", "name": "วัดสันช้างตาย", "nameTh": "วัดสันช้างตาย", "nameEn": null, "cat": ["wat"], "province": "cr", "slug": "03570505001", "rank": 1}}, {"type": "Feature", "geometry": {"type": "Point", "coordinates": [99.88916, 20.44404]}, "properties": {"id": "cr-onab-03570901004", "name": "วัดสันฐาน", "nameTh": "วัดสันฐาน", "nameEn": null, "cat": ["wat"], "province": "cr", "slug": "03570901004", "rank": 1}}, {"type": "Feature", "geometry": {"type": "Point", "coordinates": [99.8382, 19.9422]}, "properties": {"id": "cr-osm-node-4525375383", "name": "วัดสันตาลเหลือง", "nameTh": "วัดสันตาลเหลือง", "nameEn": "Wat San Tan Leang", "cat": ["wat"], "province": "cr", "slug": "wat-san-tan-leang-4525375383", "rank": 2}}, {"type": "Feature", "geometry": {"type": "Point", "coordinates": [99.51042, 19.25957]}, "properties": {"id": "cr-osm-way-1232475146", "name": "วัดสันติการาม", "nameTh": "วัดสันติการาม", "nameEn": "Wat Santi Ka Ram", "cat": ["wat"], "province": "cr", "slug": "wat-santi-ka-ram-1232475146", "rank": 2}}, {"type": "Feature", "geometry": {"type": "Point", "coordinates": [99.74362, 20.18]}, "properties": {"id": "cr-onab-03571801003", "name": "วัดสันติคีรี", "nameTh": "วัดสันติคีรี", "nameEn": null, "cat": ["wat"], "province": "cr", "slug": "03571801003", "rank": 1}}, {"type": "Feature", "geometry": {"type": "Point", "coordinates": [99.62472, 20.16857]}, "properties": {"id": "cr-osm-node-361376974", "name": "วัดสันติคีรี", "nameTh": "วัดสันติคีรี", "nameEn": "Wat Santikhiri", "cat": ["wat"], "province": "cr", "slug": "wat-santikhiri-361376974", "rank": 2}}, {"type": "Feature", "geometry": {"type": "Point", "coordinates": [99.74362, 20.18]}, "properties": {"id": "cr-onab-03571503001", "name": "วัดสันติคีรีญาณสังวราราม", "nameTh": "วัดสันติคีรีญาณสังวราราม", "nameEn": null, "cat": ["wat"], "province": "cr", "slug": "03571503001", "rank": 1}}, {"type": "Feature", "geometry": {"type": "Point", "coordinates": [99.80252, 19.55223]}, "properties": {"id": "cr-osm-node-4464532046", "name": "วัดสันติราษฎร์วนาราม", "nameTh": "วัดสันติราษฎร์วนาราม", "nameEn": "Wat Santi Rat Wana Ram", "cat": ["wat"], "province": "cr", "slug": "wat-santi-rat-wana-ram-4464532046", "rank": 2}}, {"type": "Feature", "geometry": {"type": "Point", "coordinates": [99.85732, 19.96928]}, "properties": {"id": "cr-onab-03570122002", "name": "วัดสันต้นกอก", "nameTh": "วัดสันต้นกอก", "nameEn": null, "cat": ["wat"], "province": "cr", "slug": "03570122002", "rank": 1}}, {"type": "Feature", "geometry": {"type": "Point", "coordinates": [99.76429, 19.58743]}, "properties": {"id": "cr-onab-03570501005", "name": "วัดสันต้นดู่", "nameTh": "วัดสันต้นดู่", "nameEn": null, "cat": ["wat"], "province": "cr", "slug": "03570501005", "rank": 1}}, {"type": "Feature", "geometry": {"type": "Point", "coordinates": [99.76429, 19.58743]}, "properties": {"id": "cr-onab-03570509007", "name": "วัดสันต้นต้อง", "nameTh": "วัดสันต้นต้อง", "nameEn": null, "cat": ["wat"], "province": "cr", "slug": "03570509007", "rank": 1}}, {"type": "Feature", "geometry": {"type": "Point", "coordinates": [99.80991, 19.88288]}, "properties": {"id": "cr-onab-03570102012", "name": "วัดสันต้นผึ้ง", "nameTh": "วัดสันต้นผึ้ง", "nameEn": null, "cat": ["wat"], "province": "cr", "slug": "03570102012", "rank": 1}}, {"type": "Feature", "geometry": {"type": "Point", "coordinates": [99.7072, 19.8006]}, "properties": {"id": "cr-onab-03571604006", "name": "วัดสันต้นม่วง", "nameTh": "วัดสันต้นม่วง", "nameEn": null, "cat": ["wat"], "province": "cr", "slug": "03571604006", "rank": 1}}, {"type": "Feature", "geometry": {"type": "Point", "coordinates": [99.74362, 20.18]}, "properties": {"id": "cr-onab-03571802009", "name": "วัดสันต้นม่วง", "nameTh": "วัดสันต้นม่วง", "nameEn": null, "cat": ["wat"], "province": "cr", "slug": "03571802009", "rank": 1}}, {"type": "Feature", "geometry": {"type": "Point", "coordinates": [100.06525, 20.26045]}, "properties": {"id": "cr-osm-way-543860015", "name": "วัดสันต้นเปา", "nameTh": "วัดสันต้นเปา", "nameEn": "Wat San Ton Pao", "cat": ["wat"], "province": "cr", "slug": "wat-san-ton-pao-543860015", "rank": 2}}, {"type": "Feature", "geometry": {"type": "Point", "coordinates": [99.85732, 19.96928]}, "properties": {"id": "cr-onab-03570105006", "name": "วัดสันต้นแฟน", "nameTh": "วัดสันต้นแฟน", "nameEn": null, "cat": ["wat"], "province": "cr", "slug": "03570105006", "rank": 1}}, {"type": "Feature", "geometry": {"type": "Point", "coordinates": [99.7072, 19.8006]}, "properties": {"id": "cr-onab-03571601007", "name": "วัดสันต้นแหน", "nameTh": "วัดสันต้นแหน", "nameEn": null, "cat": ["wat"], "province": "cr", "slug": "03571601007", "rank": 1}}, {"type": "Feature", "geometry": {"type": "Point", "coordinates": [99.7072, 19.8006]}, "properties": {"id": "cr-onab-03571602007", "name": "วัดสันต้อม", "nameTh": "วัดสันต้อม", "nameEn": null, "cat": ["wat"], "province": "cr", "slug": "03571602007", "rank": 1}}, {"type": "Feature", "geometry": {"type": "Point", "coordinates": [99.88239, 20.42425]}, "properties": {"id": "cr-onab-03570905004", "name": "วัดสันถนนใต้", "nameTh": "วัดสันถนนใต้", "nameEn": null, "cat": ["wat"], "province": "cr", "slug": "03570905004", "rank": 1}}, {"type": "Feature", "geometry": {"type": "Point", "coordinates": [99.76429, 19.58743]}, "properties": {"id": "cr-onab-03570505007", "name": "วัดสันทราย", "nameTh": "วัดสันทราย", "nameEn": null, "cat": ["wat"], "province": "cr", "slug": "03570505007", "rank": 1}}, {"type": "Feature", "geometry": {"type": "Point", "coordinates": [99.76429, 19.58743]}, "properties": {"id": "cr-onab-03570510009", "name": "วัดสันทราย", "nameTh": "วัดสันทราย", "nameEn": null, "cat": ["wat"], "province": "cr", "slug": "03570510009", "rank": 1}}, {"type": "Feature", "geometry": {"type": "Point", "coordinates": [99.74362, 20.18]}, "properties": {"id": "cr-onab-03570705001", "name": "วัดสันทราย", "nameTh": "วัดสันทราย", "nameEn": null, "cat": ["wat"], "province": "cr", "slug": "03570705001", "rank": 1}}, {"type": "Feature", "geometry": {"type": "Point", "coordinates": [99.88916, 20.44404]}, "properties": {"id": "cr-onab-03570901005", "name": "วัดสันทราย", "nameTh": "วัดสันทราย", "nameEn": null, "cat": ["wat"], "province": "cr", "slug": "03570901005", "rank": 1}}, {"type": "Feature", "geometry": {"type": "Point", "coordinates": [100.07273, 20.29545]}, "properties": {"id": "cr-onab-03570803001", "name": "วัดสันทรายกองงาม", "nameTh": "วัดสันทรายกองงาม", "nameEn": null, "cat": ["wat"], "province": "cr", "slug": "03570803001", "rank": 1}}, {"type": "Feature", "geometry": {"type": "Point", "coordinates": [99.82783, 19.90127]}, "properties": {"id": "cr-onab-03570115007", "name": "วัดสันทรายงาม", "nameTh": "วัดสันทรายงาม", "nameEn": null, "cat": ["wat"], "province": "cr", "slug": "03570115007", "rank": 1}}, {"type": "Feature", "geometry": {"type": "Point", "coordinates": [99.82783, 19.90127]}, "properties": {"id": "cr-onab-03570116005", "name": "วัดสันทรายน้อย", "nameTh": "วัดสันทรายน้อย", "nameEn": null, "cat": ["wat"], "province": "cr", "slug": "03570116005", "rank": 1}}, {"type": "Feature", "geometry": {"type": "Point", "coordinates": [99.88239, 20.42425]}, "properties": {"id": "cr-onab-03570904006", "name": "วัดสันทรายมูล", "nameTh": "วัดสันทรายมูล", "nameEn": null, "cat": ["wat"], "province": "cr", "slug": "03570904006", "rank": 1}}, {"type": "Feature", "geometry": {"type": "Point", "coordinates": [99.81381, 19.85109]}, "properties": {"id": "cr-osm-way-1349701378", "name": "วัดสันทรายหลวง", "nameTh": "วัดสันทรายหลวง", "nameEn": "Wat Sansai Luang temple", "cat": ["wat"], "province": "cr", "slug": "wat-sansai-luang-temple-1349701378", "rank": 2}}, {"type": "Feature", "geometry": {"type": "Point", "coordinates": [99.84024, 19.93774]}, "properties": {"id": "cr-onab-03570114002", "name": "วัดสันทรายใหม่", "nameTh": "วัดสันทรายใหม่", "nameEn": null, "cat": ["wat"], "province": "cr", "slug": "03570114002", "rank": 1}}, {"type": "Feature", "geometry": {"type": "Point", "coordinates": [99.76429, 19.58743]}, "properties": {"id": "cr-onab-03570505008", "name": "วัดสันธาตุ", "nameTh": "วัดสันธาตุ", "nameEn": null, "cat": ["wat"], "province": "cr", "slug": "03570505008", "rank": 1}}, {"type": "Feature", "geometry": {"type": "Point", "coordinates": [100.07273, 20.29545]}, "properties": {"id": "cr-onab-03570806001", "name": "วัดสันธาตุ(สันธาตุอโสการาม)", "nameTh": "วัดสันธาตุ(สันธาตุอโสการาม)", "nameEn": null, "cat": ["wat"], "province": "cr", "slug": "03570806001", "rank": 1}}, {"type": "Feature", "geometry": {"type": "Point", "coordinates": [99.77325, 20.24948]}, "properties": {"id": "cr-onab-03570703004", "name": "วัดสันนา", "nameTh": "วัดสันนา", "nameEn": null, "cat": ["wat"], "province": "cr", "slug": "03570703004", "rank": 1}}, {"type": "Feature", "geometry": {"type": "Point", "coordinates": [99.88239, 20.42425]}, "properties": {"id": "cr-onab-03570903010", "name": "วัดสันนา", "nameTh": "วัดสันนา", "nameEn": null, "cat": ["wat"], "province": "cr", "slug": "03570903010", "rank": 1}}, {"type": "Feature", "geometry": {"type": "Point", "coordinates": [99.74362, 20.18]}, "properties": {"id": "cr-onab-03570711007", "name": "วัดสันนายาว", "nameTh": "วัดสันนายาว", "nameEn": null, "cat": ["wat"], "province": "cr", "slug": "03570711007", "rank": 1}}, {"type": "Feature", "geometry": {"type": "Point", "coordinates": [99.76429, 19.58743]}, "properties": {"id": "cr-onab-03570509011", "name": "วัดสันน้ำบ่อ", "nameTh": "วัดสันน้ำบ่อ", "nameEn": null, "cat": ["wat"], "province": "cr", "slug": "03570509011", "rank": 1}}, {"type": "Feature", "geometry": {"type": "Point", "coordinates": [99.88239, 20.42425]}, "properties": {"id": "cr-onab-03570903003", "name": "วัดสันบุญเรือง", "nameTh": "วัดสันบุญเรือง", "nameEn": null, "cat": ["wat"], "province": "cr", "slug": "03570903003", "rank": 1}}, {"type": "Feature", "geometry": {"type": "Point", "coordinates": [99.76429, 19.58743]}, "properties": {"id": "cr-onab-03570513008", "name": "วัดสันปลาดุก", "nameTh": "วัดสันปลาดุก", "nameEn": null, "cat": ["wat"], "province": "cr", "slug": "03570513008", "rank": 1}}, {"type": "Feature", "geometry": {"type": "Point", "coordinates": [99.57014, 19.69121]}, "properties": {"id": "cr-onab-03571001003", "name": "วัดสันปูเลย", "nameTh": "วัดสันปูเลย", "nameEn": null, "cat": ["wat"], "province": "cr", "slug": "03571001003", "rank": 1}}, {"type": "Feature", "geometry": {"type": "Point", "coordinates": [99.7072, 19.8006]}, "properties": {"id": "cr-onab-03571603005", "name": "วัดสันปูเลย", "nameTh": "วัดสันปูเลย", "nameEn": null, "cat": ["wat"], "province": "cr", "slug": "03571603005", "rank": 1}}, {"type": "Feature", "geometry": {"type": "Point", "coordinates": [99.54903, 19.66309]}, "properties": {"id": "cr-osm-node-2138354347", "name": "วัดสันปูเลย(ม)", "nameTh": "วัดสันปูเลย(ม)", "nameEn": "Wat San Pu Loei", "cat": ["wat"], "province": "cr", "slug": "wat-san-pu-loei-2138354347", "rank": 2}}, {"type": "Feature", "geometry": {"type": "Point", "coordinates": [99.80991, 19.88288]}, "properties": {"id": "cr-onab-03570102009", "name": "วัดสันป่ากอ", "nameTh": "วัดสันป่ากอ", "nameEn": null, "cat": ["wat"], "province": "cr", "slug": "03570102009", "rank": 1}}, {"type": "Feature", "geometry": {"type": "Point", "coordinates": [99.82783, 19.90127]}, "properties": {"id": "cr-onab-03570115014", "name": "วัดสันป่าก่อ", "nameTh": "วัดสันป่าก่อ", "nameEn": null, "cat": ["wat"], "province": "cr", "slug": "03570115014", "rank": 1}}, {"type": "Feature", "geometry": {"type": "Point", "coordinates": [99.85732, 19.96928]}, "properties": {"id": "cr-onab-03570106001", "name": "วัดสันป่ายาง", "nameTh": "วัดสันป่ายาง", "nameEn": null, "cat": ["wat"], "province": "cr", "slug": "03570106001", "rank": 1}}, {"type": "Feature", "geometry": {"type": "Point", "coordinates": [100.07273, 20.29545]}, "properties": {"id": "cr-onab-03570804005", "name": "วัดสันป่าลาน", "nameTh": "วัดสันป่าลาน", "nameEn": null, "cat": ["wat"], "province": "cr", "slug": "03570804005", "rank": 1}}, {"type": "Feature", "geometry": {"type": "Point", "coordinates": [99.88239, 20.42425]}, "properties": {"id": "cr-onab-03570905009", "name": "วัดสันป่าสัก", "nameTh": "วัดสันป่าสัก", "nameEn": null, "cat": ["wat"], "province": "cr", "slug": "03570905009", "rank": 1}}, {"type": "Feature", "geometry": {"type": "Point", "coordinates": [99.76429, 19.58743]}, "properties": {"id": "cr-onab-03570505011", "name": "วัดสันป่าหนาด", "nameTh": "วัดสันป่าหนาด", "nameEn": null, "cat": ["wat"], "province": "cr", "slug": "03570505011", "rank": 1}}, {"type": "Feature", "geometry": {"type": "Point", "coordinates": [99.76429, 19.58743]}, "properties": {"id": "cr-onab-03570509003", "name": "วัดสันผักแค", "nameTh": "วัดสันผักแค", "nameEn": null, "cat": ["wat"], "province": "cr", "slug": "03570509003", "rank": 1}}, {"type": "Feature", "geometry": {"type": "Point", "coordinates": [99.76429, 19.58743]}, "properties": {"id": "cr-onab-03570505009", "name": "วัดสันมะกอก", "nameTh": "วัดสันมะกอก", "nameEn": null, "cat": ["wat"], "province": "cr", "slug": "03570505009", "rank": 1}}, {"type": "Feature", "geometry": {"type": "Point", "coordinates": [99.82783, 19.90127]}, "properties": {"id": "cr-onab-03570116011", "name": "วัดสันมะนะ", "nameTh": "วัดสันมะนะ", "nameEn": null, "cat": ["wat"], "province": "cr", "slug": "03570116011", "rank": 1}}, {"type": "Feature", "geometry": {"type": "Point", "coordinates": [99.88916, 20.44404]}, "properties": {"id": "cr-onab-03570901006", "name": "วัดสันมะนะ", "nameTh": "วัดสันมะนะ", "nameEn": null, "cat": ["wat"], "province": "cr", "slug": "03570901006", "rank": 1}}, {"type": "Feature", "geometry": {"type": "Point", "coordinates": [99.50432, 19.20352]}, "properties": {"id": "cr-onab-03571106006", "name": "วัดสันมะนะ", "nameTh": "วัดสันมะนะ", "nameEn": null, "cat": ["wat"], "province": "cr", "slug": "03571106006", "rank": 1}}, {"type": "Feature", "geometry": {"type": "Point", "coordinates": [99.76429, 19.58743]}, "properties": {"id": "cr-onab-03570501003", "name": "วัดสันมะเค็ด", "nameTh": "วัดสันมะเค็ด", "nameEn": null, "cat": ["wat"], "province": "cr", "slug": "03570501003", "rank": 1}}, {"type": "Feature", "geometry": {"type": "Point", "coordinates": [100.02924, 20.30312]}, "properties": {"id": "cr-osm-node-6395095387", "name": "วัดสันมะเค็ด", "nameTh": "วัดสันมะเค็ด", "nameEn": "Sanmaket Temple", "cat": ["wat"], "province": "cr", "slug": "sanmaket-temple-6395095387", "rank": 2}}, {"type": "Feature", "geometry": {"type": "Point", "coordinates": [99.76429, 19.58743]}, "properties": {"id": "cr-onab-03570509010", "name": "วัดสันมะเหม้า", "nameTh": "วัดสันมะเหม้า", "nameEn": null, "cat": ["wat"], "province": "cr", "slug": "03570509010", "rank": 1}}, {"type": "Feature", "geometry": {"type": "Point", "coordinates": [99.7072, 19.8006]}, "properties": {"id": "cr-onab-03570503001", "name": "วัดสันมะแฟน", "nameTh": "วัดสันมะแฟน", "nameEn": null, "cat": ["wat"], "province": "cr", "slug": "03570503001", "rank": 1}}, {"type": "Feature", "geometry": {"type": "Point", "coordinates": [99.49154, 19.54443]}, "properties": {"id": "cr-osm-node-11432117354", "name": "วัดสันมะแฟน", "nameTh": "วัดสันมะแฟน", "nameEn": "Wat San Mafaen", "cat": ["wat"], "province": "cr", "slug": "wat-san-mafaen-11432117354", "rank": 2}}, {"type": "Feature", "geometry": {"type": "Point", "coordinates": [99.85732, 19.96928]}, "properties": {"id": "cr-onab-03570105018", "name": "วัดสันม่วงทอง", "nameTh": "วัดสันม่วงทอง", "nameEn": null, "cat": ["wat"], "province": "cr", "slug": "03570105018", "rank": 1}}, {"type": "Feature", "geometry": {"type": "Point", "coordinates": [99.76429, 19.58743]}, "properties": {"id": "cr-onab-03570501008", "name": "วัดสันละคร", "nameTh": "วัดสันละคร", "nameEn": null, "cat": ["wat"], "province": "cr", "slug": "03570501008", "rank": 1}}, {"type": "Feature", "geometry": {"type": "Point", "coordinates": [100.07273, 20.29545]}, "properties": {"id": "cr-onab-03570804010", "name": "วัดสันสลี", "nameTh": "วัดสันสลี", "nameEn": null, "cat": ["wat"], "province": "cr", "slug": "03570804010", "rank": 1}}, {"type": "Feature", "geometry": {"type": "Point", "coordinates": [99.84687, 20.21155]}, "properties": {"id": "cr-osm-node-4527119258", "name": "วัดสันสลีหลวง", "nameTh": "วัดสันสลีหลวง", "nameEn": "Wat San Salee Luang temple", "cat": ["wat"], "province": "cr", "slug": "wat-san-salee-luang-temple-4527119258", "rank": 2}}, {"type": "Feature", "geometry": {"type": "Point", "coordinates": [99.7072, 19.8006]}, "properties": {"id": "cr-onab-03571604007", "name": "วัดสันหนองบัว", "nameTh": "วัดสันหนองบัว", "nameEn": null, "cat": ["wat"], "province": "cr", "slug": "03571604007", "rank": 1}}, {"type": "Feature", "geometry": {"type": "Point", "coordinates": [99.7072, 19.8006]}, "properties": {"id": "cr-onab-03571601009", "name": "วัดสันหนองเหลียว", "nameTh": "วัดสันหนองเหลียว", "nameEn": null, "cat": ["wat"], "province": "cr", "slug": "03571601009", "rank": 1}}, {"type": "Feature", "geometry": {"type": "Point", "coordinates": [99.76429, 19.58743]}, "properties": {"id": "cr-onab-03570506007", "name": "วัดสันหลวง", "nameTh": "วัดสันหลวง", "nameEn": null, "cat": ["wat"], "province": "cr", "slug": "03570506007", "rank": 1}}, {"type": "Feature", "geometry": {"type": "Point", "coordinates": [99.88239, 20.42425]}, "properties": {"id": "cr-onab-03570903004", "name": "วัดสันหลวง", "nameTh": "วัดสันหลวง", "nameEn": null, "cat": ["wat"], "province": "cr", "slug": "03570903004", "rank": 1}}, {"type": "Feature", "geometry": {"type": "Point", "coordinates": [99.88239, 20.42425]}, "properties": {"id": "cr-onab-03570909004", "name": "วัดสันเกล็ดทอง", "nameTh": "วัดสันเกล็ดทอง", "nameEn": null, "cat": ["wat"], "province": "cr", "slug": "03570909004", "rank": 1}}, {"type": "Feature", "geometry": {"type": "Point", "coordinates": [99.74362, 20.18]}, "properties": {"id": "cr-onab-67157070001", "name": "วัดสันเจริญ", "nameTh": "วัดสันเจริญ", "nameEn": null, "cat": ["wat"], "province": "cr", "slug": "67157070001", "rank": 1}}, {"type": "Feature", "geometry": {"type": "Point", "coordinates": [99.04659, 18.78938]}, "properties": {"id": "cr-onab-03570511008", "name": "วัดสันโค้ง", "nameTh": "วัดสันโค้ง", "nameEn": null, "cat": ["wat"], "province": "cr", "slug": "03570511008", "rank": 1}}, {"type": "Feature", "geometry": {"type": "Point", "coordinates": [99.74362, 20.18]}, "properties": {"id": "cr-onab-03570713004", "name": "วัดสันโค้งงาม", "nameTh": "วัดสันโค้งงาม", "nameEn": null, "cat": ["wat"], "province": "cr", "slug": "03570713004", "rank": 1}}, {"type": "Feature", "geometry": {"type": "Point", "coordinates": [99.76429, 19.58743]}, "properties": {"id": "cr-onab-03570505012", "name": "วัดสันโค้งเจริญสุข", "nameTh": "วัดสันโค้งเจริญสุข", "nameEn": null, "cat": ["wat"], "province": "cr", "slug": "03570505012", "rank": 1}}, {"type": "Feature", "geometry": {"type": "Point", "coordinates": [99.8242, 20.18903]}, "properties": {"id": "cr-osm-node-6810567085", "name": "วัดสิริพัฒนาราม", "nameTh": "วัดสิริพัฒนาราม", "nameEn": "Watsiripathanaram temple", "cat": ["wat"], "province": "cr", "slug": "watsiripathanaram-temple-6810567085", "rank": 2}}, {"type": "Feature", "geometry": {"type": "Point", "coordinates": [100.07273, 20.29545]}, "properties": {"id": "cr-onab-03570804009", "name": "วัดสุมังคลาราม", "nameTh": "วัดสุมังคลาราม", "nameEn": null, "cat": ["wat"], "province": "cr", "slug": "03570804009", "rank": 1}}, {"type": "Feature", "geometry": {"type": "Point", "coordinates": [99.74362, 20.18]}, "properties": {"id": "cr-onab-03571803001", "name": "วัดสุวรรณคีรี", "nameTh": "วัดสุวรรณคีรี", "nameEn": null, "cat": ["wat"], "province": "cr", "slug": "03571803001", "rank": 1}}, {"type": "Feature", "geometry": {"type": "Point", "coordinates": [99.8638, 20.12933]}, "properties": {"id": "cr-osm-node-2148546071", "name": "วัดสุวรรณคีรี", "nameTh": "วัดสุวรรณคีรี", "nameEn": "Wat Suwan Khiri", "cat": ["wat"], "province": "cr", "slug": "wat-suwan-khiri-2148546071", "rank": 2}}, {"type": "Feature", "geometry": {"type": "Point", "coordinates": [99.74362, 20.18]}, "properties": {"id": "cr-onab-03570705005", "name": "วัดสุวรรณมงคล", "nameTh": "วัดสุวรรณมงคล", "nameEn": null, "cat": ["wat"], "province": "cr", "slug": "03570705005", "rank": 1}}, {"type": "Feature", "geometry": {"type": "Point", "coordinates": [99.46536, 19.11791]}, "properties": {"id": "cr-osm-way-1041398904", "name": "วัดสุวรรณาราม", "nameTh": "วัดสุวรรณาราม", "nameEn": "Wat Su Wan Na Ram", "cat": ["wat"], "province": "cr", "slug": "wat-su-wan-na-ram-1041398904", "rank": 2}}, {"type": "Feature", "geometry": {"type": "Point", "coordinates": [100.40969, 20.23271]}, "properties": {"id": "cr-onab-03570303003", "name": "วัดส้าน", "nameTh": "วัดส้าน", "nameEn": null, "cat": ["wat"], "province": "cr", "slug": "03570303003", "rank": 1}}, {"type": "Feature", "geometry": {"type": "Point", "coordinates": [100.04782, 19.57674]}, "properties": {"id": "cr-osm-way-549069742", "name": "วัดหนองข่วง", "nameTh": "วัดหนองข่วง", "nameEn": "Wat Nong Kuang", "cat": ["wat"], "province": "cr", "slug": "wat-nong-kuang-549069742", "rank": 2}}, {"type": "Feature", "geometry": {"type": "Point", "coordinates": [99.76429, 19.58743]}, "properties": {"id": "cr-onab-03570505004", "name": "วัดหนองควาย", "nameTh": "วัดหนองควาย", "nameEn": null, "cat": ["wat"], "province": "cr", "slug": "03570505004", "rank": 1}}, {"type": "Feature", "geometry": {"type": "Point", "coordinates": [99.7072, 19.8006]}, "properties": {"id": "cr-onab-03571603006", "name": "วัดหนองคึก", "nameTh": "วัดหนองคึก", "nameEn": null, "cat": ["wat"], "province": "cr", "slug": "03571603006", "rank": 1}}, {"type": "Feature", "geometry": {"type": "Point", "coordinates": [99.74362, 20.18]}, "properties": {"id": "cr-onab-03571803007", "name": "วัดหนองด่าน", "nameTh": "วัดหนองด่าน", "nameEn": null, "cat": ["wat"], "province": "cr", "slug": "03571803007", "rank": 1}}, {"type": "Feature", "geometry": {"type": "Point", "coordinates": [99.76429, 19.58743]}, "properties": {"id": "cr-onab-03570510005", "name": "วัดหนองตุ้ม", "nameTh": "วัดหนองตุ้ม", "nameEn": null, "cat": ["wat"], "province": "cr", "slug": "03570510005", "rank": 1}}, {"type": "Feature", "geometry": {"type": "Point", "coordinates": [99.04659, 18.78938]}, "properties": {"id": "cr-onab-03570511004", "name": "วัดหนองถ้ำ", "nameTh": "วัดหนองถ้ำ", "nameEn": null, "cat": ["wat"], "province": "cr", "slug": "03570511004", "rank": 1}}, {"type": "Feature", "geometry": {"type": "Point", "coordinates": [99.76429, 19.58743]}, "properties": {"id": "cr-onab-03570508015", "name": "วัดหนองทรายทอง", "nameTh": "วัดหนองทรายทอง", "nameEn": null, "cat": ["wat"], "province": "cr", "slug": "03570508015", "rank": 1}}, {"type": "Feature", "geometry": {"type": "Point", "coordinates": [99.80991, 19.88288]}, "properties": {"id": "cr-onab-03570102019", "name": "วัดหนองนกเขียน", "nameTh": "วัดหนองนกเขียน", "nameEn": null, "cat": ["wat"], "province": "cr", "slug": "03570102019", "rank": 1}}, {"type": "Feature", "geometry": {"type": "Point", "coordinates": [99.5177, 19.2043]}, "properties": {"id": "cr-osm-way-585558233", "name": "วัดหนองบัว", "nameTh": "วัดหนองบัว", "nameEn": "Wat Nong Bua", "cat": ["wat"], "province": "cr", "slug": "wat-nong-bua-585558233", "rank": 2}}, {"type": "Feature", "geometry": {"type": "Point", "coordinates": [98.98088, 18.74611]}, "properties": {"id": "cr-onab-03570601014", "name": "วัดหนองบัวคำ", "nameTh": "วัดหนองบัวคำ", "nameEn": null, "cat": ["wat"], "province": "cr", "slug": "03570601014", "rank": 1}}, {"type": "Feature", "geometry": {"type": "Point", "coordinates": [100.04626, 20.29496]}, "properties": {"id": "cr-osm-node-6395095388", "name": "วัดหนองบัวตอง", "nameTh": "วัดหนองบัวตอง", "nameEn": "Hnongbuatong Temple", "cat": ["wat"], "province": "cr", "slug": "hnongbuatong-temple-6395095388", "rank": 2}}, {"type": "Feature", "geometry": {"type": "Point", "coordinates": [100.01832, 20.28408]}, "properties": {"id": "cr-onab-03570802007", "name": "วัดหนองบัวสด", "nameTh": "วัดหนองบัวสด", "nameEn": null, "cat": ["wat"], "province": "cr", "slug": "03570802007", "rank": 1}}, {"type": "Feature", "geometry": {"type": "Point", "coordinates": [99.50605, 19.70424]}, "properties": {"id": "cr-onab-03571004009", "name": "วัดหนองบัวสรวย", "nameTh": "วัดหนองบัวสรวย", "nameEn": null, "cat": ["wat"], "province": "cr", "slug": "03571004009", "rank": 1}}, {"type": "Feature", "geometry": {"type": "Point", "coordinates": [99.76429, 19.58743]}, "properties": {"id": "cr-onab-03570513004", "name": "วัดหนองบัวเงิน", "nameTh": "วัดหนองบัวเงิน", "nameEn": null, "cat": ["wat"], "province": "cr", "slug": "03570513004", "rank": 1}}, {"type": "Feature", "geometry": {"type": "Point", "coordinates": [99.85732, 19.96928]}, "properties": {"id": "cr-onab-03570105012", "name": "วัดหนองบัวแดง", "nameTh": "วัดหนองบัวแดง", "nameEn": null, "cat": ["wat"], "province": "cr", "slug": "03570105012", "rank": 1}}, {"type": "Feature", "geometry": {"type": "Point", "coordinates": [99.93967, 20.19902]}, "properties": {"id": "cr-osm-way-711268091", "name": "วัดหนองปึ๋ง", "nameTh": "วัดหนองปึ๋ง", "nameEn": null, "cat": ["wat"], "province": "cr", "slug": "711268091", "rank": 1}}, {"type": "Feature", "geometry": {"type": "Point", "coordinates": [100.11934, 20.17739]}, "properties": {"id": "cr-osm-way-1232826836", "name": "วัดหนองป่าก่อ", "nameTh": "วัดหนองป่าก่อ", "nameEn": null, "cat": ["wat"], "province": "cr", "slug": "1232826836", "rank": 1}}, {"type": "Feature", "geometry": {"type": "Point", "coordinates": [99.80991, 19.88288]}, "properties": {"id": "cr-onab-03570102008", "name": "วัดหนองป่าอั้น", "nameTh": "วัดหนองป่าอั้น", "nameEn": null, "cat": ["wat"], "province": "cr", "slug": "03570102008", "rank": 1}}, {"type": "Feature", "geometry": {"type": "Point", "coordinates": [99.76429, 19.58743]}, "properties": {"id": "cr-onab-03570510003", "name": "วัดหนองผักจิก", "nameTh": "วัดหนองผักจิก", "nameEn": null, "cat": ["wat"], "province": "cr", "slug": "03570510003", "rank": 1}}, {"type": "Feature", "geometry": {"type": "Point", "coordinates": [99.88239, 20.42425]}, "properties": {"id": "cr-onab-03570905008", "name": "วัดหนองมะกัง", "nameTh": "วัดหนองมะกัง", "nameEn": null, "cat": ["wat"], "province": "cr", "slug": "03570905008", "rank": 1}}, {"type": "Feature", "geometry": {"type": "Point", "coordinates": [99.50557, 19.36481]}, "properties": {"id": "cr-onab-03571102006", "name": "วัดหนองยาว", "nameTh": "วัดหนองยาว", "nameEn": null, "cat": ["wat"], "province": "cr", "slug": "03571102006", "rank": 1}}, {"type": "Feature", "geometry": {"type": "Point", "coordinates": [99.88239, 20.42425]}, "properties": {"id": "cr-onab-03570905006", "name": "วัดหนองสี่แจ่ง", "nameTh": "วัดหนองสี่แจ่ง", "nameEn": null, "cat": ["wat"], "province": "cr", "slug": "03570905006", "rank": 1}}, {"type": "Feature", "geometry": {"type": "Point", "coordinates": [99.76429, 19.58743]}, "properties": {"id": "cr-onab-03570505010", "name": "วัดหนองหมด", "nameTh": "วัดหนองหมด", "nameEn": null, "cat": ["wat"], "province": "cr", "slug": "03570505010", "rank": 1}}, {"type": "Feature", "geometry": {"type": "Point", "coordinates": [99.82783, 19.90127]}, "properties": {"id": "cr-onab-03570116004", "name": "วัดหนองหม้อ", "nameTh": "วัดหนองหม้อ", "nameEn": null, "cat": ["wat"], "province": "cr", "slug": "03570116004", "rank": 1}}, {"type": "Feature", "geometry": {"type": "Point", "coordinates": [99.49297, 19.57909]}, "properties": {"id": "cr-onab-03571007007", "name": "วัดหนองหล่ม", "nameTh": "วัดหนองหล่ม", "nameEn": null, "cat": ["wat"], "province": "cr", "slug": "03571007007", "rank": 1}}, {"type": "Feature", "geometry": {"type": "Point", "coordinates": [99.90598, 20.35431]}, "properties": {"id": "cr-osm-node-4527119264", "name": "วัดหนองอ้อ", "nameTh": "วัดหนองอ้อ", "nameEn": "Hnong Aor Temple", "cat": ["wat"], "province": "cr", "slug": "hnong-aor-temple-4527119264", "rank": 2}}, {"type": "Feature", "geometry": {"type": "Point", "coordinates": [99.76429, 19.58743]}, "properties": {"id": "cr-onab-03570506008", "name": "วัดหนองฮ่าง", "nameTh": "วัดหนองฮ่าง", "nameEn": null, "cat": ["wat"], "province": "cr", "slug": "03570506008", "rank": 1}}, {"type": "Feature", "geometry": {"type": "Point", "coordinates": [99.74362, 20.18]}, "properties": {"id": "cr-onab-03570701003", "name": "วัดหนองแว่น", "nameTh": "วัดหนองแว่น", "nameEn": null, "cat": ["wat"], "province": "cr", "slug": "03570701003", "rank": 1}}, {"type": "Feature", "geometry": {"type": "Point", "coordinates": [99.77325, 20.24948]}, "properties": {"id": "cr-onab-03570703005", "name": "วัดหนองแหย่ง", "nameTh": "วัดหนองแหย่ง", "nameEn": null, "cat": ["wat"], "province": "cr", "slug": "03570703005", "rank": 1}}, {"type": "Feature", "geometry": {"type": "Point", "coordinates": [99.83396, 20.18647]}, "properties": {"id": "cr-onab-03570205002", "name": "วัดหมากเอียก", "nameTh": "วัดหมากเอียก", "nameEn": null, "cat": ["wat"], "province": "cr", "slug": "03570205002", "rank": 1}}, {"type": "Feature", "geometry": {"type": "Point", "coordinates": [99.74362, 20.18]}, "properties": {"id": "cr-onab-03570706009", "name": "วัดหมื่นพุทธเมตตาคุณาราม", "nameTh": "วัดหมื่นพุทธเมตตาคุณาราม", "nameEn": null, "cat": ["wat"], "province": "cr", "slug": "03570706009", "rank": 1}}, {"type": "Feature", "geometry": {"type": "Point", "coordinates": [100.40969, 20.23271]}, "properties": {"id": "cr-onab-03570301001", "name": "วัดหลวง", "nameTh": "วัดหลวง", "nameEn": null, "cat": ["wat"], "province": "cr", "slug": "03570301001", "rank": 1}}, {"type": "Feature", "geometry": {"type": "Point", "coordinates": [100.40969, 20.23271]}, "properties": {"id": "cr-onab-03570303002", "name": "วัดหลวง", "nameTh": "วัดหลวง", "nameEn": null, "cat": ["wat"], "province": "cr", "slug": "03570303002", "rank": 1}}, {"type": "Feature", "geometry": {"type": "Point", "coordinates": [99.50432, 19.20352]}, "properties": {"id": "cr-onab-03571106010", "name": "วัดหลวงราษฎร์เจริญธรรม", "nameTh": "วัดหลวงราษฎร์เจริญธรรม", "nameEn": null, "cat": ["wat"], "province": "cr", "slug": "03571106010", "rank": 1}}, {"type": "Feature", "geometry": {"type": "Point", "coordinates": [99.50537, 19.19216]}, "properties": {"id": "cr-osm-way-1126136476", "name": "วัดหลวงฯ(ธ)", "nameTh": "วัดหลวงฯ(ธ)", "nameEn": "Wat Luang", "cat": ["wat"], "province": "cr", "slug": "wat-luang-1126136476", "rank": 2}}, {"type": "Feature", "geometry": {"type": "Point", "coordinates": [100.3753, 20.10727]}, "properties": {"id": "cr-onab-03571301004", "name": "วัดหลู้", "nameTh": "วัดหลู้", "nameEn": null, "cat": ["wat"], "province": "cr", "slug": "03571301004", "rank": 1}}, {"type": "Feature", "geometry": {"type": "Point", "coordinates": [100.3753, 20.10727]}, "properties": {"id": "cr-onab-03571303003", "name": "วัดหล่ายงาว", "nameTh": "วัดหล่ายงาว", "nameEn": null, "cat": ["wat"], "province": "cr", "slug": "03571303003", "rank": 1}}, {"type": "Feature", "geometry": {"type": "Point", "coordinates": [99.82783, 19.90127]}, "properties": {"id": "cr-onab-03570115004", "name": "วัดหัตถีวนาราม", "nameTh": "วัดหัตถีวนาราม", "nameEn": null, "cat": ["wat"], "province": "cr", "slug": "03570115004", "rank": 1}}, {"type": "Feature", "geometry": {"type": "Point", "coordinates": [99.76429, 19.58743]}, "properties": {"id": "cr-onab-03570505005", "name": "วัดหัวง้ม(ดอยงาม)", "nameTh": "วัดหัวง้ม(ดอยงาม)", "nameEn": null, "cat": ["wat"], "province": "cr", "slug": "03570505005", "rank": 1}}, {"type": "Feature", "geometry": {"type": "Point", "coordinates": [99.51526, 19.62868]}, "properties": {"id": "cr-osm-node-4525283585", "name": "วัดหัวทุ่ง", "nameTh": "วัดหัวทุ่ง", "nameEn": "Wat Hua Tung", "cat": ["wat"], "province": "cr", "slug": "wat-hua-tung-4525283585", "rank": 2}}, {"type": "Feature", "geometry": {"type": "Point", "coordinates": [99.04659, 18.78938]}, "properties": {"id": "cr-onab-03570511011", "name": "วัดหัวฝาย", "nameTh": "วัดหัวฝาย", "nameEn": null, "cat": ["wat"], "province": "cr", "slug": "03570511011", "rank": 1}}, {"type": "Feature", "geometry": {"type": "Point", "coordinates": [98.98088, 18.74611]}, "properties": {"id": "cr-onab-03571002004", "name": "วัดหัวฝาย", "nameTh": "วัดหัวฝาย", "nameEn": null, "cat": ["wat"], "province": "cr", "slug": "03571002004", "rank": 1}}, {"type": "Feature", "geometry": {"type": "Point", "coordinates": [99.50605, 19.70424]}, "properties": {"id": "cr-onab-03571003007", "name": "วัดหัวริน", "nameTh": "วัดหัวริน", "nameEn": null, "cat": ["wat"], "province": "cr", "slug": "03571003007", "rank": 1}}, {"type": "Feature", "geometry": {"type": "Point", "coordinates": [99.74362, 20.18]}, "properties": {"id": "cr-onab-03570713005", "name": "วัดหัวรินคำ", "nameTh": "วัดหัวรินคำ", "nameEn": null, "cat": ["wat"], "province": "cr", "slug": "03570713005", "rank": 1}}, {"type": "Feature", "geometry": {"type": "Point", "coordinates": [100.40969, 20.23271]}, "properties": {"id": "cr-onab-03570301007", "name": "วัดหัวเวียง", "nameTh": "วัดหัวเวียง", "nameEn": null, "cat": ["wat"], "province": "cr", "slug": "03570301007", "rank": 1}}, {"type": "Feature", "geometry": {"type": "Point", "coordinates": [100.40969, 20.23271]}, "properties": {"id": "cr-onab-03570310001", "name": "วัดหาดบ้าย", "nameTh": "วัดหาดบ้าย", "nameEn": null, "cat": ["wat"], "province": "cr", "slug": "03570310001", "rank": 1}}, {"type": "Feature", "geometry": {"type": "Point", "coordinates": [100.40969, 20.23271]}, "properties": {"id": "cr-onab-03570301004", "name": "วัดหาดไคร้", "nameTh": "วัดหาดไคร้", "nameEn": null, "cat": ["wat"], "province": "cr", "slug": "03570301004", "rank": 1}}, {"type": "Feature", "geometry": {"type": "Point", "coordinates": [99.88239, 20.42425]}, "properties": {"id": "cr-onab-03570903005", "name": "วัดหิรัญญาวาส", "nameTh": "วัดหิรัญญาวาส", "nameEn": null, "cat": ["wat"], "province": "cr", "slug": "03570903005", "rank": 1}}, {"type": "Feature", "geometry": {"type": "Point", "coordinates": [99.75665, 19.98912]}, "properties": {"id": "cr-osm-node-7461678288", "name": "วัดห้วยขม", "nameTh": "วัดห้วยขม", "nameEn": "Wat Huai Kom temple", "cat": ["wat"], "province": "cr", "slug": "wat-huai-kom-temple-7461678288", "rank": 2}}, {"type": "Feature", "geometry": {"type": "Point", "coordinates": [100.40969, 20.23271]}, "properties": {"id": "cr-onab-03570305001", "name": "วัดห้วยซ้อ", "nameTh": "วัดห้วยซ้อ", "nameEn": null, "cat": ["wat"], "province": "cr", "slug": "03570305001", "rank": 1}}, {"type": "Feature", "geometry": {"type": "Point", "coordinates": [99.50432, 19.20352]}, "properties": {"id": "cr-onab-03571106008", "name": "วัดห้วยทราย", "nameTh": "วัดห้วยทราย", "nameEn": null, "cat": ["wat"], "province": "cr", "slug": "03571106008", "rank": 1}}, {"type": "Feature", "geometry": {"type": "Point", "coordinates": [99.75788, 19.93729]}, "properties": {"id": "cr-osm-way-1357220353", "name": "วัดห้วยทรายขาว", "nameTh": "วัดห้วยทรายขาว", "nameEn": "Wat Huay Sai Khao", "cat": ["wat"], "province": "cr", "slug": "wat-huay-sai-khao-1357220353", "rank": 2}}, {"type": "Feature", "geometry": {"type": "Point", "coordinates": [99.85732, 19.96928]}, "properties": {"id": "cr-onab-03570121002", "name": "วัดห้วยทรายสามัคคีธรรม", "nameTh": "วัดห้วยทรายสามัคคีธรรม", "nameEn": null, "cat": ["wat"], "province": "cr", "slug": "03570121002", "rank": 1}}, {"type": "Feature", "geometry": {"type": "Point", "coordinates": [99.8351, 20.26908]}, "properties": {"id": "cr-osm-node-2172382589", "name": "วัดห้วยน้ำขุ่น", "nameTh": "วัดห้วยน้ำขุ่น", "nameEn": "Wat Huai Nam Khun", "cat": ["wat"], "province": "cr", "slug": "wat-huai-nam-khun-2172382589", "rank": 2}}, {"type": "Feature", "geometry": {"type": "Point", "coordinates": [99.76429, 19.58743]}, "properties": {"id": "cr-onab-03570508010", "name": "วัดห้วยประสิทธิ์", "nameTh": "วัดห้วยประสิทธิ์", "nameEn": null, "cat": ["wat"], "province": "cr", "slug": "03570508010", "rank": 1}}, {"type": "Feature", "geometry": {"type": "Point", "coordinates": [99.80631, 19.94887]}, "properties": {"id": "cr-osm-way-458238257", "name": "วัดห้วยปลากั้ง", "nameTh": "วัดห้วยปลากั้ง", "nameEn": "Wat Huai Pla Kang, Big Buddha", "cat": ["wat"], "province": "cr", "slug": "wat-huai-pla-kang-big-buddha-458238257", "rank": 2}}, {"type": "Feature", "geometry": {"type": "Point", "coordinates": [99.87584, 20.04553]}, "properties": {"id": "cr-osm-node-2153718404", "name": "วัดห้วยพลู", "nameTh": "วัดห้วยพลู", "nameEn": "Wat Huai Phlu", "cat": ["wat"], "province": "cr", "slug": "wat-huai-phlu-2153718404", "rank": 2}}, {"type": "Feature", "geometry": {"type": "Point", "coordinates": [99.74362, 20.18]}, "properties": {"id": "cr-onab-03570708006", "name": "วัดห้วยมะหินฝน", "nameTh": "วัดห้วยมะหินฝน", "nameEn": null, "cat": ["wat"], "province": "cr", "slug": "03570708006", "rank": 1}}, {"type": "Feature", "geometry": {"type": "Point", "coordinates": [100.3753, 20.10727]}, "properties": {"id": "cr-onab-03571301003", "name": "วัดห้วยลึก", "nameTh": "วัดห้วยลึก", "nameEn": null, "cat": ["wat"], "province": "cr", "slug": "03571301003", "rank": 1}}, {"type": "Feature", "geometry": {"type": "Point", "coordinates": [99.74362, 20.18]}, "properties": {"id": "cr-onab-03571803003", "name": "วัดห้วยสัก", "nameTh": "วัดห้วยสัก", "nameEn": null, "cat": ["wat"], "province": "cr", "slug": "03571803003", "rank": 1}}, {"type": "Feature", "geometry": {"type": "Point", "coordinates": [99.49516, 19.58814]}, "properties": {"id": "cr-osm-node-2138298548", "name": "วัดห้วยส้ม", "nameTh": "วัดห้วยส้ม", "nameEn": "Wat Huai Som", "cat": ["wat"], "province": "cr", "slug": "wat-huai-som-2138298548", "rank": 2}}, {"type": "Feature", "geometry": {"type": "Point", "coordinates": [99.82783, 19.90127]}, "properties": {"id": "cr-onab-03571605003", "name": "วัดห้วยส้านพลับพลา", "nameTh": "วัดห้วยส้านพลับพลา", "nameEn": null, "cat": ["wat"], "province": "cr", "slug": "03571605003", "rank": 1}}, {"type": "Feature", "geometry": {"type": "Point", "coordinates": [99.57014, 19.69121]}, "properties": {"id": "cr-onab-03571001010", "name": "วัดห้วยส้านพัฒนา", "nameTh": "วัดห้วยส้านพัฒนา", "nameEn": null, "cat": ["wat"], "province": "cr", "slug": "03571001010", "rank": 1}}, {"type": "Feature", "geometry": {"type": "Point", "coordinates": [99.64757, 19.74458]}, "properties": {"id": "cr-osm-node-2138372000", "name": "วัดห้วยส้านยาว", "nameTh": "วัดห้วยส้านยาว", "nameEn": "Wat Huai San Yao", "cat": ["wat"], "province": "cr", "slug": "wat-huai-san-yao-2138372000", "rank": 2}}, {"type": "Feature", "geometry": {"type": "Point", "coordinates": [100.34654, 20.00599]}, "properties": {"id": "cr-osm-node-2423461224", "name": "วัดห้วยหก", "nameTh": "วัดห้วยหก", "nameEn": "Wat Huao Hok", "cat": ["wat"], "province": "cr", "slug": "wat-huao-hok-2423461224", "rank": 2}}, {"type": "Feature", "geometry": {"type": "Point", "coordinates": [100.30979, 19.93451]}, "properties": {"id": "cr-osm-way-548919701", "name": "วัดห้วยหลวงเหนือ", "nameTh": "วัดห้วยหลวงเหนือ", "nameEn": "Wat Huai Luang Nuea", "cat": ["wat"], "province": "cr", "slug": "wat-huai-luang-nuea-548919701", "rank": 2}}, {"type": "Feature", "geometry": {"type": "Point", "coordinates": [99.85732, 19.96928]}, "properties": {"id": "cr-onab-03570105011", "name": "วัดห้วยอ้ม", "nameTh": "วัดห้วยอ้ม", "nameEn": null, "cat": ["wat"], "province": "cr", "slug": "03570105011", "rank": 1}}, {"type": "Feature", "geometry": {"type": "Point", "coordinates": [99.85732, 19.96928]}, "properties": {"id": "cr-onab-03570105010", "name": "วัดห้วยอ้มใหม่", "nameTh": "วัดห้วยอ้มใหม่", "nameEn": null, "cat": ["wat"], "province": "cr", "slug": "03570105010", "rank": 1}}, {"type": "Feature", "geometry": {"type": "Point", "coordinates": [100.09756, 20.26156]}, "properties": {"id": "cr-onab-03570801011", "name": "วัดห้วยเกี๋ยง", "nameTh": "วัดห้วยเกี๋ยง", "nameEn": null, "cat": ["wat"], "province": "cr", "slug": "03570801011", "rank": 1}}, {"type": "Feature", "geometry": {"type": "Point", "coordinates": [99.76429, 19.58743]}, "properties": {"id": "cr-onab-03570501002", "name": "วัดห้วยเครือบ้า", "nameTh": "วัดห้วยเครือบ้า", "nameEn": null, "cat": ["wat"], "province": "cr", "slug": "03570501002", "rank": 1}}, {"type": "Feature", "geometry": {"type": "Point", "coordinates": [99.87377, 20.08517]}, "properties": {"id": "cr-osm-node-2153781726", "name": "วัดห้วยเคียน", "nameTh": "วัดห้วยเคียน", "nameEn": "Wat Huai Kian", "cat": ["wat"], "province": "cr", "slug": "wat-huai-kian-2153781726", "rank": 2}}, {"type": "Feature", "geometry": {"type": "Point", "coordinates": [100.40969, 20.23271]}, "properties": {"id": "cr-onab-03570301006", "name": "วัดห้วยเม็ง", "nameTh": "วัดห้วยเม็ง", "nameEn": null, "cat": ["wat"], "province": "cr", "slug": "03570301006", "rank": 1}}, {"type": "Feature", "geometry": {"type": "Point", "coordinates": [100.19503, 19.68562]}, "properties": {"id": "cr-onab-03570401005", "name": "วัดห้วยไคร้", "nameTh": "วัดห้วยไคร้", "nameEn": null, "cat": ["wat"], "province": "cr", "slug": "03570401005", "rank": 1}}, {"type": "Feature", "geometry": {"type": "Point", "coordinates": [99.86387, 20.27887]}, "properties": {"id": "cr-osm-node-2174022716", "name": "วัดห้วยไคร้หลวง", "nameTh": "วัดห้วยไคร้หลวง", "nameEn": "Wat Huai Khrai Luang", "cat": ["wat"], "province": "cr", "slug": "wat-huai-khrai-luang-2174022716", "rank": 2}}, {"type": "Feature", "geometry": {"type": "Point", "coordinates": [99.85972, 20.27256]}, "properties": {"id": "cr-osm-way-417036549", "name": "วัดห้วยไคร้ใหม่", "nameTh": "วัดห้วยไคร้ใหม่", "nameEn": "Wat Huai Khrai Mai", "cat": ["wat"], "province": "cr", "slug": "wat-huai-khrai-mai-417036549", "rank": 2}}, {"type": "Feature", "geometry": {"type": "Point", "coordinates": [99.74362, 20.18]}, "properties": {"id": "cr-onab-03570707001", "name": "วัดห้วยไร่", "nameTh": "วัดห้วยไร่", "nameEn": null, "cat": ["wat"], "province": "cr", "slug": "03570707001", "rank": 1}}, {"type": "Feature", "geometry": {"type": "Point", "coordinates": [99.85114, 20.25998]}, "properties": {"id": "cr-osm-node-2172485095", "name": "วัดห้วยไร่", "nameTh": "วัดห้วยไร่", "nameEn": "Wat Huai Rai", "cat": ["wat"], "province": "cr", "slug": "wat-huai-rai-2172485095", "rank": 2}}, {"type": "Feature", "geometry": {"type": "Point", "coordinates": [99.74362, 20.18]}, "properties": {"id": "cr-onab-03571801007", "name": "วัดห้วยไร่เก่า", "nameTh": "วัดห้วยไร่เก่า", "nameEn": null, "cat": ["wat"], "province": "cr", "slug": "03571801007", "rank": 1}}, {"type": "Feature", "geometry": {"type": "Point", "coordinates": [99.50557, 19.36481]}, "properties": {"id": "cr-onab-03571102001", "name": "วัดอรัญญวิเวก(อรัญญวิเวกคีรี)", "nameTh": "วัดอรัญญวิเวก(อรัญญวิเวกคีรี)", "nameEn": null, "cat": ["wat"], "province": "cr", "slug": "03571102001", "rank": 1}}, {"type": "Feature", "geometry": {"type": "Point", "coordinates": [100.19611, 19.68509]}, "properties": {"id": "cr-osm-node-2423382937", "name": "วัดอำมาตย์", "nameTh": "วัดอำมาตย์", "nameEn": "Wat Ammat", "cat": ["wat"], "province": "cr", "slug": "wat-ammat-2423382937", "rank": 2}}, {"type": "Feature", "geometry": {"type": "Point", "coordinates": [99.71053, 19.46412]}, "properties": {"id": "cr-osm-way-1417670947", "name": "วัดอิงดอย", "nameTh": "วัดอิงดอย", "nameEn": "Wat Ing Doi", "cat": ["wat"], "province": "cr", "slug": "wat-ing-doi-1417670947", "rank": 2}}, {"type": "Feature", "geometry": {"type": "Point", "coordinates": [99.82783, 19.90127]}, "properties": {"id": "cr-onab-03570115006", "name": "วัดอินทราราม", "nameTh": "วัดอินทราราม", "nameEn": null, "cat": ["wat"], "province": "cr", "slug": "03570115006", "rank": 1}}, {"type": "Feature", "geometry": {"type": "Point", "coordinates": [99.76429, 19.58743]}, "properties": {"id": "cr-onab-03570510008", "name": "วัดอุดมวารี", "nameTh": "วัดอุดมวารี", "nameEn": null, "cat": ["wat"], "province": "cr", "slug": "03570510008", "rank": 1}}, {"type": "Feature", "geometry": {"type": "Point", "coordinates": [100.19503, 19.68562]}, "properties": {"id": "cr-onab-03570401013", "name": "วัดอุธราราม", "nameTh": "วัดอุธราราม", "nameEn": null, "cat": ["wat"], "province": "cr", "slug": "03570401013", "rank": 1}}, {"type": "Feature", "geometry": {"type": "Point", "coordinates": [99.7072, 19.8006]}, "properties": {"id": "cr-onab-03571602009", "name": "วัดอูปแก้ว", "nameTh": "วัดอูปแก้ว", "nameEn": null, "cat": ["wat"], "province": "cr", "slug": "03571602009", "rank": 1}}, {"type": "Feature", "geometry": {"type": "Point", "coordinates": [99.82783, 19.90127]}, "properties": {"id": "cr-onab-03570120002", "name": "วัดฮ่องอ้อ", "nameTh": "วัดฮ่องอ้อ", "nameEn": null, "cat": ["wat"], "province": "cr", "slug": "03570120002", "rank": 1}}, {"type": "Feature", "geometry": {"type": "Point", "coordinates": [99.49843, 19.28861]}, "properties": {"id": "cr-osm-node-4517919142", "name": "วัดฮ่างต่ำเหนือ", "nameTh": "วัดฮ่างต่ำเหนือ", "nameEn": null, "cat": ["wat"], "province": "cr", "slug": "4517919142", "rank": 1}}, {"type": "Feature", "geometry": {"type": "Point", "coordinates": [99.76429, 19.58743]}, "properties": {"id": "cr-onab-03570513002", "name": "วัดเกตุแก้ว", "nameTh": "วัดเกตุแก้ว", "nameEn": null, "cat": ["wat"], "province": "cr", "slug": "03570513002", "rank": 1}}, {"type": "Feature", "geometry": {"type": "Point", "coordinates": [99.82783, 19.90127]}, "properties": {"id": "cr-onab-03570113010", "name": "วัดเกษมสุข", "nameTh": "วัดเกษมสุข", "nameEn": null, "cat": ["wat"], "province": "cr", "slug": "03570113010", "rank": 1}}, {"type": "Feature", "geometry": {"type": "Point", "coordinates": [99.85732, 19.96928]}, "properties": {"id": "cr-onab-03570105002", "name": "วัดเกษแก้ว", "nameTh": "วัดเกษแก้ว", "nameEn": null, "cat": ["wat"], "province": "cr", "slug": "03570105002", "rank": 1}}, {"type": "Feature", "geometry": {"type": "Point", "coordinates": [100.07273, 20.29545]}, "properties": {"id": "cr-onab-03570803003", "name": "วัดเกาะผาคำ", "nameTh": "วัดเกาะผาคำ", "nameEn": null, "cat": ["wat"], "province": "cr", "slug": "03570803003", "rank": 1}}, {"type": "Feature", "geometry": {"type": "Point", "coordinates": [100.04159, 19.57357]}, "properties": {"id": "cr-osm-way-541260056", "name": "วัดเกี๋ยงดอย", "nameTh": "วัดเกี๋ยงดอย", "nameEn": "Wat Kiang Doi", "cat": ["wat"], "province": "cr", "slug": "wat-kiang-doi-541260056", "rank": 2}}, {"type": "Feature", "geometry": {"type": "Point", "coordinates": [100.40969, 20.23271]}, "properties": {"id": "cr-onab-03570305003", "name": "วัดเกี๋ยงเหนือ", "nameTh": "วัดเกี๋ยงเหนือ", "nameEn": null, "cat": ["wat"], "province": "cr", "slug": "03570305003", "rank": 1}}, {"type": "Feature", "geometry": {"type": "Point", "coordinates": [100.40969, 20.23271]}, "properties": {"id": "cr-onab-03570305004", "name": "วัดเกี๋ยงใต้", "nameTh": "วัดเกี๋ยงใต้", "nameEn": null, "cat": ["wat"], "province": "cr", "slug": "03570305004", "rank": 1}}, {"type": "Feature", "geometry": {"type": "Point", "coordinates": [99.52144, 20.33858]}, "properties": {"id": "cr-osm-way-373624281", "name": "วัดเก้าหล้ง", "nameTh": "วัดเก้าหล้ง", "nameEn": "Wat Khao Lang", "cat": ["wat"], "province": "cr", "slug": "wat-khao-lang-373624281", "rank": 2}}, {"type": "Feature", "geometry": {"type": "Point", "coordinates": [99.82783, 19.90127]}, "properties": {"id": "cr-onab-03570113002", "name": "วัดเขาแก้วดับภัย", "nameTh": "วัดเขาแก้วดับภัย", "nameEn": null, "cat": ["wat"], "province": "cr", "slug": "03570113002", "rank": 1}}, {"type": "Feature", "geometry": {"type": "Point", "coordinates": [99.76429, 19.58743]}, "properties": {"id": "cr-onab-03570506001", "name": "วัดเขื่อนเมือง", "nameTh": "วัดเขื่อนเมือง", "nameEn": null, "cat": ["wat"], "province": "cr", "slug": "03570506001", "rank": 1}}, {"type": "Feature", "geometry": {"type": "Point", "coordinates": [100.27335, 19.85202]}, "properties": {"id": "cr-osm-way-1013507596", "name": "วัดเจดีย์ดอนแก้ว", "nameTh": "วัดเจดีย์ดอนแก้ว", "nameEn": "Wat Chedi Don Kew", "cat": ["wat"], "province": "cr", "slug": "wat-chedi-don-kew-1013507596", "rank": 2}}, {"type": "Feature", "geometry": {"type": "Point", "coordinates": [99.49078, 19.57004]}, "properties": {"id": "cr-osm-node-11432117226", "name": "วัดเจดีย์หลวง", "nameTh": "วัดเจดีย์หลวง", "nameEn": "Wat Chedi Luang", "cat": ["wat"], "province": "cr", "slug": "wat-chedi-luang-11432117226", "rank": 2}}, {"type": "Feature", "geometry": {"type": "Point", "coordinates": [100.08063, 20.27313]}, "properties": {"id": "cr-osm-way-1380459596", "name": "วัดเจดีย์หลวง", "nameTh": "วัดเจดีย์หลวง", "nameEn": "Wat Phra That Chedi Luang", "cat": ["wat"], "province": "cr", "slug": "wat-phra-that-chedi-luang-1380459596", "rank": 2}}, {"type": "Feature", "geometry": {"type": "Point", "coordinates": [100.08044, 20.27317]}, "properties": {"id": "cr-osm-way-714021490", "name": "วัดเจดีย์หลวง เชียงแสน", "nameTh": "วัดเจดีย์หลวง เชียงแสน", "nameEn": "Wat Chedi Luang", "cat": ["wat"], "province": "cr", "slug": "wat-chedi-luang-714021490", "rank": 3}}, {"type": "Feature", "geometry": {"type": "Point", "coordinates": [99.88239, 20.42425]}, "properties": {"id": "cr-onab-03570905001", "name": "วัดเจติยาราม", "nameTh": "วัดเจติยาราม", "nameEn": null, "cat": ["wat"], "province": "cr", "slug": "03570905001", "rank": 1}}, {"type": "Feature", "geometry": {"type": "Point", "coordinates": [99.9674, 20.36773]}, "properties": {"id": "cr-osm-node-2207495992", "name": "วัดเจติยาราม(สันธาตุ)", "nameTh": "วัดเจติยาราม(สันธาตุ)", "nameEn": "Wat Che Ti Ya Ram", "cat": ["wat"], "province": "cr", "slug": "wat-che-ti-ya-ram-2207495992", "rank": 2}}, {"type": "Feature", "geometry": {"type": "Point", "coordinates": [99.75939, 19.6065]}, "properties": {"id": "cr-osm-node-3842065883", "name": "วัดเจริญเมือง", "nameTh": "วัดเจริญเมือง", "nameEn": "Wat Charoen Mueang", "cat": ["wat"], "province": "cr", "slug": "wat-charoen-mueang-3842065883", "rank": 3}}, {"type": "Feature", "geometry": {"type": "Point", "coordinates": [99.8313, 19.90357]}, "properties": {"id": "cr-osm-way-330739409", "name": "วัดเจ็ดยอด", "nameTh": "วัดเจ็ดยอด", "nameEn": "Wat Chet Yot", "cat": ["wat"], "province": "cr", "slug": "wat-chet-yot-330739409", "rank": 3}}, {"type": "Feature", "geometry": {"type": "Point", "coordinates": [99.84347, 19.90598]}, "properties": {"id": "cr-osm-way-459093664", "name": "วัดเชตวัน", "nameTh": "วัดเชตวัน", "nameEn": "Wat Chet Wan", "cat": ["wat"], "province": "cr", "slug": "wat-chet-wan-459093664", "rank": 2}}, {"type": "Feature", "geometry": {"type": "Point", "coordinates": [99.81836, 19.90238]}, "properties": {"id": "cr-osm-way-1102521888", "name": "วัดเชตุพน", "nameTh": "วัดเชตุพน", "nameEn": "Wat Chetuphon Temple Complex", "cat": ["wat"], "province": "cr", "slug": "wat-chetuphon-temple-complex-1102521888", "rank": 3}}, {"type": "Feature", "geometry": {"type": "Point", "coordinates": [100.40969, 20.23271]}, "properties": {"id": "cr-onab-03570302004", "name": "วัดเชียงคาน", "nameTh": "วัดเชียงคาน", "nameEn": null, "cat": ["wat"], "province": "cr", "slug": "03570302004", "rank": 1}}, {"type": "Feature", "geometry": {"type": "Point", "coordinates": [99.04659, 18.78938]}, "properties": {"id": "cr-onab-03570511006", "name": "วัดเชียงยืน", "nameTh": "วัดเชียงยืน", "nameEn": null, "cat": ["wat"], "province": "cr", "slug": "03570511006", "rank": 1}}, {"type": "Feature", "geometry": {"type": "Point", "coordinates": [99.82641, 19.89922]}, "properties": {"id": "cr-osm-way-959698698", "name": "วัดเชียงยืน", "nameTh": "วัดเชียงยืน", "nameEn": "Wat Changyuen", "cat": ["wat"], "province": "cr", "slug": "wat-changyuen-959698698", "rank": 3}}, {"type": "Feature", "geometry": {"type": "Point", "coordinates": [99.04659, 18.78938]}, "properties": {"id": "cr-onab-03570511005", "name": "วัดเชียงหมั้น", "nameTh": "วัดเชียงหมั้น", "nameEn": null, "cat": ["wat"], "province": "cr", "slug": "03570511005", "rank": 1}}, {"type": "Feature", "geometry": {"type": "Point", "coordinates": [99.95801, 20.23172]}, "properties": {"id": "cr-osm-way-1230429436", "name": "วัดเชื้อเจ็ดตน", "nameTh": "วัดเชื้อเจ็ดตน", "nameEn": "Wat chu shet", "cat": ["wat"], "province": "cr", "slug": "wat-chu-shet-1230429436", "rank": 2}}, {"type": "Feature", "geometry": {"type": "Point", "coordinates": [99.76429, 19.58743]}, "properties": {"id": "cr-onab-03570507003", "name": "วัดเดื่อป่อง", "nameTh": "วัดเดื่อป่อง", "nameEn": null, "cat": ["wat"], "province": "cr", "slug": "03570507003", "rank": 1}}, {"type": "Feature", "geometry": {"type": "Point", "coordinates": [100.40969, 20.23271]}, "properties": {"id": "cr-onab-03570302008", "name": "วัดเต๋น", "nameTh": "วัดเต๋น", "nameEn": null, "cat": ["wat"], "province": "cr", "slug": "03570302008", "rank": 1}}, {"type": "Feature", "geometry": {"type": "Point", "coordinates": [100.40969, 20.23271]}, "properties": {"id": "cr-onab-63257030001", "name": "วัดเทพนิมิตสุดเขตสยาม", "nameTh": "วัดเทพนิมิตสุดเขตสยาม", "nameEn": null, "cat": ["wat"], "province": "cr", "slug": "63257030001", "rank": 1}}, {"type": "Feature", "geometry": {"type": "Point", "coordinates": [99.85732, 19.96928]}, "properties": {"id": "cr-onab-03570106004", "name": "วัดเทพบุญยืน", "nameTh": "วัดเทพบุญยืน", "nameEn": null, "cat": ["wat"], "province": "cr", "slug": "03570106004", "rank": 1}}, {"type": "Feature", "geometry": {"type": "Point", "coordinates": [99.76429, 19.58743]}, "properties": {"id": "cr-onab-03570513006", "name": "วัดเทพวัน", "nameTh": "วัดเทพวัน", "nameEn": null, "cat": ["wat"], "province": "cr", "slug": "03570513006", "rank": 1}}, {"type": "Feature", "geometry": {"type": "Point", "coordinates": [99.85732, 19.96928]}, "properties": {"id": "cr-onab-03570105007", "name": "วัดเทวานิมิต", "nameTh": "วัดเทวานิมิต", "nameEn": null, "cat": ["wat"], "province": "cr", "slug": "03570105007", "rank": 1}}, {"type": "Feature", "geometry": {"type": "Point", "coordinates": [100.19503, 19.68562]}, "properties": {"id": "cr-onab-03570401007", "name": "วัดเทิง", "nameTh": "วัดเทิง", "nameEn": null, "cat": ["wat"], "province": "cr", "slug": "03570401007", "rank": 1}}, {"type": "Feature", "geometry": {"type": "Point", "coordinates": [100.40969, 20.23271]}, "properties": {"id": "cr-onab-03570305007", "name": "วัดเนินสมบูรณ์", "nameTh": "วัดเนินสมบูรณ์", "nameEn": null, "cat": ["wat"], "province": "cr", "slug": "03570305007", "rank": 1}}, {"type": "Feature", "geometry": {"type": "Point", "coordinates": [100.40969, 20.23271]}, "properties": {"id": "cr-onab-03570310002", "name": "วัดเมืองกาญจน์", "nameTh": "วัดเมืองกาญจน์", "nameEn": null, "cat": ["wat"], "province": "cr", "slug": "03570310002", "rank": 1}}, {"type": "Feature", "geometry": {"type": "Point", "coordinates": [99.80991, 19.88288]}, "properties": {"id": "cr-onab-03570102010", "name": "วัดเม็งรายมหาราช", "nameTh": "วัดเม็งรายมหาราช", "nameEn": null, "cat": ["wat"], "province": "cr", "slug": "03570102010", "rank": 1}}, {"type": "Feature", "geometry": {"type": "Point", "coordinates": [99.82783, 19.90127]}, "properties": {"id": "cr-onab-03571605002", "name": "วัดเวฬุวัน", "nameTh": "วัดเวฬุวัน", "nameEn": null, "cat": ["wat"], "province": "cr", "slug": "03571605002", "rank": 1}}, {"type": "Feature", "geometry": {"type": "Point", "coordinates": [99.85732, 19.96928]}, "properties": {"id": "cr-onab-03570105019", "name": "วัดเวียงกลาง", "nameTh": "วัดเวียงกลาง", "nameEn": null, "cat": ["wat"], "province": "cr", "slug": "03570105019", "rank": 1}}, {"type": "Feature", "geometry": {"type": "Point", "coordinates": [99.82783, 19.90127]}, "properties": {"id": "cr-onab-03570118006", "name": "วัดเวียงกลาง", "nameTh": "วัดเวียงกลาง", "nameEn": null, "cat": ["wat"], "province": "cr", "slug": "03570118006", "rank": 1}}, {"type": "Feature", "geometry": {"type": "Point", "coordinates": [99.88158, 20.43366]}, "properties": {"id": "cr-osm-way-375707979", "name": "วัดเวียงพาน", "nameTh": "วัดเวียงพาน", "nameEn": "Wat Wiang Phan", "cat": ["wat"], "province": "cr", "slug": "wat-wiang-phan-375707979", "rank": 2}}, {"type": "Feature", "geometry": {"type": "Point", "coordinates": [99.74362, 20.18]}, "properties": {"id": "cr-onab-03570711004", "name": "วัดเวียงสา", "nameTh": "วัดเวียงสา", "nameEn": null, "cat": ["wat"], "province": "cr", "slug": "03570711004", "rank": 1}}, {"type": "Feature", "geometry": {"type": "Point", "coordinates": [99.74147, 19.83559]}, "properties": {"id": "cr-osm-node-2139485741", "name": "วัดเวียงหวาย", "nameTh": "วัดเวียงหวาย", "nameEn": "Wat Wiang Wai", "cat": ["wat"], "province": "cr", "slug": "wat-wiang-wai-2139485741", "rank": 2}}, {"type": "Feature", "geometry": {"type": "Point", "coordinates": [99.88916, 20.44404]}, "properties": {"id": "cr-onab-03570901007", "name": "วัดเวียงหอม", "nameTh": "วัดเวียงหอม", "nameEn": null, "cat": ["wat"], "province": "cr", "slug": "03570901007", "rank": 1}}, {"type": "Feature", "geometry": {"type": "Point", "coordinates": [100.07273, 20.29545]}, "properties": {"id": "cr-onab-03570804006", "name": "วัดเวียงแก้ว", "nameTh": "วัดเวียงแก้ว", "nameEn": null, "cat": ["wat"], "province": "cr", "slug": "03570804006", "rank": 1}}, {"type": "Feature", "geometry": {"type": "Point", "coordinates": [99.74362, 20.18]}, "properties": {"id": "cr-onab-03570711008", "name": "วัดเหมืองกลาง", "nameTh": "วัดเหมืองกลาง", "nameEn": null, "cat": ["wat"], "province": "cr", "slug": "03570711008", "rank": 1}}, {"type": "Feature", "geometry": {"type": "Point", "coordinates": [99.85823, 20.20342]}, "properties": {"id": "cr-osm-node-2172222930", "name": "วัดเหมืองกลาง(ปิตติพุทโธ)", "nameTh": "วัดเหมืองกลาง(ปิตติพุทโธ)", "nameEn": "Wat Mueang Klang", "cat": ["wat"], "province": "cr", "slug": "wat-mueang-klang-2172222930", "rank": 2}}, {"type": "Feature", "geometry": {"type": "Point", "coordinates": [99.76429, 19.58743]}, "properties": {"id": "cr-onab-03570504003", "name": "วัดเหมืองง่า", "nameTh": "วัดเหมืองง่า", "nameEn": null, "cat": ["wat"], "province": "cr", "slug": "03570504003", "rank": 1}}, {"type": "Feature", "geometry": {"type": "Point", "coordinates": [99.82783, 19.90127]}, "properties": {"id": "cr-onab-03571605004", "name": "วัดเหมืองลึก", "nameTh": "วัดเหมืองลึก", "nameEn": null, "cat": ["wat"], "province": "cr", "slug": "03571605004", "rank": 1}}, {"type": "Feature", "geometry": {"type": "Point", "coordinates": [99.89229, 20.43743]}, "properties": {"id": "cr-osm-way-375664608", "name": "วัดเหมืองแดง", "nameTh": "วัดเหมืองแดง", "nameEn": "Mueang Daeng Temple", "cat": ["wat"], "province": "cr", "slug": "mueang-daeng-temple-375664608", "rank": 2}}, {"type": "Feature", "geometry": {"type": "Point", "coordinates": [99.82783, 19.90127]}, "properties": {"id": "cr-onab-03571605005", "name": "วัดเหล่าชวนชม", "nameTh": "วัดเหล่าชวนชม", "nameEn": null, "cat": ["wat"], "province": "cr", "slug": "03571605005", "rank": 1}}, {"type": "Feature", "geometry": {"type": "Point", "coordinates": [100.40969, 20.23271]}, "properties": {"id": "cr-onab-03570305008", "name": "วัดแก่นเหนือ", "nameTh": "วัดแก่นเหนือ", "nameEn": null, "cat": ["wat"], "province": "cr", "slug": "03570305008", "rank": 1}}, {"type": "Feature", "geometry": {"type": "Point", "coordinates": [100.40969, 20.23271]}, "properties": {"id": "cr-onab-03570305002", "name": "วัดแก่นใต้", "nameTh": "วัดแก่นใต้", "nameEn": null, "cat": ["wat"], "province": "cr", "slug": "03570305002", "rank": 1}}, {"type": "Feature", "geometry": {"type": "Point", "coordinates": [100.3753, 20.10727]}, "properties": {"id": "cr-onab-03571303002", "name": "วัดแจมป๋อง", "nameTh": "วัดแจมป๋อง", "nameEn": null, "cat": ["wat"], "province": "cr", "slug": "03571303002", "rank": 1}}, {"type": "Feature", "geometry": {"type": "Point", "coordinates": [100.3211, 19.97197]}, "properties": {"id": "cr-osm-node-2423451993", "name": "วัดแดนเมือง", "nameTh": "วัดแดนเมือง", "nameEn": "Wat Daen Mueang", "cat": ["wat"], "province": "cr", "slug": "wat-daen-mueang-2423451993", "rank": 2}}, {"type": "Feature", "geometry": {"type": "Point", "coordinates": [100.40969, 20.23271]}, "properties": {"id": "cr-onab-03570302007", "name": "วัดแฟน", "nameTh": "วัดแฟน", "nameEn": null, "cat": ["wat"], "province": "cr", "slug": "03570302007", "rank": 1}}, {"type": "Feature", "geometry": {"type": "Point", "coordinates": [99.67284, 19.84327]}, "properties": {"id": "cr-onab-03570111004", "name": "วัดแม่กรณ์", "nameTh": "วัดแม่กรณ์", "nameEn": null, "cat": ["wat"], "province": "cr", "slug": "03570111004", "rank": 1}}, {"type": "Feature", "geometry": {"type": "Point", "coordinates": [99.5172, 19.19986]}, "properties": {"id": "cr-osm-node-11432552874", "name": "วัดแม่ขะจาน", "nameTh": "วัดแม่ขะจาน", "nameEn": "Wat Mae Kha Chan", "cat": ["wat"], "province": "cr", "slug": "wat-mae-kha-chan-11432552874", "rank": 2}}, {"type": "Feature", "geometry": {"type": "Point", "coordinates": [99.87466, 20.07513]}, "properties": {"id": "cr-osm-node-2153758922", "name": "วัดแม่ข้าวต้มท่าสุด", "nameTh": "วัดแม่ข้าวต้มท่าสุด", "nameEn": "Wat Mae Khaotom Tha Sut", "cat": ["wat"], "province": "cr", "slug": "wat-mae-khaotom-tha-sut-2153758922", "rank": 2}}, {"type": "Feature", "geometry": {"type": "Point", "coordinates": [99.76429, 19.58743]}, "properties": {"id": "cr-onab-03570510007", "name": "วัดแม่คาววัง", "nameTh": "วัดแม่คาววัง", "nameEn": null, "cat": ["wat"], "province": "cr", "slug": "03570510007", "rank": 1}}, {"type": "Feature", "geometry": {"type": "Point", "coordinates": [99.77325, 20.24948]}, "properties": {"id": "cr-onab-03570703003", "name": "วัดแม่คำ", "nameTh": "วัดแม่คำ", "nameEn": null, "cat": ["wat"], "province": "cr", "slug": "03570703003", "rank": 1}}, {"type": "Feature", "geometry": {"type": "Point", "coordinates": [100.07273, 20.29545]}, "properties": {"id": "cr-onab-03570805004", "name": "วัดแม่คำ", "nameTh": "วัดแม่คำ", "nameEn": null, "cat": ["wat"], "province": "cr", "slug": "03570805004", "rank": 1}}, {"type": "Feature", "geometry": {"type": "Point", "coordinates": [99.77325, 20.24948]}, "properties": {"id": "cr-onab-03570703002", "name": "วัดแม่คำสบเปิน", "nameTh": "วัดแม่คำสบเปิน", "nameEn": null, "cat": ["wat"], "province": "cr", "slug": "03570703002", "rank": 1}}, {"type": "Feature", "geometry": {"type": "Point", "coordinates": [100.01832, 20.28408]}, "properties": {"id": "cr-onab-03570802005", "name": "วัดแม่คำหนองบัว", "nameTh": "วัดแม่คำหนองบัว", "nameEn": null, "cat": ["wat"], "province": "cr", "slug": "03570802005", "rank": 1}}, {"type": "Feature", "geometry": {"type": "Point", "coordinates": [99.85704, 20.21431]}, "properties": {"id": "cr-osm-node-2172382581", "name": "วัดแม่คำหลักเจ็ด", "nameTh": "วัดแม่คำหลักเจ็ด", "nameEn": "Wat Mae Kham Lak Chet temple", "cat": ["wat"], "province": "cr", "slug": "wat-mae-kham-lak-chet-temple-2172382581", "rank": 2}}, {"type": "Feature", "geometry": {"type": "Point", "coordinates": [99.83396, 20.18647]}, "properties": {"id": "cr-onab-03570704001", "name": "วัดแม่คี", "nameTh": "วัดแม่คี", "nameEn": null, "cat": ["wat"], "province": "cr", "slug": "03570704001", "rank": 1}}, {"type": "Feature", "geometry": {"type": "Point", "coordinates": [99.85591, 20.2224]}, "properties": {"id": "cr-osm-node-2172382584", "name": "วัดแม่ค่า", "nameTh": "วัดแม่ค่า", "nameEn": "Wat Mae Kha", "cat": ["wat"], "province": "cr", "slug": "wat-mae-kha-2172382584", "rank": 2}}, {"type": "Feature", "geometry": {"type": "Point", "coordinates": [99.47263, 19.49373]}, "properties": {"id": "cr-osm-node-2136784817", "name": "วัดแม่ต๋ำ", "nameTh": "วัดแม่ต๋ำ", "nameEn": "Wat Mae Tam", "cat": ["wat"], "province": "cr", "slug": "wat-mae-tam-2136784817", "rank": 2}}, {"type": "Feature", "geometry": {"type": "Point", "coordinates": [99.74362, 20.18]}, "properties": {"id": "cr-onab-03571802002", "name": "วัดแม่บง", "nameTh": "วัดแม่บง", "nameEn": null, "cat": ["wat"], "province": "cr", "slug": "03571802002", "rank": 1}}, {"type": "Feature", "geometry": {"type": "Point", "coordinates": [99.50605, 19.70424]}, "properties": {"id": "cr-onab-03571003001", "name": "วัดแม่พริก", "nameTh": "วัดแม่พริก", "nameEn": null, "cat": ["wat"], "province": "cr", "slug": "03571003001", "rank": 1}}, {"type": "Feature", "geometry": {"type": "Point", "coordinates": [98.98088, 18.74611]}, "properties": {"id": "cr-onab-03570601003", "name": "วัดแม่พุง", "nameTh": "วัดแม่พุง", "nameEn": null, "cat": ["wat"], "province": "cr", "slug": "03570601003", "rank": 1}}, {"type": "Feature", "geometry": {"type": "Point", "coordinates": [100.03995, 20.18991]}, "properties": {"id": "cr-osm-way-1349739741", "name": "วัดแม่ลัว", "nameTh": "วัดแม่ลัว", "nameEn": "Wat Mae Lua", "cat": ["wat"], "province": "cr", "slug": "wat-mae-lua-1349739741", "rank": 2}}, {"type": "Feature", "geometry": {"type": "Point", "coordinates": [100.00571, 20.16738]}, "properties": {"id": "cr-osm-way-542424780", "name": "วัดแม่ลาก", "nameTh": "วัดแม่ลาก", "nameEn": "Wat Mae Lak", "cat": ["wat"], "province": "cr", "slug": "wat-mae-lak-542424780", "rank": 2}}, {"type": "Feature", "geometry": {"type": "Point", "coordinates": [99.89762, 20.19543]}, "properties": {"id": "cr-osm-way-449290469", "name": "วัดแม่สรวย", "nameTh": "วัดแม่สรวย", "nameEn": "Wat Mae Suai", "cat": ["wat"], "province": "cr", "slug": "wat-mae-suai-449290469", "rank": 2}}, {"type": "Feature", "geometry": {"type": "Point", "coordinates": [99.54559, 19.66792]}, "properties": {"id": "cr-osm-node-3286955744", "name": "วัดแม่สรวยหลวง(ม)", "nameTh": "วัดแม่สรวยหลวง(ม)", "nameEn": "Wat Mae Suai Luang", "cat": ["wat"], "province": "cr", "slug": "wat-mae-suai-luang-3286955744", "rank": 2}}, {"type": "Feature", "geometry": {"type": "Point", "coordinates": [99.74362, 20.18]}, "properties": {"id": "cr-onab-03570711003", "name": "วัดแม่สลองนอก", "nameTh": "วัดแม่สลองนอก", "nameEn": null, "cat": ["wat"], "province": "cr", "slug": "03570711003", "rank": 1}}, {"type": "Feature", "geometry": {"type": "Point", "coordinates": [99.80158, 20.19763]}, "properties": {"id": "cr-osm-node-7179402934", "name": "วัดแม่สลองใน", "nameTh": "วัดแม่สลองใน", "nameEn": "Wat Maesalongnai temple", "cat": ["wat"], "province": "cr", "slug": "wat-maesalongnai-temple-7179402934", "rank": 2}}, {"type": "Feature", "geometry": {"type": "Point", "coordinates": [99.67284, 19.84327]}, "properties": {"id": "cr-onab-03570111002", "name": "วัดแม่สาด", "nameTh": "วัดแม่สาด", "nameEn": null, "cat": ["wat"], "province": "cr", "slug": "03570111002", "rank": 1}}, {"type": "Feature", "geometry": {"type": "Point", "coordinates": [99.88916, 20.44404]}, "properties": {"id": "cr-onab-03570901008", "name": "วัดแม่สาย", "nameTh": "วัดแม่สาย", "nameEn": null, "cat": ["wat"], "province": "cr", "slug": "03570901008", "rank": 1}}, {"type": "Feature", "geometry": {"type": "Point", "coordinates": [99.74362, 20.18]}, "properties": {"id": "cr-onab-03570706002", "name": "วัดแม่หะ", "nameTh": "วัดแม่หะ", "nameEn": null, "cat": ["wat"], "province": "cr", "slug": "03570706002", "rank": 1}}, {"type": "Feature", "geometry": {"type": "Point", "coordinates": [99.51375, 19.23719]}, "properties": {"id": "cr-osm-node-2126897570", "name": "วัดแม่ห่าง", "nameTh": "วัดแม่ห่าง", "nameEn": "Wat Mae Hang", "cat": ["wat"], "province": "cr", "slug": "wat-mae-hang-2126897570", "rank": 2}}, {"type": "Feature", "geometry": {"type": "Point", "coordinates": [99.76429, 19.58743]}, "properties": {"id": "cr-onab-03570502005", "name": "วัดแม่อ้อนอก", "nameTh": "วัดแม่อ้อนอก", "nameEn": null, "cat": ["wat"], "province": "cr", "slug": "03570502005", "rank": 1}}, {"type": "Feature", "geometry": {"type": "Point", "coordinates": [99.76429, 19.58743]}, "properties": {"id": "cr-onab-03570502002", "name": "วัดแม่อ้อใน", "nameTh": "วัดแม่อ้อใน", "nameEn": null, "cat": ["wat"], "province": "cr", "slug": "03570502002", "rank": 1}}, {"type": "Feature", "geometry": {"type": "Point", "coordinates": [100.07273, 20.29545]}, "properties": {"id": "cr-onab-03570805001", "name": "วัดแม่เงิน", "nameTh": "วัดแม่เงิน", "nameEn": null, "cat": ["wat"], "province": "cr", "slug": "03570805001", "rank": 1}}, {"type": "Feature", "geometry": {"type": "Point", "coordinates": [99.50578, 19.18102]}, "properties": {"id": "cr-osm-way-551176156", "name": "วัดแม่เจดีย์", "nameTh": "วัดแม่เจดีย์", "nameEn": "Wat Mae Chedi", "cat": ["wat"], "province": "cr", "slug": "wat-mae-chedi-551176156", "rank": 2}}, {"type": "Feature", "geometry": {"type": "Point", "coordinates": [99.74362, 20.18]}, "properties": {"id": "cr-onab-03571802003", "name": "วัดแม่เลียบ", "nameTh": "วัดแม่เลียบ", "nameEn": null, "cat": ["wat"], "province": "cr", "slug": "03571802003", "rank": 1}}, {"type": "Feature", "geometry": {"type": "Point", "coordinates": [99.76429, 19.58743]}, "properties": {"id": "cr-onab-03570502001", "name": "วัดแม่แก้วเหนือ", "nameTh": "วัดแม่แก้วเหนือ", "nameEn": null, "cat": ["wat"], "province": "cr", "slug": "03570502001", "rank": 1}}, {"type": "Feature", "geometry": {"type": "Point", "coordinates": [99.76429, 19.58743]}, "properties": {"id": "cr-onab-03570502004", "name": "วัดแม่แก้วใต้", "nameTh": "วัดแม่แก้วใต้", "nameEn": null, "cat": ["wat"], "province": "cr", "slug": "03570502004", "rank": 1}}, {"type": "Feature", "geometry": {"type": "Point", "coordinates": [99.74362, 20.18]}, "properties": {"id": "cr-onab-03570706003", "name": "วัดแม่แพง", "nameTh": "วัดแม่แพง", "nameEn": null, "cat": ["wat"], "province": "cr", "slug": "03570706003", "rank": 1}}, {"type": "Feature", "geometry": {"type": "Point", "coordinates": [100.07273, 20.29545]}, "properties": {"id": "cr-onab-03570803008", "name": "วัดแม่แอบดอนแก้ว", "nameTh": "วัดแม่แอบดอนแก้ว", "nameEn": null, "cat": ["wat"], "province": "cr", "slug": "03570803008", "rank": 1}}, {"type": "Feature", "geometry": {"type": "Point", "coordinates": [99.85732, 19.96928]}, "properties": {"id": "cr-onab-03570105009", "name": "วัดแสงพระธาตุ", "nameTh": "วัดแสงพระธาตุ", "nameEn": null, "cat": ["wat"], "province": "cr", "slug": "03570105009", "rank": 1}}, {"type": "Feature", "geometry": {"type": "Point", "coordinates": [99.49297, 19.57909]}, "properties": {"id": "cr-onab-03571007008", "name": "วัดแสงแก้วโพธิญาณ", "nameTh": "วัดแสงแก้วโพธิญาณ", "nameEn": null, "cat": ["wat"], "province": "cr", "slug": "03571007008", "rank": 1}}, {"type": "Feature", "geometry": {"type": "Point", "coordinates": [99.74362, 20.18]}, "properties": {"id": "cr-onab-63157180001", "name": "วัดแสงแห่งธรรม", "nameTh": "วัดแสงแห่งธรรม", "nameEn": null, "cat": ["wat"], "province": "cr", "slug": "63157180001", "rank": 1}}, {"type": "Feature", "geometry": {"type": "Point", "coordinates": [100.07273, 20.29545]}, "properties": {"id": "cr-onab-03570806004", "name": "วัดโค้งงาม", "nameTh": "วัดโค้งงาม", "nameEn": null, "cat": ["wat"], "province": "cr", "slug": "03570806004", "rank": 1}}, {"type": "Feature", "geometry": {"type": "Point", "coordinates": [100.40969, 20.23271]}, "properties": {"id": "cr-onab-03570301012", "name": "วัดโจ้โก้", "nameTh": "วัดโจ้โก้", "nameEn": null, "cat": ["wat"], "province": "cr", "slug": "03570301012", "rank": 1}}, {"type": "Feature", "geometry": {"type": "Point", "coordinates": [99.77325, 20.24948]}, "properties": {"id": "cr-onab-03570703007", "name": "วัดโชติการาม", "nameTh": "วัดโชติการาม", "nameEn": null, "cat": ["wat"], "province": "cr", "slug": "03570703007", "rank": 1}}, {"type": "Feature", "geometry": {"type": "Point", "coordinates": [99.82783, 19.90127]}, "properties": {"id": "cr-onab-03570113014", "name": "วัดโป่งขาม", "nameTh": "วัดโป่งขาม", "nameEn": null, "cat": ["wat"], "province": "cr", "slug": "03570113014", "rank": 1}}, {"type": "Feature", "geometry": {"type": "Point", "coordinates": [99.76429, 19.58743]}, "properties": {"id": "cr-onab-03570502006", "name": "วัดโป่งทะลาย", "nameTh": "วัดโป่งทะลาย", "nameEn": null, "cat": ["wat"], "province": "cr", "slug": "03570502006", "rank": 1}}, {"type": "Feature", "geometry": {"type": "Point", "coordinates": [99.82783, 19.90127]}, "properties": {"id": "cr-onab-03570120004", "name": "วัดโป่งนาคำ", "nameTh": "วัดโป่งนาคำ", "nameEn": null, "cat": ["wat"], "province": "cr", "slug": "03570120004", "rank": 1}}, {"type": "Feature", "geometry": {"type": "Point", "coordinates": [99.48083, 19.12322]}, "properties": {"id": "cr-osm-way-251477455", "name": "วัดโป่งน้ำร้อน", "nameTh": "วัดโป่งน้ำร้อน", "nameEn": "Wat Pongnamron", "cat": ["wat"], "province": "cr", "slug": "wat-pongnamron-251477455", "rank": 2}}, {"type": "Feature", "geometry": {"type": "Point", "coordinates": [99.59469, 19.71451]}, "properties": {"id": "cr-osm-node-2138364962", "name": "วัดโป่งปูเฟือง (ม)", "nameTh": "วัดโป่งปูเฟือง (ม)", "nameEn": "Wat Pong Pu Fueang", "cat": ["wat"], "province": "cr", "slug": "wat-pong-pu-fueang-2138364962", "rank": 2}}, {"type": "Feature", "geometry": {"type": "Point", "coordinates": [99.88239, 20.42425]}, "properties": {"id": "cr-onab-03570909002", "name": "วัดโป่งผา", "nameTh": "วัดโป่งผา", "nameEn": null, "cat": ["wat"], "province": "cr", "slug": "03570909002", "rank": 1}}, {"type": "Feature", "geometry": {"type": "Point", "coordinates": [99.85732, 19.96928]}, "properties": {"id": "cr-onab-03570103005", "name": "วัดโป่งพระบาท", "nameTh": "วัดโป่งพระบาท", "nameEn": null, "cat": ["wat"], "province": "cr", "slug": "03570103005", "rank": 1}}, {"type": "Feature", "geometry": {"type": "Point", "coordinates": [99.7072, 19.8006]}, "properties": {"id": "cr-onab-03571604003", "name": "วัดโป่งมอญ", "nameTh": "วัดโป่งมอญ", "nameEn": null, "cat": ["wat"], "province": "cr", "slug": "03571604003", "rank": 1}}, {"type": "Feature", "geometry": {"type": "Point", "coordinates": [99.79312, 19.8389]}, "properties": {"id": "cr-osm-way-558431983", "name": "วัดโป่งสลี", "nameTh": "วัดโป่งสลี", "nameEn": "Wat Pong Sali", "cat": ["wat"], "province": "cr", "slug": "wat-pong-sali-558431983", "rank": 3}}, {"type": "Feature", "geometry": {"type": "Point", "coordinates": [99.50143, 19.42282]}, "properties": {"id": "cr-osm-node-2136718421", "name": "วัดโป่งเหนือ", "nameTh": "วัดโป่งเหนือ", "nameEn": "Wat Pong Nuea", "cat": ["wat"], "province": "cr", "slug": "wat-pong-nuea-2136718421", "rank": 2}}, {"type": "Feature", "geometry": {"type": "Point", "coordinates": [99.76429, 19.58743]}, "properties": {"id": "cr-onab-03570510006", "name": "วัดโป่งแดง", "nameTh": "วัดโป่งแดง", "nameEn": null, "cat": ["wat"], "province": "cr", "slug": "03570510006", "rank": 1}}, {"type": "Feature", "geometry": {"type": "Point", "coordinates": [99.82783, 19.90127]}, "properties": {"id": "cr-onab-03571605001", "name": "วัดโป่งแพร่", "nameTh": "วัดโป่งแพร่", "nameEn": null, "cat": ["wat"], "province": "cr", "slug": "03571605001", "rank": 1}}, {"type": "Feature", "geometry": {"type": "Point", "coordinates": [99.74362, 20.18]}, "properties": {"id": "cr-onab-03570705006", "name": "วัดโพธนาราม(โคธนาราม)", "nameTh": "วัดโพธนาราม(โคธนาราม)", "nameEn": null, "cat": ["wat"], "province": "cr", "slug": "03570705006", "rank": 1}}, {"type": "Feature", "geometry": {"type": "Point", "coordinates": [99.74362, 20.18]}, "properties": {"id": "cr-onab-03571801012", "name": "วัดโพธิ์ทองนิมิต", "nameTh": "วัดโพธิ์ทองนิมิต", "nameEn": null, "cat": ["wat"], "province": "cr", "slug": "03571801012", "rank": 1}}, {"type": "Feature", "geometry": {"type": "Point", "coordinates": [100.19503, 19.68562]}, "properties": {"id": "cr-onab-03570401011", "name": "วัดโพธิ์ศรีพัฒนา", "nameTh": "วัดโพธิ์ศรีพัฒนา", "nameEn": null, "cat": ["wat"], "province": "cr", "slug": "03570401011", "rank": 1}}, {"type": "Feature", "geometry": {"type": "Point", "coordinates": [100.19503, 19.68562]}, "properties": {"id": "cr-onab-03570401010", "name": "วัดโพธิ์สว่าง", "nameTh": "วัดโพธิ์สว่าง", "nameEn": null, "cat": ["wat"], "province": "cr", "slug": "03570401010", "rank": 1}}, {"type": "Feature", "geometry": {"type": "Point", "coordinates": [100.01832, 20.28408]}, "properties": {"id": "cr-onab-03570802011", "name": "วัดโพธิ์สิตาราม", "nameTh": "วัดโพธิ์สิตาราม", "nameEn": null, "cat": ["wat"], "province": "cr", "slug": "03570802011", "rank": 1}}, {"type": "Feature", "geometry": {"type": "Point", "coordinates": [100.3753, 20.10727]}, "properties": {"id": "cr-onab-03571304004", "name": "วัดโล๊ะ", "nameTh": "วัดโล๊ะ", "nameEn": null, "cat": ["wat"], "province": "cr", "slug": "03571304004", "rank": 1}}, {"type": "Feature", "geometry": {"type": "Point", "coordinates": [99.85732, 19.96928]}, "properties": {"id": "cr-onab-03570105003", "name": "วัดโล๊ะป่าห้า", "nameTh": "วัดโล๊ะป่าห้า", "nameEn": null, "cat": ["wat"], "province": "cr", "slug": "03570105003", "rank": 1}}, {"type": "Feature", "geometry": {"type": "Point", "coordinates": [99.84024, 19.93774]}, "properties": {"id": "cr-onab-03570114009", "name": "วัดโสภาสิทธาราม", "nameTh": "วัดโสภาสิทธาราม", "nameEn": null, "cat": ["wat"], "province": "cr", "slug": "03570114009", "rank": 1}}, {"type": "Feature", "geometry": {"type": "Point", "coordinates": [100.40969, 20.23271]}, "properties": {"id": "cr-onab-03570302005", "name": "วัดใหม่ทุ่งหมด", "nameTh": "วัดใหม่ทุ่งหมด", "nameEn": null, "cat": ["wat"], "province": "cr", "slug": "03570302005", "rank": 1}}, {"type": "Feature", "geometry": {"type": "Point", "coordinates": [99.04659, 18.78938]}, "properties": {"id": "cr-onab-03570511010", "name": "วัดใหม่พัฒนา(บ้านใหม่พัฒนา)", "nameTh": "วัดใหม่พัฒนา(บ้านใหม่พัฒนา)", "nameEn": null, "cat": ["wat"], "province": "cr", "slug": "03570511010", "rank": 1}}, {"type": "Feature", "geometry": {"type": "Point", "coordinates": [99.50605, 19.70424]}, "properties": {"id": "cr-onab-63157100001", "name": "วัดใหม่สันติธรรม", "nameTh": "วัดใหม่สันติธรรม", "nameEn": null, "cat": ["wat"], "province": "cr", "slug": "63157100001", "rank": 1}}, {"type": "Feature", "geometry": {"type": "Point", "coordinates": [99.76429, 19.58743]}, "properties": {"id": "cr-onab-03570502013", "name": "วัดใหม่สามัคคี", "nameTh": "วัดใหม่สามัคคี", "nameEn": null, "cat": ["wat"], "province": "cr", "slug": "03570502013", "rank": 1}}, {"type": "Feature", "geometry": {"type": "Point", "coordinates": [100.40969, 20.23271]}, "properties": {"id": "cr-onab-03570310005", "name": "วัดใหม่เจริญ", "nameTh": "วัดใหม่เจริญ", "nameEn": null, "cat": ["wat"], "province": "cr", "slug": "03570310005", "rank": 1}}, {"type": "Feature", "geometry": {"type": "Point", "coordinates": [99.76429, 19.58743]}, "properties": {"id": "cr-onab-03570513014", "name": "วัดใหม่เจริญ", "nameTh": "วัดใหม่เจริญ", "nameEn": null, "cat": ["wat"], "province": "cr", "slug": "03570513014", "rank": 1}}, {"type": "Feature", "geometry": {"type": "Point", "coordinates": [98.98088, 18.74611]}, "properties": {"id": "cr-onab-03570601005", "name": "วัดใหม่ใต้", "nameTh": "วัดใหม่ใต้", "nameEn": null, "cat": ["wat"], "province": "cr", "slug": "03570601005", "rank": 1}}, {"type": "Feature", "geometry": {"type": "Point", "coordinates": [99.90645, 19.88103]}, "properties": {"id": "cr-osm-way-501699876", "name": "วัดไชยนารายณ์", "nameTh": "วัดไชยนารายณ์", "nameEn": "Chai Narai Temple", "cat": ["wat"], "province": "cr", "slug": "chai-narai-temple-501699876", "rank": 2}}, {"type": "Feature", "geometry": {"type": "Point", "coordinates": [100.07273, 20.29545]}, "properties": {"id": "cr-onab-03570804003", "name": "วัดไชยสถาน", "nameTh": "วัดไชยสถาน", "nameEn": null, "cat": ["wat"], "province": "cr", "slug": "03570804003", "rank": 1}}, {"type": "Feature", "geometry": {"type": "Point", "coordinates": [99.7072, 19.8006]}, "properties": {"id": "cr-onab-03570503005", "name": "วัดไตรมัคคาราม", "nameTh": "วัดไตรมัคคาราม", "nameEn": null, "cat": ["wat"], "province": "cr", "slug": "03570503005", "rank": 1}}, {"type": "Feature", "geometry": {"type": "Point", "coordinates": [99.74362, 20.18]}, "properties": {"id": "cr-onab-03570706005", "name": "วัดไพรสณฑ์คีรี", "nameTh": "วัดไพรสณฑ์คีรี", "nameEn": null, "cat": ["wat"], "province": "cr", "slug": "03570706005", "rank": 1}}, {"type": "Feature", "geometry": {"type": "Point", "coordinates": [99.5284, 19.64115]}, "properties": {"id": "cr-osm-way-315250004", "name": "ศาลสมเด็จพระนเรศวรมหาราช", "nameTh": "ศาลสมเด็จพระนเรศวรมหาราช", "nameEn": "King Naresuan Shrine", "cat": ["wat"], "province": "cr", "slug": "king-naresuan-shrine-315250004", "rank": 2}}, {"type": "Feature", "geometry": {"type": "Point", "coordinates": [99.88424, 20.42837]}, "properties": {"id": "cr-osm-way-376095627", "name": "ศาลหลักเมืองแม่สาย", "nameTh": "ศาลหลักเมืองแม่สาย", "nameEn": "Mae Sai City Pillar Shrine", "cat": ["wat"], "province": "cr", "slug": "mae-sai-city-pillar-shrine-376095627", "rank": 2}}, {"type": "Feature", "geometry": {"type": "Point", "coordinates": [99.86875, 20.32694]}, "properties": {"id": "cr-osm-way-551266015", "name": "ศาลเจ้าจีน บ้านถ้ำปลา", "nameTh": "ศาลเจ้าจีน บ้านถ้ำปลา", "nameEn": "Chinese shrine", "cat": ["wat"], "province": "cr", "slug": "chinese-shrine-551266015", "rank": 2}}, {"type": "Feature", "geometry": {"type": "Point", "coordinates": [100.04836, 20.3709]}, "properties": {"id": "cr-osm-way-374834904", "name": "ศาลเจ้าปู่ พญาแสนภู", "nameTh": "ศาลเจ้าปู่ พญาแสนภู", "nameEn": "Phaya Saen Phu Shrine", "cat": ["wat"], "province": "cr", "slug": "phaya-saen-phu-shrine-374834904", "rank": 2}}, {"type": "Feature", "geometry": {"type": "Point", "coordinates": [99.8728, 20.43641]}, "properties": {"id": "cr-osm-node-13844545401", "name": "สวนปฏิบัติธรรมดอยช้าง-งู", "nameTh": "สวนปฏิบัติธรรมดอยช้าง-งู", "nameEn": null, "cat": ["wat"], "province": "cr", "slug": "13844545401", "rank": 1}}, {"type": "Feature", "geometry": {"type": "Point", "coordinates": [99.50512, 19.18536]}, "properties": {"id": "cr-osm-node-4516157248", "name": "อนุสาวรีย์ครูบาศรีวิชัย", "nameTh": "อนุสาวรีย์ครูบาศรีวิชัย", "nameEn": "Golden monk", "cat": ["wat"], "province": "cr", "slug": "golden-monk-4516157248", "rank": 2}}, {"type": "Feature", "geometry": {"type": "Point", "coordinates": [99.7303, 19.88035]}, "properties": {"id": "cr-osm-node-3752947149", "name": "อาศรมไผ่มรกต", "nameTh": "อาศรมไผ่มรกต", "nameEn": "Phai Morakot Ashram", "cat": ["wat"], "province": "cr", "slug": "phai-morakot-ashram-3752947149", "rank": 2}}, {"type": "Feature", "geometry": {"type": "Point", "coordinates": [99.72997, 19.91078]}, "properties": {"id": "cr-osm-node-3758551067", "name": "อุโบสถพุทธบูชามหาปรินิพพาน", "nameTh": "อุโบสถพุทธบูชามหาปรินิพพาน", "nameEn": "Ubosot Phuttha Bucha Maha Parinipphan", "cat": ["wat"], "province": "cr", "slug": "ubosot-phuttha-bucha-maha-parinipphan-3758551067", "rank": 2}}, {"type": "Feature", "geometry": {"type": "Point", "coordinates": [99.80664, 19.9493]}, "properties": {"id": "cr-osm-node-13518302123", "name": "อุโบสถวัดห้วยปลากั้ง", "nameTh": "อุโบสถวัดห้วยปลากั้ง", "nameEn": null, "cat": ["wat"], "province": "cr", "slug": "13518302123", "rank": 2}}, {"type": "Feature", "geometry": {"type": "Point", "coordinates": [99.84136, 19.92326]}, "properties": {"id": "cr-osm-way-964917564", "name": "เจดีย์", "nameTh": "เจดีย์", "nameEn": "Stupa", "cat": ["wat"], "province": "cr", "slug": "stupa-964917564", "rank": 2}}, {"type": "Feature", "geometry": {"type": "Point", "coordinates": [99.85115, 19.92615]}, "properties": {"id": "cr-osm-way-967447590", "name": "เจดีย์", "nameTh": "เจดีย์", "nameEn": "Stupa", "cat": ["wat"], "province": "cr", "slug": "stupa-967447590", "rank": 2}}, {"type": "Feature", "geometry": {"type": "Point", "coordinates": [100.10077, 20.24508]}, "properties": {"id": "cr-osm-node-1226383329", "name": "เจดีย์ พระบรมธาตุพุทธนิมิต", "nameTh": "เจดีย์ พระบรมธาตุพุทธนิมิต", "nameEn": "Phra Bhoromtharth Buddha Nimit Chedi", "cat": ["wat"], "province": "cr", "slug": "phra-bhoromtharth-buddha-nimit-chedi-1226383329", "rank": 2}}, {"type": "Feature", "geometry": {"type": "Point", "coordinates": [99.86755, 20.41989]}, "properties": {"id": "cr-osm-node-3730218855", "name": "เจดีย์วัดผาแตก", "nameTh": "เจดีย์วัดผาแตก", "nameEn": "Pha Teak Temple Chedi", "cat": ["wat"], "province": "cr", "slug": "pha-teak-temple-chedi-3730218855", "rank": 2}}, {"type": "Feature", "geometry": {"type": "Point", "coordinates": [99.80642, 19.9498]}, "properties": {"id": "cr-osm-node-13518302225", "name": "เจดีย์วัดห้วยปลสกั้ง", "nameTh": "เจดีย์วัดห้วยปลสกั้ง", "nameEn": null, "cat": ["wat"], "province": "cr", "slug": "13518302225", "rank": 1}}, {"type": "Feature", "geometry": {"type": "Point", "coordinates": [99.82272, 19.91504]}, "properties": {"id": "cr-osm-node-2622028414", "name": "เสาสะดือเมืองเชียงราย", "nameTh": "เสาสะดือเมืองเชียงราย", "nameEn": "The Navel City Pillar of Chiang Rai", "cat": ["sights", "wat"], "province": "cr", "slug": "the-navel-city-pillar-of-chiang-rai-2622028414", "rank": 2}}]}